close,high,low,open,volume
14.039139747619629,14.043279170618094,13.8238534271177,13.910795524052235,4365400
14.146785736083984,14.157136665221742,13.993601776691479,14.039143337969534,4958000
14.469715118408203,14.573218085522239,14.117804082622515,14.14678478706805,7761200
14.169548034667969,14.469707427353516,14.076396045510204,14.438656237857893,8403400
14.086751937866211,14.188184385293964,13.993598336517342,14.171623534476876,6096400
14.30824089050293,14.326870653677611,14.09088417749185,14.107445019866358,5208400
14.202680587768555,14.270992941042916,14.086757742937138,14.179909803343769,5611000
14.113664627075195,14.25856814897671,14.03293243925436,14.237867871466484,6636200
14.179902076721191,14.186112000120474,13.983247132206474,14.124011186798198,5158800
14.107454299926758,14.221306612655063,14.055702817960283,14.217167189002899,4651400
14.142640113830566,14.283404160030125,14.138500691587648,14.210952425808886,4782400
14.099173545837402,14.242008138133084,14.039141638630955,14.142644600160033,5004200
13.838343620300293,14.101241988628118,13.832133696207919,14.101241988628118,6352200
13.600289344787598,13.782455578988559,13.587869494030242,13.74519444738654,8907600
13.44917106628418,13.563023342443286,13.382929253817071,13.54853299532015,8201400
13.153154373168945,13.449172857535372,13.097262688393661,13.420192159429254,7238600
12.803315162658691,13.175926430790662,12.691532571883975,13.134525091035457,9717000
13.031017303466797,13.124170085950789,12.85506187218268,12.879903140621467,7359800
13.517488479614258,13.60028959194128,13.175928363610348,13.242170201069955,9937800
13.289777755737305,13.608567021841013,13.15315468702408,13.554746626548038,7353600
13.331183433532715,13.428476482270607,12.857139620729619,12.886120327247708,16914200
13.58993911743164,13.602358967386438,13.30013051029085,13.333252215943444,7417600
13.552674293518066,13.666526572168374,13.298056383549502,13.413980742400522,7440600
13.469873428344727,13.652038046085977,13.358090056322947,13.620988425521288,7341200
13.3829345703125,13.469876687589887,13.159367772173495,13.469876687589887,5751000
13.190422058105469,13.428479264684421,13.093128989208214,13.372586762439862,5593400
13.442963600158691,13.442963600158691,13.196626074711906,13.217326348767088,5413200
13.358089447021484,13.60442695446273,13.248376581151552,13.476082737774183,6424000
13.201136589050293,13.414597505579048,13.173930472894686,13.358093661884643,4477600
13.184391975402832,13.299493650443765,13.021156901647503,13.163464688422598,4877000
13.33716869354248,13.410415823663715,13.140449403629301,13.194860850345664,4650600
13.393669128417969,13.554811007593344,13.358092577991556,13.460637410194067,5383600
13.479475975036621,13.502494879864058,13.395765205722777,13.395765205722777,4265800
13.289027214050293,13.655260247508373,13.289027214050293,13.602941242728647,6267600
13.404134750366211,13.582019114798136,13.28693984778491,13.41459759730343,6524600
13.479475975036621,13.538073034561275,13.38739396912638,13.42924855545824,6730000
13.433430671691895,13.592479326157463,13.31832820115138,13.481563270900029,6954400
13.410405158996582,13.548526475306332,13.3413437025172,13.376920235861483,5161200
13.427153587341309,13.548532496022036,13.34762765788011,13.548532496022036,7460200
13.429247856140137,13.54435035753406,13.40832056406398,13.427156244587549,6425400
13.506675720214844,13.613406946941934,13.469005969408192,13.504582512767401,5016800
13.529701232910156,13.588298289987561,13.494124676348882,13.540164080731088,4415000
13.8017578125,13.8017578125,13.52551343124801,13.561091580815608,7056600
13.682466506958008,13.818496248177443,13.607127007102612,13.803846989686084,7427800
13.657358169555664,13.753624979985677,13.4501736895162,13.56109135912565,7612600
13.372733116149902,13.688740238065986,13.347619428122892,13.644790884856532,6945000
13.339263916015625,13.531798414602125,13.299500931329957,13.508777907326268,5840000
13.19486141204834,13.339262469915107,12.912338922150605,13.339262469915107,9503600
13.322518348693848,13.425064003232206,13.253457641208893,13.425064003232206,7102200
13.433430671691895,13.44598672424191,13.215783379810492,13.355997955451038,6675400
13.54224967956543,13.63433162988911,13.309953193357352,13.309953193357352,8107800
13.734785079956055,13.770363218006677,13.406221781366487,13.542251518273497,8186800
13.776647567749023,13.833151418463585,13.678287534421722,13.749440649888214,8531000
13.77037239074707,13.904309009539894,13.674103949129943,13.776650420276352,8258200
13.81221866607666,13.948248411663371,13.741065578734077,13.948248411663371,10628400
13.598753929138184,13.79547226528536,13.540155313353873,13.718041174277596,6352800
13.816405296325684,13.864539494454936,13.625964904848365,13.651078607783152,6984200
13.77037239074707,13.887566533028181,13.728516199467789,13.864546026987185,7280200
13.644798278808594,13.787106061445721,13.561089133321722,13.644798278808594,6797800
13.655265808105469,13.759903860274859,13.592482338143848,13.602946782020773,5516600
13.529701232910156,13.646895347064966,13.4564549115634,13.561092969673068,7507400
13.705484390258789,13.753618571370199,13.550620601870595,13.563176650573952,5577200
13.619682312011719,13.801751408135207,13.579919361525368,13.782917334735874,5068000
13.477384567260742,13.663640215625895,13.435528378686906,13.550630901452038,7024000
13.590386390686035,13.59247800147412,13.458541465161648,13.55062343262002,5475400
13.477384567260742,13.7724631126172,13.456457271298992,13.759907054370217,7616800
13.435518264770508,13.510857750839431,13.370643217130267,13.414590984562283,5433800
13.435518264770508,13.659443515961712,13.391571295663061,13.529693420681228,5547800
13.410405158996582,13.450166509408245,13.307859577706608,13.425054413705935,3973200
13.301591873168945,13.431342857680368,13.236715981750672,13.385301850975456,5350200
13.376921653747559,13.481559654662323,13.280654884503878,13.30367537243706,4464400
13.399946212768555,13.427153123127704,13.257638424423446,13.362276457128683,5741600
13.289027214050293,13.477375950587168,13.245079441633242,13.477375950587168,5730800
13.404134750366211,13.410412777858527,13.27856861224518,13.27856861224518,4547800
13.535970687866211,13.535970687866211,13.38319931558352,13.483651691947843,5413200
13.636428833007812,13.678283406338803,13.383204193736367,13.535975621703958,6737200
13.577835083007812,13.609226822631785,13.376930184724674,13.582021499837783,7571400
13.410405158996582,13.561084119806502,13.39575590428723,13.425054413705935,5867600
13.268098831176758,13.341345112464372,13.083935726093422,13.330881472041083,6911400
13.35180950164795,13.498302870763018,13.184388850512716,13.274377600183774,4992200
13.22624683380127,13.35390535506525,13.180205846243823,13.238802886171632,7211200
13.14462947845459,13.25554553363005,13.102774107227592,13.184391642041595,9707600
13.184391975402832,13.270195129341507,13.002322024035362,13.215783704198007,9569800
13.676187515258789,13.728506519981774,13.353903052891932,13.372737926525193,11495000
14.05916690826416,14.10520790064041,13.761995262298962,13.8122210736868,11924200
14.05916690826416,14.230773227434884,14.002663070034062,14.063351727275748,9196600
13.948246002197266,14.057068821878534,13.885462562264362,14.057068821878534,6732600
14.092647552490234,14.153337794763486,13.887557930538723,13.950341380241932,5285000
14.136594772338867,14.163800078187318,13.979637768634065,14.09264540625022,5748600
14.28308391571045,14.354236973954054,14.073807960901505,14.147054225754871,5910200
14.366806030273438,14.498649411748804,14.23286944052542,14.283095262518403,6031000
14.19310188293457,14.471439417254691,14.117762375950935,14.471439417254691,11070600
14.195219993591309,14.300949329017943,14.125439858318966,14.193106568459946,6373200
14.23116397857666,14.319976200596413,14.161382255574983,14.197329829254258,5445600
14.021821022033691,14.188873530744447,14.02182102203369,14.136008874062611,4363400
14.097943305969238,14.150807951586314,13.998557514080986,14.083141269728497,5119200
14.315749168395996,14.328437783739648,13.979530707864715,14.097947029062945,9603800
14.262885093688965,14.358042452812223,14.193104966293642,14.262885093688965,6927000
14.470114707946777,14.586417604529615,14.214249948765918,14.262884532208645,8032400
14.939550399780273,15.098144349643544,14.446851475012787,14.484914087512015,13054800
14.931097030639648,15.066430452304992,14.641398067820772,14.641398067820772,9311600
14.838048934936523,15.007216452961833,14.783070862884163,14.981840841267731,6113600
15.00087833404541,15.098149127144776,14.869773379884561,14.87611688175819,7450200
15.241938591003418,15.394189064264038,15.019906381948124,15.119292197176659,8439800
15.423788070678711,15.43647506817712,15.214442932150142,15.241933577797765,6333600
15.601412773132324,15.631016843368561,15.35612167498909,15.430131850579686,6594400
15.705029487609863,15.724061600496693,15.499916001103248,15.601415225496057,5519600
15.702925682067871,15.825570518893917,15.548560099899438,15.711384224832095,8110000
15.565460205078125,15.658502460682767,15.493563476665361,15.616209792998697,5054400
15.696578025817871,15.743097578761319,15.616222697466656,15.67966094476481,5235200
15.988382339477539,16.01375794824163,15.753663201637398,15.802299381776699,5453600
15.99050235748291,16.11949225226751,15.81499130545779,16.01164789805551,5044200
15.869973182678223,16.005306596904024,15.711379186635343,15.99050455513875,4871600
15.846715927124023,15.876320016868538,15.686006859009593,15.764247160935463,7794400
15.713485717773438,15.84670564851554,15.5527783672001,15.84670564851554,6658800
15.688119888305664,15.785390686907096,15.576047046727961,15.713493897235445,5370000
15.590846061706543,15.707147344417699,15.389959387985026,15.688116841416399,4667400
15.605650901794434,15.79596241915888,15.588733820557076,15.679661115580792,5976000
15.56757926940918,15.616213833203135,15.389953245781559,15.552777235215272,5670600
15.607756614685059,15.647934259445318,15.506257404018223,15.567580583225666,5886400
15.521063804626465,15.753667975565149,15.499918264232278,15.54220934502065,4846400
15.474539756774902,15.54220644137538,15.404758034539748,15.43647714585582,4273400
15.305368423461914,15.499911504833024,15.267305822030675,15.394182235668545,5176600
15.267315864562988,15.40476432754776,15.182733684235444,15.299034988836654,4754600
15.320174217224121,15.362466903251779,15.028361943487827,15.267309569665306,6531600
15.362469673156738,15.36246967315674,15.151011044794778,15.320176979503564,5998200
15.210212707519531,15.330744009684334,15.14043100276606,15.330744009684334,3432400
15.499918937683105,15.527407980059778,15.256741179330918,15.27788672064385,6024800
15.535860061645508,15.559120631411714,15.373036073282059,15.447047857065836,4588400
15.394186973571777,15.53586385066424,15.354009322667512,15.527405312931705,4188400
15.239814758300781,15.394180180525206,15.123511932426187,15.394180180525206,5520800
15.43647575378418,15.44493429025907,15.233475718289423,15.292683860312785,3591600
15.265206336975098,15.531643176978218,15.237715669378046,15.478778494124919,4050600
15.089685440063477,15.275768422527335,15.047394366462932,15.267309885147016,5802200
15.110838890075684,15.172162108220817,15.043172168898622,15.093921806455946,5281400
15.119295120239258,15.203878912103722,14.992420239093383,15.110836579722648,6226600
15.381501197814941,15.4174503931352,15.129866510381596,15.203876712567874,6720200
15.246163368225098,15.394185342913287,15.163694650694925,15.373038194171444,5458000
15.341323852539062,15.42590601169663,15.186958346804083,15.368812892935145,5574000
15.22925090789795,15.411105471719985,15.129866699889496,15.351897309229356,3897800
15.18272590637207,15.392069438052305,15.140433224572474,15.277881617144672,4788800
15.379390716552734,15.39419275982307,15.12141086529681,15.161586918001028,4641400
15.34766674041748,15.432250509499466,15.246165894858859,15.351895202886036,4955200
15.18272590637207,15.318059261529076,15.119287690323102,15.277881617144672,4335200
15.18272590637207,15.288455190919784,15.123516151852636,15.246162509120188,3954000
15.248279571533203,15.48934224325146,15.129863273370146,15.330748295368341,4655400
15.024144172668457,15.3201851190188,15.019914094405076,15.286352559422543,5718800
14.943785667419434,15.077005678486518,14.812682308339852,15.015682463016272,6778200
14.971271514892578,15.098146369093099,14.880344240276967,14.960697938166993,5414000
14.988192558288574,15.11506907301935,14.907838830487398,14.960703507191255,6050600
15.279998779296875,15.324404891385637,14.960695843838357,14.998758456100306,4744000
15.394186973571777,15.423791048985095,15.21656090779076,15.385728435839242,4419000
15.478772163391113,15.599303526467876,15.415335537893645,15.444939619119415,4209200
15.628905296325684,15.641592295578983,15.428018666109322,15.510487387857811,5305600
15.487223625183105,15.709255746210001,15.442817523637865,15.700797210682238,4291000
15.698680877685547,15.700795914718084,15.487222346847593,15.588723151502057,5972400
15.551329612731934,15.632481254651752,15.508618565262982,15.600448783711048,3850400
15.500080108642578,15.611129838877028,15.48299503343037,15.600452888861236,4823000
15.39756965637207,15.542789521654822,15.301468969792987,15.500078467469068,5252600
15.504345893859863,15.544922527939137,15.352719562987255,15.397566649922368,4069200
15.542787551879883,15.621804784363988,15.442414795009338,15.519295986258177,4073000
15.335637092590332,15.589772257625144,15.27797700799131,15.589772257625144,3748800
15.45096206665039,15.489402674057608,15.333505831861304,15.37621689372596,3327800
15.418923377990723,15.493670158046756,15.26943307652283,15.418923377990723,4544600
15.43814754486084,15.525705701807823,15.408249478652365,15.408249478652365,3284400
15.62606430053711,15.634606830177024,15.350573829603391,15.450946516221212,5356600
15.562015533447266,15.677337371223736,15.525709333710436,15.626082134885667,3713000
15.741398811340332,15.754211801562304,15.489399684600576,15.585501999232141,7746200
15.790519714355469,15.922924972639189,15.73072358102444,15.781977176833545,5783000
15.739263534545898,15.83536585384654,15.700822932690107,15.790518756568508,4810600
15.594038963317871,15.726445802978859,15.465904205532121,15.707226322505827,6334000
15.807602882385254,15.807602882385254,15.585503428006605,15.589773882031333,5088400
15.679471015930176,15.801199344954645,15.617538830381205,15.801199344954645,4188400
15.58763313293457,15.771293557658518,15.519294483920211,15.72858251302026,7344000
15.696553230285645,15.781976975090458,15.641027551764155,15.717908759156245,4241200
15.579089164733887,15.6986830114968,15.461632988124691,15.653835929956369,5623400
15.536386489868164,15.621810246604818,15.43601369790179,15.495809838820659,3976600
15.589768409729004,15.632479452273502,15.472310598748889,15.574819381906247,3945600
15.433877944946289,15.611131958362781,15.433877944946289,15.594046880830973,5089800
15.429605484008789,15.472316542962181,15.382622341566579,15.433875938175143,5190200
15.453092575073242,15.508618239072636,15.365532811484893,15.429601010662807,4094000
15.418923377990723,15.453093520796005,15.273703529712447,15.376212328806208,4282600
15.487264633178711,15.547062393122546,15.380485362976833,15.450960072347439,3701000
15.44668960571289,15.7157721932878,15.43387498536002,15.594043890530857,5154400
15.32495403289795,15.564138441719237,15.32495403289795,15.461631303459137,4382800
15.265168190002441,15.356998445626289,15.230998034736507,15.280117225600616,5081800
15.312156677246094,15.397580474960014,15.19256433804066,15.282258592444736,4338200
15.258757591247559,15.333504386448555,15.09858868036957,15.269436170368392,4992200
15.617538452148438,15.623946578213657,15.284387586954649,15.290794083697197,5577000
15.54705810546875,15.621803248131963,15.408244766624547,15.525700953860479,4880600
15.60686206817627,15.75208197380422,15.568421457000555,15.675200751452792,5109400
15.739263534545898,15.779840177983214,15.653841423152885,15.739263534545898,3197000
15.799066543579102,15.82042207852377,15.60045697288024,15.664523577714238,4397000
15.666662216186523,15.83964419602355,15.64317063505765,15.835373740056093,3736600
15.702961921691895,15.816147706922525,15.621810248907561,15.690148928442431,5623600
15.760622024536133,15.83536719298712,15.709366798179051,15.713638881703377,3767200
15.899431228637695,15.99980399414822,15.803330545965439,15.835364649963594,3576600
16.01475715637207,16.016893198342185,15.80760507698189,15.901571371795407,4280200
15.803337097167969,16.016895706589157,15.760626027012885,16.016895706589157,5587200
15.852455139160156,15.961368848916571,15.809742442794414,15.814014527092372,4157600
15.745670318603516,15.935737270117423,15.700821595821854,15.920788238964269,3698400
15.869532585144043,15.884481615886335,15.677331226835186,15.717906236380179,4055000
15.860991477966309,15.942144763011427,15.773433326965677,15.871670056310867,5703000
15.69442081451416,15.860996259240464,15.643167207519019,15.860996259240464,4113200
15.762755393981934,15.796925542625676,15.551332894546464,15.694416726016813,5432800
15.615398406982422,15.71790557653422,15.495804536742545,15.696550051987769,4448400
15.553466796875,15.660246052716259,15.497941127627346,15.615398960781587,3825800
15.673051834106445,15.692272938565733,15.555594054970221,15.579085610797467,4341600
15.611126899719238,15.717906155708183,15.585500921048064,15.670923022381505,5584000
15.32495403289795,15.589766040945054,15.162649163110943,15.250208905141298,10220200
15.86740493774414,16.01262485371773,15.559880026429987,15.58977810066077,10454800
15.788381576538086,16.016889129614363,15.7712965037625,15.920788446565565,8630400
15.78411865234375,15.843914806260043,15.68588025168356,15.756354988509047,5056600
15.73286247253418,15.814015787435451,15.6752023644985,15.784117712258002,3871000
15.835367202758789,15.869535724362123,15.6239446892034,15.711502849636451,3762400
15.920791625976562,15.989130301404053,15.835367874361564,15.963502687122789,3685000
15.762755393981934,15.957094448417896,15.749942402901713,15.927196383015804,3618200
15.835367202758789,15.867401311921116,15.715773303840939,15.762756446702687,2362000
15.954951286315918,16.012612979088,15.83535907807995,15.83535907807995,3702400
16.17706298828125,16.19841852114711,15.965640443060607,15.974182982071495,6320400
16.015331268310547,16.161964237775734,15.95926693085097,16.0649284154845,7216200
15.870855331420898,16.015331475878796,15.799694850057378,16.015331475878796,4356200
15.9031982421875,15.974358710520347,15.844977087754819,15.913980729574874,5721000
16.000234603881836,16.05198857092747,15.77381716746963,15.77381716746963,4635200
15.95710277557373,16.11883016856941,15.340382185336116,15.519360895093604,4330000
15.844989776611328,16.064938546932662,15.827738441047092,15.972214674747278,4276200
15.961419105529785,16.07355104967778,15.913980439349622,15.935543768554526,4727600
16.08001708984375,16.131769399978303,15.933384173482285,15.963573158158798,4382800
16.226659774780273,16.27625693385029,16.103746935981057,16.108058945598017,5423600
16.194307327270508,16.274093456589117,16.179212832013107,16.274093456589117,1973000
16.323688507080078,16.522075411733127,16.226652703799076,16.522075411733127,6428800
16.31075668334961,16.48326666786112,16.297819010323245,16.30213101960632,5209600
16.409942626953125,16.621267189160186,16.403473793089642,16.409942626953125,5232800
16.73771858215332,16.78731409395992,16.41210675633064,16.41210675633064,5345200
16.819652557373047,16.8519983720956,16.720459932019974,16.733397599838405,5863400
16.951190948486328,16.959816608732524,16.757117705888064,16.817495682434974,7362400
17.00942039489746,17.214276224014515,16.99863954821379,17.110769895752167,5398600
16.966289520263672,17.041762009086202,16.925318035541355,17.035293173640966,6390600
17.143112182617188,17.192709331677452,16.95982137510887,17.002948043283673,5451600
17.304838180541992,17.347964845039602,17.110764899949153,17.222896859925815,4521600
17.024507522583008,17.41265402897759,17.024507522583008,17.30699256424995,6465200
17.40186882019043,17.453622776399932,17.059007497478095,17.059007497478095,5588800
17.639074325561523,17.7231724669342,17.455781901628406,17.50969105097893,5529600
18.01643943786621,18.1415074214311,17.792177165867052,17.84392949165862,8533000
17.9560604095459,18.04447221237721,17.932341895191247,18.038003377082596,8155400
17.973308563232422,17.99271671086944,17.83961493692278,17.945276400175104,4186400
17.936655044555664,18.027222034794644,17.871963397141002,17.97331287700807,3513600
17.973308563232422,18.165224987276588,17.928025078981427,17.936650739578266,2069600
18.081140518188477,18.167395544169647,18.074671679146,18.081140518188477,1484400
18.436933517456055,18.469279343890516,17.930187720573088,18.17817019633452,5595800
18.557680130004883,18.70215786232615,18.42182970189219,18.426141708820236,5159400
18.628856658935547,18.758238365718164,18.553384133743826,18.64179433606051,5382200
18.52102279663086,18.749597008839483,18.44123668238055,18.64824921420967,4864400
18.878984451293945,18.898390955057355,18.641782881896823,18.663347857425034,4926400
18.775484085083008,18.820767586658956,18.58787959697365,18.678448245302715,7413600
18.536128997802734,18.730202340748175,18.428310656741637,18.728045513277305,8500200
18.55552864074707,18.55552864074707,18.348516073138473,18.436927861927202,6397400
18.35499382019043,18.523190158439785,18.18464065460584,18.523190158439785,8581800
18.264427185058594,18.473595039878898,18.227769342199494,18.398122526587397,6554200
18.264427185058594,18.357151028581697,18.178173824255396,18.296773017948496,5363400
18.45849609375,18.512405253863275,18.182481457198353,18.26442278830681,4140000
18.20620346069336,18.523189617448686,18.204046633421118,18.518875962904204,6490400
18.26872444152832,18.31400790885512,18.111309073527224,18.208346485092587,6196000
18.551223754882812,18.607289753655323,18.333430242294387,18.339900724795996,4270200
18.71294593811035,18.788418427356476,18.574938630581187,18.587876301544274,5420800
18.7927303314209,18.96523862718243,18.69569287270186,18.885454136769283,6254600
18.738821029663086,18.838013669092156,18.682755052533018,18.797042188284408,4802400
18.8897705078125,18.89408416217945,18.624538345443607,18.728043017770993,5293800
18.911334991455078,19.08815699215439,18.868208316231716,18.891928481157723,5513600
18.702165603637695,19.01268123145093,18.633161947992875,18.911331752340146,5539000
18.827234268188477,18.932897404947905,18.609442449135653,18.7927332617272,5505600
18.620214462280273,18.827225338393152,18.501615355173794,18.827225338393152,5792200
18.585725784301758,18.69138729576424,18.456342461492017,18.613757960149314,5396600
18.512401580810547,18.631002367598928,18.484369415377238,18.544747399496167,3890600
18.361461639404297,18.480060813433695,18.320490148191656,18.480060813433695,4416000
18.33558464050293,18.398119468314423,18.171700320899603,18.393807459062,3663000
18.419679641723633,18.46927678808342,18.26873466615358,18.296766834423206,5917200
18.497304916381836,18.551214059479324,18.39595546413032,18.432614931770743,3973000
18.66119956970215,18.73451525548008,18.378716028933496,18.454188542286484,4509200
18.883296966552734,18.97602077021426,18.626688886498975,18.66766036689121,5651600
18.8509464263916,18.937201373689195,18.792725282942087,18.881135411169318,3955400
18.813983917236328,18.964026628044863,18.78136737926092,18.95750332044978,4212800
18.987945556640625,19.03578535526299,18.94662906527943,18.972723953354446,3986000
18.83573341369629,19.005346073636133,18.798765233197837,19.005346073636133,3480600
18.827037811279297,19.018395413653238,18.811816202670357,18.929240751523995,3801200
18.833560943603516,18.99447532724542,18.709613086373917,18.950985491352224,4234000
19.20974349975586,19.25323497354405,18.88573990042675,18.88573990042675,6272600
19.174957275390625,19.351093230544326,19.118419173366636,19.211923794047234,5530200
19.10102081298828,19.220620314090507,19.059705979086925,19.177130491342638,3647600
19.15974235534668,19.201058866514686,19.00969958028908,19.103204233595374,4201400
19.211933135986328,19.331532706302728,19.181489910638764,19.201061503522972,4430400
19.62943458557129,19.696845982326572,19.298907546855023,19.298907546855023,6581400
19.41415023803711,19.57941452853606,19.36413711449767,19.520701450779114,5277000
19.53375244140625,19.568543967967017,19.307601712154856,19.416327928581655,4035400
19.42502784729004,19.53592740280543,19.39675796687861,19.533754072797276,2974800
19.618562698364258,19.65770421050165,19.38588861483385,19.394586912978905,4360600
19.722938537597656,19.879504582809616,19.629433908319996,19.646830504239258,5735400
19.572898864746094,19.722939952982763,19.553327278174727,19.722939952982763,5343400
19.294551849365234,19.679441860757063,19.25323536318782,19.57506398058311,6830000
18.90314292907715,19.301081339884217,18.8683497381947,19.23366994730714,6864400
19.23366355895996,19.23366355895996,18.85312186998878,18.946626465640044,4950800
19.06188201904297,19.357615816290515,19.048833744274788,19.233667989690936,5594800
19.06623077392578,19.181480306325437,18.968377835594513,19.13581549116881,3775800
19.33587646484375,19.438079408264585,19.14234386693105,19.15321715586002,3594800
19.516361236572266,19.559851071537242,19.19453081712652,19.19453081712652,4939000
19.179302215576172,19.516354120262445,19.179302215576172,19.46851432382643,4519800
18.98360824584961,19.179314213286812,18.93141843943715,18.994479877912067,4345400
19.020565032958984,19.155384482850458,18.83355580340264,19.081451450204224,5199400
18.67481803894043,19.048836563051502,18.59653501486924,19.02926663654907,5385800
18.413869857788086,18.74004846769763,18.350808460788617,18.722651877001873,7418200
18.557392120361328,18.700911540143633,18.339939660592215,18.429095965432243,7657200
18.56609535217285,18.709614810098525,18.522605512272918,18.624808460971916,5664200
18.935754776000977,18.95532469503177,18.57043468948864,18.62044781080962,6641400
19.08797836303711,19.188006304407985,18.779196240670835,18.95968219661493,7320200
19.127111434936523,19.342388829863324,19.114064822828848,19.124936446575237,9258800
19.142335891723633,19.285855282443386,19.114067674928954,19.222793882796548,5817800
19.36631202697754,19.385883607506308,19.155382913776894,19.16843118713951,4525400
19.36414337158203,19.49243953423328,19.296731976855295,19.3663167018085,3974800
19.516361236572266,19.566376039909763,19.329351959967322,19.390238392530634,5356600
19.557674407958984,19.696843846965738,19.485914699368777,19.570721024418813,6016600
19.890365600585938,19.999091769467217,19.581583679130226,19.581583679130226,5520600
19.735984802246094,20.027370288552927,19.735984802246094,19.896899150519562,11384200
19.788164138793945,19.92950850016272,19.638121484214654,19.646819777425172,6705200
19.896896362304688,20.014320867788808,19.722933763284438,19.79686844852865,5003400
19.946916580200195,20.070864426567944,19.809920456983225,20.070864426567944,5050400
19.97735023498535,20.10347135128473,19.916462176563293,19.9469070352893,4925000
19.575075149536133,19.944745429504504,19.575075149536133,19.80992426965283,6162000
19.542461395263672,19.6272677576032,19.377196991639664,19.548984706361896,6093600
19.962133407592773,19.97300503349481,19.481562085290975,19.48373707408352,5308800
19.938209533691406,19.96430275787943,19.770770269678138,19.96430275787943,5360800
20.059986114501953,20.201330521911558,19.994749723688187,19.994749723688187,5662200
20.19915771484375,20.475323252216146,20.0708615671579,20.0708615671579,6423800
19.949087142944336,20.277440804412972,19.92951721893156,20.23395097836424,5644400
19.64682388305664,20.001272354578333,19.5250510707219,19.918639381325356,6123200
19.896896362304688,20.13391870296372,19.862103178888518,19.87515145218473,7968400
20.264404296875,20.364432273908342,19.87516402116163,19.920828859000896,6451600
20.240478515625,20.503595833968497,20.210035299223662,20.29918995896162,6945600
20.525331497192383,20.58186958460224,20.118694919986666,20.157836417573474,7227000
20.336153030395508,20.54490884887487,20.183936974244503,20.48402076738388,5419600
19.92951774597168,20.28831462696899,19.9208194487258,20.196983335402546,5225600
19.390239715576172,19.733815075947426,19.140168999887447,19.679451949016443,8857600
19.779470443725586,19.788168738958202,19.390230441974545,19.390230441974545,6580200
19.96866798400879,20.020856131269223,19.707723929644033,19.722945541721298,8284200
19.97735023498535,20.14913780985876,19.890368953412366,19.905590553260392,7424600
20.15566635131836,20.31005737817607,19.994750357948025,19.994750357948025,7829200
20.065814971923828,20.306911259366153,19.978143138617217,20.175404345506806,6860600
19.767724990844727,20.065808118963904,19.65156056207192,20.065808118963904,6067800
19.70634651184082,19.94086752057098,19.61867474726323,19.820318635251812,7408800
19.616493225097656,19.826904571875957,19.616493225097656,19.686630340690424,4789800
19.640605926513672,19.822524671865704,19.539783912417615,19.726085496556003,6480000
19.763334274291992,19.81155383460918,19.463060657735024,19.704156787120922,7448200
20.09210205078125,20.195116261307962,19.94525278871978,19.967170314487163,7524800
19.940881729125977,20.164443299504207,19.93430496253163,20.092113916775567,7352200
19.77210235595703,19.97374627734369,19.730457884640185,19.951828750619068,6381600
19.813751220703125,19.89703850960454,19.671284757102953,19.726079422164524,4662000
20.01101303100586,20.107450507702875,19.90361427984249,19.90361427984249,7680200
20.02635383605957,20.140325998197877,20.02196932663095,20.09868151962792,7268000
19.932104110717773,20.10525542007692,19.85539025644715,20.03511832901247,5605000
19.769906997680664,19.956210126089942,19.715112353372014,19.925525259053085,5209600
20.199501037597656,20.199501037597656,19.84223884127249,19.855389022467264,4714800
19.978130340576172,20.284980724479603,19.866348782912766,20.271828870977984,8511200
19.72607421875,19.86854064476987,19.623060008055635,19.857581045768327,8362000
19.89923667907715,20.008826041773553,19.76115468407203,19.846634253199145,6607600
19.72607421875,19.78744395987855,19.675662404422958,19.74799174455305,6121200
19.857593536376953,19.984717607076888,19.776498472676128,19.79841601226551,6954200
20.162248611450195,20.238960823785586,20.01101644204637,20.01101644204637,6133200
20.33538818359375,20.37045755870261,20.190731191769313,20.2082642071239,5142800
20.475666046142578,20.532652954910347,20.331009028132268,20.33977637349655,7786200
20.449369430541992,20.574301198532293,20.333203337322544,20.460327360105783,5152800
20.565534591674805,20.620329258067077,20.322246139117087,20.383615897924347,5413000
20.795669555664062,20.821971595460994,20.572108070091492,20.598410109888423,5801200
20.690471649169922,20.817595708999665,20.690471649169922,20.75622426231566,5038200
20.469100952148438,20.771566990038046,20.469100952148438,20.69266418762416,6817000
20.344161987304688,20.558957797551507,20.276217141706375,20.523888411306977,5683800
20.48006248474121,20.526089820564916,20.298143724913388,20.30691107538473,4717400
20.626903533935547,20.64443822781506,20.392382437948516,20.482244817730237,7178200
20.486635208129883,20.686086973611886,20.32882626231502,20.613759266947515,6522200
20.43840980529785,20.718958219255498,20.366080447018017,20.486629377484405,5270000
20.469100952148438,20.60060785243953,20.414306271010403,20.471293207610227,6902000
20.48006248474121,20.48006248474121,20.355130666876548,20.462527783798528,5749000
20.460330963134766,20.596222356819553,20.374851405362307,20.374851405362307,4845400
20.591835021972656,20.697041517523846,20.519507332994262,20.523890170550324,4112800
20.55895233154297,20.607170216508948,20.444978528750827,20.580869856018403,3608600
20.59841537475586,20.66636023801387,20.383619508680972,20.55238637529632,4403000
20.767173767089844,20.817585584297802,20.563337588292672,20.563337588292672,4920800
20.77593994140625,20.946898983884616,20.736487726049702,20.79128237670046,5668200
20.909637451171875,21.076213644846092,20.789088559920817,20.9512802454405,5154200
20.85923194885254,21.021425355622732,20.778136917667855,20.881149479653793,5044800
20.771562576293945,20.868001729708865,20.738687112357592,20.804439712430906,4362200
20.58745574951172,20.88553892095805,20.58745574951172,20.773757313615473,5260400
20.6553955078125,20.756217486148593,20.53484825363257,20.587450661416533,4636600
20.537038803100586,20.699232207824096,20.48882090482644,20.65539547457434,3819400
20.484434127807617,20.624708314277928,20.407721943362947,20.580873258081034,4651000
20.569921493530273,20.62471617074916,20.379237087017085,20.409921972483595,3656200
20.67074203491211,20.751838753444567,20.436220899913618,20.534852315242404,8089200
20.92717933654785,20.92717933654785,20.675123541373605,20.78909570958953,5495400
20.964441299438477,21.150742844980037,20.824167076522432,21.150742844980037,6558000
21.146366119384766,21.183626104822817,20.841706124458625,20.96444735913857,5038400
21.624160766601562,21.66580356213431,21.14635136744718,21.14635136744718,9362000
21.172653198242188,21.624162267815723,21.172653198242188,21.624162267815723,7662400
20.9973201751709,21.32827880891597,20.979785477804057,21.26033394687043,6718600
20.5633487701416,21.071843366458726,20.517321436636294,20.99732339950757,6867200
20.740869522094727,20.92717266272348,20.598404775307962,20.61813004589692,7117000
20.66197395324707,20.84389266360125,20.580878909793295,20.79567308522297,5591600
20.79347801208496,20.808820449873945,20.569914864645153,20.661969491379047,7666600
20.683895111083984,20.92937419187877,20.65759306434133,20.77375751110327,6031200
20.953479766845703,20.98854915544551,20.681698693999135,20.681698693999135,4937000
21.185808181762695,21.20553345674072,20.898683025769007,20.953477685863945,5248600
20.805679321289062,21.15929155182808,20.746007942386527,21.13940165424594,7963400
20.812307357788086,20.9316517906857,20.737165503457717,20.84987828495327,8491200
20.575828552246094,20.863139404542196,20.53162766088789,20.807887447266477,9565800
20.814523696899414,20.95375806425723,20.637716705771282,20.67749819446729,6694000
20.580244064331055,20.847663262586806,20.55151197521034,20.807881796705054,6510600
20.62002182006836,20.635492293674588,20.425533939126982,20.582449224605945,5253200
20.73052406311035,20.770305518722402,20.620020207094104,20.622229070182808,4795800
20.8874454498291,20.93606743049215,20.692957527176915,20.70400859047507,4449600
21.050992965698242,21.150445801310127,20.962589508401177,20.96480005852642,4396800
21.10624122619629,21.31398906160502,21.099611263135227,21.21453455722289,5669600
21.54826545715332,21.54826545715332,21.157082303070602,21.17034223455121,6436800
21.806838989257812,21.857671524625367,21.54826027068693,21.5703607132206,7270000
22.036685943603516,22.043315907339615,21.74274518616213,21.831148637006493,5704800
22.04994010925293,22.15602455977658,21.952697856274316,22.02563081062463,5979000
22.083097457885742,22.1206683766335,21.775896771831803,21.93944206049984,9681000
22.05657386779785,22.1317156925689,22.001321930940797,22.049942219004553,7900600
22.339468002319336,22.350517380217187,22.056578298568606,22.056578298568606,6432600
22.111835479736328,22.42124511259444,22.111835479736328,22.394725250438622,8865600
22.516279220581055,22.516279220581055,22.22012951002058,22.476497740011848,6228700
22.64002799987793,22.759372353217746,22.489742705244996,22.542784078011078,6138200
22.560468673706055,22.746114350891418,22.54720706379631,22.675391947274836,6101900
22.5295352935791,22.626777577361736,22.45881286621188,22.56047625016753,4272600
22.95829200744629,22.980394138633656,22.63120137420605,22.63120137420605,7043200
22.998071670532227,23.201400132803343,22.962711298499688,22.984811741789493,5932500
23.656679153442383,23.709720562374994,23.073218596715712,23.077638011561767,7350200
23.488706588745117,23.643413046439303,23.40472423936065,23.54616908366899,8423800
23.12625503540039,23.426825765013774,23.077633051763577,23.426825765013774,6684900
23.3516845703125,23.515229867478222,23.22349964375973,23.241180672144043,5121600
23.73624038696289,23.771600761632577,23.316325188516725,23.440089029094423,6119000
23.899784088134766,24.085431522614165,23.815801728582034,23.868843130080826,7390100
23.705299377441406,23.957248158753135,23.652256286313563,23.877685208217233,8774700
23.709716796875,23.815801284048213,23.50639002312837,23.70529738273082,5828500
23.833480834960938,23.988187309850048,23.603634202030133,23.696457075270157,5629300
23.806964874267578,23.882106730764196,23.60363806546448,23.74508294864542,4775300
24.067739486694336,24.116361451730572,23.846731781005968,23.868832214343808,5256800
24.49207878112793,24.545120168990525,24.098685256015994,24.111945181442813,6954500
24.408103942871094,24.783816558752946,24.29760003394633,24.39926342781841,5911800
24.43905258178711,24.58491691060067,24.21362359249838,24.288767150980078,5792800
24.271076202392578,24.509765027862382,24.13405076121791,24.492083999422615,3571000
24.07659149169922,24.337380776361467,24.036810018236988,24.129632894263604,5115800
23.563846588134766,23.935139670477618,23.48428366433592,23.868836671926815,7238300
23.599212646484375,23.895363975690294,23.56385227523699,23.873261846735513,4937400
23.603635787963867,23.758340587091894,23.54617328279238,23.64783667738449,6291200
23.387046813964844,23.72739904992075,23.360525269264294,23.581533083301444,4997400
23.316329956054688,23.36053085496861,23.161625123699746,23.166044539128656,6233500
23.590375900268555,23.665519441175086,23.254444732058797,23.311907241439563,4727200
23.599212646484375,23.77601956118842,23.440086760481876,23.714137646888716,4358700
23.577117919921875,23.855588287940968,23.524076507113133,23.669940813876202,4122300
23.62131118774414,23.74949610627777,23.40472450513062,23.625732287641476,4153200
23.846744537353516,23.860004467218364,23.44008926455408,23.621315612715815,4400000
23.41355323791504,23.930710379420965,23.272108463170444,23.846728071339708,5952700
23.19256591796875,23.687623063985033,23.04228050215857,23.382632816968574,6476800
23.45334815979004,23.497549044982446,22.945029549298926,22.984811020434368,6243200
23.404722213745117,23.669930852331273,23.245596356131262,23.453344190922174,7027600
23.029010772705078,23.4577664198325,23.006910331196117,23.227918118596953,5869900
23.50197410583496,23.6434206819784,23.21908432586027,23.33842876794136,6868600
24.036808013916016,24.05448735585942,23.608052356370138,23.63899331246565,5658100
24.10310935974121,24.195933914259214,23.91304252291031,24.041227447499644,5833600
23.585956573486328,24.08985417075946,23.563856127074626,24.08985417075946,5610800
23.32516098022461,23.555009270577308,23.294220026345933,23.45334589552515,6426700
23.272123336791992,23.36494621338885,22.89640904375036,23.205820318562353,8433900
23.391464233398438,23.448926732271037,23.227918937082517,23.27212150781362,4889900
24.12079429626465,24.12079429626465,23.320745349127673,23.32958586461689,5954600
23.41355323791504,23.926290967902887,23.2809472862066,23.890928931139378,7492800
23.400203704833984,23.600624514438536,23.364572583577452,23.569446433846384,5388200
23.783235549926758,23.8055041566374,23.475923000768187,23.475923000768187,4773200
23.86785316467285,23.894576507895675,23.64071069372818,23.801045656108556,3951500
24.00591468811035,24.090536036802597,23.76540976153021,23.952468016213615,5324800
24.40676498413086,24.43348833152187,24.037101356310398,24.094999393845573,5328400
24.299882888793945,24.531480211149628,24.273159532719173,24.40677291512036,5750000
24.30878257751465,24.424580350630027,24.16180671653683,24.384496179362056,4283500
24.424585342407227,24.589375102860803,24.36223255191053,24.36223255191053,2471300
24.344409942626953,24.535923000326854,24.179620229833656,24.495838832459768,4142800
24.317684173583984,24.48247556893549,24.317684173583984,24.384491679697888,5107900
23.818859100341797,24.45129790849617,23.818859100341797,24.35776706502559,8291200
23.373485565185547,23.63180615482327,23.186427233918852,23.560545595437993,8949300
23.422466278076172,23.578348145992006,23.248768854117117,23.30221382326184,6315300
23.520450592041016,23.547172227637507,23.302214273754828,23.449190065475417,4680400
23.21760368347168,23.654074823226622,23.20869590115189,23.520461486401356,5132400
23.467010498046875,23.489280799263778,22.901379166643558,23.07062360177643,5539700
23.507091522216797,23.520454040959425,23.17305743639984,23.47146210320197,4566600
23.42693328857422,23.99701952904162,23.391303854224603,23.50710163959329,4800700
23.89457893371582,23.89457893371582,23.51155280356414,23.516005845060597,5681000
23.640708923339844,23.90348079991782,23.542725037846093,23.605077801711065,5165700
23.462562561035156,23.778781198871435,23.458107820228552,23.613991467729203,6973800
23.146345138549805,23.342311269684647,23.03945344039432,23.226513487419947,5114100
23.034997940063477,23.18642683854827,22.709871537225535,22.714324578804916,8881400
23.40911293029785,23.435834573904522,23.132976820468734,23.132976820468734,5040800
23.507091522216797,23.564991239474267,23.342301848929626,23.409109345687106,4801200
23.29332733154297,23.587277478938855,23.05282220213184,23.57391664918929,4381200
23.458093643188477,23.507085568537665,23.29330401163785,23.29330401163785,2944600
23.164154052734375,23.53381932670233,23.164154052734375,23.46255877616442,4774300
23.355661392211914,23.48036859941114,23.302216417118032,23.302216417118032,4436700
23.573904037475586,23.573904037475586,23.248777661944512,23.360122380920316,4227700
23.39130401611328,23.569454587066218,23.39130401611328,23.569454587066218,3207500
23.3868408203125,23.493732483430474,23.360119178772017,23.422471941013608,2303400
22.669790267944336,23.369035115398926,22.638613875942102,23.364580374263785,7346800
22.513906478881836,22.919201271555394,22.44710065311411,22.705419570923993,7157500
22.660877227783203,22.82566693285076,22.487179741497734,22.567346374487872,5524000
23.039447784423828,23.13743167543006,22.536169206508365,22.625245316606264,5849700
22.781131744384766,23.04390536714823,22.625248107736716,23.039450626651764,5095100
22.883562088012695,23.155243414414382,22.785578213183182,22.82120933093399,5179600
22.892475128173828,23.017180670988754,22.763314845123745,22.937012336611847,4685000
23.377941131591797,23.386847215217006,22.865754674865755,22.89693106451143,5454800
23.186416625976562,23.84112218486353,23.159693291313534,23.413559024164904,6078300
23.29332733154297,23.36013487826378,23.128537535014523,23.20425116891072,4538500
23.645160675048828,23.645160675048828,23.32894213326615,23.40911045357518,6670000
23.467010498046875,23.667431316100878,23.462557457194762,23.654070494559093,4742200
23.141889572143555,23.467015998082942,23.079536791687488,23.467015998082942,5541800
23.150800704956055,23.377944951184446,23.150800704956055,23.15970848902247,4253300
23.413572311401367,23.65407736290068,23.284412002375525,23.293319785651715,4991100
23.62289810180664,23.631805884000936,23.33785586753214,23.484830026273674,4603700
23.845582962036133,23.948019889041042,23.658522969994475,23.792136279175427,5623700
24.07718276977539,24.139535540892556,23.78323277809048,23.850038590436473,4482800
23.925745010375977,24.09498769807751,23.703055653835573,24.08162688036027,4808200
24.228605270385742,24.295411065123677,23.7386876140485,23.930200617137174,6161500
24.56265640258789,24.567109445736175,24.331059082191736,24.339966867474622,6368900
24.731882095336914,24.88331094228541,24.576000208324555,24.58045324838842,4834700
25.04810905456543,25.0525620958288,24.598275432612834,24.7318887573268,5003100
25.270788192749023,25.275241232196933,24.83877030995084,25.088182993656424,5387600
25.057024002075195,25.297529091040552,24.954587026920215,25.275260478874028,5098800
25.208446502685547,25.27525402110215,24.963488433467614,25.052564558361162,4198700
25.012481689453125,25.275255337128964,24.901136952285157,25.155002817109256,4989800
25.564748764038086,25.684999568282652,25.07483096950929,25.23071459917166,7157700
25.903228759765625,26.094741763564798,25.582555507081402,25.609278844466804,6218800
26.060197830200195,26.176797513963894,25.87632797954306,25.90323467769931,5033300
26.087100982666016,26.16334060883305,25.903231156999983,26.11849497750033,3962900
26.68356704711914,26.728412693990062,26.064687197940167,26.087110021375626,5273300
26.284423828125,26.849486608555267,26.212669797106063,26.714948014238637,6346800
26.78671646118164,27.015433734285622,26.235106730095506,26.302376918832437,6554000
26.6118106842041,27.392137531836177,26.6118106842041,26.88537355441277,8365000
26.979537963867188,27.01093024160587,26.61179838685618,26.634221197990836,4481800
27.428007125854492,27.463885000245007,26.862944290213566,27.04232852991251,6135400
27.777812957763672,28.320454787868595,27.428012171858427,27.428012171858427,8809300
27.840593338012695,28.16348564461385,27.01542106869657,27.96616247331586,9340500
27.329345703125,27.863017984740384,27.239654435300043,27.840595167784144,7370500
27.611881256103516,27.750905474894605,27.288987179299166,27.32934893889971,6955900
27.441465377807617,27.611881890117562,27.24414216564714,27.611881890117562,7776700
27.67467498779297,27.773337479612852,27.176880358341084,27.38765869604645,7581700
27.5356388092041,27.715023047410735,27.239653190949515,27.602907256999888,5755400
27.580490112304688,27.75987609814875,27.38765077628536,27.436982007930055,7361100
26.800161361694336,27.849565368339828,26.750831844364978,27.580488119764645,10872000
26.230609893798828,26.723918665049332,25.9077158845433,26.719434786365724,14702900
26.145408630371094,26.64768702012949,26.001900519011553,26.122985808737095,9268800
26.432416915893555,26.44587197343494,25.831476238495686,26.22612428160427,7710000
26.087100982666016,26.728403433080725,26.024316414499737,26.63422658083131,6797500
26.284423828125,26.57143995220076,25.83596070656887,26.087098959759636,7440100
26.661136627197266,26.795675240228068,26.306850301306827,26.728405078337026,6774200
27.078203201293945,27.118564949833385,26.62077062143063,26.665616248362895,11699700
26.916776657104492,27.185854044631103,26.6880593380298,27.17688457027991,5566100
26.535568237304688,27.288986593164662,26.495208189322504,26.92124688503675,7003400
26.1992130279541,26.459322442618255,25.97049760363815,26.392052294480717,8926500
26.10503578186035,26.598346202086613,25.84941196012755,26.311328390495433,7488100
26.14091682434082,26.315817175107977,25.92565472256962,26.1543701710918,5146300
25.96154022216797,26.549027762371182,25.92117845664635,26.127471164533866,6172700
26.127466201782227,26.181283019423365,25.445803619175155,26.060197745857906,10312500
26.149883270263672,26.571437957002324,25.92116613742339,26.320298011918133,9499900
26.59835433959961,26.647683857038317,26.31133644019804,26.54005364167023,7304700
25.553434371948242,26.499692051038306,25.45028803542085,26.495208171516,25511600
24.983875274658203,25.67899263690798,24.862790049892002,25.589301398489205,15546800
25.66555404663086,25.764216518506533,24.988375227102285,25.069098756682077,10756300
25.99293327331543,26.16783369208513,25.692463674044774,25.9032402683497,11672400
25.423377990722656,26.028804332377206,25.414408521503553,25.925658002484504,6493500
25.50409698486328,25.59827553960437,25.36507451347348,25.427859076133522,7066500
24.997344970703125,25.490653913954816,24.94801373422761,25.338176324281285,9772700
24.33810043334961,25.087033228935876,24.284285323132703,24.961464068179257,13435900
24.113866806030273,24.62511458744942,24.046596640790337,24.52645213463121,10756400
23.414268493652344,24.217018211617866,23.176583491978867,24.217018211617866,13433500
23.589170455932617,23.732678584564383,23.176585013804246,23.43220897485157,9426300
23.92103385925293,24.024180218865023,23.62504813274594,23.678863252814892,10049100
23.342512130737305,24.0779915967968,23.23039631674649,23.92551402133923,9978000
23.925506591796875,23.979323397541954,23.409775034039207,23.409775034039207,8474600
24.158706665039062,24.360515401746934,23.72369862230316,23.988291919153266,7996900
24.382946014404297,24.575785345529052,24.28876914406472,24.373976544264597,6628300
24.046592712402344,24.477118620252323,24.046592712402344,24.38294006215168,6133700
23.320085525512695,24.0779876892214,23.257300953587286,24.05108099311124,9074600
22.938892364501953,23.4187478307272,22.88059167203263,23.32456926266098,10209800
23.320085525512695,23.320085525512695,22.71466091251624,23.118276750930118,14206500
23.862733840942383,23.862733840942383,23.03756122932866,23.29767078692788,10505800
23.616069793701172,23.862724188052496,23.494984535946628,23.786486272476218,11404200
23.773025512695312,23.880657397357403,23.521887299735052,23.642972528448364,9993500
23.903091430664062,24.100416360067367,23.678859800525093,23.858245788936898,6997500
23.651962280273438,25.26194607801482,23.61160050275198,24.217025454821627,7384200
23.97035789489746,24.019689119614906,23.687825605630206,23.71921789213198,12001100
23.759578704833984,24.118348901152956,23.66091625931455,23.97035694362505,6518500
23.947938919067383,23.99726844094662,23.656437113931574,23.759583459090752,6274300
23.342512130737305,23.943452962158133,23.109311032346223,23.943452962158133,9557500
22.9971923828125,23.54880191434393,22.858169885486294,23.54880191434393,9853700
22.651870727539062,22.997187524391396,22.445578109393818,22.997187524391396,12789900
23.28989601135254,23.317044580760797,22.538755096097653,22.765002380525384,8865200
23.280858993530273,23.6564287991122,23.163209372892013,23.543305093338127,9875500
23.60211944580078,23.63379393129242,23.3034730639296,23.39849652040452,7477000
23.40302085876465,23.65189253922548,23.357770363870934,23.62021805586482,5688800
23.787647247314453,23.850996231813767,23.421125903400807,23.52972539549275,8444800
23.823837280273438,23.94600928225282,23.71071364974247,23.80121117326355,5486100
24.12702178955078,24.244671400242193,23.76050039242378,23.932448893979355,6577000
24.308000564575195,24.3260990293456,24.13605220328729,24.26727599811567,5208700
24.697158813476562,24.742407588002415,24.326111612618142,24.326111612618142,5831800
24.335145950317383,24.810266405742933,24.335145950317383,24.810266405742933,8462600
24.77407455444336,24.88719818254584,24.344204422428017,24.511626908703406,6038300
24.873632431030273,24.923407120648495,24.543311530808644,24.76955886461498,4949900
24.91436195373535,24.995811148124723,24.68358866092196,24.783138059871305,6632700
24.819326400756836,25.203947819798934,24.70620275859089,24.982224721656568,4945100
24.787639617919922,25.108911914095177,24.76501524594027,24.94601367403537,6425200
24.81026840209961,25.194887945781172,24.602119669416442,24.82836686596539,7384600
25.344207763671875,25.58403094274718,24.765015548497775,24.9098136022913,7969000
25.475440979003906,25.516165554606474,25.127019993544074,25.344217154714567,8527500
25.344207763671875,25.520682009978632,25.235610086391212,25.475431539337556,5386800
25.398517608642578,25.543315715342956,25.24014349272495,25.339692838380053,4848900
25.71979331970215,25.7605179030429,25.398522565641763,25.448297248183778,7252100
26.208480834960938,26.240157038270237,25.70621338562646,25.80576100270731,6498200
26.683603286743164,26.841975683573537,26.466406117034513,26.58405393666141,14068500
26.851024627685547,26.891749203139184,26.475453351154272,26.688126325871,6126800
26.597637176513672,26.914383802961442,26.493563605533595,26.73791115103304,9664900
26.366859436035156,26.905327365896486,26.113461849325795,26.67455588913587,11979700
25.941516876220703,26.855554471412812,25.90531647879965,26.17681255493771,17449600
25.65191650390625,26.15418575184742,25.65191650390625,26.00938762780868,9201800
25.905311584472656,26.154183228267865,25.73336318146903,25.73336318146903,6894200
25.79218864440918,26.280883573582333,25.710739489546988,26.0093858153318,7079600
25.683578491210938,25.918875759839857,25.475431504929993,25.792177894473884,8594300
25.30349349975586,25.665490507673866,25.04557175359856,25.63381602840049,14126100
25.778615951538086,25.900789691371177,25.389470348987444,25.498068078085893,5829100
26.498079299926758,26.498079299926758,25.851012008313784,25.927935246973576,6061600
25.86458396911621,26.692649682015148,25.79670910781552,26.60667462755035,6743100
26.1541690826416,26.167745084831882,25.50710212306601,25.651900154818577,6722300
25.95508575439453,26.366855695551134,25.73336268171193,26.249206154575194,5290100
25.92793846130371,26.041062103566055,25.692641078262454,25.9550887568534,4582700
26.022966384887695,26.24468952137587,25.792194874455596,26.00939209784172,5347900
26.004852294921875,26.145124446510287,25.82385385439153,26.032000852711086,5567700
25.710744857788086,26.25826294835695,25.479973354914694,26.004867059104605,10175400
25.642864227294922,25.774088055474504,25.393992580625486,25.710739097354608,6201000
25.50259017944336,25.7243115167959,25.430191128819946,25.55688903587854,6221600
25.92793846130371,25.9550887568534,25.430195125801305,25.679066793552508,6033200
26.063682556152344,26.203956472809796,25.68811301806815,25.814810925933248,8457100
25.778615951538086,26.01843751891613,25.64286620097035,25.986763037418267,6674700
26.149658203125,26.258255919124814,25.914360850285973,26.009384283318205,5841200
26.412111282348633,26.656458798786353,26.095364693573448,26.176813865719353,8304400
26.176803588867188,26.489025868226626,26.167755218741124,26.466401490652743,7062600
26.394006729125977,26.416631110370634,26.04558573434342,26.17680783601428,5854900
26.670021057128906,26.728845816288494,26.31255176963114,26.629296489422924,6822400
26.249217987060547,27.000359154341588,26.194919103895636,26.774111794002355,8964200
26.439254760742188,26.561428487441592,26.1496585461049,26.294456653423545,7251100
26.950576782226562,27.01392574483886,26.421157246154205,26.498082219418976,15027600
27.308042526245117,27.461890726088594,27.036546515288183,27.036546515288183,17656300
27.335195541381836,27.60216739341249,27.249222198776263,27.308045247129158,9179400
27.303518295288086,27.443792212189173,27.208494864224225,27.33066858679042,6788600
27.719806671142578,28.136102424038082,27.484511098005463,27.48903528258806,10252000
27.701709747314453,28.00488018895565,27.62026061126443,27.828407636223698,6873400
28.271875381469727,28.348800396376244,27.774131783390224,27.97775479210664,15038200
28.28091049194336,28.56598255301849,28.059187394189415,28.271860393450364,10127300
28.18136215209961,28.348786391069986,28.054664220882984,28.321636094610774,6603000
28.113487243652344,28.25828536346165,28.03203808549339,28.068236752380844,6899600
27.575014114379883,28.072759098356993,27.575014114379883,27.927960996942076,8909100
27.187532424926758,27.830295955492993,27.07356724759962,27.529427956908172,10441800
27.114608764648438,27.219456573185454,26.7590377844819,26.986968256685373,8742400
27.3151798248291,27.488407425402933,27.237684319212757,27.260477012689854,8901700
27.506629943847656,27.77102819979339,27.30149231658012,27.533982207140085,6913300
27.38355255126953,27.661627860987036,27.155622197595594,27.556780106973495,6602100
27.274158477783203,27.52943946880483,27.196661220529258,27.470177064901385,8274900
27.278722763061523,27.37901274119977,26.996089425274885,27.169315356095098,5930000
27.069005966186523,27.31972897665451,27.064446385849255,27.22855649858332,6095500
27.128259658813477,27.38354218431195,26.90032939143018,27.25590179104768,6902400
27.597814559936523,27.62516509629396,27.14651158135753,27.164746431576507,9513500
27.989845275878906,28.30438850588214,27.483839664026007,27.492957085920793,13775300
28.587020874023438,28.773923670506154,28.126602383799806,28.719220879552044,10959400
28.400115966796875,28.587018749388665,28.263358130090488,28.587018749388665,8629800
28.418359756469727,28.605262597909185,28.112932143988196,28.500414832123226,7457700
28.432025909423828,28.878769100914287,28.281592811591334,28.418350647521848,8905200
28.290725708007812,28.56879937295695,28.135732945444254,28.194993605416215,6704400
29.088468551635742,29.11581907755282,28.454820790687613,28.454820790687613,9141000
28.855979919433594,29.12949736345309,28.78304228215582,29.088469833798687,10514100
28.432025909423828,28.988176413040836,28.413792806544595,28.88332868086177,9950400
28.51409339904785,28.76481649746889,28.422920888993566,28.50953555608208,8956600
28.4685001373291,28.751133275229396,28.13572204582365,28.67363779345452,8014400
28.8924560546875,28.924366169431373,28.646290821831204,28.682758779122416,11796800
29.3164119720459,29.421261504355012,28.992751165789276,28.992751165789276,7488800
29.193317413330078,29.526093751240083,29.04288255912595,29.316398262625633,6566400
29.298168182373047,29.62638847111566,29.175087313065283,29.448603061036984,7294500
29.070240020751953,29.626388949130504,28.62805454005812,29.594478835984635,7655400
28.842323303222656,29.02010880034477,28.637185522323463,28.969963816239236,7777500
29.284486770629883,29.453156460818168,28.76936549542776,28.76936549542776,6196600
29.257150650024414,29.444051797391396,28.98819266832105,29.31185520624867,6161300
29.62183380126953,29.630949486201754,29.25258421959504,29.49418986662726,6452700
29.98196792602539,30.07770176943102,29.507875681238833,29.62184089887727,8786500
29.50786781311035,29.950049818170175,29.503308231796723,29.945493714798054,6603800
29.380226135253906,29.854321767928685,29.229794719781786,29.744916153601206,6762500
28.64628791809082,29.384781802831196,28.582467695072232,29.384781802831196,9170500
28.28160285949707,28.764814167391844,28.07646516323474,28.64629113120186,13492100
27.351654052734375,28.24514100110391,26.90035099571687,28.126617932022782,18288700
27.80751609802246,27.80751609802246,27.269600073729887,27.52032323173745,9934900
27.50208282470703,27.802950882338656,27.26047541885687,27.784716033034695,7101400
28.331737518310547,28.62348802956111,27.56133197688367,27.56133197688367,11535400
27.789274215698242,28.55512050612048,27.693543864138203,28.27248729433662,8931400
27.141948699951172,27.716332463458304,26.64050084583885,27.647954396286654,13801000
27.114608764648438,27.233133584018283,26.34876223892705,26.9504985464265,13246300
27.328845977783203,27.54309929813732,27.037095443621578,27.347080820910893,7443900
26.11626434326172,27.10548139508428,26.11626434326172,26.94137123705618,10332700
26.594907760620117,26.667845387848587,25.687744391681456,26.175515099828765,12145100
25.41424560546875,26.56757314553309,25.08146735150868,26.49463546985652,20081500
25.66497039794922,26.25758926808506,25.300281996248046,25.423364657879343,11869500
26.362422943115234,26.403448733322456,25.555549361935157,25.669514527543015,8080400
26.745351791381836,26.900344529985666,26.175525802245822,26.417133204139713,9632600
26.28493309020996,27.11459958915644,26.211995433345574,26.713441606916863,13043500
25.756128311157227,26.540209233914336,25.692308094462202,26.43536148663387,10388800
26.157283782958984,26.207428731158775,24.981162507266788,25.9156764633573,13310800
26.015975952148438,26.56756710778353,25.715107890986484,26.239348511315644,11141300
26.27580451965332,26.435356771905322,25.9019989694186,26.015964118611382,7505800
26.676973342895508,26.718000883098224,26.084354670278124,26.230229982338685,7410300
27.114608764648438,27.16019590247203,26.654189975944885,26.800065339037385,8820100
26.444482803344727,27.114598699337602,26.257579955077638,27.114598699337602,9375600
26.166406631469727,26.444480216394417,25.933916685045105,26.444480216394417,8421300
26.3760986328125,26.430801426276666,26.011410444767293,26.056995816159024,5248000
25.879207611083984,26.5538811201381,25.874648031059756,26.371536176514713,10957900
25.63304901123047,25.974944563692326,25.072340513869506,25.819951843684123,15663000
25.815397262573242,25.974947844955587,25.55099716723002,25.555556748995755,11539000
25.801715850830078,26.170963657117433,25.67407540671769,25.96126814494119,10453900
25.842742919921875,26.490066029782827,25.80171538662808,25.979502523548263,10658800
26.260902404785156,26.366589112931234,25.805988375657485,25.86572495083056,8745800
26.403348922729492,26.68824535697743,26.228737014766814,26.467679810177344,10257100
26.7020263671875,26.75716686984739,26.237922023885574,26.651480176047194,8080400
27.042064666748047,27.106397305722258,26.75257567934741,26.77095468045486,8741400
27.166118621826172,27.221260856391304,26.830677916200997,27.110978140145345,8163700
26.97773551940918,27.244251210824082,26.74338702599719,27.11099336511663,6801400
26.89961814880371,27.18451282354812,26.895022083872654,27.13396662661754,2346700
26.274681091308594,26.853660697765022,26.24251565499906,26.826091325433886,6936500
26.36199188232422,26.68364805756906,26.311445686557654,26.412538078090783,7474900
26.334426879882812,26.743389073011638,26.283880675718947,26.407948153334225,7812000
26.97773551940918,27.032877784941064,26.47687133458229,26.513632844936883,6640600
27.19369888305664,27.322360634536164,26.807711875733172,27.051250691857955,7827100
27.405075073242188,27.588879096687993,27.225867114469317,27.32695950265302,7668800
27.561302185058594,27.791056289721855,27.179911282817628,27.42804438366157,7472700
27.24884605407715,27.800256449942328,27.161540094611915,27.602667710149927,6742100
27.39588737487793,27.561310661573163,27.221275463708736,27.25344090802334,9596200
27.028282165527344,27.303986486193256,26.982332029711465,27.303986486193256,8588900
27.377506256103516,27.47400258158583,27.06963477347433,27.18451185225378,6617000
27.046653747558594,27.533731332391316,26.98691718895062,27.524542710652916,7918800
27.23965835571289,27.294800627743157,27.065046419606887,27.088021489843413,8841000
27.120180130004883,27.23965151697184,26.82609509788463,27.23965151697184,7054900
26.426319122314453,27.19829313528426,26.398749748705818,27.138558323875625,10021200
26.077096939086914,26.59174576231921,26.049525809081835,26.509034125189096,9568000
26.13222885131836,26.329817502488357,26.072494051948485,26.27008095023394,8698800
26.201156616210938,26.61930898961251,26.132229688103752,26.412529958175558,10767000
26.242515563964844,26.39415236991451,26.164398252566382,26.21494443884454,7111600
26.251707077026367,26.41713032914975,25.96681069708726,26.242516701587856,3979100
25.681928634643555,26.201173707202663,25.47514946832482,26.19198332726786,9578200
26.054109573364258,26.173580907878673,25.68190738200038,25.792190097069625,6665200
25.948442459106445,26.325239243906765,25.934656013789432,26.067913883578367,4633700
26.086292266845703,26.256309885266326,25.704899450704747,25.94844009642667,5904400
27.14775848388672,27.156947109811405,26.219551258681733,26.306857228050447,13296000
27.069625854492188,27.147743153824152,26.849062146253853,27.147743153824152,8838700
26.738784790039062,27.09260635756397,26.58255191285774,26.96394460678578,8634800
27.22587013244629,27.372912666348512,26.9225946871623,27.088017976023618,9609000
27.0880069732666,27.377497611186993,26.904203004104705,27.336141805769795,6442300
27.22126579284668,27.331546776207293,26.996106009751433,27.000700320356195,6969000
27.496986389160156,27.570507672838964,26.950171951354356,27.212091634015472,6451300
27.51995277404785,27.841608945933217,27.39129100644775,27.570498969286497,7535200
27.735919952392578,27.855391333454236,27.455619622231215,27.51995050071711,5867900
28.4251766204834,28.443557368586003,27.90133756975152,27.98404918332862,8751800
27.984050750732422,28.48950908167273,27.781866016048525,28.48031870710667,8984000
28.305700302124023,28.374627223253306,27.666984277479102,27.754291944627447,7877800
28.085142135620117,28.687098539574542,27.915124583695874,28.48950986319579,11189300
28.58601188659668,28.664129211732032,27.809443464439394,28.071363064043897,8962800
28.51249122619629,28.820362715560194,28.39761414490389,28.51249122619629,8400100
28.14948081970215,28.742247013368058,27.814039933714568,28.627369925582506,12446800
27.67158317565918,28.259753085457834,27.621036995369998,28.259753085457834,14414400
27.74510955810547,27.919721436895717,27.478593922765214,27.61644605182038,16687800
27.915130615234375,27.961080746368772,27.483193422761584,27.961080746368772,12625000
27.285598754882812,27.84619759461824,27.235052569923976,27.758891663343277,15266500
26.97313117980957,27.478589489084264,26.92717930894892,27.285596890123447,11121300
26.885833740234375,27.133968678722304,26.536608153125123,26.977735764069013,9142700
26.421724319458008,26.968538504769977,26.36198775627582,26.706618943051357,11274800
27.0374755859375,27.3039895588554,26.651488441836854,26.651488441836854,9908000
26.532011032104492,26.899617335643644,26.46767839521066,26.899617335643644,9927100
26.600929260253906,26.73418705815831,26.1000652551,26.53200408239225,9877700
26.14603042602539,27.09721273799988,26.067913081252,26.706629519904038,11167100
26.012771606445312,26.41713950172005,25.732471193341876,26.339022159811236,12130600
26.017366409301758,26.463090140361235,25.8932989247939,26.02196247514586,8094000
25.808921813964844,26.07757082919246,25.665332420027127,25.869135182162832,12426900
25.920082092285156,26.109989702660638,25.7070153619961,25.869130968318732,11940500
26.07758331298828,26.211908768369973,25.920098722833917,25.984945006968882,10606900
26.480548858642578,26.58245113711693,26.077574397201094,26.299905195476676,10893000
26.818675994873047,27.05027077283593,26.6287683476206,26.860363125583483,9605400
26.512975692749023,26.818680783569068,26.360122263874874,26.818680783569068,7623200
26.46664810180664,26.749193983299715,26.304532481406223,26.44812009749581,9232800
26.702882766723633,26.851103306361306,26.58708535969869,26.661195629517525,8450000
26.448118209838867,26.73529695537698,26.424959089567114,26.702873833611005,6204800
26.16095542907715,26.327704012614316,26.04515799794618,26.258224847164303,8858000
26.512975692749023,26.536134821294976,26.23042973047493,26.27211686862895,7391900
26.40644073486328,26.675091575571567,26.170214794695877,26.512975907508473,10056900
26.387916564941406,26.60561451245197,26.248958247767696,26.31843740635455,9471600
25.869142532348633,26.336965091595957,25.850616288292716,26.28601394485334,9684300
25.623647689819336,25.910824737655904,25.452268038182936,25.869137604346722,10783000
25.53101348876953,25.767241204149062,25.08172072141279,25.623651773880557,14190200
25.22067642211914,25.753343451568124,25.22067642211914,25.693130070148847,11726300
25.049297332763672,25.29015439791136,24.901075017931415,25.081720467184642,11114000
25.558795928955078,25.65143417935982,25.132660683864312,25.257722056871568,10585600
26.10073471069336,26.1563187379854,25.489324545906474,25.568067701106102,10098600
26.170202255249023,26.216520490522747,25.790387071836772,26.170202255249023,8740200
26.744569778442383,26.878893427095626,26.068311581724313,26.174844983656016,11252700
26.485177993774414,26.883521280209376,26.411067738176833,26.855729271762332,9385900
26.2860107421875,26.600979822831402,26.239692487298523,26.401808146338105,6876200
26.202632904052734,26.44812280202745,26.008094139679095,26.216528025242873,6231400
26.16558074951172,26.512972942449363,26.054414470323323,26.133155852597053,6398400
26.230430603027344,26.3415951305171,26.031258910435863,26.244325727231487,7381200
26.66581916809082,26.772352540238277,26.239685679501,26.262844800936932,9533000
26.962263107299805,27.059532488108886,26.554657578120448,26.795514587668297,7296100
26.80014419555664,27.26796480338286,26.78161619187917,27.054898061874983,8749800
27.15680503845215,27.24944330602404,26.65655945372072,26.65655945372072,7322100
27.101226806640625,27.462515950650452,27.050277427174763,27.212393104857888,6748300
26.851102828979492,27.05953674437611,26.70751341072726,26.98542647587487,7363200
27.022480010986328,27.420823330182056,26.97152887477366,27.02711112931111,6919400
27.28649139404297,27.397657643423425,26.892781054387047,27.02710465677363,5795800
27.559785842895508,27.56441696222733,27.147547312155698,27.286503862179575,6873800
27.518085479736328,27.71725708694944,27.309649871382195,27.629251726501053,5212200
27.16607093811035,27.64778678263787,27.045640651782385,27.643155664053616,6880500
27.661685943603516,27.708004200961796,27.379139979704544,27.393035103526376,7380200
27.541255950927734,28.03686873122231,27.457881673221333,27.74506052617818,7476800
27.175334930419922,27.680211701260927,27.073434412631986,27.425457756398746,7136800
27.226285934448242,27.305029090491082,26.864998587822146,27.05027514692324,5250200
27.476409912109375,27.550520185473953,27.328189365380222,27.411563643781406,5121900
28.194353103637695,28.236040242227656,27.721899455260893,27.721899455260893,9218000
28.25919532775879,28.453735868986975,27.84232576843213,28.018338302509438,8220700
27.805259704589844,28.222130880176483,27.508818765029286,28.115597527954872,8970100
28.476900100708008,28.49079522509872,27.84233076089275,28.009079321294617,10951000
28.24991798400879,28.57414910112122,28.148015766100844,28.518566876320097,11450400
27.981290817260742,28.689970520980253,27.819175122595674,28.435216529251484,9434400
27.893272399902344,28.62047977731502,27.79137014395763,27.990541771343544,11277400
27.782106399536133,28.245295906231156,27.189224396383384,27.629254781129205,9758600
28.26382827758789,28.43520792680504,27.976651233805203,28.02296948486021,8885500
28.33331298828125,28.71776128587917,28.305522737225914,28.54174870583865,7225800
29.08831214904785,29.15779130924861,28.435214757488822,28.51858904295835,8404900
28.671438217163086,29.06051756907978,28.44910564441511,29.06051756907978,8684100
28.717769622802734,28.926205400870167,28.27773892842238,28.5324929829808,9835300
28.879871368408203,29.134627066495195,28.70849170809088,28.94008651222223,8666800
28.72237777709961,28.879862264944045,28.38424968168341,28.717746659925172,6501300
29.1160888671875,29.264309348598704,28.666794539013065,28.699217658888795,15199900
29.1253719329834,29.162426194127367,28.773346734008037,29.09294879188418,10326500
29.04661750793457,29.48201683452797,28.94934812230634,29.268948289482527,12982200
28.43056869506836,29.09292974431552,28.33329756852686,29.065137741456876,12274500
28.05075454711914,28.532470246319342,27.772839808848076,27.98127542081948,12016800
28.26382827758789,28.63437958681201,27.999810359332706,28.16192600495325,9440100
27.535043716430664,28.46471430497939,27.226711088762517,28.039588988313994,11008500
27.42291831970215,27.866730806706258,27.42291831970215,27.53503828102266,8819400
27.315473556518555,27.703224341441512,26.829615562440328,27.427593535388954,11406800
27.198673248291016,27.446273099164305,26.63806816473626,27.095895144706887,10186800
27.14261245727539,27.843368391099517,27.072537933161676,27.54905218201582,8480700
26.909034729003906,27.334160044040196,26.455880309269286,27.02115649414221,13293100
27.7919864654541,27.908779143556824,27.109915870926933,27.30612849683922,11080200
27.95083236694336,27.99754873835517,27.661185161421066,27.843381504888594,5325600
27.306133270263672,28.06762216360254,27.287446010792927,28.030247644661053,7821700
27.932138442993164,27.950825699946627,27.315473220448172,27.315473220448172,12303800
28.02090072631836,28.123678859229983,27.59110450162419,27.8760771555897,11501600
28.38062858581543,28.427344957061173,27.950832267585515,28.221790428618434,11399900
27.726591110229492,28.632903761091182,27.712576554058387,28.618887422804594,8690000
27.53036880493164,27.899434076407488,27.329485266387305,27.731252343475973,10554600
26.70815086364746,27.89476499375875,26.703479940288272,27.427594244780916,13807800
27.03049659729004,27.095900209208388,25.885928042374662,26.521280470349634,15265800
26.876331329345703,27.245396631044272,26.778225904473395,27.07721488434037,12866100
26.904373168945312,27.28745317813994,26.76889317536985,27.039853162520775,10809600
26.525957107543945,27.17065330212253,26.483911664808055,26.90436609216695,14723900
27.0164794921875,27.025821336908418,26.582010645966275,26.698803308238336,9987700
27.763954162597656,27.908777717606867,27.198678057169833,27.236050785553495,11799900
27.427595138549805,27.7078986663396,27.142620687248616,27.6097914514499,12494500
26.866989135742188,27.432267099487884,26.680121904403475,27.432267099487884,8140200
26.866989135742188,27.273428972686737,26.82961640232044,26.983781823622003,7998400
27.226707458496094,27.651832718477515,26.857643964881174,26.871658515415415,7878200
27.404239654541016,27.549063247261817,27.08189243707045,27.301461506022047,6290400
27.427595138549805,27.693882331575335,27.404236956762748,27.45095332033686,6558900
27.880748748779297,27.96016691586844,27.3388307841523,27.432265284697962,5870000
28.076955795288086,28.679606371007125,28.01155218839417,28.03023944239661,7787700
28.665607452392578,28.72166746285377,28.193763833173705,28.193763833173705,8304000
29.17481803894043,29.422418003038796,28.740349034165586,28.76837992490163,9986800
28.992616653442383,29.29160564074363,28.94122758710343,29.1748129561969,8103100
29.314966201782227,29.431758895813232,29.086051737350818,29.090724443096505,3133300
29.842864990234375,29.912939526376988,29.221527100170675,29.319632520039217,9895500
29.88957977294922,30.17922509439814,29.749428925932946,29.84286341798203,8434200
29.749425888061523,30.36609097765395,29.585916880258427,29.968996654638133,8958300
30.02506446838379,30.13251531606671,29.61395546502389,29.712060901136017,6305000
30.506258010864258,30.618378017174308,30.141861752952792,30.14653445944968,8775700
30.305376052856445,30.781888778800603,30.132521545364554,30.62305239156286,9700200
30.33806610107422,30.744502324981983,30.31470614061144,30.39412430341761,10201800
31.01079750061035,31.202339246110014,30.571659356997085,30.59034661735538,14930500
30.305376052856445,30.992114247610772,30.146536101387774,30.697797878430347,10740900
30.623056411743164,30.86598373124254,30.268005500876626,30.55298005819654,8677300
30.828603744506836,30.992112831022283,30.394134706491066,30.62305099184346,9964200
30.51560401916504,30.945400405464113,30.459542226252942,30.85664035530899,8366600
30.109148025512695,30.73048586727532,30.090464335377433,30.73048586727532,10087800
30.959402084350586,31.132256534086636,30.202587798123517,30.202587798123517,8368400
31.277080535888672,31.37518953069235,30.739837020494207,31.02948060669366,8346300
31.534006118774414,31.772264051877816,31.183628273010253,31.281733642116887,8369300
31.6414737701416,31.98717909770567,31.55271019465001,31.973164546676404,9268500
30.85662841796875,31.043493860254983,30.3333959125697,30.973421101512567,15358000
30.730480194091797,30.922021842796156,30.482880356871952,30.69310569226236,9143300
30.950061798095703,31.043494521228173,30.4875637593991,30.702461873987723,7228700
30.81926918029785,31.337829237410354,30.730505556252695,31.066869221864224,10020300
30.599695205688477,30.8986843088193,30.599695205688477,30.711815228304722,10382000
30.674434661865234,30.851958272458393,30.34741298227134,30.819256460922016,7626500
31.22101593017578,31.31444863608593,30.744499863037916,30.79588892055728,9229100
31.39386749267578,31.501318314675153,31.164954863130234,31.22568576690332,8544700
31.52468490600586,31.879732122461526,31.44993587250145,31.538699458730413,10704900
31.463951110839844,31.622791028382863,31.230365722393774,31.43592200477997,8830800
31.697534561157227,31.762938180784644,31.351829205379456,31.463949186993606,5109000
31.323789596557617,31.585403987334544,31.02946984270482,31.53401493711354,6260600
31.23503303527832,31.650814669787348,31.06685129949607,31.650814669787348,7278400
30.797164916992188,31.54578709546482,30.580578740005045,31.54578709546482,9467500
31.145570755004883,31.154985824500287,30.519362664636294,30.519362664636294,11987700
31.668216705322266,31.691756191188883,31.150301318054883,31.23975711181902,9074300
31.493980407714844,31.804731530351415,31.418649088151202,31.743521016529257,7934000
31.333911895751953,31.442201385348273,31.173826939079095,31.357451371149175,6892000
30.92429542541504,31.376294438180285,30.80187790357169,31.28212932425084,7566200
31.418659210205078,31.41865921020508,30.896034766246743,30.92428357116315,5336500
31.437480926513672,31.776480863325432,31.409232129168192,31.45160891735291,4349400
31.150283813476562,31.31036515922324,31.009032608974028,31.22090582356048,5449300
30.95252799987793,31.074945457486898,30.665319883276286,31.06082105702566,7134000
30.69358253479004,31.018454630478242,30.203916132864574,30.957247677300614,9205200
30.321626663208008,30.693584928062812,30.298083591290343,30.693584928062812,6609700
30.524078369140625,30.557036507506847,30.26982833367219,30.47228649568404,6277300
31.235029220581055,31.616406023600046,30.768906008188104,30.947824673756866,13338500
30.707706451416016,31.253870465379684,30.65120523941918,31.117328563846744,11065400
30.792463302612305,31.286835546598237,30.59942014626859,30.60883881310769,7998200
30.236873626708984,30.82070511209521,30.189791079723786,30.79245630233771,6574500
29.19162368774414,29.9826226668407,28.899707953770214,29.959081394051253,18665200
28.904422760009766,29.342297369148003,28.701964530146522,29.191631030098765,11857200
29.375259399414062,29.4741338607119,28.946801604372105,29.00801037397372,9513200
29.215171813964844,29.558879506354497,28.956214160365448,29.408213169857234,8014800
29.092750549316406,29.23399998837564,28.833792945027135,29.219875583294936,10521900
29.59182357788086,29.75661603983823,29.05978411601193,29.191616648710987,8206300
29.139816284179688,29.733066100458906,28.965608803055233,29.667148057252195,7752300
28.664291381835938,29.28108098548611,28.654874513586105,29.144540886073486,9623200
29.215171813964844,29.375255021003735,28.758465267244443,28.758465267244443,9061000
29.16337776184082,29.394086582794866,28.847920704464197,29.332877826854524,7444100
29.2763729095459,29.58241483572808,28.58895770473994,28.93737284313904,10800900
29.940242767333984,29.992034636662147,29.21045265355166,29.276368925029796,10870500
30.227455139160156,30.4864145373485,29.794289956888832,30.05795689136967,12291600
30.38282012939453,30.566444513873268,30.170946944893473,30.18507134490463,9956300
30.538204193115234,30.67003675271324,30.137997182287613,30.321621617751674,6797400
30.373411178588867,30.768908827238484,30.34986811238315,30.55703560005727,7955600
29.634197235107422,30.137989668143177,29.624780369472003,30.133280337283733,12808700
29.99203872680664,30.100330015586547,29.29520665373337,29.78016368524424,11281000
30.076784133911133,30.354575413367108,29.860199793460758,30.194490476646383,9577800
29.973203659057617,30.07678740723829,29.56828733007919,29.90728738151859,8886400
29.77545166015625,30.222742948000203,29.72836732686108,30.14269868335658,7807100
30.086212158203125,30.095627232246656,29.662461982871235,29.704837000404424,10930900
29.709535598754883,30.053244968715074,29.662453058365596,29.95907809185271,9417600
30.14271354675293,30.208633441954987,29.808424493979185,29.89317453961714,8136600
30.227455139160156,30.472290132386973,30.105039438630797,30.302790088512438,7704500
30.627666473388672,30.69828849981521,30.21804075927387,30.32633385340819,7813300
30.57115936279297,30.68886750702178,30.46757562112482,30.655909370324412,6809000
30.415788650512695,30.801871282097427,30.255707272811545,30.575873620381913,8085200
30.905454635620117,30.905454635620117,30.302789422715694,30.509956936714598,7052200
30.73595428466797,31.01845315133929,30.566454246231583,30.994913674548002,9599500
30.905454635620117,30.905454635620117,30.38283011051781,30.575873219865517,6606100
31.493980407714844,31.559896659395395,30.820689900835248,30.905439880448284,9061900
31.81886100769043,32.13902724932011,31.27269358695933,31.385695972593485,11946400
31.781190872192383,32.2520233295582,31.677607156825253,32.14843961419106,8884500
31.865951538085938,32.24261906708543,31.743534052335935,32.040160898877566,8888200
31.258569717407227,31.865944079875106,31.08436039738922,31.644652227793753,8869400
31.639949798583984,31.710575408168086,30.961953286212655,31.122034648580083,10721500
31.5363712310791,31.809451427237896,31.315079319578775,31.63995139256394,7874500
31.91775131225586,31.96483386699102,31.324501064520522,31.522249949709412,9013600
32.4450798034668,32.64282865536874,32.016620365511194,32.016620365511194,8608400
32.84998321533203,32.93002747347559,32.37444495829479,32.51098681963728,10218800
32.4450798034668,32.92061819606412,32.317952975695505,32.88766005408046,9893000
32.727569580078125,32.85469278034829,32.29911026121001,32.29911026121001,9312600
33.05244827270508,33.14661695139485,32.741700613448316,32.892366907184154,11484500
32.741695404052734,33.14190234634756,32.553361668805984,33.09952914180483,8790400
33.12308120727539,33.34908249393249,32.515706566063564,32.741707852720666,8858100
33.13719177246094,33.27373363559027,32.91119417237363,33.174859236531184,8066700
33.179893493652344,33.502443010246004,32.999646618078955,33.13246048628108,8780000
32.515811920166016,33.42179396251731,32.48734923132575,33.35064266877435,9311100
32.77669906616211,32.86207990501659,32.188521964556536,32.30710626191524,10323100
32.843116760253906,33.16092553182865,32.601207319874426,32.65338109843935,7456100
33.30794906616211,33.35538204857193,32.942707501906845,33.00437363605374,7708400
33.013885498046875,33.44078992297271,32.738768910993834,33.307976017197454,7388400
32.65338134765625,33.108748387049324,32.60594833656728,32.71504751908801,2883700
32.61068344116211,33.04707280921919,32.44466614015189,32.8668259708232,9568100
33.146690368652344,33.23681561682231,32.65812351176436,32.677097438689955,7682000
33.701656341552734,34.152275191658326,33.1609122738639,33.29846686430475,10238300
34.30406188964844,34.607637370351995,33.74908830325961,33.79652129357482,11974600
34.67879867553711,34.749949991000804,34.07164753887189,34.308816177813384,10402900
34.8637809753418,34.88275489585551,34.484309802877995,34.67878977396465,7489600
35.07724380493164,35.18159859566121,34.522270002131584,34.93968916504986,8262900
34.892242431640625,35.29543193703201,34.86378335837744,35.029800650588605,10276400
34.77840805053711,35.10095753480235,34.65033858158018,34.939684602122796,7181300
34.54598617553711,35.10095994395124,34.51752347688838,34.92071307407238,7637300
34.958641052246094,35.11991753991011,34.46533367786187,34.545970112241534,7986000
35.029815673828125,35.37133917507775,34.80213575226644,35.31916177244756,9241400
35.290687561035156,35.44247531665422,35.03928943006348,35.352350092756616,7637100
36.03540802001953,36.144503580787706,35.3144132422101,35.44248634960696,9234800
35.75554656982422,36.10181441243526,35.5658145332826,36.0448926301288,9534400
34.78314971923828,35.77925717200794,34.74520187254656,35.62272501858398,9217200
35.33338928222656,35.475691939195364,34.38945893979374,34.617142467162445,9201300
34.93492889404297,35.53259466625734,34.85429245383685,35.319140795299724,8691800
34.735721588134766,35.17685541575472,34.40842769763747,34.93968676905381,7539900
34.49855422973633,34.86853675338124,34.465350762714515,34.7689263523158,4486600
34.66930389404297,34.816350885554776,34.403676222520645,34.45585360355619,4007500
35.119930267333984,35.16736326834082,34.749947793012225,34.75943294565119,5114800
35.2337646484375,35.3428637905986,35.10569520398402,35.224279497291306,4057500
34.87800598144531,35.14837798056873,34.86377644763432,35.04876762498693,5410000
33.66371154785156,34.73097024420016,33.46449079307051,34.51751633358707,12719600
33.336421966552734,33.65422706138376,33.013872485840416,33.630512369789464,10825300
33.46449661254883,33.734868717885306,33.260531437020866,33.33642352012792,9618000
33.891395568847656,33.94357295663593,33.20360799368378,33.70640432810962,9435100
33.50244140625,33.83922044704042,33.132458899998724,33.668462352460566,10500000
32.92375183105469,33.35065248130622,32.696068347868504,33.0850247666775,11936700
32.58222579956055,33.74435057665536,32.482615414572926,32.88105695452341,12407200
33.369632720947266,33.49770583538269,32.776711017949246,32.776711017949246,9345000
33.047080993652344,33.53564786572611,32.83837502879673,33.241561036504734,8281700
33.59257125854492,33.616289573802725,32.96644609615127,33.06605650620176,10545100
33.63999938964844,34.07638882338858,33.21309510929122,33.59731077106586,10648300
34.30406188964844,34.3372653447596,33.58307102770379,33.834469133389064,9983800
33.78229904174805,34.436883134597025,33.654225959489054,34.39419451978134,11969100
34.41790771484375,34.74520155649748,33.96254441540272,33.96728880092249,9268800
34.55070877075195,34.74518869712056,34.00996482661629,34.384691528061964,7061700
33.92458724975586,34.522252999360916,33.810747360894595,34.38943919253864,8441500
33.91511535644531,34.32779009086145,33.78704588378167,34.21869092466883,7266600
33.929344177246094,34.29458589993767,33.79178593535372,33.91985902421145,6323100
34.659828186035156,34.659828186035156,34.081136070626286,34.12856907933544,6398000
34.56969451904297,34.83532581716882,34.289837302565424,34.6218719015906,9757800
35.323890686035156,35.556314892997214,34.67404744088186,34.74519874229223,10956200
35.119930267333984,35.39504673964206,34.768921717196164,35.00609034113637,7377300
34.99660873413086,35.23852179336822,34.844820928491224,35.12468184386518,8431500
34.80211639404297,35.18632830978238,34.59815128418888,35.17209877496316,8374800
34.45585250854492,35.143639972838216,34.40841951426702,35.03928883298903,9573100
34.98236083984375,35.06299727764928,34.194959523187855,34.37046555156299,10159500
34.77840805053711,35.10095753480235,34.6550793486076,35.067754071079726,6502300
34.30406188964844,34.707247735685485,34.10009677427838,34.67404428057432,12468000
34.54598617553711,34.607648721280995,34.37522445927024,34.4985531696644,7909300
34.4886474609375,34.894732745947586,34.29276892814951,34.70363271625757,7907900
34.09212112426758,34.42654349733337,33.99657291622892,34.42654349733337,10225000
33.829345703125,34.1303293736538,33.78635011872326,33.924897521121906,9619000
33.499732971191406,33.75293914469471,33.451955195492076,33.75293914469471,9347500
33.413719177246094,33.628704466555725,33.06018279069937,33.499714021956045,13256400
33.76246643066406,33.90101385430977,33.36593452625703,33.45192935317747,8403100
33.95357131958008,34.053898024551316,33.71469717109705,34.01090242739089,7862500
34.11600875854492,34.407431875948056,33.98223616925106,34.120783617321926,7451800
32.76397705078125,34.02523218503454,32.49643554250357,33.7815795480972,13910000
32.73530578613281,33.32293768893246,32.65886796780115,32.76874801507721,14002600
32.2957878112793,32.73531541958831,31.04886432308584,32.162018856135745,14150400
31.908809661865234,32.36744759631811,31.68426737579418,32.28623125942058,10827100
31.73682403564453,32.16679829316994,31.536170597109596,31.626940307914964,11700900
32.329219818115234,32.34833018350612,31.899245709143987,32.142898311715946,11528000
32.64454650878906,33.35161204465592,32.28145673243728,32.39134045966387,12789500
32.7066535949707,32.99330189343731,32.48211127361042,32.940749280143166,10777500
32.711429595947266,32.98374600538989,32.48688729177113,32.88341929085109,7668900
32.8834228515625,33.060187424682134,32.51555454682248,32.71143313803513,9416400
32.410430908203125,33.25126862509327,32.28621902059705,32.88340417422634,9446000
32.6397705078125,32.79264984985418,32.047363513017366,32.63021714359222,11393700
32.90251541137695,33.103168753548616,32.396099909082594,32.58242139037471,9996200
32.52510452270508,33.203506221071784,32.37222521539807,33.07929064484416,12720300
33.14617919921875,33.322947400831886,32.735315326768166,32.76398270631097,13988200
33.46626663208008,33.50926222534983,33.055402842273935,33.15095103504889,8243100
34.08255386352539,34.15421682046142,33.46626191069197,33.62391604203596,10162300
34.842201232910156,35.09540737639276,34.058693917445005,34.182909558657414,13192000
35.210044860839844,35.39636638830022,34.97117073384655,35.06194406848157,10883900
35.544471740722656,35.616134709651675,35.11927607532182,35.420256170907685,10111300
35.43458938598633,35.53014122984281,35.171830016473834,35.35815155583129,8548500
35.39160919189453,35.678257558349145,35.23872982012329,35.57793081233662,10237200
35.80721664428711,35.82155214822945,35.50623667021158,35.5253470305395,10247800
35.334266662597656,35.74035202115875,35.057171751605644,35.74035202115875,8510300
35.749900817871094,35.85500601134288,35.377257782783644,35.377257782783644,8192300
35.99356460571289,36.113001712015254,35.577925808536655,35.644810296471476,9357500
36.09386444091797,36.18941258713718,35.663890493075264,35.888432646111355,6622200
36.12253952026367,36.26108692731944,35.983992113207904,36.09865065372916,6305100
36.06522750854492,36.499980323968366,35.89323778430391,35.98401115124534,6408600
36.80573654174805,36.89173139806948,36.141666568739005,36.20855105199668,8825600
36.57642364501953,37.011176525443254,36.528649524461215,36.80574452660391,10747700
36.867835998535156,36.89650337552498,36.44741880029773,36.667182584258,8049600
36.7913932800293,37.02548889893901,36.61940362064629,37.02548889893901,7265500
37.20225143432617,37.250025522499875,36.633729943750005,36.90604625576234,8308200
37.245262145996094,37.53668894061604,37.04460870722095,37.26437251801241,8811700
37.15449905395508,37.32171394405768,36.92996032182956,37.049397446227545,7045400
36.69585418701172,37.092386241893,36.65763708437884,37.01116988701788,8013400
37.4793586730957,37.56535352665065,36.81528872145009,36.92517245179896,15622000
37.054168701171875,37.6847965108306,36.97773084435973,37.29304292672338,12242700
36.834407806396484,37.17360879650302,36.743638071957534,36.83918631187171,9003600
37.417240142822266,37.7086668462662,37.049375620158244,37.06370748345391,10924600
37.35036849975586,37.44591671779773,36.92995123746841,37.3455899953745,10424500
37.3026008605957,37.50325434024402,36.94906437367457,37.46503358842581,8119700
37.1640510559082,37.77556846721336,37.14971918610125,37.30737339890901,11191300
37.43159103393555,37.56536001926748,36.98728482126506,37.25004793168956,9242100
37.57012939453125,37.73256572648319,37.302591488881696,37.4936915550302,6413800
38.00965881347656,38.152984781176826,37.469804472343,37.57490969599909,7087700
37.885440826416016,38.3870743435798,37.64656668159606,38.12431497123596,7749200
38.01920700073242,38.07653445856679,37.50801651377307,37.56534397160744,7298200
38.243751525878906,38.31063599392856,37.68000840593891,37.942767774725354,7018200
38.10042953491211,38.20553475130075,37.689565677173164,38.18164587669224,7409000
37.35512924194336,38.0669729691902,37.3360188784357,37.99053151515957,7882900
38.23898696899414,38.2819825805945,37.503253907181225,37.503253907181225,8427500
38.635520935058594,38.66896318290053,38.13866207788445,38.219878444796045,12527500
38.56861114501953,38.874369680458514,38.51128005277625,38.66893782274833,9846800
38.847713470458984,38.943953081721325,38.3087621019947,38.568613457970024,9402800
39.19900131225586,39.45885273423323,38.59268132764199,38.857345832796746,7783600
39.86787033081055,39.90155456506337,39.36260681701821,39.396291051271035,11114500
39.858245849609375,40.20952375054149,39.73794449451914,39.992982779901475,11359500
39.545475006103516,40.05074233739368,39.4781065181058,39.85825936969708,9214900
39.17011260986328,39.89673364928031,39.05943377420169,39.54545216082018,14228400
38.48198318481445,39.40108327349829,38.376117445831014,39.300030614824436,13263200
39.04020690917969,39.04020690917969,38.631182905412984,38.68892889598166,6839500
38.83810043334961,38.97765048676029,38.49644492519535,38.968027990904105,7964700
39.57915496826172,39.5984036300797,38.57343716959336,38.76591644515948,10776900
39.21344757080078,39.63209780989614,38.98728032685184,39.53104506348852,11512700
39.569522857666016,39.70906919714983,39.324107068256,39.343355725396584,7346300
40.00261306762695,40.060359050992496,39.45885215833495,39.55509179263747,7958100
39.81012725830078,39.95929976835297,39.54064971817623,39.80050109366806,7402100
39.357791900634766,39.810126172071755,39.15568650453543,39.810126172071755,7520900
38.592681884765625,39.48772446072848,38.5445620662174,39.29043210328872,10980300
38.82847595214844,38.85253402621232,38.07298340597297,38.50125604016313,8551500
39.15087890625,39.35298433065842,38.62636301379211,38.81403653223596,6784500
38.76590347290039,39.36741018602909,38.737032325488016,39.1460561561544,7413800
39.04984664916992,39.242329679993084,38.842928033514006,38.886234788012274,9948700
39.61765670776367,39.723522523909175,39.170135366707754,39.17494845052544,8437000
40.0218505859375,40.2287690462541,39.824558289155085,39.87267809290891,9432300
40.12775421142578,40.42129006392809,40.070008189663156,40.070008189663156,5996000
40.07959747314453,40.300951512537296,39.91598573105941,39.935234387263876,7033200
38.96319580078125,40.2768842837228,38.862143122963076,40.22876448542442,11012500
39.86787033081055,39.94967437523795,39.15087524668265,39.21343063277898,10058700
39.242313385009766,39.911188794112284,39.218251639407605,39.86787838628978,13441500
39.9160041809082,40.257663397326006,39.21825750968827,39.24712867168683,12688600
39.79568099975586,40.315383659173165,39.63688602435513,40.17583366703488,13487200
40.368324279785156,40.421257172167486,39.2759895406263,39.579147647747334,10245400
40.50787353515625,40.84952895235309,40.344261778702126,40.84952895235309,8594200
40.5367546081543,40.99390208461269,40.19028602385526,40.801419129856896,10730000
40.97465515136719,41.03721055399754,40.61856405638947,40.75811044138739,8212100
41.54246520996094,41.71569945661788,40.228772784696865,40.228772784696865,4605600
41.65797424316406,41.932261325170586,41.14789741343808,41.76384007679954,8746800
42.19211959838867,42.32685661871689,41.65798093115291,41.65798093115291,11725300
43.067893981933594,43.21225710626166,42.081421198740905,42.129544687721435,10646500
42.827274322509766,43.409532330607476,42.25463880562705,42.827274322509766,13871900
43.66940689086914,43.727152882808674,42.687747055740665,43.058277412564955,12243200
44.89646911621094,44.93015335023048,43.669393773073196,43.746388405864245,12604300
44.910892486572266,45.71450447357342,44.694347894177504,44.98307401737052,9575600
44.328651428222656,45.25737817847967,43.95812114191706,44.99271368826139,10496400
43.83784484863281,44.790633887215336,43.64536180665255,44.790633887215336,9741600
44.79060363769531,44.959024808943354,43.597212520426275,43.83300216017353,11378500
44.752113342285156,45.10339498712108,44.501888087359184,44.97346744084072,8423900
44.328651428222656,44.90128346958479,43.97255671932778,44.75211094126534,10331400
44.54520797729492,44.82912122690916,43.86189681847914,44.35272497826443,9655600
43.23630142211914,44.343075232986116,43.101564506981724,44.09765946823976,10963400
43.81376266479492,44.12173389405156,42.562625415719864,43.241126939470874,14151400
42.08623123168945,43.52503460230603,41.51359553034527,42.95240257226834,17050200
40.99870300292969,42.798414035040494,40.709980466265215,42.495252250932495,17074500
41.59059143066406,41.86487841827637,40.36832902249323,41.3114913600953,12117700
41.027584075927734,42.081421678841366,40.97946425770497,41.50878960076894,11880000
40.98426055908203,43.06788069622504,39.72350483693987,40.79177767645789,21528500
40.368324279785156,41.3836680572191,39.742755735979145,40.66667297582138,15781800
38.987266540527344,40.90246597447157,38.7755386249126,40.281710462066926,15550400
39.46847915649414,39.49735398712481,37.72170426258454,39.06908132439237,17120400
40.02667236328125,40.36832781685364,38.74666401178146,39.136442950867945,15323400
40.58005905151367,41.20562397337726,39.930432387102606,39.930432387102606,14455100
39.03058624267578,40.77736123705452,39.03058624267578,39.988184352158285,15584400
40.14216995239258,40.29134618369801,38.21253815504386,38.563816184324644,13317300
39.67540740966797,40.570450280855155,39.51179923837751,40.46939752718022,10532900
39.67540740966797,40.276914518191184,39.51179923837751,39.96894317233194,15389400
39.13746643066406,40.61553837592062,38.95331056202658,39.85954097044271,12249800
39.44277572631836,39.71900585650166,37.92108642007133,38.6673932290771,19400800
40.88209915161133,41.240713018606655,40.09702195350232,40.55740816801668,16210700
41.138919830322266,41.45876713787858,40.23268948956081,40.7076132712101,9238500
40.85300827026367,41.313390616388084,40.49923801998482,40.77546816712259,11327200
41.38123321533203,41.463616795676195,40.877233675137475,41.1001559087651,10251000
41.42484664916992,41.904613940689714,40.751229132279,41.57992313215182,8665500
42.268089294433594,42.41831864898887,41.62839812052185,41.62839812052185,7682700
42.161468505859375,42.350467896479685,41.84162110799988,41.98215978003064,6390100
40.85300827026367,42.03062178118061,40.85300827026367,41.967619523049585,10059100
42.01607894897461,42.34561698257625,41.0371592094225,41.28915714226352,10047800
42.253562927246094,42.45225306009567,41.4539478182704,42.01609902817099,7825700
42.529781341552734,43.0628566998212,42.384395472335775,42.79631717202884,8155000
42.99985122680664,43.26153983368948,42.239006520963436,42.25354436608852,9560000
42.82054138183594,42.961080043202294,42.544311239789124,42.873849277434054,9141400
43.09676742553711,43.29061396406748,42.69938368534169,42.87869238051244,8153100
42.476444244384766,43.14521064908249,42.25352210948552,42.61213565716572,9780300
42.18569564819336,42.78661662064053,41.63323538851662,42.43284639251716,10479000
42.932003021240234,43.19369533295982,42.01608177887955,42.40862209511681,10124500
43.2227783203125,43.537774859479065,42.78177724977361,42.8496229995002,11089100
43.65892791748047,44.01269820536401,43.392392103561214,43.44570000580826,8966600
43.93032455444336,44.2307833107782,43.31001831222283,43.324556162069115,7973300
44.06599426269531,44.361609387580145,43.61530265404426,43.6201498340318,7733600
45.23393630981445,45.32601428999957,44.075707421734165,44.19686110205484,9799900
45.607086181640625,46.00931723885376,45.35508448665457,45.408392395312525,11383700
45.63615798950195,45.859080271568466,45.432620735960725,45.56346505686119,8196500
45.96083450317383,46.21283609775816,45.6070680110083,45.68945158345069,12637900
45.723388671875,46.280696224512994,45.64585225525507,46.03838891443701,9028600
44.526397705078125,45.355088405846686,44.41978557586617,45.11278105366933,12501200
44.83169937133789,45.22423602899483,44.32769972465992,45.156390278222425,11794400
45.31630325317383,45.37445462730648,45.020688110282045,45.195149627310485,7408900
45.350215911865234,45.7475995673505,45.06913867577911,45.33567807160464,8880700
45.76700210571289,45.81061564318926,45.20000023730931,45.214541780450595,8942800
44.85592269897461,45.54892167088869,44.49730895815596,45.51499879942362,9137300
44.33255386352539,44.5748612106871,43.98847417691707,44.34709171278442,8754800
44.50699996948242,44.59907792016915,43.872156071124174,44.41492571611141,6764800
44.739620208740234,44.86077386005261,44.38584992008906,44.633004404014784,6498100
44.381011962890625,44.56516420478422,44.24532044809361,44.3664741144933,5658400
44.972251892089844,45.06917336663958,44.42948202158642,44.502174976157356,8702300
44.62331008911133,44.81715665482015,43.755849572984026,43.77523459928648,11527500
44.09992599487305,44.98192436687788,43.69285152963194,44.8365385165399,9177800
44.29862594604492,44.45854596702799,44.0417770815113,44.35677733646921,6009000
44.74446487426758,45.040080062633976,44.574850511430085,44.71538548541272,8492000
45.28722381591797,45.481070356536044,44.63784215675993,44.77838080627515,10890700
45.19516372680664,45.524701839853265,44.60878043837239,45.49562244639983,10719100
44.7880744934082,45.432612713120726,44.58453727580914,45.103074681015606,10038800
43.26154708862305,44.923775444132666,43.1452406108022,44.923775444132666,14112700
42.85930633544922,42.8932292015849,42.02576882775521,42.723614870906495,10815500
43.0919303894043,43.47477637636428,42.55885505594313,43.09677757077029,9629900
43.56684112548828,43.81883902036863,42.79145872126228,43.188842434510285,10985100
44.211387634277344,44.39069265397318,43.41177287626432,43.838232355123964,9233600
44.41493606567383,44.729936346457784,44.148396513322034,44.516704704576355,7481600
45.0109977722168,45.34538299262353,44.39069174393199,44.51669256133845,9247200
43.654075622558594,44.56030238321765,43.465076260853486,44.463380960866665,9627000
44.347076416015625,44.647535056575364,43.70253820753195,43.809153995078475,9891600
43.150089263916016,44.33255020358669,42.88354972511602,43.6395511000231,10542400
42.87871170043945,43.26155407245793,42.2099410260464,42.47648059878521,12374800
42.87871170043945,43.227631190229076,42.38440261959965,42.389249802008585,9089200
43.92546081542969,43.954536504162895,42.980463958446016,42.980463958446016,9880100
42.423160552978516,44.06115649369987,42.31169757334783,44.05631300999282,12781100
43.21792221069336,43.90122674815387,42.50069110806228,42.63153909644353,17597400
42.28746795654297,43.082235546970445,42.20992785146921,43.082235546970445,10164000
41.32307434082031,42.16145900298564,40.90630929703324,42.16145900298564,12513300
42.07908248901367,42.15661889482445,40.50892867654482,41.58962075564628,11950300
42.030311584472656,43.09387618642173,41.820525786587005,42.615758418386925,9957500
41.0594367980957,42.19130320370666,40.727682659097,41.927851059015374,11934600
41.94735336303711,42.18641026855206,41.32287233214633,41.41068968632016,11368700
41.48388671875,42.13763920116292,41.28386050188005,41.94736881738283,8547800
42.88407897949219,43.230468698324316,41.49364032722825,41.49364032722825,10941300
41.835140228271484,43.17191217994452,41.757078704756815,42.83528209577787,11438800
42.28398895263672,42.47425929106784,41.888812668538066,42.18153597980295,3428300
40.87892532348633,42.60599814231594,40.747197380171464,42.371817199856075,10304600
41.13258743286133,41.26919133043017,39.96657080724254,40.713016191941584,14542300
41.98639678955078,42.20594212175818,41.02040923881364,41.235071071099775,10885100
42.2303352355957,42.605999970762255,41.76685683069044,41.76685683069044,8839800
42.820640563964844,42.820640563964844,41.96686223591408,42.50840193033767,11708800
42.854801177978516,43.02068008309231,42.31814113847661,42.493775874630536,7934200
42.5230712890625,42.82555058529153,42.3620720830292,42.51331173114371,6584600
43.56708908081055,43.77199498243311,42.83039932344024,42.83039932344024,10450000
44.581878662109375,44.737998031723734,43.35243909166873,43.55246528921555,9627700
44.3769645690918,44.68432347492897,44.074481717346615,44.24524038721263,6682700
44.74775695800781,44.8892407163256,44.274519078643316,44.50869999086777,5505300
43.854923248291016,45.17217944742073,43.81589249754623,44.72821675477492,8014900
44.77703857421875,45.357609351413856,44.362346757156615,44.8404645246432,10816100
45.411258697509766,45.47468090194466,44.45990329791366,44.64529757917976,8527400
44.894100189208984,45.352702290079336,44.84043754970304,45.12828101493668,11090600
43.89883041381836,44.76724407945461,43.703680397206654,44.73796915754782,8210000
44.489173889160156,44.70383564130229,43.718333069716714,44.20132666475955,8744300
44.34770202636719,44.94290829368659,44.06473450220232,44.58675899986813,8325200
44.90875244140625,45.13804983566334,44.347697230969196,44.36233283888146,6188100
45.879615783691406,46.191854467368614,45.01120171207801,45.03071709508018,13596000
46.09427261352539,46.2455121506512,45.67957731646246,45.67957731646246,2917500
46.26990509033203,46.445539787892365,46.0113328195288,46.0113328195288,7477600
45.738121032714844,46.3869934030883,45.68933444804885,46.3869934030883,8155100
46.2796745300293,46.31382552173098,45.51859315943229,45.864982853029105,7895000
45.53321075439453,46.143052309375136,45.37709146520659,46.04059937479969,5086600
45.59663391113281,46.19671965182359,45.230728970320214,45.84057053834121,9058000
46.15769577026367,46.26990455106614,45.59664069971704,45.762519566447686,10479200
45.54298782348633,46.45043277831835,45.46980605832003,45.801560167851946,13103800
44.94778060913086,45.73325717889125,44.46966670190748,45.73325717889125,12892200
44.372093200683594,45.557625950951966,44.191582388429424,45.084391784027204,10987700
45.162445068359375,45.25026243815076,44.17694233819292,44.33793774766128,12448200
44.8355598449707,44.93313302225949,43.97690174055254,44.689196356859405,13786500
44.235496520996094,45.16245706566598,44.020834677287496,44.689219098418825,10575000
44.35258102416992,44.81117957639312,44.108644277731,44.503820615864655,9968600
43.0645866394043,43.93300448375693,43.006044209168095,43.88909393890085,13693400
42.07905960083008,43.1182280805539,41.571671073184945,42.78159813482746,15709400
40.37153244018555,42.52793243369777,40.05441391827388,42.20105807946888,18910400
40.7179069519043,41.45947648475223,39.45919288953892,40.371517340418265,18869200
39.63971710205078,40.18613669624194,37.488193439465874,38.166340947216376,20897900
39.7372932434082,39.75193257436005,37.27353441596666,38.42491612034849,20405300
40.82037353515625,40.830133089261956,39.58605421551368,39.932443942680536,13949600
39.91779327392578,41.46923051746634,39.732402759831736,41.31311121028771,14050100
40.425174713134766,40.620324742703495,39.142069503367196,39.58115241717532,9749400
40.29833984375,40.84475936120116,39.95682997170455,40.595942898894656,9187700
40.605712890625,41.581459886969256,39.97147585412948,40.05929323268764,9415400
40.61546325683594,41.22530504747912,39.63483661527161,40.05440806500843,12634300
40.24467468261719,41.43508693891712,39.77631667739555,41.32775419814535,16063300
40.015380859375,40.48374267180138,39.522631328638056,40.25444154255784,10299100
38.90301513671875,39.512856749756885,38.839592948946795,39.386012374212974,15682500
37.81507873535156,39.298214728228444,37.68335079649734,39.0933050146974,15108200
38.41517639160156,38.65911325618,37.327220060003185,37.61994355306108,12570900
38.66885757446289,38.77619034812287,38.244406257402,38.68349318502021,8281700
39.23965072631836,39.259166105506104,38.302934858374535,39.13719777721619,17626800
39.5762939453125,40.16662034840999,39.22990425699143,39.43968625840744,12330400
40.35268783569336,40.436222697050574,39.45344903689326,39.76302139020858,12149400
40.70649337768555,41.07012242209142,40.588561558708335,40.775291000155924,11190400
41.07994079589844,41.124167562823736,40.146305010972156,40.549242086700225,26988700
41.684329986572266,42.008643222734925,41.39932483277479,41.4681186631421,12002500
42.42632293701172,42.68184610272642,41.129062438871244,41.2715650218693,13217100
41.659759521484375,42.50986007419651,41.43863702892603,42.04795542425028,12189400
41.97425079345703,42.1314943866706,41.124153906359076,41.90054203904815,12154700
42.83908462524414,43.04055118500558,41.92019031886834,42.03321088823376,11813500
43.30101013183594,43.43859784860103,42.401771305713105,42.62780880453919,12672600
43.350128173828125,43.70392713971919,42.96193229453001,42.96193229453001,9731900
43.74325180053711,43.87592833752729,43.12901829331837,43.3501446053074,8990300
42.58357620239258,43.53686391781496,42.249433073043,43.47298499197727,12983700
42.84891891479492,43.202717940072105,42.180632700156465,42.44598196911435,9859700
42.61797332763672,43.09461531313554,41.79735462804161,42.583576406023745,13698300
43.630218505859375,43.66461541935226,42.588477520245526,42.76537700363245,16220500
43.14375686645508,43.73341944932457,42.83909574088199,43.50246708385598,14296500
41.89563751220703,42.99142792170605,41.59589127935239,42.86367005939496,15910600
41.635196685791016,42.244515143274356,41.44846734068749,42.038133629301726,11854100
43.320655822753906,43.40419066691752,42.11184117045929,42.11675608746398,13477100
42.61797332763672,43.52703804082237,42.5344347331624,42.996339465379414,10956900
42.77030563354492,43.05039594721943,41.96934653454187,42.259262934229696,10964800
41.93495178222656,43.06514303150383,41.3207182226159,43.001264090938605,15842000
41.369869232177734,41.76297654955243,40.509942054877826,41.016070022251036,15926800
42.31822204589844,42.31822204589844,41.53691527864914,41.82192045155682,13429600
40.23966979980469,42.672033265330434,40.19544678176949,42.328063961775925,14797100
40.888282775878906,41.31087559561666,39.73843981216174,39.939906389581296,18373200
41.28140640258789,41.664687509395414,40.745792837420204,40.971830317101976,9971900
41.54182052612305,41.68923424577662,41.13396877868245,41.40914405455468,12123000
41.748226165771484,42.10694021444672,41.51236257810853,41.58115643692557,11674800
41.47304916381836,42.726083329780515,41.40916647662711,41.92512414724822,9148200
41.522186279296875,42.05288494451622,41.237181024014205,41.713826839128764,7522200
41.94478988647461,42.224880294907166,41.433747014267254,41.74331943969749,10192000
42.62289047241211,42.69659924305645,41.556582003906556,41.8071903245038,11069000
43.00125503540039,43.335398171421495,41.97425479053331,42.57866213546242,10681700
43.10444641113281,43.635145002135964,42.632715579902246,42.706424342372145,9823600
43.26660919189453,43.56635543948278,43.094620812897126,43.25677935647446,9750500
43.374717712402344,43.91524627291473,43.301012680500044,43.56144712384638,8328300
43.87100601196289,43.91523276648636,43.124099842855806,43.192893684129494,7393100
44.20024490356445,44.48525017145662,43.944725395478294,43.98403724256357,10708500
44.02825927734375,44.42137024146539,43.699031000557675,44.31817945690486,9119700
43.6351432800293,44.11178526069219,43.54177860131994,43.74816012890386,7441800
43.880836486816406,43.92997441001777,43.51229643933133,43.63514312182636,7182100
44.30832290649414,44.362375725195946,43.80711029096487,44.07737063549218,8401300
45.17317199707031,45.2468807396555,44.313245414535295,44.386954157120485,11915100
45.202667236328125,45.51224329607768,44.79973024100477,44.8144712440436,9127200
45.78742599487305,45.85621985269512,45.060171820631574,45.08965758040109,10182100
45.55154800415039,45.92008804867906,45.26163163529977,45.77267428025751,8558800
46.2050895690918,46.43604191177067,45.43852753720694,45.4483536213924,11475600
46.42621612548828,46.49992112980946,45.934829435438154,46.31319553722426,13022700
45.404151916503906,46.18545531563915,45.1633733766992,46.13140245480763,12930400
45.54664993286133,45.81691046050445,44.82922555643184,45.531908926678796,12739600
45.453269958496094,45.91025974155165,45.340249367425145,45.60068746876551,7163400
46.55398178100586,46.83898700883684,45.507329305123406,45.507329305123406,19505100
47.24684524536133,47.80211102292403,46.711231642221755,46.711231642221755,19536000
46.65224838256836,46.90285286745174,45.910253513112686,46.612936551965376,15253100
46.83899688720703,47.099431331743205,46.50485366144748,46.942187681326025,10309200
46.986392974853516,47.600626289343424,46.794752480651276,46.84389039601394,9059300
47.600643157958984,47.654696008707845,46.72597145901564,46.72597145901564,10892600
46.8193359375,47.566246008559396,46.75054208213715,47.54659008574374,14912600
47.8807373046875,48.08220396977906,46.829169713958386,46.927445587322424,15074600
47.85615539550781,48.10676368831452,47.27140396195328,47.91020823805403,11310200
47.84141159057617,47.954428437292385,47.399162790639934,47.76278791548388,9374300
48.02322769165039,48.146074376501765,47.3254556724673,47.87089525312605,10634000
48.01832580566406,48.64730040295569,47.915135012263185,48.146087442296526,13401400
48.72074508666992,48.7751598679935,48.18649670271781,48.71580103315807,13434500
49.65568542480469,49.700208325868466,48.91861761018636,48.98292427384879,16302200
50.55598449707031,50.857737748743645,49.670516047698236,49.77439775783542,12910200
50.996280670166016,51.07543084914594,50.565913837749505,50.83304003067437,16271500
50.96163558959961,51.758066060161966,50.7983950071916,51.07541298857435,21994300
50.412559509277344,51.15951942684284,50.318569625653566,50.877553550059346,17384100
49.82884216308594,50.748938396421124,49.71506473245275,50.51644325397591,11484000
49.25994873046875,49.60622120634594,48.755375952376916,49.44297685025229,12823600
49.67547607421875,49.75462622591991,48.76032414617417,48.90378096556729,10504000
48.9037971496582,49.7150676026399,48.88895743482496,49.48751650232437,13167300
49.047237396240234,49.21542580614178,48.65149418904481,49.037341740312534,11884200
49.15606689453125,49.319307476228545,48.38931584700192,48.88399296822421,11651400
48.40910339355469,49.576541701778815,48.2953259950546,48.99282254766675,12689500
47.50879669189453,48.33985450301553,47.25651027403083,48.07272837364585,13750600
49.46278381347656,49.58645314258502,47.68689405904145,47.68689405904145,13919900
49.22036361694336,50.531258478141496,48.656432114615825,49.7694554124864,18575700
50.061336517333984,50.11080726192743,49.220386696476595,49.44298995079534,11535600
48.86421203613281,50.05638587100282,48.31017600088279,49.74968465571268,15472800
49.18079376220703,49.45781548986202,48.61191437262623,49.245104197204384,11541400
48.508033752441406,48.90872475771203,48.265643037510436,48.90872475771203,13285400
49.17094421386719,49.33418869451279,47.988665291779,48.206320825216665,9358000
49.215415954589844,49.91291236848291,49.027440044547355,49.22531160853671,7555400
49.6507682800293,49.90799884817494,49.00273836815747,49.36880233409961,9164800
49.1016731262207,49.62108206137417,48.39428438912629,49.43310603352175,13018400
47.914424896240234,49.487498247801646,47.914424896240234,49.25005157579244,15344100
47.795711517333984,48.51793976276316,47.533529436066665,48.14198404113994,15029800
49.002708435058594,49.042283505703274,47.503837544690924,47.503837544690924,12180900
48.79495620727539,49.235218590802475,48.4882550003101,48.765276784503286,10485900
49.151123046875,49.55181033980525,48.15682089595439,48.879049098535184,14182900
48.186500549316406,49.57654206261352,48.186500549316406,49.03734203393336,14626300
48.37942123413086,49.13132875534492,48.14692239642716,48.14692239642716,17074300
49.037353515625,49.230277337585555,48.235978801046656,48.62677427411973,12341600
49.01260757446289,49.27478583147298,48.34479424972109,48.606972506731175,13429300
48.19145202636719,49.46772011101231,48.06778272608966,49.022509875195695,17580000
48.79001235961914,49.18575564127723,47.98368985779374,48.37448531055701,9401200
47.89464569091797,49.14617838576218,47.39007661449188,48.532779722986604,15276600
47.385135650634766,48.00348223166807,46.77173689899438,47.51869685153923,19460800
46.45514678955078,47.87981604675172,46.366104725095205,47.632477398162706,14296700
47.6126708984375,47.6126708984375,45.77247148167777,46.371030320082006,18101500
45.633968353271484,47.286188268538076,45.094772056377366,46.9745430140652,17382000
45.906070709228516,46.15835350149384,45.26298848882252,45.81208078225344,11684600
44.234031677246094,45.92582669445723,44.095522673369715,45.62902114699538,15262400
42.73515701293945,44.323070149361676,42.57686048210229,44.1944530386543,20202600
42.37898635864258,42.91323853377764,41.53803679614562,42.6114852000858,20537500
42.56697082519531,43.076487692521226,42.14649222291305,42.50760820774568,16142900
42.99238967895508,43.01217344226785,42.285001256787226,42.8241974981016,16626000
42.359195709228516,43.289191006667124,42.11185717677552,42.799457995067925,15075700
40.88507843017578,42.44825669093041,40.726781849667866,42.418577261487734,19102700
40.563533782958984,41.29565776061592,40.3310348757148,40.89002257374984,18960900
40.840545654296875,41.538042270551436,40.51406068696611,40.58826301675087,14425200
40.8059196472168,41.290704945709315,40.62783555994096,40.988951563052346,10965700
40.979061126708984,41.3995398038442,40.296407887905794,40.87023530314246,14088100
43.1655387878418,43.244685186959124,40.77129888561274,41.112627402906696,17320700
41.82990646362305,43.03197231516999,41.65677018337716,42.621393071754845,15131400
41.706214904785156,42.27509418562968,41.285740227321234,41.5429743699695,13089300
40.95927429199219,41.9288411658338,40.60310609872637,41.58256485611978,16513000
40.8059196472168,41.20661073063111,39.9946493714435,40.83560284448769,21963900
41.82990646362305,41.958523603557644,40.568481758327714,40.751509922835716,19538800
41.27091598510742,42.200907695693964,41.21650119508556,41.95851694183393,12616200
41.75075149536133,41.77053903391081,40.499218931281895,40.993896072757536,14089800
41.59245300292969,42.106917658734424,41.08293617505115,41.84968344378861,11412900
41.335227966308594,41.96841421433035,41.11757255235595,41.96841421433035,12681100
42.66093826293945,42.705461150078634,41.16206773809832,41.26594944264235,15342400
42.829158782958984,43.274369079119396,42.10693042433789,42.47299054603065,14385200
41.99179458618164,42.72447101705644,41.692743990605194,42.58491432596308,15663700
41.463478088378906,42.530094450895895,41.27407643349771,42.211106593094655,10383200
42.22107696533203,42.53009814305691,41.24417609067874,41.24417609067874,10872800
43.093326568603516,43.36247341161272,42.11642532507212,42.52512894535196,11681800
44.12006378173828,44.40914781642077,43.432246687879484,43.487073101444665,11225000
43.91072463989258,44.24964980076403,43.4870691394623,43.7013895176992,8574200
42.61981964111328,44.14996617395079,42.38556204835171,44.14996617395079,11343900
42.759376525878906,42.94379296821335,42.29086133881285,42.76436178178959,9351000
43.173065185546875,43.36246308062822,42.76934311590021,43.22789159250338,8227700
43.452178955078125,43.606687665154986,42.54505631042502,43.521957327540974,8859100
43.02351760864258,43.726290055346496,42.92383535360558,43.67146367428587,8090400
41.51332473754883,42.17123775690729,41.47345029937299,42.11142609964353,13432900
41.95691680908203,42.086506829995045,41.33887823667757,41.41862330926089,10758500
40.48159408569336,42.056596237702145,40.282225713852455,41.93697673565177,16527700
39.98316955566406,40.73578324955087,39.42992420618477,40.37193573580954,15548100
40.396854400634766,41.044796705648196,39.709033867333346,40.541392539018155,15451800
39.27043151855469,40.54139762393533,39.25049430322733,39.97320029632798,21150200
40.45169448852539,40.7308079573821,39.53958665655117,39.69908061056012,17746500
41.269100189208984,41.36878248136281,39.68910885985742,40.11276810810042,16350800
41.986820220947266,42.106443532308404,41.104620164813696,41.318940511041205,13390100
39.91838073730469,41.76751879840911,39.91838073730469,40.451692782665106,17357200
40.80058670043945,41.05478149913885,38.6274791804021,39.2953589306432,20753300
39.89845275878906,41.81736564304981,39.624320717050594,40.371949409825135,23254500
41.3089714050293,41.61799259926613,39.31529511284888,40.55137608716047,23377400
43.76120376586914,43.91571248861424,41.722667424246595,42.64474210965219,23962500
43.52692413330078,44.73309697761363,43.23784025412794,43.970516657057445,14625700
42.594879150390625,44.05524669364567,42.310780526743336,43.44219357018101,14616700
42.480255126953125,43.1581015017793,42.29085346397584,42.734446091524674,11233800
43.59672164916992,43.94561351703193,42.41546694917514,42.41546694917514,13789200
43.337554931640625,43.422289099355844,42.320782945431304,42.86405813607611,11869600
38.627464294433594,42.61980070108623,38.627464294433594,42.37557270506983,23971900
41.1096076965332,41.21427524779339,39.1757392180998,39.300343989024185,20128900
40.97004318237305,41.41363581959835,39.110942310099716,40.62613663379333,14632000
39.65420913696289,40.865367297612124,39.31030265860005,40.62114308490684,18821200
39.56450653076172,41.71767687659972,39.40999782761391,39.85359051950712,18840900
38.29853057861328,38.80193504949315,36.21514191461816,38.69726747086925,26033800
36.55902862548828,39.15080940478255,36.16029575357476,38.88664417137934,24464700
36.434425354003906,38.45800892508969,35.08869567794113,35.95095835254409,28049100
31.8988094329834,36.82318677025182,31.8988094329834,36.75839368253946,26965700
28.823575973510742,32.27762030980925,27.662258617996507,30.154353988987182,48207200
34.834510803222656,35.133561504484845,29.62104744234403,29.989876513812863,31001300
34.16164016723633,36.88300756650258,32.471999989684406,36.22509461066497,27089600
29.89516830444336,33.13489337118106,29.117634060268223,33.13489337118106,25129900
31.450241088867188,32.0932021154801,27.72206684739823,30.234099299292108,31798100
31.076427459716797,33.598430475251355,29.650950553056358,30.677692594171297,21723500
34.694942474365234,34.88932555539164,31.898811936358072,31.94865306948169,18288900
33.29438781738281,34.580305835232544,32.397232174571506,33.71305791560485,17534200
30.77239418029785,32.31749063354073,29.964953918948225,31.843994038680986,22243900
33.279441833496094,33.44392105011549,30.109497935585505,31.340593728393067,26944100
31.853960037231445,32.626509151187754,30.1892404058921,30.408544093970455,19774700
30.75745391845703,33.13491606037393,30.34376689659241,31.191080069549635,18276000
34.899295806884766,35.32295498806793,30.473336569966612,31.75925846943871,25094800
35.38775634765625,37.04250761913136,34.595271798375414,34.998990055357275,25863100
36.97271728515625,37.32659427780835,35.29802933512381,35.94099022688937,21848900
37.18206024169922,37.869880962022336,35.98585376528279,36.813231210704636,20506400
36.72849655151367,37.32659781783382,36.22010705276994,36.60389180414405,10465700
38.97138214111328,39.33522587523547,37.28174206505455,37.59075940593064,20119000
37.321598052978516,39.05111188247476,36.88299088171168,38.24367586712822,16408800
34.94416046142578,37.31165098698235,34.405866966140366,36.823198636971,21394000
36.613861083984375,36.87802255855154,35.188382369682884,35.293049908513154,15931900
37.05246353149414,37.919715256756874,36.28988313378388,37.49107464844584,13283400
36.65374755859375,37.38143911709004,35.66687589274245,36.20018427204081,15789400
33.53364181518555,36.31980700819219,33.45887817767338,35.876214242292974,22447700
37.73530960083008,37.93467800133691,32.83584893569779,33.7230381278214,28513000
36.538795471191406,38.886567997738574,35.18643651947372,37.1722429141699,26612200
35.58359146118164,36.98622291733655,35.49309898544376,36.247201671404596,20960500
36.90076446533203,37.227543112606405,35.19146401737506,35.684146201267,23618700
35.498146057128906,37.70515410382762,35.36743378227698,36.770065975207366,21997100
32.37615203857422,35.819887858565245,32.31079399894742,34.75408770919796,34193700
35.437808990478516,35.71431493008774,32.31079491954869,32.909051133121835,34759400
37.35323715209961,39.08767253418082,35.271913159375664,36.02601616646597,27518000
38.47433853149414,39.002212221769966,37.34821233921453,37.80067495437001,22015200
40.18362808227539,40.21881939582411,37.84088001139719,38.137495798935454,19665100
39.72113037109375,39.84178580936518,38.67543967789541,39.33905034173912,8647200
36.20697784423828,38.534643659630206,36.20195325517357,38.45923263245374,22692700
37.976627349853516,38.6854821718049,36.719789022821956,37.07170222016432,21058800
37.574424743652344,37.820767733391634,36.69966664016012,37.05157971755214,22581800
36.076290130615234,37.68001330407356,35.44787093718127,36.92088568001313,21416300
37.41355895996094,37.84088318476422,34.29660172962022,35.618794147334484,22882300
39.25858688354492,39.85684295254808,38.147542637942536,38.222953679209596,21955800
37.986671447753906,39.50995852868572,37.815743316491385,38.85137662736854,19682700
39.43455505371094,39.91718044343384,38.42405610633436,38.610069533488605,17651800
39.947322845458984,41.184050491560434,39.565243169533474,39.721093628519384,20550500
39.7160758972168,40.515422925469466,38.5698403964052,38.77093521869392,17806400
39.318946838378906,40.525512923440985,38.74582861919879,40.314364913336284,16509100
39.72113037109375,40.24900031076077,39.193256595859495,39.69096363485047,23253700
38.620121002197266,39.71608397935396,38.45924587874149,39.43957806299302,20739500
36.714752197265625,38.57989938767076,36.31256632595296,38.45924400983349,21474100
35.61879348754883,37.52918906789673,35.613765060837466,36.98623405004218,31349800
34.88479995727539,36.19693931426267,34.467528764089096,35.99584443984807,16863100
34.789276123046875,35.588627127296135,34.61331956096854,35.241738593795006,14150500
35.00041961669922,35.18642915198796,34.37702532087114,34.58314855632184,3717800
35.367427825927734,35.48808322478134,34.919993712761546,35.151251492050115,6761900
35.97071075439453,36.06120325805658,35.39759284305682,35.819888636435856,8994900
36.890724182128906,36.94602538583884,35.81989910546437,35.94558296197478,10002700
37.187313079833984,37.5191162256361,36.64938671792907,36.64938671792907,9964300
38.469295501708984,38.86143217637643,36.99125663398227,37.31803527842256,13695900
38.53968811035156,39.399364972291714,38.077168741268125,38.28832047227903,16954500
38.88656997680664,39.43957797269693,38.37378172057959,38.99214391674852,15894500
37.18229293823242,38.74579963325144,36.86557116001668,38.413996413534704,12804300
37.323062896728516,37.62470327161989,36.81027464296971,37.00634107842738,11397200
36.60917282104492,37.20240044095847,36.29747565276332,37.142070843223884,14182600
35.60370635986328,36.503602819266675,35.412668366548566,36.31256482595196,14195500
36.106441497802734,36.54884708794162,35.483050930887686,35.483050930887686,14378800
35.035621643066406,35.78469610963567,34.60326901081594,35.598682681855365,15142400
35.57856369018555,35.81987824177862,34.31167284212478,35.04063725106493,19293100
36.06621170043945,36.66949606658522,35.38249172014604,36.23714361329485,15594800
34.34183883666992,36.2974783753694,34.185992158621715,35.65900638593787,16084200
35.809837341308594,35.94054575855763,34.39212393944104,34.402176957857904,15889900
35.166324615478516,35.679116651496436,34.32675777804406,35.15124317363653,14320100
35.60370635986328,35.74950002669496,34.276485751782275,34.38708810838322,13422100
35.83998489379883,36.39299272364044,35.256810350485054,35.91036749929334,14023100
36.24217987060547,36.51365734744017,35.603707834106196,35.83496557313607,13632700
37.09683609008789,37.212463054447255,36.17682962405041,36.694646339248834,14649100
35.503173828125,36.543835908714726,35.49814540037887,36.45334338711707,15780500
35.45289611816406,36.54885936314476,35.28196793578194,36.3477682863579,17880000
35.337257385253906,35.61878786761829,34.7490581265004,34.95014913643773,12445000
36.015953063964844,36.091364118705286,35.16130467174807,35.47802649897922,12509600
35.99584197998047,36.66448076160046,35.69923003305209,36.342730518751,12058000
36.82535934448242,36.9108234217427,35.679123517143324,35.93551958448996,14933800
37.65486526489258,37.705138015133095,36.342726155120744,36.48851981571373,13345400
37.41355895996094,37.98667687756832,36.99628775320084,37.408534368722265,14894400
35.7545280456543,37.82579457091493,35.47299373144758,37.38338898511166,20150600
35.824920654296875,36.2472164900071,35.33223834373545,35.93049461322443,15533700
35.44438552856445,35.54585659750375,34.47024933160382,35.49004634832519,17237200
35.3784294128418,35.89086333865918,31.963874167624123,35.36827998351233,10852400
33.57729721069336,34.46518282338227,33.541781941020766,34.11003012665634,18834600
33.54685974121094,34.094809113555556,33.283028681494606,33.734581667793336,12564000
33.83097457885742,34.35355799756118,33.48089277100308,33.48089277100308,10164600
33.014122009277344,33.59251572553471,32.33425526980499,33.22214277135837,19885500
31.933448791503906,33.92231414483303,31.745724892519906,33.48090663351072,18809700
33.12067794799805,33.399729331091265,31.75079848942692,32.10087849443815,19231300
32.21756362915039,33.2931750209926,32.095795607936104,33.13081894966491,26680400
32.05012130737305,33.125732312112966,31.928355265418258,32.65388454480639,15711000
30.802013397216797,31.84210736717986,30.73098287274663,31.410849505504352,20502100
29.23426055908203,30.53818353908884,29.224113065079898,30.12214596218438,19315900
29.290067672729492,30.020669743739138,29.107416671117985,29.670589947608,19266800
30.076488494873047,30.66502970241655,29.858322174061176,29.964869912098244,19092400
28.645727157592773,29.55898057354779,28.473223584045055,29.45750947711498,22266000
29.564048767089844,30.11707463656107,28.6507955526205,29.188599212635516,22099300
29.569133758544922,30.233780406486854,29.178463768725997,29.23934876082276,17666400
31.344898223876953,31.344898223876957,30.07649020982642,30.385982074924677,21943900
31.060773849487305,31.862406650698684,30.614293718500456,30.99988887564576,15360800
32.16682052612305,32.222628839989035,31.02017886436999,31.309375669450056,15602800
31.918212890625,32.46109125869271,31.507248078399446,32.41035572231572,14355400
31.933448791503906,32.57272576570115,31.28402431797812,31.28402431797812,13272000
33.135887145996094,33.15110742164236,31.674682620847868,32.01968972870042,14726900
33.785301208496094,33.983176344949534,32.45093787660199,32.82638542272044,17843100
34.059288024902344,35.10952962630339,33.907081397247474,34.627536165752325,17221600
32.83146667480469,34.49054622690951,32.60822566574511,34.26730521784993,23811700
35.084163665771484,35.099383941395494,33.35912812903087,33.44030809352397,20321200
34.99284362792969,35.51035243465886,34.60724647787451,34.62246675588502,15391900
35.363224029541016,35.60676014129693,34.41952788665898,35.18564763079981,16723400
35.60167694091797,35.98219936364058,35.08924286534764,35.81476856863281,15904600
34.95732498168945,35.307402954766324,34.75437892909657,35.048650511812546,12842400
33.8918571472168,34.44488107666415,33.46567012383799,34.2673047631202,14304800
34.1151008605957,34.7695998603226,33.8817142505253,34.21657582423983,18691400
34.65290832519531,34.855850509766036,33.39972059401346,33.485971409543424,14299000
35.672698974609375,36.16991652488542,35.266810809711515,35.515417649412875,18069100
35.75895690917969,35.982194065445256,35.22114933206,35.464685349927706,11574700
35.459625244140625,35.54080524050115,34.840641319955125,35.38351996527146,10430600
34.703651428222656,35.09431947655256,34.460115334482985,35.03850920238045,11086000
34.744239807128906,35.05372785286643,34.201361241589765,34.363717339576944,11238900
35.1247444152832,35.44438173199034,34.76451325612607,35.29217127401204,11057900
34.49055862426758,34.5818841725388,33.74980480447059,34.221652825392766,12614700
33.78023910522461,34.18105645406723,33.50626254256484,33.932445726119866,12971500
33.84114074707031,33.96798161024655,33.27796700489773,33.70415431802539,11219200
33.45045471191406,34.074513128358205,33.034417057909266,34.069438412698396,11959400
33.49104309082031,33.8614160278893,33.34898202614324,33.699059972419256,12660500
32.4052734375,33.181540123700195,32.33931764270461,33.13080459917509,11753300
32.917724609375,32.958314596341516,31.994325631131982,32.24293252727203,12569800
32.344425201416016,32.912673751411354,32.24295210781411,32.6386969793177,11932800
33.247501373291016,33.34897630986223,32.471236495168085,32.69447748475174,12370800
33.79038619995117,34.16583386026347,33.49104378898058,33.60773514988059,12615100
33.18661880493164,33.50625613143813,32.89234730828404,33.14095411778908,12303400
33.48088455200195,33.96288174274881,32.78579969308056,32.8771251913683,9261500
34.2774543762207,34.35355962556176,33.53162990025118,33.79038619966125,11666100
33.53670883178711,34.50069974592153,33.130820569065534,34.50069974592153,14107700
33.9273796081543,34.028850702887155,33.16633478503542,33.516412771475686,12003200
33.83097457885742,34.60723956942698,33.62802854719007,34.165832240866,15224400
33.359127044677734,33.97303599042476,33.17647600137919,33.871564908980524,12678800
34.55649185180664,34.678257879548276,33.68890164626206,33.73456245508809,14107200
34.49055862426758,35.008067483887984,34.23687697583361,34.81527082459308,12338700
35.70823287963867,35.992359001361706,34.800051975393,34.800051975393,13931400
34.500701904296875,35.160275694934704,34.36371552639107,35.15520097845686,13520700
35.10447311401367,35.29219508518464,34.5108550240903,34.916747271967346,11313500
34.55143737792969,35.00806508803549,34.28761018479884,34.59710208437752,12437000
34.42459487915039,34.718866485815774,34.14554742113955,34.32819849625086,10051900
33.748382568359375,34.322126993755546,33.553721165537134,34.2811444115885,12322900
33.82522964477539,34.1582063415613,33.645935702910606,34.1377150470175,13480100
33.7381477355957,33.937932990724946,33.635695161591286,33.79962162498746,14223600
33.405181884765625,34.26067327203858,33.323220580537466,34.01478545103767,17617900
33.02608871459961,33.246365245655106,32.708479511494176,33.0568237022723,12463000
33.0107307434082,33.69204791935366,32.96974814247911,33.16953343661351,8779000
33.63569259643555,33.63569259643555,32.56504491065874,32.68799072590846,12018200
33.07731628417969,33.93280734642656,32.98510740925808,33.65106082906023,12209300
33.7125358581543,33.989162524367785,32.918518562987664,33.32321291309728,12182800
34.1530876159668,34.291402897612315,33.75864088524982,34.0916176315158,12171400
35.454254150390625,35.689898199886066,34.54753674454264,34.73195450646345,14222500
35.525970458984375,35.72575570917212,35.254467627104354,35.397902790488885,10311000
34.96760559082031,35.34156108283195,34.45021099310102,35.208373490006004,14907700
35.75136947631836,35.78210446495317,35.080296169025424,35.33130769561123,11298900
35.536216735839844,36.16118365180575,35.28520130096316,35.82821085278738,11204400
35.64379119873047,35.8487002313893,35.157131757626395,35.34667329679089,9557700
35.95627975463867,36.17655630015365,35.59768793888764,35.8896820658898,10021900
35.97163772583008,36.627343387720565,35.577187223768,36.37120811927497,14356300
36.8322639465332,37.139625583492155,35.956281522458326,36.04336660307223,14600000
37.22671890258789,37.267701505469496,36.21242488532286,36.46856029085873,13931600
36.412200927734375,36.86299771982604,36.0433654122434,36.86299771982604,13317100
35.797489166259766,36.74006965672399,35.77187796619171,36.72982205004332,11267000
35.25959014892578,35.79747199210298,35.07004859943576,35.572075561382746,15484700
35.05467987060547,35.48498532999343,34.83440334020979,35.11615375408152,10478700
34.86514663696289,35.305699802748286,34.511682470602594,35.25447350846723,16452900
33.686920166015625,34.47581746242217,33.6254462789644,34.36311729031909,16404600
33.78937911987305,34.19407349237621,33.599837530225,33.886711815680925,13029800
33.66643142700195,34.36823979297001,33.5281161477116,33.98403676343177,11633300
34.255558013916016,34.475834667048105,33.41031020965024,33.55374544270054,12828800
33.78425598144531,34.12235656827163,33.69717088786248,34.12235656827163,11011600
34.26066970825195,34.36824610728934,33.85085541310706,34.0199057151584,10288800
33.93793487548828,34.56802957472215,33.563975533805255,34.291402919569386,12772700
34.076255798339844,34.76782458418273,34.0096619937081,34.28628872638196,10397100
33.00046920776367,33.6971574961853,33.00046920776367,33.610072437211166,10747800
32.857051849365234,32.928769455357305,32.05278677504015,32.62652957713488,10673300
32.11936569213867,32.831419530082165,32.09887439998222,32.74945826977072,9519400
32.16035079956055,32.3601360405065,31.70955403430313,32.10400071536401,11905600
32.31402587890625,32.60601992384698,32.160343157015774,32.59065047916374,8580300
31.453411102294922,31.6583181403586,31.18703019407086,31.63782685030514,16790000
31.98617935180664,32.0066706472332,31.202405866236745,31.484154338800778,15929100
32.27305603027344,32.44722815685709,31.95032492280653,32.27305603027344,12881000
33.07731628417969,33.15928146558332,32.78532216498043,32.862163545467595,13601500
33.24125289916992,33.34370549892509,32.79045598860456,32.9185236924566,10292100
33.359073638916016,33.47176992428185,32.89802916854386,33.15416455115997,11911100
33.62545394897461,33.87134564495273,33.35395105878612,33.65106905150088,9632300
33.93793487548828,34.09161765334495,33.502505549314904,33.98403736385605,9759500
33.77913284301758,34.26066466666144,33.50250618263554,33.57422377144028,9911400
34.77806091308594,34.88051349978398,33.76888691001601,33.79450201084835,11272000
35.05467987060547,35.14176494096044,34.54753303395115,34.66023319949984,8897100
35.26982498168945,35.341542542762454,34.94709595686095,35.15200494920408,7844300
35.00859069824219,35.10592341786907,34.5987763317984,34.94199688962821,10773100
34.38361740112305,34.742205396734214,34.04551679813306,34.578278897552536,10749700
34.68071746826172,35.090535504634325,34.32725341791266,34.79854142392104,11541900
35.58744430541992,35.70014447889514,34.32725891788944,34.398976499498204,16302600
36.063865661621094,36.13558326206936,35.7616238526039,35.99214806117283,13222100
36.0689811706543,36.08946855894361,35.674530550569145,35.84358081631993,9692400
35.75136947631836,36.10995737144094,35.55158423356222,36.07409858192868,9231300
35.47474670410156,35.797475844741015,35.19812005141831,35.787232150189205,8660700
35.60282897949219,35.935805859524926,35.42353493895669,35.695037901527144,9086500
35.46449279785156,35.751363062484785,35.26470368262287,35.49010398101425,7914600
34.803680419921875,35.397912532966075,34.670488913700396,35.25960113258249,9080700
35.203243255615234,35.46450240788073,34.84465141933969,34.89075781482903,8962200
35.10591125488281,35.377414106810676,34.8702671964489,35.377414106810676,8299700
35.15713119506836,35.17762248883783,34.624369282006136,35.126396208571485,8835100
34.45347595214844,34.70182833275447,34.32930173555901,34.484522466866174,13435800
34.634578704833984,34.71218514677548,34.40692261532991,34.43796519210651,7872300
35.26580047607422,35.44171365639161,34.1792630308556,34.277569777167066,11183300
35.50380325317383,35.58658476642696,35.18819059232594,35.34858248811066,7957000
36.078102111816406,36.191926159845615,35.731443049084405,35.9384026819654,15265900
36.61102294921875,36.70415459286921,36.17123616709096,36.269538940024766,9749000
36.55411148071289,36.993898293315816,36.40406582513265,36.80245991603885,11391400
36.78177261352539,36.83868663301794,36.098808327042946,36.2695503855206,7233600
36.735191345214844,36.849019330267105,35.9797921095537,36.58514572377563,8321900
36.56962585449219,36.94215238451772,36.42993037944584,36.88523838979568,7307000
36.18674850463867,36.414400507066794,35.92287492161926,36.212615986941934,8048200
35.43136215209961,36.35749967052567,35.32788034317814,36.05741229322185,11748200
35.20370864868164,35.778019900311236,35.18301228541067,35.389971970692734,8070700
35.3537483215332,35.51931525217305,35.16230995433867,35.400312170419255,7238400
35.679710388183594,35.76249583483243,35.260619919949114,35.270966127066536,6137600
36.46615219116211,36.57480511695161,36.06775418250703,36.07810433587379,9683100
36.38855743408203,36.75073400868217,36.18677277860073,36.5696457213821,8028300
36.96802520751953,37.11807085641137,36.41441040864202,36.678284063412285,9772300
36.605857849121094,37.23190808917442,36.414419432935,37.14395149826243,9905800
36.755889892578125,36.80245373609745,36.1246648086948,36.186753880813775,7194400
37.0611572265625,37.09737486994051,36.40923964575841,36.90594044669694,10419000
37.48542404174805,37.56303440808797,37.01459466149295,37.18016160088544,11082100
37.237091064453125,37.6406604000402,37.15430558667688,37.34574404346281,8641400
37.58372497558594,37.96142659492483,37.51128969748148,37.682031687624814,16088900
37.27845764160156,37.45437073727833,36.9783664164077,37.040451533740175,9375200
37.57855224609375,37.7544693234953,37.330203833491,37.62512004059854,7084700
36.926639556884766,37.70790648614066,36.864550471858315,37.5112969713646,9853100
36.58515167236328,37.04563481590993,36.30058561088974,36.890418040768076,10006100
36.55927658081055,36.936974207795274,36.40405589052091,36.517883870409825,7253000
37.09737014770508,37.2370695739711,36.50236664615293,36.626540843724285,6022900
36.68863296508789,37.14911610229878,36.62654388742926,36.99389538186564,7859100
36.440269470214844,36.80762085243382,36.0987855685482,36.797274649698025,13851300
35.60210418701172,36.424767882833606,35.545190172634136,36.424767882833606,9249900
35.25544357299805,35.59175252989933,35.1985295673335,35.29683629483176,8963500
35.90217971801758,36.11431439580362,35.11573796661018,35.322693621373226,9777800
36.507537841796875,36.65758347337415,35.974619464341444,36.29023200879251,8461400
36.481689453125,36.574821137083866,35.953941928215194,36.3782076112659,6933700
36.96802520751953,37.159463576262986,36.579977340621454,36.678284063412285,10122200
37.645816802978516,37.73894844555929,36.96802386908577,37.221551308427635,8812300
38.11664581298828,38.33912673791344,37.842425964286136,37.86829739988805,6790200
38.323604583740234,38.49952165749242,37.88899289698793,38.14769145741481,9040600
39.042789459228516,39.18766003332819,38.57196009340455,38.742698157206554,9284200
39.67917251586914,39.76712904811879,38.815116627678805,38.90307710735383,10286700
39.74128341674805,39.834415084115115,39.31184667868187,39.51363130007252,9872000
40.18106460571289,40.38284917862939,39.60157837603421,39.808538025735665,8213600
39.855106353759766,40.20693661356569,39.487754809281554,40.20693661356569,8161100
39.82407760620117,40.54325966009261,39.177330870872275,39.63263915146945,8670700
39.98963928222656,40.21729536589469,39.32219626664087,39.63780894720686,12671400
39.674015045166016,40.03619148420623,39.42566266737621,39.912017269024886,8329200
39.037628173828125,40.58464908040168,38.98071414997807,39.81889927151005,11143100
39.62744903564453,39.96893307708767,39.05314178422824,39.22905493472151,9573800
39.26527404785156,39.86028163030309,39.13074966764042,39.52397265348897,11992600
40.331111907958984,40.47081136856935,39.15662194995435,39.4049743535797,14869300
39.60158920288086,40.61568742149693,39.09971319805858,40.48633809849853,19335400
39.6533203125,40.15002114104205,39.18249092242018,39.76714832585017,11207900
39.68435287475586,40.01031554851218,39.094520542867464,39.223869807710116,8714500
39.467063903808594,40.09828921726891,39.32219329693468,39.89132951569419,10695700
39.96375274658203,40.227626385062585,39.60675141532494,39.64296905610252,9346100
40.113800048828125,40.13967148506733,39.415314692066104,39.617099262965645,7746600
40.18106460571289,40.55358723826313,40.098279166861516,40.50702338947947,13749300
40.532894134521484,40.58463701167355,40.02067201961995,40.05171853539665,10638200
40.620853424072266,40.9468122241275,40.356979758831066,40.807116723368736,7912700
40.056888580322266,40.6674174083652,39.875800357476315,40.52254683008844,8604200
40.3259391784668,40.62085542564688,39.96893384598608,39.99480528505152,7898700
41.03057861328125,41.161066395671234,40.70175083524007,40.769603048501274,8952600
41.13496780395508,41.25501831753656,40.82179791840796,40.94706507619257,6740900
41.192378997802734,41.22891541475446,40.76437926400937,41.14018468532468,7309200
40.36768341064453,41.067099734431885,40.15890622233271,40.98358567337147,8863500
40.070186614990234,40.31028763980214,39.87706724491563,40.11194366123327,10630700
41.098419189453125,41.35939468033744,40.79047002165123,40.873980108005824,8986100
41.24978256225586,41.354175140598294,40.67563731896635,41.09319966799673,8528300
41.56818389892578,41.66213525307888,41.05145344216909,41.29155046230019,7543700
40.80091094970703,41.09320623359717,40.32593758441232,40.51905691640421,5649700
40.733055114746094,41.06188279983787,40.47207962373581,40.63388315386779,9299800
41.26544952392578,41.45335222407493,41.14540301015695,41.28632804418353,7209500
41.09320068359375,41.23934631471539,40.77481028057742,41.22890506553826,6316200
40.69130325317383,41.14018147334687,40.57125674206387,41.030572231049334,7624200
40.748722076416016,41.364624531567195,40.46164737954311,41.098428356482394,9971300
40.80091094970703,41.192374221154786,40.55559332911919,40.670423192557784,7518800
40.064964294433594,40.70174522182188,39.9031567587095,40.654767555911484,9061700
40.22153854370117,40.35202627993915,39.7674437701816,40.14324908769414,7164500
40.40943908691406,40.88963297540966,40.34680752538736,40.53471017430642,10864100
40.58689880371094,40.80089657933557,40.341581269525705,40.539921156954506,6707000
40.3259391784668,41.08276660698115,40.22676720481867,40.94705821917379,8525900
40.38335418701172,40.6965240206934,40.19545149036861,40.20066813370779,10296900
40.65477752685547,41.07234006819427,40.477316035197966,40.65999815371937,12169800
40.07538604736328,40.47729043610511,40.038849646765755,40.44597067690079,8997500
40.138038635253906,40.53993921256423,39.96057319826768,40.40945144325727,16605200
40.45120620727539,40.7121817311933,40.33115571411815,40.503400515624875,6742500
40.44597625732422,40.733050860319565,40.34158766469111,40.62344164340394,6770300
40.21112060546875,40.675656851193715,40.20067935153583,40.64434105373815,7342600
40.414676666259766,40.451213086534956,40.20067478881143,40.20067478881143,2565500
40.59212112426758,40.65997729216856,40.35202417994514,40.59734174845291,4192800
40.29983901977539,40.68086502828671,40.28940175120827,40.61300884500407,4810600
40.52949905395508,40.53993632260049,40.19023008150826,40.242424389076135,4300800
40.18500518798828,40.59734694366875,40.153689403207736,40.5660311588882,4246600
41.26544952392578,41.33852235374261,40.795696755723476,40.816571293810654,10173800
41.55774688720703,41.55774688720704,41.08799011352768,41.348965656441685,10593700
41.562965393066406,41.756088737056835,41.33330961288883,41.463797390192134,11014600
41.4063835144043,41.599502881190006,41.21848079168179,41.422041410936,9626900
41.47944641113281,41.47944641113281,41.17671387684258,41.29676435843011,5624300
42.21540451049805,42.32501376617186,41.78740475788892,41.844819698790104,11916800
41.970069885253906,41.99094441500754,41.479434810494915,41.50552996377145,12175200
41.65169143676758,41.970081865676754,41.281102722067295,41.89700506200324,10842200
41.521202087402344,41.651689832514016,41.312420898789675,41.56295513938891,6721000
41.35418701171875,41.594284037574,40.85833108213371,41.5159905768847,13482300
41.58905792236328,41.62559433490649,41.0096919647709,41.21325254639306,8722200
40.790496826171875,41.1976182223345,40.52952116379352,41.08278829374041,8703800
39.79354476928711,40.80613102542225,39.69959342611818,40.79047313192248,12573200
38.932334899902344,39.97623721418963,38.84882478548843,39.65785067192961,13825000
38.91144943237305,39.28725081497509,38.671348463191755,39.22461924229317,9129700
38.7026481628418,39.08366997298245,38.46776794056879,38.66611177033286,10558200
38.46778869628906,38.81227828196205,38.170276773285245,38.59305980862666,13373200
38.22769546508789,38.71833074792005,37.747501433729546,38.608721500468945,12828800
37.64311218261719,38.660915164910065,37.44998885528725,38.37906111238959,15265600
38.4051628112793,38.48867291637118,37.65355195459805,37.94584329567593,11828500
38.859249114990234,38.92710529141007,38.10242178205038,38.48866439469645,12947600
38.21202850341797,38.812272891280266,38.128518422295315,38.71832156116122,14540300
37.25164031982422,38.01368822046904,37.08983281925253,37.87275923552498,15248400
37.15248107910156,37.18379687217391,36.301702182544076,37.05852971771347,17307000
36.604434967041016,37.29341036812521,36.604434967041016,37.18380109774494,11595600
37.22032928466797,37.596134689764405,36.96457437704369,37.00111079241859,13051900
36.92804718017578,37.1785855068399,36.53658378250607,37.06897225118137,11618700
37.43955993652344,37.63789995156933,36.69838623362249,36.912388129110404,11273800
37.4184455871582,37.571260446353214,36.97580875013127,37.170780264334546,13809100
38.461822509765625,38.63571581330582,37.90326052658115,37.93487602894024,14230800
38.382781982421875,38.69368251487138,38.18254375527806,38.58302422984852,8728000
38.79380798339844,38.84650183641336,38.11931299584427,38.30374751182143,9848000
39.0203857421875,39.1942750130963,38.577748639181245,38.69894809008841,13113200
38.44601821899414,39.10997197027369,38.35643827405884,39.0836230357478,8683400
37.96123504638672,38.43021721729481,37.818957207406164,38.256323867555764,11907600
38.11931228637695,38.17727672969953,37.73464354827242,38.003387420015,8921000
37.998111724853516,38.04026840893171,37.29727192811358,37.51332191880231,11761100
38.09823226928711,38.303741075712324,37.845296188919285,38.04026783462537,8978800
38.36695861816406,38.56193019545736,38.145642138175695,38.27210812384316,7428100
38.635711669921875,38.94661215081411,38.4723595648747,38.56193949214043,9257200
38.53559875488281,38.91500090428936,38.49871265815068,38.79907202305036,8194200
38.509254455566406,38.73057103949559,38.314282786705135,38.5039838644396,9419900
39.152122497558594,39.2417024284002,38.735834323298846,38.7569126635467,8750200
39.33129119873047,39.457757248357765,39.07308850815879,39.25224841010719,6474000
39.152122497558594,39.4735601508442,38.994036955840905,39.1521224975586,8480100
38.97295379638672,39.167925404358314,38.598822348885946,39.067804305632116,14652900
38.98876190185547,39.04145573630096,38.756908226238906,39.03091857752461,7024700
38.84651184082031,39.12052235923568,38.7358535149054,39.08363625059737,7681900
38.76744842529297,38.79906392438329,38.38804635508037,38.73583292620265,8807600
38.98350143432617,39.0572736181531,38.68314210866438,38.94134475205864,9828300
39.34709548950195,39.55260430966591,39.07835566023086,39.088892821654426,10292000
39.394527435302734,39.55787958856572,39.12051296242179,39.44195069775327,9916100
39.51045227050781,39.60530280595617,38.93607846688085,39.51045227050781,16610700
39.23643112182617,39.45774765996393,38.994036243825455,39.083616173031366,9317900
39.399784088134766,39.41032526843685,39.00984484288666,39.220624225822675,8006700
38.95714569091797,39.257504964059905,38.87810293055813,39.136305528803916,8997600
38.88865280151367,39.32074876507348,38.830688365646154,39.20481989333844,10510300
39.22061538696289,39.45773962665051,38.899177804989,38.99402830492034,10411500
39.64219284057617,39.75285113954649,39.252249478166476,39.315484514842375,8818000
39.67906188964844,39.78444955187188,39.499898039530656,39.66325012206147,6378100
39.95835876464844,40.121710912391386,39.5631488431156,39.76865768069002,9875500
40.411529541015625,40.64338327393329,40.22709504445182,40.25871456915917,7859300
40.92265701293945,40.970080256491464,40.43259672815986,40.55906273124699,8108600
41.0385856628418,41.101820680420936,40.68026193712428,40.875233559448354,6490000
40.76984786987305,41.01224275197817,40.553797897831025,40.92792939109865,9431400
40.92265701293945,41.10181684895607,40.379898874948616,40.53798439401884,6880500
41.89225769042969,41.95549273424571,41.10183773400649,41.122916081945164,9804100
42.38229751586914,42.57726912382422,41.82373563940568,41.89223722152307,10000000
42.26637268066406,42.45607371714408,41.771041749823766,42.3770309485637,7978500
42.461360931396484,42.4771686872451,42.171538673226,42.39812588771826,7290400
42.993560791015625,43.08314474681677,42.424461655740174,42.4771554989698,9702500
42.550933837890625,43.1569231733847,42.30326831657958,42.92506540530064,12861900
42.851295471191406,42.946146015841414,42.18207508747658,42.28746279473955,9335900
43.23596954345703,43.39932170071961,43.030460693906235,43.11477005819924,11470000
43.16744613647461,43.56265591828621,42.80912244015415,43.3676883322395,9416400
42.788063049316406,42.91979970158682,42.49297423472143,42.74063978423518,9421100
43.562660217285156,43.61535405600379,42.65631171830875,42.703738987353056,9918100
43.520503997802734,43.81032614423923,43.38876738947383,43.48361790828193,9792600
42.27692794799805,43.4783655658556,42.192614561342445,43.25177836457309,13042800
42.48243713378906,42.64051870457532,42.07668599284212,42.48243713378906,12115700
43.3624267578125,43.731287689409804,42.78278642803847,42.78278642803847,12274500
42.914520263671875,43.80505703223051,42.83547749195114,43.404580624001575,13910300
43.646976470947266,43.95260638418553,42.856556776885704,43.18853160108988,11650700
42.55619430541992,43.336072761169596,41.960742273634146,43.214877335071684,16274300
42.25584411621094,42.54039572881137,41.865900783971625,41.99237084753828,13028600
40.68027877807617,42.26638928150733,37.676684554566876,41.844834383976156,21059200
40.6275749206543,41.42326527258917,40.26398456430328,40.6908099488506,21866100
42.097755432128906,42.450808621160334,41.381107872740586,41.8237450219076,14661800
41.99762725830078,42.55092259677413,41.88696899466252,41.966011760199,12018600
42.18734359741211,42.398123041908,41.81848258475694,42.034528600659684,9257800
41.586612701416016,42.18733133037076,41.49703277014505,42.05032814852659,10839600
41.01225662231445,41.36003930285668,40.56435279693743,41.3231532000676,13602800
41.342010498046875,41.459017792123774,40.39528413169395,41.16117366570643,14694000
40.87395095825195,41.84194809224447,40.62929278788247,41.650475774943054,15321500
40.740997314453125,40.953744852524096,40.177219787713554,40.608030610386486,10773200
39.1453971862793,40.1027590865292,39.10816667114857,39.91128670647922,17879100
39.61343765258789,39.70385402695749,38.294406316253344,38.480558868726426,15919100
39.06029510498047,39.56024708664907,38.99114983102986,39.47515051739917,10540700
38.59757614135742,38.66140162251837,37.65617362670955,38.15612569342688,22304600
38.0550651550293,39.092203628158146,37.99655949164038,38.92732624469177,16888700
39.54961013793945,39.54961013793945,38.453965978999676,38.89541227839414,15252900
39.28899383544922,39.57088253178549,38.84754350904825,39.35813504430616,14445500
38.44865036010742,39.63471101783065,38.44865036010743,39.12411939136154,13966400
39.42729949951172,39.42729949951172,38.3582497443569,38.6454584131192,15674100
39.31025695800781,39.757022892930834,38.90071745984214,39.70915685325461,14278800
37.91146469116211,38.672034374193146,37.65617090064382,38.37419026598126,18133300
37.94868469238281,38.55501234917973,37.86358813839017,38.11356611331566,12324200
37.773170471191406,38.150799391302236,37.134932067454635,38.1242044337212,16572400
37.65085220336914,38.50183829315086,37.54979621033133,37.852960131623,14074500
39.448570251464844,39.448570251464844,38.66140944694783,38.75714565915371,13937400
39.390052795410156,39.39005279541016,38.71458376395629,39.08157314407949,8346000
39.4538688659668,40.177207845714705,39.44323331824429,39.480463822003934,11948000
40.0123291015625,40.02828445150681,39.45386750658895,39.661295171505884,11760200
39.8634147644043,40.097437453307684,39.59748136622196,39.68258200139469,10424400
40.060203552246094,40.15061992610498,39.46451132987565,39.90064190370112,11113500
40.16658020019531,40.288911353442735,39.83682537094205,40.13998929406103,13680200
40.27296829223633,41.086724120715324,40.044265328992566,40.85270135149202,9347000
39.35813903808594,40.272950486600955,39.29431356801935,40.12934419340643,10576400
38.43269348144531,39.30495464929426,38.37418781281215,39.27303988415348,14876400
37.6721305847168,38.36355506650089,37.60298529606292,38.18804208703221,14188300
37.26258087158203,37.83167809610891,37.166844700268115,37.83167809610891,20472800
37.20941162109375,37.53385078771357,37.03389455236706,37.52853098198229,10873900
36.35841369628906,36.90623583482014,36.166941329331586,36.80517984730882,16421100
36.09246826171875,36.7307065667444,36.06055756381352,36.28394056479048,12871000
35.8903694152832,36.32649997994828,35.54465522257793,36.26799431389872,16335700
35.79994583129883,36.24671596378482,35.5659272455403,36.055243629550944,9143600
35.93291091918945,36.33713072449478,35.56060587339551,36.315855570760746,15039500
36.93815231323242,36.964747279728,35.89569374019602,36.07121078029363,15691100
37.448760986328125,37.59768311126752,36.810518090814675,37.32642977922872,13478900
38.20930480957031,38.29440543607132,37.25726691197288,37.47533016619459,11390300
38.21462631225586,38.363548357432684,37.948692929348276,38.04442910950786,7352000
38.948612213134766,39.13476480386028,38.560347617202574,38.82096124421829,13751300
38.85285949707031,38.89008999938687,38.4805504160843,38.83158434462936,11750500
38.8475456237793,38.948601598842814,38.379504372102815,38.948601598842814,10507600
38.028472900390625,38.74117240279756,37.89550621192772,38.64012047888424,12060700
38.294410705566406,38.45397237330164,38.02315749354521,38.20931006735514,8350600
38.87944793701172,38.93795358807158,37.74125372918929,37.762528880285615,8922500
38.38482666015625,39.118805454127184,38.06570738608362,39.001794106808816,9045400
39.06029510498047,39.35813918408698,38.60288937902619,38.71990071233839,9552500
39.102848052978516,39.11880746665167,38.650762053298926,38.97520114834683,8426300
39.68788528442383,39.68788528442383,39.0443272156591,39.26239040132685,6467000
40.049556732177734,40.11869792958528,39.62406182767864,39.815534128921215,8163500
40.1878547668457,40.24104469397305,39.89533045675391,39.95915187679197,7392400
40.43252944946289,40.61868615444583,40.038948987207895,40.36338819703887,13346400
40.5335578918457,40.61865850566186,39.83149405914481,39.96978052768577,16955000
41.37923049926758,41.66111919840125,41.12393270019469,41.28349433184285,11863000
41.836647033691406,42.08130528994539,41.384556979360575,41.44306265561934,11788000
42.02809143066406,42.07064172695647,41.60792044269031,41.900444599606466,8067500
42.054691314697266,42.11851676662469,41.61324106896111,41.75684732134278,9304600
41.87386703491211,42.028104806876755,41.38454658745352,41.60793368517585,8986800
42.17172622680664,42.24618726683694,41.948343106715726,42.1770460319009,7015200
42.03873062133789,42.27275319083124,41.565369738731476,41.77279735884801,8406900
41.02288818359375,41.47497824688425,40.9643825061755,41.469658442258414,10589700
40.99098205566406,41.368607069890075,40.52825638919546,40.63995200971948,8993100
41.16648483276367,41.36327292164766,40.905871276829686,40.97501248943473,7087800
41.331356048583984,41.395181506108415,40.618656699753046,41.012236876602664,7284800
41.750099182128906,41.91652258323676,41.37968188651222,41.64273268109179,7360500
41.358219146728516,41.72864064003493,41.08979872451125,41.66421826422537,8308800
40.7140007019043,41.24010644147075,40.53147681203159,41.18642318537701,8870600
40.28990173339844,40.56368757922742,40.02148134635586,40.51000432097292,9303600
40.28990173339844,40.79452927591483,40.28990173339844,40.445581953605476,9991400
39.60809326171875,40.20935612393027,39.522200907556055,39.871143972037714,11261600
39.763790130615234,39.88726529265285,38.95852908779535,39.361159609205295,9711900
39.36651611328125,39.93019619893796,39.24304099217468,39.924830742718456,8176900
40.225486755371094,40.284539579029946,39.151805009967646,39.6671717562688,8789500
39.60809326171875,40.15567289060756,39.60809326171875,40.06440688861399,7558900
39.76917266845703,40.01074942186661,39.31285874769959,39.46317353611185,9227500
41.213253021240234,41.28841447692447,40.39188751947365,40.456309869016316,10549900
41.57832336425781,41.594432030658474,41.05222161008422,41.20253639699096,5995000
41.87356948852539,41.87356948852539,41.546096373838225,41.546096373838225,7189100
41.36357879638672,41.82526213969979,41.32063055613211,41.70178697291017,5880200
41.4709358215332,41.80914392074665,41.37430435093383,41.422622134117866,6940700
41.53000259399414,42.02389512296674,41.4816847945457,41.814527548820315,6646200
42.31378936767578,42.31378936767578,41.84137096410522,42.050738536942056,8223500
42.54462814331055,42.68420788088015,42.23325953479747,42.609050505828,8586400
42.6842041015625,42.93651987936996,42.50704569215266,42.544624376351464,8447300
42.52315902709961,42.58758139719905,42.15273756662573,42.44263208841787,7240700
42.43726348876953,42.480207636554105,42.08294662309971,42.40505025821868,6905600
42.12051773071289,42.80230766316853,42.00241213008157,42.63588427329294,12326500
42.89358139038086,43.017052482624095,42.125898870894794,42.163477563634515,7730700
42.81306076049805,43.07074618853117,42.46411336461253,42.96874510930146,8598700
42.54462814331055,43.16199580618446,42.539258589158315,42.909680006036616,6776600
42.16346740722656,42.609046153644606,41.959469423746064,42.15272830001902,6802000
43.01168441772461,43.102946366596406,42.25473695812069,42.55000102302365,8256000
42.99020004272461,43.274724930629105,42.98483048943327,43.10830564051948,8380700
43.419681549072266,43.59147043775798,42.72179098068603,43.188839845922395,7826200
43.634422302246094,43.859894469386404,43.21031755218474,43.34452776059262,8851100
43.51094436645508,44.122942492958664,43.124418371659154,43.854522118324816,10120300
43.99409484863281,44.21420150721535,43.74178315364472,43.96188571645765,9570600
43.65052795410156,44.09610684004729,43.31231969500635,43.96189662831212,7602500
44.767154693603516,44.82620751020074,43.99410261870924,44.11757780680443,11597600
45.03556442260742,45.25567106789022,44.670512595524976,44.71346083300982,8650300
44.83694839477539,45.36305425813316,44.525583797860456,45.3201060048446,7714000
45.062408447265625,45.14830082713744,44.5309332197168,44.810092669781326,6879000
44.93894577026367,45.0946301037811,44.74568274215726,45.01410315944167,4790700
45.00872802734375,45.191256018281166,44.359151189495634,44.751046752310955,8528900
44.9174690246582,45.1536802887332,44.48262928467494,44.7993633926207,11647800
45.04094314575195,45.051678159423936,44.536311491994624,44.90673294811609,6718600
44.88524627685547,45.38450823631774,44.62219550984345,45.303981321094334,9502500
45.35231399536133,45.50799422792091,44.7725249303608,44.81547317868019,7800200
44.44504928588867,44.92283725907272,44.096101954881064,44.76178338452454,9455500
45.105350494384766,45.37377082464258,44.52019614039194,44.63293218760792,8835000
45.22882080078125,45.63145125301372,44.767137554559845,45.36840050437043,9521400
45.38987731933594,45.518717924897274,45.18587525678072,45.518717924897274,5555000
45.561668395996094,46.05556082137484,45.491876488739415,45.70124401897104,6757400
45.711978912353516,45.760292601444824,45.35766214260865,45.44355860646274,5968600
45.26105880737305,45.43821730238458,44.71348284506718,45.43821730238458,9557300
45.33083724975586,45.98041410888308,45.14830925283912,45.776411989048476,8519800
44.34303283691406,44.681245036938776,44.01019428548497,44.4987171027436,12463000
43.725685119628906,45.13757916109857,43.53242208806477,44.63831701218633,12781900
44.101463317871094,44.26251306673465,43.87062165830753,44.2141993708064,9528800
44.396732330322266,44.62220857813576,43.97263170442816,44.37526230269265,10036500
45.70661544799805,45.79787738117339,45.03019504023206,45.180513872000674,16295400
45.620731353759766,45.80325525325905,45.12146926379331,45.47578204931492,14513200
45.52410888671875,45.63147542588304,44.981898443665926,45.42747736316251,11799200
44.8583984375,45.23955476531345,44.6114522573294,45.04629592081492,13597200
45.722721099853516,45.74956477296396,44.69198794641633,44.976512860001336,11795500
46.21661376953125,46.27030111599874,45.63145937411489,45.63145937411489,11297200
45.86769104003906,45.95895301648743,45.39526839344269,45.878426056656565,10571300
45.55630874633789,46.152202337548054,45.54020417832195,46.028727156475725,9252400
44.65753173828125,45.25310902696712,44.35974102852904,45.23686664840219,12360200
44.64667510986328,45.00943512569182,44.45175841730725,44.61960587139595,7847300
45.38304138183594,45.46967288798236,44.911991861504326,44.96072311641608,7590000
45.448001861572266,45.45882873129915,44.841593886457446,45.31264327049617,8130900
45.182701110839844,45.25309022980782,44.424696220545044,45.193532112596536,6791900
44.262264251708984,44.668340070532004,43.93740442281394,44.65209769870978,9507700
44.901180267333984,44.944496035146415,44.39764582626674,44.478861858210294,8042600
44.42470932006836,44.70625348650872,44.28393517143915,44.63586847760315,2789700
44.229793548583984,44.42471033395971,43.53675792538948,44.01863438622998,9070100
43.839962005615234,44.18647983324039,43.56924469460693,43.66128758895335,10366000
44.77662658691406,45.05817480929375,44.26226552065223,44.478840123063456,10629600
45.751220703125,45.84326358769949,44.684593950062116,44.7766368346366,10799500
45.962379455566406,46.02193758761581,45.67541979977449,45.74580480546111,6724000
45.994873046875,46.13564721612097,45.745813597174376,45.90824564867501,5184200
46.72578811645508,46.904458320408416,46.40633968785305,46.5200404106657,12560600
46.639163970947266,46.996512696703626,46.36303124020981,46.83949620788496,6918300
46.91530990600586,47.09398431917198,46.47674506179644,46.99111042113968,8076700
47.12105941772461,47.14813280398217,46.69332552593147,47.083159155455284,7406700
47.8465576171875,48.16058641796674,47.38092372021906,47.494624444248586,9910500
47.85198211669922,48.160599632550046,47.71662348464504,47.960271500833144,7331300
47.65165328979492,47.98734004866869,47.608337536773284,47.65706466080945,7608700
48.22015380859375,48.306785308799846,47.56501857884998,47.68955032769192,7796700
47.91155242919922,48.166027383104996,47.68956636420437,48.10646923939009,10832800
48.079383850097656,48.512528958974585,47.95485210116995,48.16601121954613,8029800
48.31221008300781,48.63165450699104,48.160604928549006,48.37176408730831,5962500
48.685794830322266,48.70745270850338,48.36093491924128,48.52336694019071,4262400
49.0972900390625,49.2109908101652,48.63165594931723,48.66955620635146,5095600
48.794090270996094,49.053976579755904,48.75077450926332,48.99441844007795,3138200
49.3734245300293,49.50336768275382,48.79950102142749,48.902374921527674,5058100
49.47087478637695,50.023136192690096,49.46004378245489,49.5629176656262,5301000
49.59538650512695,49.779476335385496,49.35174269567314,49.443785545394235,4156500
49.40589904785156,49.70368968074095,49.2705404203232,49.5845734275852,5152900
49.77948760986328,50.01771597304937,49.43296987175871,49.62788661579469,7802300
49.59538650512695,50.07185138521989,49.38964293560632,49.9635620348277,8513900
49.508758544921875,49.84986070011287,48.999808931397524,49.22721036819152,6659500
49.102699279785156,49.719934318952916,48.87529363576202,49.68203406675201,6220800
49.3734245300293,49.432982668948526,48.87530153808499,49.25972375504305,6346300
48.95110321044922,49.36259052420421,48.794086683825036,49.24347425360531,6848700
49.71993637084961,49.806563751962,49.167670809338944,49.20015969172171,7838900
50.05561447143555,50.27218908288296,49.920255855633044,50.00688735253887,7845400
49.90943908691406,50.136840616098205,49.692864431626234,49.81739620093258,5721900
50.2613525390625,50.28842177852361,49.714502679825465,49.87693463985748,5557900
50.54292297363281,50.75949765646409,50.31552141552829,50.320936918574155,7733200
50.33716583251953,50.73782620355524,50.12600670921575,50.69451045241154,6069900
50.19639205932617,50.277608060586765,49.58457256068883,49.88777455918982,6513500
50.77573776245117,50.862369284034116,50.40756205736026,50.55375171732691,7427500
50.94898223876953,51.181799223533794,50.710753883553345,50.83528149702194,7282800
50.938148498535156,51.133065209767594,50.542899575531436,50.77571652890259,7423200
51.241371154785156,51.42004556746358,50.66745179010467,51.10059699957019,8832600
51.300933837890625,51.41463462035552,51.05728989415421,51.19805993102392,6301100
50.55373764038086,51.35505833779975,50.31550515318311,51.16014159933198,12444700
51.39837646484375,51.53915058932154,50.55373997961173,50.8136262223828,11167900
52.096824645996094,52.24301013332086,51.52831680800806,51.77737616507586,9948200
52.23759460449219,52.437922695959784,51.63660206845579,51.63660206845579,6607800
52.686981201171875,52.757370318309384,51.84776034279312,52.286320893747074,10500300
52.57870864868164,52.69782490872696,52.25926012121303,52.481250265991626,10529700
52.876502990722656,53.18512053565295,52.659928332865704,52.67075520689045,10256500
52.9197998046875,53.055158411607174,52.57869760234399,52.99018892400852,5710500
52.107662200927734,52.72489728429869,51.8152870355176,52.65451227683287,8242700
52.35670852661133,52.508313639208026,51.83693196158774,51.91273245247762,7286200
52.22135543823242,52.61660443750392,51.9181534426164,52.026438689388584,7324900
52.886863708496094,53.00142375804506,52.095880795723446,52.095880795723446,6994000
52.554107666015625,52.83231721756418,52.18316714646472,52.6850322560887,7626700
52.728702545166016,52.92508121361285,52.41230752275074,52.76143162959255,6786600
53.00687789916992,53.09961302682424,52.592295859579366,52.674118524047714,6616600
53.852413177490234,53.9015067746602,52.930505675259674,53.137800850559884,8860500
54.72522735595703,55.70714099778836,54.13062710087646,54.13062710087646,15723400
55.78899002075195,56.69998972620169,54.8343529254066,54.83980915985135,17174700
55.65804672241211,56.416300685940286,55.3962058427732,56.23628248000995,16467900
55.69624710083008,55.98536505789194,55.28711697399457,55.483499767826565,8516400
56.59632873535156,56.69997635592359,55.73988325253062,55.79443309845246,10219700
56.132659912109375,57.27276731650882,56.09992666856845,56.77090197567904,12266900
56.44356918334961,56.716322486323655,55.74532139363769,56.21445740770385,8335000
56.83635330200195,57.04364438217253,56.36176090043006,56.64542259760488,7537800
56.59632873535156,57.158200055930806,55.91444525661239,56.80361981460914,9850500
56.19265365600586,57.15274257657798,56.19265365600586,56.79816650487418,8222500
56.60725021362305,56.7545394099648,55.341674349029255,56.41087155497977,8913900
55.718048095703125,56.558128824032124,55.58712766691632,56.2853755029598,7102000
54.04880905151367,55.358026066030455,53.6178582254664,55.358026066030455,12553000
54.51249313354492,54.95980853029369,53.24146132699406,53.514214719203956,6872700
54.987056732177734,55.09615636716097,54.0215078988505,54.09242640728547,7353600
55.221641540527344,55.641679841434005,53.448744878913026,53.55784454718121,12650100
54.28338623046875,55.67988239405999,53.803337552819116,55.45077052257459,14795200
55.77260971069336,55.95262793948628,54.76887927479275,55.03072018768584,9981500
56.078086853027344,56.71632865252383,55.838062588511505,56.389025485747595,11366300
57.38185501098633,57.38730708179966,56.29629360753057,56.65633005174471,8785300
57.403648376464844,57.790957475509884,57.343642331074925,57.47456272016015,8008500
57.54005813598633,57.78007829390209,56.97818264536855,57.13092804280689,6811800
57.48549270629883,57.780066814289086,57.24001636391645,57.75279397729421,6996800
58.24921798706055,58.3746863877811,57.48550760126356,57.67098208556089,8982900
57.845550537109375,58.423786502928465,57.84555053710937,58.041933348498354,6023500
58.57105255126953,58.631058617812904,57.561861884068655,57.845527682616506,6963200
58.9201774597168,59.31839500402521,58.66924488724771,58.701973956126295,7907300
58.63652038574219,59.81481698341329,58.560149772399015,59.629342521089676,8418500
59.089298248291016,59.340230884673254,58.64743905834476,59.07293370968363,6494000
59.04021072387695,59.225681063078625,58.832915448431365,59.19840405466089,4764600
59.6402473449707,59.896636154864694,59.04019081906805,59.05109912162523,6541400
59.2747802734375,59.97302842212174,59.15476809252854,59.913022331667264,6893000
59.427494049072266,59.51477294634556,58.647419395854655,59.47113141676625,7011700
59.82025146484375,59.97299263599124,59.53658572252576,59.651141600886376,6732900
58.79471969604492,59.95119556032262,58.680163772424265,59.86391247839083,6599000
56.83089065551758,58.2055657683498,56.44903761358808,58.08010155252411,12803700
56.629032135009766,57.354556826289205,56.37264339734827,57.17999490135355,7241100
57.21274948120117,57.43640925828869,56.25811261798521,56.361760237795174,7084900
57.95464324951172,58.09647618769259,56.92363569518811,57.56187767417192,8869500
57.005462646484375,57.272759822752036,56.20902318931875,57.250939050542286,7194800
57.49640655517578,57.74188290346946,56.87998132547055,56.99999346441797,4993300
58.81106948852539,59.10018734163658,58.374666673939124,58.75651965693778,6667800
58.98564147949219,59.0511037856629,58.63651750368719,59.0511037856629,4915500
58.59833526611328,58.79471803301864,58.194661428312834,58.57106242519583,3995200
59.32386779785156,59.36750934313041,58.456513935340375,58.83291081818163,5300000
59.4438591003418,59.55295876335573,58.66924067204089,59.52022969682862,5982600
59.35657501220703,59.51477243415659,58.95835750340753,59.503864132798306,5941200
59.700279235839844,59.78755817970515,58.7947357421479,59.176593086985335,6755500
59.01292037963867,59.77663066199214,58.7019816986238,59.72208081937108,6550800
57.91646957397461,58.82746514530735,57.3818751149418,58.68563634052012,7955600
57.103660583496094,57.83463780778877,56.56906200781902,57.83463780778877,8892900
55.979896545410156,56.798156558767175,55.15618029996945,56.38357032000497,11988500
56.1217155456543,56.97816071120626,55.64167125273282,56.37264807344631,9536300
56.781776428222656,57.20181881448353,56.18717626929117,56.323552910721496,7117900
56.92906951904297,57.250916417656576,56.32355685573031,56.90724875545957,6430500
55.78352355957031,56.438130019919335,55.2325605556133,56.33448240164096,10161700
56.056297302246094,56.36177987309547,54.77435675741702,55.4398717636406,10425800
55.85443878173828,56.45449540639936,55.24346969083829,56.432674635807956,8968000
55.45075225830078,56.34538283866538,55.31983182655816,55.658043288717046,6759400
55.19789123535156,55.62667607962084,54.75810954201077,55.142915378132166,8768800
56.544715881347656,56.87455005446748,55.06595423574311,55.47824800066015,8193700
57.099918365478516,57.46273456450665,56.588674116886686,57.00096773045856,7452400
56.38529586791992,57.066953727257534,55.9455141685652,56.924028239925995,8760900
55.72562026977539,56.02247224914482,55.357301361960296,55.59368326067659,7487000
56.22038269042969,56.83607629651179,55.989499160924986,55.989499160924986,6800500
56.759132385253906,57.094465125186396,55.96752667864987,56.07197581884647,7949500
56.81958770751953,57.06146809803204,56.12693289455082,56.61618790694585,6614300
56.737117767333984,57.292341201660975,56.363304592846845,56.97349968934892,5796300
57.67164993286133,57.836564911186166,57.011977437355625,57.506730760467704,8188400
56.34130859375,57.69363145888308,56.115923546595404,57.57269549366782,8196100
55.58819580078125,56.3962880610667,55.17040360922379,56.264355229968736,8129200
55.522216796875,55.9015283329357,54.73610999525552,54.824067995413245,7692200
54.79658889770508,55.692639149776504,54.58769490478722,55.46725407769,6982200
54.68116760253906,55.472773251280245,54.63169015245747,55.09895993871586,6835400
54.94500732421875,55.43426219641355,54.697632773223546,54.703131197087686,6936200
55.64866256713867,56.00048622511231,55.14841081322902,55.25285990340111,5734900
54.79110336303711,55.52223880135451,54.411795870718194,55.489256635258066,9113900
54.384300231933594,55.25286683136771,53.91153634586537,54.99449538269445,7999300
55.30231857299805,55.68163005818272,54.912014436302215,54.98347715629405,7353400
54.09844207763672,54.92302962053607,53.71363204117554,54.532721159449544,9665600
54.65916442871094,54.785603041475724,53.76860829647102,53.90603956535604,7786300
54.516239166259766,55.434279110460835,54.274362965327704,55.09895064566707,12029500
54.92301940917969,55.08243594705382,54.23036482758408,54.35679921197644,6427200
55.84657669067383,56.060973360464445,55.148427586622205,55.26936779222251,8499500
55.560707092285156,56.324824527527085,55.52222650900207,55.67065041764567,6592500
54.62068557739258,54.72513468716751,53.32333402235407,54.367812537894515,13058800
53.818077087402344,54.829569050729425,53.76859965763699,54.719625730913464,8032400
54.367794036865234,54.774589292926116,53.84005863044533,53.84005863044533,7130200
55.1649055480957,55.30233680466498,54.58769678694618,54.71413119431122,6113800
55.676143646240234,55.91252554836746,54.92302313025962,55.351807930846554,7637700
56.53372573852539,56.58870160229103,55.67615594787173,55.95651691561218,7697700
57.220855712890625,57.27583155130934,56.07743125055813,56.46223695508335,6579700
57.7870979309082,58.138921622299215,57.231874464091135,57.231874464091135,7392200
57.765113830566406,57.853067664608695,57.48475285854672,57.62218413191936,6196300
58.595176696777344,58.77658692536589,58.160897704558586,58.31482000976041,7878100
58.210365295410156,58.27083536574909,57.75959107638123,57.96848501405439,6334900
57.39680099487305,57.52323542203724,57.03398040756061,57.407793651729584,6975400
57.385807037353516,58.24337691377485,57.165916142507804,57.165916142507804,9158300
57.77060317993164,58.60618760010619,57.5672075967324,57.578200252282656,6871100
57.53971481323242,58.52922149206049,57.484743151979515,58.10593089286835,7279600
58.37529754638672,58.43576763031105,57.798084634043136,58.09493662947108,10160500
58.39729309082031,58.54571700685569,57.78159953355935,58.03997097449984,6951000
59.08445739746094,59.2603692670694,58.540226512113364,58.540226512113364,6987600
58.87553024291992,59.17788058623286,58.75459010559475,59.100919443220064,5044900
60.15641403198242,60.33232588502336,59.238374179989705,59.30433850358668,8319200
59.903526306152344,60.28283785003655,59.82106672782077,60.13440977022604,5413700
59.425270080566406,59.92002340622052,59.07344642544989,59.1229238550497,6284400
59.133914947509766,59.628668260096354,59.007476358822046,59.32082361851745,4864800
58.067466735839844,58.820591709651076,57.97951289176989,58.804100626017345,7412700
57.737613677978516,58.188387991470684,57.40777953050817,57.803582185100076,6655300
57.182395935058594,57.84756691399887,56.660158832726374,57.017480942039064,9697600
57.93001937866211,58.3423131314273,57.12742137656749,58.31482939768431,9309400
56.86907196044922,58.105953697381786,56.85807930151197,57.56722533397512,10396300
56.4897575378418,57.02848583568098,55.45077734079617,56.913044057572584,12027400
53.235382080078125,55.511248083872296,53.053975966138445,55.40130053625875,20541200
53.65865707397461,54.609678966229524,51.575198840548836,53.88954056519696,17596200
49.6126823425293,52.65815941288253,49.337819836476505,51.828073470263774,23079600
51.344329833984375,51.51474328833274,47.99100725876691,50.35482288664215,21012700
49.78860092163086,51.59169853448402,49.33232809321253,50.96501227133553,18069500
51.712642669677734,52.30084838940363,49.90404649364375,50.61319241268953,30717300
52.69664001464844,53.350814121388076,52.17989716098391,52.57569984089129,13364100
54.477752685546875,54.54921962765407,53.2078891372225,53.32333089670023,11857000
53.950008392333984,54.57669452460715,53.40578184463755,53.86754880775727,9842900
54.12732696533203,54.90864674465367,53.81147356898172,54.531843040916456,8594800
51.66701126098633,52.8528475447346,50.841359843461575,52.71985770545865,15083800
51.69471740722656,52.84176476714542,51.024221532846035,51.02975978133396,13452700
51.70026397705078,53.50118415314341,51.50631534518097,53.50118415314341,10071000
53.93337631225586,53.961080225514685,51.78889557112557,52.04379440251798,12301000
54.077449798583984,54.17165494634688,53.23517553642659,53.65631478133977,7642500
53.174232482910156,54.59280174755256,52.80296696875295,54.33236459948922,9812400
53.66740798950195,53.94447256789657,51.73349841605517,52.46494873391014,9216600
54.714691162109375,54.72577610856778,53.51777483237205,54.459792353254834,9724900
54.52634048461914,54.84773659062909,53.606483538660804,54.28806464432519,9202500
54.770111083984375,55.257747334205604,54.34897606673564,54.77565355801025,11242000
54.59280776977539,55.678904738955005,54.581727045778614,54.864334125905465,10121400
53.423583984375,53.78376448638873,52.681048855587434,53.36816769698597,8976700
52.98027801513672,53.08556388591379,51.3954686176616,51.855396736913065,10276800
55.01948928833008,55.10260951463916,54.22708435583477,54.45427513156458,10572800
54.5318603515625,55.73431978361752,54.30466533465604,54.797840018359175,9603600
52.747554779052734,53.966637209611385,52.52035979983169,53.75606965601886,13346600
53.14653396606445,53.157614689965584,51.62267865560514,52.05489875814453,13616300
53.15760040283203,53.661855644376196,52.437230940432734,53.61752853301514,11453800
53.922298431396484,54.85877791224762,52.72538183897185,53.3681693615758,11325600
55.002864837646484,55.13585466011417,54.337907269967594,54.70363456634152,9241200
55.2078742980957,55.501566238222864,54.46534341962941,55.41290356324055,13862000
54.69807052612305,55.047170257845565,53.528858052557865,53.855796345664714,8522500
54.18828582763672,55.26883589415777,54.160577681246096,55.013937012508435,8660500
52.237735748291016,54.182729602089246,52.16570050469423,53.86687626067488,9267200
49.96581268310547,50.70834776776345,49.090287817489674,50.37587120153448,16685800
49.87717056274414,50.33709458651693,49.073680684740516,49.94366336115114,12228200
50.69728088378906,50.785943587798215,49.18451048874897,50.23181437075224,11899200
51.833248138427734,52.83622068136434,51.561726002320405,52.176809779389394,11079800
50.83580780029297,52.82513367704091,50.72498365969747,52.08259840650718,10338300
52.304237365722656,52.35411117543958,51.15719047425999,52.193413253836646,10104100
51.30680847167969,52.53143743457239,51.268019605954755,51.51183774917963,11918800
49.80512619018555,51.406559086152015,49.78850299220947,50.94109263214247,11384300
50.69175338745117,50.891236058441955,48.03193089040403,49.1623552402655,15398100
52.4538459777832,52.49817307867764,50.442355277853466,51.057438721738144,13057500
52.42615509033203,52.53697922053493,51.378851417537206,51.744574429342435,10169500
52.309783935546875,53.04677659753618,51.899729616258135,53.01352597923171,10534600
54.41546630859375,54.43763197599533,53.24625377609017,53.26841944349175,7490300
54.0829963684082,54.65929110833609,53.833639978059175,53.8668863693939,7613500
54.18275833129883,54.72026438957821,53.57875946757177,54.36562200162144,8868800
54.18828582763672,54.36006449778376,53.33492649637438,53.53995578772408,6507900
55.6733512878418,55.72322087750168,54.77566062493829,54.84215763882098,7365100
54.64265060424805,55.551421652671834,54.52628404376709,55.36301985789352,6576400
57.04759216308594,57.71254965476291,54.2880314670192,54.87540699114791,12165700
56.654151916503906,57.673751549403384,56.36046420146838,56.90351252132828,8651800
57.291419982910156,57.441037240498495,56.36602519586544,56.897988742208575,8710100
58.47724533081055,58.649024005078815,57.74579506184708,57.906493013895,10884100
58.887306213378906,59.21978710416404,58.333177032297186,58.46062860412084,7911500
57.906494140625,59.241947374489314,57.81229320307525,59.08124941931458,8452200
59.16437530517578,59.20316418169577,57.88433815234558,58.78202901595599,9959400
60.38343811035156,60.959732780572445,59.63536480212008,59.757269631491894,14393600
60.75471878051758,60.948663134651206,59.435892944739024,60.31695625109032,10341300
58.21126174926758,59.84594084993414,58.21126174926758,59.690785383416966,11457800
56.56550979614258,57.45211567132171,55.85068262024713,56.22749064565705,15213300
57.92866516113281,58.14477520377807,57.152883461233586,57.607269221112105,8393400
58.809722900390625,58.931631985118145,58.01731807733148,58.649024945765234,9276200
58.975982666015625,59.070183634128234,57.8954322019683,58.599174565894046,8402700
59.69078063964844,60.139623807498104,58.482779167906855,59.09786273819591,7821800
60.322505950927734,60.400083701872475,59.014760681187326,59.995567519657456,7761400
57.78458786010742,59.009212790701696,57.562935351602455,58.62686654689233,12062000
58.46061706542969,58.74322407574931,57.352358922009216,58.36087366341507,10025200
59.31949234008789,59.57992933630209,59.07567430451064,59.12000562510058,6352600
58.83189392089844,59.147747383827586,58.39413136215976,58.848517119841524,5531200
57.22490310668945,59.47466984482835,56.84255695054537,58.86512875694925,24328000
56.43740463256836,57.761069841538344,56.2642637349503,57.25282825062959,12581000
55.89568328857422,57.04062626194544,55.1528639464308,56.2698839757256,11794300
54.66695022583008,56.68875769944908,54.46588631083625,56.14141609505642,13668700
53.427024841308594,54.141916373404854,52.751224545625156,54.130743796352924,15021100
53.85151290893555,54.31507705712361,53.058430030095046,53.43821685759623,8939500
52.36030578613281,53.38237997774035,52.36030578613281,53.293016343874235,11665200
51.544883728027344,52.75126300264879,51.544883728027344,52.51668984662417,5257300
53.488487243652344,53.812423984062676,53.05843652772914,53.633700999886635,8403100
54.39326477050781,54.76188325461919,53.477309111983594,53.59459564935778,8845100
57.425968170166016,57.42596817016601,55.912407368493106,56.13022581434808,13373200
56.87305450439453,57.52650995402583,56.387149439721895,57.42597801861397,7007200
56.79486083984375,57.6326255090781,56.68874261819146,57.54884818993637,6638100
57.425968170166016,58.085009797932344,56.99033127845607,57.85043674256405,6121800
58.28607940673828,58.4927295537473,57.43714217786621,57.58235590984799,7445000
58.37542724609375,59.056809706739145,58.06824949260133,58.20787690630439,10323300
57.10761642456055,58.53181785401036,56.940061811299095,58.08500839270705,7720100
58.22465515136719,58.364282621754164,57.36454942245238,57.38130403712405,6624100
57.565608978271484,58.21348243731938,56.688748700830395,58.096191621280916,7595800
57.872798919677734,59.14061455170211,57.58237137769914,58.207904016420926,8990000
56.14698791503906,58.09618586848552,55.57730981012474,57.3868803175431,15512100
55.66667556762695,56.74459974548769,55.471197972904434,56.537953828677594,9667000
56.33128356933594,56.331283569335945,55.62197392851365,56.02968784738282,14709700
55.69459915161133,56.59380029009631,55.57172631115872,56.498854644689004,5977400
57.90070724487305,58.001239174631415,56.84512411295587,56.93448772211506,7278600
58.88369369506836,58.939543827887064,57.83369671036382,57.90630145691894,8156600
59.37519454956055,59.52599463021848,58.677057075274135,58.92838912267303,7483800
60.039798736572266,60.10123515058537,59.25788422638935,59.553893715129945,3779400
60.30787658691406,60.59271345320492,59.90574893910266,59.90574893910266,4136200
59.1796989440918,60.40842308249398,59.135017136638986,60.24086843509178,5307900
60.023048400878906,60.0733122371472,59.38076128387069,59.414270508049555,4468500
59.4254264831543,60.039786234263566,59.30255368071436,59.64324490162858,5009400
61.642723083496094,61.98899640388063,60.72676742781562,60.732349457369956,11518700
61.5366096496582,61.642727874716414,60.98926817331094,61.34113207278118,8019100
60.93340301513672,61.17914862892984,60.30228863372958,61.095371327764866,7184900
60.49217987060547,61.21824413255624,60.36930706371314,61.106543905067134,8214900
61.151222229003906,61.25175413947839,60.33579862675107,60.453085145456214,7118800
60.911094665527344,61.8047140073424,60.821735288001534,61.50311811864374,7641800
60.190582275390625,60.68207348770922,59.83313644520823,60.60388247867497,7802500
58.626773834228516,59.22437914414234,58.375441869946584,58.375441869946584,11897200
59.2523193359375,59.28583283092501,57.811366884259115,58.43131327786782,8266900
59.60416030883789,60.30788377640087,59.21878722356201,59.91133811008128,6925300
59.66559982299805,59.72703623865871,58.75522616971264,59.202035690682656,6581400
59.721439361572266,60.03978970397764,59.10149328513697,59.87782138786394,5666100
59.6990966796875,59.87223330918165,59.34165084138896,59.73260589543721,7284600
59.76613235473633,60.03980095201666,59.51480039874744,59.754959772999165,6506700
59.60416030883789,59.810806186143715,59.302564537025184,59.45336029238595,5041400
60.16826248168945,60.31905825244024,58.69379269309219,59.40868881466028,8020700
59.53153991699219,60.63739086857131,59.3974987977703,60.335795154504275,7000400
58.06266784667969,58.45920922198006,57.59352174443953,58.30282718790001,10581500
57.755489349365234,57.80575317636893,57.01267043564479,57.749903059334564,7615700
57.59353256225586,58.52065662176862,57.19140482132343,58.425710977685036,8320100
57.40922546386719,58.319594945270914,57.3477890421862,58.319594945270914,7824500
57.91191482543945,58.062710680664274,57.459518737576985,57.54329610652144,5897200
58.92279052734375,58.97864066140718,58.35311234214948,58.59327175360509,6818600
59.57624435424805,59.626512456243695,58.29167426285886,58.43130172460281,6443600
59.66559982299805,59.79405468404024,58.88927158265848,59.21320401121578,6034700
59.626495361328125,60.03979133649253,59.25229063270892,59.91133223363684,5383700
59.408687591552734,59.98953828150421,59.2411329509756,59.86107915558287,4751400
58.79990768432617,58.93394883552021,58.40895255122216,58.74964385053767,6136800
59.414268493652344,59.49804581235067,58.894854231032426,59.29139992213175,4695500
59.47572326660156,59.498064175889205,58.96189513626419,59.3416820719685,5974800
59.093021392822266,59.7908806336869,58.862275153049275,59.7908806336869,6553800
59.94845962524414,59.976600875938004,58.98046329015457,59.38566896138294,5733900
60.0272216796875,60.353636824264846,59.67829011177761,60.22982225843393,5666500
61.01210021972656,61.06274928716783,60.46619292619622,60.505588076567,7149000
60.49998474121094,61.09654135628668,60.3311458569908,60.87142856899475,7150000
60.978363037109375,61.06278248916271,60.39868938342912,60.522504007273774,5504800
61.38921356201172,61.56930642299066,61.06279390968974,61.23163284537421,5833300
61.6987419128418,62.03079065330589,60.93897533868975,60.944604447850764,7723400
61.687477111816406,62.13208219459664,61.44547698558796,61.72687228149306,9132500
61.41169357299805,62.42471377578975,61.299132910187694,62.13206463998333,10572800
61.77186965942383,61.98572844543169,61.40042596958169,61.43982112210286,5980100
61.687477111816406,61.83380386793747,61.34417450731206,61.62556980321716,5377100
61.52424621582031,61.59740742190332,60.86015337358611,61.42294377230154,5941500
61.25975799560547,61.36106047873619,60.78138682839161,60.860177171520874,7480800
61.60304260253906,61.87880872285169,60.888300614942985,61.34415950885268,6867900
61.923831939697266,62.22773929506742,61.659319743703776,61.79439254192407,5505400
61.66496276855469,62.13770908152674,61.552406371716785,61.84505557974611,5704200
61.90696334838867,61.90696334838867,61.434221325637985,61.70998750557589,5324700
62.57668685913086,62.64421898169577,61.58617422191481,62.03077930172343,7331000
62.29529571533203,63.19013074894424,62.21087626275026,62.49790068402757,8819400
61.923831939697266,62.43034419864753,61.603041557987154,62.19397324238752,8899400
62.06452941894531,62.37406588035431,61.963226967370574,62.14894884421598,11092500
62.30089569091797,62.50350057883559,62.07578296545395,62.19959324695916,5695000
61.38921356201172,61.86758482144773,61.30479409416948,61.86758482144773,6158300
60.730735778808594,61.35542939529582,60.4155701226849,61.3160342249993,7549900
59.290000915527344,60.21297734383366,59.109908058632264,60.13418698730159,8282100
59.85839080810547,60.16229815722995,59.00857605187313,59.47569314184688,6600300
60.69132614135742,60.764491655180514,60.12291082146723,60.34802788274839,5311100
60.24109649658203,60.781374869056876,60.22421346834076,60.713838462340966,4327700
59.593902587890625,60.196088421774576,59.205575658854954,59.97660040808102,6816400
60.1341667175293,60.22984007624729,59.04798083288998,59.13802937786053,5793900
60.33675003051758,60.359262158693824,59.886520348240836,60.24107670608058,6121000
60.95022201538086,61.22598819951977,59.993475445534486,60.134173091651476,5188400
60.29737091064453,60.910814758730055,59.78523381316081,60.74197589939445,4690300
59.43067932128906,59.802123133414796,59.109888889794576,59.79649402584443,5430600
58.952274322509766,59.59948392083834,58.71590346551105,59.188645179508484,5982700
58.24319839477539,58.57524708382387,57.88301275178314,58.136271099786526,4983400
57.0951042175293,58.18129023900442,57.06696726399457,58.108129007312336,8907500
56.813716888427734,57.657902900402895,56.71804350423772,57.57911254945205,8570100
57.73667907714844,57.888634926500366,56.56607802450733,56.77993688262182,6451900
56.71803665161133,57.607246840625365,56.68427058921259,57.567851669909636,6847100
57.128883361816406,57.53971815538911,56.93753229708565,57.190790680368806,6065100
58.31635284423828,58.5808607710747,57.59597740133571,57.66351380672522,5500900
58.186912536621094,58.513332074428334,57.88300513525757,58.20379556551613,4836200
57.69166946411133,58.32762133886504,57.50594752319812,58.11938725719703,6768400
57.697288513183594,58.44017190884686,57.6410103137965,58.02933718894481,5814700
57.65227127075195,57.80985195402787,56.77994411065112,56.9487830105905,5590600
57.98432540893555,58.06311576380895,57.48344202706076,57.83799862399109,4104400
58.445777893066406,58.46829002266468,57.7535481563555,58.28256817379115,5308500
59.77961730957031,60.049754388959855,58.52459240141239,58.53022150957719,8535300
59.76833724975586,60.1060149162092,59.47005903230532,60.09475670399414,5433500
59.9709587097168,59.99909995428353,59.548865803722165,59.74584592818719,4727100
60.93333053588867,61.22598402435598,59.87528585499032,60.07226168737151,6179900
60.2354736328125,60.58440532971949,59.98784440960423,60.50561499392618,4834400
59.65016174316406,60.25234738471334,59.323746528177516,60.24109346436923,4882800
58.37263870239258,59.36877612366307,58.10812644706192,59.24496151106137,6241300
58.14189910888672,58.428923534893606,57.736689164818586,58.012459667379936,6126900
57.877376556396484,58.085610600089645,57.151380544772515,57.82672746924873,8167200
57.280818939208984,57.68602880415048,57.05007705674288,57.18514558047306,6115600
58.1700325012207,58.66528664721557,57.7704517197218,57.871754192056116,21105400
57.792964935302734,58.5020779611184,57.669150323056776,57.93928739181952,4944700
57.37088394165039,57.57348893224056,56.9938109185368,57.25832322812686,7021400
56.785545349121094,57.77605753554392,56.67861381205713,57.4271259840059,8421000
56.84235382080078,57.796351555281696,56.79124888814408,57.22281609411764,6423800
56.86507034301758,57.58624951946652,56.723106415791676,56.89914029918532,6527500
55.91105651855469,57.211446238300105,55.78612760529794,57.05812714719028,11137700
56.60954284667969,56.63793303561639,55.848613865407614,56.109826998562006,6169400
56.399410247802734,57.171694103986404,56.06437756951399,56.7458024626672,6089700
56.21769714355469,56.21769714355468,54.911627699181224,55.83723498043848,8013000
56.81963348388672,56.853707768034376,55.962174593875666,56.365351575066455,6322300
56.13821029663086,56.9218495394273,55.88835242252411,56.80828014159413,5561500
56.921852111816406,57.26824442297485,56.50164012196984,56.67767399628495,5223200
55.439754486083984,56.28018288980501,55.36593479934723,56.28018288980501,7284800
55.82589340209961,56.30857422098291,54.9002901554838,55.68392947475635,9371100
54.7469482421875,55.246659498863615,54.52548062187222,54.883232342664,9243000
54.84349060058594,55.16148832536142,54.360814244796266,54.78670591150375,6794500
54.792388916015625,55.00817682968564,54.389211935730415,54.735604219089964,5891600
56.6719970703125,56.67199707031251,55.41135680148877,55.587390671180316,7145800
57.00703811645508,57.921286216065006,56.88778892942712,57.34207526015839,7971600
57.26256561279297,57.35342460260416,56.609535036204136,56.72310444107304,5769900
56.73446273803711,58.10867243586154,56.54138955511578,57.91559925294022,7037100
57.20578384399414,57.29664283846478,56.53571392315677,56.8991412362487,5933400
56.85936737060547,57.580546252767384,56.62086910996333,57.17168961601315,5189900
57.8758430480957,58.01780695137247,56.72877661587305,56.88209572515837,6540000
59.24439239501953,59.34092683430517,58.284714775638804,58.48914319553524,11091100
58.75035095214844,59.03995857591636,58.489137846701084,58.5686372991244,6630300
59.091060638427734,59.42609774226899,58.92638197144068,59.051310914147756,6115500
58.846900939941406,59.36933162134617,58.25633032838552,59.079723921014754,7609200
56.79691696166992,58.915020321406374,56.7117420849522,58.75034167242787,8492000
57.035396575927734,57.42153841319101,56.54704059549498,57.15464568755999,11708600
56.26313018798828,56.535698431923706,55.74637954641978,56.41076951495575,7091000
57.32501983642578,57.518092989058744,56.12116876342171,56.20066819909577,7616000
58.24495315551758,58.432346557566945,57.495383879714865,57.61463304491135,5740300
58.75035095214844,58.85824492289232,57.597604559615135,57.83610291688508,7010200
59.90877151489258,59.91445128450483,59.25573664611858,59.80655732384626,10651500
60.11319351196289,60.24379787240844,59.448803506928506,59.959870075481504,5695600
60.97066879272461,60.99905897862466,60.31763386349041,60.357383589666654,4079900
60.20973587036133,60.78895107868504,60.03938176915636,60.346020017804285,5045600
59.66461181640625,59.82361075544059,59.27846967915306,59.61918231028324,4609000
59.31816482543945,59.64752194314091,58.801418749121524,59.607772244962604,5233300
58.98884963989258,59.84631297571381,58.65381685028811,59.55102991254368,6424200
59.53965377807617,59.98258041558223,59.068332630004214,59.2330112600195,5931000
59.64189529418945,60.23814563027785,59.210323663614965,59.23303841600268,7871500
60.198368072509766,60.30058224481222,59.55101309205893,59.81790156136541,6771800
60.63564682006836,60.902539762092644,59.90879202704684,60.02804123536478,5185100
61.00471878051758,61.04446849368283,59.95418693338412,60.75486096496812,6668200
61.260257720947266,61.31704674422322,60.567477560359144,60.641297225266,5519300
61.805416107177734,61.88491989586781,60.82870788235856,61.282989870842854,6829400
62.0041618347168,62.03823178846308,61.04448436851058,61.41927118929938,9368100
61.30002975463867,61.48742320192554,60.20974769616275,60.902532441359675,5953200
60.363067626953125,61.41927966275296,59.40339002834901,61.41927966275296,6654900
60.22676467895508,60.629941642627784,59.7838379958328,60.4879777399658,5476400
61.481727600097656,61.68615597497302,60.908196528958946,61.09558559559914,6808200
62.043922424316406,62.18020659556466,60.83438686575164,62.11206234374269,8338800
62.361915588378906,62.42438006476278,61.759989905838346,61.82245438222222,5789900
62.22563934326172,62.929779319242904,62.19724482042221,62.20860436251638,10012500
62.748046875,63.16258338956811,61.97576287456228,62.30512017847726,8363800
62.038230895996094,62.42437291834705,61.59530417408657,62.15748006478751,6662200
63.10013198852539,63.53169923570472,62.975203031354084,63.11148719717937,5967600
63.20803451538086,63.656641165556636,62.86164209350331,62.89003661951809,5201900
63.57143020629883,63.82128804691486,63.321576698077045,63.37268162053346,5453300
63.67934036254883,63.96326822374529,63.23641359226562,63.315913046809,5443400
63.957584381103516,64.32669144363595,63.44651772940713,63.747480549929016,4846700
64.47999572753906,64.53110064455115,63.19096127702426,63.57710320211495,5107600
64.32669830322266,64.50273219836109,64.00302070084801,64.34941305298173,4336100
64.34939575195312,64.66171806167479,64.14496739147975,64.56517931805531,6286100
64.43525695800781,64.6813898551486,64.10898817501453,64.18339882128379,4539900
64.86456298828125,65.01910953176844,64.16623218842957,64.5211228283597,5394600
64.48677062988281,65.00765384955487,64.40090951077174,64.85882820090087,5642600
64.40662384033203,64.61841399701497,64.18911281214663,64.50393542788107,3908100
64.09754180908203,64.93896860720109,63.98305885326166,64.57263188273234,4647100
64.19486999511719,64.30934862121747,63.69687880071367,64.051769528952,4445400
63.70260238647461,64.20631444213561,63.507983486666795,64.15480037185326,4191500
64.11470794677734,64.22346128711493,63.3992059076291,63.40492677964622,3453300
63.954444885253906,64.33222774241453,63.79989397821848,64.21202390754168,3388800
64.30931854248047,64.57262275302227,63.97732456815827,64.01739250526076,3340900
63.994537353515625,64.36087423839142,63.880054347566855,64.29790967688962,3296300
63.496517181396484,63.93154367169033,63.490791941936806,63.81706071788766,3523200
64.20059204101562,64.65278564855996,63.920111996995175,63.920111996995175,5557000
63.66252517700195,64.26354441165644,63.46790630548604,64.12616921046097,4632400
63.40493392944336,63.95444340050265,63.301901449504534,63.88002838511005,4441200
64.69854736328125,64.9332340981179,63.862841613150756,63.862841613150756,5531500
65.25379180908203,65.25379180908203,64.53256446630499,64.66421877480266,5057300
65.23090362548828,65.5628976922493,65.02483864384895,65.36827882422155,5212400
65.3568115234375,65.6830802440845,65.25377906601858,65.29384700128831,4758800
65.52855682373047,65.67737814025277,65.27097340591149,65.38545638063513,4420700
66.71917724609375,66.95386416765166,65.32251930381537,65.67168488115516,7737700
67.11410522460938,67.66933562114899,66.67335779838034,66.93093683919125,8978300
67.0511245727539,67.82959111551335,66.90802416955663,67.06829592240514,7409700
66.95381927490234,67.34305255749173,66.73630386084844,66.96526538597357,5100100
66.74203491210938,67.07402893409841,66.30128754070051,67.02251051209683,5978000
67.45752716064453,67.64069549653333,66.1123842845476,66.4787209563252,7286200
67.42890930175781,67.84676001846174,67.24001572825065,67.84676001846174,10280700
67.41747283935547,67.82387753021555,67.23430446647376,67.28582289135718,6808800
66.93092346191406,67.82959385561334,66.70196193413355,67.6464255068045,7565400
66.57030487060547,66.97098422598121,66.48444376100282,66.86795176787354,5586700
67.08547973632812,67.19996270040318,66.69624639263007,66.84507206238835,5482200
66.71917724609375,66.90807095850658,66.48449469161665,66.90234571559326,5626800
67.11410522460938,67.68650697492588,66.89659413163747,66.92521159890602,4914900
67.52049255371094,67.58918231820657,66.92519436264847,67.34304945427765,6012400
66.4787368774414,67.3945787762221,66.42722281770311,67.34306471648381,7362500
67.05686950683594,67.24003790204347,66.66763612113506,66.76494337579052,5425700
67.25721740722656,67.68651879493225,67.03970627627098,67.21142421110552,4507900
67.32588195800781,67.46898236692181,66.94236954313908,67.07974907999261,3434900
67.17707824707031,67.76092618458453,67.17135300606232,67.26866026780147,5983500
64.3665771484375,65.85482524083518,64.11472333980379,65.62013841945225,15959000
64.71572875976562,65.3797167659435,64.71572875976562,64.89317623980446,7279900
64.14907836914062,64.84740935986468,63.88577402899676,64.72720548939117,5915800
64.578369140625,64.70429823192428,63.593837372735024,64.20058623380619,5775100
65.30530548095703,65.48847821068836,64.86455810950616,64.95614447437184,4793300
65.9292221069336,66.03225457843739,65.45985292943365,65.45985292943365,5218200
65.62583923339844,65.84335025241323,65.4655674965373,65.56859995124479,6166900
64.89889526367188,65.82046223771327,64.74434874502323,65.76894818718968,7160000
64.53260040283203,65.08210580002228,63.95447752582562,65.03059171610477,4811900
62.60929870605469,63.86858511321027,62.44902692281709,63.86858511321027,8011000
62.798187255859375,63.24465986373819,62.408953942079194,62.6321902460186,5087900
63.51367950439453,63.519404743040376,62.76383482365763,63.32478593277946,4888600
63.639610290527344,63.93153633035424,63.29617020271328,63.347684250700446,4777600
63.101566314697266,64.07465188862476,62.53488981739489,64.06892664846814,5958500
63.79988098144531,63.931535269245686,62.90121065582673,62.97562129071015,6480500
62.031166076660156,63.65678460603088,61.57324302685209,63.36485855260129,8375300
62.50054168701172,62.58639844651724,61.670556619472464,61.670556619472464,4058300
63.170265197753906,63.35915884643257,62.53489882825608,62.76386042964725,5379400
61.538909912109375,62.56350951116481,61.12105473654209,62.52916243847858,7627300
60.60018539428711,61.63050610340416,60.60018539428711,61.37865225917353,6208900
60.58301544189453,61.069560554108946,60.14799313901759,60.25102565645265,5835100
60.63452911376953,60.972244114466065,60.38267089828085,60.932176159009195,4001800
60.262447357177734,60.93215626562737,60.21665417529788,60.31396577856212,4834200
59.17705154418945,60.62616886898687,59.015397864240555,60.614619660572,8609400
58.669010162353516,59.73708314350879,58.114766957074025,58.882622115744496,9774300
59.11931228637695,59.171270504395544,58.31103956980944,58.63434689454367,8242400
60.24510955810547,60.245109558105476,59.54653238057594,59.85252025782848,6850900
59.78903579711914,60.112347606896456,59.41954036143052,60.04884016594375,5283800
60.10081100463867,60.112360217089034,59.7024512697804,60.0142095301968,3656400
60.89173126220703,60.89173126220704,60.30861968600722,60.545329959267214,2776400
60.6146240234375,60.6146240234375,60.18739578071729,60.47606434561281,4354100
59.685115814208984,60.71277968996198,59.58119494608714,60.62040362730562,6612400
60.955265045166016,60.978359062647854,59.327174252930995,59.454189146714356,7024200
61.07649230957031,61.59609658027863,60.83978198440722,61.13422513859735,5756200
61.01875305175781,61.411342414404906,60.77626814781988,61.25545894724966,6676400
60.42407989501953,61.23812260428103,60.262421868859796,61.1977091989238,5736400
60.01997375488281,60.67236319399898,60.008428949163296,60.27400352804421,6665100
60.71855926513672,61.088054763345205,60.04307572041812,60.2624622960001,6430800
61.45753479003906,61.48640340799222,60.787826019905964,60.903291682253254,7392300
61.769283294677734,61.7750578978996,61.27854773437907,61.61917884876254,4947300
61.75200653076172,62.17346476235014,61.469112443789456,61.83283341275379,5512100
62.20232391357422,62.485222382198295,61.861696996505785,61.94252387190285,5922700
62.398590087890625,63.033659968730184,62.31198864851883,62.4505483086744,5968200
62.30045700073242,62.664177837218006,62.04065262775718,62.664177837218006,4909800
62.24850845336914,62.577590543167986,62.00602784082981,62.12726814709947,5889300
62.744998931884766,62.83737058143951,62.3177706926371,62.33509010163282,6097100
63.56480407714844,63.73800694246923,62.53714490156576,62.66415974883676,7102700
63.45513153076172,64.14793438446111,63.443582320517955,63.77843894185702,7623200
63.726470947265625,63.893899243858215,63.30501730819874,63.507084423144015,5873900
63.339656829833984,63.68028803143766,62.675718240728074,63.258829982958424,15611700
62.71614456176758,63.15492210985025,62.62954749711561,63.10296387105907,2284400
62.61798858642578,63.08563028204808,62.473654294716866,62.987484020821945,4094300
62.65262222290039,62.84891913384362,61.930950824068574,62.61798340527091,5525700
61.45753479003906,62.2253942183733,61.37093774564493,62.16766138719966,5277100
62.4332275390625,62.4851901634443,61.053392357313605,61.053392357313605,6554000
63.73226547241211,63.7495848870019,62.77965802736613,63.66298340931879,6144100
63.460899353027344,64.03823651105284,63.22419340869803,63.587914232550226,6817000
63.7957649230957,63.86504697749455,63.44936346056859,63.50132169781755,4414500
63.36275100708008,63.55904352007399,63.03944361874524,63.51863009653214,4861000
63.07986831665039,63.328123506987914,62.98749224362546,63.20688321469289,6325400
63.241512298583984,63.55327488992178,63.04521537600852,63.34543316236325,4558600
63.77843475341797,63.9458630530922,63.559043820525545,63.616781058486396,5276400
64.50588989257812,64.70795703977136,63.96896609875985,64.19989746427585,5456300
65.15251159667969,65.2102444441136,64.28650567096909,64.30382508472589,6373900
65.49312591552734,65.51044532479672,64.74836048381452,64.81186792095744,5637600
65.79911804199219,66.00695977579932,65.33724654359122,65.41807339510143,6148500
66.24365997314453,66.89027913381122,66.1570585241226,66.23788977334702,6966000
66.5323257446289,66.5323257446289,65.8510677948021,66.52655554507326,8538000
66.91915893554688,66.93647834729921,66.12243075707173,66.45728740006176,5398000
66.3995590209961,66.9133888262648,66.35337098339731,66.59585157369034,5031800
66.68244171142578,67.18472662430662,66.55542683198007,66.67666710652381,4895800
67.0865707397461,67.19049159623054,66.48036941419736,66.69398132688627,4745400
66.99420166015625,67.3059642415599,66.63048085088504,67.29441503221193,4520500
67.66968536376953,67.77938082941868,67.11544224028863,67.13276164965791,4370100
67.2309341430664,67.83714013596243,67.12124303934262,67.58888489374357,5168200
66.48037719726562,67.49071726286319,66.48037719726562,67.09812780404167,7777900
67.25978088378906,67.3694763565476,66.42264374197848,66.8787362340382,6415900
66.50923156738281,66.90759557235901,65.98385710151001,66.40531071411652,6397600
66.86138916015625,67.19047103754365,66.68819072216519,66.82097575081853,5067800
66.91915893554688,66.92492913630872,66.30717849031909,66.64203513330912,4459800
66.4052963256836,66.97108849414705,66.00693681175481,66.96531389112445,5423900
66.76325225830078,66.8440790882596,66.33602409927096,66.35334350501472,4457200
66.76325225830078,66.87871789974714,66.39953152348602,66.78634626753643,3766300
67.25978088378906,67.45607340900635,66.68821831389586,66.8094585920712,4530600
67.21904754638672,67.39941403864458,66.858314561871,67.16086523653183,4111000
67.32377624511719,67.64378560198912,66.95140414204381,67.00377132727087,5226400
66.88739776611328,67.31795214897872,66.34629389667788,67.20158753923953,6353200
67.44596862792969,67.64379382869845,67.02123372699943,67.02123372699943,5023300
66.90483093261719,67.5506645229322,66.81755528329981,67.451754191917,5447000
66.90483093261719,67.08520179161277,66.38118147573692,66.7884663595433,4795100
67.46923828125,67.62633540732321,66.80595015544861,67.20741565649584,5207200
66.06118774414062,68.27214607600096,66.03791393782319,67.78340946040882,7522800
66.88739776611328,67.00958193804705,66.18338166743285,66.6023013649345,6113100
67.87071990966797,68.04526688797112,66.74196413939441,66.74196413939441,4540600
68.16162109375,68.59217553970363,67.69615370853862,67.82415746142304,5953600
68.01617431640625,68.21399510240332,67.4634311503626,67.91726392340772,5570300
68.35945129394531,68.54563738595442,67.53907035194557,67.94635104101968,5046700
68.61543273925781,68.80161876045662,68.46415520983851,68.63870654678577,6356000
68.92963409423828,69.11000058418342,68.67362660732856,68.83072372485067,5362200
68.98199462890625,69.17400023793212,68.77835433404191,69.01690756447263,4378700
68.98780822753906,69.30199798632272,68.65034466006492,69.20890275156084,4992000
69.0809097290039,69.12163778815061,68.71435275765803,69.02272298248674,4528400
68.80160522460938,69.41253034470812,68.74924249724184,69.1681576332542,4625000
68.86563110351562,69.06345183907648,68.69107973999971,68.87726578953809,5393300
69.81983184814453,69.97110939340928,69.00526625544444,69.0809072475895,7476700
69.6336441040039,69.77328252135713,69.18563548044239,69.58127692310566,10215600
69.31365966796875,69.76167289146194,69.06347167588247,69.11001931139315,4828700
69.50566101074219,69.70930135464789,69.03437843784232,69.46493294196104,5244200
70.02348327636719,70.3318535391767,69.73838682722598,69.80820826823093,5945300
70.01765441894531,70.39584607255803,69.70928419706931,69.81983368756278,6168500
70.50639343261719,70.63439716742069,70.0991128573564,70.20384278228423,5190700
69.9245376586914,70.7274638499918,69.5638003871672,70.6925553665947,6345300
70.39004516601562,70.47731642453105,70.00603387244219,70.25040227433817,4256400
69.93040466308594,70.23295541551485,69.64530372517055,70.11077120170548,4329600
69.13330078125,70.24460239718198,69.09839227026653,70.07587052904967,8280100
69.5929183959961,69.73837638036377,69.09836213695105,69.23218099671509,4322200
69.23800659179688,69.7907452049446,69.04018584655269,69.72674333112424,4813900
68.52816772460938,69.38346141837557,68.2779798035691,69.34273335862602,7175000
68.6968994140625,69.05181726516905,68.17324976169009,68.6154432946963,5409700
68.37690734863281,68.44672879961144,67.59143489098686,67.86489669186973,5029900
68.54562377929688,68.58053671644896,67.87070099437446,68.33616391248717,4117400
69.0285415649414,69.16236486539528,68.44089005786,68.65034991307664,4849700
69.61036682128906,69.72091630064968,68.95289838499049,69.17399290468668,5452000
70.37257385253906,70.48894290806379,69.54055397139595,69.79656145452478,6092300
69.784912109375,70.34347014148554,69.52890468002343,70.08746271213397,6391700
67.82415008544922,69.17981959134733,67.78342202659941,69.12745240766871,9766800
68.08016967773438,68.36526614041385,67.61470226031679,68.27217088131982,6511400
66.80014038085938,67.72525570599964,66.39867926001122,67.72525570599964,8291200
67.25395202636719,67.56232668432291,66.67793964687431,66.84085188034499,6451600
67.43431854248047,68.04523937809392,67.39359048677291,67.70196068556234,7573200
67.82415008544922,68.13252030803001,67.4285041827544,67.71942015711748,5435700
68.3536376953125,68.70855119570065,67.43434190341748,68.06853676756835,6745200
68.81906127929688,69.05179487589284,68.644514411118,68.67942289694895,4559000
68.9529037475586,69.81983208637058,68.83071957409048,69.2787282101402,5602800
69.84308624267578,70.05836559574527,69.05179467990982,69.23798066885333,6012200
70.58787536621094,70.7507876559028,69.8431309338899,70.07586467874697,5158500
70.98929595947266,70.98929595947266,69.88963426218683,70.43073798934526,6907400
69.97694396972656,70.73332746729419,69.84894463787002,70.54714137483508,6082100
71.00678253173828,71.17551435563517,70.18639722648369,70.4016766788403,5066100
71.85042572021484,72.09479851102958,71.25113952648259,71.38496282714365,6384300
71.71080780029297,72.01917810939275,71.39661792714601,71.7515358705698,4668700
71.58858489990234,71.9842306997789,71.29766900114089,71.76895133664667,4412600
71.7748031616211,71.91444161286978,71.47806756856957,71.55370857722512,4479800
71.93771362304688,72.11808013634393,71.5420676552468,71.83298367748138,9237500
71.69918060302734,71.97845756009941,71.04752697148054,71.78645187772037,10581700
71.47807312011719,71.62353114618134,71.08242711166164,71.50716650094068,16870100
72.72899627685547,72.72899627685547,71.51296958983876,71.51878471344244,6965800
72.14835357666016,72.57065177798354,71.90787647180788,72.57065177798354,7950400
72.001708984375,72.3594890891528,71.84921144590635,71.989975994972,5549800
72.3888168334961,72.3888168334961,71.71431309787673,71.98998019220309,6850200
73.18650817871094,73.22169820800795,72.24807010724322,72.39470119574835,5298200
73.86682891845703,74.0193219261106,73.16886397445286,73.22164898291233,6699300
73.27445983886719,74.47683609692086,73.08090580174799,73.84925545596613,9350100
73.55013275146484,73.80233832677597,72.85216754831504,72.85216754831504,8096100
73.5794448852539,73.64396289277563,72.92254077204893,73.02224879282845,5593200
74.1542739868164,74.7232033241093,73.81995528523947,74.13081247576224,6598500
73.60293579101562,74.33022917094651,73.20409907373352,73.94312097116148,6422400
73.38005065917969,73.88446188167714,73.0281369975088,73.45043518144386,4353400
71.995849609375,73.49148819363408,71.995849609375,73.10438005189182,7905000
72.78176879882812,72.79936827956236,71.76121818259234,71.76121818259234,7256900
72.11903381347656,72.5237370484609,71.63808402363928,72.03692076215012,7675500
71.3037338256836,72.20111497223672,71.15123630851303,71.7553554084894,7745600
70.72896575927734,71.25683854342456,69.59697811497473,71.12780247676353,10141500
71.37998962402344,71.53835365565854,70.46501335172918,71.09846052862103,6089800
71.96063232421875,72.1307248243466,71.43862631254021,72.10726332693348,5585600
71.2333755493164,72.00172543710842,71.12193897347012,71.47971916000239,4548000
70.3653335571289,71.98414216726611,70.15418441342291,71.74366501339081,5489200
71.35652160644531,71.45622962592797,70.27144848032405,70.3242379743478,4656700
70.54714965820312,71.3682846612814,70.44157509388127,71.04569447173522,4415300
71.09846496582031,71.42691708922965,70.54713078024785,70.6468388213079,4046900
71.27442169189453,71.39172922152407,70.8873180311788,70.98702607524538,4544800
70.6761703491211,71.77883430047751,70.62338531586337,71.43865364489216,4634300
69.18053436279297,70.18349478068265,68.95765675594247,70.1131102588654,7624100
69.75531005859375,70.11309011074056,68.77581590427486,69.93713109417457,10692100
68.51774597167969,69.22743960386977,68.04852489634922,69.03975206870234,6785700
68.88727569580078,69.13361929712775,68.57641853976398,69.06323477177358,5983100
69.2978286743164,69.52657273303761,68.62332501213825,69.40926521906256,4820700
69.62628173828125,70.11309785973687,69.49724570851478,69.51484071715127,4459400
69.40925598144531,70.12481605957542,69.29195295790613,69.67319449664373,6504400
69.84329223632812,70.38875983874235,69.20984512226828,69.41512766622549,5053000
69.88436126708984,70.57646002131663,69.55590466308118,69.8491667712311,4912000
69.84329223632812,69.97232825676518,69.56762518808964,69.93713376721263,3034800
70.68204498291016,70.88732759392373,69.8550435680515,70.20109523361036,4386200
71.1102294921875,71.73781053141695,70.95773634327979,71.13955750726882,4964400
72.30083465576172,72.57650173997895,71.58527890555189,71.78469498147321,6252900
72.08382415771484,73.04572347548893,71.97238312918905,72.4064097787153,5549600
72.59410095214844,72.79352151443875,71.85508365466737,72.69967549104926,7235100
72.7641830444336,72.81697254370123,72.165930393286,72.44745947329992,5615000
73.1278305053711,73.39763107482575,72.76418392489356,72.79351192204425,4062000
72.79939270019531,73.4562970069484,72.46507405127278,73.14543986538489,4002900
72.93428039550781,73.31552200489814,72.89909037688925,73.1102394382493,3634600
73.59121704101562,73.69679161180358,73.10440071600306,73.12786222893659,4324100
74.43577575683594,74.43577575683594,73.4152205998945,73.77886715321172,5929900
74.50616455078125,74.84634964311833,74.28328697726262,74.31847699549601,4056100
74.64108276367188,74.86982687990542,74.31262611678315,74.52964171608238,3763300
74.11905670166016,74.85807389139016,73.84338964167755,74.63519633057344,4527800
74.93433380126953,74.97539031669093,73.77888039963551,73.98416297674254,4466400
74.8169937133789,74.85218819329748,73.95480278994708,74.50613673550433,4829900
74.00179290771484,74.70562497184528,73.83756676853241,74.70562497184528,4028900
73.77301025390625,74.46510896163555,73.42696313745377,74.01934933424438,4589500
73.8375473022461,74.43580462277572,73.58534166218467,73.9137938539575,5394300
74.16011810302734,74.28915413747154,73.6908969731983,74.18944162687644,5757100
73.28620147705078,73.37418100739026,72.31844006779082,73.23928293905121,7472700
72.72313690185547,73.16889656272357,72.58823883694025,73.15130155206721,3733700
72.22457885742188,72.8228359580911,72.14833233373119,72.71139494476914,4677700
72.33602142333984,72.68206850923717,72.02516435300524,72.16006239587831,3898500
72.18353271484375,72.85216994115108,71.50316697352424,72.65861588226619,5639200
71.84922790527344,72.21287458805767,71.3682781505332,72.21287458805767,5739400
71.43866729736328,71.59702690222494,70.91666098620634,71.55597037690335,6014800
71.84922790527344,72.27739262008109,71.20405205986462,71.5149092278909,4461000
71.58526611328125,72.11900070185227,71.28613757802903,72.00169767519286,6884900
71.11219024658203,71.55571742067714,70.964347855217,71.36647934020156,4247800
70.89337158203125,71.07669918870405,70.40253834298105,70.89928654012807,5652500
70.17191314697266,70.96434618032632,70.08911725891397,70.78102306313379,4308900
69.95307922363281,70.5503635156688,69.95307922363281,70.13048731717313,4490700
69.60420227050781,70.0772997698736,69.32034738032205,70.00633379143109,5648600
69.95307922363281,70.4853125278337,69.44450123426196,69.74610085860746,4028600
70.68639373779297,70.80467034172982,69.852565111046,70.18964553663157,4675900
70.27835845947266,70.91703868632106,70.08912037505,70.81059198184633,3783400
70.2605972290039,70.76917527582029,69.82298513469347,69.92351685023402,5185600
72.03471374511719,72.35996875855118,70.64499639204568,70.64499639204568,7615400
71.18314361572266,71.88687020600722,70.99981601486975,71.64441107322759,5488800
71.2186279296875,71.48474239572707,71.0057345521394,71.27184901817895,4696100
71.28958129882812,71.83955500837087,70.96432633175809,71.75675914347,4154300
71.47293090820312,71.71539010041627,70.92887195377128,71.17133114598441,3671200
71.77450561523438,71.95191372794503,71.502476232979,71.60300794802743,3337300
71.67987823486328,72.59058757353465,70.37886747206993,71.86911624602939,5690200
72.27719116210938,72.42503355787157,71.67990661992837,71.67990661992837,4482000
72.74436950683594,72.74436950683594,71.67990251361135,72.63200784872012,6000800
73.28250122070312,73.32981185957136,72.61425536590497,72.76801268633132,4995800
73.26478576660156,73.69648759740413,73.11694335372009,73.35940707650606,4529700
73.41261291503906,73.82065933352175,73.21745988778287,73.31799613660031,3094000
73.37714385986328,74.03356450193581,73.31800779995783,73.9093774225967,4277800
73.5308837890625,74.03355148938762,73.3771309626912,73.38895636787692,5458200
74.40608978271484,74.76682543914004,73.2233511090034,73.5426910923203,6296900
74.18138885498047,74.58352028098481,74.06902721024967,74.42976295321493,4440800
73.8738784790039,74.6485756090297,73.76743178619532,74.31149516710107,10264700
74.22870635986328,74.28784692623188,73.66690707369567,73.69647735687997,5450600
73.61959838867188,74.41794642622968,73.57229225082385,74.12226163366813,6097900
73.37120056152344,73.93891463856845,73.37120056152344,73.78515733276758,4498900
73.02820587158203,73.59000950810922,72.75026153196623,73.38894156617398,5022600
72.52555847167969,72.89220920287362,72.44868205737079,72.87446883894013,4518800
71.85138702392578,72.15889714781143,71.26001758339964,71.91052306562024,6421800
71.74494934082031,71.99332345415708,71.46108998858448,71.71537906036966,4702300
71.4551773071289,71.66215572843619,70.82241212668025,71.57936435991327,5899800
69.92945098876953,71.35465380460236,69.74021290863735,71.33099848061188,10203700
69.85847473144531,70.1009383828058,69.49773898933745,70.07728306229811,6538500
69.7047348022461,70.0772960175882,69.31442870939942,69.44453074034831,5677400
69.03054809570312,69.8348062828181,69.01871818177763,69.71653421430449,6744200
68.67575073242188,69.0719717974724,68.1967427952524,68.9241293959468,8861700
68.8235855102539,68.8235855102539,67.67633166951697,68.14942459491841,11133000
69.58643341064453,69.610088727106,68.55745195941665,68.93592799921979,6535800
70.12457275390625,70.22510445218721,68.78807687113613,69.38536112809375,4789800
69.87029266357422,70.41435140656189,69.64556941319084,70.11275176155752,6414700
70.46759796142578,70.79876346667587,69.98267059760727,70.62135079641097,5614200
70.68048858642578,70.73371419353009,70.17782535737624,70.43211445138365,5254800
70.75736236572266,70.87563446232393,70.44984769569331,70.73370704404415,6231100
70.85787963867188,71.07668793570127,70.556279988559,70.74551801157699,4360700
71.34281158447266,71.43151790619268,70.79283780395761,71.04712685326652,6444900
71.04119873046875,71.34279836371007,70.86970107673505,71.1358199925798,4961900
71.29552459716797,71.55572869072601,70.91113792851125,71.36057562055748,4188100
71.3132553100586,71.68582103208337,71.12401722539859,71.3132553100586,4273300
71.50249481201172,71.64442224141641,71.01756744727841,71.29551185904833,5497700
71.85138702392578,72.15298670189553,71.65032357980647,71.75085530186612,4241700
71.1417465209961,72.12341746022666,70.91111279682424,71.87504337447095,4999100
70.94071197509766,71.75089012608223,70.86383553476205,71.0530736671053,7752500
69.78752136230469,70.63317999325999,69.19023685775237,70.39663127258457,9344200
69.84075164794922,70.13643645976255,69.37948406340718,70.13052150022448,6670300
70.04769897460938,70.31381789401523,69.23161088103646,69.54503592034077,6623300
71.63851165771484,71.79818397336436,70.26653439156867,70.55039377950563,8373200
70.91112518310547,72.07611941125045,70.62135085398378,71.91053665849041,10131200
71.6680679321289,71.67989333641,70.71596271891849,70.76918380587001,11331000
71.60301208496094,71.85138616418018,71.38420377033977,71.6621481259478,3427600
70.9643325805664,71.70354437828064,70.74552426419832,71.57344237999642,6914200
71.01753997802734,71.05302520549672,70.48531119567545,70.71594487117191,6212000
71.29783630371094,71.51848196945546,71.15471712711599,71.30976555573854,5470900
71.59600067138672,71.72123051395403,71.04140876877354,71.42902754796363,6008000
71.89418029785156,72.09097203326061,71.60197728294783,71.98363150028088,4788700
72.78868103027344,72.97950813319194,71.72124035937165,71.88821805539271,5891800
72.7529067993164,73.20015827554171,72.51437176872746,72.8483226314229,4571300
73.62356567382812,73.70705226328634,72.9675976639373,72.9675976639373,4884300
73.96344757080078,74.0588633781864,73.0033476199446,73.67124462261555,3887400
73.79052734375,74.00520841163849,73.4804349955095,73.80841667446117,3925300
73.2180404663086,73.76666779838612,73.14051852254009,73.59373458149305,4597500
73.00336456298828,73.19419167237164,72.53822376822113,73.1226343499011,3906700
73.01528930664062,73.52813798449618,72.75290034131632,73.24785968965921,3721000
72.95564270019531,73.38500475163958,72.78270950416898,73.27170416283022,5384000
73.06299591064453,73.28960622699836,72.67538162153274,72.93776604882235,5410200
72.61573028564453,73.24784864775606,72.26985935129241,72.81252197997198,4391800
72.21619415283203,72.75289676017852,71.98362378126133,72.3175700481984,4706800
72.92581176757812,72.96755503792176,72.5441577102435,72.78269263349645,4179100
73.552001953125,73.8740235971402,72.84833058803129,72.91392329267204,7706500
73.74281311035156,73.90978623861731,73.17032731390255,73.82033504856737,5602700
72.8125,73.87994015799033,72.6336022361687,73.83819689146222,7309900
72.15060424804688,72.81253677277294,71.90014452238759,72.6217096651739,7221200
71.50060272216797,72.24005721345574,71.19050582120141,71.8226243271668,5268100
71.69139862060547,71.97763688952726,71.44689907246264,71.83451775506636,7304500
70.80883026123047,71.69737285809661,70.51662732887208,71.63177563149104,6824000
72.51437377929688,72.61574969146285,71.08913273284948,71.1606946089135,8206400
73.48042297363281,73.58776349001545,72.19233677704116,72.49646899840471,6540600
73.2180404663086,73.82034033613111,72.99143471167052,73.24189442200894,9455200
73.22997283935547,73.70107369806144,73.1285923858899,73.5937377173515,4062400
73.65333557128906,73.67718951674722,73.17030113769249,73.21204440482553,1587800
74.4285888671875,74.53592937653738,73.6772098514145,73.7070238792096,3415200
74.67906188964844,74.92952159108923,74.35704032364886,74.54190278666324,3455300
74.08271789550781,74.66712379633908,73.88592620352996,74.41666412455425,4688500
74.48823547363281,74.64327935706295,73.90382494864647,74.35107636940815,3475600
74.02904510498047,74.47033184176091,73.77262080867371,74.21987217085926,4540300
74.15428161621094,74.47630317193584,73.86207864051995,74.30336541702748,3506000
73.9574966430664,74.42264196570652,73.659329014277,74.29740755789925,4252300
74.58364868164062,74.73273249243384,73.73685372825763,74.1960298636429,4563300
73.52216339111328,74.21987444558425,73.20014185450907,74.20794974408467,8282500
73.52216339111328,73.5996853250513,72.76481518011553,73.5996853250513,5643500
72.16252136230469,73.25381128329427,71.78086721130836,73.05105950606087,8127500
71.11297607421875,72.09693011222505,70.96985689313611,72.0432575757711,6504200
71.30381774902344,71.41115829420852,70.84464153053472,71.2024418312591,6904600
71.07124328613281,71.60198135446849,70.99372133278041,71.37537557181555,5829300
70.86253356933594,71.1368472953565,70.48087929403098,71.02950674607212,5041100
71.1368408203125,71.78684413482465,70.80885457466492,70.98179236330843,7199700
71.77490234375,72.09095925994669,71.26801835269815,72.00150807336664,5602300
71.81665802001953,72.01344975452737,71.54234433692245,71.86436593438697,4977500
70.60010528564453,71.4707539013394,70.52258336803773,71.46478927700802,6205800
69.34782409667969,70.4510433567403,69.32993476781722,70.29003484730136,7094900
69.43131256103516,69.92030727856555,69.10332635734171,69.32993666159422,6179500
69.6758041381836,69.7891092846072,69.21662802579993,69.60424682438057,4303700
69.17485809326172,69.70559586465845,69.00192040206758,69.2583446269865,5522100
69.4432601928711,69.74739254128939,68.68591618565972,69.35977359521561,5538700
66.56890869140625,67.92259238629613,66.25881633358291,67.92259238629613,15523500
66.27669525146484,67.06385755114397,65.91889503337009,66.99826031369766,11275300
66.09183502197266,66.81340010856005,65.88907867674692,66.70605958454095,9717200
65.31063079833984,66.19320891911916,65.16154699446795,66.19320891911916,10562900
66.35419464111328,66.40190253389301,65.54318321223323,65.66244839450749,7983300
66.81936645507812,66.86110974051152,65.82944775811903,66.73587988421131,7071800
66.60470581054688,67.06984671924108,66.24094083330074,67.06984671924108,9251300
67.73175048828125,67.90468823555376,66.75972123808317,66.80742914416035,6874700
67.40084838867188,67.91825239995516,67.26848858251722,67.91825239995516,6422100
67.68964385986328,67.82801670308444,66.88947188788119,67.22037145226165,5061600
68.27323150634766,68.48380188124779,67.1361423017071,67.73176154939736,6776400
67.80997467041016,68.65226079213423,67.7437947514832,68.50185272004386,6106600
68.34540557861328,69.21777487685763,67.66556295867554,67.7136946282522,7989900
68.9470443725586,69.38623786743446,68.04459613577095,68.29126752373567,8406900
67.79192352294922,69.03128451488591,67.74379184032705,69.01925388927532,9221100
68.67633056640625,69.18771712277389,68.01453592933692,68.20705808903145,7337900
69.16966247558594,69.45243037550742,68.73046890100981,68.8086840333821,5976100
69.4945297241211,69.70510005494421,68.82671768201853,69.07940207900626,6113800
69.60282135009766,69.68103187317408,68.92297411763717,69.58477312093301,4922600
69.38626098632812,70.23456022470805,69.0734095895525,69.71114301063021,6944600
69.09146881103516,69.90367629597202,68.74252547620014,69.06138994239132,6046200
69.38021850585938,69.95176720533358,69.34412204612934,69.7231486435617,5611500
68.84477996826172,69.34413584766243,68.5920955196818,69.23584185682962,6703700
69.09745025634766,69.27794173410992,68.79663418680317,69.01322212408232,5179600
69.23583221435547,69.75924927207616,68.97111258694503,69.22981460734452,5055600
69.69306182861328,69.75322871203775,68.6582584490082,69.45842567154186,6203000
68.89293670654297,69.92774530860818,68.7304933661698,69.72920548819278,6274300
69.57877349853516,70.00593186283173,68.6642898703901,68.6703074783633,6812900
68.8567886352539,69.6389121629684,68.65825354044871,69.54866643437235,5405100
68.6462173461914,69.1275248317567,68.39353298180939,68.80264296751338,6280000
69.22982025146484,69.362180075961,68.6642844886502,68.74249961590137,5894500
69.9337387084961,70.12626086486144,69.30804055278618,69.56072961246403,6329600
69.30803680419922,70.23455106599928,68.98315941235234,69.71714693810976,5569600
69.4945297241211,69.83745986005844,68.77858600923354,69.09745030877839,5280600
69.56671142578125,70.99258101901873,69.53663257770748,69.96379077709608,14893600
69.69911193847656,70.2044855363679,69.5787872956929,69.78935771560975,5386900
70.44509887695312,70.50526575773539,69.91566429272456,69.92769950491643,5573000
70.81812286376953,71.16105302037758,70.60755252025392,70.87227214643882,5971600
70.79405975341797,70.98658187349089,70.28869090951011,70.84219143095855,5224600
71.29341888427734,71.32350233165677,70.81211126674425,71.07081330790261,5875100
71.54007720947266,71.96723546157533,71.28738823195786,71.46787970302718,5482700
71.59422302246094,71.96121898667393,71.49795967902001,71.68446875941459,5391400
71.8048095703125,71.91912116895092,71.30545369110136,71.30545369110136,4505600
71.61827087402344,72.06949485539448,71.52802515973168,72.06347725041832,4446400
71.47389221191406,72.04544084605617,71.3475454371233,72.04544084605617,5301300
70.59552764892578,71.48594541921481,70.59552764892578,71.18512928723864,5241300
70.87226867675781,71.17909776653522,70.49925509358512,70.7880405434751,4706100
71.65442657470703,71.74467236362297,70.74596025577851,70.89035535408061,5376500
70.20447540283203,71.02870872611852,70.12024724702304,70.51130457466893,8769200
70.40901184082031,70.83015711219984,70.09014752640202,70.09014752640202,7028800
71.41376495361328,71.49198010426777,70.59554451198372,70.89636071581545,6817700
72.37635803222656,72.3823710495729,71.19715483962659,71.41976041385927,7681900
73.29685974121094,73.4713336483829,72.73734155272498,72.73734155272498,7277000
74.40987396240234,74.51215033929309,73.23067534918944,73.23067534918944,8604900
74.74681854248047,74.84308194318446,74.03087900763384,74.03087900763384,6351100
74.60238647460938,74.81295680873764,74.36775030371086,74.52417594767287,5849200
75.01752471923828,75.17996340276356,74.71670860226655,74.71670860226655,5596300
74.78289031982422,75.15589937621301,74.68662695682725,75.10776769471452,5185300
74.59638977050781,75.02354816517298,74.34972290715032,74.74078483159008,5776300
75.64321899414062,75.84175413290231,74.75280131298642,74.75881892024873,7687800
75.78761291503906,76.5697320617141,75.66127069727054,75.7575294674367,6666800
75.5168685913086,75.79362343110525,75.39052638536101,75.66126361818229,6123500
75.16792297363281,75.66126115751716,74.77084354777783,75.60109885998766,6379600
75.03556060791016,75.68532441529942,74.34970034125112,74.54222244083806,5406100
75.42061614990234,75.71541465514886,74.80694870949085,75.09573419734737,4224400
75.18595123291016,75.6191270042044,74.91521408080732,75.2039994583661,5600000
75.94404602050781,76.27494102610262,75.58908058240125,75.77558512355633,5436000
75.2581787109375,75.88387682470895,75.12582346675602,75.625174764112,5009800
75.2220687866211,75.84776678845856,74.98743260969319,75.4386567330298,4826100
75.34841918945312,75.54695892694691,74.9814231619972,75.54695892694691,4914700
75.71538543701172,75.79961354886471,75.18595093535176,75.54692921330572,4415200
76.05835723876953,76.27494524244679,75.66128229208813,75.8899009225962,4961400
75.12393188476562,76.14937111258894,74.96617556454025,75.94913659545095,5939500
74.7416763305664,75.45159372165276,74.56571306940215,75.21495459129063,6435100
74.6020736694336,74.88725517868062,74.54139783601853,74.6020736694336,4042300
74.32904052734375,74.69310020815429,74.17127963492685,74.60208413063415,4044400
75.3363037109375,75.45765543765812,74.59604614183553,74.63245073399739,4758700
75.01470184326172,75.48798461834649,74.97222828220846,75.29988345144977,3262700
74.85694885253906,75.45764770803433,74.83267758382688,75.29988677604071,3808100
74.53534698486328,75.23313081195435,74.48074011029456,75.09357682409843,4283300
74.34120178222656,74.82054898332433,74.34120178222656,74.571776549166,4702900
74.21983337402344,74.57175979132974,73.81330007951652,74.56569081743943,6255000
74.50502014160156,74.55962702259527,74.03174198923867,74.17129599351438,5174700
74.15309143066406,74.65670980990383,74.03173972376645,74.58996498232888,3689800
74.35938262939453,74.52320786962687,73.85576433317607,74.26229757646418,3563800
74.23805236816406,74.43828688815557,74.02568452693295,74.21985007166879,3285500
74.94795227050781,75.10571318555012,74.30477992119252,74.34725347955728,4220600
75.35446166992188,75.66390977976768,74.9600618462296,75.05714224463155,4295400
75.46370697021484,75.62753222634852,75.16638743870953,75.24527020918957,3657700
76.05227661132812,76.07048353458157,75.33022605082557,75.8338444542689,5869400
75.95518493652344,76.13114813445394,75.61539648770338,75.92484469819146,4570900
76.51948547363281,76.59229927412,76.10081422205546,76.28891538266296,6815800
77.21726989746094,77.21726989746094,76.39206533650383,76.41633660350502,5573600
77.99391174316406,78.15774160543671,77.14444071386107,77.15050968671892,7065300
78.16986846923828,78.29728447630042,77.40534002198065,77.60557443447395,6720700
79.04969787597656,79.18318751515278,77.88470496378999,78.24876929945984,7697700
80.08728790283203,80.09335224795745,78.82520972608158,79.05577520189581,7419900
80.2996597290039,80.33606432075973,79.41378380113477,80.06302062404784,11348300
80.68798065185547,81.0459806956726,80.34819216016776,80.40887264448713,11006900
79.95381164550781,80.97925091468512,79.91740705156793,80.54237727031912,8581100
79.62613677978516,80.31178736494152,79.49264712146194,79.69288160894678,6714200
79.43804168701172,79.6200738842702,78.59463478963823,79.61400953916036,6111400
79.0982666015625,79.45625745312677,78.45509408626569,79.32276776973946,8674700
79.2135238647461,79.26206639102212,78.49753317535013,78.97081123336602,5698900
79.20745086669922,79.74140940126911,79.15891759859312,79.45016349993111,4000500
79.01934814453125,79.43801930268846,78.87372983459103,79.20138029049606,5136800
79.60186767578125,79.84457108782891,79.31668607442732,79.75355962294647,3514000
79.16500091552734,79.26815033741957,78.89195723892527,79.14679862099004,3660000
78.81916046142578,79.11041577114345,78.58859491441392,78.69780871164927,4687600
79.72323608398438,79.90526831042708,78.87376470530991,79.0436589810448,5200800
79.03150177001953,79.40163047878508,78.81912934783517,79.17105576424679,4404800
77.95144653320312,78.8130555492537,77.68446726598232,78.35191543403431,5242700
78.4308090209961,78.57643663818855,77.89685960837569,78.15170099455551,4135800
78.4308090209961,78.57643663818855,78.03641362159598,78.3155309065792,4845000
79.41984558105469,79.45018582605206,78.69172599383229,78.81307771527888,4491800
78.92835998535156,79.78996918799149,78.80700827175508,79.2681484868386,4953600
79.11646270751953,79.32276156259532,78.62498221102716,79.26815467599461,4339400
79.66255187988281,79.69289212596789,78.88588972452953,78.9465702166997,3714000
80.44526672363281,80.82145975335577,79.8202967026553,79.8202967026553,4391700
81.23406982421875,81.26440080506937,80.38458941395453,80.51807906044546,4589500
81.82263946533203,81.97433141149799,81.11878661307202,81.32508543780772,5337900
81.0459976196289,81.67703219902933,80.7365400469382,81.65882990164093,3702000
80.84574890136719,81.1855374043763,80.63337645771533,81.03990979228283,4625000
80.34818267822266,81.13698258857774,80.34818267822266,80.63942859979313,4189100
80.41495513916016,81.11880817853978,79.78998489549116,80.68193451675548,4601800
78.41865539550781,80.07512850824239,78.33370829379167,79.92950093735485,7973700
77.60558319091797,78.24876004641303,76.67116045645173,77.52063609044556,7377800
77.76941680908203,77.88470415613331,76.47093427118438,77.47817089869075,7360000
75.82172393798828,77.55101170296673,75.59115377908188,77.55101170296673,8066700
76.2889175415039,77.04130831741283,75.72462330225447,75.78529915640874,5134900
76.24038696289062,76.89569740077614,75.74283747396383,76.56804218183338,4650700
77.58134460449219,77.6420204690603,76.39814904296301,76.49522950041764,4730700
77.49032592773438,78.07282254099414,77.38717649845611,77.76337425315936,3466500
77.11412811279297,77.22941549205602,76.61051428759835,77.1444683586848,4944100
77.4235610961914,77.81189670068528,76.98062324754761,77.44783236080168,3518200
77.03524780273438,77.48425472790811,76.77433743487569,77.47212140745323,4524000
77.16373443603516,77.58596414097694,76.90672708025183,77.3595502311963,5754300
77.28614807128906,77.46360225585116,76.87615467391839,77.2677863952069,4630000
78.0999755859375,78.14281014344313,77.43910022279591,77.54312633836436,3887800
78.01434326171875,78.08165540791657,77.57987692538119,77.86748251938661,3230300
78.28356170654297,78.43653828063641,77.82461797841158,78.1305804638325,2668100
77.78179931640625,78.02044973032723,77.39016762850424,77.72672363009173,3236900
78.2284927368164,78.36924221498285,77.9470077863358,78.06327503471901,2645700
78.4793701171875,78.76085968563953,78.28967488805452,78.36310288972325,2832400
78.71802520751953,78.82817655389927,78.44266084742077,78.57728508342171,2767000
78.78536224365234,78.87714728030366,78.47939967183233,78.49775667916259,2409000
79.21371459960938,79.262669735662,78.63238753199543,78.93835012939618,3519000
78.04493713378906,79.1708818799225,77.75121099652252,79.0607304934063,4744500
78.24076080322266,78.86492715641302,78.12449351478897,78.60179445039394,3846300
77.59210205078125,78.60789992503277,77.22494326770084,78.45491865495521,5191200
77.95924377441406,77.98372133397015,77.20045810264368,77.80626252865132,5035500
77.23104095458984,77.56148096033532,76.91284206125152,77.5186464041433,4200800
76.60076904296875,76.97404365357504,76.03779918286706,76.17853931358394,6721600
76.05004119873047,76.33152614939938,75.27289847282034,76.16018788974156,10941800
75.7746810913086,75.92154179809066,74.90574862897306,75.43812044178964,6569600
75.05873107910156,75.67065614707943,74.78336199734086,75.59722345821969,4915600
76.02556610107422,76.35600618481506,74.69156931943202,74.8690281422901,5437600
76.46615600585938,76.90674280219471,75.64005809703951,75.91542251044021,6587200
76.31926727294922,76.79044734852883,76.15404495068258,76.57015403125065,4583500
75.96437072753906,76.5151041728698,75.78691191356486,76.39883692646183,4683200
76.36824798583984,76.91897679506877,76.27645829476248,76.45391711921401,10090000
75.56663513183594,76.44168827920777,75.5543986830822,76.24587241881918,5850500
75.30349731445312,75.86647192471654,75.1811141683972,75.59110284316407,5620700
74.89962768554688,75.30961635203714,73.95114198259877,75.30961635203714,8005900
73.84711456298828,75.02813008571368,73.84711456298828,74.7772385765119,6466300
74.33052062988281,74.67931764683664,73.44322669649738,73.76755082508306,5500500
73.76756286621094,73.88382544509541,72.90474634897217,73.87158899891398,6791500
73.0149154663086,73.74310795613599,72.61104725762586,73.74310795613599,8385700
71.99296569824219,73.03323616483453,71.82774336017548,72.69668026969772,8027900
71.66255187988281,72.14597328966059,71.06286320220633,71.83389016818518,8171200
72.02970123291016,72.30507032247539,71.22808086509727,72.30507032247539,6298300
72.26221466064453,72.84966671741856,71.76655694814684,72.15207265219335,5409500
70.99552917480469,72.4702705147054,70.98329273024947,71.88282313510287,7303800
72.17655181884766,72.36013118613252,70.4631646215303,70.87927380790771,9517400
70.07154083251953,71.64418807027955,69.90631844976039,71.60746939154544,11489200
69.69213104248047,70.81807535975102,69.07408554587336,70.18778874991862,9253100
68.55397033691406,70.12049714764933,68.4438236287456,69.48409913225174,7799100
67.17710876464844,69.17810562304338,66.76099968313328,68.9027366415109,11541500
66.86504364013672,67.00578844631603,65.26180310540936,66.43669800153414,15278400
67.96039581298828,68.11949763613681,65.59836470291673,66.06342905671063,11908400
68.41321563720703,68.98842195220365,67.75845608572592,68.4009745230015,10895500
68.22351837158203,68.70693969194032,67.90531941910963,68.24799593232873,8823800
70.42643737792969,70.47539249239811,69.09244552329004,69.25766319885014,8899700
69.75944519042969,71.13015578871311,69.70437418516283,70.49375327235586,7211600
71.09957122802734,71.79104483607192,70.34078082410404,70.98330397755478,7195500
70.9282455444336,71.1424184106946,70.08378585943541,71.0995838374424,5507900
70.38361358642578,70.59779107783348,69.42901205135045,69.99198194800424,6714600
71.67475891113281,71.7604280201233,70.469270829305,71.08731159150541,7272600
71.680908203125,72.77625472846196,71.0445055179149,72.20716417995992,6873700
71.7176284790039,71.74822660513156,70.7201921267312,71.09346685611945,5174400
73.40040588378906,73.53503013810652,71.22195425899385,72.4213267641405,10669500
71.46060180664062,73.41264407937916,71.2647859904982,73.32697495160544,10343300
70.5978012084961,70.99554879277531,70.24900408458083,70.97719178656158,9585800
71.62581634521484,71.77879758075044,70.2856992279656,71.76043591084805,6603300
72.53146362304688,72.54370473648017,71.20358760116315,71.53402763460913,6383800
72.69670104980469,73.26579155843149,72.42745252183825,72.66610292849292,7366600
72.15819549560547,73.22906425474835,71.78492086892913,73.17399324521445,6114600
72.47640228271484,72.61714242564648,71.77880811973698,72.17655565563572,3957000
71.99296569824219,72.64160460080332,71.82774336017548,72.12146936750715,4923900
71.2586669921875,71.88283312947136,70.76300921799304,71.65029863304045,11019900
71.83921813964844,71.85774538221622,71.28337730304888,71.45630451623248,4891700
71.48716735839844,71.73420818798047,71.19071742051763,71.61686273374883,5713700
71.31425476074219,72.03066812978997,71.17838204111773,71.62305468282946,5672800
71.93185424804688,72.06154964925054,71.06721352810959,71.62305432749162,4270300
72.45063781738281,72.54945605635815,71.74040175037774,71.74040175037774,5272800
73.23500061035156,73.43880971749881,72.71004161381059,73.36469602983249,7361600
72.62353515625,73.23496215664794,72.35179453465085,72.95703950776405,5807600
71.7342300415039,72.7656207539123,71.41307545163534,72.75327082903121,6671400
71.09192657470703,71.85774914977848,71.03634013217605,71.68482192752816,6715100
67.23810577392578,68.9797373802406,66.96636029813182,68.9179736179867,11935600
69.00444030761719,69.47381284861267,67.12075868943337,67.55307674348536,13400100
70.41873931884766,70.75224383403807,68.48565330633765,68.72033957469534,8548700
70.22728729248047,70.91282358995312,69.88143284039103,70.8634144648222,8049800
69.34410095214844,69.83818264956781,68.55975132280088,69.83818264956781,8100700
68.47332000732422,69.35031095729518,68.3745017364976,69.04151092883376,7663400
65.95968627929688,67.89895003154624,65.71882264020257,67.86806814472311,13809000
66.08935546875,66.79341885901813,65.54586463281495,65.57056919007678,11053000
64.76152038574219,65.61998379681334,63.65601609328868,65.60145655529443,15073400
64.79241943359375,66.24995112499461,64.41568304982674,64.82947392645144,10293600
63.229881286621094,64.44655394398823,63.22370867968899,64.08217223461952,12013600
62.29112243652344,64.17480389973093,62.01937698952615,63.693072049532205,13144200
62.809913635253906,64.52066815190449,61.852636530681096,62.068795572880525,12722200
65.47793579101562,65.82996752654049,63.00136371824995,63.10635456472456,13354000
67.3369140625,67.3369140625,65.15060992511704,66.70696425907724,13533000
69.74555206298828,69.76407930479844,67.00958450707984,67.6457116060981,15723300
69.1897201538086,69.78261552760424,68.59682478001297,69.39352926377654,9433500
70.3755111694336,70.68431113895618,69.36882496507883,69.64057044607107,8092000
70.07907104492188,70.49286190397159,69.21443012362465,70.19641654987274,4536500
69.94319152832031,70.622550503652,69.67762337200998,70.36315966592937,4380400
69.98639678955078,70.64105095414205,69.65289239101041,70.06051044875254,6043000
69.8567123413086,70.19021679198919,69.26381711073613,69.74554419108173,5659500
69.2823257446289,69.98021162079989,68.88088504817732,68.95499869906277,6411800
69.5293960571289,69.78878687749584,68.46094618478917,68.94267334030293,5898800
66.75019073486328,68.6770991881926,66.35492722074892,68.52887654837791,11758100
66.71931457519531,67.33073713974197,65.76203758414357,66.62050104415664,11591600
66.66372680664062,67.76923106194326,66.39815869266387,67.47278107186416,10353800
68.18920135498047,68.2077285964806,67.07134242803933,67.43572878788919,8650800
66.8304672241211,68.07184401944758,66.49696279947017,68.02243490944475,9584500
65.39144897460938,66.37343486423214,65.19381727590519,66.37343486423214,8912300
64.35388946533203,66.4907886604838,63.73011713560924,66.033761471371,13277700
64.16862487792969,64.48360211841187,62.89019338645834,63.73630215901215,14116900
63.40901184082031,64.81096694317003,63.32254818917675,64.48363958881716,9664600
64.92210388183594,64.93445380672678,63.2854631868686,63.2854631868686,12604600
65.75585174560547,65.82378810085365,64.11303400874965,64.57623386076219,10406800
66.79959869384766,66.86753033898724,65.68173981720493,65.95348524541396,8271000
67.26895141601562,67.39247417071817,66.07698392662596,67.17013792416488,7471100
65.99055480957031,67.16399567641456,65.91644582996598,66.83666845139203,7984400
67.2442398071289,67.53451236032382,65.66318640817377,66.21902696621606,7670500
66.8613510131836,67.2010280523915,66.4722601506438,66.76871010724973,6388700
64.05127716064453,66.80577180935337,63.872172646313636,66.79959920369255,10526500
63.612770080566406,64.61945591079584,62.78518873152721,64.37859240103596,13994400
63.32249069213867,63.785690424748964,61.068251051052975,62.74812283522545,20584700
65.50263977050781,65.54587157231492,63.59425846113414,64.21803564027653,11537600
67.64570617675781,68.00391519604726,66.49697015759686,66.51549739792002,14266700
66.91693878173828,67.49130679618094,66.32404352681564,67.00340237858663,10176000
67.50983428955078,68.00391602646012,67.05281174565287,67.67041156083322,7533300
67.69512176513672,68.22008070944288,67.38632183179038,67.72600364323657,7655500
68.20154571533203,68.86237730910433,67.71981862797254,67.83715938520594,6403000
68.04716491699219,68.31891041174005,66.75637852885365,68.2571466451782,7033700
67.92363739013672,68.04715548230706,66.87989207721856,67.30603750545865,8662000
69.13978576660156,69.25828412508643,68.49117093617808,68.77805744148361,6618000
70.33721160888672,70.37463013185624,69.28945014189658,69.4453669985427,7494400
70.1002197265625,70.43076270146598,69.55138934570702,70.04408718388189,7097300
68.87783813476562,69.63247521590603,68.83418160141717,69.38300727182694,6920300
67.57439422607422,68.34150758935385,66.8821226996192,67.4808431195952,9721100
67.73030090332031,67.89869382114635,67.04426748994813,67.624278552515,7610600
67.26880645751953,67.66795345206404,66.95073456060804,67.2251499036852,6724000
67.33112335205078,67.50574944048294,66.94444790037667,67.28746682994274,5708400
67.71781158447266,67.84254316883575,67.20640447545611,67.43092513387361,4806500
66.7698745727539,67.30622927287651,66.48298794960589,67.28751999978978,5903100
66.53285217285156,67.18770498147362,66.46424836401665,67.0567306131847,6396500
66.04642486572266,66.3208354783206,65.44146630274122,66.30836421519669,7343700
65.58487701416016,66.245963045871,65.36658958116391,66.03391362021318,6901200
65.58487701416016,65.88423475152884,65.13583564990168,65.88423475152884,5784900
65.31671142578125,65.67843502631769,65.0672434280895,65.49133759670359,5156900
64.58076477050781,65.18571818531252,64.34376810005583,64.99862080981377,7213300
64.83024597167969,65.8780077438255,64.54959745126105,64.61196326044228,7506200
64.18164825439453,65.20446294896433,63.8199198297228,64.73047414278093,10679000
64.57453155517578,64.79281422188963,63.89473152660376,64.56205554096056,8440700
63.87603759765625,65.17950542015457,63.801200527220445,64.99864123625737,5900600
63.37709426879883,63.514297124516766,62.778374028391916,63.514297124516766,8345200
64.3188247680664,64.40613783361714,62.990414763725866,63.26482997443113,6780200
64.34376525878906,64.58076191877582,63.676441323413925,63.80117765977663,7097500
66.54532623291016,66.65758658316824,63.84484933527861,63.99452821622077,11059700
65.32917022705078,65.73455505122247,65.26680442907175,65.54745289908004,7841900
66.75112915039062,66.89457476338514,65.55368873923953,65.66594907517278,14064900
66.05885314941406,67.16274716687651,66.05885314941406,67.05048683896855,6807700
64.98613739013672,66.22723886972815,64.96119488281015,66.05884601694538,6677800
65.90293884277344,66.23348183268531,65.06722673682302,65.27303813898874,9169400
65.6410140991211,66.4330698478466,64.96121870735416,66.28339095797054,7276900
65.0360336303711,65.47883689922253,64.65559614788383,65.47883689922253,5830300
66.67005920410156,66.86339461373268,65.46638069359328,65.46638069359328,7172400
65.47261047363281,66.15240570478514,65.41023992256508,65.87175725780033,7254100
65.3541259765625,66.24597080216105,65.17326180821527,65.965317537537,7347200
65.65972137451172,65.90918935554434,64.91132218961981,65.14207614655507,5123900
66.68252563476562,67.26877458696603,65.62229282498703,66.12746195976085,6724000
67.69286346435547,68.03587769614116,66.49542313999635,66.71370578898814,8536000
66.52039337158203,67.92987882489771,66.4330755236376,67.89246028878334,7894800
66.70125579833984,66.88211999469604,66.22103378320608,66.60770945385107,5760500
66.67630004882812,67.14405071128877,66.61392948726873,67.02555235417289,5012200
66.42057800292969,67.29371331329457,66.38315948160985,66.95069434051402,4307200
67.87998962402344,68.03590654773707,66.89459828239059,67.16900883254587,7262700
68.85912322998047,69.03374934906704,68.21674178019079,68.3477113695057,6704000
68.7032241821289,69.18968414231728,67.97976749185463,68.54106927599742,5904200
68.0483627319336,68.41009103148464,67.51824629746358,68.20427961020158,6548700
68.78428649902344,69.66989317297416,68.3227738990809,68.3352451549906,7148800
68.4350357055664,69.06493644395343,68.17309174378198,68.63460911184646,5674900
68.2916030883789,68.87785216263117,68.11073891104137,68.63462217612357,5643100
68.58472442626953,69.00881857033217,68.35396570907754,68.60343369232721,6940000
68.52235412597656,68.62837646548725,67.99847091969049,68.39761776342954,4995000
68.41632843017578,69.0649432540939,68.3165440962992,68.81547528209373,4858700
69.30192565917969,69.37676270458327,68.38513378734719,68.63460170783706,5321600
69.68238830566406,69.84453846800501,69.0275353729117,69.11484846285114,5665800
69.2645492553711,69.97553021711421,68.87787823721385,69.87574583630874,6666800
68.00469970703125,69.10235575759208,67.56812963461708,68.77804601714669,10362700
67.55567932128906,68.23547953067151,67.3498678558443,68.21676550437118,7660100
67.3560791015625,68.55975737213157,67.3560791015625,68.12942534413499,6463300
67.32490539550781,68.31030119733899,66.9195253230151,68.12943704954425,5820400
67.08792114257812,67.48083000357332,66.5390953871586,67.16276296485597,5798300
67.76148986816406,67.85504096557139,66.98190532011388,67.53696913766909,7078900
66.95694732666016,67.78642629499116,66.9195287969689,67.76147902246176,6003600
67.08167266845703,67.35608788245568,66.79478619846083,67.00683561606122,5026500
67.16899108886719,67.64921775164206,66.91952788339029,67.34362199418891,5517600
67.6367416381836,68.16686284456596,67.36856441030045,67.36856441030045,9751700
68.04617309570312,68.23513967739176,67.35960380643269,67.52966988545661,5641600
67.17691802978516,67.71861694849669,67.13282648084902,67.7123167827577,6390600
66.15019226074219,66.96274045447993,66.13759673773995,66.79897462736429,7927600
66.29508972167969,66.70451403975447,65.9864488443207,66.40216852322601,6521200
66.4462661743164,66.93757347884146,66.32659183450863,66.74861171858842,6549300
66.06834411621094,66.48406867832306,66.04944841895491,66.19431863499773,4717200
65.0605239868164,65.78488937742677,64.83376604183196,65.64631454375636,8010200
64.94715881347656,65.36917876523341,64.70780528985779,65.00384590895726,5857500
65.02901458740234,65.14239353658111,64.48731569750579,64.8526484010394,5099900
64.87788391113281,65.23691666870744,64.67002157632089,64.96606705821281,6673400
64.6447982788086,65.35026796176813,64.55661516914104,65.17390174243302,5412400
64.61332702636719,64.94716387408614,64.31728157858002,64.65741859482779,5040000
64.35504150390625,65.11719813204051,64.32355028790492,64.49991647549061,5175700
63.8637580871582,64.48104477902694,63.605508875129225,64.1786991980745,6896400
63.98975372314453,64.94087753751532,63.6118252264688,63.73150442590438,6080900
63.252769470214844,63.863755974075744,62.95672406684968,63.80076871510056,8213900
63.252769470214844,63.775572850386524,63.12679495226448,63.42913571759329,7157000
64.14088439941406,64.61329589341926,63.945617714071524,64.57549970607845,7588400
63.693687438964844,64.373956537541,63.58030845493221,64.16609907149754,5582900
62.906333923339844,63.42283710949215,62.75515874279314,63.315753488533346,6475500
62.540992736816406,63.02599982733259,62.440209296615215,62.64177137139867,6178100
63.01341247558594,63.271661664774065,62.23865529678246,62.48430895712073,8763700
62.83702087402344,63.725151870843206,62.685845755129236,63.51099432750284,8231100
63.145668029785156,63.55509227489242,63.08268079337283,63.15196819511181,7168000
62.65437698364258,63.095292557628085,62.6480768166944,62.81184751801159,10512000
63.170867919921875,63.22125963451727,62.59137761893,62.881122769425936,6416100
63.04490280151367,63.25906523386364,62.698470498457986,62.9630198511084,5697900
62.52839279174805,63.4165288429578,62.528392791748054,62.975613303390595,7451900
61.94260025024414,62.77404919326157,61.9111090302206,62.641769730058755,6062800
62.106388092041016,62.163079992736144,61.60878054425097,61.879630100500734,10015500
60.90327072143555,61.70321846592816,60.84657886243086,61.413473424394745,8764600
60.76472473144531,61.51428594080373,60.60725421220994,61.38200647570141,9925400
60.525367736816406,60.85920928132136,60.185235637074484,60.65764720469479,7295300
60.38680648803711,60.890709350012244,60.29232319966062,60.695447411488594,6419100
59.69393539428711,60.19154292075489,59.511273780903416,59.87660181329072,8341600
60.008853912353516,60.14113335663947,58.89396492608569,59.467159832597766,11774900
58.931766510009766,59.89548533402593,58.74280476731933,59.580544290589586,7719100
59.07033920288086,59.97107074677596,59.05774367607102,59.77580884470137,7909000
59.4671745300293,59.807306653172006,59.25301210571871,59.54275731045243,5631900
59.58685302734375,59.76951943548381,59.303407969731026,59.404186619203685,5038800
60.185237884521484,60.3364082462317,59.45457232595367,59.460872492663846,5218600
59.36009216308594,60.279719520650175,59.139634372851255,59.86399980272469,6490400
59.51124572753906,59.66871620704019,59.145913061748196,59.38526646056756,6422700
58.67351531982422,59.45456773490355,58.516044803563624,59.353789103418535,8214200
58.54124450683594,58.88767678198579,58.32078192509982,58.76800244959032,6018100
59.14593505859375,59.29710542956336,58.57904016043341,58.57904016043341,7043100
58.900291442871094,59.41679470353671,58.76171657685491,58.900291442871094,9327500
58.54124450683594,59.253009557047754,58.390069341253614,58.938068503846566,7360700
57.06732940673828,58.44047286830016,56.909858848328064,58.44047286830016,11158400
56.1476936340332,56.746079745413,55.89573981664511,56.60120954420791,10342700
58.20112609863281,58.38379254424536,56.330374878885024,56.342970410545604,11536900
58.736515045166016,58.83099833612135,57.596429802999204,57.9365667670665,9821500
58.597938537597656,59.08924586994615,58.42157229579253,58.86248790030536,6435700
55.73194885253906,57.791660411592375,55.4359036106872,57.64678546993098,19063400
53.91789245605469,55.00759031365406,53.741526283869305,54.976094294784765,14142200
53.67226028442383,54.736762712437546,53.338423496036484,54.00609707281117,8537200
52.92900085449219,54.16986956577005,52.828222200734004,53.81713706918664,11254600
53.65966033935547,53.90531398627824,52.21092951414283,52.6329493890492,9805000
52.75263214111328,53.70375557066386,52.551070037395895,53.35731845226542,7422000
54.10056686401367,54.23284151288582,52.834502645353865,53.03606470158073,8342000
54.031288146972656,54.15726745588833,52.65814491631701,53.149452207039985,9797400
54.667476654052734,54.86903876560442,53.48959521133577,53.539986940628644,11316300
54.07538986206055,54.38403081705022,53.82343600251749,54.18876885857392,9562400
54.1635627746582,54.4344122815905,53.72264720784716,54.031288104614895,7748900
53.08564758300781,53.90205466415415,53.00910759433658,53.87016178566529,12602500
53.2195930480957,53.43006951749559,52.82414370849426,52.98997793041363,9093400
51.60590362548828,52.88154078504154,51.45282366269979,52.85602745791012,13129000
50.540733337402344,51.848263125046685,50.540733337402344,51.44643924762769,11857200
48.32115936279297,50.76400195728239,48.28926647255425,50.304776454579105,18383600
45.99947738647461,48.07876243758808,44.379417621835145,44.998102418248315,24191900
44.660057067871094,47.849150127638715,44.54524952307266,47.79174878832442,21128000
46.618160247802734,46.624539796482104,45.25322880060942,45.74435185935375,17400400
49.520225524902344,49.826380531019346,47.55574347325416,47.836385156680684,21539600
51.299747467041016,51.790865621832744,49.4819655268555,49.57125973681763,23735400
51.65693664550781,51.7143428605779,49.69883337448395,51.03187702647305,16880400
49.871036529541016,50.63641688217587,49.44369438091977,50.23459292696801,17954200
49.78813171386719,50.86604699417875,49.25874583215507,50.86604699417875,14255900
49.91568374633789,50.65555077336925,49.55212734810489,50.19632061430239,12282600
48.901554107666016,49.513859419963055,48.76123322785772,49.30338296642068,11210000
49.00999069213867,49.469220973329975,48.62730041320288,49.450087189308825,9316500
47.785369873046875,49.87741416939619,47.676941875458375,49.38629597279719,11297400
48.25735855102539,48.3466527674698,47.39629953133025,48.30200565924759,11475200
48.34029769897461,48.63369382532442,47.89382152448137,48.435971512521185,11032100
48.3275146484375,48.474215072007006,47.81088312392337,48.16805999359537,10235500
49.2204704284668,49.55213889448524,48.60816502909132,48.74848592885521,11678100
50.40044021606445,50.521627347117594,49.603166703707146,49.63505959066997,12593500
50.6491813659668,51.32526757824227,50.13254495012731,50.4642133734033,12324300
49.58402633666992,50.19633172894798,49.09290805935973,49.692459218248345,18635900
49.80726623535156,50.2154747317643,49.64781154022058,49.94121246149217,8523500
49.271484375,49.55212610207715,48.78674090082206,49.00997642637457,9692300
48.55075454711914,49.45007626055436,48.32113945726975,49.367161592730355,9043000
49.0418815612793,49.309764258910626,47.900185455274496,48.123421036633935,10302600
49.55851364135742,49.85191454096735,49.061015807866184,49.66694652433098,10862600
48.3275146484375,49.06738658266652,48.31476041716488,48.89517769655177,10567000
48.63368606567383,48.89519412323192,48.01500101844765,48.49974469454829,8797800
50.311119079589844,50.40041327595047,49.11202210976946,49.20769585334691,14108800
49.96670913696289,51.59314858988285,49.62866604166007,50.84690196068568,11111900
52.014122009277344,52.01412200927734,49.309766953625534,49.58402921604684,13051900
53.59589767456055,53.69795098916897,52.52436220202147,52.562634628084574,14196800
55.483848571777344,55.89205215946904,53.62141909466265,53.69157954250065,18897100
56.204566955566406,57.09113426524255,55.0309784063786,56.28748160724636,17670500
57.34627151489258,57.49296706490375,56.00047390651362,56.05787524360417,11299100
57.129417419433594,57.65880807731877,56.555379649809325,57.531241425085476,10011100
56.60002899169922,57.39092766819791,56.04512984767351,57.31438767384211,7917500
56.37039566040039,56.72757731914451,55.67517585111367,56.0004646393055,8012500
57.250614166259766,57.3845555240392,55.943083741096494,56.2747522266017,9734500
57.862918853759766,57.95859264127169,56.40869285532559,57.18045297322545,8960400
58.22646713256836,58.462461792955686,57.41643469432692,58.392301349764054,7821200
57.42280960083008,57.748098459675575,56.90617807561715,57.63329091338716,8900400
57.397308349609375,57.716217726829825,57.01461807017901,57.084778522461185,8221100
56.97634506225586,57.805506444162084,56.85515795330776,57.04650550783944,7423400
58.43695068359375,58.55813292684665,57.237848420677395,57.237848420677395,8971700
58.19459533691406,58.63469193708139,57.461102625359196,57.882065437027435,8134800
56.61917495727539,57.964973067393764,56.49799268951526,57.95859838278686,8606600
55.936710357666016,56.10254461870119,55.324404854811064,55.9558490104625,9328800
57.26974868774414,57.48023005246511,56.0770258204964,56.261993850144734,8236500
57.33351516723633,57.99684711371749,56.85515120386557,56.96995874972134,6686000
57.96495056152344,58.6665548895898,57.027361340340285,58.130784754172716,11559300
60.5672721862793,60.771374006022405,57.70984670987578,57.79276140140006,14277300
62.59550476074219,62.91441399831115,60.86063772978003,60.86063772978003,17669200
61.721710205078125,62.570010199252636,61.28161863426741,62.51898353806089,11931300
60.30575180053711,61.58138902642963,60.16543092710176,61.2624797199565,11184800
59.97408676147461,59.999600091364215,58.52624056997284,59.76998498852789,9634200
58.883419036865234,60.24197104330999,58.74309815179043,59.623291025015966,7659100
59.463836669921875,59.63604556948891,58.577264242867805,58.7430984593855,6823100
58.800514221191406,59.769996614725294,58.59003285828784,59.56589480207758,6085300
57.31439208984375,58.137178844424234,56.925322271022644,57.882050376417986,8951300
56.56178283691406,57.384569839534535,56.24925292412981,57.12944129461642,7676600
59.04090118408203,59.05381611369427,56.67797640209489,56.67797640209489,10101100
58.769752502441406,59.71879797181977,58.556700473478315,58.92469719368596,7575800
59.53154754638672,59.880176659248534,58.76972946841483,59.034431265914,6886900
58.640628814697266,59.63486662424509,58.38238439620648,59.41535714456702,6096700
57.465606689453125,58.95050309611519,57.336482050438164,58.51794663801807,8561400
58.1112174987793,58.38882932708246,56.88456046847222,57.23318961975538,6889600
58.9763298034668,59.58966077469148,57.97563968031307,58.22742657698799,8549000
58.66645812988281,58.956980043877344,58.20807659249437,58.5631583845318,5419300
58.34364318847656,58.64707505257724,58.13704866100266,58.266168393573075,2547800
58.95695877075195,59.37014775186129,58.38882515312691,58.51794486262313,12179400
59.70588684082031,59.815639123149076,58.73101645368149,58.73101645368149,6975500
58.266170501708984,59.84145690919444,58.12413583538131,59.78334957951392,11830700
57.3623046875,59.021518059171896,57.045957954348864,58.6276965457057,10996800
57.917537689208984,57.98855501794481,55.83867754025541,56.74898788554084,13170200
56.34872055053711,56.774824611475225,54.81217378129372,56.477845232156064,15378900
55.806396484375,56.8135440990289,54.39251239026346,55.399660004917365,13397500
56.555301666259766,58.19514779083091,55.716013600538716,55.954885584923105,14675800
57.652828216552734,58.40173134892139,56.56174851766989,56.81353538270426,14534800
55.806396484375,56.75544170230731,55.580429584408925,56.71670184555796,13186900
57.67219924926758,57.84005388594737,55.141415516790524,55.716006595704926,12430700
59.88664627075195,60.29983531968151,58.45985206654175,58.47921953358501,19158500
60.32565689086914,60.57098633575587,58.62770346582138,59.770433213745,16917900
58.4533805847168,60.6871848840579,58.36299580978861,60.364380709142694,14082500
57.98210144042969,58.92468931839503,57.65284463124059,58.143503575538865,20167200
57.614105224609375,58.55669311002204,56.94912921080199,58.363013501722136,12852300
58.27907180786133,58.61479095555306,57.00722731646444,57.53662604111539,9661700
60.564552307128906,60.5903772469417,59.11839015683793,59.52512187628125,11172800
59.42826843261719,60.65492072547066,59.402443499790486,60.65492072547066,4998700
58.33718490600586,58.56960436185465,57.90462838979917,58.30490251051498,6800000
58.91178512573242,59.770445751353506,58.79557537996714,59.32497423831947,6471200
58.16289138793945,58.7374877214652,58.03377160492935,58.16934885477116,5600200
58.078941345214844,58.65998999310381,57.47206776568615,57.70448722484173,6988700
57.3623046875,58.17577264120407,56.53592673321066,57.80131859141636,11397300
57.85298538208008,57.878810316412306,56.71025543449125,57.49144615263405,7883400
55.56752395629883,56.671513911319096,54.98002277670884,56.45200938340253,14511400
53.598426818847656,55.360940563227985,53.3724647812612,54.58621216990215,15368800
53.02382278442383,54.12781269613458,52.43632162788151,53.837290849853474,11891600
52.14580535888672,53.566147258875546,51.50019674769256,53.488672452315235,14366400
53.0367317199707,53.19813382202441,51.4485356268343,53.06900918502068,13477500
52.507347106933594,54.392522982459994,51.65514397651737,53.68881199302957,15550100
55.18016052246094,55.63208451237052,52.26200727858116,52.90761579308174,16433400
54.018070220947266,54.10845503063316,52.21036910162672,52.70748555489912,17870300
52.62354278564453,54.7153126511944,52.1587039431665,54.34085859190918,13155600
50.99015426635742,51.84880970613411,48.633682590407986,51.63576267480377,26151100
52.32655715942383,52.71392117261968,50.37035978042357,50.873938415738905,16107800
53.93414306640625,54.999398242145666,52.75913561074771,54.52810179660666,15724600
52.22328186035156,54.41835219477317,52.16517944774772,53.127134930478455,12370300
54.3085823059082,54.55391173338623,52.52024421619298,52.92052321159526,12191400
53.77273178100586,55.58689006366442,53.17231568763602,54.198830823551155,12380600
55.470664978027344,55.96778613654208,54.037413737468725,55.36091274714506,13017400
55.825775146484375,55.98071982775294,53.553230168399885,54.263403552552916,20248900
55.06394577026367,55.580429579392714,54.386054921629885,54.97356098052605,10958300
52.44924545288086,53.6113429954718,52.26847581861185,53.39829095839628,13326200
54.63137435913086,54.63782689549067,51.5518201090101,53.19166572925046,13964100
54.74113082885742,55.64498347493875,54.121347423841826,54.61200620764543,12825000
53.50802230834961,54.41833251475941,53.10774825356049,54.192370560346006,15090100
55.515865325927734,55.97424670206827,52.358840621849076,52.784944533124104,17712800
53.53385543823242,55.38675359953983,53.04964906503799,54.928372157321334,12605600
53.61133575439453,54.166559513573475,52.61709797459974,53.43701868374867,12110300
53.579063415527344,54.01162497815022,52.06188399014632,52.68166773698099,12741400
55.15433883666992,55.25118110466464,53.71462959734108,54.101998669319954,9835100
55.448543548583984,55.82774715326839,54.46784766699982,55.723142186366225,10631500
57.736846923828125,57.96568000479021,55.58585287456409,55.84083845015265,12710500
56.70383834838867,58.351405242844415,56.62538088176612,58.024506614032966,9517800
56.553466796875,56.579619287604714,55.44201337528883,56.4423224523319,9783300
58.07027053833008,58.73714152701019,56.55346114416008,56.55346114416008,10299900
55.513919830322266,57.84797551640376,55.37661803577936,57.78913117758872,10655800
55.749290466308594,55.8931266623772,54.19979414411585,54.480927166956135,9775200
55.7689094543457,56.036963742822586,54.74898231525241,56.010811253299444,9452600
55.147796630859375,56.945739055024234,55.1020310232219,56.860747208862385,9369900
54.55284881591797,55.70352848321172,54.310942016958585,55.533544775045485,11549600
56.31156921386719,56.57308917588354,54.50709195091897,54.997440009170234,11614700
56.97188186645508,56.998034350388245,55.180479115681585,55.834276249781894,9637600
57.22687911987305,57.25303161147012,56.259261871169976,56.88036733534785,8526100
57.4883918762207,57.939513570857805,56.68421907118202,57.1549538850508,9328600
59.27979278564453,59.33863712928959,57.23994865005212,57.494929167001175,12784300
58.01797103881836,59.547859315501526,57.749916739464,59.0901982123909,10508400
60.685447692871094,61.87535823633616,58.49522836685433,58.64559890918405,19323100
61.417720794677734,61.4242551763509,60.16242617064202,60.665852891821984,12090900
61.83615493774414,62.8560772137874,61.05159512010643,62.078056766351445,14098800
61.62694549560547,61.999609821187335,60.86199873208192,61.17582368481958,6898900
61.633445739746094,61.71844254865725,60.31277789283513,60.901196235746205,7006300
62.37226104736328,62.856069634316015,61.27388142558048,61.927678700735065,9969200
63.346412658691406,63.90213930168987,62.30033809750424,62.927982834216536,10679400
63.86947250366211,64.01330873628886,62.67302201017069,63.97407749861341,14436300
63.05220413208008,63.771380060942164,62.705692411051416,63.431402720557074,8040100
62.437660217285156,63.359517071315665,62.31997646970848,62.60110958958172,7567100
61.18888473510742,61.986518210813315,60.82929922575102,61.927678850184535,10302800
62.012672424316406,62.07151677465834,60.31280045517363,60.50240226926597,8159100
61.90153121948242,62.16305114831876,61.45694883688398,62.04536742974629,5054000
62.31997299194336,62.36573861410928,60.76393685022313,61.319663687403306,6616600
62.27419662475586,63.2156663903859,62.2153572584429,62.99337270102198,6182900
62.37226104736328,62.89529587464054,62.0780492806973,62.2349642181501,5943900
61.62694549560547,61.966917955332725,61.01237433170335,61.254281170023596,7555900
61.08427810668945,61.77076722385682,60.82929757473066,61.74461473492807,6552000
60.587379455566406,61.03196170800668,60.43046953943346,60.8031337077969,6662000
62.006126403808594,62.11073635405025,60.68545820450792,60.90121248582361,6836400
61.97343444824219,62.13034437264755,61.509239055322105,61.69884083351367,6817700
62.980289459228516,63.33334056814272,62.60762523116527,62.92798448277966,7108500
62.267662048339844,63.61448806409595,62.20882267749717,63.33335498677619,6644200
63.75177764892578,64.03291069419264,62.39187803516619,62.56186673390555,8783400
63.81061553955078,64.01329609462509,63.43795127774002,63.941377992514454,6406800
64.0590591430664,64.24865596314203,63.6537030372141,63.84330484536708,6162200
63.56871032714844,63.94137456900624,63.39218227211842,63.88253022130381,6551600
64.5298080444336,64.56903928437562,62.45073189834372,63.5687299572333,7770200
65.70663452148438,65.72624764414458,64.17675109705263,64.72593848385029,10584800
66.4846420288086,67.04036867764545,65.27511316077441,65.43202808765874,10150500
66.29505157470703,67.21036885247969,66.10544974667658,66.45196154035787,8278600
66.69387817382812,67.01423752239512,66.36044008315224,66.51735007190852,5754000
66.36697387695312,66.53695760545483,65.92239145610601,66.34082138301174,6612100
66.8769302368164,67.32805199577764,66.49772658401068,66.72002027251253,5650700
67.8968276977539,67.95567203043242,66.93574516463822,67.27572244926162,8383600
66.94884490966797,68.16490829383544,66.72001685094345,67.42611414813943,7598000
66.80501556396484,67.0992223856645,65.77855389108463,66.12506569959963,8826900
67.54378509521484,67.89683617111785,66.55655494445585,66.57616806177103,6844500
66.24275970458984,66.91617030307476,66.0662365817951,66.85733092483613,7033600
65.76547241210938,66.88347025940617,65.63471493859336,66.07275796175767,7444100
66.30811309814453,67.07959402009351,65.94198824978805,66.58924610329738,6474300
66.59578704833984,67.14497433387245,65.92891107239073,65.92891107239073,5966800
65.60856628417969,66.55657548089907,64.7782458038182,66.43889175261936,9342100
66.2100601196289,66.22313886087699,65.64779894791866,65.79816955572358,6698100
66.12506103515625,66.51733843244402,65.47780308022755,66.19043977002458,6850700
66.76577758789062,66.96191377187209,66.08582784298498,66.78539070748106,6532400
65.863525390625,66.71346370532625,65.6150842621796,66.44540447183185,5665200
66.8769302368164,67.07960581521218,66.29505100561491,66.60233655226516,6779400
66.56639099121094,67.51120448433134,66.29549804749082,66.77781754012148,7028000
66.11048889160156,66.90994554745481,65.70085286014285,66.66548663598574,5927500
65.97174072265625,66.12370589101722,65.09299723442537,65.58192513902632,6241100
65.93211364746094,66.33514630802544,65.73389904558088,66.26907645433434,4707100
65.66120910644531,66.15674048288777,65.45639108390696,65.52906942238299,4231200
66.19639587402344,66.57299957226891,65.81979217577796,66.03121872495426,4383300
67.24030303955078,67.37905626296195,66.61263196955467,66.61263196955467,5428200
67.06192016601562,67.63673843927177,66.71174542882062,67.29316715842683,4147200
67.40548706054688,67.46495345391938,66.64567622679056,66.9826339729445,5008900
66.73155975341797,67.57726584277393,66.4474548914494,67.49137555085073,8141800
66.81745910644531,66.98263625694747,65.99818185138042,66.22942885392213,4815200
66.4210433959961,66.44747234833254,65.88587097340292,66.33515308150807,6714100
66.50691986083984,66.82405711718393,66.07084983235949,66.50031136443098,4957800
66.8438720703125,67.41869023128783,66.67869495931096,66.95619129600026,5948200
68.264404296875,68.51547172056496,67.13459332906123,67.28655346628206,9807000
68.11245727539062,68.76656251596629,67.83496083195041,68.4163877124621,6318100
67.92743682861328,68.1388633393761,67.41208502367925,67.41869351986718,4247500
67.37906646728516,68.03316658171569,66.90335546013324,67.70281227572761,8108400
67.45834350585938,68.11905207112892,66.9826325323363,67.06191937485892,6360100
66.91656494140625,67.425313376678,66.4144250034359,67.23370728138923,6924000
66.48709106445312,67.15440802599231,66.23602366226869,66.48709106445312,5627000
66.77781677246094,66.90335301721069,65.25818500408121,66.05103833398621,8043000
67.10816955566406,67.22048880327667,66.33514173507425,67.02227925586732,8762200
67.79529571533203,68.31725600541077,67.78868721928391,67.97368478218667,6627000
68.2115707397461,68.35031897397882,67.57068243818937,67.8481839474626,4938700
67.5838851928711,68.4163794636268,67.51781533918087,68.38334201637832,4866400
69.00440216064453,69.01100561672442,68.09922963789042,68.35029707069236,5593600
67.32621765136719,68.05960471286492,66.84389808160095,67.03550420982002,11481400
66.30870819091797,66.99584566408053,65.75371040686873,66.89673837684252,8248700
67.1478042602539,67.39226822438543,66.49370424479582,66.87691639155143,7171100
68.3304672241211,69.16296128906367,67.59047698044368,67.73582860630498,8887500
69.26207733154297,69.37439657334444,68.2379770800902,68.42297466442348,7649700
68.81282043457031,69.29513502104362,68.56835637131708,69.22906515121538,6117800
68.42958068847656,68.62779525927448,67.95386975120628,68.3833312940645,7766600
69.09689331054688,69.11010526205133,67.6961895332101,68.22475832788962,6166900
68.08602142333984,69.37440114252124,67.48477419385091,69.30172279520265,7707400
69.222412109375,69.35455680480815,68.05296053941868,68.63438207691041,9043600
69.632080078125,70.0351127339149,69.24226441740079,69.24886787412697,7206100
70.55045318603516,70.89402443065205,70.15402909215906,70.23331592725663,8377200
70.4645767211914,70.82796344487576,69.94261629619807,70.55046702879531,5959900
70.49759674072266,71.07902346174193,70.31920765910462,70.82795099919053,4750900
70.71562957763672,71.05259232229531,70.29277654311863,70.9138441429196,6164300
70.09457397460938,70.53064407654335,70.04832457356851,70.47778617798045,4931500
70.06153869628906,70.21349884741916,69.80386275236721,70.02189779439537,4630800
69.76420593261719,70.12098911645307,69.37439034928886,69.98884943687193,6802000
69.632080078125,69.93600543414897,69.28851381851733,69.63868857565784,5701000
69.81047058105469,70.03510907737619,69.5065402000923,69.82368253462391,5255400
68.09925079345703,69.44709725097822,67.90764465068705,69.28192006315662,7784000
67.841552734375,68.15869504987269,67.44512862060745,67.76887439209024,6101100
67.56405639648438,68.26440583255767,67.26013107439961,67.84155277219574,5412200
67.2535400390625,67.53764498533269,66.7183675982681,67.45174962711613,8226200
67.70941925048828,67.82834699960156,65.9717524139548,66.42103446162652,10157600
65.48281860351562,67.4583355698395,65.15907285604584,66.94959225238696,11550600
65.79994201660156,66.11708424187934,64.68995683014099,65.75369263383237,9752700
66.473876953125,66.49369739991585,65.60174200869007,65.839597451791,6611700
66.32850646972656,66.78439681415524,66.07083063352019,66.25582815276535,6088100
66.40782928466797,66.77782452375392,65.88586883478195,66.72496662079676,6710500
66.86370086669922,67.18084317737967,66.5465635968248,66.72495268102841,5447500
66.9429931640625,67.39227520036385,66.57960142852228,67.2931679051432,4957300
66.163330078125,67.26671175133494,66.03119043181167,67.16100104244515,5081300
66.995849609375,67.29977494487824,66.32853254620144,66.50031818480981,4836600
67.49799346923828,67.61031272223288,66.90335471690423,67.22049202427799,5199000
67.9010238647461,68.09262997284408,67.66977685180261,67.79531310488913,4886300
67.80192565917969,68.00674373421137,67.61031953961803,67.90102792722269,5384300
68.24925231933594,68.30266716074131,67.44804498001437,67.76852893452693,5311600
69.13725280761719,69.17063326201878,68.14242051954733,68.52299233837797,6944400
68.3160171508789,68.85682840254137,68.1824851435784,68.81676981913513,5057200
68.06229400634766,68.36942165182741,67.5949218636377,67.93543505285344,5494900
67.88871765136719,68.21587467854442,67.76853679123184,68.12240124220807,4929700
68.23588562011719,68.29597858098231,67.62163031971183,67.70175256955903,5178300
68.02892303466797,68.29599216000678,67.78856133125502,68.29599216000678,4490100
67.6483383178711,68.42283812462891,67.34121066502817,68.1757983392488,4776200
68.13574981689453,68.25593066347619,67.43469402951487,67.59493346031721,4026900
67.90205383300781,68.52298729103828,67.68172654964405,68.1357424662031,3712800
67.15425872802734,67.65501129443334,66.71359402450918,67.56821092281511,6249100
66.9072265625,67.1542663571361,66.41315206714691,67.00069997800142,6045000
67.38796997070312,67.74183444821999,66.9406320498392,67.36126254490102,4676600
68.38946533203125,68.50964618328477,67.41466735805042,67.57490679508183,5429000
68.68988037109375,68.80338813025116,68.26257202461085,68.60308511424849,5284300
69.51781463623047,69.67137591103278,68.41615792090434,68.99702766442776,5788800
67.6149673461914,69.04378643881175,67.58826501750991,69.00372275794949,7808700
68.26925659179688,68.46955962669934,67.14757080296224,67.56820106355606,8149100
66.38642883300781,67.8686570598514,66.21283320532686,67.8686570598514,9300400
65.71211242675781,66.73364721306592,65.54519484484027,66.17948471247915,8201400
66.4332046508789,67.02743089803138,65.71879752823935,65.7655342523776,6701600
65.32485961914062,65.9725006242976,65.11788345647318,65.65202173332351,12725600
65.45838928222656,65.9992005328687,65.42500373350465,65.65201425819068,6182000
65.23138427734375,65.7521713743085,65.21803311307696,65.5451901237733,5771900
66.51997375488281,66.56003742687092,65.59859080185835,65.66535679661337,6361600
66.75367736816406,67.26778124653985,66.66019884181208,67.11421483959019,5416700
66.24624633789062,67.13424903740591,66.01256275747082,66.32636351179455,7396800
65.95248413085938,66.95398977389267,65.87236693952622,66.42652952395794,5781800
66.08599853515625,66.54001447421112,65.29146936833038,65.59191892029814,6476100
68.20250701904297,68.28930230495835,65.93242748434257,66.44653125985813,10190900
67.6149673461914,68.28263762946895,67.08751230505176,68.10236889430881,8148400
68.71662139892578,69.17063737592973,67.5882621322211,67.98886326630229,9431500
68.40281677246094,68.65653473386601,68.04227931116299,68.46958787425378,4334700
67.6149673461914,68.71662433238335,67.27445916934226,68.57641418416547,6505400
68.25592041015625,68.68322889071916,67.93543650277462,68.09567590950599,5912800
68.22254943847656,68.56973574287554,67.66170375423825,68.31602287019628,4362900
68.28264617919922,69.08385367580416,68.22923642122873,68.43621260490605,5844500
69.42435455322266,69.71812599815927,68.91024561022405,68.91024561022405,5982700
68.7967529296875,69.50448186502038,68.55639119808001,69.29082755847156,5337300
68.20250701904297,68.65652292598305,67.83528639801827,68.59642996348855,4935100
67.29448699951172,67.91542055321459,66.50663587861905,67.76185415007521,7883000
67.48810577392578,68.07565372251703,67.17429996147929,67.75517487561977,5114700
67.6750259399414,67.76182119886215,67.18095160761558,67.394605785966,4540800
67.962158203125,68.26928591970855,67.51482033944374,68.09569022114569,4720900
68.28264617919922,69.23741500759034,68.2626168832202,68.41618330892703,5905700
68.01559448242188,68.24927813456142,67.22774310240743,67.86202802877499,4820900
67.6349868774414,67.8085774453417,67.18764401452589,67.47474237703038,5622400
67.20765686035156,67.8219119666615,66.80705083161988,67.80855571561457,6077300
67.28112030029297,67.8820244677069,67.11420275900683,67.26776913831449,4730700
67.56155395507812,67.78855939408112,66.6802294323893,66.98067900610968,6353700
66.7136001586914,68.08900413141679,66.7136001586914,67.77519834592158,9897800
69.31751251220703,70.1253927561315,67.40129741028976,67.51480520347229,17435400
69.93846893310547,70.41251426878016,69.29082788070241,69.31753530588527,12340800
71.0935287475586,71.26711934075183,70.40582412774367,70.44588780564334,12755600
70.36576843261719,70.80643325016752,69.60462474223013,70.539364126857,8405200
70.36576843261719,70.89990667923821,70.07199188758365,70.4592418616879,5703200
69.9584732055664,70.43251837168327,69.6914041431843,70.27227897182148,7085400
71.340576171875,71.42737657784082,70.62616909819612,70.773057390827,7333800
71.63435363769531,72.23525798133527,71.0534785898566,71.15363016278334,8050000
71.86800384521484,72.2819611104328,70.56604928400083,70.79973278294716,9161800
71.96819305419922,72.44223842710609,71.60097229649345,71.80127545413677,8739500
71.20033264160156,71.87468080814251,70.73296565127703,71.76117812390915,7939500
71.1669692993164,71.26044782045581,70.49929905122185,70.87319785402023,7656000
72.74935150146484,72.81611750921606,71.70778751757035,71.76787539637048,12156500
73.06629180908203,73.50462315965939,72.65493524953108,72.96513762896181,7723700
72.91117095947266,74.24638926619056,72.55375894604263,73.50460074635686,6638100
73.63947296142578,73.95642024302882,72.93140417318773,73.21463168848295,6815500
74.30036163330078,74.85333198813726,74.22618224406165,74.42174562069978,8476800
74.59708404541016,74.85333685996834,73.71367630104265,74.7117230562718,6440500
74.85333251953125,75.17027988581843,74.2059529637792,74.44872094030065,4472700
74.85333251953125,75.00169129906273,74.25990254632072,74.5431301372906,3238600
74.51614379882812,75.23770263253151,74.43521943755607,74.8196011499978,6406700
73.73389434814453,73.99015226674267,73.10000482484062,73.5720507618664,7461900
75.23097229003906,76.18855941091087,75.05564385720128,75.56140963751956,17301900
76.39759826660156,77.49005407050299,75.88508756471899,76.06042112100525,11792300
76.20205688476562,76.74828237181414,75.71652083187075,76.33692572394024,6167400
76.37064361572266,77.20010187637182,76.22228480935318,76.46505282979118,6909800
76.04019927978516,76.5324750827636,75.6693023228161,75.79068631374092,6033600
77.17311096191406,77.20008575243061,76.08065509811249,76.22901387349587,6434100
77.66539764404297,77.82050142505986,77.01127303069875,77.36868519653491,5519700
78.09696197509766,78.2183459426753,77.53050688967832,77.54399171055829,5771600
79.00060272216797,80.24141209311647,78.6094760159241,79.41869907133271,10044700
79.18270111083984,79.78287618117128,78.24534880347207,79.50639352215795,8644200
78.19812774658203,79.49288682966048,78.06325893810458,78.70389349574535,7878400
78.93318176269531,79.1624597809582,77.79352122096998,77.97559463871312,7458300
79.62779998779297,79.96497731991109,79.18272343983654,79.46595116403547,13752300
79.33777618408203,79.87725648110343,79.18267244742827,79.82331205284142,5772500
79.54010009765625,79.99866129934794,79.35128168723892,79.4726656860666,4319100
79.51313781738281,80.24818171818282,79.47941803600528,79.80310529959777,5024600
80.09307098388672,80.2414297772213,79.4187165741229,79.53336073391878,4992500
79.8570556640625,80.04587409380339,79.60754780115474,79.85031582365485,2682900
79.72218322753906,80.18074445545514,79.64800382707351,79.9110016487546,2986900
79.51313781738281,80.15377250422532,79.40523863290778,79.78287548873779,4086700
79.45243072509766,79.85704231331484,79.22315271157693,79.58055970025069,3214500
79.37150573730469,79.73565770736613,79.10850794974623,79.196177308876,5020500
79.47267150878906,80.24818016117865,78.62298345474123,79.83007854682452,7404800
79.45243072509766,80.01214608033774,79.30407194227107,79.85030247403397,6679900
79.10850524902344,79.89750372967829,78.71063866165426,79.57381138570256,5928600
78.79155731201172,79.29058321969168,78.48135493813551,79.20291386419684,4762500
78.11720275878906,78.46786988993071,77.62492698130299,78.42066529284418,6891800
77.52377319335938,78.48810009147829,77.47656859603532,77.92838476255352,6184400
78.17790222167969,78.5285642298763,77.45634325248282,77.651906636927,6158200
78.3330078125,78.89271804178078,77.82724202387048,78.56228583378588,4940000
78.48135375976562,78.81853091912262,77.96210319811851,78.13069177779701,4953000
78.41392517089844,78.74435737099203,78.29928616299675,78.49484954731373,4669700
78.18463134765625,78.25206574191061,77.82047944478529,78.00929780666331,4855300
77.94186401367188,78.19811677178106,77.74630066738546,78.1509121809474,3427800
77.95537567138672,78.73088434055532,77.7800420686813,78.44091171277633,6730900
77.81372833251953,78.19811000889771,77.54398563183513,77.63165496788316,5104100
78.474609375,78.97363010136458,77.9620986818901,78.12394226842986,5024400
79.06130981445312,79.18943879909347,78.4543898147302,78.8320317839555,5276800
78.59599304199219,79.45242071001614,78.56227327017639,79.23662754717361,6937300
76.73478698730469,77.34844680950211,76.1008922115906,76.55945340457012,11698900
75.40632629394531,76.74155057943557,74.66453731085826,76.30321908877418,8252900
75.08935546875,75.6625556344061,74.69148887379511,75.45350743332239,7951000
74.85333251953125,75.37932808702259,74.74543335444822,74.98820133096966,5889300
75.66928100585938,75.68951080782863,74.65774974808491,74.96795204974606,6289000
76.58642578125,77.06521676772385,75.62209882400954,75.80417738550479,6623500
76.18854522705078,76.53920717235997,75.83113315376876,76.3908484145664,5637300
75.1163330078125,76.26947836535022,74.92751460703424,76.18855913353985,6038400
75.24446105957031,75.38607485841281,74.39477312159985,74.94099850926598,5188800
75.7030258178711,75.95253365125721,75.24446462350721,75.24446462350721,4607800
76.23575592041016,76.50549352535366,75.77719478912516,76.0334475717875,6194300
76.8156967163086,76.86964114731764,76.23575163741488,76.44479981297609,4858500
76.60467529296875,76.97912255965062,76.10087776574896,76.71360729569939,5811200
76.63868713378906,77.09482802558274,76.39359542001539,76.39359542001539,7048100
75.35197448730469,76.9246423281156,75.18177216014635,76.9246423281156,9478200
75.11367797851562,75.27707072713827,74.39201671662217,75.17494831143843,8111000
76.06002044677734,76.46169546497603,75.29751211456573,75.3860206532057,6619100
75.14771270751953,76.10084656396724,75.10005627440523,75.69917165545549,5732000
75.58345031738281,76.13490941244989,75.39963408180247,75.80130909748245,8659700
74.97071838378906,75.58344256901938,74.52819132121856,75.50174878120868,6189400
76.08043670654297,76.43445524515978,75.14092177415935,75.33154754065784,7275800
76.59103393554688,76.76804577945214,75.90341519873796,76.0191567086925,7030200
77.53053283691406,77.87774690719475,76.84972378609906,76.87695677143097,7353800
77.17652893066406,77.79606258245899,77.14248639405652,77.38757811397768,5892500
77.30590057373047,77.53737324996126,77.07442270333677,77.17654514044685,4905600
77.04717254638672,77.27184081915577,76.7067679612803,77.10163852660256,4731900
76.12128448486328,77.53055949688284,76.03959069493688,77.29908683320784,6660300
74.62350463867188,76.19617239315743,74.48053531500615,76.03277962241981,9071600
74.9162368774414,75.00474019395767,73.8745997453226,74.41924392983732,7247400
75.30431365966797,75.8489631525333,74.5077680615365,75.84215360547779,6560300
74.44647979736328,75.44046053685167,74.4192468079601,75.23622090757034,6369300
73.0916748046875,73.91545329847897,72.92828205401001,73.8473734185435,9935700
74.12650299072266,74.19458806528495,73.2142211662015,73.58185875335779,9472100
73.43207550048828,74.12649854962656,73.14613690344085,74.07884211678532,8894700
73.3095703125,73.81336790974522,73.3095703125,73.52742915407885,14353400
73.29591369628906,73.42526389943099,72.86019107287156,73.03039335599225,5301900
73.55463409423828,73.68398951756502,73.11891657732589,73.5682479941957,7406300
73.79290771484375,74.10607931905584,73.20060184943455,73.28911036842969,8106800
73.43888092041016,74.11288048820134,73.35718195691737,73.72481950139293,5451200
73.5206069946289,73.81335524974305,73.32317164172275,73.47976009201508,6339900
72.35639953613281,73.0848651581829,72.0432279335298,72.84658298165472,6479400
72.96232604980469,73.3503871143994,72.24747945405778,72.3564062330544,6331500
73.57505798339844,73.58186753049932,72.76489328575715,72.81254972713826,4919900
73.37761688232422,73.99034621900459,72.9827462882233,73.62951816356008,6797700
73.09850311279297,73.62272403642353,72.88064432458552,73.32316625482707,6159000
73.3912353515625,73.506971671351,72.42448232005742,72.99636476081832,5800900
73.97671508789062,74.01756196943373,72.85337909800705,73.44567965702569,4687400
73.96312713623047,75.3451692813249,73.90866114180233,74.65074603193709,6398800
74.40565490722656,74.65074669015108,74.03801723283978,74.28991856366864,3934500
74.11289978027344,74.60308330050549,73.98354435294479,74.4669183259062,4889400
74.50093841552734,75.02515912580125,74.18776685957447,74.28988926120631,4812100
74.18778991699219,74.57585100847297,73.56825096359225,74.56904146113816,3956500
74.18778991699219,74.45330512725995,73.83376617386001,74.45330512725995,5053300
72.23384857177734,74.03118428227656,72.11811226480586,73.963104407244,6894800
72.2815170288086,72.49257142893147,71.92749850324624,72.2815170288086,5278800
71.94792175292969,72.62873100297854,71.7028300073791,72.03642508553759,4252700
70.96074676513672,72.26108966482711,70.68842204030332,72.0908873610765,6667900
71.40325164794922,71.95471051321141,71.04923322562561,71.07646621105987,4988100
71.41007995605469,71.77771756477372,71.00159545553207,71.3488096183493,5432600
72.11811828613281,72.44490898539978,71.73686679878966,72.02280541429703,4538200
72.66277313232422,72.82616589704669,72.28832596924946,72.37002494869186,4619000
72.22025299072266,73.17338706539395,72.14536355094515,72.43811176257643,6687400
71.8049545288086,72.15216871082983,71.26030503521305,72.13854961670054,5781800
72.64234161376953,73.25507094990553,72.1589676914184,72.8806289958284,6848400
72.1113052368164,72.66276419040571,72.00237847179346,72.34278305300293,4955500
71.73007202148438,72.52661769761649,71.5462505921228,72.24067902323517,5112200
72.65596008300781,73.0235976815326,71.57347073276891,71.73005913727769,5663000
71.3556137084961,72.39044664645462,70.89947277115913,72.32917111481231,8039900
72.02281188964844,72.090891776486,71.2807270988804,71.4305059664205,5060000
72.62873077392578,72.65596376714133,72.04323440519728,72.11812383799946,5175100
71.53942108154297,72.67637102569759,71.36240926215038,72.51297829696045,5024000
72.50616455078125,72.73083278612876,71.8525884795383,72.04321418438072,5582800
72.30876159667969,72.90106761055154,71.91389092076511,72.90106761055154,4632100
72.1385269165039,72.36319515147676,71.81174147850783,72.20660678323968,4488200
72.74446105957031,73.32995737968564,72.62872474363544,72.94870589464753,6647500
73.01678466796875,73.2959189253983,72.805735483974,73.23464339813934,5001400
72.00584411621094,73.08558773209563,71.95082931026218,73.01681528940891,6384300
72.32904815673828,72.67979427933682,71.41435986005911,71.90265605377408,5618100
73.25749206542969,73.25749206542969,72.32905134422256,72.56975742053568,8383500
72.98240661621094,73.64950485277109,72.72794289399779,73.64950485277109,4491100
73.0855484008789,73.2849920502399,72.88610999851613,72.94800358952564,3457100
73.0511703491211,73.14745277375344,72.71418186290785,72.96864030786537,3457200
72.28778839111328,73.38816276511913,72.01957230141808,72.96864421518583,5293800
72.01958465576172,72.41159325771574,71.93705459592937,72.24653838505084,3752500
71.565673828125,72.01270244892274,71.35247774234436,71.76511752808089,4288000
71.16677856445312,71.44874702141072,70.88480486049694,71.21491977647021,8037900
71.71009063720703,71.71696945296175,71.13239604178801,71.3112085224173,4769400
70.91232299804688,71.48314403950084,70.6784904793191,71.40061398930295,5864000
70.96734619140625,71.23556230774304,70.58221118700004,70.69913007506946,4523300
71.6413345336914,71.83389944267893,70.67163117143278,70.91233730766717,4683900
71.3662109375,71.82011825265232,70.52717920582127,71.50376099375744,7197100
71.5244140625,72.03333630878478,71.13928428120339,71.36623276118189,6493600
73.17496490478516,73.23685850226883,71.53127957628969,71.53127957628969,6595600
74.30284881591797,74.57106489738584,73.17496446128416,73.17496446128416,8690600
74.36476135253906,74.61234629802667,73.69766301014198,74.50918502957349,6099700
73.31250762939453,74.26845830779152,72.72105545106275,74.21344352727122,6202300
73.12681579589844,73.45005187318934,72.81045853325152,73.24372940985525,5441400
74.51605224609375,74.52293106211977,73.04430043648262,73.54634906639635,11633900
73.90396881103516,74.53668346358691,73.68389392114761,74.48854224539274,4577800
73.22998809814453,73.31251289835534,72.47347578288557,73.07180681940885,5171200
71.86138153076172,73.51882431183219,71.4693730478485,72.8242109484252,6989400
71.8338851928711,72.30842380088406,71.55191670264543,71.85452164074056,4197400
72.21214294433594,72.50099025683345,71.68946310719808,71.69634192330497,5773300
71.62068939208984,72.34281290727557,71.54503815727993,72.23277283955235,3602500
71.5725326538086,72.13647476110197,71.5450226428433,72.02643996423886,4170300
71.71696472167969,72.14336207135818,71.55190988344877,71.82012596319854,4162300
71.60691833496094,72.31528403346879,71.5587771296351,71.78572552788671,4288600
71.75137329101562,72.0195894445555,71.44876829850905,71.88891815288217,5497000
73.10618591308594,73.56008799478256,71.68944914985494,71.68944914985494,4419100
71.95079803466797,73.1061924093812,71.71008671939535,72.89299110862542,4482700
71.40058135986328,72.30151169639322,71.32493016017028,71.98515451903917,5084800
71.17364501953125,71.35933628089535,70.70598532938936,71.24241742311133,6457000
70.86418914794922,71.23556654195144,70.56158417942895,71.13928409687676,4629000
70.91920471191406,71.18054201105419,70.52719613970417,70.93983591355678,4322400
71.44876098632812,72.04021327642437,71.15991365776938,71.5244122267125,3978100
71.6137924194336,71.66881243934564,71.15301155841541,71.38684401954269,4439100
71.82701110839844,71.96455594454584,71.33872011897624,71.78574345995489,3644300
71.66883087158203,72.1915107011768,71.57942725147998,71.74448210666809,5572400
71.33184051513672,71.93704513329901,71.1874168646775,71.93704513329901,4339400
71.84076690673828,71.85452453920621,71.18742103349554,71.22180462066656,4932000
71.9576644897461,72.46659183749988,71.40060118009472,72.21212816362298,5367800
71.00859832763672,71.78573654632233,70.93982591618644,71.64819172342177,5304100
70.97422790527344,71.22869166533208,70.78166300447232,70.96047551821623,4080400
71.79261016845703,72.31528990226876,71.74446895922425,71.83387256294276,7093800
72.29466247558594,72.95488705678325,71.66194266081477,71.95766874638218,5881400
72.97552490234375,73.1199485507299,71.9439229164435,72.12960896522597,5888400
74.35786437988281,75.05247252505424,73.14745005478453,73.38815610741811,7812600
75.09374237060547,75.65080571547075,74.37849775965573,74.54355259387535,7561200
76.18724060058594,76.31791185783118,75.25192109472255,75.33445113829829,8162900
75.9671630859375,76.47608521943522,75.54764456128441,75.91902187394446,6212300
75.25880432128906,75.96029136830387,74.99746703847946,75.80899415004508,5605400
75.7264633178711,75.78835691829104,75.25880354236843,75.25880354236843,4643500
75.49952697753906,75.85027320154245,75.3619821136555,75.52015818242157,4762800
75.89151000976562,76.13909487883497,75.49262269326519,75.65080395567,4107300
76.26288604736328,76.62051096208154,75.8296151571837,76.15972481246385,3966800
75.7264633178711,76.64115166873644,75.67144328616513,76.49672802075754,4950700
75.12125396728516,75.98779580044896,75.0524763084955,75.78835213335609,3383000
74.76362609863281,75.52701190767043,74.49541003026809,75.1418822191464,4286100
74.66734313964844,74.8942968103248,73.95209854681889,74.7911355739266,5310700
74.2158203125,74.9660376896818,74.11162787098914,74.76459013656536,4186600
73.57674407958984,74.23665953362645,73.5698014503944,74.05605047992289,5870300
73.96576690673828,74.56315644811227,73.28501279721984,73.52118944151673,5467400
73.47950744628906,73.9657618627049,73.14608099475845,73.9657618627049,3560400
73.8824234008789,74.27142280375645,73.50036663039604,73.62540290985231,5630900
74.05606079101562,74.3686487392757,73.70873849307435,73.77820189271907,4185800
74.63262176513672,74.79238706438252,73.86156579130036,73.97965410808517,5059700
75.1813735961914,75.51479997517504,74.68817135692866,74.896566818581,4384200
74.85490417480469,75.43145516960118,74.51452450230289,75.3967261191558,3681600
74.92434692382812,75.05633105840758,74.3547387162926,74.62564961379631,3230600
74.83407592773438,74.9104819690596,74.39644637453526,74.72987816270037,3126000
74.7576675415039,75.1814012495968,74.67430826623821,75.02163063026723,5508200
75.54955291748047,75.827411834848,74.68124711303078,74.7993354305036,3660300
76.02191162109375,76.59152001782807,75.50787076815644,75.96633877757868,5198500
77.65432739257812,77.95997273973501,76.27198599926818,76.41091281176594,8577300
77.6612777709961,78.40454737069507,77.35563241420529,77.92524084294921,5937800
76.9527359008789,77.62654208053962,76.77907473291349,77.515396389177,4033100
78.16143035888672,78.1961647186832,77.46678556071073,77.68212905195436,5973400
78.14056396484375,78.46009982195645,77.7029398061341,78.36979793833243,5110100
79.31451416015625,79.41176397223371,77.99468846803974,78.14056318615596,5889400
79.50208282470703,80.12031617618337,79.31453108987242,79.37010393712653,5819100
79.62712860107422,79.82163358971785,78.9324838265041,79.76606073581966,8387600
80.01612091064453,80.0369594027056,79.41177814228222,79.48124154905854,4954600
80.81495666503906,80.87052950940318,80.01611955110685,80.05779653452088,6188000
80.83580017089844,81.37762215223923,80.71770655211232,80.92610206788252,5378200
80.90525817871094,80.9399872292103,80.46068605446406,80.73159702706081,4334500
81.47486114501953,81.84996984369249,80.76632072539813,80.86357583961771,5307100
81.96110534667969,82.19728723908996,81.28729931501717,81.43317932781835,5980300
81.6346435546875,81.98891383883118,81.44709181585762,81.82220059323589,4874700
81.58601379394531,81.6902115536512,81.11365520970111,81.59296172451722,3926800
81.70411682128906,82.05838182546965,81.2873257344809,81.39152350618293,4949000
81.62074279785156,81.63463335836683,81.08586877266916,81.39150880146573,4874800
81.57211303710938,81.82218550926052,80.25228727847107,80.87052052914544,4285600
81.84303283691406,82.1417302498112,81.28037236367082,81.32899727741137,3892200
81.67631530761719,81.87776288243644,81.36372205025579,81.84302853171256,3443400
82.37095642089844,82.44736774946672,81.5026506869112,81.5860046455547,5470900
81.29426574707031,82.0722696936464,81.13450043911271,81.9333375783373,3533300
81.7666015625,82.02362192943666,81.28035254366507,81.50958119556336,2951900
82.52378845214844,83.23232367969082,82.16951818851814,82.2459295257662,5683100
82.89192962646484,83.02390847792724,82.37094625039931,82.80857037839624,3926100
82.75995635986328,83.11422658610216,82.18340007592343,82.30843631461258,3929700
82.77385711669922,83.35735606529163,82.7113363437969,83.21148132814352,4640100
83.4476547241211,83.97558610931847,82.96140561914835,83.2462071521416,5500700
83.51016998291016,83.87138282280439,83.23925902806013,83.51711791244199,4844300
82.07225799560547,83.37123996535787,81.96111231920015,82.94056371858116,5505100
82.10699462890625,82.4821033718466,81.93333346827005,82.00974480292743,4576600
82.41262817382812,82.50987798588997,82.01668099622857,82.39178968548877,4924300
82.61409759521484,82.87111805210705,82.28066579437412,82.46822283850912,3872400
82.82247924804688,83.30178042551998,82.71133356649393,82.996140400685,4472400
82.27369689941406,82.96834140467837,82.07224935692138,82.66269612645264,4553100
82.27369689941406,82.66269612645264,82.06530142794797,82.50987348733977,4092900
78.86994934082031,80.85663334147452,78.1961432238527,80.66907632968056,14534100
79.46038818359375,79.9535851690227,78.38368703108394,78.61292100028419,7517800
80.50238037109375,80.84275481770646,79.06446593776542,79.50209022626747,7154800
80.50932312011719,81.25259274940873,80.12726640891746,80.78718206465167,5030300
80.11334228515625,80.9052365005189,79.68266083656472,80.72462746727517,4329600
79.8771743774414,80.40510571312879,79.69657061237034,80.2175540187189,4101800
81.30120086669922,81.38456012274932,79.87717738255213,80.14114571018537,5950300
81.44012451171875,81.96805584685663,80.91219847629813,81.53737432349187,5219500
81.044189453125,81.37762121457176,80.50931540839775,81.12060078804575,5092800
81.44012451171875,81.6207335763191,80.3148037469962,80.50930337054245,5103300
81.39842987060547,81.48873173345028,80.64821265711953,81.0719461591968,5156900
81.43317413330078,81.80827748603703,81.05111755217733,81.42622620463032,4279200
81.21784210205078,81.45402401242966,80.75243151065277,81.14837870478082,6996500
80.89137268066406,81.4331999949817,80.62740960424145,80.7246594376455,5372600
80.33042907714844,81.20686301809198,80.19720940633998,80.80720935499485,5888700
80.42861938476562,80.62493980519979,79.86069169003386,80.40057284622785,4337500
80.43563079833984,80.65298478113368,80.23931038170926,80.47068495883521,4634200
80.75112915039062,81.23492247457169,80.57584233430521,80.73009558835302,4596000
81.26997375488281,81.87996838957213,80.85629412912489,80.97548786816435,3951000
81.690673828125,81.92906134363551,81.55044115782817,81.71872036218437,1744200
81.04561614990234,81.35412268248315,80.80021565777194,81.22791595091186,4490300
81.64860534667969,81.90101881623282,81.15079137876367,81.27699811354024,4004700
82.16041564941406,82.2094957314,81.21386815435518,81.47328915228323,3661000
83.42950439453125,83.54169051496785,82.1954891657006,82.21652272595028,7896600
83.79412078857422,84.46020862730624,83.09998106476283,84.00446178270182,6831800
84.72663879394531,85.75031857904452,83.69595673655796,84.00445791694766,7366400
84.4111328125,85.11929316547355,84.24285893878896,84.51630598956815,4380700
83.86421966552734,84.75467428391303,83.80111363388572,84.13065368417396,4852500
83.87825012207031,84.20779021111925,83.4084827118356,83.7871028982325,4908500
84.08158111572266,84.3059480329024,83.50664055611642,84.10962764903628,4122200
84.43216705322266,84.91596046200688,84.22182604673432,84.34101981867738,5929700
83.91329956054688,84.65651390246629,83.8291599683314,84.0044467734504,4300200
84.08860778808594,84.2568816660576,83.21217353921043,83.73803408853573,4399800
83.80814361572266,84.3340041390533,83.78711005068222,84.00446402187332,3736900
83.94837188720703,84.46721941181846,83.79411861924238,84.44618584788321,11226900
83.92733764648438,85.04216474108566,83.87124992264428,84.08159092303687,4654100
84.0254898071289,84.66353641737271,83.79411526377672,84.36204286460475,4599300
84.76168823242188,85.04916116448678,83.89226716477066,84.33398799404604,6286700
87.51722717285156,87.888834476829,84.88792415490097,85.11229113179286,10109000
87.62939453125,88.09916195247537,87.34192156196522,87.53824195595017,4735100
88.33053588867188,88.44271667080538,87.67846871020022,87.80467543343116,3348500
88.02904510498047,88.48478656767081,87.73455917532924,88.31651271453393,3452300
88.05008697509766,88.26744094546126,87.84675359826436,88.1272136128389,2191800
87.77662658691406,88.33053356042035,87.77662658691406,87.89582033645453,3829000
89.45237731933594,89.56455811007584,88.02203612942756,88.1412298912542,5626000
90.10443878173828,90.40593769444807,88.97559651115554,89.36823730092345,5805500
89.8239974975586,89.99227673192483,89.19997671410891,89.71181134131443,4598300
89.67675018310547,89.81698286747002,89.1158301443071,89.72583028530057,4189200
90.11846160888672,90.18858061834693,89.48742796905039,89.64869420174776,4826100
89.63465118408203,90.40591734657768,89.59959703535937,90.04832544457665,4422300
90.20963287353516,90.27974119886356,89.60664564267377,89.96422698823329,5292200
92.95108032226562,93.47694067068672,90.27970076541534,90.39188687408931,11641300
93.67329406738281,93.84858091204583,92.62858062167362,92.68467369580499,7232900
92.55846405029297,93.86961695810965,92.2710017484307,93.72237129729122,6254200
92.80384826660156,93.11235476116867,91.82224641903144,92.68465452072931,5632700
92.26397705078125,92.90202370579746,91.87133624728189,92.7968558829528,5890000
92.06063079833984,92.55143170553164,91.29638290723709,92.43223796368916,6048900
92.9440689086914,92.94406890869142,92.04660136993846,92.06062730922874,5248800
91.86433410644531,92.94409638049314,91.660995371934,92.81789498554967,5747300
92.12374877929688,93.02121652059776,91.89938719330135,92.11674115739868,6868200
91.60489654541016,92.46029716407632,91.38754257976964,92.38317052801104,4597200
91.98351287841797,92.37615364131298,91.40856697656574,91.64696518145917,6310500
90.08341979980469,92.25698113613261,89.97124434075528,91.19123403520672,6350700
87.8046875,89.75387098340383,87.77664096328003,89.47341631486394,8084000
87.8888168334961,88.21835693481827,86.97732851318264,87.93789693267198,9626800
88.0430908203125,88.08515795826825,86.98435660400203,88.06412438929037,7844500
83.14204406738281,86.90720146138369,82.48296392570602,86.90720146138369,13182600
78.96319580078125,82.94571191965699,75.73791455608054,82.02720549418723,15414700
82.16041564941406,82.47592969799112,77.65905264672318,77.96755372663718,18416300
80.83528137207031,83.62584492433348,80.79321424142542,82.31470275882161,11535700
78.73883819580078,81.2559542518209,78.67573216174502,80.75112737669077,9927500
79.58023071289062,80.36551773467097,76.7756410842425,79.4680445600662,10922400
79.9167709350586,81.22791295145213,79.1665435443463,80.49171150224623,8358200
79.4329833984375,79.65735033498144,78.43034248059088,79.46803755610797,7065900
79.67137145996094,79.96585741247085,78.10781586498317,78.87907688016774,7031900
79.68551635742188,80.03249701335425,78.48878021017563,79.91919952272664,5405000
79.40936279296875,79.97586656431069,78.75080445488041,79.55806881736542,5950400
78.58795166015625,79.84841709348858,78.30469972621408,79.5085136922417,6810900
77.22832489013672,79.35270578007699,77.22832489013672,78.70123027044784,6892300
77.81608581542969,78.91368497058198,77.11504150610158,77.57532519705515,8176700
79.72803497314453,79.83425512848949,78.07101999905674,78.21972605550707,6460200
81.15135955810547,81.19385085523135,79.91213720978446,80.14582043494435,7405800
80.4503173828125,82.17814917377619,80.4503173828125,81.34255900958992,6059700
79.25355529785156,81.76032498068952,79.2252295757056,81.44874743966294,7441000
79.33855438232422,80.65567111179296,78.58085866398086,78.97740807841684,7516700
79.05529022216797,79.43767941359256,77.77358220462644,78.95615288393711,6607300
80.12455749511719,80.25202054952905,78.61624378414692,78.88533545600492,7814900
80.47864532470703,81.8028395330177,80.03252179777373,80.62026858249416,7957900
80.6131820678711,81.49126351377083,79.7563489719789,79.9829494154993,6660000
80.26618957519531,81.25756839649645,79.73509435691756,81.15134827232491,6095100
83.00663757324219,83.12701785178518,80.89641699620688,80.94598566399397,8833300
82.7021484375,83.80682476802141,82.53927685930724,83.20491793158551,6877000
82.46846771240234,83.68644698640149,82.14272994884584,83.0137285142318,6793100
81.52667236328125,83.16952704507645,81.3354804204029,82.83671184099792,5051000
81.8453140258789,82.29143205862306,81.25756736184941,81.68952523275496,4519700
81.71785736083984,82.27727834243765,81.1230278680018,81.71785736083984,14909400
80.6485824584961,81.59747543443312,80.17413867181769,81.48417252279519,4803500
81.08056640625,81.93031690624343,81.0380805020249,81.11597492815886,4587200
82.87918090820312,83.63687654717585,81.29297801403762,81.42044108426573,6829600
80.5140151977539,81.95859452162996,80.35823183953542,81.82405410305132,6297200
80.00418853759766,81.97985805654092,79.80590844512935,80.98848460709989,6227200
81.68244171142578,81.85239066485052,80.19537621315477,80.89642037328915,6868700
81.19384765625,82.751724957442,80.71232106091385,81.96570352384063,5530800
79.38102722167969,81.61871089819125,79.35270149636666,81.38502771629359,6985300
80.75481414794922,81.03098328137636,79.50850895441836,79.51559173805471,6627800
79.48017120361328,81.00264530034565,78.27635749135801,80.64858180820232,6228600
81.3142318725586,81.42045201243545,79.3739598317114,79.67845468464868,6717300
81.06637573242188,81.28589335841932,79.61471332175384,80.05375397632864,5727200
83.05622100830078,83.48109615095795,81.22216916892754,81.34963225198275,7204900
81.26465606689453,82.85794181756451,80.29452013155769,82.41181834972555,7094500
82.12857055664062,82.97123799974773,81.3496265467212,81.64704398804506,6933800
84.16089630126953,84.85486316670237,83.27573751517586,83.27573751517586,7612800
84.44415283203125,84.53620740591276,83.38196223037048,84.04760340290375,6246800
84.42999267578125,85.44969197971692,84.01927767981427,84.76989064289955,6702000
84.91859436035156,85.53466683748177,84.42290758742885,84.63534246043261,5508100
85.47093963623047,86.1861495268756,84.81238121075313,85.4001280060613,4598000
86.00912475585938,86.39151407301694,85.37180922726344,85.64090100743812,6488300
87.68029022216797,88.43798594185016,86.67475111802536,86.71723701176698,9132500
87.60237884521484,88.51586320176662,87.24831539240778,87.78649335339679,7159400
86.61100006103516,87.42534708267068,86.00909327202787,87.36869563362588,7561200
87.51033782958984,87.53158077563167,86.24987260702514,86.39149584902418,6113100
86.77388763427734,88.5442052241657,86.21446662756296,88.06267862361284,7980500
86.90135955810547,87.0288226536486,85.76835726582256,86.63226779941378,5331100
87.96354675292969,88.02019821595613,86.60394405578036,86.86594761776112,6268400
89.66301727294922,89.96751201275359,88.28924955347199,88.86991331279908,8836600
88.59375762939453,90.56943234516595,88.55127174386595,89.94627721032276,7631600
88.41674041748047,88.45922630998356,87.15627518247169,87.82899369247916,7093700
88.86283874511719,89.55680544970987,87.8714600539473,87.94935444127645,5909100
89.23108673095703,89.30898113486417,87.68736962114895,88.22554226304139,6727700
88.89118194580078,89.8188265921952,88.31051801863644,88.66458152062886,5403100
88.47338104248047,90.92349418820747,88.11931757476134,89.64178616388976,6999700
89.62763214111328,89.75509521432559,87.54573707950566,88.46630431965899,8937000
91.15010070800781,92.35391434665046,90.70397727753615,90.93766046468038,11442700
91.22091674804688,91.90071255322887,90.91641654799865,91.83698372246046,5446000
91.9432144165039,92.59469001182048,91.00849232067102,91.62455940213272,8092300
92.33267974853516,92.82128911080446,91.91488740882916,92.23354240004288,6212400
91.87239074707031,92.24769715130503,91.52540466544454,92.2264542080585,5201700
91.74493408203125,91.85823699735795,90.85269793544515,91.55373676306255,5405100
92.47352600097656,92.55209964359928,91.70207866414864,91.97350596644206,5241600
91.33065032958984,92.25209507525628,91.28779395528672,92.0878086739666,6385800
92.40924835205078,92.43782653635495,91.62352267382653,91.99495187471052,5081200
91.59494018554688,93.13783508395933,91.50208833938082,92.20924032661573,5444200
91.9306411743164,91.99492572164978,90.39489663576632,90.78061481914732,6017200
90.43775939941406,91.00205852570234,89.89488845708637,91.00205852570234,5906200
87.28056335449219,89.11631928135449,86.58768954071097,88.95917196898863,8936600
86.70909881591797,87.45197337400776,85.75907607290684,86.50195063099663,7385700
89.40202331542969,89.76631333985296,87.38768684073516,87.60912412288205,7125300
88.78772735595703,89.15916194193503,88.18771093283449,88.63058006776562,7460700
88.46627807617188,89.68059442295326,88.16627262390567,89.637732608565,5749900
87.33055877685547,89.58061103103772,87.26626876689465,88.95202182116068,5760500
87.66627502441406,88.3662878380969,86.82339856020032,87.15197678188485,5672600
88.13055419921875,88.35199146320186,87.18767604038142,87.94483965483325,6213400
90.68777465820312,91.41636569694278,88.86630796073672,88.95916525208177,8607200
90.31632995605469,90.98777000635026,89.77345901032763,90.80205544440189,5108800
91.11634826660156,91.56636194965793,89.90203722118905,90.55204911382792,6085100
90.77349853515625,91.7020933054909,90.23777204066127,91.17350590714449,4543000
90.766357421875,91.30208393662984,90.06633904473091,90.58063737084626,6317900
90.36632537841797,91.40206084446805,90.27346265339511,90.98776447817184,5056800
88.60201263427734,90.80206390108239,88.45914897752237,90.78777481056126,13223800
89.9806137084961,90.70206017340233,88.64486715659108,88.82344263653977,7696800
89.67346954345703,89.92347414183578,88.48772566301565,88.8020202722298,5947800
89.49486541748047,90.33059714310362,88.78770822269856,90.08773716800893,7980700
87.56626892089844,88.99487274725867,87.25912432993445,88.93058819092418,7290800
89.3591537475586,90.40917826148441,89.15915011627563,89.58059101049922,8535200
87.58052825927734,89.03055977849665,87.09480290533148,88.88055708164872,5801900
88.68771362304688,89.00914725142817,87.55197093336517,87.88054910562101,4592800
90.00203704833984,91.01634441191119,89.33059153598289,89.39488153914239,6339500
89.75916290283203,90.61632284570295,89.28772111947004,90.3877464976247,3814800
90.30921173095703,91.23780661008938,89.81634155437376,89.81634155437376,5669700
88.75201416015625,89.49488881594263,88.2591440881222,89.4877442707808,5073500
89.09489440917969,90.49492573102181,88.96631982606705,89.61633183813676,3919600
88.55915069580078,90.18061358779252,88.44485977758045,90.0806117591952,5926900
88.6734390258789,88.94487179087511,87.99485438854283,88.23056987801984,4020000
89.99488830566406,90.20203649555167,89.0662991730572,89.28773100204127,4602200
91.13777160644531,91.7949280090338,90.53776066052296,90.95205704681642,5092100
88.23056030273438,90.4877567182449,87.83769756311435,90.1663230722203,6631800
88.75914764404297,89.25201220496443,88.28056127228344,88.88772219247694,3745200
88.60201263427734,89.20202364357439,88.30914622519812,88.71629810999005,3352800
87.84485626220703,88.4877236578443,87.0591197569768,87.86628444876942,4317800
87.08053588867188,87.83054951604794,87.00196225394339,87.40196952187729,4135200
86.80911254882812,86.90911438290063,85.48051052507492,86.60196433548045,6061300
86.90910339355469,87.24482612964339,86.43766701392309,86.5019515635449,4471400
87.33768463134766,87.39483008716198,86.43766822587973,86.60909914363211,5394700
86.66625213623047,87.90913593497905,86.54482211933303,87.39483768730624,5359400
88.46627807617188,88.68771534305532,87.04481900022357,87.05196354423667,4423500
89.21629333496094,89.45201423008318,88.05197794676387,88.30198792930022,4278800
88.5377197265625,89.55917167771842,88.43057879961941,89.07344616004237,5544100
89.9806137084961,90.74491654468883,87.20197967646979,87.70913338556112,7580900
91.30919647216797,91.72349280626318,90.1591701876875,90.54489379704958,5729300
90.19489288330078,91.82350569134945,90.09489105952024,91.43063749100402,5894400
89.5663070678711,89.9448861702171,89.10915432733735,89.50916161288174,4661000
88.40200805664062,89.15202181055943,88.07342982401553,88.88773358523666,4639600
88.60914611816406,88.75200430739429,88.09484791743027,88.68057521277917,5299400
88.78772735595703,89.24488013086423,88.24485639212062,88.87344009519529,4455900
89.41629791259766,89.78773244396548,89.1091479262071,89.67344699188698,4542000
88.48773193359375,89.13774938513274,88.0877245478417,88.94488478865092,5957200
87.5234146118164,88.83773299686887,87.33055548857864,88.54486658971418,5218300
88.10198974609375,88.23056430026713,86.7876769253799,87.26625786881218,6128000
87.45915222167969,88.34488531347601,87.33057762370179,88.0805915704957,4360000
87.55912017822266,88.32342292312636,87.14482380629977,87.80198018609369,3622200
84.2447738647461,86.9519789136387,83.88047834373643,86.93054527736287,9476700
84.85054016113281,85.31928341713783,84.50438562392972,84.87938132912167,5455200
84.95150756835938,85.51400392223158,84.43948601348578,85.2039090730533,6112900
84.91544342041016,85.32649885001098,84.61256163058637,85.09573098605858,5403600
85.05245971679688,85.76639690252658,84.94428608212519,85.36976207604363,4875800
85.75920104980469,86.1486229115171,85.39862586324956,85.48516588872144,3636900
85.16783142089844,85.68706040802769,84.87937026116674,85.37696562415545,3962500
85.82406616210938,86.20627479570089,85.61493199427026,85.74473921906909,4415400
86.7904281616211,86.88418121177028,85.93947067914908,86.07649098201969,3901900
86.43704986572266,87.50434891336927,86.35772291599964,86.97069938954596,4685700
86.69666290283203,87.13656488876767,86.45146901630702,86.53800900601087,4101700
86.40099334716797,86.84810839828432,86.21349827903356,86.59570695891975,3353000
85.42744445800781,86.10532734652921,85.16061692696582,86.10532734652921,5287000
85.72311401367188,86.2711841260126,85.34811288213496,85.76638125887283,4590900
85.75920104980469,85.77362713835369,84.56209429145085,85.13901128877461,4619400
83.09814453125,85.46351643686432,83.03323814867636,85.01640130760711,8191100
82.64381408691406,83.18467675175242,81.77122298120759,82.58612074886581,6637800
82.55728149414062,83.45150624684416,82.48516206893997,83.24237201802953,5870900
82.9466781616211,83.46590708939586,82.03803303995362,82.45629589671586,5605300
83.50198364257812,84.72793680124605,83.48035001654532,83.95630629508553,5067800
83.86976623535156,84.02841464972964,82.98996215536647,83.66063202765518,6297700
84.64861297607422,84.81447995170753,83.90582911106615,83.96352245058554,4947800
84.74237060546875,85.58611510923907,84.57650362087647,84.81448453279322,5560200
85.18946075439453,85.74474942174976,85.08129263913976,85.45628827654667,4966300
86.18466186523438,86.56687059058122,85.18226352828869,85.33370440992012,4855300
86.11973571777344,87.48992188241039,85.89618096791087,86.67502432489667,5846700
87.35292053222656,87.44667357816581,86.11254682708079,86.47312192207346,13703600
88.42742156982422,88.6870360293243,87.67021181262596,87.91540569190416,6534100
88.96829986572266,89.59569700233979,88.6582050676232,89.06204740861254,5396400
87.94425964355469,89.00435125704384,87.79281877047612,88.69425646875749,4231400
88.31925201416016,88.70146067986894,87.77117640762793,88.09569724786375,4533400
88.18224334716797,88.85291323629653,87.80724767349811,87.97310913422044,5202900
89.70387268066406,90.05723473710795,88.7808013076208,88.7808013076208,5348200
89.9562759399414,90.69185223755866,89.653394171247,90.19425683046107,5445400
90.36732482910156,90.74953353376101,89.98511612444211,90.23751758016637,4479500
90.10771179199219,90.56924746192405,89.55964162266007,89.9923306254788,4824300
90.38175964355469,90.79281505456431,89.95627814685932,90.09329845117573,4318000
90.02839660644531,90.47551175226202,89.30003879885894,89.4586927377597,6267700
91.4562759399414,91.90339108275307,90.19426298236347,90.51157085803239,6797900
88.41300201416016,92.01875254901121,88.31204143933942,91.751930530673,6504400
85.40580749511719,88.29040792659704,84.76398433926802,88.29040792659704,8589900
84.92985534667969,86.30725484874657,83.783229186979,86.19908121999724,7450700
84.33129119873047,85.71589801680786,84.30965757687589,84.8793612921746,6047300
84.74237060546875,84.86496483211435,83.89862059975844,84.43948330760198,4846100
84.58370971679688,84.87217090434162,83.66784585898777,84.52601637890002,6978700
84.71351623535156,85.1966855566489,83.68948425536452,84.67745652399647,7391600
85.19668579101562,86.00437601091235,84.64140254742003,84.64140254742003,7944400
84.5260238647461,85.44909534508729,83.99958724014839,85.16784717535646,5644900
81.7784423828125,83.45151080272807,80.80489061079068,83.45151080272807,8095300
79.47795867919922,82.34092570212398,79.37699809669287,82.00919728789756,8035200
80.46595001220703,81.77844330905872,79.63662608518788,80.30729606941067,5734000
80.42988586425781,81.1077688545019,79.0813384286953,79.78084954401771,8035500
78.55489349365234,80.81930473879072,77.55249513044508,80.79767111255366,8598300
79.93950653076172,80.15585381308343,77.99240299762606,79.05249477751056,7523800
80.51641845703125,81.12939500781356,80.08372945071075,80.55968570708153,7429800
80.17027282714844,80.76161581837825,79.39864227149565,80.60296188137565,10572000
82.73756408691406,84.45389956603655,81.57651183570376,82.82409858885711,9890400
85.77361297607422,86.30004958043673,84.08611852061318,84.10054460678026,8758700
85.74475860595703,86.12696732596594,84.98754870643575,85.64379801961277,5273200
87.1654281616211,87.34571571473792,85.831295867005,86.53802549607633,4848800
86.07648468017578,87.8865731463425,85.78802351195947,87.00676905915536,9532400
86.18466186523438,86.8048514768332,84.64140087877385,85.25437744783612,6565700
84.65583038330078,87.52601090005142,84.49717644241316,87.18706939032604,10550800
83.1846923828125,85.00920190139665,82.96113753329223,84.59093887680078,6846200
83.45152282714844,84.9443038931921,82.88902641123936,84.28805440667098,6783500
85.16276550292969,85.2574348115069,82.08249065365173,82.76699864491822,7218100
86.69927215576172,86.85219310444724,85.39579676758197,85.56328479083437,6706900
86.9614028930664,87.00509855048,85.85454438946128,86.02931035198634,5328300
84.54378509521484,87.01965935968678,83.77189700759202,86.83032632765695,7983500
85.61424255371094,86.7939253677244,84.96614674852425,84.96614674852425,5624400
82.72330474853516,83.90298769482938,81.63829111284086,83.52432156385116,5577800
83.72821807861328,84.06318853031111,83.02914302948425,83.45149925125082,6953000
83.89570617675781,84.22339866980197,83.17479158119802,83.41509829828823,6339200
86.0293197631836,86.1312670487849,83.30586053008625,83.72821674512622,6841700
86.54634857177734,87.18716649614055,85.73804818497263,85.89096912900177,6656900
86.61190032958984,86.80851140961829,85.70893051306425,85.9638043412986,6712500
87.87164306640625,89.15327298152758,87.42744188370584,87.94446174841909,8237600
85.37393188476562,88.17749307100854,85.25013955825146,87.82067760694012,8288100
84.40544891357422,84.57293137425751,82.30823471870883,83.99037064108136,10715700
84.0995864868164,87.1652994374017,83.88113041758649,85.62880119426539,9114400
83.69906616210938,84.441825555704,81.3178559816884,83.96121784354487,7674300
84.08502197265625,84.92245076411606,82.97815792747346,84.66029904582065,5929400
84.19425201416016,85.72346665314467,84.15783989306377,85.27926544317498,7891400
84.42729949951172,84.70401281025643,83.24033290015852,83.85202226563533,7030500
82.89079284667969,84.33262200462296,82.51212671530317,83.75006684546706,6195400
81.88587188720703,83.72093416030722,81.45623768667727,82.60679198663733,7132400
79.91246032714844,82.46115375333412,79.33718314426694,82.01695245459918,9658600
78.5215835571289,81.55088403504162,77.9899966275631,80.0362365739399,10472400
76.44623565673828,78.69636502110588,75.8709585160803,77.77883389942387,11612800
75.88552856445312,77.87351195898043,74.93887430263473,75.45589432258322,19912800
73.54072570800781,75.84183440656395,73.48247408144123,75.2228671230723,5619500
78.20120239257812,78.20120239257812,72.980022756198,74.16698379389562,10779400
79.60660552978516,79.61388906541978,76.37340461603648,76.80304432712131,10655100
79.11871337890625,80.36393128541829,78.73276932992829,79.84691137492801,6445400
79.22065734863281,80.2765421765266,78.54343301835947,79.48280906071987,6309600
80.60424041748047,81.32515489994525,77.99000664300802,78.16477261178828,6384800
79.06045532226562,81.04115473822186,78.69635632832396,80.87366675649642,6496200
80.69892883300781,80.822721200588,79.715862318951,80.30570111624274,7952500
81.7475357055664,82.23542719136965,80.04354894067507,80.87369448705158,5712700
81.39070892333984,82.86167237240218,81.31789021577595,82.57767552390513,5674900
82.48299407958984,83.01458112251858,81.88587187620016,82.06064341551698,7097000
82.61407470703125,82.74515059120131,81.34701153052794,81.92957225033057,6078300
81.95142364501953,82.32280627151746,81.31788922990086,82.28639414032133,4491700
81.35430908203125,81.80578843972818,80.88826264818891,81.07759019238556,6121700
81.64556884765625,82.33735478542582,81.20136758463863,81.54362156326306,4226100
81.12125396728516,81.791194758041,80.99017811207557,81.14309901720183,5624100
81.52903747558594,81.76934411966486,80.22556254778378,80.64791866967235,4442700
83.28401184082031,83.48790640312129,82.33006863046909,83.007293029946,9382000
81.80577087402344,82.61407119946878,81.52177406299784,82.37377005178517,7242000
81.11397552490234,82.04606808459977,80.40762256946324,81.83488999596365,6082300
82.65776824951172,82.88350788367543,80.76445429234116,80.85183450907002,8470700
82.44657135009766,83.58255835445975,82.27908338000638,83.05825495068974,6261800
81.68196868896484,81.97324900139891,80.88095199655356,81.49264120823608,6886600
81.43438720703125,82.54124577054854,81.39069154725249,82.30822262266543,5359900
82.29367065429688,82.75971700413403,81.54362748364366,81.94413311406365,7941700
83.4878921508789,84.04132412244086,82.56307768669033,82.86892503364066,11225600
86.19681549072266,86.83762785133064,84.90790167682556,84.94431380596582,10934300
87.19445037841797,87.20173391597255,84.69673034548568,85.56328797600646,7987900
87.00509643554688,87.28180966579433,86.42981936902143,87.1070437075175,6887400
86.56819152832031,87.08521153294346,86.42983766176901,86.65557730380863,4990400
86.09485626220703,86.29875082342413,84.84235475106188,85.93465180533356,7281900
85.62152862548828,85.84726824467202,84.41271718765606,85.73803742529883,5671000
85.16276550292969,85.46132939042612,84.75497634509124,85.14820398545429,4859600
86.4516830444336,86.56091387528035,85.64338267416282,86.16768621765856,5400700
87.07064819335938,87.66777042409392,86.43711383467208,86.77208985584745,5935900
86.9088363647461,87.91649274397766,86.54107725137779,87.06329451897373,5406500
87.7840805053711,88.1591962921926,87.22508520110574,87.98267352668265,6209800
87.75467681884766,88.1592140834862,87.12948745568151,87.45311726739237,4277800
88.4681167602539,88.79174652211108,87.52665448382338,87.75466330064576,5940600
87.62962341308594,88.49753497007445,87.0779848542769,88.31365545047144,5139400
87.81351470947266,88.60051893445738,87.41633422047686,88.46812543812545,4517600
87.98270416259766,88.57111545637045,87.79882458112625,87.82824598754881,5196600
88.21805572509766,88.97563858201968,88.02681941964711,88.12243476659309,5445600
88.3210220336914,89.21099833424822,88.18127178753879,88.47548017396409,5289800
87.9532699584961,88.37987187221113,87.15155218192415,88.26218626364476,6406500
89.7552719116211,89.76262866378075,88.38720781092547,88.54902268909171,7743600
89.82148742675781,90.35105583369008,88.66672404093228,90.2260190825349,7499500
90.68203735351562,90.72616664874734,89.43165307688622,89.63760288160377,7345200
90.85857391357422,91.71912897034056,89.95388955488937,90.59378687894468,7599900
89.68907928466797,90.83648572976652,89.51255089960836,90.77764293474665,7201100
89.45372772216797,89.68173657412272,87.67376936924938,88.33573688797459,7014100
90.92475891113281,91.35135518830577,90.28485607803583,90.37312027929144,6088600
91.13069152832031,91.9103388999372,90.7482189830141,91.08655662751875,6184300
91.69705200195312,91.88828830384378,91.13070546102426,91.64556595277777,4707000
91.64557647705078,92.27812264616372,91.55731787493399,91.76326209528534,5146400
92.16777801513672,92.24868546094265,91.46168126119626,91.63820404679184,10449700
92.58702087402344,92.77090040789336,92.06480367121982,92.09422507002597,5586900
92.14571380615234,93.35196313464277,91.74853332800673,93.08717614921237,5096800
91.71176147460938,92.92536195344525,91.70440472174832,91.96919170916371,6708500
92.57231903076172,92.64586972680523,91.5793706052784,91.84415760028173,5050400
90.53492736816406,91.86621904990795,90.24807573548934,91.82944089738731,5786800
90.38782501220703,90.72616268784861,89.96122313839706,90.4172464115965,3837500
91.29987335205078,91.87358226933952,90.74823469476279,91.03508634762785,4079800
90.31427001953125,91.55729742965264,89.74791792847563,91.18953837213108,3727800
90.48344421386719,90.58642192190501,89.99800513211534,90.17452792442889,4057700
90.60113525390625,91.54995443831767,90.09362588254325,91.41020417975483,5318600
91.89564514160156,92.13836188133246,90.79971898998285,91.10864089687776,5506300
91.88829040527344,92.2634062644488,91.28516569618688,92.0868778533318,4362700
91.12337493896484,92.19723113914546,90.8659446189832,92.10161576645517,3595400
91.79267883300781,91.81474348241522,90.87328103064019,91.21161874852442,3715400
92.98420715332031,93.14602205109071,92.08687407409053,92.12365222778685,5551400
93.17544555664062,93.66088464935989,92.84446461213014,93.2416395009193,5483100
92.33695220947266,92.88859083980613,92.02803592325992,92.88859083980613,4143400
92.30017852783203,93.09453954077068,92.03539152351914,92.77826648626132,3970000
92.66793060302734,92.86652364697663,91.75588966377798,92.18984268086436,3248300
88.08566284179688,89.73322206920821,87.52666742816211,89.42430576623583,42693700
88.36516571044922,89.0124197766892,87.76939769934698,88.27690149668776,13369100
89.12274932861328,89.23307819377655,88.30632358258794,88.57846736844945,11942900
88.46076202392578,90.1303913025846,88.29895275086749,89.88031222320735,11898100
88.15921020507812,88.8653069901085,87.60021481259467,88.6446492897297,9546500
89.65967559814453,89.74058305438952,88.59317077107828,88.83589313981325,7946200
89.7479248046875,89.93916110048686,89.255128976626,89.5346294731539,9079200
86.9970932006836,89.31397669034719,86.85734294473187,89.2551338866245,22115000
86.71760559082031,87.30601684283995,86.34984645397337,86.8279344541862,10636400
86.12918853759766,87.1589152408136,85.06268928771344,87.08536453591798,11626700
86.58521270751953,86.87206438742399,85.83498092041624,86.06299540278171,9404000
88.30632781982422,89.67439234575109,88.0047682262379,89.07126754701899,21431500
86.65139770507812,88.36515646494793,86.614625161861,88.1150829694606,10097000
85.599609375,87.14420214341729,85.52605867449412,86.26157690267044,9495600
86.25422668457031,87.19569480167969,86.13654667715613,86.56314862859581,7364900
87.08537292480469,88.14451552275824,86.40134064142069,86.42340529385895,11035000
86.98973846435547,86.98973846435547,85.6878736682668,86.27629049602002,9165200
86.42337036132812,87.14418051512912,86.34981967907676,87.06327308118541,6229000
89.137451171875,89.96858470576198,88.15921063316836,89.08596512307773,16496300
89.7258529663086,89.9317971399448,88.13713676143077,89.12272833856346,8787900
88.58580780029297,89.92445060911163,88.26953477126426,89.66702037886922,7701200
89.46842193603516,89.91708842947494,88.63728849668425,88.7549684755962,6858500
89.83616638183594,90.09359655468393,88.90206100848552,89.14477767913826,6945000
89.72479248046875,90.28185864487537,89.52424548789112,89.86591205538144,8543300
89.51679992675781,89.9550281757336,89.04143734036413,89.17513342196042,6870900
89.75450134277344,90.02932270177173,89.5316782680024,89.65794524371636,4569700
90.12586975097656,90.57152718930924,89.79906147410759,89.89561756346914,4859400
89.55394744873047,90.20014617515382,89.38311134860608,89.79905789669479,5763300
87.54850769042969,88.29126246815424,86.7983237782325,88.24669332808769,11000200
88.17240905761719,88.33581599700405,87.18454395442832,87.86788257975235,4890800
87.87531280517578,88.62549669061785,87.77132759334448,88.29868278670862,8145100
86.73147583007812,87.16970411045277,86.02586103412183,86.93202280022616,7451300
85.69904327392578,86.70919021389402,85.30538415273227,86.560641526686,5807900
84.5626449584961,85.56536294876082,84.46608886070342,84.83746631389556,6899800
86.1521224975586,86.23382597399926,85.02313776265812,85.19396818302016,6100800
87.12511444091797,87.4073591410879,86.37493072893781,86.60518283521412,5235600
87.38509368896484,87.66733844171289,86.36008855159328,87.5485006335759,5105700
89.63563537597656,89.99216011721406,87.72675606723368,87.80103040218401,7370100
90.22985076904297,90.70521336226405,89.52423034674014,89.6802081663812,5343100
90.83148193359375,91.18057758383053,90.4006828049284,90.76463105725709,5708800
89.99959564208984,91.73021564546617,89.98474303981723,91.63365956377105,5625100
89.2717056274414,89.56137956038395,88.80376645363444,89.41282519299695,4000100
89.80648040771484,90.5343768963365,89.47223736693344,90.05158517083163,3993300
89.73221588134766,89.9921846246234,89.4054075852134,89.87334112292362,3366800
90.16300201416016,90.49723939742672,89.41281810196699,89.66535767311198,4219100
91.30683898925781,92.00503024732272,90.51209165653731,90.57893686204453,4884300
91.27714538574219,91.71537370511336,90.77950098360417,90.99490057559747,3847100
92.30955505371094,92.6215106739195,91.80448162094856,92.33183678847315,7771700
92.79235076904297,93.73564680435118,92.27242471285247,92.69579469197016,14287900
92.77749633789062,93.12658630200926,92.41354243896551,92.5026750468843,5542600
91.8342056274414,92.92605612114129,91.72279127092251,92.72550914605337,4713300
92.0495834350586,92.75519808151171,92.0124434360797,92.52494595479362,5054800
91.44056701660156,92.25016723338814,91.27716001257505,92.0421967434529,3551700
92.42840576171875,92.45811663264985,91.44796968806949,91.66336925224302,7048300
92.72552490234375,93.46827984965546,92.36900570102563,93.11176064833734,5526900
91.30683898925781,92.63637063311154,90.9057507559079,92.51010368930754,5747700
91.61878967285156,91.63364794000866,90.86118238412733,91.30683406377503,2725800
91.75991821289062,91.90846688925076,91.09143783573252,91.46281519340161,3458900
91.80448150634766,92.16842972946999,91.67078543117249,91.84905064258521,3505200
91.61878967285156,92.20556655664896,91.41081926680054,92.0273070181436,3955600
93.17115783691406,93.30485391884821,92.1832926574434,92.1832926574434,4743500
93.16373443603516,93.34942313532831,92.5472465943572,93.34942313532831,3548000
93.572265625,93.77280695639914,92.94091942098628,93.12660814763261,3974400
93.3791275024414,93.88420095600618,93.04488446693543,93.63166139583929,3739200
92.66609191894531,93.42369933370152,92.29471451299689,93.21572889305352,4697600
92.20555877685547,93.05229859677344,92.14613704677784,92.59179435559199,3874200
92.6066665649414,92.88148787467004,91.62623047811749,92.19072569985529,5770700
92.8740463256836,93.1488675986769,92.54723245150437,92.60665418622214,4880900
93.0746078491211,93.4014217944122,92.45069649913236,93.11917699324155,3275800
93.45341491699219,93.7505179900812,92.68094919366867,93.02261574435161,4295300
93.98819732666016,94.28530039346327,93.33457511310905,93.4905529481575,4796900
93.31228637695312,94.32986252453834,93.08946333010653,94.32986252453834,4586800
91.89363098144531,93.0300449956673,91.58167530435884,93.02261586046912,6971700
92.2724380493164,92.57696459287972,91.64109188970279,91.71537190855368,4377500
92.35413360595703,92.65866580882506,91.64108964327222,92.17587403197825,3871700
91.44056701660156,92.61412125754566,90.97263341424727,91.88621887600148,7199500
89.68020629882812,91.91589966733083,89.36082153189916,90.61607886395444,7928400
89.67278289794922,91.01716717364364,87.51879300311728,90.45267198049198,9026200
88.19468688964844,89.53907667990607,87.23653269662897,88.52892988727012,8620300
88.67007446289062,88.78148882689831,87.38511170940907,88.1798591947347,6788000
88.46208953857422,88.9820212633237,86.86516569367848,87.31082307682632,6853700
91.52967834472656,91.60395269287176,88.69977864620735,88.75177125658595,8868100
90.92803955078125,92.01988999298864,90.53438042084673,91.44054216653637,5051700
90.2818374633789,91.46281473479604,89.8064749012875,91.36625866232298,3936500
90.9057846069336,91.13603684511263,89.35342936656225,89.88078474009002,5806400
87.45195007324219,89.56880015638924,87.40738659783999,89.14543013975982,7175600
86.86516571044922,87.52621698433873,85.75846272009483,87.08056526787385,6272600
86.90267944335938,87.53301013189254,86.56500617362465,87.3454125987016,6239100
88.02828216552734,88.41098281242398,87.76564671178396,87.89321168574168,6443700
87.14281463623047,87.9382321665412,86.79013604003413,87.89320486009372,5150900
88.45600891113281,88.71114459709098,88.04329766991128,88.38847653030565,4578400
88.34344482421875,89.10133483902584,88.1333307495452,89.04130797128512,4362100
86.42993927001953,88.59106088011865,85.8071140602436,87.40544877268115,7653400
86.85016632080078,87.2103561614235,86.43745511646713,86.9852367954064,3966400
86.91768646240234,87.81815229037741,86.32487759772695,87.24785421264808,4237100
87.66807556152344,87.94571623072325,86.95520154123125,87.35291309782646,4153500
88.18585205078125,88.4259766810582,87.48048916966805,87.93822764066827,4467300
88.33592987060547,89.2814230679271,87.96824029804472,88.5310329137086,4881100
87.24784851074219,87.29287580671375,85.95718243499935,86.87265348610234,5672500
87.98326110839844,88.9512652651653,87.92322851146167,88.15585339333572,4595600
88.27588653564453,89.34894455452057,87.9907403727695,88.55353291990681,5394300
88.74117279052734,88.87624329530841,88.08833106324805,88.17087446756007,4578200
89.5890884399414,89.76918049080467,88.98127419013848,89.10133364903963,5048000
91.43505096435547,92.51561475809848,89.9792977700331,90.21942242141786,8728800
91.00732421875,92.28299101729515,90.32447210116577,91.70518734662394,5509500
91.11238861083984,91.68268684033701,89.71666219853213,90.07685206058919,5818300
91.17240905761719,91.78772879098044,90.97730600312947,91.735201706121,4885400
93.13843536376953,94.00137952930524,92.27548547321084,93.69372251877182,10683900
92.9658432006836,93.51363057618609,91.96782284156183,93.13843546899952,7246500
93.1834487915039,93.2059595799364,92.31299347196385,92.71070505935387,4801500
92.79325866699219,93.77626803710241,92.61316088962575,93.62618655596371,4034500
93.28851318359375,93.66370829867014,92.80075838898982,93.04838853894579,10420700
93.72373962402344,93.79877750101964,92.71071397201703,92.71071397201703,4705500
92.853271484375,93.5886563181224,92.4630711425036,93.55113452225955,6232100
92.68069458007812,93.16094384683807,92.23046160811853,92.65818379023356,3762500
90.16688537597656,92.67318579022772,90.08434199945714,92.493093752832,7834400
88.99628448486328,90.2344295699125,88.88372479985456,89.67914237556575,6850700
88.99628448486328,89.61160427455115,88.8537142272074,88.95126290086915,6108300
87.05278015136719,89.64162439175894,86.95522574852534,89.49904840300464,7116600
84.26132202148438,86.37742230155138,83.75856192702346,86.33990049896994,9702400
84.90665435791016,84.93667065364926,82.85808654264521,84.08872604283307,5315300
85.43193054199219,85.54449022676893,84.45642663231499,85.2443329757054,4757300
84.98920440673828,86.10728431686574,84.9666936144239,85.51447531081871,4694000
83.82608032226562,84.60648674062305,83.75104245463982,84.12623751779114,5323900
84.8991470336914,85.92718367189268,84.26882201174463,84.48643013240037,4601700
85.98721313476562,86.13729461477952,85.01921478253563,85.19180132827276,3555500
87.15782928466797,87.81817064822181,86.56502029606953,86.81265045428596,5134200
87.18032836914062,87.33790961456545,86.63254103740647,86.73009542149508,2571300
87.27787780761719,88.260892811697,86.89518294746331,86.93269902050565,3742700
86.3774185180664,87.54052564686548,86.35490772751287,87.21785762387769,3608900
86.5574951171875,87.09027139027292,86.23482715179527,86.75259814219774,3722400
86.09976196289062,86.73009264946607,86.09976196289062,86.39991916006835,5679900
87.50299072265625,87.60804487949927,86.70757904226704,86.70757904226704,3926300
88.39596557617188,88.96625799148558,87.41295054644272,87.51800471373853,4095000
88.53105163574219,88.56106221023755,87.6305798252399,88.0958238802506,4148500
88.23090362548828,89.1538806012175,88.02829501372622,88.89875061606449,3873900
89.04878997802734,89.18386042227526,88.31341090102802,88.37343775678775,3369100
88.90625,89.67915113417695,88.27591913740322,89.35648305898401,5076300
88.6435775756836,89.34894607880287,88.31340983541193,88.5235181405908,4548400
87.31539916992188,88.6811090273398,86.68506846071683,88.6811090273398,4690900
87.15031433105469,87.31540108530176,86.53499461751188,86.94020599838485,7177700
87.20285034179688,87.51051309257724,85.55949386085155,86.66256844532043,7684700
91.22494506835938,91.4500644397968,87.81066704335791,87.96825403837816,10348800
91.5025863647461,91.88528125955492,90.58710936927756,90.96980998910949,6971200
89.97178649902344,91.65265895100453,89.89674862371608,91.50258320038981,6104700
91.46504974365234,91.54759311347775,90.28693750389783,90.89475165895563,5440700
90.74468231201172,90.94728513627815,90.16688440760382,90.77469860542574,4249800
90.65464782714844,91.08987556322931,90.05433903861046,90.19690929868811,3870800
90.7671890258789,91.58511724087862,90.407004971126,91.01481914166048,4503600
91.75772857666016,91.85528298351193,90.32448602430564,90.39201840595021,5076400
91.51759338378906,92.25297834121659,91.09737667955802,91.43504999902608,4882800
91.4190902709961,91.98742845111988,91.01746554873822,91.85860651783621,5589600
89.83531188964844,90.93409657738484,89.52461761792064,90.79769520126139,4885300
88.24396514892578,90.02476259102933,87.96358870339544,89.79742502522713,8723000
88.91838836669922,89.4791527939042,87.99389657070081,88.21365466545399,5903100
90.00204467773438,90.13844609194948,88.81232347986106,89.1230178383538,5810900
89.89593505859375,90.70676389873235,89.87320245825703,90.22178248676727,4786800
89.70648956298828,90.3430312834854,89.40338051473057,89.74438108473775,7390000
89.2593994140625,89.84289068986476,88.8123037407247,89.67617724493998,10053100
89.4715576171875,89.88076167538871,89.13055712606973,89.41093350898736,4106100
88.7592544555664,89.28212736351358,88.56980842009966,88.87292323313329,3271000
88.50918579101562,89.47156906069173,88.4485616750616,89.40337126631889,5195200
87.81962585449219,88.43342931392262,87.67564498121912,88.05453714757087,6135800
88.61527252197266,88.8880752543855,88.2288010208155,88.38793498448403,5706700
88.15302276611328,89.22149530471562,88.04693345820762,89.13056491590143,5517500
89.42609405517578,90.39605667830813,88.64557743754375,88.72892836104529,6735300
88.88807678222656,89.33516662382284,88.23638199708695,88.29700033088326,4736100
89.33516693115234,89.48672143831529,88.69863106334739,89.44125624245318,4886800
88.07725524902344,89.16088682647735,88.00147220805805,88.72894430613816,7039600
90.03231811523438,90.0929422247481,88.35003665554508,88.35003665554508,6462000
89.38822174072266,90.58552214019049,89.342756539696,90.21420950845891,4863400
90.44910430908203,90.53246101676362,89.8807662738531,90.07021228559607,5619300
89.87320709228516,90.85074942720959,89.66860789727063,90.62341184925144,6755500
89.83531188964844,90.66129382513795,89.8125735090994,89.93382174629097,7496700
89.51702880859375,89.97927754709968,89.31242965649398,89.85045564461339,6220300
90.69159698486328,90.88862246024838,89.48671731710209,90.47941837203328,12171100
91.18415832519531,91.23720297871846,90.28997289335268,90.41121533793401,5875000
91.19172668457031,91.525153505231,91.00228067854643,91.25993025308422,1640100
91.38875579833984,92.01013849164961,91.19173032540742,91.44180045088702,3648600
91.16143798828125,91.91164269798294,91.11596700669352,91.60852787361391,4138300
90.82042694091797,91.94952367726731,90.79011488190692,91.26752258453821,4580200
91.32057189941406,91.41150229965015,90.36576222689429,90.55520826929869,4215700
92.01773071289062,92.16928523220628,91.51759039256721,91.54790245271721,5205000
91.69945526123047,92.99526537423928,91.4948503172937,92.28294647249975,6360900
91.38875579833984,92.19958450523714,91.18415664749605,91.87373713060924,9953000
90.22176361083984,90.72948329835252,89.24422153083772,90.19145155625452,7856900
89.19117736816406,90.24449669967,89.15329163580027,89.83529841411466,7295900
89.0472183227539,89.35790682222562,88.03936400170396,89.10783666170627,7345300
88.23639678955078,89.18362706844432,88.206084726854,89.05479935662434,6393800
88.40310668945312,88.59255273761522,87.96359047017273,88.25912584279085,6846700
88.13029479980469,88.56980519217966,87.68319916605175,88.28184931008103,7189100
88.00147247314453,88.21365689447876,87.63773931372596,88.13030017431318,5808800
88.577392578125,88.87292794661246,88.2439656879609,88.32732241050192,7022000
87.5846939086914,88.88050411828632,87.53922292807515,88.66832548019138,7885900
85.8645248413086,87.25885075924327,85.75843551707204,87.22095923711541,8470300
85.55381774902344,86.03121960440738,85.22039092730132,85.70537224175168,5589900
85.70539093017578,86.00092630244191,84.76574015121253,85.17494430852747,8007800
84.7581558227539,85.61445561036682,84.37168428835723,85.47047477214498,6920000
83.65180206298828,83.98522897973123,83.34111352992458,83.54571273155824,7609800
84.2049560546875,84.58384803620915,83.93972704247608,84.09886676237606,5771900
83.63664245605469,84.750580349952,83.49266161105861,84.45504498075391,4772800
84.4171371459961,84.5535384946515,82.6439196134757,83.21225760263444,8382700
81.18898010253906,83.35624287993197,80.62822154196631,83.21226206489888,13699600
80.53729248046875,81.27234397572147,79.87044455993285,81.04500643524382,8785500
80.96923065185547,82.09832735213803,80.7797846251635,81.59819284801691,9909000
83.56842041015625,83.84880257756234,81.92403048198248,82.04527291827077,6914100
82.96977996826172,83.86396544267129,82.68182408991875,83.83365338472456,6274000
82.55301666259766,82.9319087812526,82.19685714603243,82.54543720142279,4830100
83.1971206665039,83.20470012663642,82.08317706582169,82.24989050013251,6011800
84.2731704711914,84.39441870429961,83.4017175853865,83.94732307150554,6072700
84.90213775634766,85.32649503476996,84.5762903371493,85.25829723563822,5725700
84.61419677734375,85.12191086518446,84.28834930068987,84.3944386390018,5991900
84.391845703125,85.0741557496161,84.0085251894106,84.97448867268596,5148700
84.51451110839844,84.53750940498092,83.43355022597048,83.56387780594278,4975800
84.89784240722656,85.17383369920519,84.24619857578014,84.72918041223873,5887500
84.18486785888672,85.15083740354386,84.10053685940827,84.92851075482866,4466600
83.57154083251953,83.70953645272937,82.52890855738015,83.55620473638126,6443900
80.27497863769531,81.99992089262842,80.05265204517869,81.04161963988781,9539800
77.20841979980469,80.43597793331354,76.66410535367444,80.34398475025365,12871900
75.16149139404297,77.89839978687806,75.13082504928485,77.32341898292945,11990400
72.16390991210938,75.28413831845774,72.12558137433487,73.55919619543701,15783700
71.55828857421875,71.63495737532571,69.08204071228363,69.48069157260154,20835100
74.04985809326172,74.11885883099838,70.69197231459496,72.07959077866606,15050800
72.3632583618164,75.49882373631908,71.58128695501826,74.20319830893939,16525500
75.53713989257812,75.91279236026496,73.34454607472071,73.88119830613736,14753000
74.50983428955078,74.66316013683559,72.78489218706899,73.37520313302227,12814400
73.07624053955078,73.64355340216835,71.61962105806562,72.00294166640339,16861900
61.844932556152344,67.47208094616421,61.33128445262332,63.04089658030331,30595500
65.14915466308594,66.16112054772029,62.128587255598674,66.11511811045965,22642900
63.654212951660156,65.04183154410364,62.672913227788015,63.040903548743934,18412800
58.46405029296875,59.89766536661579,55.857469455873314,59.207693075067304,25768200
63.95319747924805,64.01453016939963,56.815770897312284,61.3159561418097,23497500
53.434879302978516,60.17365489206582,53.42721710369796,55.635141240962646,17535300
54.193851470947266,55.949459975661775,50.20731495947556,53.97152489010502,22684200
42.203590393066406,50.774640729253676,41.83560302975753,50.759304632382594,24947300
43.997535705566406,44.8408427362896,39.55868268717579,42.36458921586496,29871000
45.53080368041992,46.49677287542245,43.20788263327602,45.6381329410862,26960400
41.56727981567383,45.5384807983898,40.60897847668838,44.66450752065205,23764000
51.01995849609375,51.86326238673035,46.243782716596456,47.13308611789627,29198800
53.105228424072266,56.07213169848721,51.08896436075614,52.353923393212476,22560100
58.5560417175293,59.10802421336891,52.04726079360256,53.89486854500976,24129100
52.72956466674805,56.37877729993835,52.51490613226739,55.2901485327828,20411500
55.159820556640625,55.91113135033321,51.380279990804326,52.139258832628336,18486800
55.550811767578125,57.528747151069425,54.28585282004265,56.1717891686016,18514200
52.56092071533203,55.420495069081916,51.83261388840003,53.289233391272425,14362000
58.356719970703125,60.334649473064836,53.34288670395763,55.00649641116782,23220600
57.58240509033203,60.556970018839,55.98779043115019,59.79799707825985,14905400
61.63028335571289,62.059600540396,57.88907654159794,59.03137025027717,17334900
62.03658676147461,65.69346751526942,61.98292212677982,64.5971706787846,16394800
65.91577911376953,66.16110393787942,62.4965559697931,63.086872666217154,12284800
64.63549041748047,68.92868400451695,62.49656167044781,68.0317097338863,17023800
65.09549713134766,66.9737654441222,63.93786745889503,66.83576981529336,13854700
64.86549377441406,66.75909793052503,64.65083523589252,65.51713743749917,14797600
63.2402229309082,63.92253304446513,60.80997203884555,61.68394242809842,13982300
61.3236083984375,63.01022201009845,60.418971836902955,62.33557422583154,12291900
66.82811737060547,67.08111039069819,62.34326716000052,62.350935210339024,16130100
64.06819152832031,66.69777053151145,62.933560214680966,63.37055122286514,15749000
62.58858108520508,64.23686067660411,60.756309261210326,61.54594868548326,19620600
64.73517608642578,65.35615350316054,63.60821273827204,65.1261588345142,10320700
66.54444885253906,68.06239493303521,65.46348210972477,66.16112830810971,14226500
66.70542907714844,68.07004899916494,65.75479011095207,67.83239218211891,9175500
68.7753677368164,69.47301389824919,65.83146891905164,66.50611093587098,12037100
68.92870330810547,69.7336729443535,68.10072952595834,68.65271204738976,10645200
72.53958892822266,72.93823975930663,70.75331361517509,70.89897730778648,12342800
70.531005859375,73.39824293810956,69.44237652052519,71.84962994823961,12222000
68.56838989257812,70.56932386602803,66.7284498671174,70.15533692162377,13250100
70.10165405273438,70.2396496650038,67.22675033796025,68.04705596394888,11192400
71.21329498291016,73.06090293669828,71.05230104549004,72.44758768547216,13608700
69.0360336303711,71.65027674881526,68.82136920847175,71.18262520829757,11145900
71.0216293334961,72.11025826563689,70.46198461935647,71.28229034273119,9749600
73.19123077392578,73.26022566919276,72.11793200515788,72.8309085012887,8585900
71.58128356933594,72.524248872668,71.43561988467181,72.22525930341563,7101000
69.84099578857422,72.08725421230442,69.76433285633564,71.39727612414369,8749100
68.00105285644531,68.99768847400578,66.94309040548623,68.92102554550263,12215100
69.0360336303711,69.71067569503242,65.94646507365353,66.92010254942281,10678200
68.3537368774414,70.57699183038753,68.1007438603654,69.49603070589416,10113000
71.99427032470703,72.65548067482706,71.14636067923847,71.87758474883293,12304300
69.71501922607422,72.05648115960945,69.64500552246554,71.9786927716126,7749300
72.34432983398438,72.709941912833,70.15066329576827,70.78853779454386,9160000
71.5975570678711,72.63216029529508,71.00635437578936,72.16541789188118,8830900
70.22844696044922,71.25526939962974,69.59835312625613,71.13858381758928,8563100
72.57769775390625,73.38670435538693,71.58976652970568,71.94759797051935,9430000
73.04441833496094,73.65895674200108,71.6519841116483,73.65117612207362,7822600
70.68742370605469,73.04444803825702,70.6251905910762,72.8188574476174,9633300
71.33306121826172,71.48086335823454,69.4349990035409,70.15844252491364,17010000
72.18097686767578,73.00554480066138,70.09621516787408,70.74187032873593,7344000
73.6589584350586,74.07124227757954,72.56990308027027,72.95107037724021,7880300
75.59590911865234,76.02375415451462,74.48351796028396,74.65465597462888,8440200
74.89581298828125,75.37032994107386,74.02457341715342,75.28476092107032,6371700
78.41968536376953,79.38428057236234,77.05059282522626,77.07392875311764,12760100
80.30998992919922,80.58225237121313,78.46638001122213,79.83547284388523,11090700
78.97977447509766,80.06882998684908,77.65735374039062,78.33411941532448,10745400
75.90709686279297,78.95644790940676,75.8915356184922,78.56749989014861,10486300
69.52056884765625,73.27002739450099,69.32609484432432,71.79980440410158,14944800
71.86978149414062,72.84993171398335,70.01839190988039,72.82659579313261,9532400
70.96745300292969,71.62866340022346,68.61820381529135,69.30275014244985,12289500
73.14556121826172,74.35130241344088,71.16970463128862,73.89234067922487,8726700
71.20860290527344,73.12222641632407,71.17748635206014,72.9899855163243,6019900
71.5197525024414,72.52323894747643,70.08842092914053,70.78852844135972,7064100
70.5007095336914,73.44116128179729,70.4384823666768,73.44116128179729,14838800
71.24749755859375,71.32529191279143,69.69170543265567,70.2595721699685,5939200
71.13079833984375,72.41432174294087,70.92854375731584,71.95536604071813,6317700
68.17479705810547,70.11175621168637,67.56803919805903,70.0028512591075,8974500
69.39608764648438,69.62945877402227,67.80140472455645,67.91808435345109,7398000
67.25688171386719,69.10049721324596,67.03907180201652,69.06160004261191,13766000
68.19813537597656,68.89824290628808,67.36578696073815,67.60693873693573,7022200
69.41165924072266,70.00285589822248,67.17909569515365,67.36578906410753,8263600
68.15925598144531,70.60962386092868,68.10480349378737,69.45056037513763,6379400
68.69599914550781,70.29068844213478,68.57931948443223,69.52057300465623,5832800
68.89825439453125,70.20512002406399,68.31483234446978,69.62169797400252,6747500
67.14021301269531,68.51709248492253,67.01575271815797,68.31483782956329,5898000
67.17131805419922,68.29927080909904,66.81348660829579,67.20243460621805,6736400
64.36312866210938,67.14799842778358,64.32423741379942,66.87573595010636,8833600
66.30009460449219,66.44789084425045,64.17643540343275,64.17643540343275,6218100
66.43230438232422,67.62248404034253,65.97334276123351,66.93015723358843,7074000
68.72711181640625,68.92158582037733,66.15227790298928,66.42454032157367,7440500
69.14718627929688,70.1584536187139,68.61821667535013,70.15067299567568,5935200
68.73489379882812,69.60613949041873,67.94921714546855,68.79712690570082,4795700
67.82475280761719,69.31831167392536,67.60694288147333,68.77378685856573,5964000
66.33118438720703,68.0581143286574,65.96557827962862,67.54470609288502,14974800
71.0919189453125,71.35640668625518,67.17910279583239,67.26467183541304,15115000
70.81964111328125,70.98299853471043,69.1549444169558,69.97173152410173,10317500
70.79631042480469,71.08412812129104,70.02618917910478,70.39958183776609,6586300
70.11177062988281,72.14207984671665,69.99509096732135,71.16193507194419,6620500
70.81964111328125,70.85853234607417,69.07715601649541,69.82393534368934,7599700
69.31829833984375,70.92076186097364,69.05381066977785,70.37623715035889,6787300
70.06510162353516,70.07288224631537,68.90603809408495,69.60614577239846,6386900
67.10908508300781,68.84379576852025,66.66568460189372,68.78934328609836,10112800
65.29658508300781,65.421045343423,63.40629776988313,64.75983500185055,19119800
65.9733657836914,66.23007291888992,65.18769500244925,65.32771653665968,11220100
67.28022003173828,67.45913871418414,65.56107066943328,65.71665342261994,9077900
67.83253479003906,68.7893495655096,67.2180021186984,68.5637589934901,7324200
68.04257202148438,68.37706757797075,66.97685224038214,67.23355937475276,7035600
67.52137756347656,67.76252343285037,66.69680373858024,67.58360473517337,7185000
69.80061340332031,69.82394933464691,68.14369106062331,68.40817879703475,8150200
69.71501922607422,72.3520853428205,69.36496257777802,71.52751181240784,9074300
70.57073211669922,71.30195631851707,69.58280078851432,70.632965226402,9057400
69.87060546875,71.00633270502834,69.82393361660309,69.90950263545534,7314600
70.28290557861328,70.46959896525694,69.11606152605786,69.23274711828856,6343000
70.60961151123047,71.23971125521126,69.79282433921833,70.28289664242561,10473800
69.14974975585938,70.52280633690842,68.9051274316147,70.20716093826145,7981500
68.17127227783203,69.36283110983047,68.02133931964161,68.88936589817897,9120300
66.92448425292969,68.56583614298619,66.86135996518718,67.405842317037,7872300
67.13752746582031,67.14541423665675,65.89862413525977,66.81398924845385,9003600
68.8104476928711,68.92092270451766,66.98760398026613,67.54787183088418,8738700
67.9660873413086,69.4732913336551,67.6741203001785,69.44961898117812,6835800
66.90080261230469,67.73725800812998,66.80611318360701,67.63467578689527,7486500
67.00338745117188,67.57154205581404,66.26162152171524,67.20066511152213,7438200
67.5715560913086,67.6504719881897,66.537822862893,67.11387639976161,7307900
66.23005676269531,67.78460569865786,66.18271205047276,67.72936819425273,9437500
65.55931854248047,65.99332581615559,65.06217494732729,65.70135870960468,8990600
65.6461181640625,66.2537307272701,65.2594496034029,65.54352992450781,10821900
64.92802429199219,66.67195813218113,64.47823145556731,65.53564287304474,16179900
64.65182495117188,66.0012032138863,63.839042081270975,65.07005256225212,10516600
62.316062927246094,63.58653143169978,61.58218985337183,63.52340114094082,14942500
63.15251541137695,63.973191093589726,62.87632792708314,63.10517070562248,9269800
61.66899490356445,63.83115627269285,61.59008504725567,63.62598582994112,11845900
61.305999755859375,62.09511029555972,60.81674905388833,61.74000694043318,13732400
60.990360260009766,61.53484851182966,60.698387164603865,61.140293203655524,8182800
60.24858856201172,61.92939786632551,59.94083593285707,61.203411593547386,11732000
61.99253463745117,62.71852105665517,59.94084802246552,60.24860071369152,13019000
62.174015045166016,62.221359747124836,60.26436914064835,61.17973416098474,10515100
61.71635818481445,62.458124302287096,61.156090209860544,61.45595016224156,14517800
60.209144592285156,60.48533211381306,58.930783180652035,60.161793859711494,16199100
59.601539611816406,61.17976126083233,59.459499422587456,60.09079049036895,9155000
56.77650833129883,59.90139177422123,56.697598471119996,59.648870588950686,16649200
56.65815353393555,57.62875637258385,55.63230716387365,56.22414021880848,15203500
56.681819915771484,57.19474304671474,55.84535852577108,56.03474941809374,11070500
58.338958740234375,58.99392211608098,57.72345331057123,58.110115897332406,12863800
56.737064361572266,58.50467076309275,56.11366614406537,58.39419573927505,10553000
56.81596374511719,57.51827170422055,56.50821108979937,57.013241397009956,10466500
55.56916427612305,56.72126497305019,55.26141163888258,56.42929791847815,14930700
56.17678451538086,56.55555422502455,54.30659026015266,54.38550011462543,9854800
57.368324279785156,57.39200264920113,55.79799625286534,56.43717375709994,12049800
57.05270004272461,58.64670084078372,57.013242103682515,58.26792509546282,15294500
58.22058868408203,58.331063704624206,56.46876190057462,56.95011992740997,15410300
59.35689926147461,59.61730719984385,58.38629059138743,58.701936029977176,11590900
58.39418029785156,60.04341844618446,58.37840073595194,59.86192639237836,12260900
58.796630859375,59.14383541983916,57.76289190817773,58.10220969757483,9056900
57.920719146728516,58.978124459141796,57.4314684081939,58.978124459141796,10440300
57.565616607666016,58.73350295978944,57.534057481240886,57.82602455394461,7057500
58.00753402709961,58.17324656531491,56.33461703776257,56.67393490756649,10052100
57.518280029296875,58.41786577049718,57.029029214432654,58.0154176166643,9305600
56.24781036376953,57.87337649746682,56.17679328978249,57.69188440587532,8357100
56.563446044921875,57.0448039755035,56.05841576044867,56.74494412548375,7753200
55.92427062988281,56.48453843584014,55.81379562704255,56.129435052051214,9800600
57.920719146728516,57.991736210799814,55.6875347075776,55.932157066626864,9810100
57.265750885009766,58.67825945526733,56.68181077890159,58.338941686764834,8727200
55.97951126098633,56.729163967947414,55.42713019546659,56.60290939497257,9710900
54.85108184814453,55.71120954928661,54.83529626402217,55.569169394367066,14251700
52.77573013305664,53.72266674114018,52.34172278890147,53.41491399913344,15961900
54.290802001953125,54.55909666827637,51.41844041205659,52.18387250032672,12292200
54.84318923950195,55.324547209426015,53.72265358052046,55.15883469820507,17191600
56.93431854248047,57.66819148079898,54.76426486707392,55.79010481045979,11475500
56.61080551147461,57.841822418692786,56.066323168710994,57.731347391440025,8608000
56.63446044921875,58.07064138213329,55.150934810742555,55.85324270527334,10925700
56.92642593383789,57.581389035587854,56.62656613781932,56.73704111637536,10627700
56.14521408081055,57.8181245116202,55.89269895802218,57.210512066935365,8366900
62.65538787841797,66.49835295611929,61.75580220377157,63.12885307237345,24015200
65.55142211914062,65.61455241668529,62.90000982662982,64.02843830838553,15039700
65.07006072998047,66.67195431859568,64.5492508535905,66.36420165972065,11640600
63.65757751464844,64.89648143853276,63.0578575403366,63.90220599775536,8920700
65.51985168457031,65.77236683394086,63.941630495895375,64.03632593457284,10890300
70.19929504394531,70.37290038073833,67.50053759135616,68.05291273529983,18980200
69.69483947753906,70.087191523731,67.92524469562595,69.18237791666937,14329000
67.4848403930664,70.38345585478804,67.4608197136388,69.95907422750501,10583700
68.64588165283203,68.83004424323308,66.5079498335352,66.90030790860645,8820200
68.69392395019531,69.11029659819577,67.96526417991635,68.6378736685602,8294600
72.88970947265625,73.33010893645168,69.47062984027123,70.02312376600565,13379300
76.56501770019531,76.72515961028007,74.46712446756011,74.779405468541,17257400
73.77851867675781,75.81235312679657,73.77851867675781,75.81235312679657,10556600
73.11389923095703,74.13882206818748,72.49734618666189,73.12991708661363,4627700
69.80691528320312,72.74556233954944,69.58271419353397,72.072959070542,14288400
70.02312469482422,71.8327578213925,69.71885258518051,71.48844717486433,9913600
71.96088409423828,73.11391955208376,69.74288086402599,69.87099930879975,10509600
71.90483093261719,72.95377469399472,71.32030124245338,72.52939305340757,8249800
74.69132232666016,74.82744355519574,72.80161854679683,73.04183751046601,10791100
72.67350006103516,73.97066524918807,71.96886108572097,73.52226307145831,9398400
73.29808044433594,74.03474309587145,72.21710714560098,72.3372105384425,7627300
72.41727447509766,74.48313187450263,71.56050247712521,73.82654030698191,11129400
74.74737548828125,75.71624809016595,72.68952079804204,73.30607997771008,11992100
74.02674102783203,74.69134170526104,72.88971733737847,74.09080024930019,9584500
71.61656951904297,75.02764045399094,71.45642147177709,74.78742754662716,12198400
71.56051635742188,72.44931812974642,71.08007834393166,71.60054878586399,11775300
71.01603698730469,71.54451033695554,70.34342732253874,71.42440081370903,9892900
70.79182434082031,71.70464679526867,70.10320303532094,71.69663786594245,11748900
69.81494140625,71.03203595381228,69.07026982699097,70.44751241306342,27427600
68.93415069580078,69.53469216659994,66.8843044303606,67.5408961940734,11430500
67.54891967773438,68.70196150498107,67.50087830460745,68.4137010481694,8585800
68.61384582519531,69.39054686745617,68.06134588605678,68.06134588605678,7223100
68.32559967041016,68.80603157789824,67.90922087063684,68.80603157789824,3335600
67.98129272460938,69.36653823523882,67.75709156282127,68.5498045588645,8051900
67.74907684326172,68.63787859369658,67.30067455800555,68.26954727237575,7670800
68.32559967041016,69.3265020231033,67.69302865042532,67.74907893781521,7901800
67.62095642089844,68.22149779624931,67.22860443286226,67.98128491152262,8350700
67.82914733886719,68.82204072466018,67.1725556646943,68.18146690857753,9234900
69.66281127929688,71.44041502731585,68.31759812747364,68.45371939599161,13414800
71.90483093261719,72.6895349939608,70.31939884143712,71.2642509523574,13916800
72.24112701416016,72.72155890720848,71.51246719096888,72.37724826386963,9286600
72.92974090576172,74.0107140827655,72.42528227654357,73.73046268265672,11152100
73.34610748291016,73.74646833828523,70.91992167678066,71.36032106130199,10635000
74.7393798828125,75.20380005513606,73.43420537337562,74.19489485060006,10923900
74.66730499267578,74.88349718243276,73.61836142970334,74.62726646059895,9723300
76.46092224121094,77.12552279502889,75.09969763782073,75.2198071284781,13950200
73.73846435546875,75.51606764998164,73.43419228422742,75.44400562351221,10244600
75.67622375488281,76.09259642891745,74.6993421204281,74.86749297584726,9574800
76.37284088134766,76.51697104555032,75.50806600515408,76.06856880537421,8735400
73.67440795898438,75.79632176157797,73.04183706030798,75.15574193508942,10393100
73.4502182006836,73.69043109096388,71.92884545948344,72.38525667094119,7810600
72.7856216430664,72.8897132904051,71.52848850941434,72.56142048939954,7689400
71.55249786376953,74.39506259119023,71.48042972777004,73.82654475848825,7827800
70.6236572265625,72.345210243048,69.4626131109679,70.08717511019933,10178500
71.28023529052734,72.18505462285421,70.66368233657973,70.99998394782388,8155500
68.22149658203125,69.93504078714594,67.99729545000093,69.52667705767188,14699800
69.19036865234375,69.90301051393806,67.71703747050444,68.85406087787715,8073600
69.71084594726562,70.7597957796902,69.28646432204289,70.47153540991188,9233100
71.23222351074219,71.5765341915335,69.57472932856629,69.70284777212753,9256500
71.26425170898438,71.78472218484346,70.42349123959482,71.67262160346132,7917600
71.47242736816406,72.44129998311793,70.9759776682692,72.016918419686,8017300
73.25003051757812,73.69843275578872,72.072968533253,72.2971696523583,9886600
72.83365631103516,73.08187812135981,71.9128249924767,72.94575687757033,7605500
74.08277893066406,74.13882921281964,72.54539452666327,73.16995655897469,8778800
73.68242645263672,74.01873429304989,72.12903012282582,73.9626840044849,8572400
74.10680389404297,74.25093406018753,73.14593408340508,73.29006424954964,7858300
75.62532043457031,76.21811265420487,75.20306215134724,75.56036191087364,14006000
77.89091491699219,78.54054972545048,76.49420441557055,77.48489471054994,14342300
77.14383697509766,77.77722748742244,76.57541118080017,77.75286726700632,9030600
77.79346466064453,78.26444333489208,76.8596170592534,77.2493929410704,8913900
79.89664459228516,80.91169496691565,78.32940656604065,78.75978693362384,13178700
80.90357971191406,81.3339663114873,78.60551017673285,81.17967665889734,14874000
83.89189147949219,84.48468369560665,81.04975008836796,81.47201456446015,16116000
83.1123275756836,85.23175335911554,82.49517518246125,85.18303292122667,13219200
81.20404052734375,82.06480137441307,79.26326445437036,81.44765512707643,14454100
82.86872863769531,84.28979939496335,82.34090111734896,83.20166199351644,10439900
83.18541717529297,83.89188832951912,82.59262498143667,82.73879249530697,10643500
84.11925506591797,85.87326515781557,83.96497161560599,83.97309375363591,14958200
84.85821533203125,87.35930106028665,83.74571783849123,84.87445341282788,22994200
88.51239013671875,88.6179531423264,86.19807658781545,86.85582722924701,23638200
89.12142944335938,89.67361713556153,87.74907925346514,89.2107543785227,18033600
88.91844177246094,89.884772026299,87.60293382823097,88.56926408206904,19010700
90.43694305419922,90.9566484230503,89.08083085558226,89.48685106220822,17389900
90.29076385498047,91.39513916980782,90.04714928436012,90.66430165332267,10989500
90.59122467041016,91.51695022698817,89.9091137109849,90.65618938903444,10930300
89.52743530273438,90.87542505748992,88.42306009497992,90.5668458052385,10488000
87.40802764892578,88.41495600432857,86.95328701010708,88.13074310506688,11698400
87.72471618652344,88.15509657177188,86.56349826246817,87.05884336124969,9168600
84.54963684082031,87.31869099553836,84.2166973496533,86.89643277262304,13246600
83.94873046875,85.17491315117852,83.42902513223254,84.403477284735,18491000
83.26663208007812,84.85823068732333,83.07986004255153,83.68889040633614,12508500
82.80376434326172,84.69582004815906,81.7643535752736,82.381499846656,14781700
85.02061462402344,85.88138153151407,83.56706797840968,83.6320264921608,11026800
85.32109069824219,85.47538036782623,82.884969323557,83.51835988971483,11138200
87.27810668945312,87.3268271319215,85.55657877617563,86.51478671543948,9820200
86.8233642578125,87.31870943268198,85.83267390807352,86.40110594573831,7542300
86.01943969726562,86.75027729529974,85.74334274006314,86.12500271877965,6284600
85.0937271118164,86.25494530701934,84.93943742999232,85.71087964373523,8954400
85.8732681274414,85.96259306273126,84.62272522875976,85.4753700854806,8515800
84.86634826660156,85.93824140144942,84.59025129492572,85.85703859638366,8692700
84.11115264892578,85.32921334349088,84.00558342368882,84.65521827227437,8125100
84.60649108886719,84.91506420991287,83.85129327056646,84.02182101077932,7699300
83.65638732910156,84.14361645578691,82.88495153747594,84.06240747108889,8283000
83.57518768310547,84.19234005684295,82.90931487301731,83.73759946323425,7163700
82.64947509765625,84.33852070190716,82.43022690454164,84.1842310355892,7845900
83.02301788330078,83.3153529550507,82.25158189669126,82.47083010281507,6829900
84.67144775390625,85.53221477014445,83.31534180527932,83.35594630245735,10194800
83.9812240600586,84.6714572216301,83.58332596380302,84.46033115975082,7860500
83.60768127441406,84.74453910658386,83.17730084114574,84.28979845186664,7459700
83.85130310058594,84.31416593410486,82.99865810418812,83.85941904484996,7068700
82.28404998779297,83.63203374450089,81.61817714994,83.50211051035642,9783800
83.42091369628906,83.63203974133465,81.31772582159151,81.4720154813666,8264400
81.9754638671875,83.53458591478196,81.91050535321014,83.53458591478196,9899400
82.46267700195312,82.96613791337587,81.78868221270228,82.09725522923152,6756000
82.43833923339844,83.37218693871952,82.22721318865753,82.23532913204068,5639700
83.39654541015625,83.7213628045901,82.4302215608206,82.67382996011361,6898900
85.4428939819336,85.96259935509295,83.9406204440393,84.0786658285461,8718400
86.80712127685547,87.41615158582024,85.87327356403414,86.41733915315227,9740300
83.69702911376953,85.58096316418741,83.61582628826622,85.24802972101027,13730000
85.69462585449219,85.84891551919502,83.81881443784961,84.43596690128413,7938100
86.16559600830078,86.49041336466053,85.1424235041491,86.0437887252439,8704300
88.47991180419922,88.9508966728592,86.74214602916153,86.96139418781308,12872400
88.52864074707031,88.61796568575707,87.22937735986734,88.4717981674857,9654900
89.34066772460938,89.86849513886058,87.4567345471805,87.77342975665611,10273000
88.97527313232422,91.84989710991834,88.9346686310922,90.4937910258968,13586500
86.64470672607422,88.98338700328169,86.24680867155686,88.56112253306301,12754800
87.18876647949219,89.44623745072306,86.6609390621368,86.88830934767435,11661900
86.62847900390625,87.5948091615277,85.62155053934721,86.13313381347652,9706300
88.89407348632812,89.17828641892777,87.53796735408316,87.53796735408316,9124100
89.9822006225586,90.03904320645866,88.48804916268422,88.58549005201178,12692900
87.27787017822266,89.64517122997448,87.10525506445856,89.54653760565907,12759900
84.82837677001953,85.72433868815848,83.81734436607938,85.3380068876627,14762700
85.12429809570312,85.54350990429133,83.817352118217,84.72152940890227,9706300
85.58460235595703,86.47233643065536,85.22292896957556,85.56815923591451,10352800
86.8011245727539,86.99839810278486,85.48595725386008,86.26683608567478,6785600
85.37910461425781,86.8175702840767,85.16538795880233,86.66139200456546,7884000
85.58460235595703,86.2339676309543,85.20649212074588,85.91338950225347,9232400
84.67219543457031,86.23395931369771,84.3105220830722,85.58459410133166,11703400
85.31333923339844,85.58459424748524,84.62287249492404,85.17360408233998,7278200
87.66421508789062,88.30535882702111,86.55454274930226,86.55454274930226,10260600
88.83964538574219,89.23419247584955,87.30253974119938,88.12452016200481,9141800
88.4368667602539,88.84785695344303,87.59022796567834,88.4122083520566,8809300
89.14376831054688,89.32460499471715,88.12451441120193,88.97115318598776,6699300
88.56839752197266,89.34927647655803,88.4204407833844,89.07802768182408,6748600
89.37393188476562,89.57942698530235,87.37651925670015,88.48619154535591,10559500
88.59305572509766,90.03152157474379,88.48620051961792,89.64518974315897,10146900
89.11089324951172,90.62333409174528,88.15739302802433,89.64517546301467,13526200
88.69990539550781,89.57120258738946,88.6588038682176,89.46434112491995,7731700
88.7492446899414,89.56300371245547,87.81218732553997,88.92185986009808,9051900
90.66443634033203,90.81239305618263,89.09445084040546,89.1108939595069,10540200
90.14659118652344,90.83705800058557,89.51366902224498,90.44250463951965,9283300
88.00942993164062,90.40139560018646,79.16492020181893,89.79312566663569,14337800
84.68862915039062,87.35184356157019,84.58999552814709,86.5134264164401,22284500
87.1710433959961,87.49161532189093,85.42844230119235,85.56817749530771,13591500
87.45870971679688,87.91901670191712,85.74076753953771,86.57919100096366,10230100
87.35184478759766,88.88072866595117,87.31897109386307,88.24780658656107,7792800
88.0669937133789,88.59306075226094,87.42584990169229,88.0669937133789,8724600
88.19850158691406,88.8232021909288,87.7710682565746,88.43687039008029,8102300
85.47772216796875,87.95188441059862,85.20647345880444,87.91078289070722,11348400
85.2886962890625,86.28329191648103,85.16539796292345,85.97093532076697,7225500
86.09423065185547,86.2093074132584,85.25581335146087,85.35444699197015,7927500
87.30254364013672,88.03410574562812,86.91621182171049,87.91080742275823,10873200
87.18745422363281,87.45870924033477,86.34081547866518,86.88331924085678,7107700
85.47772216796875,87.10524577901194,84.98453528532917,87.10524577901194,10162800
84.60645294189453,86.22575552695935,83.94065074505177,85.45309185175964,8245000
84.3351821899414,84.73795080327729,83.20085157084321,83.43100506417801,8695500
85.54352569580078,85.67504560952435,84.13793954175702,85.0421169993553,8567900
85.71611022949219,86.32437393492916,84.86124990960683,85.12428337178599,9898600
85.42842102050781,85.96270952097643,84.84481570409866,85.48595939617596,6738000
83.81733703613281,86.57096994595501,83.61184194926231,85.88050946425209,9216600
83.26663208007812,84.04751109274767,82.89673707048684,83.06113694293204,9665700
81.06371307373047,83.58719276818115,80.82533799410452,83.53786967746377,12199100
78.87722778320312,79.69098651340792,77.69357416020566,78.76215104443526,17385500
79.34576416015625,80.58695627553801,78.12923672370776,78.81969722473866,12114600
82.05009460449219,82.5843831924954,80.30749365828262,80.53765346987582,11478100
81.22810363769531,81.71307533926677,80.46366160768928,81.70485377925021,7694300
81.260986328125,81.47470299722337,80.50476583280835,81.21166950879962,7570800
82.97891998291016,83.2337381747478,81.73773407755927,81.75417092644581,10227500
82.69947052001953,82.78988888974189,81.32676439236477,82.23916338049804,8332100
83.16798400878906,83.68582944602778,82.4282003332957,82.93783048112742,8546100
84.31053161621094,84.56534354018997,83.79268620809496,84.15435332927518,8681300
83.6858139038086,85.52705432557123,82.83095362324998,84.71328929805519,12295300
83.5378646850586,85.46952361637818,83.48032630867117,83.9077596228744,8911800
84.3351821899414,84.59000036145837,82.74875987235534,83.50498028508747,8437300
82.44464874267578,83.75981632168035,82.28024887579166,82.55972551388783,10389800
83.20906829833984,84.19544214712866,82.74875506718801,82.97069325945328,7986100
83.80089569091797,84.31874733436767,83.51320381745285,83.85843406561098,6475600
82.40353393554688,83.33236951678481,82.14050046211234,82.94604400206273,9243100
83.90777587890625,84.10504945456623,82.67480505640701,82.80631868310903,9762600
84.54066467285156,84.6393045572378,83.51318939420435,83.87486269907582,7079800
84.36807250976562,84.86948108372488,83.66116882422351,84.54890921135265,7377600
83.80912780761719,84.28587798439231,83.54609430857113,84.03106604597019,6572600
82.95426940917969,83.18442294260674,82.12407363091974,82.8802941753839,9476600
82.79810333251953,83.5789823443807,81.89391971304167,82.36244837440115,10937500
80.55713653564453,82.82306742114996,80.43218225250146,82.21493539064662,12893600
78.54948425292969,79.3992054266983,77.35820431484039,78.98267406870575,17423400
78.55777740478516,79.04094870823758,77.64973619310756,77.90798347217358,9707600
80.5821304321289,80.80705448829306,80.02397378208849,80.04896463768875,10277800
81.50682067871094,82.14828227423851,81.13194514785262,81.22358251864226,8924900
82.06498718261719,82.23992954178776,80.57380457167298,80.99033581420167,9342300
80.99036407470703,82.24829064569383,80.973699259964,81.73178943665759,8124800
82.17327880859375,82.85638975712061,81.68177501835119,81.75674758740024,10281200
81.96501922607422,82.73143520405307,81.61513449992246,82.54816043632714,8127200
80.6154556274414,81.9816839798098,80.50715979011427,81.7567535447486,15676900
79.732421875,80.86538753639451,79.53248862762547,80.69044515047139,10557300
81.39852905273438,81.96501175783467,80.4321799415409,80.50715250927264,12340100
81.21525573730469,81.99833646707533,81.12361836017145,81.14028316824769,9097000
80.8570556640625,81.62347810295363,80.59047588055009,80.82373239665303,9237800
80.29889678955078,82.03166837800951,80.26557352564626,81.22359670667238,10775900
79.97400665283203,81.32357030317326,79.43251471163421,79.88236926174795,10219400
80.03230285644531,81.39019225225165,79.88235137332006,81.3068872851291,11006000
81.61512756347656,82.23159198417402,80.85703769881508,80.98199833489534,11500900
80.1406021118164,82.25658141735053,79.95733371859913,81.95667843825046,15294100
81.8400650024414,82.08165391015328,80.79873679114694,80.79873679114694,11623400
81.07365417480469,82.1316409089395,80.73210180454576,81.90671679738006,10616700
80.60713195800781,81.95668918516257,80.28223808067331,80.89870257154355,16006100
78.95765686035156,79.3491972231515,77.7330540595133,78.84102862748716,15796100
79.01598358154297,79.88236941800156,78.33287252761102,79.61578964953453,10958400
81.34022521972656,82.28991599895639,80.17393640228701,80.17393640228701,13292800
83.35623931884766,83.53118169711217,81.43186680217497,81.84006568479217,10094900
83.80607604980469,84.11431142544107,83.01466931323354,83.01466931323354,8225300
85.78044891357422,86.45522752259983,85.46388108750283,85.46388108750283,12697500
86.1053466796875,87.37993137911582,85.70547385449287,86.56353362983106,15560800
86.08032989501953,86.83841329104354,85.25559363314683,85.98036012988801,10268100
84.51419067382812,86.1803157249101,84.51419067382812,86.1553248660659,15319800
86.91340637207031,87.08834872274802,84.87239956930622,85.15564410547161,10854900
87.23831939697266,88.18801028416912,86.73015068557201,87.47157591582604,13305400
88.18798828125,89.77913419830207,87.82143878264117,88.33793977106617,13017300
87.41326904296875,87.76315385029548,86.28863567326768,86.78847202027215,10630100
88.03804779052734,88.55454884348177,87.65483979217898,87.97973366807787,8830900
90.01241302490234,90.32897451270352,88.8044684877077,88.97941086431595,10586700
89.2459945678711,91.32865107995795,89.0710521835474,91.27033695185006,9794800
89.26264190673828,89.62085901092958,88.44623791726902,89.1293488652894,9085000
89.79580688476562,90.25398744246635,88.7044970527601,88.94607958266349,9220700
90.64553833007812,90.93711532101504,90.06239705973064,90.70385245711287,7648600
91.3119888305664,91.6618735846768,91.1620373136958,91.44527553680527,9968100
91.27032470703125,91.97843291075168,90.77048848234105,91.82014900322417,10677400
93.05307006835938,93.05307006835938,91.47025654992268,91.77015953053976,10362800
94.26935577392578,94.2776818227965,92.28666295154424,92.54491029331159,10811400
93.08641052246094,93.97778722512338,92.36165014856343,93.89448223862244,9372600
93.96945190429688,94.03609207346493,92.84481245232266,93.48627413219442,8673800
94.84416198730469,95.26069322691143,94.38598143719464,94.57758224818686,9579800
95.05245208740234,95.46898343428471,94.56094814884786,94.9524886318395,7463000
93.36132049560547,94.61924673611185,93.01143574709786,94.31934370717306,9096100
94.23603057861328,94.3609848667366,92.95311358919416,92.95311358919416,7538200
95.37732696533203,96.04377952943777,94.26102622958204,95.66057152959391,15294200
95.41065216064453,95.8771651515052,95.0107856986962,95.82718343270237,11213800
94.8275146484375,95.12741768456524,94.3110135627146,95.11908527918307,9189700
94.14437866210938,94.36097029859235,93.27799304889331,93.5279079423186,10416000
94.56092834472656,95.1857252341974,94.06109210430242,95.1524019707341,9673000
95.5855941772461,95.8438478868816,94.9108155528624,95.19405376604372,8102100
95.9271469116211,96.62691635184945,95.54393892924428,95.87715884034593,7695900
96.63524627685547,96.73521606107835,95.35232931359195,96.02710787875021,10945900
95.09408569335938,96.81019241036729,94.68588684777022,96.43531682748619,10305100
95.10242462158203,95.52728194978728,94.61091440762611,94.63590526743079,7317500
95.16072845458984,95.22736862160741,94.62756262811364,94.80251133935117,8682800
97.31836700439453,97.42666284800643,95.19405495593038,95.76053774513663,11050400
97.70156860351562,98.3680211432315,97.3516838802579,97.5599495044488,10566300
97.26338958740234,98.19877707241035,96.62294908337053,96.79991341442314,11108000
96.44597625732422,97.22967909475504,95.56958333066034,96.78305392177585,8368600
94.30553436279297,95.35046919725674,93.62295041506557,94.81114757758377,13532600
95.99092102050781,97.06956431591404,94.25497343956857,94.39822934584758,9947100
98.00495147705078,98.45999889249948,96.96001016148833,97.06956409009956,10366800
98.75494384765625,99.43752138626206,98.32516970927949,98.43471720645665,8500900
96.49653625488281,96.76619708430468,94.91227325646064,95.51901172996519,11861800
96.78303527832031,98.73807764047113,96.66505908287141,98.03864274658093,12003800
95.11450958251953,97.63415318617695,94.75215229402937,95.60326534321062,24451200
94.46564483642578,97.80269989582193,94.45721612757998,96.86731251979182,12302700
97.02742767333984,97.49933251007539,94.322390712673,95.4347424201362,11392400
96.41226196289062,98.59482814957747,95.72124930295266,98.37572673128545,10445100
97.92066192626953,98.9740253567553,96.95157271359875,97.7184179477979,9833900
99.3700942993164,99.99369009968584,98.79706431714095,98.79706431714095,11419600
99.81672668457031,100.49931063176821,99.15100658363168,99.7661672918967,8827900
99.55548858642578,99.9431255750882,99.08358380530986,99.31110748785633,8334700
99.72404479980469,100.44875953741278,98.48529449313304,100.22123580780178,9090700
97.65099334716797,99.31109500971887,97.42346969320914,98.98244615998966,8533000
97.93753814697266,98.5274192096225,97.30551996732437,97.53304368314033,12245300
97.38134002685547,98.02178679055386,96.0246074187521,98.02178679055386,11069500
98.29145050048828,99.59762376038783,97.68471211986966,97.9122422272118,11344700
95.72966766357422,98.13976371660317,95.67067956839743,97.68470994128789,22727900
95.77180480957031,95.82236419710699,93.31114936807562,94.26338759893085,13464400
97.30551147460938,97.81112468835438,96.3111360349152,96.42911223714833,11368200
97.86168670654297,98.32516924862303,96.41226383604557,97.26337697081661,8345200
98.09764862060547,99.3701072228798,98.08921991160689,98.1819164229277,7416600
100.10325622558594,100.12853592478002,97.2549632001378,97.8111358700724,7745500
99.90940856933594,100.56670629478369,99.4712122287774,99.99368278375326,6516000
99.39537048339844,99.98525786054527,98.83919793667043,99.50492439459921,6957400
98.9571762084961,100.01896836632635,98.88133069689808,99.54705716883497,6016000
98.88978576660156,99.51337529508417,98.70439272129597,98.9150654674665,5706600
100.49931335449219,100.86167067998531,98.8392113383777,98.94875883521198,10717700
102.32794952392578,102.79143206017577,100.83638955773927,101.08076424497553,16413100
102.99368286132812,104.35883800508577,102.86727794044133,103.0105338504764,15487100
103.87007141113281,104.76332161556711,102.50490997954586,104.17344061815214,13318500
105.36163330078125,105.79140742366981,103.60883483378787,104.11445447446654,14164600
105.42903900146484,105.91780117370422,104.37567557640762,105.46274740257309,12626100
107.83915710449219,107.8644368031925,105.19310815350158,106.06107876472684,14609000
107.29981231689453,108.22676440589291,106.5750977739263,107.85598485613757,12469200
106.85320281982422,107.94870350131211,106.55825587765526,107.1397146240534,9691300
108.67342376708984,108.87566135302657,106.81949993560679,106.81949993560679,13281000
109.02733612060547,109.54980028418285,107.75487125558442,109.28856820239416,12905500
108.63127899169922,109.6762074012154,108.31947463795883,109.50767180533619,12064300
108.24362182617188,110.27450957392458,107.76328836666664,108.09194366664185,11370400
106.94589233398438,108.20149339446826,106.37286233378025,107.66217822693442,13055700
107.17342376708984,107.63690631149768,103.5161420937089,104.87287489182526,19513700
111.73236846923828,111.85877980247383,105.5638721596635,107.12285526048193,19984500
111.816650390625,113.51888949956671,110.88968531683449,111.99360826752199,17266500
114.07502746582031,115.44861731943071,112.57503915998018,113.29975362245429,20654100
110.06385803222656,111.28575725520108,107.9234288220488,109.54981607323751,24817800
110.67060089111328,111.11722605336521,108.98521903855712,109.709933749494,16401800
113.5862808227539,114.38684732403584,109.97956543228527,110.24923264502033,16169700
114.10877227783203,114.43742119843124,111.90934862199363,113.21552202484148,10906700
113.08909606933594,114.05819814682326,112.23798304094204,113.6368527718567,9447700
114.50484466552734,115.44865436755309,113.77169483200689,113.77169483200689,13034700
116.75482940673828,117.49638867176533,113.6200181591788,114.04978589885731,18422500
114.97674560546875,116.6536922255288,113.7716909619268,116.44301950574699,11021600
116.11436462402344,116.57784715546906,114.69022791240573,115.21269211597622,10140800
114.63966369628906,116.95706365750276,114.09191975792469,115.92055745703293,11012700
116.97391510009766,117.50481445151974,114.84190827337106,115.33067051050787,12821200
115.17054748535156,116.33346487772252,113.80539253496191,116.24076837748366,15945000
114.3275146484375,114.82140836621693,112.55631362402086,113.3227058040683,11746800
114.36160278320312,115.94546463088726,113.90176479876101,114.91509751225838,11348800
113.77403259277344,114.60002578186976,112.78624504799632,114.25089196102631,10073900
113.61223602294922,114.02949445876034,112.44563273453437,113.10132084982527,10691800
112.74364471435547,116.6607253618373,111.14276184419998,116.6607253618373,19428700
115.426025390625,115.87733967449678,112.87992105862966,113.19498608872475,16134200
114.82996368408203,117.7081547720472,112.16464421239839,117.45269064168579,22108900
119.53897094726562,119.64115140266073,115.32384525398133,115.77517258334912,28028000
122.62149810791016,122.62149810791016,118.06576364055218,118.59372614850145,24394300
127.49231719970703,127.6966910723671,123.21759123236598,123.48156603031637,31159900
131.25613403320312,132.62711143519235,127.77334494764968,127.90107051569868,31329500
133.02732849121094,133.79370784578904,129.22095084368738,129.655230745489,22492900
135.0965118408203,136.20351394880333,132.0650383404705,132.66111240063367,29034400
137.9832763671875,138.03437958558794,132.60156044559565,136.16098471424937,34824700
145.2128143310547,148.16765304915398,139.73742971097562,139.91624546418998,57231000
141.5852813720703,144.56566551875144,137.276499513248,138.60489722538918,43430000
145.4597625732422,148.81481219010203,143.30535895828126,143.68856154570173,34913600
145.52789306640625,147.29909432362223,141.25318007362128,141.26169077914508,28423600
141.968505859375,143.35651783191594,139.90778416004642,141.53422588335616,25156200
134.78147888183594,136.40792012668194,132.20982961969943,135.4882572184985,28534400
134.29611206054688,136.67189821901465,133.01880460055608,135.21576199751004,22299700
136.62083435058594,137.08918310827164,134.4749537657462,136.20357582220308,15750700
137.71925354003906,137.71925354003906,135.20721873888976,137.0039646530873,23214700
140.19728088378906,140.99772905432985,138.56232872401085,138.81779284129226,13180600
139.7289276123047,140.72522594312096,138.4431093549492,139.38831746266376,11063900
141.2361602783203,142.50495717855958,140.4527465054591,141.35537513520256,10755000
141.61082458496094,142.54750893672946,140.50382217519493,141.72151573052707,9024800
144.17393493652344,144.49752362024077,140.640056496701,140.69114671130012,10254700
141.6533966064453,141.89182628289737,140.61451887614294,141.2701939896647,9992000
139.9248046875,140.06104096481886,136.6719215635875,139.23504762679693,15102600
140.91258239746094,141.65342970200942,139.36278913843256,140.70822148043726,9906000
138.6559600830078,141.49158371360954,138.5622903657168,139.20094398539894,10395900
139.83963012695312,141.3127878474621,138.23022315079922,138.61341281303697,8795300
139.9673309326172,140.88699375542916,138.80072774687918,140.50380416095132,8718600
139.1072998046875,142.8200073817366,138.88590452019392,140.5293672330224,9538200
140.34202575683594,142.21540742632718,139.93329100921537,140.35906016107444,9269000
142.29202270507812,142.80293777259632,139.15835571851702,140.58894649313675,8018400
144.701904296875,145.69821559178044,142.22393759534236,142.24948270614055,10801200
140.98068237304688,143.7226368066721,140.42718766166738,143.543821035556,10206100
143.9185028076172,147.04364723071782,143.18617925115186,143.88444698814104,9528400
146.18359375,146.53272760808292,143.30538983590768,145.55345066419997,7330700
146.11546325683594,147.2650452337847,145.2383797904165,145.34908393449953,9421100
148.073974609375,148.6274692327697,146.3538638358913,147.31610614374887,7639000
146.31982421875,147.90368593936498,145.63859099602817,147.38424706880193,6970200
146.91590881347656,147.81002666948638,146.00476954594023,146.14100580537178,7495000
140.14617919921875,146.83927095878178,139.50752545496061,146.24319672949625,14594800
137.05508422851562,140.90404091084847,136.97844890137225,139.97586729959693,12160100
134.1087646484375,134.84959877344014,128.88883097995745,132.6100490017014,15449800
133.29129028320312,136.56119426679604,133.17207543984642,135.24132028443358,9810600
133.0443572998047,134.47493549974897,131.5797102893222,133.75964639977684,10396600
137.77040100097656,138.8007682492682,131.92884667639223,134.0747272224598,9366400
133.41050720214844,138.3238869528617,133.08691848224151,137.33609938199902,14713200
136.03323364257812,136.24611820226917,132.11615254688596,133.10394002227855,11559000
138.36648559570312,139.16692081366622,135.6160070831491,135.87999491366637,8827200
142.70928955078125,142.96475361972904,139.2009561837879,140.47826353508458,9183200
141.5767822265625,144.33577156419113,138.50272781097374,144.13139765247738,9807600
145.34909057617188,145.5875202870579,140.86147960084435,143.28836922154568,10418100
135.60745239257812,142.84552677459956,134.9517643692197,142.84552677459956,14110700
136.91030883789062,139.8140571776241,134.4323295921905,138.12801520341566,11636000
138.93699645996094,142.59861386233072,138.38348875171036,139.29464099785142,9105500
140.25686645507812,140.37608128658394,135.2753626521698,138.98806982491897,8936400
142.94778442382812,143.7311983974385,140.40169225795646,141.78118066872167,9229900
147.3246307373047,148.99365145594135,143.79075213043916,143.909966967953,13296300
148.19322204589844,149.5727100525558,146.98403911518915,148.88296604922712,12827600
144.28684997558594,149.49821644508089,142.33795213753666,149.48962262399314,13107500
143.25660705566406,145.64335757276942,139.79667687797757,141.3420582092819,10958700
144.080810546875,146.8453092186325,140.8784331019698,144.99086477613528,9615000
147.42909240722656,148.49369107446157,145.18829332481866,145.4630204355131,10216400
148.21896362304688,149.02599668700043,145.78928371147822,146.54480625651314,9782700
150.59713745117188,151.09509431594412,148.50228895121128,148.64823979255794,10174500
151.61021423339844,152.76065953648822,150.2537137460378,151.52436773187088,11213900
153.0611572265625,153.12126156879174,150.8375323701317,151.55012515469116,10512300
149.9532470703125,155.3620750467023,148.93157796250875,154.50353133934956,20547600
151.37841796875,152.93237983107795,150.19362357632932,151.73041089809487,8824100
151.1036834716797,151.54153602016396,149.47245576524503,150.02192318112859,7441900
152.47735595703125,153.0354040838223,151.10368089061836,151.10368089061836,8435300
151.8162384033203,152.820732658304,150.68295477185157,152.73487307398062,6734200
154.7095489501953,155.10448475719699,151.89352708395765,152.36572866830684,9668300
155.50804138183594,156.59838256644716,154.75251865206423,155.35349668695596,8715200
152.40866088867188,155.0873126819645,152.2970460305062,154.56360057106198,9764600
150.5885772705078,153.3101726446368,149.08612562060117,151.42136580448317,9529700
143.66012573242188,147.6695234302611,140.85268403167058,147.33469189533392,14614900
143.84896850585938,147.91845638126134,142.38085333159762,145.41151089041568,10269300
141.0243682861328,144.10654979406277,139.03255392842294,143.1879018456531,11565300
133.48635864257812,137.83058727261133,132.00108184503378,137.31546895975916,18125900
127.39071655273438,133.47778815347652,125.16707844568957,132.97125052189512,35575100
132.72225952148438,133.9499837514209,130.0178522679484,130.54156441772028,13772000
126.95280456542969,129.4683434642974,125.63065353315602,127.12452372055522,13735800
122.2823715209961,128.12047123509058,120.3248929551434,127.74270991530547,15713700
124.2913818359375,126.28319651543406,122.42834347826735,124.6605493587318,11108300
126.6952896118164,127.76846914799971,125.00395761476464,125.22717424216977,9242400
128.7300567626953,130.6617802720987,127.15892006967327,129.53709001378908,9183300
126.18873596191406,130.59306886746515,125.42463267404352,130.18097160330714,9082900
124.29993438720703,126.99576061596774,123.12373391329494,124.10247303837788,10685000
125.78520202636719,126.17155707720377,122.3166920902913,125.86248089673491,7684600
122.4798355102539,124.0938886015236,119.68956875580231,123.32978530662568,11513100
120.86577606201172,122.99496068226023,117.4487759447817,121.62129867901528,12421200
123.21815490722656,124.74636114184804,122.84039370759736,123.71611166125298,12741800
122.57426452636719,124.87515491888293,121.13190457108253,124.38579191464447,7915500
121.49252319335938,122.642981792106,120.1360224756967,121.83594855878306,7056800
119.26885986328125,119.86983768522946,117.84367452813693,118.90827317011232,8653900
118.4704360961914,120.82283717629566,117.74066879595813,118.14418533603973,9414600
116.71041107177734,116.89929169884385,113.79135517187174,115.31098090769412,10150200
118.17853546142578,119.30323871648311,117.13111109588405,119.30323871648311,7051900
119.83551025390625,122.03337964535501,119.40623847900345,120.67687926462197,7943900
124.15396881103516,124.49738095085345,119.6981262101091,119.92993660966982,9152100
125.7938232421875,126.42913717905319,123.04648609541691,124.05956134627671,7856600
124.83223724365234,124.89234158527901,121.48392236214461,122.87475883594998,6724200
123.79339599609375,125.60492340220081,123.1323137975677,124.96959646202845,5889500
127.4765625,127.58817737099962,123.78482203966587,125.08981210711033,6210900
126.48065948486328,129.3653536336345,125.80240265081024,128.35227839334033,6112800
128.14622497558594,128.95325813093373,125.91401926752842,127.35636636193449,6223000
129.11639404296875,130.0436228650415,127.0902302688849,129.37395978804528,6574300
140.61228942871094,141.3678120945003,133.8469607222746,134.39642817912025,17143700
137.8048095703125,138.96384851106708,136.63718991085867,138.38003213117324,8017800
136.62863159179688,138.62903980471842,135.90745809281304,138.13108293151453,5928300
133.38333129882812,137.33263701246992,132.51620699793958,136.77457582449043,8751400
129.76026916503906,133.4520089801763,129.40826317212645,133.34898794823494,10640000
131.90663146972656,133.08283194978432,127.94016443161327,128.47245724442743,7170200
131.7091522216797,133.05705860976605,131.4859225431559,131.86368375265778,5966900
133.42625427246094,135.47817280254208,132.73083610331926,133.88128129919153,5842200
133.7782440185547,134.33629200987284,131.29704092085868,133.93277554833517,6145800
137.04071044921875,138.3628747867068,135.32362343454233,135.7443144692584,7888600
137.2382049560547,137.28971547797371,134.91154594680108,135.8645299033117,7244700
134.62820434570312,135.4695733089017,131.73491693836667,133.228774246447,8975200
134.2847900390625,135.5811859892131,133.77825252546066,135.1433335266591,7218400
135.392333984375,136.8003450775542,133.51212125316746,134.47369907069879,6741100
137.76611328125,138.3205732614118,136.09406143491654,136.14603999253035,6477500
136.61386108398438,138.3898698847874,136.55321062601234,137.28095002483934,6834200
135.92945861816406,136.65719810835793,133.78092777218995,135.74753366014244,9147000
140.33914184570312,140.64235447078605,137.4975331147194,137.8354069205569,10354800
141.37875366210938,141.51737194749433,139.1955619350816,140.05324770411292,9468100
142.6176300048828,142.86020541183234,140.8762822865591,142.011191487509,8050700
141.56935119628906,143.92580918195975,140.74632660423782,142.23642691167302,7765800
142.62632751464844,144.5322831482802,141.7686415307974,141.98522769869578,8462600
139.1522216796875,140.83293179046007,137.54082070145213,140.6250176122138,8814300
136.9344024658203,139.83666167831782,135.27968138383676,136.54455010487652,13582700
134.75125122070312,135.91216318609497,132.74999704317045,135.56561736830216,8244400
136.7525177001953,137.86143787095054,135.7735439481336,137.09039160816963,7526600
136.12005615234375,138.60647408562056,134.89852034150715,138.5198343398901,8550000
134.37869262695312,134.99380302338403,132.22149011590506,133.46902828039705,9442100
135.10643005371094,135.4789650846276,132.87993143222135,134.79454548664745,9232500
138.58914184570312,139.17824980768825,136.47525898094418,137.23764643233108,8261100
140.78099060058594,142.53966899484683,139.69805990365836,141.04955529832495,8920800
138.1039581298828,140.91957731068084,137.52350899278068,139.83664685652775,10308300
141.4480743408203,141.70798034227235,138.9183499133818,139.4294900106375,11160800
139.1522216796875,140.08787513989176,138.2512293954345,139.20420022424906,9665000
135.5395965576172,139.60275444296212,134.8118703385797,139.0656250745347,43741600
135.92945861816406,135.97277849081607,132.37745378997522,132.4900695956275,6813800
135.39234924316406,135.8861720695948,133.71163840280627,135.18442175529253,8955200
134.2920684814453,137.5581912469057,134.24008992178517,137.15100823707567,6877000
134.18809509277344,137.12500233181493,134.05814870937817,136.53589443459956,6981100
125.42071533203125,130.10762971662592,124.4590722674412,129.73510787237342,13919700
122.11995697021484,125.66330368560914,122.05930649480342,124.3811172074966,9444000
122.17191314697266,124.55436067906216,121.68676231008254,123.27216121657386,10121000
126.29570007324219,126.86749061553189,122.50110693542427,123.09022806912614,8279800
125.42071533203125,125.97517536444724,123.25485376487978,125.19545726865076,8197600
124.46774291992188,125.7412707013818,123.44546250725129,124.7796275443482,9402700
131.450439453125,131.97891009541894,128.47888434043603,129.05933353453474,9597400
136.5618896484375,136.7784757764243,133.09651160064863,133.78957663471186,9520200
137.34161376953125,138.38122468645014,134.11015198615695,135.01114458898797,10633100
139.8453369140625,140.29583978547834,136.1893618231117,136.3106495324119,9498300
138.64111328125,142.01985164107697,137.80075803443205,140.7896440018741,9972500
136.13739013671875,139.88866384714638,135.530951559606,139.48148082693433,5904500
136.1633758544922,138.5544821328461,133.51236355864197,134.0668235602618,7533300
136.57057189941406,137.5841935669654,134.73392544737612,135.2710549072656,4942000
143.1894073486328,143.80451771481785,135.45295787914677,135.45295787914677,10227500
138.73638916015625,143.34534762950042,138.554451022949,142.1151269708663,7327900
139.75003051757812,142.86887603517866,139.56810557368283,141.46538894257438,5890400
140.9716033935547,141.4827435676256,137.71415224800873,140.65971878881527,5631200
145.5458984375,146.59418126062624,141.72531543086683,141.72531543086683,9766800
146.3775634765625,148.8553091219785,145.49388843983405,146.67211741568292,8871500
150.0421905517578,150.60530913076923,146.28225898328276,146.54215173090856,7971300
149.990234375,151.3243991494961,148.67338697335094,149.0805699645229,7007700
151.5496368408203,151.61028730103735,149.15853078293068,149.92957685814412,7280600
153.42092895507812,154.62514716060545,151.7575492681217,151.88750886171673,6865300
154.1226806640625,157.15488640229373,153.7588175617989,155.84671097134355,9177400
155.9246826171875,158.41975905872883,152.93579667455595,157.2155407077232,10773900
156.7217254638672,159.26878058288963,154.26131008850805,154.26131008850805,13281000
157.8653106689453,159.84057525684622,157.58807405761993,159.29477394040518,9185600
154.64248657226562,158.45439691991345,154.44323104729287,156.7476972710623,8087500
156.9210205078125,157.83934377919945,153.6982171505183,154.18336806978905,6607800
158.9049072265625,160.62026564186345,156.46182260105726,160.1351148350606,7491900
160.80218505859375,161.46927394986585,157.76997965018705,158.10785343834914,7578000
160.56829833984375,161.35667506583408,159.2861120863815,160.55098096650715,6308200
154.148681640625,159.24279189767194,153.53358440417523,159.06952562906787,8021700
157.06826782226562,157.96060164135014,154.2439761600961,157.87396189956056,6981500
161.53858947753906,162.09304938823155,159.31207793000746,159.45069621252236,8428300
161.6165771484375,164.32822657898961,161.29602067834114,161.4086496991346,9722400
162.91612243652344,163.25399633858686,160.5076852434825,162.1104149966055,7747300
160.2650604248047,162.71681674129957,159.1301381203514,161.6078837121256,7941100
160.71902465820312,160.84125055751676,157.38399607886055,158.46656452374583,6550500
159.75868225097656,160.12535994923496,156.84269867061397,157.9864000485823,7661500
158.2308807373047,158.63247448516734,153.49897245064807,156.91257259398594,8432900
162.29054260253906,162.8754819039424,159.83728513848322,160.42222443988655,9018000
160.8500213623047,161.6444832041925,159.40076161116065,159.95078492769005,5831200
160.3785400390625,161.77541890241775,160.03805264784296,161.41746686195964,2796400
155.7165069580078,158.4316809321276,155.36729383762247,157.39275391478532,9365500
158.0475311279297,158.76343530941065,156.84272327208416,157.3752819148654,6985400
160.0380859375,160.0642762559937,156.8165435465096,159.6364921728458,10936700
159.32217407226562,161.12064675427237,158.40547308068813,160.8674559466354,5217400
158.0475311279297,160.31745626933773,157.08717510926644,158.48405416884464,6852300
154.14500427246094,159.72376784766715,152.46003183607772,159.47931602603254,8162200
150.17266845703125,155.4546005044132,149.39565789057067,153.22833008359285,8765000
150.61790466308594,152.41637735148473,149.15991939315464,149.34325159914664,6936300
151.5084228515625,154.00533537082498,150.19012796222233,153.87438377711229,8076600
146.6717529296875,151.2028645712971,146.61063330491916,150.42585403209418,10754300
148.19956970214844,148.87181890301753,146.41856158904002,147.4836655336546,9364900
151.49972534179688,152.31166533859414,150.58302405055974,151.53465465436315,7838800
150.45205688476562,152.7132434002841,149.52663002183547,152.3378399195826,7045500
149.32579040527344,149.61389720012693,146.7241169085101,148.94166133376098,7272900
147.30035400390625,148.5488036592025,145.8860234413183,147.13447309661456,23876000
148.3130645751953,149.1337299789272,146.8899952763145,148.51386143303654,7131600
150.74887084960938,151.2901551771672,148.06862620787393,148.2519584316348,6199100
152.52114868164062,153.62119527671953,151.17666356964273,152.94894605990754,5479400
150.23377990722656,152.96641856174415,146.95985691409913,152.92276359084377,5755000
154.87835693359375,155.03551214272824,151.63936369475823,151.99731575625216,6079100
156.82530212402344,157.34912188095814,154.8783993952786,155.71652965665407,5168000
154.5116729736328,156.5371460306442,153.59497203527206,156.1530036700645,4494400
155.6815643310547,156.44983572874466,154.223565832822,154.223565832822,4142100
156.7030487060547,157.1046424504608,155.1402887327155,155.42839554324664,5005100
151.90127563476562,156.27523122120562,149.7361120016955,155.43710121459387,7565400
150.28616333007812,152.16320721895565,149.159939661077,149.24723628286955,7684500
152.9925994873047,153.82199059698627,149.5004151756973,149.72740236016645,6088200
154.14500427246094,156.61572612549125,153.394184156976,154.54661130607502,7191200
152.94020080566406,155.6903038590352,152.24177462222903,155.6291842410906,8385600
153.69102478027344,154.2759773720272,151.66556481880636,154.005321899318,8307000
152.95765686035156,155.52441423725986,152.17192078733362,155.30615273679658,6962600
154.5989990234375,155.72522258748148,153.56879773792852,153.64738200833335,6891400
155.01805114746094,155.39346786807133,153.3767203461067,154.60771844712238,5726300
157.57611083984375,158.30074077251058,155.55936296087515,155.78636349498015,10697700
154.72991943359375,159.2261137623617,154.47674198687872,157.86416430472647,8899200
156.2752227783203,157.10461375443916,153.79577551355231,154.18864352101662,5907200
157.9340362548828,158.33564332772198,154.9831494564725,156.10937307888585,10477900
157.72451782226562,159.37457448325307,157.17449449472755,158.2046958604634,8381300
157.8729248046875,158.8943871233137,156.01333238477454,158.09991199050685,5989000
156.34510803222656,157.17449922043602,153.96169574394506,156.52844026583358,6727500
163.94932556152344,163.96679021403727,160.18649890320097,161.50480707465033,14307800
156.66812133789062,160.8412806663126,155.33236185904903,160.8412806663126,19654700
152.08462524414062,155.69903550083384,151.62191188512048,155.4022030293164,11476000
151.92747497558594,152.4600335906241,149.65754995242725,150.81870277936704,14481300
149.6051788330078,151.6131875085978,148.01622855145254,151.30761604779835,11526400
147.5535125732422,149.6662824794873,145.6415528561352,149.40437931387396,10463400
147.93763732910156,149.77103919942257,147.09952065587575,148.29558937490341,8404900
148.10354614257812,148.5226045582678,146.1217276816027,148.03370085302538,7659500
151.98858642578125,152.2505029098944,148.07734378033578,148.4789508321927,10256500
148.41783142089844,151.97113530870854,147.95511807102216,150.58298193745398,9784700
147.055908203125,148.99407188746778,146.67176573284038,148.61865508364303,10123400
150.13772583007812,150.8012360126085,149.09879892994002,149.116263580477,11602400
149.2996063232422,150.0766168066682,148.2170377027897,149.57026179998138,9442900
150.4433135986328,151.48222728992576,148.40037555603303,148.8368986154697,8077300
148.85791015625,149.3071083713718,147.5279614316737,149.2014075587242,8885700
146.70887756347656,148.54967124397928,146.55913584493848,148.13571105600494,6727500
143.43243408203125,145.18514597898044,142.55167001260372,145.08826139376768,9612100
141.80299377441406,144.22509459975345,141.53876190558972,142.84228876856105,7259700
141.2305145263672,142.38431323036627,139.96221220034332,141.1688545946947,6205900
142.6221160888672,143.4236145993903,141.41547364162201,142.90396703562413,6445500
143.0448760986328,143.21222339914726,140.17357702536668,141.60042376069578,5330200
143.406005859375,143.89041532450915,142.613310168497,143.57333973603644,6386800
141.60044860839844,144.72716386206093,141.16886935972826,144.72716386206093,10854200
142.7278289794922,144.08419981709426,141.44190744514214,141.73256121878416,7470400
143.17698669433594,143.99610416279927,142.32264458092612,142.6661419865678,5582000
145.2908477783203,145.83691720441362,141.2921713503018,141.68851249631768,6007500
146.3565673828125,146.91145306072593,144.27796359056097,144.7447674836206,7703600
144.47171020507812,146.73528001628708,144.07536911391534,145.94258439457016,7393000
143.5557403564453,145.58148696238837,142.1377096686493,143.76711513166407,5435800
141.3714141845703,145.75762825152003,141.0895767142207,144.260318812457,6214700
140.63157653808594,145.03539623342047,139.75081259901904,141.75015050373042,7385800
139.7860565185547,141.75895922322073,135.46150217173692,137.78671853037312,10106100
141.59164428710938,144.46294410596605,139.05505259558657,139.38973384413083,10035200
135.46151733398438,139.11668286707845,133.88494211470876,137.03807911386676,14063100
135.89308166503906,136.93239025014333,132.0353441994238,132.25553521565683,12849600
134.1755828857422,136.8531129388992,132.64306214578536,135.30295971673715,33161800
136.14849853515625,137.2054126302182,133.25077749586873,133.64713204098487,8469200
140.31448364257812,140.54349083964547,137.81311759019732,138.42084678335374,9753500
137.46087646484375,140.97511705537548,137.33755657384026,140.80776970546535,6315000
136.09564208984375,139.83007243832114,134.8801836027839,138.29755184791412,7859400
137.45201110839844,137.97165858025753,133.72638360086322,133.96419361520518,6600100
138.85243225097656,139.58346794699048,137.1261424237316,138.6322412620347,7006800
140.47303771972656,141.08956975513573,137.99807989858553,138.5265436085879,5605400
141.67970275878906,142.08486012693814,140.33213486466,141.46831455287747,7569700
143.02725219726562,143.5733215261673,142.31383557353513,142.90394578624296,6322400
143.7054443359375,144.19866998057165,142.81586417600224,143.3002870196218,7041400
149.6858367919922,150.6987234399277,148.77865096120493,149.5537275697967,12868200
148.8843536376953,150.7339635748414,147.72175204473544,150.7339635748414,7521400
149.62420654296875,150.1174322785601,147.7393719451627,149.07812367336973,6478100
147.6600799560547,149.21023320494828,147.20209235014718,149.15738951498912,5803200
148.22377014160156,149.44803158463293,147.3606251701027,148.39993369608047,5923500
149.04290771484375,150.02935924355128,148.0300343372883,148.91079847060405,5469600
149.57135009765625,150.71633255507413,149.2630773194947,150.12622228319796,6157900
151.5706787109375,151.90537334297335,149.57135403901952,149.95007612104533,6856600
151.87893676757812,152.2664750535314,150.80440367994086,151.93178045395516,4930700
150.54017639160156,151.96700972478405,149.9236442994481,151.83490050481961,7006000
150.18789672851562,151.8349212799239,149.84439927021674,150.45212864399016,8045600
150.32879638671875,150.3816535169746,148.93720106267247,149.25427664724575,5506800
149.5977783203125,149.7827312435805,147.98597850629872,148.63773529795736,5851100
148.95480346679688,150.24952762270794,148.70819062180354,149.58015182049633,7179000
151.03341674804688,151.8261124630704,148.47920635822135,148.93720743094207,7177600
148.84034729003906,150.0822146005506,148.34710804797334,150.01176529107923,5807200
146.189208984375,148.80507921159167,145.52863596617672,148.15332243484718,5927400
147.04354858398438,147.43108689816626,145.38772138619666,146.58554753637014,6417200
148.4792022705078,148.79627785990937,144.48934227685066,144.88568340375446,10036300
147.2989959716797,148.61132590663664,146.5239192470275,147.7129561824013,6099800
140.9574737548828,145.6607640327322,139.55706212984686,145.60792033962034,10701700
138.13018798828125,140.54348563184942,138.0509224719518,139.29278921261368,7538100
137.59295654296875,139.33686554287755,136.88834263774132,138.37683598469377,7500400
141.10719299316406,141.90867794334068,139.84769360393082,140.30569460359663,5802000
140.55233764648438,142.9480170899265,140.49949395042802,142.30506305558464,5028200
140.1471710205078,141.29216697081378,139.0814540484623,139.25760417018796,5019800
138.35923767089844,141.3098029613725,137.29352057104686,141.3098029613725,6161200
137.59295654296875,137.68103832089434,135.54077475971283,136.85311799020653,6666100
137.94525146484375,139.09905013852736,137.01164378810407,138.27994608080397,4898900
138.45611572265625,139.30165518353476,137.60177345883923,138.48253757086553,5096700
135.20606994628906,138.29756003074814,135.04753888523547,137.82193996880454,7007700
137.14376831054688,137.76910322429222,135.60243131102774,136.33345360413463,6169600
136.9747772216797,137.17934643624085,134.76909658791212,135.96087443614965,7477700
138.05982971191406,139.13599620978596,136.9569962047694,137.75744075485807,8100900
135.57843017578125,137.7040688544749,135.26713866891558,136.7790969072716,11661000
139.50064086914062,140.23882164209783,136.82357185423768,137.0903912125697,10436200
139.87420654296875,141.03041491346664,139.00259558479416,140.47898452603,7064000
137.46392822265625,138.41558073519178,136.5211782833941,137.5706505339702,7037700
137.03704833984375,138.4156038993351,136.48563154444645,138.1132013483448,7736200
136.1832275390625,136.30774144543528,134.48450501019047,134.89361631498764,7814800
133.9597625732422,135.5606654364841,133.7285263261623,134.77799879867723,13346400
135.32940673828125,136.73464270894306,133.17708741238044,134.56453180668044,9887700
138.9758758544922,139.411681210821,136.61900118586507,137.4817093259274,9464300
138.30886840820312,140.92367404868804,138.0687431668511,140.92367404868804,6443800
138.55789184570312,138.8869749695607,136.25437783368886,136.3700027343143,6176400
142.15103149414062,142.48900362356414,139.18936478739704,139.23383694721556,9900000
141.6262664794922,142.7380023937877,139.7140725643069,142.44450248389427,7142200
141.28831481933594,142.64907868923368,141.07485660741193,141.66185651195522,6669500
139.9275665283203,141.70634444607026,138.94923324515844,139.6874277095445,7159600
140.97703552246094,142.8180771361843,140.7635908630135,140.98593809727004,7660800
139.71409606933594,142.9870542085708,138.87806834977602,142.28442939277159,7721100
140.77244567871094,142.1154177619058,139.91864010628072,139.91864010628072,7705400
139.86526489257812,141.6262643251513,139.86526489257812,141.03037551267263,22908100
136.68128967285156,139.2516368107202,135.4005809624619,138.87808150281646,10438700
137.74855041503906,138.7090920084225,135.63180059419426,135.78299507125502,7328200
135.7563018798828,136.60121850073077,135.16041303000065,136.38777388047188,7088600
134.60902404785156,134.92030204015046,133.52396843481304,134.30662148856325,15172700
136.9747772216797,137.82859652207216,134.7779855911984,134.84913833048088,7371800
136.5478515625,137.59733732797508,135.91639315965057,136.52117098609764,6581700
137.78411865234375,137.87306296550935,135.3560908980868,136.4678269576729,5773800
138.95809936523438,138.98477994132122,137.35719694504832,138.23768309790444,5633500
139.94534301757812,140.45228761255564,139.27830137034658,140.04317633534532,6346600
139.82081604003906,140.6123715112011,139.36721907691532,139.79412189132964,3272600
139.0203857421875,140.25663584997665,137.9620107116561,140.25663584997665,6318700
135.96978759765625,138.59348229712782,134.85805140542266,138.0331629135226,9203000
137.16156005859375,138.73578224378025,135.15154598890214,135.31162948010862,6602200
138.07763671875,138.5579007882715,136.89474776761543,136.90363677169967,5167900
140.63015747070312,140.88808783118654,138.44226854844615,138.7446574936367,5060500
141.98204040527344,142.6046099077094,140.81694314264385,141.60849870381185,6464000
140.087646484375,142.83586861176195,139.25163228381197,142.15992433467085,8143900
136.5923614501953,139.65186171887618,136.343333620977,139.6429591436191,7065700
136.4678192138672,137.09038865770862,135.75630546190726,136.38777747915816,4351700
136.74354553222656,138.80693432685683,135.51618448814483,135.7830038765536,6798300
137.57958984375,138.54902061969807,136.32554806697343,136.81471474277276,5653100
139.1004180908203,139.8030429193525,138.4867511514029,138.88697344093515,5866600
141.13710021972656,141.26161409951433,139.68739224212982,140.1054060323449,8760100
143.92092895507812,145.89535997377013,142.3111235273945,142.72024842288835,9722100
144.5790252685547,145.42394182150585,142.88919216265236,144.00092804048143,6767600
143.49400329589844,144.16104497753165,142.79139202915044,143.0848919975888,6056400
141.99984741210938,144.49902826765515,141.60851409062911,144.16105611346788,6470100
141.29721069335938,141.4128355934821,139.19825233919482,140.88809939769038,6542300
145.55738830566406,145.84198569219868,142.85363849309957,143.30723551029155,13056300
144.34780883789062,145.53958660491645,142.79137839601472,145.53958660491645,7531400
142.06210327148438,143.38729778664617,140.57682524803423,143.3428256217885,7067100
142.00872802734375,143.81418645942807,141.279436165757,142.2221862549047,6680700
141.68853759765625,144.98817625072942,141.44839880475948,142.88921799114308,10185400
142.20440673828125,143.5296012345037,141.48400381928082,143.20051807605972,13927400
141.99090576171875,142.1154196414697,138.94030892232254,140.47005862840302,6451300
142.1776885986328,143.58292447667156,141.6885220633985,143.06707736415134,10531500
143.04042053222656,144.50790681054332,141.96425397606254,142.59572607564598,8647100
145.99319458007812,146.0109861594288,142.4623192693988,142.74693025501466,6682600
145.886474609375,146.0821412724061,144.6235438749919,145.65523835806508,6060100
141.6262664794922,145.33501586106263,141.50175259993088,145.32611328831143,7876500
141.08375549316406,143.92979705609656,140.94145002226827,142.76469985150518,7920500
143.44532775878906,145.59139502508907,142.7449385221838,142.93349747742775,8270500
144.47793579101562,144.85508106973214,142.01759925797185,142.2151463272349,5999200
143.99307250976562,145.5285496849021,143.1759471493046,144.74733574953527,6802300
142.8077850341797,144.79223031235713,142.74493661707746,144.1098036477375,6080800
142.996337890625,143.14001096899693,140.70659787171581,141.99962817422542,4975600
141.820068359375,143.57104148983873,141.47884816421032,141.63149569851524,5989600
142.879638671875,143.58901611600453,141.55967103923027,142.8347528120425,5291800
143.85836791992188,145.28608322222578,142.96940612908506,143.2477641652226,4386100
143.63388061523438,144.52282868454037,142.86165493499152,144.4869172651561,5374800
143.83140563964844,144.79220389488754,143.6069216026021,144.19956274874482,5534900
144.6575469970703,144.78325753413023,143.60694944277267,144.57672231498677,7003700
147.53094482421875,147.88113945213715,146.04036719711115,146.04036719711115,6663000
149.47047424316406,150.45819589757343,148.33906579895609,148.41090234314547,9755800
149.62310791015625,150.35043401328917,148.680272194406,149.30882477109998,7195500
149.6321258544922,150.76352082156728,149.3088681922675,150.0810940686141,7925900
150.14393615722656,151.29329353587283,149.69496800302346,150.33249510919626,7434400
147.04603576660156,151.38306951004353,146.24687304998926,150.9251269538117,7155100
149.78472900390625,150.1259491299496,148.24926583954823,148.42885033168002,7521100
149.2369842529297,150.62878801511152,148.68026822862424,150.32349301477745,5759500
150.16188049316406,151.3022634068717,150.06310695415914,150.5839116415105,8822800
149.5063934326172,151.18552992335177,148.94967731299835,149.24599793514338,17439700
150.1529083251953,151.17655515329656,149.41659398671555,150.73656143629617,7027600
150.13494873046875,151.7153254095965,149.44353393335035,151.47287876879017,6615100
149.67701721191406,151.31125429700035,149.59620622614304,150.01823742039858,5939100
148.33010864257812,150.73657149677507,148.20439810096218,150.06311923067082,7150000
149.30885314941406,150.33250002642276,149.003558082911,149.263953592241,5963000
151.49082946777344,151.55367787999648,149.0484417925923,149.35373682663501,5510000
150.6737060546875,151.22144771729606,149.93739175024785,150.35044845541984,5659200
153.58302307128906,153.75363316534632,151.58062890199932,152.08347105200744,9124400
153.17897033691406,154.17568030946262,152.13736080315797,153.1430589088015,7151800
151.41001892089844,153.098143598403,150.69168082116295,153.08916916765364,7396100
149.54232788085938,151.3651514495179,148.3660333430436,151.1586162044096,6839600
149.8925018310547,150.2786215695557,148.6174339134988,148.9855910893805,6168600
146.39952087402344,148.14151939961138,145.00773064097936,147.89009834451826,9664700
147.17173767089844,147.93498892131808,144.91792274184627,144.94485973172752,8073000
145.67221069335938,147.59379394049256,142.76290567889723,147.53991995154644,10190400
149.7039337158203,151.02390110842484,148.1145827060969,149.39863867708155,8183500
149.54232788085938,150.31455376314324,148.7701019985755,149.74886312596763,6512900
144.6575469970703,148.23132972327753,144.1008171603013,148.22235529256645,12570700
144.77427673339844,146.59708646378527,144.47795608787553,146.59708646378527,7397000
147.3154296875,148.01581891728043,145.7350667051735,146.73177656315656,8042800
148.5186767578125,148.88683397431427,147.12688628322184,148.46480276543122,5446000
150.4851531982422,151.03289493286638,147.84521807403456,148.00685374562977,7538300
151.6793975830078,152.3797867982676,150.47616623386108,151.27532898980726,6893500
151.84104919433594,152.80183400793908,150.41331991960598,151.481866417093,6580200
149.80271911621094,151.84103841542446,149.1472294337298,151.2214601574073,7458300
