close,high,low,open,volume
29.108684539794922,29.14024878972204,28.33006626021558,28.540503958515288,6483400
29.887313842773438,29.955704418687557,29.46117822102695,29.46117822102695,8743800
30.17140007019043,30.2766189576105,29.6505696881303,29.75578857555037,5920900
29.492733001708984,30.0503895163762,29.408558319860195,30.03986743028476,6527800
29.31913948059082,29.65583841342276,29.17183419919783,29.492750996704505,5548400
29.90835189819336,30.03987499714211,29.419085809553334,29.655827789037737,5949800
30.09248924255371,30.11879346428993,29.634789362316326,29.908355676633203,5190500
29.482221603393555,30.09248876974955,29.3349143515949,30.09248876974955,7579200
29.650550842285156,29.708421293927987,29.2454596876674,29.250719725597623,4987800
28.935089111328125,29.78209840459749,28.866696520592086,29.776836355449632,7758700
28.766735076904297,29.329653832968447,28.493166764452393,29.303349612073408,7760500
28.824609756469727,29.014003385454576,28.68782457692125,28.77199930014966,5628700
28.403730392456055,29.46117526445517,28.303771549117773,29.092910172272823,9805400
28.408994674682617,28.798304003253346,28.10912211366721,28.40373463277164,9650200
28.829866409301758,28.90878108106248,28.54051595765157,28.64573485103804,6783600
28.203815460205078,28.882475175758294,27.97233350687219,28.83512677683869,7866700
27.451509475708008,28.11964725640087,27.19898529201748,27.909209433216855,10544800
27.903953552246094,27.94077987576289,27.220033535226005,27.77769043812842,7595000
27.56723976135254,27.830285934621617,27.251583149299826,27.488325106618603,9095300
27.11480712890625,27.64615965514653,27.11480712890625,27.498854401710325,7733300
28.203815460205078,28.303772299309422,27.225283220455488,27.40941476798542,9962800
28.061771392822266,28.33007765957606,27.861855699684405,28.145946104635556,5852600
27.756643295288086,27.88290639595908,27.151638039883466,27.62512015191092,7022900
27.409423828125,27.98812689586321,27.393641692229487,27.75664486601432,5935200
27.41993522644043,27.493587841071488,27.030627975709617,27.414675185488168,6356600
27.272634506225586,27.398897585670788,27.004328221869425,27.198981879417367,6270800
27.377836227416992,27.872362130631508,26.95170085939613,27.04639760784521,8070200
27.356807708740234,28.209076925431315,27.241066726231324,27.61459389517824,8016600
26.304628372192383,27.251594592214534,26.304628372192383,27.251594592214534,15589100
27.104934692382812,27.390192649122888,25.937482292290717,26.407633882315015,13309200
27.337369918823242,27.73356368576271,27.046828226096775,27.104936967671208,8432700
28.029382705688477,28.4995322129375,27.786382385808157,27.99768648610098,8027900
27.770532608032227,28.071639612094906,27.575077643936908,28.002965483844367,4490800
27.42716407775879,28.172010055315962,27.258121619278384,28.050508899084676,5525400
28.251249313354492,28.42029178224114,27.501123609563148,27.722991094297427,6473200
27.696578979492188,28.2565334250928,27.68601357314366,28.2565334250928,5483600
27.870914459228516,27.918457799522194,27.12607013805822,27.39548307143775,6165200
27.374351501464844,28.19843537230094,27.374351501464844,27.87091369694853,6069100
27.881479263305664,28.050521799528784,27.363786244229104,27.46415663552445,5478300
27.7071590423584,28.01883164150008,27.527551069714953,27.74941867496177,6438700
27.696578979492188,28.23011890164888,27.601492337500662,28.082207243059937,5654400
27.3056697845459,27.97127634623681,27.300388088406635,27.701863494789638,5474600
27.897327423095703,27.944870760713243,27.205308178917317,27.21587358895965,6676900
28.15616798400879,28.38860293393266,27.62790966530264,27.78638675788537,9287200
29.21268653869629,29.26022987110601,27.74412896115599,27.759976066910664,13278900
28.59461784362793,29.15985397447145,28.499531203379004,28.816485327445307,7114000
28.779523849487305,29.04365310876874,28.504829178017058,28.795370960197367,7362500
28.885156631469727,28.94854704704682,28.57348423342698,28.790070000531603,8918100
29.30777931213379,29.37116976351065,28.647456232781963,28.885172944377842,9637200
29.15458869934082,29.51908838916333,28.94856818690885,29.402870863115982,7588000
29.788490295410156,29.846599040744675,28.737257227589488,28.763669744065407,8218600
29.99449920654297,30.06317333507877,29.62472008783879,29.78847883608062,7218700
30.274484634399414,30.348440475773938,29.58774721558901,30.026202582517328,6828100
30.316757202148438,30.374865963806972,29.84660742530598,30.200539678831372,5865900
30.992921829223633,30.998205542126158,30.311469970458894,30.734076321089052,8689200
29.97867202758789,30.62842978742553,29.925846979853343,30.1635617098052,7233800
30.15298080444336,30.3220232772173,29.59830804956207,29.84659006307483,7645200
29.931123733520508,30.168840439344585,29.84132076417923,30.158275028513952,6640500
30.089597702026367,30.29033645641031,29.42399301084761,29.58247012635247,5517600
30.311473846435547,30.42768934825323,29.5824765389142,29.5824765389142,5706900
30.5703067779541,30.876697554425117,29.978658055461494,29.978658055461494,9597600
30.860851287841797,30.955937950353007,30.46994124431407,30.570309603566727,7793200
30.855560302734375,30.998190253565678,30.522757084127996,30.781604479742963,8450400
30.353736877441406,30.84501750760198,30.23752136261335,30.596735335436854,7423500
30.554454803466797,30.638976036063923,30.295607395118946,30.380128627716076,6748300
30.28504753112793,31.20949950194167,30.21637339191249,30.55445836167254,7225600
30.374860763549805,30.638989987580672,30.216383632160493,30.417122406664852,5420100
30.248079299926758,30.69181649818431,30.121298394793836,30.121298394793836,6111200
30.221677780151367,30.49109082813251,29.957548447309325,30.49109082813251,6612800
30.311473846435547,30.712949427085015,30.285061323983633,30.49108182031338,5898700
30.52274513244629,30.633680838639744,30.242769050709462,30.316724844742264,4927300
29.571897506713867,30.216373236469426,29.318333780698243,29.846592047017133,13151900
28.731964111328125,29.688112209920483,28.499531221210418,29.571894757289044,14857600
29.05948829650879,29.286639527503457,28.790077449244105,28.790077449244105,7654900
29.244375228881836,29.529635149826785,29.075332760576345,29.328896463034578,5406400
29.630008697509766,29.793769499111917,28.90629537683059,28.922142481288837,7359300
30.005069732666016,30.110721791102478,29.608876024888353,29.68811557250205,6474800
30.374860763549805,30.57031582509175,29.783211865961555,30.327317422618407,12304400
29.693391799926758,30.45936656358847,29.476806026836417,30.374845335434802,8366100
30.11602020263672,30.285064799047863,29.688132050437247,29.740957101402493,4361100
30.0526180267334,30.221660542120965,29.846597587051402,30.031487208523515,5867500
29.77263832092285,30.02620206489815,29.672267953520095,29.762072913030693,6948000
29.751506805419922,29.983939728144367,29.323616864005707,29.772637620707272,6119400
29.920541763305664,29.97865048314111,29.344740290160235,29.556044359535512,6287800
29.82546615600586,30.19524740649778,29.71981408227307,29.71981408227307,5830100
29.85715675354004,30.110720473605593,29.793766327309978,29.957525096333075,6477600
30.11602020263672,30.385433201940444,29.82019669299689,29.85717463170187,7731600
29.81490707397461,30.116014238164645,29.60888659480733,30.116014238164645,4605500
29.76207733154297,29.873011108161737,29.371165242079854,29.371165242079854,5803500
29.666988372802734,29.70396629548956,29.344750462121254,29.630010450115908,7878200
29.318334579467773,29.582463719823338,29.13344498727704,29.582463719823338,7999900
29.239089965820312,29.52963358199297,29.05948210088861,29.51378446601851,7506700
29.286643981933594,29.550773173017525,29.180993917616668,29.313058513158634,5033400
29.732316970825195,29.843733088618194,29.29195513777523,29.29195513777523,6511800
28.984228134155273,29.636810719548844,28.649977826156086,29.551921977316525,13579600
28.644664764404297,29.260108471069945,28.29449855240327,29.085024353116097,10068600
28.358179092407227,28.825068288570243,28.214928929133084,28.70303879755665,9953700
28.32103157043457,28.618141128676474,28.23614283609302,28.35817026521481,8354700
28.167165756225586,28.326331855542573,27.907192909012657,28.262665820597128,7360400
28.342256546020508,28.43775663966558,27.8806741093409,27.96025819534759,9297900
28.46959686279297,28.57040163957774,28.241457925520443,28.490819560192232,7836300
28.326339721679688,28.72425609242568,28.236146315786108,28.60222864826579,9358300
28.83565330505371,28.862182664854327,28.305098491537315,28.411209859021795,8080800
28.23613166809082,28.994825316648015,28.188381647415675,28.83565723179334,9658500
28.570384979248047,28.7030237247857,28.23613679770594,28.23613679770594,7575600
28.681819915771484,28.88342947023233,28.33165350276685,28.63937452078531,9262100
27.599451065063477,28.252032992731177,27.39253509091338,27.854117035087075,21248300
27.986780166625977,28.342251094897335,27.7480299784326,28.252057703750392,15792900
27.970876693725586,28.183097604161386,27.636626280502025,27.854153877445764,8017600
27.92841911315918,28.039835194324358,27.53580948698464,28.00269650060263,8865100
28.11941146850586,28.11941146850586,27.641911218912046,28.076966102361318,10413800
28.262657165527344,28.74015531725073,28.172461788394596,28.252045825634895,10491800
27.885990142822266,28.54387764858191,27.80110136711431,28.358184084192022,7977500
28.490802764892578,28.697718882788998,28.050441161035792,28.11941387497014,9545300
29.05318832397461,29.307856482349035,28.840967557204618,28.941772269627375,10924900
29.154010772705078,29.281342896610745,28.97892657245026,29.047899320178608,8722200
28.86749839782715,29.482942136672182,28.676498267856836,29.445803447389817,7412300
28.888721466064453,29.180526324528376,28.862194119641696,29.100942261353307,9671000
28.305112838745117,28.83566792118763,28.039835297523865,28.703029150577002,9568500
27.90719985961914,28.5385617784241,27.90719985961914,28.305116218970596,9972900
27.838232040405273,28.214925747327207,27.790481991365347,27.854148048782758,6201700
27.748037338256836,28.575704202219946,27.69498262632264,27.705593973490984,8849400
27.34480857849121,27.82761360743803,26.92566959074975,27.19094712366354,16472200
27.429710388183594,27.78518148032248,27.381960328532767,27.63132197603241,10305900
27.81168556213379,27.928408282225483,27.31827139062397,27.429687428580824,9099000
28.066360473632812,28.151249193172784,27.668444221306675,27.67374888081873,8393800
28.114126205444336,28.252069692767506,27.769264451274648,28.066376147542503,5787000
28.108810424804688,28.48019941900424,27.907198909569416,28.24144920673973,8643500
27.843528747558594,28.11941761609477,27.58886256673449,27.838224087584027,10533000
27.546422958374023,27.848841261817416,27.456229552575376,27.6684524263128,10657100
27.190954208374023,27.588870611423395,27.16973151447359,27.270538298546892,7541400
27.52519416809082,27.551721513503573,27.238693980256937,27.29705535450903,7078000
28.437755584716797,28.777312585029136,28.071673255262734,28.278589442515347,11927300
27.88066864013672,28.75077863474482,27.86475263562049,28.62344655080104,14243000
27.90719985961914,28.145950080011467,27.694979015642726,27.748033720660015,8439300
27.732114791870117,28.06636506520023,27.599476019395464,28.039835691579658,7052000
27.981481552124023,27.986786213493566,27.50928573393734,27.827620061610634,7109900
27.259920120239258,27.981475340771688,27.190947394301222,27.949641307898673,7386400
27.461536407470703,27.578259199741613,27.09014938462233,27.217481499911063,5973400
27.694974899291992,27.806390977612697,27.180335836705456,27.57294747676356,6448400
27.429710388183594,27.970877056256995,27.366044316618467,27.85415423846432,5811500
27.710891723632812,27.72150306815454,27.190947985510434,27.190947985510434,5566800
27.302364349365234,27.557030548798167,27.212170955858735,27.461530471022435,7658800
26.86200714111328,27.397866938726896,26.8195617586966,27.323589543404932,9468700
27.095449447631836,27.121976798489282,26.862005926616327,27.03178340079254,7023400
27.477455139160156,27.93373294902404,27.212177530998133,27.376648352757766,9118200
26.755895614624023,27.031784527637843,26.607340824503975,27.031784527637843,9969800
26.84609603881836,27.05831895785483,26.511847673611378,26.755902613767894,7644700
26.411033630371094,26.925672752301843,26.411033630371094,26.920368091539768,6961000
26.639171600341797,26.941587851276573,26.373894045212545,26.522450852341773,9183800
27.482757568359375,27.54642362245251,26.54367466887931,26.564897361546144,8894900
27.45622444152832,27.72150197236434,27.190946910692297,27.58886320694633,5812500
27.41908836364746,27.55172714171313,27.244004205125353,27.32358828152761,4549400
27.196258544921875,27.413786095033288,26.67631469401917,27.376647393105056,9200300
27.053003311157227,27.28114012421432,26.856696482388323,27.217474083917153,5934200
27.058311462402344,27.21747759563504,26.899145329169652,27.111366165510844,5158600
27.212900161743164,27.287528750776367,27.026328689160156,27.212900161743164,3628500
26.877063751220703,27.23421739425469,26.83974946465424,27.11694276020232,5409600
26.685169219970703,27.132942803703937,26.51458900078439,27.132942803703937,9500600
26.669174194335938,26.919714764640112,26.530578537802096,26.65318293528724,7051600
26.333349227905273,26.775791068959848,26.226736074592456,26.54657350105415,9703700
26.407976150512695,26.647855221885358,26.1201212648655,26.381323372243873,11107900
26.42395782470703,26.562555474987125,26.285362207902836,26.49858639017667,5767800
26.477277755737305,26.61054370465922,26.130787508626526,26.477277755737305,7533700
26.25870704650879,26.423957463127376,26.2267245380171,26.28536184821969,6424000
26.194747924804688,26.306690805360766,26.120119337767306,26.258714994625805,6193000
26.42929458618164,26.530575939364578,26.125446459680266,26.194745297898216,9042400
26.653194427490234,26.72249330237537,26.338686651906755,26.535919721296523,8743800
26.78111457824707,26.797105834590948,26.375985127409006,26.653178427067648,10443900
27.250213623046875,27.33550372697361,26.749134516661886,26.914384982665887,10095200
26.91969871520996,27.244867678512104,26.807755901656023,27.116931581968128,6484500
27.346174240112305,27.442125892779277,27.132949926890152,27.175593976143723,9227800
27.31952667236328,27.420808087974766,27.175599165876942,27.319526672363285,6998800
27.740623474121094,27.88988059504806,27.28218856444455,27.31950284467629,12737700
27.852571487426758,27.985837379711096,27.687321048942767,27.879224259188398,8816200
27.522066116333008,27.740622046503834,27.383468482482833,27.735290273330396,9696900
27.100955963134766,27.932535986602517,26.733142777829105,27.2075690994988,21815700
27.10628318786621,27.218228089065562,26.893058968414053,27.106283187866207,11059100
26.77045249938965,27.09562159471184,26.706483408408303,26.989008476552353,9030800
27.047657012939453,27.13294713615129,26.749140564959546,26.75980208454564,7944300
26.81843376159668,27.0476513005957,26.727811880992263,27.0476513005957,9730000
26.74913215637207,26.754461897751245,26.551899189721784,26.70648609143347,6628000
26.663846969604492,26.9197173059208,26.62120089681344,26.83975693617591,7070800
26.359987258911133,26.663833254084714,26.33333449386489,26.663833254084714,9569000
26.40263557434082,26.599870541437046,26.359991550019988,26.365321290506607,6957700
26.216073989868164,26.461282813759478,26.1680981735871,26.40264547902966,7817700
26.578561782836914,26.610544309880293,26.189425447151777,26.216078230846943,8355600
26.397308349609375,26.55722701463623,26.2693721975022,26.498589696315282,8676900
26.79711151123047,26.797111511230472,26.333346677729917,26.498595117558867,9406600
26.8131046295166,26.861080445512908,26.62653314146247,26.861080445512908,6463400
26.71182632446289,27.159599980722135,26.653188983343224,27.0423252984828,6881200
26.738466262817383,26.887723398715195,26.525240039983963,26.717143233838847,5738500
26.706491470336914,26.77046058062871,26.54657276156083,26.67450894866772,7125000
26.53590965270996,26.70648986964403,26.439958026499973,26.68516886763471,6486900
26.328006744384766,26.77578017941043,26.216063893997337,26.75978892463392,10796700
26.248050689697266,26.32800900391796,26.15742882674248,26.32800900391796,6755200
26.541231155395508,26.57854543631486,26.381312518101748,26.493255360859802,5346900
27.148941040039062,27.175593824858815,26.866417860690852,26.98902229764342,14548500
26.91969871520996,27.26619070018198,26.81308564033586,27.239535906357002,12480200
27.020978927612305,27.052963458826515,26.82374606881263,26.919697628980078,6534700
26.871732711791992,27.127602964515656,26.797104142265425,27.11161170918168,7347500
26.989023208618164,27.068981565776298,26.845095725560885,26.973029910404776,5039700
27.10628318786621,27.196905057077473,26.951696289643177,26.994340320143106,7156800
26.605201721191406,27.02099063982336,26.519911634459824,26.75979063885367,7735900
26.8131046295166,26.89306500066935,26.610539847145894,26.62653314146247,6739200
26.83976936340332,26.839769363403324,26.466626221093932,26.81844835061251,7064400
26.61052894592285,27.010326570952767,26.535900381273404,26.839746413618073,5234800
26.94103240966797,26.9463621504592,26.573217257314766,26.64784786272451,6850800
26.375993728637695,26.95170354647025,25.61371241436504,26.919718989876174,27913000
26.375993728637695,26.621202562095206,26.274712349638325,26.375993728637695,10683700
26.829105377197266,26.829105377197266,26.434637221254572,26.43996696518961,10290300
26.53590965270996,26.759797458358793,26.51458865070064,26.695830385377665,6867700
26.200082778930664,26.47194438272431,26.120122407150735,26.306693896668264,7687600
26.200082778930664,26.46661464022812,25.992186218998196,26.093469627716335,7414600
26.210744857788086,26.253390935884845,25.986859048210885,26.173430556191885,6903000
26.01883888244629,26.541241043415518,25.986854329681275,26.10412898967644,6379700
25.976184844970703,26.109450723736288,25.725644342179105,26.013499128346993,6036000
26.162771224975586,26.24806134819692,25.874916296549728,25.98152945894563,6447100
26.386646270751953,26.386646270751953,26.18408154818903,26.354661725039033,5537300
26.83441734313965,27.010327245136107,26.264039546538292,26.33866811305048,11116400
27.91636848449707,28.093123144993537,27.096874804930764,27.145080435682754,21457900
27.67534065246582,27.88423308363118,27.493232759971853,27.584286706218837,6821900
27.819965362548828,28.328802270869033,27.680705745863833,27.814610087883988,10571900
27.991355895996094,28.1145496584909,27.79853540705196,27.79853540705196,6516900
27.57894515991211,27.986013548879647,27.52002690973634,27.87888964339812,6020100
27.252212524414062,27.584294723744474,27.10223827050829,27.578939449027686,7780800
27.573566436767578,27.584279023321894,26.85048421169544,26.85048421169544,7948700
27.150442123413086,27.439675976260148,27.011182514570798,27.439675976260148,11494200
26.62017059326172,27.166500286904725,26.352362040096544,27.166500286904725,16251300
26.40593719482422,26.539841543726187,26.352376272550718,26.379156733687466,5466300
26.513057708740234,26.941551162056083,26.405933834606785,26.941551162056083,10666100
26.218469619750977,26.507703478335728,26.207757027593985,26.507703478335728,11245300
26.33094024658203,26.486269717735528,26.250596853028878,26.35236542395852,10067000
26.42198944091797,26.539823799781846,26.304153038837246,26.38985168310954,7913700
26.33094024658203,26.61481669555973,26.239886307558006,26.55590052260044,7078800
26.700525283813477,26.93084091815304,26.40593613667766,26.438073914684853,11066100
26.78621482849121,26.925476442382074,26.700516159642003,26.861202951549526,10652200
26.914772033691406,26.941552492743007,26.72730677711212,26.786222969738425,8141400
26.780868530273438,26.90941759823472,26.72730761050014,26.72730761050014,7535700
26.454132080078125,26.700515491451583,26.13276259074034,26.13276259074034,10924400
26.491626739501953,26.834421427288312,26.379147615675336,26.834421427288312,12387200
26.470199584960938,26.636241643371648,26.309514842456863,26.421996001105335,10641600
26.432710647583008,26.529121916687362,26.31487624118032,26.405930193546837,7847100
26.76477813720703,26.76477813720703,26.35235286376009,26.35235286376009,9461900
26.83441734313965,26.88798028196503,26.721938236432145,26.88798028196503,12128400
27.037944793701172,27.037944793701172,26.721930695075844,26.823699228514762,7724500
27.075448989868164,27.193285427430144,26.887983787580882,26.904051649714802,8099500
27.171878814697266,27.17723613454735,26.941563098396273,27.075467489584344,2983100
27.112937927246094,27.16114354957022,27.048664445219643,27.080802207841444,1279600
27.450397491455078,27.45039749145508,27.17723345933681,27.23614966935626,6589200
27.514665603637695,27.64856995528135,27.31648773530619,27.450392086949847,5881800
27.669986724853516,27.712837085089397,27.42895855657077,27.47180891680665,5580900
27.669986724853516,27.90030230307729,27.53072714052217,27.669986724853516,6463600
27.83066749572754,27.894943026858112,27.584284089379032,27.852092672771064,8433800
27.70747947692871,27.90030200952614,27.61106821063,27.696766886982452,7298000
27.718198776245117,27.73426664344503,27.562869249252266,27.66463785676667,7279200
27.84673309326172,27.84673309326172,27.58427982311369,27.718184094099676,6464900
27.530717849731445,27.79852638117546,27.525360534901075,27.79852638117546,6427300
28.060985565185547,28.11990378574668,27.57357398129464,27.578931297646122,10459500
27.986007690429688,28.25381637646251,27.873528532668253,28.066351113526785,7402800
27.85209846496582,28.071701467287802,27.793180237452013,27.94850973849428,6410600
27.766408920288086,28.25382072210659,27.669997615030056,27.889600689624803,7112400
27.021886825561523,27.578929176659056,27.01117423689995,27.578929176659056,15364000
27.584291458129883,27.825319656213427,27.209358932579683,27.209358932579683,14023400
28.152053833007812,28.20025948510889,27.58429860195268,27.589653877422393,11084500
28.414499282836914,28.500197974918503,28.18418366476427,28.200253574241934,8893500
28.38770866394043,28.682297684828438,28.25380437778977,28.548393398677774,9367400
28.655529022216797,28.71444725927083,28.323446828079092,28.387720339766172,7999100
28.53767967224121,28.762639926473707,28.537679672241207,28.57517270741043,8900400
28.473417282104492,28.719800764406433,28.44663682415306,28.60196634077653,8381300
28.864408493041992,28.94475188451696,28.40377740744912,28.49483338733524,7692000
28.612672805786133,28.8804814335148,28.575179761361536,28.82692052525614,6592900
28.671592712402344,28.864415262590935,28.41449665989015,28.607319210078742,7009400
28.83763313293457,28.87512617738177,28.60731754949167,28.735866589894698,5047600
29.180423736572266,29.36253365959681,28.842984340893793,28.91261514643131,9436700
29.19114112854004,29.3786063551977,29.116155037876975,29.21792158331717,7138300
29.003671646118164,29.271480241028886,28.960821290188083,29.185781572386155,6603100
28.982255935668945,29.084022499420417,28.719802527906182,29.046529447342607,6071800
29.153656005859375,29.27149249076269,28.960833409915153,28.982258596846354,5686200
29.2714900970459,29.373256661819568,28.923337989148532,29.07331019896617,7302400
29.373701095581055,29.535096703939413,29.21768848758794,29.31452503171079,5764400
29.174650192260742,29.513578109246943,29.09933333342614,29.38446202822299,4994700
29.271486282348633,29.389842517084364,29.1531300476129,29.309144711177193,4818400
28.991731643676758,29.169265966115386,28.954073221140703,29.104706911284914,4725700
28.819580078125,29.131609372707107,28.81420118266645,29.05091157521719,8285800
28.674325942993164,28.93793697567778,28.647427360612358,28.916417288881018,7212400
28.539823532104492,28.77653592064411,28.399949708882698,28.77653592064411,7412800
29.147750854492188,29.223067711381606,28.787303257939406,28.787303257939406,12268600
29.08318519592285,29.223059023960065,28.916410739367482,29.02400709675063,7286100
29.034759521484375,29.20691282843308,28.878744945740458,28.878744945740458,4962700
29.002492904663086,29.266103927538804,28.997114009279183,29.050911172039026,4967100
28.921791076660156,29.31451810853652,28.78729613627864,29.31451810853652,6921500
28.442996978759766,28.889521284604157,28.410719497914464,28.792684737607313,10710000
28.63127899169922,28.72811549748408,28.35152931412403,28.35152931412403,6706500
28.529062271118164,28.631279725527378,28.426846868938604,28.53982211117333,3958000
28.582862854003906,28.798053508827394,28.389189828101944,28.416088403426162,7141300
28.566728591918945,28.921795203096316,28.507552533581233,28.744262923622742,5588400
28.335391998291016,28.53982487467496,28.270835003938664,28.534445980241365,6423800
27.85121726989746,28.37305838465482,27.82969758321606,28.30312042905542,9345100
27.496145248413086,28.136340409725126,27.436967147776787,27.786654804865893,9841900
27.28095245361328,27.566083114786437,27.167977199378754,27.51766485551023,10039500
27.205631256103516,27.49075981933765,27.054997607939,27.280948080185777,7877500
27.480016708374023,27.555333572680837,27.227165476289183,27.313242185815632,6583200
27.372413635253906,27.78127739276947,27.232537733729803,27.598364173089582,7599200
27.426206588745117,27.636018356615395,27.37778833060353,27.39392706590745,6196900
26.925893783569336,27.512291960992755,26.904374094874967,27.431596206734586,10158900
26.6300048828125,26.931274363724043,26.495509908656878,26.92589341550877,9306200
26.71070098876953,26.915131858873544,26.54930538826699,26.915131858873544,6573300
26.71070098876953,26.893614224072806,26.63000318851826,26.656901771191915,6845700
27.006591796875,27.038869277933266,26.603106865802857,26.872096819850952,9804900
26.968936920166016,27.167988937758647,26.925897536778013,27.167988937758647,5767800
27.205631256103516,27.367024743741148,27.114175698926356,27.119554592548145,6578300
27.124956130981445,27.356287742202838,27.049639244022156,27.173374422916883,5754900
27.286340713500977,27.39393504985855,27.06038809224316,27.19488306492054,7201900
27.178735733032227,27.560700842151928,27.098037954044223,27.463864328258232,6380700
27.533815383911133,27.571473818118395,26.845201670143187,26.845201670143187,7411400
27.716718673706055,27.71671867370606,27.334753520210953,27.533805465348824,7122000
27.695194244384766,27.705954084471536,27.469243759251544,27.49076138719543,5042500
27.64141082763672,27.8350839409505,27.59299254930827,27.695208002565803,6221500
27.367021560668945,27.867342750713668,27.18410841535981,27.84044418127424,8022200
27.54456901550293,27.571467597835248,27.33475720018844,27.361655782520764,5346000
27.64678955078125,28.028754826181057,27.61989096348547,27.94267811549616,10773300
28.297733306884766,28.29773330688477,27.57684037819442,27.61450084778473,9254300
29.330663681030273,29.465158652759744,28.442996046723614,28.502174162641445,19346800
29.120838165283203,29.422105446919524,28.943303900979423,29.411345607971164,11372700
29.00787353515625,29.08319244064753,28.722744861459713,28.927177786189663,7614800
28.582862854003906,28.932548437678232,28.534444597528417,28.894890021778377,7574100
28.87877082824707,29.024025695962244,28.523704057909242,28.539842803578328,7676200
28.857240676879883,29.040153919703258,28.625909162361186,28.744265393667604,7143200
28.87877082824707,28.975607406723853,28.701236416962587,28.80345394548316,5926700
28.997119903564453,29.040157232074538,28.81958553635494,28.884142555235385,5911500
29.244577407836914,29.400592016506142,28.99172628704401,28.99710723340073,8520100
29.153135299682617,29.303771094365032,29.002501557231028,29.185414838306883,6545900
29.104711532592773,29.190788233804067,28.878760961499545,29.131612169158533,6278100
29.067052841186523,29.346802630650693,28.986357088910392,29.06705284118652,7359100
29.551237106323242,29.583516640256917,29.126232477900523,29.16927185647876,7374300
29.48129653930664,29.594271819753985,29.27686361357072,29.470536695612083,6534900
29.093944549560547,29.44901108641669,29.061665027217337,29.319895049273644,6399200
29.502803802490234,29.61040014189456,29.061660657939036,29.072420497102417,8673000
29.750286102294922,30.11611257440579,29.56737286623949,29.5996523969188,11046000
29.830991744995117,30.09998174801179,29.465165176713974,29.465165176713974,11477400
29.664222717285156,30.33669784980334,29.540487539169558,30.067707796796068,8244600
29.718002319335938,29.73414105513669,29.325275295525362,29.588886276240288,5798200
29.551237106323242,29.723390516175133,29.357564007182226,29.718011619968117,6619200
29.483638763427734,29.732399708479562,29.240284768079697,29.49445472576919,5393000
29.580982208251953,29.79729527978343,29.272734482545737,29.29977335862042,6229800
29.543128967285156,29.683732368239802,29.48904914927635,29.67291640463804,5361600
29.353839874267578,29.656680534006576,29.353839874267575,29.629641668282236,5748700
29.516084671020508,29.629649173589012,29.321401487798077,29.332217449414184,4560300
29.710771560668945,29.76485137925092,29.505274438859878,29.570168158224103,6605800
29.370075225830078,29.786480506562857,29.326811375031582,29.73780970588152,6242700
29.937896728515625,30.121763949318233,29.26732155178444,29.28354652560455,8148300
30.002790451049805,30.24073541689014,29.835146141043865,29.851371114872656,9073300
30.17043685913086,30.219107658134366,30.051463336470313,30.094727185777376,5652800
30.12717056274414,30.19747328069084,29.699949368740388,30.06768380624568,5505500
30.159610748291016,30.219097489604387,29.824324280718507,29.86758605253439,5164300
30.392168045043945,30.581442285196836,30.154220928355173,30.186668825067596,7907800
30.60306739807129,30.786934645940978,30.267780791815042,30.28400370508959,8850000
30.489498138427734,30.7112201914182,30.43541833103145,30.59765569028658,5193600
30.673349380493164,30.673349380493164,30.37591575207591,30.57059883142806,4924100
30.80856704711914,30.976209321364138,30.63551575974324,30.673370599923338,7499600
30.694988250732422,30.80855478902097,30.597648745380194,30.803145778042197,3891400
30.86263656616211,30.949162186763594,30.662546455321205,30.689585324959133,4404200
30.830196380615234,30.927537985956835,30.71122491192419,30.71122491192419,4257000
30.397563934326172,30.74366645490319,30.246144597307158,30.689588709663187,8312400
30.219104766845703,30.386747009536286,30.20828880555378,30.294814432955473,4471900
30.0406436920166,30.14880123909335,29.86759244186726,29.975749988944003,4750500
29.878414154052734,30.056874450520567,29.75403367299971,30.00820364811425,8467400
29.894641876220703,30.121773011632367,29.721590564923414,29.72699957880203,4514400
29.943307876586914,30.01361060517552,29.748624666916335,29.92167801334998,5235700
30.089313507080078,30.17583912934246,29.818920679643437,30.013603845467188,6199300
30.116357803344727,30.31104100424483,30.040648128091117,30.062280053287555,4445500
29.47281265258789,30.019005153688376,29.47281265258789,29.959520475693804,7932400
29.727005004882812,29.818937628256215,29.570176580726713,29.608031433049256,6590200
30.143402099609375,30.28400550318312,29.72158776301981,29.726996776388503,6198300
30.12175178527832,30.1866454655516,29.894620809922504,30.14338369968038,6122400
29.997371673583984,30.15960690736541,29.775649706065018,29.932475929725076,6363200
29.932483673095703,30.359704814155155,29.808103226255632,29.89462884418496,4800000
29.716175079345703,29.975751971739864,29.699950105304108,29.835146532359428,5752600
29.489051818847656,29.737814878339822,29.434974058877447,29.624248281707487,5457900
29.613414764404297,30.03522888130095,29.52688916197759,29.537705120147564,5780100
29.73780059814453,29.84054911792146,29.62423405604725,29.6891298123695,3899600
29.683719635009766,29.851363904522618,29.478220540596148,29.662087717085548,4227200
29.948688507080078,30.094700775956483,29.770228379698228,30.04062101178074,6372900
30.240734100341797,30.446233235445494,29.93789544117176,29.954118351360542,7503400
29.932483673095703,30.33266594535226,29.883812884077113,30.311034025136564,5474900
30.716629028320312,31.441281988492868,30.013607992435617,30.137988462690043,23213100
30.500320434570312,31.19252560953826,30.23533448062744,31.19252560953826,8860200
30.45163917541504,30.657136226853957,30.338072626749554,30.608465438264016,6541100
30.14881706237793,30.60307734816702,30.121778177151075,30.581445414811654,6014500
30.413780212402344,30.500305817807387,30.14879438544951,30.175833250338616,6924700
30.143402099609375,30.39216307828132,29.948718877019445,30.39216307828132,5245600
29.975765228271484,30.10014574861657,29.66751740330003,30.06229089733479,5885000
30.0947322845459,30.13799407824867,29.808114391661366,29.91627197031963,5083300
30.110939025878906,30.20828058809301,29.635047173158082,30.040636328072473,8636000
29.997371673583984,30.15960690736541,29.835134376869636,30.089304216318055,4832100
29.889232635498047,30.062283933538087,29.737813265446565,29.85137779298518,5033400
30.0244197845459,30.13257732802956,29.743210996661794,29.743210996661794,4140500
29.975765228271484,30.273197086743185,29.889239559208175,29.94331732877224,5934200
30.05686378479004,30.094718610680545,29.84054872575863,29.878403551649132,3438700
29.862194061279297,30.28400634668344,29.797298276652338,30.121771010984478,6130000
29.526897430419922,29.86218603878102,29.418741944299477,29.86218603878102,6053600
29.467395782470703,29.689117702131053,29.451170818541673,29.559328305361166,3450200
29.73780059814453,29.743207546371394,29.402512045946175,29.46199879110825,3931800
30.284000396728516,30.359710067650923,29.580979371534077,29.580979371534077,6071100
30.446224212646484,30.68957810802803,30.33806669659546,30.365107622807994,7663000
30.188051223754883,30.628314950562068,30.030424966128592,30.57396206958793,6049000
30.486997604370117,30.573963461946917,30.182616066136525,30.188052598539223,4739500
30.731578826904297,30.73701328394991,30.4652448162343,30.519599753834736,6458700
30.997913360595703,31.01422087995622,30.72071041261538,30.731581401046043,4851600
30.862037658691406,30.987050950107104,30.785942792040945,30.818555766360973,4444400
31.003353118896484,31.046835003716463,30.796808464071148,30.802242922137676,3809300
31.00878143310547,31.313162860254366,31.003346976115683,31.0522653827391,4667300
31.074016571044922,31.253384818291753,31.01966368768929,31.237079367970985,4028100
31.340347290039062,31.356652738598363,31.08488420432004,31.106626184685357,4701100
31.264263153076172,31.43819490878321,31.23165017134482,31.34035803701924,3930800
31.367542266845703,31.44363716966665,31.296883899043735,31.307752822220504,3488200
31.27511978149414,31.443614926136622,31.247943345915914,31.318601663733478,3327400
31.579505920410156,31.57950592041016,31.258818935883106,31.258818935883106,5775400
31.4110107421875,31.557766013771715,31.204466055502728,31.525153040054256,5949500
31.372962951660156,31.47623425710963,31.258818581666,31.351220969429882,4948800
31.443613052368164,31.595804814709343,31.405565630140117,31.416436618409417,5102200
31.449064254760742,31.68821988796863,31.36209838146424,31.55233558135347,5706000
31.67190933227539,31.731698749302684,31.525154055961945,31.66103834068592,7263800
31.258813858032227,31.699079601232118,31.258813858032227,31.671903164265782,5118500
31.29143714904785,31.32948458803788,31.019668542873436,31.204471278009237,5117200
31.60669708251953,31.60669708251953,31.171865552708695,31.41645776986969,5855000
31.71538543701172,31.89475365535813,31.54145375018267,31.54145375018267,5435500
31.62299346923828,31.8023596614245,31.57950949935689,31.661040906169596,4387000
31.590383529663086,31.731704371937674,31.579512536147348,31.601254523178824,3299700
31.807811737060547,31.960001559152392,31.704540368274056,31.720845828232235,5227100
31.48166847229004,31.612118291232473,31.389268158670866,31.389268158670866,4731500
31.47080421447754,31.497980659364206,31.199035618751243,31.470804214477543,5331500
31.144676208496094,31.334915442398735,31.08488679422468,31.296868010304113,4714500
30.74247169494629,31.10120624471801,30.720729704431555,30.981627370317323,6333600
30.737022399902344,30.965309058671473,30.57396168559838,30.682669519610847,4555900
30.726154327392578,30.95987546701687,30.628317474832194,30.628317474832194,4313000
31.03597068786621,31.21533894407023,30.58483592788314,30.80768607825712,4975300
30.997913360595703,31.003349891525552,30.80223971570181,30.943560491871416,4102400
30.617446899414062,31.247949874329443,30.48699707858384,31.101194603431523,7942900
30.98162269592285,30.98162269592285,30.503309343916616,30.650064647603642,5786400
31.11749267578125,31.226200488461057,30.959866451066976,30.98160842828875,6920300
31.231645584106445,31.280564012803396,31.06315038681789,31.1827271554095,3826700
31.389266967773438,31.39470142636799,31.12836941321647,31.253382695185678,3743100
30.39459991455078,31.351226569255996,30.193491726573516,31.33492111638565,10501300
30.0684757232666,30.383728273388172,30.00868630352425,30.122828610252515,8960900
30.0902099609375,30.14456283393068,29.791265012616584,29.997807588734045,7255600
30.883785247802734,30.916398228042894,30.090221389495476,30.166316269959186,11660700
30.715280532836914,31.09032245790559,30.606574771848965,30.93813066034939,7024600
30.72072982788086,30.97075649951398,30.704424371644457,30.704424371644457,5820600
30.753339767456055,30.987058886270955,30.70985579055924,30.834869113992376,7227200
31.155546188354492,31.237077582156402,30.54678522116987,30.54678522116987,6466400
30.769638061523438,31.209901821281992,30.693543193092562,30.89465135586412,5435400
31.253395080566406,31.253395080566406,30.617457428086627,30.628326349582967,6049000
31.405574798583984,31.503411648140847,31.07945334901417,31.144677224242212,6910700
31.139232635498047,31.51970891851186,31.11205620244612,31.405564582207464,5131100
31.02509880065918,31.150112085401336,30.95443839678596,31.035967718089367,6234900
31.106637954711914,31.166427386624772,30.81856386287377,30.9870590908862,6610400
31.400129318237305,31.416434762963757,30.92725276031028,30.976171167918515,5945100
31.53058624267578,31.568635747211587,31.24794877543729,31.29143066523187,5581200
31.731693267822266,31.786046142950834,31.476230193173592,31.487101182885162,6801500
31.764318466186523,32.008910661257225,31.57951570473646,31.71540002717238,6724200
31.546903610229492,32.06869889117452,31.42189028709246,31.42189028709246,7443800
32.31328582763672,32.60135987009148,32.166530539943786,32.193706984309934,9375800
32.18828201293945,32.340471804994635,31.970866247063125,32.20458746967954,9121900
32.16652297973633,32.476338934238825,32.0686861442693,32.15021753163493,6466200
32.52527618408203,32.75356088339556,32.20458905402457,32.23176550773849,6775000
32.51982116699219,32.73723473270733,32.356758400919325,32.52525562492765,5096600
32.67744445800781,32.960083951996545,32.54699673673864,32.59591515057187,6436700
32.93833923339844,33.07422347458148,32.541557497955424,32.61221788393072,5627500
33.31243896484375,33.31243896484375,33.0066191030735,33.09399590883252,6120300
33.39980697631836,33.5800227625603,33.050299845308714,33.31243019356595,5326500
33.32881164550781,33.52540992135024,33.31788928760248,33.36703885656309,3953700
33.257816314697266,33.552711617487105,33.1758996797283,33.257816314697266,6264900
33.377967834472656,33.50903407210482,33.230519098346655,33.25782604013927,4666700
33.061222076416016,33.36703977325999,32.97930543148891,33.323352423665206,5213900
33.24143600463867,33.350657504208115,33.0666824386183,33.0666824386183,4752300
33.07760238647461,33.252355939760385,32.91923132780104,33.22505108766448,5376000
33.04484176635742,33.25236243261475,32.984771913307874,33.132218560061496,4001300
33.012081146240234,33.197757117874744,32.92470434095502,32.93016447987337,1672900
32.87555694580078,33.26329141485775,32.71172568539069,33.03392806692912,5021800
32.94108581542969,33.175911362928346,32.7663322102996,32.82094193069252,8543200
33.41619873046875,33.47081053683668,32.8864777496779,32.946549695068924,5431500
33.72201156616211,33.85853792877815,33.257822766558355,33.30151011931746,6167000
33.809391021728516,34.02237183089275,33.590947991021686,33.71655408777575,6053700
33.76569747924805,33.853074258876894,33.672858479077355,33.672858479077355,3369400
32.99021911621094,33.83122172787687,32.95745205020955,33.33972615398736,11385900
33.39434814453125,33.55817935819449,33.20320999256838,33.274204282338985,5990700
33.48173141479492,33.585490717456125,33.175911562365194,33.394354611704614,7539100
32.90285873413086,34.18074577908429,32.90285873413086,33.58003051930394,8732900
33.115840911865234,33.21414007958102,32.54789062800232,33.02846410536535,8681000
33.54727554321289,33.62373001296848,32.94656006665209,33.03939704186157,7057700
33.257816314697266,33.519946630080774,33.10490540163697,33.33973086643967,7329000
34.65037536621094,35.08179689107827,33.61277465263409,33.74930095267178,28705900
34.72138595581055,35.0872756120495,34.37733893459896,34.38279907254905,18006800
34.442874908447266,34.8961434890581,34.36095824732593,34.72138988967801,8646100
34.37733840942383,34.45925297678577,34.19712261141902,34.448332701052415,9117100
34.56846618652344,34.62853810477409,34.02236086893784,34.02236086893784,6678000
34.732303619384766,34.8196804026033,34.43194605727272,34.43194605727272,5552700
34.694087982177734,34.93983591797899,34.694087982177734,34.830614381708706,4677700
34.81968688964844,34.896143412032295,34.73231009015126,34.81968688964844,4089000
34.694087982177734,34.78692701713711,34.59578880785723,34.732315207388204,4583100
34.70500183105469,34.863372915637086,34.67769697449183,34.786918483970275,3206800
34.63400650024414,34.814222297970815,34.58485900983901,34.786917442225636,2949600
34.35002136230469,34.704988528010595,34.235337675537764,34.59576706039869,7859500
34.240814208984375,34.53571166984984,34.19712477038486,34.459255152300685,6989600
34.21895980834961,34.45378526631673,34.18073260200394,34.333641427386624,6888100
34.3172607421875,34.453787081536866,34.235344105287226,34.268111176692656,5277500
34.19166946411133,34.40465029931451,34.16982474172449,34.393727938121096,5037800
34.459259033203125,34.52479319848305,34.18620626088543,34.25720056499168,5419300
34.339115142822266,34.45925693874516,34.20258876496158,34.32273056088449,4880000
34.579410552978516,34.62856014617445,34.16983130408832,34.37735204016313,6093800
33.8421630859375,34.56302227692788,33.79301350095054,34.486567829887605,9014700
34.240814208984375,34.26811906649553,33.97868382706855,34.10428783820153,6820200
34.421016693115234,34.43740126885234,33.984132865943316,33.984132865943316,6122900
34.30635070800781,34.55755876267104,34.21351376385167,34.42103237428094,4697100
34.126129150390625,34.37187492668313,34.07697957848675,34.30634285855359,5274600
33.77662658691406,34.18074560039667,33.77662658691406,34.05514157703476,6426300
33.58002471923828,33.82031036500194,33.42165364026301,33.776620929466574,5938600
34.797847747802734,34.868839972306986,33.80393577246895,33.80393577246895,11172300
35.30574035644531,35.485956268114,34.26267837497593,34.53573127152004,12781800
35.07090377807617,35.30572936264034,35.0545212760179,35.15282045482279,6360100
35.28934097290039,35.39309819077699,35.09274264809112,35.15827264539117,6968700
35.3330078125,35.474996343319354,35.14187180935031,35.458613852542584,6168900
35.72621536254883,35.72621536254883,35.2347196542008,35.28387130826245,7340300
36.04296112060547,36.070268060763325,35.595154800613685,35.60607507680437,7068000
35.85182189941406,36.04295796441948,35.75352275648932,35.922814104572154,5022300
36.174034118652344,36.174034118652344,35.748072413266705,35.753534635925654,4851300
36.2887077331543,36.32147689537226,35.971969719044786,36.17948830297229,4892100
36.22319030761719,36.39248173306353,36.11942889643103,36.29418254521761,6379900
36.146724700927734,36.30509579731595,36.02658082322259,36.23956163680741,4529800
36.11394500732422,36.16309665498755,35.971960617303786,36.07571779978746,4002900
36.528045654296875,36.68710221473039,36.14411891151782,36.193479127951846,6584400
36.198974609375,36.53354122461469,36.08928242071786,36.53354122461469,5217600
36.14959716796875,36.204443236183536,35.94666211263857,36.10023277743469,4186400
36.056358337402344,36.1276620002046,35.880848388522345,36.023451529639615,4607500
35.842472076416016,36.03443551678918,35.836986211122735,36.03443551678918,5354200
35.88633346557617,35.974086345851184,35.76566959377177,35.8918193282456,6185200
35.688899993896484,36.127677142242895,35.677932448207876,35.677932448207876,8299800
35.875370025634766,35.95215537383541,35.76567368214266,35.869884162338245,4928200
36.13862991333008,36.17153672143158,35.69437126601069,35.842456086954726,4817000
36.31962203979492,36.35801470684491,36.116686979966744,36.12217284225585,6456100
35.979576110839844,36.33059603898559,35.979576110839844,36.23735728592854,6833700
36.55546569824219,36.741943180353914,36.423834288252316,36.456741094628015,8467400
36.72549057006836,36.82970103849074,36.26477853291351,36.500620414167685,6991900
36.61032485961914,36.80228827292168,36.4786934025672,36.80228827292168,5791900
37.15331268310547,37.158798548275065,36.75293239999513,36.85165705060258,8306000
37.53725814819336,37.66888967136644,37.213658930799966,37.241084082685916,9389500
37.400123596191406,37.515301649178184,37.295913088232005,37.32333822753356,8537100
37.164268493652344,37.356231847467676,37.13135750122166,37.350745984648015,6375500
37.2958869934082,37.443971762355325,37.186194881927804,37.22458753939453,5041700
37.07652282714844,37.433028699277365,37.01619087104253,37.3013972425411,5807000
37.197181701660156,37.2026675654237,37.01618585785512,37.071031942026586,5589000
36.890037536621094,37.213632338286,36.890037536621094,37.208146474930814,5014000
36.77485656738281,36.99424087016482,36.77485656738281,36.80227751298689,5408700
36.74195098876953,36.950371965408216,36.64322636417436,36.654198091622696,4405800
36.88456726074219,36.88456726074219,36.56097232232556,36.74744991033051,10640700
36.665164947509766,36.884553462997665,36.56095864563113,36.884553462997665,5178600
36.63227081298828,36.87359868199603,36.555485433665694,36.555485433665694,5072300
37.40559005737305,37.40559005737305,36.64870422377356,36.6541900862996,9565500
37.34526443481445,37.581106349449776,37.27396494787364,37.405596379336586,8876600
37.487884521484375,37.57015577248263,37.389159857184396,37.42207086827749,5145100
37.25202941894531,37.36172577658529,37.13136551778544,37.32333309753334,9428000
37.32332992553711,37.433022089366496,37.24105871042116,37.257512116546785,6516300
36.835201263427734,36.99973954750011,36.74744416433142,36.95586099795196,12551500
36.665164947509766,36.99424562849767,36.555472782009765,36.922946139371454,11052700
37.28495407104492,37.345281859226795,36.66518093078038,36.72002703743917,8684900
37.84987258911133,37.871811866162346,37.175253419382685,37.284949804637755,9114300
37.740169525146484,37.95407220792892,37.652416616960906,37.904711981666125,5689800
37.97601318359375,37.981499048253944,37.55369366351021,37.62499316613794,4975300
37.646915435791016,38.1076316159092,37.646915435791016,38.096659891544576,4822800
37.784053802490234,37.98698897171344,37.679843285255465,37.73469356874058,4449500
37.646915435791016,37.685308102093636,37.21362438209761,37.449466242095625,9775400
37.6195068359375,37.83889539025463,37.542721469599805,37.542721469599805,7138400
37.98147964477539,37.986965506633034,37.422043085405484,37.624973944786326,8069600
38.06377029418945,38.387365172951924,38.00892420103346,38.33251907979592,12990700
37.86631393432617,38.01439877662037,37.55368665882697,38.008917097471326,9164900
37.871803283691406,38.365422259763434,37.52078329940147,38.32154790009341,9343700
37.35076904296875,37.92666364442783,37.213651679239426,37.871817535834076,7882400
37.454952239990234,37.55916269939783,37.20265697701792,37.47689150431219,7696200
37.564674377441406,37.72373103243814,37.29043963113465,37.47692143455812,7021900
37.59209060668945,38.11862069253396,37.53724450733903,37.844386011292706,5981500
37.3068733215332,37.67435086750431,37.295905778655346,37.51529429660385,5866900
37.47690200805664,37.51529468525877,37.12039618575795,37.2081490831537,5966400
37.10942459106445,37.48237959488618,37.087485322988904,37.350748170920426,6406300
37.64144515991211,37.64144515991211,37.18073297351227,37.19718638238533,6540900
37.723716735839844,37.75114187387295,37.48787477601622,37.66887064426219,4361200
37.6962890625,37.75113514430072,37.471414687282916,37.7456492807743,5716300
37.41656494140625,37.43301834588646,37.103937702820105,37.378172269456634,8439700
37.57563781738281,37.62499805226858,37.24107116597074,37.43303460911966,6279600
37.41108322143555,37.77307489803779,37.37817640883093,37.77307489803779,4731000
37.3891487121582,37.454966530235644,37.16976016972181,37.350756031068464,6766100
37.14780807495117,37.378164056030776,36.999719098195364,37.295892867220495,6870600
37.26847839355469,37.356235469228366,36.87906578535004,37.19717890793559,4969700
37.103946685791016,37.37269545450319,36.88455814246972,37.339788637575936,4845300
36.982688903808594,37.1370124207037,36.79529726329324,37.01024847682577,5954700
37.28031921386719,37.28031921386719,36.982693449699596,36.988206205980745,3943500
37.42910385131836,37.4511464485691,36.96612941409891,37.10391877440269,5294400
37.258262634277344,37.522820201461506,37.19212639623121,37.47872657276417,8495100
37.15354919433594,37.32991952155648,37.076383233989176,37.230710949682404,8134400
37.037784576416016,37.28580798953829,36.97715691131934,37.28580798953829,6191100
37.07087326049805,37.24724358094793,36.949617876751226,37.0929200761793,5877000
37.258262634277344,37.30786901781182,37.07087101981347,37.09291783416214,8353300
37.18662643432617,37.31339040419048,37.037811437527324,37.26930096532538,4725900
37.159061431884766,37.4787339957546,37.13150606224125,37.4787339957546,5032300
37.16456604003906,37.302355473050476,37.16456604003906,37.203146913082264,4409900
36.982688903808594,37.30787420440939,36.982688903808594,37.302361448805854,6398300
37.09843826293945,37.2637873209994,36.95514023128881,36.98269560429798,4966200
36.927555084228516,37.06534446887115,36.85590611801373,37.06534446887115,6761600
36.618927001953125,36.90001446328626,36.57483336703796,36.833878215913984,6526000
36.585838317871094,36.7732340799866,36.541748907666204,36.701580904031296,7041700
36.67404556274414,36.894509554078816,36.6575114992692,36.77876690475331,5520700
36.57484817504883,36.84491443949478,36.51422045374432,36.84491443949478,5296300
36.77875900268555,36.85040799734986,36.45908649418327,36.55278230374429,5228900
36.64097595214844,36.76773990365743,36.22760756200913,36.65199725901851,5248400
36.63544845581055,36.90000176425534,36.503171801588145,36.514193104023754,5413400
36.69609832763672,36.81735375276584,36.5748429025076,36.60240248276479,3981700
36.5693244934082,36.679558592397925,36.39295414002556,36.679558592397925,4655300
36.5417594909668,36.69608298387589,36.43703817577857,36.47010629425914,4434800
36.68505859375,36.78977991213358,36.051230543533414,36.78977991213358,14288000
36.6795539855957,36.81734343827638,36.48664538784245,36.58585396197255,8199500
36.66852569580078,36.762221507323176,36.486642622845494,36.56931712918881,8668900
36.37641525268555,36.7456899740809,36.35988119127984,36.73466866814389,8873100
36.018165588378906,36.43153398657377,35.92998251669775,36.31027858363648,8927500
36.14493179321289,36.53625335108078,35.825259240024835,36.21106804214796,18319900
36.18351745605469,36.326819689356206,36.095330172484175,36.111864236903365,6900200
36.41500473022461,36.43153879553478,35.511106049924,35.511106049924,6071700
36.211055755615234,36.37089197797629,36.045710984379035,36.34884516747831,7808300
35.825260162353516,36.200047667636625,35.61030893777945,36.16697954231775,9344300
35.797691345214844,36.06224889446105,35.72604235718963,35.72604235718963,6718200
35.74258804321289,35.963052038471915,35.48354316415861,35.49456867667209,6384100
35.35676193237305,35.78666420035687,35.35676193237305,35.77013014466502,6661400
35.22999572753906,35.32920427203147,35.00953393061115,35.32920427203147,8278900
35.42840576171875,35.43943126724415,35.01503760948028,35.218967411717315,8144900
35.70951461791992,35.726048679236236,35.33472714308219,35.42842296054154,6528500
35.70399475097656,35.82525011647841,35.6102989521795,35.70950750531742,5141600
35.505584716796875,35.764629557420875,35.46700383872523,35.61581880057322,6809800
35.60478591918945,35.75910939952968,35.45046243884923,35.65990084716818,6521400
35.841796875,35.90793733552857,35.58826475047528,35.58826475047528,6444500
35.60478591918945,35.86383070618889,35.52211142472163,35.742575341636005,5938000
35.836265563964844,35.85831237272598,35.54966546006765,35.57722502226878,11069400
35.80320739746094,35.80320739746094,35.467000829222,35.753605217720754,7312600
35.26306915283203,35.75360126858121,35.26306915283203,35.75360126858121,9850100
35.450469970703125,35.494563604454086,35.27409964069964,35.494563604454086,5398400
34.910335540771484,35.43393587734095,34.888288723915885,35.41188906048536,6741900
34.541053771972656,34.926864601708644,34.541053771972656,34.63475167894419,12640400
35.57172393798828,35.698487873700714,34.73396385273583,34.77805538222276,10789500
35.676456451416016,35.73707995816043,35.34024976082554,35.53866696199374,6391600
35.25205612182617,35.70400539755468,35.24103271235713,35.648890452709885,6143200
35.549678802490234,36.01816210074778,35.4118893497674,35.4118893497674,7348200
35.621341705322266,35.66543535660119,35.36780951797145,35.626854462982635,5554800
35.753604888916016,35.83076663780223,35.44495368837123,35.483534562814334,5090400
35.35676193237305,35.79768550248514,35.34022787668119,35.681942907643254,4049200
35.02058029174805,35.318206120318365,35.02058029174805,35.28513378047596,5019400
34.96543884277344,35.09771759738017,34.84969624655472,35.02055586656769,4002000
35.28514099121094,35.28514099121094,34.970983133521216,35.06467900471794,4601200
35.191429138183594,35.63786987202643,35.13631419221558,35.36229093718553,5351200
35.44496154785156,35.54968288956063,35.13631448386806,35.19142943029356,4688300
35.03158950805664,35.36779399019768,34.98198522339647,35.29063223683744,4850200
34.91584014892578,35.04811892465841,34.73395919760571,34.95442102049367,5402600
34.72843933105469,34.9323691561505,34.63474354857773,34.89929894336484,5432300
34.998512268066406,35.15283574385011,34.816629226607326,34.8441887922827,5578500
35.41188049316406,35.51660179664246,34.8993036890319,34.97095477522771,9326100
35.217987060546875,35.53930996567882,35.2124479578243,35.41188735615772,6121400
35.17920684814453,35.48944731977013,35.07948609273496,35.45620847687008,5380900
34.76923751831055,35.22352205545048,34.5864175737892,35.190281104921894,8909000
34.4867057800293,34.8689673001568,34.42576507826515,34.73046647373098,8021300
34.64183807373047,35.01302151655038,34.597518892809724,34.65291839729956,6143000
34.31496810913086,34.57535037030717,34.31496810913086,34.54210940717132,5206200
34.907737731933594,34.96867841688506,34.15429521925944,34.22631410751634,6364800
34.90220642089844,34.93544737829749,34.54210344581709,34.719384325235815,7581500
35.11827087402344,35.179211578674476,34.381447541477684,34.90220991270066,8006900
34.97420883178711,35.30660977551628,34.84124718628325,35.0019085582056,6161300
34.846824645996094,35.22354723453109,34.819122777409454,35.09612455642896,4130400
35.33987045288086,35.46728884289954,35.018547529574285,35.040708168427464,7373700
35.899417877197266,35.949276148635505,35.42297255656346,35.45621351754396,7817400
35.51160430908203,36.01020803490716,35.428505097014174,36.01020803490716,6475900
35.86063766479492,35.99913849827647,35.511612859327016,35.65011369280857,5124300
35.83292770385742,35.982506710438045,35.74982637721972,35.86062955497301,5923500
35.48390579223633,35.84400448215742,35.45620394222291,35.73874675086599,6670100
35.62240982055664,35.849548949778985,35.52822605799199,35.71658935641202,7406200
35.66119384765625,35.727671538384996,35.544853662171214,35.66673083741049,4896200
36.10991668701172,36.132077314816776,35.6500931701488,35.777515723350994,12995300
35.816307067871094,36.121006286252424,35.73320574405477,36.11546929758453,7212500
35.67780685424805,35.89940897914826,35.622407379700235,35.8606289242939,5301000
35.8440055847168,36.18194787707291,35.40634465999194,35.42850529534255,7173600
35.83292770385742,36.19303063481477,35.6833486972768,35.711046321683334,7239000
35.45066452026367,35.960348546277146,35.39526293409133,35.9548073309827,7814400
35.38419723510742,35.70551811423643,35.32325652181866,35.58364091436949,5981900
35.15150451660156,35.42850612490677,34.974223656354596,35.40080638674716,6244000
35.018531799316406,35.24013386159529,34.95759112652202,35.051772742664404,5573200
35.31771469116211,35.373114182590506,34.846812673955334,34.87451241966953,6285300
35.057342529296875,35.42298477276006,34.90222221793544,35.40082623781967,5646500
34.66952896118164,35.04071017311093,34.63074678429243,35.001930109576676,6826600
34.929901123046875,35.057321604662654,34.59750005042783,34.84680191156935,6950300
34.4867057800293,35.007468126582616,34.47008635713176,34.84680877407838,6667700
34.109981536865234,34.6750651320311,33.89392059734544,34.66398481290768,12716200
33.98256301879883,34.23740403343522,33.86068161468799,34.23740403343522,11685000
34.054588317871094,34.44238899174069,33.53382379006591,33.94932632351634,7672600
33.95485305786133,34.17091394496132,33.838512905323526,34.10997326124507,7801000
34.23740005493164,34.40360060545296,33.87729921436124,34.03241944640051,8046500
35.467308044433594,35.788631141700264,34.22080207774552,34.237421509205525,19778100
35.29000473022461,35.478365905254364,35.14042361064028,35.472824689702435,13318800
34.90220642089844,35.26230939597978,34.719384325235815,35.26230939597978,9214800
34.88558578491211,35.45620846359966,34.713844014358855,35.24014753141135,19695000
35.633487701416016,35.650107122097054,34.73046184181463,34.95760308232551,13733400
35.55038070678711,35.78306101266539,35.40080171778208,35.677803289553914,8621500
35.49497985839844,35.727660155234496,35.3897200260232,35.622402436213456,13887900
35.51160430908203,35.733206434638646,35.151503496745654,35.567003783793936,8744600
35.223514556884766,35.42849509145451,35.04623163849424,35.328774374452166,7066600
34.796932220458984,35.22351482120254,34.66951177296737,35.01299307113408,8961100
34.037960052490234,34.63628459682177,33.821899115933206,34.62520427785029,14097200
34.87451934814453,34.89667999446057,34.198634428994225,34.37591537281143,8903800
34.691688537597656,34.90221039840682,34.652908472890054,34.852350013303464,9769300
34.29280471801758,34.75816756915997,34.23740312064655,34.61412552935015,9859100
33.96039581298828,34.73600114005802,33.82189501267972,34.27063836648708,15350500
33.90499496459961,34.098895231834234,33.772033271814145,33.96039443713681,16977300
33.727725982666016,33.97702792350257,33.24020242206955,33.90500689318197,15227200
34.03240966796875,34.11551097602948,33.35098612727452,33.51718663004193,9768400
33.66678237915039,33.90500397843083,33.59476135502131,33.7665031469122,7394800
33.805259704589844,34.01578141385382,33.56703827095381,33.749858142492215,7059600
34.02133560180664,34.12659544644449,33.56705315789992,33.80527469718692,6115400
33.74987030029297,34.01025245256618,33.74987030029297,33.932692351043336,5902300
33.52274703979492,33.86068947446954,33.478427863783956,33.83298972529326,8901900
34.808021545410156,35.179202669401576,34.265096557846995,34.398058253717544,37611100
35.04070281982422,35.334323843068674,34.708301741183504,35.334323843068674,15168600
35.090572357177734,35.26785326053191,34.94099119871858,35.24569261927387,10596300
34.834381103515625,35.51380537189431,34.71743165141115,35.502667025347826,11696000
34.52252197265625,34.83438723314554,34.36101910594701,34.83438723314554,11069200
34.31089782714844,34.416708952026354,34.05472218307173,34.372157682128254,10625600
34.34429931640625,34.43897418561264,34.1382452473176,34.22178177165135,7681900
34.61161804199219,34.71742913989564,34.50023670900727,34.583771115429286,5094100
34.75084686279297,35.05714395885662,34.63946552120008,34.94576261726373,12698500
34.528099060058594,34.97919273192594,34.50582235725503,34.9736224940134,8675700
34.38887023925781,34.87894704155455,34.37216377563715,34.52809643455846,7696000
34.355445861816406,34.56150210451211,34.322032943645,34.44455051764446,6963600
34.088134765625,34.416708609996405,34.08256665360161,34.31089748617003,6818000
33.9990348815918,34.52809482394,33.82082552987369,34.305332072080844,21946800
33.67604064941406,34.11042580019693,33.6370574755963,34.11042580019693,14823200
33.436553955078125,33.6648847647138,33.280619216589045,33.63146972266131,14538400
33.458839416503906,33.831964590619755,33.341887800888365,33.436562715965415,10415400
33.469970703125,33.60919687431008,33.40314273579454,33.414281084420075,8127100
33.497825622558594,33.559083367968334,33.41985716359265,33.497825622558594,7960900
33.55351257324219,33.692738766492155,33.40871826700839,33.486684595320675,12785500
33.47555160522461,33.68160580939065,33.44770678700057,33.63705452511688,10199000
33.50339126586914,33.60920240860109,33.41428658661509,33.49782315285088,6942500
33.893226623535156,34.16610878711115,33.520099301121796,33.59806775799531,13197200
34.07699966430664,34.528093260404184,34.026878153629134,34.27748570701666,10639100
33.84867477416992,34.077005668727935,33.787414903167445,33.92664111020095,6946700
33.90436935424805,34.08257874413337,33.80412630688461,33.9600589919284,6282100
34.14940643310547,34.14940643310547,33.72615966696587,33.94892034014648,5179100
34.03245544433594,34.25521610785522,33.97676368513857,34.13826660017584,3591100
33.58133316040039,34.08254794427775,33.56462670907834,34.03799457485684,6324400
33.648197174072266,33.78185530124695,33.58136917269685,33.58136917269685,5603100
33.55351257324219,33.804120145976746,33.43656308077376,33.70944522986675,5325100
33.469970703125,33.55350725560516,33.430987545147,33.469970703125,5261300
34.322025299072266,34.44454284578329,33.9990196658748,34.010158010925274,10703100
34.85109329223633,34.88450621091125,34.394429534260645,34.489104427492315,9068100
34.706302642822266,35.05715321795673,34.583782922268625,34.84552882547943,9852600
34.862220764160156,34.9401891784822,34.606045204653924,34.7285648741665,5919200
35.07943344116211,35.09056966740124,34.76756599588727,34.817687511656025,7103700
35.140682220458984,35.140682220458984,34.80654028350637,34.81767863132781,6656700
34.806549072265625,35.07943335173837,34.49468162778579,35.062724763575936,8824100
34.64503479003906,34.83438243974777,34.41670398813348,34.806537634524645,7262400
34.42783737182617,34.68958317691846,34.20507471331076,34.47239075329812,7043600
34.12712097167969,34.56707621562542,34.02687795092186,34.14382955808796,9674000
34.63390350341797,34.66175043874034,34.166103457268896,34.38886619331051,7547400
34.622772216796875,34.87337981485886,34.36102839164176,34.69517043944219,7494700
33.859806060791016,34.69516312869419,33.82082290090936,34.10484549367326,11023500
34.07699966430664,34.104846600345326,33.753996025602795,33.83196234789603,7213100
33.05787658691406,33.85425079718499,33.05787658691406,33.520106568551604,19956800
32.578914642333984,33.97117595183544,32.32273907124704,33.97117595183544,25368800
32.65689468383789,33.13583311584007,32.61234340787792,32.71815454715301,15946100
32.69588088989258,32.974333294932215,32.49539481835632,32.82953897905784,11596300
32.52324295043945,32.71815879134194,32.322756871554986,32.6958820882607,11877300
32.0443000793457,32.489823457999286,31.994178566470737,32.38401231945126,20563700
32.22250747680664,32.534372760740844,32.10555799533132,32.11669422025218,13406000
32.10554885864258,32.51208893409313,32.072133820120584,32.49538035262098,10014200
31.9552001953125,32.02202818102566,31.754714113749642,31.88837008517597,11020100
31.6600341796875,32.05543816664855,31.63775960425466,32.022023116864744,10618900
31.632186889648438,31.927347828564127,31.576497268793403,31.743568255781366,10338700
32.634605407714844,32.71257382833955,31.704575839553595,31.771403789952537,14627400
32.60677719116211,33.25278670541002,32.46755098443262,32.94092136196688,12131200
32.51767349243164,32.723727689817196,32.43413904050833,32.69031475881723,8158200
32.578914642333984,32.65688093575852,32.32273907124704,32.512086694316125,5015500
32.885215759277344,33.00773544943148,32.690300001688875,32.690300001688875,9817100
32.913063049316406,33.080136139205166,32.690302470169044,32.90192682611824,8314500
32.846248626708984,33.10799459262776,32.62348795574326,33.10799459262776,11893700
32.89636993408203,33.00775133104743,32.712592434849064,32.957629808634174,6773400
32.93534469604492,33.03558771527964,32.718152195844006,32.929776583608735,6489200
32.87408447265625,32.96875937840511,32.690307022378754,32.862946123484456,8647200
32.629051208496094,32.89079713541943,32.551084879052496,32.85738208376226,9753300
32.349002838134766,32.86985781365131,32.15858271658619,32.86985781365131,10373100
32.43302917480469,32.79146673189359,32.38822554839676,32.46103170836669,7007800
32.28740310668945,32.438617160833495,32.15858765300949,32.377012463734914,8942200
32.293006896972656,32.3826162655066,32.17539500135734,32.27060402072521,7141200
32.309814453125,32.62904802595407,32.17540144164766,32.20340397433408,7794500
32.18661117553711,32.55064846717468,32.18661117553711,32.23141481208868,6462400
32.3994255065918,32.52263922049913,32.20900528348792,32.24260960631439,7349500
32.60664367675781,32.65704908460318,32.220201504458,32.220201504458,9560000
32.89787673950195,32.9594814538665,32.38822297787968,32.56744174220029,7423700
32.65705490112305,33.02669391233979,32.62345057775555,33.015492471217286,8570900
33.065895080566406,33.065895080566406,32.76346260530638,32.84747233836403,9240900
33.08830261230469,33.25071817648148,33.04349684532036,33.239516734735396,6219700
33.2059211730957,33.2675280467662,33.060304537791446,33.12751320168125,7888100
33.49153518676758,33.57554490994712,33.099493372689736,33.12749803805359,8900800
33.61474609375,33.732357987295984,33.43552735983541,33.57554212923467,10785400
33.793975830078125,33.82758015479872,33.68756533981438,33.82758015479872,11512300
33.872379302978516,33.91158327507053,33.771568478611556,33.82757567906889,5889200
33.92277908325195,34.07399529469725,33.83316971385354,34.04039098000188,7880000
34.16358947753906,34.21959450734649,33.771547859522215,33.771547859522215,7066500
34.05720901489258,34.107614440625795,33.950796373646455,34.034806128687414,6944600
33.82197189331055,34.051596060483675,33.765966832617046,33.97318812093033,5179200
33.569950103759766,33.827578978076055,33.4635396171976,33.64275840322674,7469400
33.37953567504883,33.530751952614935,33.32913024919346,33.4915479698893,7750000
33.3291130065918,33.49153064326191,33.23950364436961,33.39071984370499,6631700
33.23950958251953,33.4075290361011,33.155501992184846,33.166703431520695,7838600
33.16671371459961,33.45234302862442,33.07710430858626,33.295527102215246,9704000
33.13870620727539,33.469141264295885,33.110703670875,33.317927140442414,9271700
32.94268035888672,33.21711029348038,32.903476387724226,33.19470741382862,9506700
32.70746612548828,33.03229942989247,32.65706069971525,32.819476283688935,8809200
32.76346969604492,32.89788487073632,32.54504690657103,32.70746461952326,6432000
32.38821792602539,32.88667017007295,32.31540964673408,32.73545396067832,8974300
32.32100296020508,32.433015182585244,32.21459252399441,32.39941087493457,9309100
32.343421936035156,32.49463819107192,32.10259628576807,32.32101905311345,9114500
32.410621643066406,32.47783027771969,32.34901479619559,32.399420203957526,6708200
32.43302917480469,32.48343458979884,32.22020607411202,32.393825200526614,7339900
32.28740310668945,32.38261211385093,32.180990526384754,32.304204193493106,8810800
32.55624771118164,32.561847364141386,32.29861880944311,32.315422041235706,12658300
32.494625091552734,32.696246683655616,32.39941394574609,32.64023949892946,9145600
32.60664367675781,32.76345955162959,32.494631421939665,32.5170343001945,7619600
32.690650939941406,32.81946428393972,32.517033976335696,32.76345922531647,10014200
32.66825485229492,32.8250707479449,32.589844768013585,32.769063544886805,8139300
32.60103988647461,32.73545501129127,32.55063448172535,32.66264672966325,8543400
32.785865783691406,32.84187084860145,32.64585098496002,32.69625639796157,10586700
32.84746551513672,32.99867958489959,32.595438504772254,32.595438504772254,11577800
32.82506561279297,32.92587642607036,32.763458767295006,32.8474684905115,8572000
32.81386184692383,32.920272303856706,32.79145897079401,32.88106833885744,7541800
32.858680725097656,33.02109844779571,32.81947674188873,32.91468794143674,5591900
32.679447174072266,32.87546913820851,32.6178424685555,32.78025798158099,9377700
32.62904739379883,32.74666144713322,32.58984342150612,32.729858218681876,7798600
32.87546920776367,32.942675700759715,32.6794472432127,32.763456961799676,7049700
32.881080627441406,32.97629181834832,32.847478437144446,32.87548097454413,5945200
32.685062408447266,32.92588808807943,32.66265952279386,32.87548266358766,7158300
32.66265869140625,32.75786988478135,32.62345471073907,32.70746446157258,7834700
32.95388412475586,33.0826974871615,32.819468973813784,32.85307329566339,9805800
32.948280334472656,33.18350414850746,32.70745473260497,32.70745473260497,10235800
33.58674621582031,33.60914695698429,32.987483126449895,33.02668709405686,10776200
33.74354934692383,33.87236263992335,33.519524928212796,33.581131750181086,8264500
33.676353454589844,34.04599236605847,33.57554264814787,33.60354517516933,13707900
33.68196487426758,33.87238511558674,33.62595980065584,33.77157427392032,8518000
33.547542572021484,33.73796276071728,33.39632635131106,33.693157005044846,13160600
33.525150299072266,33.715570548002994,33.407538357912415,33.42433945337619,9614000
33.603546142578125,33.911578221593906,33.586745053172734,33.68755586251694,10327900
34.045989990234375,34.12439791500531,33.59794317978925,33.67074931767328,12877100
34.065711975097656,34.32493771740833,33.89665180183924,34.32493771740833,8717200
34.20096969604492,34.31367722920126,34.08262775360359,34.28550088334152,6199600
33.72761154174805,34.12208697054121,33.71070615827859,34.08263964263371,7840900
33.93611526489258,33.96992602581547,33.74451307069772,33.89103138403837,8260300
34.17842483520508,34.20660117688188,33.93046786912828,33.95300980235655,5661800
34.22914505004883,34.381297733670216,34.06571924945733,34.206603115543,6666600
33.8853874206543,34.09389493652713,33.86284548658232,34.00936375861582,6921900
34.34185028076172,34.516547047881836,34.01500083065104,34.0600825497586,10568900
34.471458435058594,34.76449709293961,34.381292859534966,34.44328209577938,9507200
34.69124984741211,34.79832082991352,34.398211098246726,34.47710573269172,12528800
34.589813232421875,34.758873470271624,34.556000324964906,34.617989580443904,8621700
34.589813232421875,34.7476025011193,34.567271294117226,34.62926054959623,6507600
34.40382766723633,34.76448989465262,34.3812857405937,34.68559530111986,12088300
34.51654815673828,34.58980837107342,34.353122351574235,34.53345353323206,8972700
34.640525817871094,34.66306560274876,34.33057959148469,34.460194640546575,8863300
34.75886535644531,34.79831266441141,34.54472129197431,34.54472129197431,11648700
34.57290267944336,34.758870429612166,34.55599730205251,34.713786556946744,9989800
34.67433166503906,34.77013379865654,34.494000513224066,34.584166089131564,6927900
34.82085418701172,34.88284342728977,34.65742839895448,34.65742839895448,6998600
34.47709655761719,34.93919542186448,34.330576147167854,34.54472020490004,7812800
34.55599594116211,34.79268196389961,34.375664757037,34.409477660204445,5004600
33.93046188354492,33.95863822025121,33.53035231305227,33.586704986464845,15467400
33.55854797363281,33.95865777451897,33.53600603140088,33.936117982004966,10361800
33.378204345703125,33.57544304244349,33.23168607501689,33.54163014164645,9490700
33.75012969970703,33.89665008557125,33.30493628455159,33.389467441759145,8491000
33.76704788208008,34.0093683316442,33.761413472663044,33.89102638642938,10294200
33.896671295166016,34.026284240859276,33.82341105639401,33.88540032383817,3302400
33.834693908691406,34.04883598996202,33.69944435498269,33.69944435498269,6556400
34.105167388916016,34.20096738831845,33.84030502632794,33.87975233781332,5631800
34.16151428222656,34.302398127839176,34.05444333345905,34.15024331661152,5353100
34.34749221801758,34.370034155960006,34.2066083304537,34.29113737316151,4732500
34.24604797363281,34.37002645481932,34.15024583370222,34.34748452192776,7102700
34.16151428222656,34.347481990299315,34.133337943047415,34.268587380710954,6169400
33.96427917480469,34.240410319880574,33.90792434437912,34.22350494561139,8022400
34.07136154174805,34.40948418841968,33.89666688319951,33.98683249236841,7532000
34.32494354248047,34.54472201998531,34.12207044025535,34.12207044025535,7284200
34.15025329589844,34.386939343544114,33.631801624407686,34.26296083526697,8302900
34.55036926269531,34.65180584517646,34.088270231266875,34.2742358660038,8465000
34.58415603637695,34.78702906062791,34.488356080323044,34.488356080323044,5563200
34.78702926635742,34.93354962905686,34.69686371612557,34.75321637887687,8654400
34.927955627441406,34.939226603666924,34.73071891779214,34.753258720524265,7828200
34.93920135498047,34.93920135498047,34.6517991929361,34.65743360211772,6303500
34.967376708984375,35.02373154778966,34.74196380291514,34.798316492003124,5660300
35.25478744506836,35.26042185511828,34.96738308901583,35.02373793810343,7658600
35.45764923095703,35.502733098501885,35.19278903314093,35.249141717854876,7786400
35.24913024902344,35.43509791756292,35.2378592858044,35.316753878621235,7059400
35.322410583496094,35.41821060092898,35.102632049651106,35.153350338209,4551700
35.58725357055664,35.6154299044381,35.435098787936965,35.5590750869587,7410800
35.54780578613281,35.694324010138835,35.5252638594499,35.55907459975782,6561400
35.80140686035156,35.89720900580097,35.60417031048097,35.64361762045509,6653300
35.65489196777344,35.75069197258789,35.59290271773238,35.643620999609844,6313600
35.81831359863281,35.902842625412205,35.728148013571186,35.739416830701416,5236200
35.68305206298828,35.90846702416963,35.51962632361762,35.88592509810822,6124000
35.81269073486328,35.92539829671814,35.67180681997419,35.70561973344603,5437400
35.767601013183594,35.94793221199693,35.72815369780052,35.81831929720719,7514200
36.015541076660156,36.06625933984548,35.91974110715265,36.03808300467954,7374800
36.297325134277344,36.33677244894703,35.981742317485015,36.06627350590144,7192900
36.4100227355957,36.48891734806925,36.302949633195645,36.33676468099425,5706400
36.19588851928711,36.44947778475981,36.13953152746221,36.438208966055726,8482200
36.30295944213867,36.40439601407448,36.1508067339525,36.28605406338855,7185900
36.21841812133789,36.39311701825397,36.17333855708802,36.21841812133789,7325900
36.15645217895508,36.25788447638324,36.08318978711989,36.201531766888884,8278700
36.015541076660156,36.10007008215798,35.95355184946515,36.06625933984548,6592900
36.62981033325195,36.70306840612186,36.2015221162829,36.23533717251401,10664000
36.655311584472656,36.780009489562595,36.621304637405544,36.68932285592266,5534200
36.60430908203125,36.76868323571748,36.58730560481954,36.72333774689704,5976100
36.615631103515625,36.64397310568994,36.44559206361692,36.55895142354939,5313000
36.615631103515625,36.72899478783048,36.615631103515625,36.68364931410454,4434500
36.64964294433594,36.69498409438879,36.51360652103,36.64964294433594,4613000
36.683650970458984,36.780006863190515,36.60429855004683,36.76867265643846,4693200
36.45125961303711,36.694986146277394,36.39457992901481,36.61563372376965,7092400
36.2302131652832,36.4172600524318,36.2302131652832,36.27555865144957,8509800
35.969482421875,36.10551671559349,35.850453766241166,35.99782226909376,7407100
36.043155670166016,36.13384444817576,35.92412705443905,35.997810200065636,5914300
36.298221588134766,36.3095557944225,36.04315870283669,36.0771678082735,5211600
36.17919158935547,36.32655788741534,36.12250974911192,36.25287473838541,6994400
36.16786193847656,36.292557685788886,36.15085630214961,36.24721436736391,6285700
36.122520446777344,36.19053651302141,35.946809933272434,36.13385681818331,5393700
36.15652084350586,36.354901889800445,36.048826422210595,36.048826422210595,9656600
36.366249084472656,36.46260499785956,36.21320915202662,36.247218266147044,6976100
36.37757110595703,36.38890531134142,36.247206122126315,36.36623690057265,5246800
36.383235931396484,36.558944201898086,36.354893934820694,36.50226453312804,6282100
36.40592956542969,36.507954757543864,36.30390437331551,36.371918285135614,7406900
36.25288391113281,36.33790561191487,36.19053495218486,36.29822939480103,5604800
36.383235931396484,36.46825327236078,36.286875737667714,36.41724286778221,5748400
36.655311584472656,36.68365358995051,36.473933992809904,36.50227599828776,5894200
36.740333557128906,36.768675562823226,36.57029017172885,36.58162870375975,5516500
36.78568649291992,36.86503893568919,36.734671737206085,36.77434795859072,5016400
36.808353424072266,36.84802963919086,36.64397929732864,36.808353424072266,7671300
36.893367767333984,37.02940420032926,36.8083504021904,36.84235734824783,6237000
37.12576675415039,37.227791934999736,36.82536047842275,36.87637090665565,6944900
37.31280517578125,37.341142854688044,37.05207517817294,37.14843107034464,6168300
36.90469741821289,37.2051035677847,36.90469741821289,37.01239182065626,7998400
36.876373291015625,36.93305731411754,36.76301389357942,36.84803560384848,7134500
36.768680572509766,36.84236374321814,36.64965191626539,36.785684048489884,5545700
36.81968307495117,36.831021606086296,36.672312440872695,36.751664861288205,6047100
36.89906311035156,36.9557428352981,36.729023935511954,36.78003439064809,4855700
36.751670837402344,37.00673593682716,36.71766388723235,36.97272898665717,7902000
36.60430908203125,37.26180137239235,36.558963593210805,37.26180137239235,6413600
36.802677154541016,36.887698834868495,36.67231000145457,36.87069536367946,6357100
37.45450973510742,37.692567015246546,37.125761496220285,37.199444656915844,15308200
38.62779235839844,38.62779235839844,37.69256249918137,37.79458765335745,17880100
38.565467834472656,38.667493053256386,38.452104077832324,38.54279508314459,8608800
38.894195556640625,39.18893251838213,38.69581016912572,38.76949765284823,12064700
39.166263580322266,39.341976245620856,38.729825199074014,38.7411594076175,8941400
38.9678955078125,39.030244486575775,38.69016189974817,38.88287378000942,10853500
39.013214111328125,39.08122798717605,38.80916383502088,38.96786864450835,7007400
39.007564544677734,39.04724076708505,38.58812957574552,38.979222532507976,8171600
38.63913345336914,38.90553275478892,38.54277754735273,38.88286001377626,7945500
38.37272644042969,38.74682010538461,38.28770908419658,38.72981663413799,9175200
38.20269775390625,38.429420855513094,38.10634184114797,38.429420855513094,11950600
38.0780029296875,38.29905678253283,37.89095603131565,38.191362327521674,11145700
38.486083984375,38.542763654284386,38.02696871203123,38.060979973482155,10374400
38.435081481933594,38.72415351213151,38.4067438001545,38.54277591608994,7102500
38.78083419799805,38.82051041301614,38.31038455965274,38.67314408545357,8041300
38.945194244384766,39.126571779519814,38.622115374788535,38.63911884302283,10671300
38.53711700439453,38.71282970592176,38.208372996253324,38.55978975053947,14318400
37.49419021606445,38.39540901818941,37.30714333564415,38.270711097909206,16574400
37.573543548583984,37.5848777577966,37.11443239876139,37.409169406508155,10113100
37.37515640258789,37.85127095132726,37.267461972780396,37.55086472542511,8794200
37.726585388183594,37.82294564213205,37.018078274827474,37.08042724675355,11365200
37.715248107910156,37.975978185481424,37.64722987378483,37.72658231807244,7773700
37.70957565307617,37.771924614658104,37.301474931588395,37.6925721770781,10445700
38.112003326416016,38.31605366691466,37.720910444112846,37.771920867045964,11117500
37.98164367675781,38.316056898097465,37.87961849790474,38.30472268906199,7973900
37.74925231933594,38.00998237795852,37.5848781754336,37.91929573009933,8304100
37.845603942871094,37.94762911288413,37.68689908382484,37.69823761626133,6992300
37.53494644165039,37.933953805953216,37.53494644165039,37.90545172678633,2874100
37.420955657958984,37.52355707885532,37.175852505195934,37.33545374907741,9429200
37.60335159301758,37.66605269275923,37.346845908036165,37.36394976608055,8083100
37.734458923339844,37.80286132394914,37.46655930577138,37.56345944502857,6778700
37.569149017333984,37.86555062993329,37.43804554424932,37.734447156848624,7799300
37.60335159301758,37.65465012072964,37.23854756659724,37.56915257454287,8947400
37.780059814453125,38.03086426317056,37.51215585310639,37.84276092663248,7785800
37.71737289428711,37.83137693605885,37.58627368226152,37.819974357476916,6564300
37.637542724609375,37.762944897814876,37.5064436153899,37.762944897814876,7099900
37.654640197753906,37.98524511857655,37.59193911453562,37.762942859459294,10418400
37.591957092285156,37.76296091898867,37.43805712729837,37.56345935370655,6126200
37.44945526123047,37.62045908751509,37.312654809487555,37.59765828742327,7725100
37.38105392456055,37.56345596045684,37.21575140002835,37.495053566192894,8935000
37.31835174560547,37.620454701184585,37.2898496616119,37.50645506282518,8856700
37.76296615600586,37.97387032501426,37.346859106018634,37.49506215312747,9256500
37.7857551574707,37.94535638198093,37.33544921756987,37.84845625978647,12798000
37.962459564208984,38.099260005764364,37.745858502679,37.745858502679,7896700
38.122074127197266,38.33297832444207,37.979572349039486,37.990974926625235,10245500
37.865562438964844,38.127765118099994,37.81425955130363,37.990964665683386,9780100
37.620452880859375,37.83705392278463,37.552050491869025,37.75155637255573,8729100
37.420955657958984,37.59195512691439,37.306951663180975,37.495054992958885,6067500
37.41526794433594,37.49506859522634,37.32406906423661,37.39246713710878,3804300
37.62614822387695,37.70594882402378,37.49504475288914,37.58624792380354,5168900
37.85984802246094,37.9624494133947,37.54064562791433,37.54064562791433,5450100
37.63185119628906,37.94535671058279,37.54065235955368,37.71735309553347,5877100
37.84845733642578,38.24746040905141,37.68315482096449,37.69455304497922,12845300
38.32156753540039,38.543869888560046,37.56345728036481,37.56345728036481,11262000
37.97385787963867,38.332960629256675,37.90545549212742,38.07645928650198,8141100
37.91114807128906,38.04794846608567,37.648945502592994,37.91114807128906,6180400
37.76864242553711,38.10494426676483,37.694538776665745,37.96244260208074,7147100
37.705955505371094,37.939656061838605,37.66035391183347,37.939656061838605,6528700
38.036563873291016,38.09926063389819,37.78005814873715,37.848460545046386,6371500
37.9852409362793,38.07644408321173,37.791440772255974,37.87693828649838,6189400
37.92827224731445,38.047973214221216,37.79147176353657,37.990973375047844,7963700
38.116371154785156,38.40707160507718,37.859865385411155,37.96246682339906,9189900
38.59516906738281,38.75477031345788,37.79146154998826,37.88266039825639,10695600
38.623680114746094,38.885882843961305,38.49257657573409,38.76048059329125,13473300
38.29306411743164,38.823170713941785,38.28736283070576,38.7604696063798,10245500
37.90544891357422,38.32725269133768,37.6945448502893,38.18475100369266,9698300
38.196163177490234,38.241760423908055,37.79145880468253,37.85415991091544,7665500
38.008056640625,38.21325945295671,37.90545523445914,38.08215596498646,7727900
37.66035461425781,38.11636186052465,37.614753019869646,38.00805916105461,10773000
37.705955505371094,37.848457223570676,37.62045360468988,37.76295532288946,8152700
37.842769622802734,37.96247058752269,37.677467048053586,37.70596914152406,7171900
38.076454162597656,38.20185199961627,37.705948890516005,37.842749298322296,8171600
38.196163177490234,38.23036219950547,37.9054584439383,38.07646225162943,9232500
37.95106506347656,38.2759688620575,37.89976217485428,38.1904669468924,11317500
37.79146194458008,37.96246141767119,37.67745794704482,37.837059194786335,7526200
37.620452880859375,37.86555600539908,37.50075196173169,37.84275520906896,8180100
37.50645065307617,37.67745009051034,37.42094875995562,37.62045027803229,7795300
37.48366165161133,37.60336260011821,37.39245844390611,37.48366165161133,7340100
37.3924560546875,37.67745953734336,37.352555741067995,37.540659083334795,7107600
37.31266403198242,37.546369029081916,37.25566419206834,37.460867094806275,6067300
37.26706314086914,37.34686378805315,37.21006329985329,37.28416700710209,8583600
37.53494644165039,37.563448520817275,37.27844512437527,37.36964394985722,7254900
37.500762939453125,37.580563575565215,37.38675892442977,37.477962136448454,7350800
37.34114074707031,37.47223985488901,37.18723650021488,37.42094133847458,12927000
37.31266403198242,37.52356822335448,37.19866435215425,37.27846499779578,9384300
37.05046081542969,37.278464520978744,37.02766000999389,37.19866387635792,12036200
36.92502975463867,37.0903322034887,36.85093045638407,37.03333240876935,12930900
36.778846740722656,37.04257605368093,36.6871147106909,37.04257605368093,11586300
36.86484146118164,36.973770361505665,36.69857649590773,36.836173428706694,10483200
36.148189544677734,36.83044642709967,35.958993176890246,36.69284946635682,18581000
36.07939529418945,36.53232323278567,36.01632910184511,36.27432616731539,16690600
35.8041877746582,36.079383828013235,35.40285937669986,35.746853896627684,14589700
35.51753616333008,35.80419908282901,35.39140377888991,35.718199332153524,13773000
35.448726654052734,35.746854073027315,35.230862290589315,35.230862290589315,16009400
35.37419891357422,35.67232856350334,35.18500036788175,35.63219593630751,19244300
35.465919494628906,35.85004657007202,35.31112133096777,35.345521651913614,14139300
35.38568115234375,35.689543230185706,35.345548507612364,35.546211731269295,14670100
35.62647247314453,35.7239390172403,35.51180685123502,35.649406034939396,10011500
35.42580795288086,35.74686905776651,35.207943498090785,35.689537342484,13310200
34.840999603271484,35.39139169590442,34.74926758783266,35.202195370902245,17202700
34.80659866333008,35.058863341634606,34.46260415826864,34.96713132781397,16217000
34.70340347290039,34.86393615403041,34.600204673268216,34.80086997791475,10109800
34.69194793701172,34.90408008668999,34.542884170947616,34.72634827705635,15553900
34.818084716796875,34.85821735837288,34.61168702465459,34.772219778023555,10425200
35.01300048828125,35.167798690455086,34.772204742942385,34.777937037661125,9871300
35.099002838134766,35.156334537857084,34.67474082417148,35.013003101487136,16305000
34.89260482788086,35.248066173707464,34.852472201113216,35.09900244386538,12725500
34.69194793701172,35.1162100493036,34.60021588395735,35.1162100493036,17676100
34.54286193847656,34.85819053120768,34.32499763254497,34.85819053120768,17385900
34.4167366027832,34.51993539034993,34.388070758917706,34.456869221607626,12691000
34.3995475769043,34.62887876890939,34.32501461144299,34.3995475769043,16111500
34.59446716308594,34.674732398017944,34.411003144080304,34.61740071222754,16849900
34.548606872558594,34.657540158914586,34.37087729934881,34.64607338208427,13275100
34.45688247680664,34.62888198029337,34.41674984254361,34.54861452470278,9734200
34.76646423339844,34.89832885970683,34.542867598046655,34.714864841620056,12055300
35.139137268066406,35.17353541483884,34.71487523233756,34.806607268837816,12983300
35.28818893432617,35.488854199124944,35.104724924092935,35.167791087685025,9694800
35.33407211303711,35.40287060142294,35.1850061699592,35.31687085064226,5829600
35.356998443603516,35.47166403260836,35.23660055932732,35.28246766975494,9137600
35.483123779296875,35.712454911865,35.259527127928024,35.270993903262806,14688400
35.500335693359375,35.51753695611713,35.259539885396435,35.288205740573275,9342600
35.746864318847656,35.76406558080386,35.483134964206805,35.63220090348343,14546100
36.1309928894043,36.1309928894043,35.781263794592306,35.82713090928574,13395100
37.008174896240234,37.4955008560328,36.93937423901988,37.43816916207977,29072800
36.93938446044922,37.134313148653455,36.77885392330947,36.95084905276102,11757000
37.23177719116211,37.28337441127906,36.86484904545762,37.23177719116211,12530900
37.33498001098633,37.52417421250792,37.191648552001766,37.52417421250792,15794600
37.122833251953125,37.33496530236439,37.0827006342134,37.266164654470316,10862400
36.97376251220703,37.352159464732416,36.89923176737326,37.352159464732416,10367000
37.08271789550781,37.33498268108322,36.979519062693264,37.122850531928506,12907800
36.8304557800293,37.09418517764622,36.77885854694603,36.973787259655644,10533100
36.790306091308594,36.99670367625198,36.60684205737309,36.69857626140465,9817600
36.81898498535156,36.90498473346952,36.54952114917545,36.69285260466241,13917900
37.01390075683594,37.23176729263885,36.84190569471126,36.99670168803621,10049100
36.968055725097656,37.1515198369835,36.692857370204166,36.69859185392451,7976300
36.876319885253906,37.15151822823063,36.7731210534038,37.031115945964444,8992000
36.968055725097656,37.14578535326316,36.784591613211816,37.01391847247203,6489200
36.84190368652344,36.88203630291104,36.45777440344608,36.687105514572586,10864100
36.52085876464844,36.744453319452845,36.406193151953765,36.658455750230324,10957500
36.75590896606445,36.859107761383704,36.297248868569916,36.486445201945976,13768500
35.83285903930664,36.69858213845222,35.815659966828306,36.69858213845222,23573300
35.70098876953125,36.13671530465988,35.34552747610549,35.71818783930649,23867100
35.89592742919922,36.38325346728484,35.86726157761729,36.11952413342825,16788200
35.442996978759766,35.77552695687731,35.35126494808323,35.540463491577164,21866900
36.148189544677734,36.331653617044374,35.78126139994445,35.99339132354383,17213000
35.970462799072266,36.176858256506755,35.8500627150716,36.176858256506755,12360000
36.36030960083008,36.48070964263628,36.00484833046768,36.1080471165509,13378700
36.41765213012695,36.71004730214674,36.33738687455541,36.60684849153642,10813300
36.4520378112793,36.62403503080981,36.29150517759596,36.43483655838193,8892500
36.58391189575195,36.750174678363834,36.486445394297114,36.560978343990364,9822100
36.632965087890625,36.97921371828504,36.62142324673936,36.794546461246014,11036400
36.465614318847656,36.690676935430375,36.40790731031748,36.690676935430375,8493000
36.384830474853516,36.563725757179476,36.23479090360525,36.47139320532323,10059400
36.4829216003418,36.56371227826046,36.21746368540505,36.38481706188279,10866600
36.51177978515625,36.673361161730206,36.338656567201134,36.355968228582306,12154500
36.59257507324219,36.800323841455445,36.36751464147164,36.55794954474617,10836900
36.70222473144531,36.74262008666873,36.361748022146664,36.38483171124055,10090400
36.53486251831055,36.67336020852237,36.36750912470526,36.58679970248526,11391400
36.29827117919922,36.60412235485694,36.09629220170043,36.47139444463978,11532300
35.778892517089844,36.29826441805175,35.77312269658198,36.148222668271046,14245500
35.85390853881836,35.980864385238895,35.46726457568674,35.80774117547922,13943800
35.934688568115234,36.292476722379895,35.86543974502087,36.292476722379895,9082200
35.68077850341797,36.01548301807443,35.640380967533645,35.923150510440166,11908200
35.88276290893555,35.928928072011296,35.38647474792992,35.726951355965326,14814400
36.038578033447266,36.13091057013032,35.88276646503561,35.894308307293656,9093400
36.223236083984375,36.42521278088839,36.107819885161696,36.11936172518205,16817100
35.969322204589844,36.29825694030864,35.91161300449301,36.26940123956978,8489300
36.02125549316406,36.16552518456837,35.89429966166721,35.9750903366327,11399300
35.80196762084961,36.263630199174585,35.773114122463205,36.07896516784459,11311700
35.84237289428711,35.975100784761096,35.6577078117684,35.72695666736756,10370700
35.04601287841797,35.76736174105966,35.04601287841797,35.692340842957954,22060300
35.26528549194336,35.49611568896606,35.18449481291637,35.20180647231333,12967700
35.576927185058594,35.75582029611563,35.38649002652194,35.409573718717056,13908200
35.46149444580078,35.507659607355095,35.24220387461996,35.2883712375553,14158300
35.490352630615234,35.68655954622186,35.317229399522645,35.490352630615234,9515800
35.559600830078125,35.744265900038194,35.32299857160545,35.53651934736907,12025100
35.692325592041016,35.77888829912359,35.42110003251906,35.744262776014345,8090400
35.75003433227539,35.940469203446824,35.70963898986384,35.77888783380063,4716100
35.94047546386719,36.021266162763105,35.70387318793711,35.83660107917775,8299700
35.85390853881836,36.00972008801638,35.77888767408278,35.836594676875656,7558900
36.194393157958984,36.546411676580625,35.773125780366684,35.98664437966546,18794500
35.89431381225586,36.26941383695399,35.848146436143175,36.194395152843356,14338300
36.27516555786133,36.350186401367374,35.865440230386,35.89429372361742,11145900
36.563724517822266,36.59257802654026,36.13668510409843,36.384829241560105,11042400
36.604122161865234,36.702224537924344,36.36174783042094,36.627205850837406,8999400
36.81763458251953,36.8638019526908,36.517553280550416,36.56949047130241,13368200
36.20594024658203,36.65606119717362,35.94048221287087,36.286730960649045,27568400
35.89431381225586,36.29826954771524,35.79043941738397,36.07320689123838,16892500
36.00395202636719,36.182847276908404,35.81351713510318,35.98086834215904,12653800
35.65769958496094,36.06742500468271,35.617304245066165,36.00394598445352,13773900
35.778892517089844,35.96932961456966,35.692329799802415,35.715413484596574,9439400
35.47304916381836,35.853921240773474,35.444193450818176,35.53075618705508,10753800
35.50767135620117,35.77312937815259,35.311464401566695,35.478817845509994,10622200
35.178741455078125,35.50190654401119,35.0575553722465,35.219136816022,23319000
34.492008209228516,35.2826057337943,34.463154702754714,35.0575453013646,23503600
34.665130615234375,34.87864919965993,34.492007379176314,34.584339918499374,13604100
34.91326904296875,35.651929237287156,34.91326904296875,35.40378516549937,21874200
35.178741455078125,35.43265766830485,34.8844320822896,34.91905541945174,17638800
35.2191276550293,35.4788136231077,35.057546253283405,35.08639976054067,17094800
34.942134857177734,35.49036037643975,34.861344145127255,35.49036037643975,12984400
35.9520149230957,35.986640449490274,34.803629148275164,34.803629148275164,14768000
35.82506561279297,36.0097307178996,35.51921224383749,35.634628484874554,18086400
36.06165313720703,36.06165313720703,35.31722099905818,35.773113753556856,15477600
35.10371017456055,36.12513787960506,35.10371017456055,35.77889142379824,20821000
35.28837966918945,35.444189052872,34.9132774605483,35.02869369408262,15651600
35.46149444580078,35.70386649706824,35.27682939682147,35.38647358172137,11132700
35.27682113647461,35.744253469146315,35.26527929844339,35.496109454926305,18623200
35.37492752075195,35.63461340283011,35.07484630161506,35.247971690587676,13757600
35.56537628173828,35.7384995263493,35.04600434652373,35.086399696886915,24001900
35.79042053222656,36.3444155449681,35.40377666613494,36.061648220318574,18327900
35.68077850341797,35.83658782142902,35.513425145399424,35.686548322041084,12981800
35.58845138549805,35.72695127718208,35.49034903831522,35.53074438143534,12477700
35.78466796875,35.836605167019144,35.559607510044295,35.60577488689761,12141600
35.84237289428711,35.99241244831553,35.761582195857855,35.865456579947306,8809400
35.94984817504883,36.00794335766579,35.64193750184929,35.88013129648149,9166300
35.787166595458984,35.93240672322657,35.73488006081511,35.822025023951056,10458800
35.58383560180664,35.83364882904095,35.57221612423891,35.78717091877004,14789300
35.93822479248047,36.013750294631954,35.58964708606595,35.641933631218684,10176700
35.787166595458984,35.96726515171864,35.64192646769139,35.64192646769139,8354000
35.897560119628906,36.060228397089745,35.81622598089849,36.00794184845032,13355800
36.0079345703125,36.04860163145784,35.78716894110307,35.8045992645858,9167600
35.81623840332031,36.002145703809234,35.70004578646728,35.93242880398351,11283800
35.8220329284668,35.96146445701367,35.79298533974131,35.84527188592277,7724400
35.833648681640625,36.03698399776761,35.589644086099504,35.73488423081556,13553000
35.926612854003906,36.007947004380455,35.76975318562511,35.93242148637821,10176500
36.048622131347656,36.10090869915258,35.856906193522825,36.00795504707603,9942900
36.31584548950195,36.40879909521274,35.99050897760856,36.01955656385779,11635100
36.664432525634766,36.75738615505671,36.35071319526471,36.4146192310278,13499000
36.716712951660156,36.78642760804197,36.52499487637395,36.59471174894474,9369200
36.56566619873047,36.79224273666653,36.42623686974282,36.61214411918583,11085700
37.082725524902344,37.15244019397195,36.56566859875044,36.58309892815987,12653400
37.46614456176758,37.63462365285305,36.978139828177,37.04204362696485,17955900
37.64044952392578,37.762450756021295,37.28606309300972,37.471970365590366,12079500
37.83216857910156,38.08778831497191,37.64045045291447,37.704356494976835,17638200
37.878631591796875,38.08197135974921,37.61720107925514,37.75082397542,12256700
37.74502944946289,37.959982140428046,37.61721734544047,37.64626716267458,10084900
37.989017486572266,38.128446804947885,37.68110904365281,37.77406044511052,12518700
38.07617950439453,38.19818076659234,37.96579551043362,37.98322362897901,9074100
38.16911697387695,38.198166782404314,37.95997076313967,38.08197641305181,8857800
38.42474365234375,38.4595998789843,38.14588497446182,38.14588497446182,12568700
38.37245559692383,38.540930297626225,38.2736889103742,38.43636162782957,9839400
38.4015007019043,38.80817584411292,38.238832417972176,38.2678822254079,9377800
38.407310485839844,38.54673980643633,38.34340445715433,38.40149963803802,8741800
38.48866653442383,38.57581157154395,38.459616711256885,38.51771635759077,9407400
38.35499954223633,38.56414561838489,38.31433249589497,38.488622370143986,5678900
38.48866653442383,38.50028380426218,38.308570041454765,38.401521497303705,7639500
38.244651794433594,38.517704088657744,38.1516959358129,38.50027154088189,8523900
38.31437301635742,38.477045806137724,38.24466053883189,38.331805568119115,10369200
38.30855178833008,38.482837347146635,38.2330240570355,38.442170273518244,7025800
38.14007568359375,38.4363669192757,38.00064633895828,38.314361256293346,9198100
37.8031120300293,38.34340565058264,37.53587064374397,38.20978274125081,14314900
37.67530059814453,38.09940386039986,37.5997773026211,38.081975748538945,10198300
37.70435333251953,37.948355782266944,37.582352107645825,37.90187785877827,13529500
37.31510925292969,37.76244706016507,37.27444217954466,37.51844461985487,15297000
37.37900161743164,37.40805141940421,36.920044443194065,37.35576709470655,11153100
37.50100326538086,37.53004863189767,37.15823425441726,37.41385830107642,7727900
37.43710708618164,37.483580571289714,37.02462332515303,37.3732010577326,11114300
37.152435302734375,37.442913421646914,37.024623246109165,37.42548531072132,10605500
37.35577392578125,37.53005947235504,37.07691084593359,37.28605704772476,9531300
37.75082778930664,38.02968643987328,37.355774340688626,37.44291489875424,12797700
37.65788269042969,37.919313303939994,37.61721560760854,37.646265423500616,7698400
37.86121368408203,37.90769161113103,37.53006621052134,37.66368914269243,10547400
37.5649299621582,37.983218042871066,37.48359136694186,37.646264124995106,11156800
37.6346321105957,37.76244416927222,37.39062968896503,37.605586736046284,9896700
37.46614456176758,37.68110156054089,37.187285980395025,37.187285980395025,10137400
37.53586959838867,37.69853787834705,37.26862821954588,37.466152721673,7820100
37.12918472290039,37.48937960515531,37.024611657699225,37.23956641786234,10751600
37.524227142333984,37.69851702150758,37.15241508650224,37.164034559526335,16433400
37.85539245605469,38.19815706107684,37.09433110363489,37.09433110363489,16168600
38.52351379394531,38.895328395407965,37.750839207006166,38.55837446009346,17582900
39.10446548461914,39.12770444580363,38.6513168224682,38.76751162839064,16501000
38.8604621887207,39.0986582113552,38.77912804254759,39.04055859347852,12128500
38.85466384887695,39.098670798327596,38.657139268118776,38.78495137678817,11491600
39.360084533691406,39.37751264423063,38.68036162839323,39.040554399212056,15135600
39.26713562011719,39.51114250779622,39.17999505206629,39.191612317013465,19230900
39.29617691040039,39.476273288493445,39.04055281320156,39.406560849168585,15463500
39.00568389892578,39.30197496676052,38.8894935829472,38.92434979126549,14971600
39.09632110595703,39.40030218920331,38.68127395686254,39.40030218920331,5964700
39.38274002075195,39.79778689946352,38.80985571242323,39.02030264528322,15977400
39.593204498291016,39.68088704254994,39.30091745757114,39.505517494085794,15183000
39.95563888549805,40.03163637294458,39.20153776050259,39.65750484539602,15187400
39.98488235473633,40.13687291902341,39.49383763163495,39.74520475490102,11035900
39.59904479980469,40.189465837622286,39.283374278395655,40.0667058226209,16655400
39.581504821777344,39.797798806357626,39.34183180205737,39.528895302794545,9768100
39.71596145629883,39.87379448373511,39.40029094148031,39.42367443812753,8107400
39.873783111572266,39.897166601550424,39.42950572187672,39.42950572187672,9752700
39.926414489746094,39.967334500065704,39.604896937272976,39.86211097925147,7604500
39.563961029052734,40.04331144015756,39.505504532077964,40.04331144015756,12058400
39.62828063964844,39.751040671233646,39.429523117120006,39.593207619180276,8315100
39.48796081542969,39.73348073383971,39.44704082902801,39.628257274529126,10231500
39.57566833496094,39.98487291762414,39.178157732916404,39.75104236466615,19269400
39.675048828125,39.75104186139683,39.41198778689769,39.45875478888656,7775900
39.51136016845703,39.71011767604661,39.39444713571938,39.50551763878257,9492100
39.48796081542969,39.6107207746347,39.289203410090124,39.41781035590795,12357700
39.581504821777344,39.692575308446365,39.27168131680131,39.692575308446365,12275400
39.353519439697266,39.604886424924864,39.28921594627075,39.51135244905159,8853900
39.35936737060547,39.563967372795425,39.3009108642577,39.563967372795425,11029400
39.76856994628906,39.86210393044953,39.37105943349877,39.37105943349877,19689500
39.675048828125,39.92641588888171,39.51136432116395,39.52305830163456,2772000
39.49382019042969,39.745187202687404,39.376907167961605,39.73934467352615,6399800
39.35936737060547,39.73934135178427,39.17230387432529,39.22491339205461,7623400
39.38859176635742,39.71010922790407,39.183991772621084,39.60488573684747,5279200
38.9910888671875,39.3593733873737,38.90340632423482,39.335989889270905,8515000
38.529266357421875,39.166449742306824,38.4181958936569,38.909235809354136,11970500
38.54096221923828,38.815712700146335,38.207755233017885,38.43573872569787,9277600
38.488346099853516,38.81571053928017,38.41820008136191,38.41820008136191,12714800
39.08461380004883,39.28921378609058,38.43573637292699,38.44158336108395,12352700
39.13138961791992,39.60489318677086,38.93263211522757,39.19569312232514,13478500
39.63410568237305,39.92054559745613,39.16059786852398,39.16059786852398,19489900
39.69841766357422,39.8854811424772,39.37105323053515,39.41782021524718,13043400
39.68088150024414,39.76856849220196,39.36521100516343,39.36521100516343,15541800
39.7218017578125,39.92055923819411,39.3476747523308,39.92055923819411,11661600
39.61074447631836,39.850417551527556,39.42952346243691,39.57566699559635,11545300
39.9322509765625,40.247921491232255,39.35937091878645,39.35937091878645,18310300
39.65166091918945,40.078397500045384,38.58188928233753,39.967331457602135,18336600
38.751407623291016,39.84456251375204,38.58772763112472,39.84456251375204,22716600
38.15514373779297,39.02031523649897,37.705023711673164,37.804400223161906,29488900
37.52964401245117,38.33051189125739,36.319578402151606,37.997304934079416,22843600
37.12629699707031,37.72840978596979,37.02692047878938,37.72840978596979,18084400
36.51249313354492,37.40689290982357,36.442344874808164,37.143834152094556,23938400
36.86907958984375,36.90415483033956,36.53587261003802,36.629404354720805,10182000
36.81062316894531,37.0561431630534,36.72878317090929,37.02691491089377,10074000
36.34880828857422,36.82815874784679,36.24358479946827,36.81062224298668,13653300
36.91000747680664,37.05615099847912,36.07991334409405,36.16175335943494,21274200
37.03861618041992,37.17306795890005,36.682025614463676,37.032769190501114,11780400
37.10291290283203,37.2432094155947,36.82816240621026,37.05030115305282,7976200
36.752166748046875,37.26659249233344,36.71124674645312,37.24905598592836,11320400
36.85739517211914,37.04445869868238,36.69955990346145,36.93339042665206,9556900
36.71708297729492,36.933374669485524,36.53586428763825,36.71708297729492,13693300
36.2611198425293,36.93922550611292,36.20850810009727,36.74047028247776,13338800
36.17344665527344,36.32543494312252,35.86946784960202,36.31959018319393,11133400
36.81062316894531,36.91584666069812,36.24943046960612,36.3254257091993,11421300
37.067848205566406,37.26660351350403,36.58849756230039,36.58849756230039,11190600
36.70540237426758,37.19644462853772,36.606023633655376,37.00353413615848,10864100
36.76971435546875,36.88662739967282,36.50665554606286,36.635260340682,11916000
37.213993072509766,37.31337184500037,36.85740245764547,36.974317742351175,10392600
36.962615966796875,37.24321123601032,36.89246770698676,37.21398298025385,13772900
36.81647491455078,37.16137370742495,36.68202314512161,37.05030543615037,11085000
37.178367614746094,37.23721186947591,36.77822039724293,36.931216806399114,10142300
37.57263946533203,37.62560020716165,37.19603074332808,37.27253009147421,9979000
37.49613952636719,37.70209670414885,37.30783517960541,37.466715148314194,9219200
37.09597396850586,37.57261812954276,37.048896782605844,37.196009621397735,9569700
36.90180206298828,37.36079587182915,36.77822775647011,37.131297845026275,8545200
36.46044921875,36.92532637641557,36.413374272718706,36.89590425455051,12028300
36.61933898925781,36.66053041739165,36.26038319143627,36.48399540470886,8841200
36.8606071472168,36.95475931159321,36.48988201790014,36.542842750659666,14347700
37.148948669433594,37.23721505908892,36.86060640912445,36.93121996980163,13654600
36.854732513427734,37.24899409541479,36.78411668952974,37.04303688762531,12137700
36.19565963745117,36.73115054374063,36.130931842208824,36.519309837487285,14935800
36.08972930908203,36.33099431916027,35.99557492001326,36.301569950194185,14229400
36.7429084777832,36.79586919915178,36.18388138471557,36.34276130405711,13635600
36.80764389038086,37.14894686581849,36.56637884541322,36.74879963346759,13132300
36.96063232421875,37.33135508078202,36.283912333119126,36.78998088371343,15810500
36.86648941040039,37.29017298737631,36.63110789948587,37.29017298737631,20835000
37.68444061279297,37.83155351127067,36.2721558895011,36.2721558895011,21927300
38.43177032470703,38.43177032470703,37.91393456304756,38.09635311179129,15062200
38.17872619628906,38.725986191925095,38.14342054803126,38.47883767506444,15845800
38.472965240478516,38.54358105100107,38.18462520418816,38.231702411203194,16276300
38.184627532958984,38.56712200660665,38.03751461921218,38.34351199394225,9887900
37.98454284667969,38.331727046779896,37.86684986310721,38.208152781174995,9511900
38.07282257080078,38.16109122226155,37.78448249959038,37.78448249959038,11354700
38.02574157714844,38.396464445216594,37.966892829287254,38.14343009381255,10772200
37.76682662963867,38.24935679734709,37.69621081624363,38.15520237948704,8755200
38.172855377197266,38.25523823873071,37.49613516643321,37.831552385399156,13668500
38.76131057739258,38.790730465245424,37.96101599950878,38.32585313768575,11204700
38.43177032470703,38.820150513098504,38.33762040873675,38.74953470897392,9791500
38.40822982788086,38.59065285715114,38.131661376815536,38.131661376815536,7651200
38.678924560546875,38.808380137717954,38.2670057583612,38.390580052158114,8079600
38.92019271850586,38.979036987031186,38.54358401250787,38.631852660060815,8901900
39.026100158691406,39.196751618696844,38.69068301027472,38.82602881977155,8861100
39.008453369140625,39.13202765456948,38.80249622675922,38.96726194066434,8589900
39.03199768066406,39.17322481474248,38.92607620772283,38.99080624616078,8272100
38.83781051635742,39.27914927222512,38.8025048525376,38.955499055443475,9234800
38.6848030090332,39.08495023608848,38.6848030090332,38.831915894133985,10326800
38.63185501098633,38.84957926673255,38.243474733930604,38.620083462846964,17362000
38.66127014160156,38.784848934196724,38.32585289341523,38.714233122646576,12617900
38.69657516479492,38.8378022796528,38.573000878103144,38.62595936260146,8841500
39.13791275024414,39.30856423370301,38.80249555572952,38.878992638854285,10741100
39.026100158691406,39.17321302184834,38.86722024187436,38.984908736588594,8975600
39.42036056518555,39.5204007216632,38.71422063556461,38.873100548394454,13185600
39.57926559448242,39.71460698158834,39.2791539477011,39.49688270940998,10643000
39.64397048950195,39.861694623523675,39.43800891798304,39.54981611514729,9613100
39.60867691040039,39.83817268190731,39.390952685372035,39.76167558791485,9182200
39.61455535888672,39.820512488884475,39.526286734736615,39.60278830411344,9071600
39.53805923461914,39.71459199765718,39.50274909038847,39.57336488932098,7706800
39.47920227050781,39.82050515999002,39.37916660999582,39.69104513366726,13098400
39.90291976928711,39.9441112205039,39.39685080317715,39.502772319096245,13165100
40.167724609375,40.203030283787655,39.72638572109153,39.72638572109153,12562300
39.95585632324219,40.20300486694299,39.84404910557961,40.03823917114245,10550400
39.767555236816406,40.002936745313065,39.60867081053141,39.838166546695206,9487600
39.373287200927734,39.826392825077804,39.30267141334035,39.70870433529361,12628400
39.367408752441406,39.52040740924313,39.249715751236636,39.443905836077796,9444500
39.16145706176758,39.408605664396205,39.04376404418521,39.14379974198305,8758400
39.255611419677734,39.36153290269944,39.014348563063336,39.18499560115324,7707900
39.07907485961914,39.42625916595707,39.01434482122907,39.27914625862141,9532400
39.314449310302734,39.490986583200026,39.079072265812144,39.17910795867358,9022000
39.237945556640625,39.4203640820024,39.0378697153641,39.4144827995594,8407900
39.237945556640625,39.373291374815494,39.01433560653494,39.373291374815494,9764900
39.208526611328125,39.3026810177866,38.990802403069004,39.19087378249946,8748300
38.926063537597656,39.39094071255202,38.861333520228804,39.09671499343114,12612400
38.678924560546875,39.249718825362336,38.59065592511214,39.0673002711187,11216800
38.76189041137695,38.96337183702653,38.643367936432966,38.9278173551284,9882700
38.471500396728516,38.80928142112871,38.435945927160674,38.714467995224936,9073500
38.607810974121094,38.71447893413258,38.40632504024614,38.41225229390506,8358200
38.44779586791992,38.70261344893748,38.3055734686355,38.63150450987955,14779300
39.36040115356445,39.496700832052035,38.24631732185595,38.31743078730628,13264000
39.5500373840332,39.721891555708815,39.32485149761487,39.40188770374417,10995000
39.41374588012695,39.7041180146047,39.2004099589519,39.43745037372083,9630900
39.561893463134766,39.727820388267965,39.372262045672585,39.47300274719351,11363000
39.43745040893555,39.6685635702199,39.27151895363023,39.52633660852963,8962800
39.680416107177734,39.76337957957851,39.40782119483657,39.50263917539184,8679800
38.969295501708984,39.56189425833583,38.921886516098105,39.455226301296214,14267200
38.892269134521484,39.230050369710305,38.70263764320796,39.04041887839678,8695900
38.88633728027344,39.0641142185282,38.64336958713717,38.64336958713717,10170100
38.63743209838867,39.022622144331955,38.58410038739008,38.82114076344511,10392400
38.92782211303711,39.01078559505295,38.61374542809561,38.661149902697034,9743400
39.271522521972656,39.33078602198008,38.95744586508251,38.98115036085142,8938300
39.016700744628906,39.206336690856126,38.81521933351719,39.08781422446411,7984700
38.86854934692383,39.25966668710012,38.81521763026503,39.135221493726654,7304000
38.18705749511719,39.09373268349252,38.044830567442354,38.684838178472745,12845600
38.29372787475586,38.50706375871755,38.009278522417254,38.11001921174108,9089600
37.96187973022461,38.293738150532356,37.85521402020553,38.09817945089623,16435000
38.098167419433594,38.19890810397621,37.89668378976393,38.04483119039,8689900
38.35299301147461,38.42410197012882,37.98558014747193,37.98558014747193,10692800
38.684837341308594,38.92187769446816,38.35298355958641,38.41816976973451,10391100
38.08039474487305,38.72632517496151,38.08039474487305,38.329285120439096,12412700
37.671512603759766,38.347075000827324,37.57077187393779,38.04484829019051,19081600
38.12779235839844,38.287796514789854,37.3929713486742,37.65371618358253,12516900
38.335208892822266,38.50706304734823,37.772239711786746,37.77816470374976,16637300
38.305580139160156,38.584102255421655,38.22261668169963,38.48336156010092,10708000
38.590030670166016,38.73225309849855,38.074468150852525,38.13372711922696,7714900
38.66706085205078,39.07595535611084,38.44187499884733,38.578170152754836,14506700
39.235958099365234,39.277439826159814,38.607804944713294,38.607804944713294,15476900
39.21818923950195,39.70412008053634,39.123371260192755,39.200411998674,13940700
39.6685676574707,39.82264010008855,39.14707778654773,39.14707778654773,17399900
39.265586853027344,39.54410893509134,39.111509941874516,39.295214072100215,16631500
39.354488372802734,39.66856501257469,39.16485241698718,39.37226561336794,11114700
40.11893844604492,40.28486991400905,39.579675868964706,39.76338005703365,24203400
40.40932846069336,40.776736958089785,40.00043369173622,40.16043343718761,18883600
40.19598388671875,40.56339230581897,39.70412572180054,40.5574695721482,14217400
40.19004440307617,40.427084791733066,40.03004474040515,40.14856267414891,12903500
39.7692985534668,40.284861042760234,39.704112335699726,40.284861042760234,11279400
40.29078674316406,40.44486368025441,39.71596524659236,39.71596524659236,15551300
40.45671081542969,40.504119795989716,40.071525281594845,40.42115634059428,10256800
40.68781661987305,41.03744757708399,40.13077256338871,40.45077630725197,16543100
40.907100677490234,41.01376865860011,40.6285784756383,40.81820993970355,10504500
40.58116149902344,40.883383584756274,40.54560250216067,40.86560634690956,9814300
40.58116149902344,40.88931083776163,40.47449355077381,40.62264322772222,13012200
40.344139099121094,40.71154756821398,40.12487585185789,40.71154756821398,13523100
40.57523727416992,40.91894563542202,40.1722699419498,40.1781971953975,13798400
40.35597229003906,40.77079411046455,40.25523159181538,40.59301268440085,9052300
40.877464294433594,41.13820467341963,40.27893828324411,40.40338347981761,13694700
41.74858474731445,41.77821649656022,40.96635449162992,41.07302245927646,20179200
42.115989685058594,42.36488005549618,41.52931823440732,41.68931789506883,18729400
41.86709976196289,42.13376737297113,41.487836949290596,41.81969078008651,14181000
42.400428771972656,42.47746495714394,41.70708502075831,41.938198097440356,12071300
42.465633392333984,42.60785584247278,42.12784772635281,42.3293336751221,10231600
42.48933792114258,42.59008316691197,42.24637473115912,42.35304271049033,8696800
42.193023681640625,42.57228647041998,42.07450575558548,42.4715457811562,10600600
42.187110900878906,42.54859653813094,41.861179745595884,42.193033633760315,9459500
42.27007293701172,42.31748192547334,41.93821453895033,41.96784628703134,10790800
42.12783432006836,42.43598813867091,41.955984696471965,42.43598813867091,9846300
42.163394927978516,42.2996900858704,41.86709560244272,41.86709560244272,9133700
42.12192153930664,42.4004436838177,41.831544887573514,42.18118051190755,10278400
42.240447998046875,42.39452497479921,41.784148843766246,41.88488956960901,7840100
42.59830856323242,42.75338629370289,42.240440727985224,42.3776257492738,7717700
42.228492736816406,42.556536192994955,42.0793808338623,42.49689234192014,8205000
42.17484664916992,42.359744112959866,41.900481055935835,42.18081240460969,6439600
42.47305679321289,42.580417603251064,41.93625274302202,42.18079857998431,8399300
42.59235382080078,42.75935853254445,42.44920302456012,42.634104998736696,8148200
42.00783157348633,42.58638684437674,42.00186581951325,42.45516756019084,10368300
42.7831916809082,43.003874397746564,42.210597935861784,42.40146100069912,15122400
42.65199279785156,42.88460712677806,42.532700481391444,42.74742210048307,9844000
42.01974868774414,42.64005499006504,41.98992902593796,42.64005499006504,13676200
42.15095901489258,42.38953901149749,41.93623747300165,41.98395438242962,10746400
43.0754508972168,43.17088015690202,42.22849630892184,42.46707173340217,15226500
42.55059051513672,43.39754998185857,42.55059051513672,42.890570182763625,19050100
42.484962463378906,42.95019084044149,42.35970446906159,42.73546935094586,12611100
42.443233489990234,42.67584780005127,41.94221490256447,42.3000827218479,15725800
42.10324478149414,42.86670172926122,41.930278937260404,42.383575954032295,15141200
41.51874542236328,42.28219813020107,41.51874542236328,41.70364284520419,20929700
41.632057189941406,42.049568818993826,41.453121034327246,41.52469640668001,23336300
41.45908737182617,42.347793309380116,41.459087371826165,41.62609202580565,24167100
42.3060417175293,42.3179686710347,41.27418504369593,41.87063283074665,29279900
41.745399475097656,43.35581200714866,41.28017070490659,42.85479325810912,27446100
40.80299377441406,42.174820903139235,40.73738415624293,41.64994850830551,16067900
40.647918701171875,41.21454229403924,40.59423603260142,40.96403530880539,13635900
40.67177963256836,41.154900926402476,40.29005337932286,40.70756504676766,12469600
41.369632720947266,41.73346635687188,40.83282862281775,40.886511307899205,14577700
41.39348220825195,41.60223804820744,40.999824438162165,41.01771714579606,13087200
39.90235900878906,41.66784396305511,39.90235900878906,41.04157194846694,25740100
41.32190704345703,41.44119934586741,40.20655245677029,40.26023057995293,19623000
40.43319320678711,41.19664559281456,40.12900358248284,41.19664559281456,25547700
40.43319320678711,40.71352437521113,40.34969088647381,40.534588231376816,30897500
39.46097183227539,40.77912036302699,39.425181885148284,40.55843313278882,25416700
38.47088623046875,39.38941646327604,37.152737031272046,38.79296861474164,33471600
37.27203369140625,39.15680913730239,37.03941707784104,38.8347266956906,24172200
37.194488525390625,38.08916030605165,36.454892185592925,36.76504534258758,37910400
34.343482971191406,37.67166221328892,34.343482971191406,37.3615089257184,33493900
33.31161117553711,35.19042279414527,31.0510755760999,33.04321146596562,50089400
37.38533020019531,37.45690326449557,34.56413374403199,34.86832097375812,32537300
38.17266845703125,40.24830930661847,37.57622051239014,39.66378831863403,38915400
36.108943939208984,38.62595393586196,35.8465054976896,38.3575497432531,25064700
37.87443542480469,38.16073009671596,34.77887215170052,36.22824049249794,34602200
37.36745834350586,38.76910986705369,37.00362479455679,37.54639224168482,25254100
38.43509292602539,38.488771037117544,37.06922708719325,37.838642924658345,18035000
37.969871520996094,38.70946788496181,37.79690109168511,37.999693459605695,14042400
36.63383102416992,37.635863735585424,35.93598803332786,37.140813133369555,23324900
37.248165130615234,37.6597132887188,35.90615759626753,36.884331612815906,23490600
36.25807189941406,37.27203388269104,34.97570788008312,35.19042950892629,23132100
35.8763427734375,37.39131873887802,35.84651855765906,36.031418229251585,21067000
38.28599166870117,38.47088905917054,36.12684866005544,36.64575768935987,27526400
36.69943618774414,37.79690034384713,35.810730148314086,37.79690034384713,29020100
36.12683868408203,37.42709491246475,35.596000570481905,37.188514911282276,23629000
36.586116790771484,36.765050718012056,35.68548140100858,36.2878928202811,19784900
36.47874069213867,36.87239607720513,36.12087298763003,36.67556952230559,11846900
36.91415023803711,37.08115487703151,36.568211732224775,36.87836482983406,14645400
35.697391510009766,36.83064297313625,35.62581842794652,36.83064297313625,19758000
34.546268463134766,35.977744631057014,34.29576138514612,35.62584020583347,22899400
35.91809844970703,36.079139678980326,34.76098790054374,34.868348720059274,16245700
35.79283905029297,36.53243547990209,35.536368535272715,36.38332349835147,12841200
35.51846694946289,36.025448957677156,34.599936767748645,35.363391518587896,14393000
34.546268463134766,35.51251590035317,34.349441798324925,35.08903834931411,18385200
37.516563415527344,37.582170755107,34.18838396441251,34.83254860989314,27304500
35.81671142578125,37.27800986764684,35.560238535870305,36.69349094595443,22065300
35.351470947265625,36.44296953355151,34.981673848251276,35.07113967730543,16564900
36.31770324707031,36.38331286381838,34.86833502801483,35.0591981265905,21199500
34.66555404663086,36.69944145512868,34.599944408410224,36.04931310181169,27534900
33.28774642944336,34.92201182743753,32.8046229809907,34.5939660526811,31046400
35.09196472167969,35.18818938573602,32.770544414548525,33.96733853036311,30802200
35.549041748046875,36.01813680611382,34.833368494231685,35.61519664991324,20508500
35.302467346191406,36.08429324090892,34.55672427644115,36.07828020147357,21416200
35.043846130371094,35.182168912332074,33.99138808598509,34.6529322247857,18507700
35.23030471801758,35.338555503431,34.65896952999162,35.16414980335865,7688500
33.275733947753906,34.7732308518434,33.20957904222317,34.67700616039259,18847200
34.17784118652344,34.28007891717643,33.04719934478017,33.74482892922227,16081100
34.4725227355957,34.887491219081284,33.37796619001585,33.72678207302649,18783300
33.786930084228516,34.646939341418715,33.39601595125922,34.532670933288536,17053600
35.019798278808594,35.10399457664796,33.22761240107451,33.59446966524067,16614100
35.34455490112305,35.94595960804532,34.731121824761104,35.52497585436435,16361100
34.767208099365234,35.48287889870662,34.58077180806154,35.45280912118718,13779200
34.76118469238281,35.37461764682313,34.183836839089494,35.37461764682313,13131200
35.03182601928711,35.38665490678602,34.31013987421746,34.52063290920866,15953500
34.4304313659668,34.66497891562722,33.925251145860614,34.40637461877658,14749700
34.767208099365234,35.11602164810931,34.24999966699374,34.71909461999255,12984300
35.843727111816406,35.933938754393786,34.65896115141927,35.152112930706885,17915200
35.35055923461914,35.717416382581206,35.12202715406599,35.51293874080775,15634400
35.47686767578125,36.23463666125082,35.17616529684971,35.813652871911245,18919300
35.38666534423828,36.174506609991624,35.20624432829915,35.81366228393568,23131200
35.44078826904297,35.80764559745805,34.91756668785262,35.59113948270964,14157000
35.29043960571289,36.04820876791661,35.2303000335711,35.59715509432026,10555500
35.218257904052734,35.45881839283461,35.03783466974543,35.36259373848652,3633700
35.218257904052734,35.6873528072276,35.00175185822535,35.38665047561772,4249100
34.97168731689453,35.41071251143736,34.48454864088982,35.23029154430945,9860100
35.585105895996094,35.585105895996094,35.043843180943966,35.1701375850385,10880600
35.9820556640625,36.11436317980026,35.52498666299727,35.59114156795494,11920500
36.47520065307617,36.68569140741507,35.506938594762936,36.16246989364613,11638900
36.114349365234375,36.54736145446385,35.699380975840604,36.33686844700987,15540000
35.89785385131836,36.3489074785242,35.422745774236354,36.282754873643015,22097600
35.56105041503906,35.97601871382939,35.33251605182389,35.62720528024684,14293300
35.494911193847656,36.01813272191408,35.2603636914102,35.879809894686275,17345400
35.51294708251953,35.81364943257334,35.21224473246572,35.56707359729629,14698300
35.08595657348633,35.72945953420034,34.971690485925514,35.530997140628685,15253100
35.38666534423828,35.55505798655778,35.11001963351977,35.242327154980366,15513400
34.851417541503906,35.23631634497743,34.50861690127418,35.21225959621588,16707900
34.652950286865234,35.00176623602185,33.6846880142767,34.93561132882473,20383600
34.544681549072266,34.923567113033556,34.057545261012955,34.923567113033556,20746500
34.129730224609375,34.89952781095707,33.97937899013973,33.9853920300803,23153700
33.895164489746094,34.634891891359274,33.13138035291544,34.634891891359274,22306100
34.2018928527832,34.262034713719316,33.44412375840743,33.901190430634855,19146100
33.6606330871582,33.9132220447035,33.13740917079557,33.76888615301409,21334000
34.00944519042969,34.25000805787445,33.558391534603885,33.79895440204866,16347800
34.60483169555664,34.72511311075271,33.985383210258895,34.189860927839064,14771500
35.218257904052734,35.33252396416087,34.821330918094766,35.01979326398539,18096400
35.04987716674805,35.344566579951376,34.670993728000745,34.983722260058876,16159300
34.695037841796875,35.11602160913271,34.43042058807173,34.98972716718505,13858500
34.695037841796875,34.96567042752541,34.23195592714516,34.43042058807173,10933900
35.23030471801758,35.368627587678105,34.41840662108241,34.92358689444943,13181700
34.857421875,35.561066688364775,34.68301393130869,35.30847547781577,11429500
34.94763946533203,35.20624375852471,34.2740666127774,34.83938639868497,14781300
35.18819808959961,35.314494856432056,34.76120118061724,35.03784687143589,11458700
35.18217086791992,35.30245225279941,34.85741181699827,35.1581141321087,9357000
34.1176872253418,35.182173784375394,34.03950397456257,34.869443075435285,16612000
34.47853088378906,34.50258532705065,33.99740531172924,34.2078983230496,14692600
34.74916076660156,34.79125890956538,33.726774672706966,34.23195238827273,14424600
34.34021759033203,34.761201463451286,34.165811919417976,34.70707493270485,12563900
33.666629791259766,34.15376835124538,33.5162786387653,33.72075629792484,15246500
33.576438903808594,33.835040917383544,33.32986067598028,33.49825561923322,15517100
33.636566162109375,33.979366668862866,33.4561452050039,33.83502852667232,12199800
33.13933563232422,33.636577065928115,33.07869502261476,33.357634887670066,24427000
32.532920837402344,33.406124192412385,32.49047359666442,32.84824253625512,20500400
33.07261657714844,33.212086444138045,32.64814176145739,33.10899861267516,18848100
32.720909118652344,33.20602221678028,32.4965447444935,32.939210591110346,21016500
31.799196243286133,33.04230171714822,31.714301731807193,33.04230171714822,21284600
30.319604873657227,31.532389068603514,30.283220515056016,31.283768401167617,29873300
29.05830955505371,29.973962960312242,29.009799387859868,29.731405184735873,27902900
28.88852310180664,29.42821177220657,28.706605910341878,29.094696535654066,25987400
29.773862838745117,29.937589047414775,28.736932497040456,28.97342513849557,24253500
28.906696319580078,29.476706098416102,28.749035467621894,29.29478901901784,22344000
29.088638305664062,29.46460087019513,28.506499960954358,28.864271497376766,19202100
28.25786781311035,28.955219576355756,28.045631526836726,28.779365331613587,23304900
28.973417282104492,29.027992670195797,28.457984860399755,28.63990204963657,21883400
29.046184539794922,29.549488815009955,28.84607402251016,29.240229840263662,16569300
29.713207244873047,29.907252494885455,28.70053374094589,28.9370262448234,16337000
30.70770263671875,30.798662397920584,29.86481779396597,30.12556664199489,16509600
30.762269973754883,31.235255056436632,30.71375981016809,31.00482773129549,16547600
30.75620460510254,30.798651862288914,29.992149349343748,30.74407648687757,17325700
30.71982192993164,31.27770383277037,30.471201275732362,30.738012951662615,16730400
30.355981826782227,31.0230120459968,30.010338600599912,31.0230120459968,18963600
31.332263946533203,31.532374355665343,30.859279071422602,30.98055789696925,27591800
32.27825927734375,32.27825927734375,31.332286532028483,31.762826788728805,18822300
31.956867218017578,32.50261877278752,31.720374646297017,32.13272149916453,17093700
32.05387496948242,32.30249554637816,31.53844048641467,32.12664134698323,15822000
32.078147888183594,32.563261179235354,31.683992038027554,32.18729866782057,14574000
32.03569793701172,32.31463776685676,31.86590656446054,31.950801094134906,11293600
32.144840240478516,32.417717114479586,31.75068681198985,31.859837561590282,15743200
31.896215438842773,32.44196911560085,31.781001801839047,32.357074613261084,18517700
32.16304397583008,32.26006663871874,31.459629091586557,31.714312714218277,13730300
32.12059020996094,32.82400495195983,31.93260782660177,32.314635496498404,17418900
31.62335205078125,32.32070164645179,31.380794261642137,32.13878446119871,15213700
31.653669357299805,31.85984277213028,31.332279958380244,31.550581493283378,12768700
31.14429473876953,31.532385264216803,31.09578226648762,31.465681771430177,13130100
31.19886589050293,31.453549395903778,31.047267904944803,31.253441257831927,10935000
31.174617767333984,31.56877355760051,30.986635383588023,31.526326295658244,15056300
31.016952514648438,31.265573148447643,30.925992787052788,31.089718908803775,12067200
31.15035629272461,31.811323663139756,31.053333665562835,31.526320997028126,20768400
31.39292335510254,31.580905763169948,31.138237437294997,31.405051476255526,11502500
31.653669357299805,31.72643576453339,31.25951355114666,31.477815086049795,12216300
32.16910171508789,32.363147009708854,31.68398847853548,31.835586509533258,17691800
31.817401885986328,32.43592225445454,31.738570246314136,32.24187460759926,15308900
31.81132698059082,32.06601284920162,31.53238718756167,31.86590235863584,12236500
31.035144805908203,31.623345825191603,30.992697548145692,31.593024372616618,13348300
31.168556213378906,31.23525740417394,30.507588703262744,31.15642809327007,14595000
30.877490997314453,31.43537304737234,30.707701914480765,31.38686055901828,14767300
30.841100692749023,31.356533020992373,30.70163079585026,31.12004048654655,13055900
30.713764190673828,31.09578959046311,30.568229052752287,30.79259350689556,12084100
30.94418716430664,30.98057152193249,30.39237046292676,30.956315283515256,18496500
31.750682830810547,31.902280818113347,31.13822566671428,31.210994366124858,20004600
31.890161514282227,31.890161514282227,31.33227956397426,31.853777154522245,12504500
32.599639892578125,32.68453673387227,31.89622511427197,31.90229033096561,15114500
32.96348190307617,32.987738147378735,32.411665067808165,32.59358227367183,13320600
32.872520446777344,33.199972788351644,32.49049502814332,33.199972788351644,16616500
33.28487014770508,33.35157366514783,32.466241537568955,32.67241499457253,15243000
33.33942413330078,33.65474817759393,33.169635152989606,33.39399949314385,13030600
32.81187057495117,33.2727274642885,32.745167086699304,33.0847474299807,13073000
33.351558685302734,33.45464421090225,32.68452843687741,33.03623458014838,11826000
33.44253158569336,33.61838357002592,33.05443862496637,33.16965462627701,10972400
33.36369705200195,33.594126721404926,33.20603379438847,33.54561423807692,11986300
33.60017776489258,33.61836878311818,33.17570293841548,33.35155715860198,16430700
33.98827362060547,34.03072087865059,33.48496942669813,33.836675609529436,12879100
33.891231536865234,34.085276694629584,33.77601794731788,34.085276694629584,13350400
33.87912368774414,34.24902321383677,33.836676428671424,34.091362296309846,13729800
33.64054489135742,34.001481898326325,33.31019529169038,33.90971734275117,12492700
33.50595474243164,33.91583110063078,33.42030907556432,33.70783348095184,7425900
33.80570983886719,33.90359092066536,33.10830683934658,33.457008339106885,11389200
33.16948699951172,33.95253572532154,33.1327807153634,33.91582944117322,12480300
33.359134674072266,33.597719718145804,32.94925828218586,33.18784332625939,10890800
33.74454879760742,33.817959055472684,33.034910081789846,33.39584715565991,12505200
34.12382888793945,34.28900367499614,33.81183362372308,34.10547691171184,12454200
34.38688278198242,34.55205755948506,34.02594582381058,34.28900169164782,10277000
34.35630416870117,34.4419498529473,34.05042539143935,34.18501280020891,11191300
34.16054153442383,34.50312660103142,33.93419189535141,34.478655739058766,12219700
34.215579986572266,34.38075470870022,33.73229124408696,34.142169776849336,10215400
34.03205871582031,34.344053907086554,33.7445320425799,34.087116965298925,9891200
34.07489776611328,34.41136396930134,34.04431035376345,34.276776554558126,11173700
34.050411224365234,34.41134812470894,33.781238852488315,34.270644225750395,13263900
34.28900146484375,34.552057330941004,34.01982905162134,34.04429990746045,12778400
34.29512405395508,34.588767354768116,34.087126424170485,34.1850075244415,11882300
33.493717193603516,34.24617850530991,33.365248701434695,34.16053284386403,14810500
33.414188385009766,33.84241902982685,33.395836409866085,33.65277339655477,12606700
33.76899719238281,33.970875850604635,33.37135408732716,33.450883175071986,13061800
34.12995147705078,34.36241764675393,33.65277904026768,33.87301211360301,12103400
34.3134651184082,34.656050027240575,34.203348623914536,34.44193358409455,19334700
33.9464225769043,34.233946997011046,33.87912888272946,34.178888732110686,13237400
33.652774810791016,34.00759523627518,33.591600001961716,33.97700783186053,12447400
33.928062438964844,34.15441434116202,33.671125469338804,33.80571050090377,12467600
34.423580169677734,34.52757778030117,33.72005841031577,33.83629377944629,14239900
34.62547302246094,34.62547302246094,34.04430527352858,34.38688797459698,32295700
34.8456916809082,34.87016253048375,34.276757263454186,34.63157758129375,13811100
34.74781799316406,35.010873847775834,34.399116480524114,35.010873847775834,15974700
34.912994384765625,34.980288071677506,34.49699916900966,34.76005503584562,15318000
34.246185302734375,34.70500343755183,34.227833324115984,34.70500343755183,15118600
34.63771057128906,34.72335625179558,34.081011314326915,34.32571525891963,12879500
34.39911651611328,34.69275977265761,34.33794171279248,34.631584969336814,9678600
34.91912841796875,35.00477411714095,34.39913300579854,34.53372043802358,15414200
34.68052673339844,35.02311172312551,34.43582516959566,34.931347178156145,11324800
34.82735061645508,35.1026419262136,34.411355378079854,34.466413640031554,13661800
35.310646057128906,35.39629173958805,34.72947592572348,34.81512160818263,13564900
35.62263107299805,35.9162743280678,35.13934219471549,35.481927159131445,20433700
36.069217681884766,36.09368853928019,35.61651848841646,35.76333896545019,12986200
36.246639251708984,36.52193064946865,35.983583286479764,36.0569935479923,11596000
36.2343864440918,36.43626748353308,35.93462665868198,36.43626748353308,11311000
36.13039779663086,36.37509938970042,35.93463558870737,36.37509938970042,9226300
36.39345932006836,36.644279833550165,35.983580529547375,36.295578200994235,11222600
36.20991897583008,36.60756221171994,36.06309850948281,36.368977203653714,9358600
36.84004592895508,36.919572742131386,36.154875690027005,36.25275681934956,12494700
37.62919235229492,37.696486032001296,36.84002716995668,36.86449568957526,11413300
37.48237609863281,37.73931308592723,37.08473285600752,37.61696347312185,7937700
37.26826095581055,37.66590421280721,37.072498767843705,37.33555464548716,9025500
37.41510009765625,37.58639150348933,37.127573237576115,37.15816298890663,10522700
37.80048370361328,38.21647884964652,37.635308954423415,37.72095460207693,12636500
37.24990463256836,38.03295329304705,37.18261095074551,37.82495803456785,13230900
37.37837600708008,37.433434266133055,36.96849967142845,37.415082291005156,11178800
37.35390853881836,37.408966799424924,37.11532118707703,37.408966799424924,8906600
36.98074722290039,37.457917402012,36.88286610068083,37.433446538039604,8575200
36.66261672973633,37.1153158440706,36.52191282481248,37.1153158440706,10835400
36.64426803588867,36.96849870087217,36.61367829991956,36.68097198518087,9974900
37.14591598510742,37.14591598510742,36.430158499714324,36.75439156019856,9519100
36.84004592895508,37.26827441119737,36.797223080730845,37.12145388404864,8302200
37.06639099121094,37.34779891129219,36.72380591437077,36.8645098744114,8219600
36.901206970214844,37.127556559626555,36.73603218864327,37.127556559626555,8338200
36.7543830871582,37.13367199464194,36.485208356834356,36.96237834798064,8961000
36.59534454345703,36.827813117270175,36.45464055589576,36.46075710593304,12926100
36.583099365234375,36.67486392704333,36.39957257528621,36.67486392704333,8803000
36.931800842285156,37.00521342495383,36.509688993454105,36.564747263620745,10498900
37.2866096496582,37.43343010168628,36.815556226535854,37.0419057847194,9955000
37.638145446777344,37.878664110472975,37.37912607128448,37.67514922295471,12594000
37.79232406616211,37.79232406616211,37.42846183688903,37.7306534588614,10500700
37.70599365234375,37.92184553674408,37.52714555307636,37.63198843466131,10808100
37.39144515991211,37.83547852701863,37.317437638242765,37.779974062057576,10865500
37.30511474609375,37.45312512133444,36.972087872928455,37.35445075364648,11027900
37.1817741394043,37.46546267487403,37.03992987166943,37.46546267487403,10897800
37.27427291870117,37.36678115729933,36.97824984880219,37.027588203409806,10181300
36.965911865234375,37.46545207313909,36.76856317009272,37.21876502792101,11890800
36.85490798950195,37.01525529668042,36.67606232737844,36.799403514337456,8587000
36.811744689941406,36.90425294929468,36.55889144730293,36.90425294929468,8722700
37.20027160644531,37.218772315055254,36.77473884033937,36.83024331875166,7425300
37.35444259643555,37.477786117256194,36.99674897389585,37.477786117256194,8792600
37.57030487060547,37.69981690577731,37.40995988538799,37.48396508221277,9303100
37.40995788574219,37.65047652700353,37.26194514742146,37.64431040784056,8825300
37.261940002441406,37.55179696731493,37.14476493386262,37.43462189873614,8480200
37.21261215209961,37.45313081285272,37.132438480987624,37.21261215209961,6654400
37.095428466796875,37.32977860103055,36.88574515808411,37.32977860103055,8321100
37.12009048461914,37.218764831669674,36.84257050093966,37.19409800934354,10831200
37.47780227661133,37.557975952600636,37.107771554602735,37.12627461988211,12261500
37.48395919799805,37.773816172885745,37.44078931057848,37.64430651062706,14463600
37.41612243652344,37.55180057824829,37.26194358550249,37.28044664738115,7237900
37.668968200683594,37.72447031411765,37.21876400267483,37.53945621159159,9997200
37.47780227661133,37.792326155364776,37.43463237859777,37.71832095199626,11175400
37.44696044921875,37.619640011197816,37.36678678719307,37.551800939682444,9290700
37.385292053222656,37.594975412289045,37.305120734008206,37.35445674947995,7883600
37.78615188598633,37.95266532209079,37.280445458965005,37.43462430507108,8721100
37.57646560668945,37.87865480385122,37.545630310409194,37.79231503323357,7556800
37.551795959472656,37.67513949563499,37.20643688131687,37.63196961086551,11039300
36.88574981689453,37.57647042294921,36.8610806356755,37.57647042294921,12207800
36.83641815185547,37.12627520242283,36.64523549152207,36.891922643398516,9125400
36.89191818237305,36.95975725856502,36.65756565168698,36.87958359101244,7113800
37.1817741394043,37.335952998148635,36.595894005659275,37.0522644626789,11766000
37.4407958984375,37.477799673843414,36.97825929248637,37.10776897753281,7271500
37.582637786865234,37.79232112900744,37.545636366393644,37.66281145219149,9221000
38.07600784301758,38.07600784301758,37.50246236275835,37.50246236275835,9247900
38.563228607177734,38.69274068085366,38.15619637475616,38.168530969991174,12697200
37.625816345214844,37.86633739659107,37.39146611964298,37.57031184914083,23501200
37.34211349487305,37.767648586588805,37.08926029870698,37.749145526569215,18951100
37.582637786865234,37.582637786865234,37.18177416539931,37.26811394994327,14076600
37.28659439086914,37.440773165908375,37.15708478445572,37.35443342829943,13911200
37.71833038330078,37.90951308843877,37.26195975115159,37.37913723441638,11443300
37.366790771484375,37.98350624726225,37.31745240418238,37.81082666687095,15725600
37.19411087036133,37.66898206492532,37.175607806491215,37.37295656883173,12529900
37.582637786865234,37.76765429955394,37.027595306547184,37.095434380855345,9926600
37.33595275878906,37.65047659347473,37.076931054416164,37.53330150851001,10743900
37.05842971801758,37.576470765425725,36.97825605461631,37.42845802934513,11809200
37.0152473449707,37.249599784496866,36.96590899872021,37.18792685168375,10269600
36.73773956298828,37.06459800217343,36.6945696692311,37.01526198898642,13837000
36.916587829589844,37.01526220913351,36.700736006937404,36.89191864655823,13954500
36.41703796386719,36.92891279167629,36.25052455069732,36.8240699674217,20966900
36.688411712646484,36.92276194444551,36.33071553897961,36.478728316637735,12297500
36.34303665161133,37.02759108324901,36.26286299542953,37.02759108324901,17177000
36.7068977355957,37.039924587594065,36.367704765263596,36.46637912667989,13928700
36.990577697753906,37.126255795622,36.805563606849475,36.88573724218806,9190300
37.187931060791016,37.21260023670844,36.73772918691755,36.965913182698436,8518500
37.46546173095703,37.46546173095703,37.18177320263464,37.261944513302296,11773800
37.76148986816406,37.8601642542841,37.372958443561394,37.45930058992649,11776500
37.539459228515625,37.6628027576397,37.403783463803066,37.55796228706263,11179500
37.7121467590332,37.88482631412242,37.385286005008254,37.39762059502641,13683100
37.88482666015625,37.97733490984614,37.64430803406155,37.675143333097346,9950500
38.3535270690918,38.4522014317591,37.872489845161496,37.89715902397391,13767500
38.341209411621094,38.50772291326571,38.106859167158376,38.21169969453642,11421400
38.4337043762207,38.538547219845306,38.20552033197788,38.27952552286533,11522100
38.501529693603516,38.53853345211911,38.01432412643282,38.38435465384345,13298200
38.731529235839844,38.92422188933189,38.364788621885964,38.426947083426626,16300200
38.96774673461914,39.22260030879645,38.79991598510811,38.84342976863538,13868100
39.2723274230957,39.40907892564716,38.942883208251615,39.11692885063052,9681200
39.34690475463867,39.43392754637007,39.11691560917808,39.39663341916704,7186700
39.09205627441406,39.21637558043463,38.5450527506397,38.862067099551815,6081200
39.060970306396484,39.14799309424965,38.68801482382776,39.02367380966236,10815400
39.477447509765625,39.57068759039497,39.129356267296075,39.129356267296075,12302300
39.70743179321289,39.931203677530426,39.4339288715026,39.477440268830456,10896100
39.88148880004883,40.23579732791115,39.70122352978289,39.81311305411156,12520100
40.00580596923828,40.57767153620288,39.8814890172504,40.24201007497034,14992400
40.01202392578125,40.25444530598668,39.900136770118145,40.080399673263585,9106500
39.93742752075195,40.17984888039744,39.738517565597014,40.09282607141636,11073800
40.01823806762695,40.030672608973084,39.800681017949685,40.030672608973084,8911600
40.26065444946289,40.403623202831064,40.02445035953658,40.18606618021638,8841900
40.31039047241211,40.50308793533137,40.22958491853518,40.24201471821306,7194100
40.37874984741211,40.65847002177595,40.31037412094893,40.52793109497434,8172500
40.242000579833984,40.27929945053983,40.06173772231334,40.235788053371856,10717800
40.27931213378906,40.45335777726489,40.2482305221449,40.37254748394532,13333300
40.07417678833008,40.266869462935574,39.912560976706715,40.055529722063376,10088900
40.01202392578125,40.24822803556433,39.72608876620115,40.24822803556433,22171000
39.98715591430664,40.4036228889894,39.9249974429549,40.17984859821324,11125400
40.11148452758789,40.28553019496692,39.974733005393304,39.974733005393304,7124600
40.13634490966797,40.30417328881901,40.11769783891655,40.11769783891655,6360400
40.21712875366211,40.30415153178418,40.10524164716435,40.21091622835748,2433900
40.36631774902344,40.3973946050327,40.260643159910906,40.341453418784376,5693500
40.36631774902344,40.65225043319352,40.35388321271087,40.45955305943732,6661900
40.34767150878906,40.42225975863946,40.11146273789964,40.26686124826955,5602100
40.03688049316406,40.47821175972336,39.98715182421422,40.47821175972336,6962300
40.204715728759766,40.39740842605516,40.03688737021018,40.223362797222194,9506200
39.738525390625,40.16742699247899,39.6701496354776,40.14256265039008,10673100
40.06175231933594,40.11769827458604,39.676366873252675,39.7198782862746,13171500
39.77581787109375,39.99958981362429,39.62041930558442,39.937431335898125,10901600
39.912559509277344,39.943641113503865,39.55203613794581,39.73229663801484,7898000
39.918766021728516,40.24821007125203,39.78823185544857,40.24821007125203,7975700
40.130123138427734,40.229580494466525,39.79446167537844,39.86283742205818,10820700
40.384971618652344,40.546587421256184,40.11768595150967,40.11768595150967,13023800
40.465782165527344,40.57145204316665,40.24822514027363,40.52794063811591,7899000
40.130123138427734,40.527943077807386,39.76959970756263,40.49064894048672,20995000
40.62118148803711,40.869820125490996,39.850405980078875,39.8690530479701,15181800
40.49686813354492,40.9941407101851,40.07418383508738,40.69577811267859,13033000
39.76337814331055,40.69576935914286,39.65770590582894,40.44713075311018,14473900
39.28474807739258,39.90012728728604,39.21637234616071,39.726079324734016,14017200
39.29718780517578,39.59555274970986,39.19151555352345,39.576903310480745,10001700
39.0298957824707,39.16664487792579,38.67558731996632,38.93665571499337,15630300
39.43393325805664,39.607981237922125,38.9739549005113,39.02368120104889,14982400
39.65770721435547,39.82553792328616,39.185296692738135,39.51474084108715,17096000
39.07339859008789,39.949843649931516,39.04853426140205,39.75093613402342,17844400
39.21637725830078,39.32204713166353,39.01746730863496,39.32204713166353,10153400
39.77581787109375,39.90634972584112,38.93044929533196,39.28475783499772,13609300
39.55204772949219,39.70122904024884,39.340705563258446,39.70122904024884,9255900
38.9366569519043,39.54581893084558,38.924224784432816,39.46501339907123,18397000
38.9366569519043,39.533386763374104,38.47046134209472,38.96773618498624,16775200
38.76882553100586,39.14799833269781,38.700449796773746,38.84963343247958,10081200
39.01123809814453,39.45257163687389,38.83097764163059,38.880703928229735,11356400
38.99260711669922,39.203949257082165,38.66937782133743,39.029903625423465,10115800
39.104496002197266,39.29097381168305,38.7004587723164,38.92423309217694,8353600
38.986385345458984,39.16043094643902,38.60721253944378,38.918009610447264,12335800
39.53961944580078,39.60177793619491,39.048559309626185,39.31584508647087,10212400
39.76959228515625,40.005798719276186,39.539603120225316,39.552035287409886,9485500
40.11148452758789,40.21715443386962,39.750961020703585,39.7696080932958,8260600
39.967411041259766,40.37453727757965,39.84840296241485,40.180370225715436,14222300
39.76697540283203,40.14904701926448,39.70433894898838,39.96740727645891,9839700
39.65423583984375,39.99246316451068,39.60412667213806,39.810823404919105,12481400
39.74192810058594,39.992466793841004,39.61665755928998,39.8045621765655,8519300
39.635440826416016,39.67928515030339,39.15941571449456,39.32853055920435,10528900
39.460060119628906,39.829606809973484,39.460060119628906,39.74818062007756,9357800
39.704349517822266,39.74819385251547,39.56655167202246,39.62918814253921,9219400
39.735652923583984,39.86092343229532,39.47258700569279,39.654229123857405,9014000
39.710609436035156,39.929831082321044,39.59786619242049,39.82961513125653,9360400
39.81708908081055,39.8985152902583,39.69181854073787,39.79203449492864,8067200
40.11148452758789,40.13027427703215,39.804571747086236,39.87347068083175,10633600
40.21168899536133,40.34322676898106,40.0989457455971,40.13653001463434,33380500
40.25553512573242,40.43091723883734,40.14279187093052,40.43091723883734,8827100
40.26805877685547,40.4371712443889,40.18037012277543,40.39332691734888,8436600
40.224220275878906,40.224220275878906,39.835881338225235,40.18037594248849,9957800
40.199161529541016,40.24927069928134,39.992464788367236,40.24927069928134,8223000
40.44343185424805,40.44343185424805,40.13025675710235,40.17410107955584,7444700
40.418399810791016,40.53740794324194,40.23049751493081,40.524878256312675,8882000
40.493553161621094,40.549922402250836,40.38707474353769,40.537397497224504,8060700
40.750343322753906,40.80671732682572,40.318164925343524,40.44969789661389,11742100
40.78166580200195,41.019677180427685,40.593758812573626,40.78166580200195,23117600
40.77541732788086,40.98837898662343,40.70025832488068,40.756627577130814,8803800
40.93824005126953,40.95702978836611,40.631329861791514,40.82549685001838,9453900
40.556182861328125,40.90693750825053,40.556182861328125,40.90693750825053,9312500
40.44343185424805,40.8693501775131,40.41837727303566,40.737817210152635,10496600
40.324440002441406,40.53740163904127,40.293125347339,40.51234704775454,9450400
40.60001754760742,40.66891644812497,40.336951624907265,40.37453110567228,7812900
40.650142669677734,40.70025184948895,40.437181044817265,40.68145732305394,8311600
40.8380241394043,40.90692303190658,40.5248490930019,40.61253772370081,11939100
41.19506072998047,41.19506072998047,40.863095806545246,40.94452441101545,10600600
40.96330642700195,41.27021670488972,40.95077674621376,41.195052956179765,8617600
40.90694046020508,40.99462912826353,40.71277337788623,40.79419720431936,8260100
40.85057830810547,41.019690831933644,40.76288962483533,40.863103214854846,9409400
40.6689338684082,40.83178631926764,40.56871550521022,40.83178631926764,8962600
40.80046844482422,40.819258193973035,40.574981897688936,40.63761598774324,6972700
40.78166580200195,40.84429987225364,40.6689225640796,40.78166580200195,8692200
41.13868713378906,41.2451655359368,40.65639951433117,40.75034823465361,12481600
41.019683837890625,41.088582759951706,40.825516754995235,40.982104345375134,10501900
41.0322265625,41.051016314729715,40.79421029112218,40.89442867458138,8656900
40.72529602050781,41.119899783527856,40.64387219859711,40.92572793331964,15742500
41.3578987121582,41.401743030527776,40.750338315699615,40.750338315699615,14626300
41.332855224609375,41.464388215013884,41.170007586207745,41.357909810211225,11916400
40.95704650878906,41.32659567768374,40.75661460014787,41.32659567768374,13355700
40.57497024536133,40.8630907998084,40.29311453172298,40.82551131230285,19583000
40.737823486328125,40.737823486328125,40.29311535330907,40.53112674348627,11674900
40.56245803833008,40.83804899741875,40.537403445926586,40.706515971306565,9281500
40.26180648803711,40.63761580535093,40.21796214732841,40.44344869345165,11862200
40.47475814819336,40.62508088232027,40.24300681663113,40.35575006189471,12476600
40.71902847290039,40.92572041032156,40.618810145579815,40.618810145579815,7930100
40.274314880371094,40.92571480403004,40.274314880371094,40.79418185144474,14255900
40.91946029663086,41.10110243066287,40.42464305813115,40.812981907993326,15310500
40.52485275268555,40.88813698620077,40.343215414600344,40.75660402827403,14895700
40.80046844482422,40.89442196924305,40.36202503576936,40.44971371758034,13143700
39.710609436035156,40.77540302009432,37.5998072334002,40.7378235317806,24410000
39.65423583984375,39.835875599435326,38.890087757688306,39.62291641535938,20467100
40.556182861328125,40.93825693544302,40.086420125482626,40.65640120540519,18445400
40.50608825683594,40.76915433663641,40.19917783040205,40.23049726885822,10879000
40.650142669677734,40.744096187155165,40.39333670715105,40.618823237627126,11036800
40.50608825683594,40.81300346194521,40.40587465539188,40.612566701706314,12337000
40.06763458251953,40.58124170309218,39.71687750947649,40.53113252579871,12505100
40.011253356933594,40.23673743266568,39.58533500943437,40.12399420013138,10260800
39.4412727355957,39.81081944801678,39.366108991507886,39.73565570392896,18480900
38.97152328491211,39.43502125040369,38.86504247272911,39.2659063529393,18863200
37.92552185058594,38.7335145595134,37.92552185058594,38.7209872629404,24098700
38.1322021484375,38.18230892369531,37.27410062478393,37.44321547128493,21813000
37.938045501708984,38.489234551270116,37.712558963736825,37.9693625454635,13993300
37.80023956298828,37.837821441063745,37.04862111617323,37.399375754197116,21179000
37.36806106567383,38.10089220351386,37.361798613602716,38.10089220351386,18914100
37.31117248535156,37.85475425350143,37.108909838295,37.7599449939717,29926600
36.84976577758789,37.368064183889715,36.7802375309345,37.11523704561345,26815900
37.14051055908203,37.551357891024146,36.37570482291734,36.79287180729452,19508400
37.75362014770508,37.75362014770508,37.096265387634794,37.33645316749909,15581800
37.77890396118164,38.019091743472465,37.63984749598788,37.85475184621424,14254200
36.66645812988281,37.311171199339505,36.50844029161875,37.26692639751843,21785400
36.660125732421875,37.00776437351456,36.660125732421875,36.76757666772906,13843300
37.064666748046875,37.1089115534379,36.577971477584576,36.75495311030972,14941500
36.767578125,37.25427320628377,36.622202047914215,37.16578362989765,13173000
36.97616958618164,37.3743751645424,36.8813579304708,37.11522603824807,16995200
36.95089340209961,36.96353511941731,36.62221598532264,36.76759211773458,14713000
36.92560577392578,37.355414469271096,36.90032475332252,37.10258738511317,10524000
37.38069534301758,37.3933370580345,37.00777318908056,37.247960952080824,11103200
37.44389724731445,37.65880154199478,37.15314267604566,37.45021689811674,8636300
37.40597915649414,37.57031663107749,37.070982144173875,37.46918532106606,11723100
37.40597915649414,37.47550738421962,37.1973944733177,37.40597915649414,16838200
37.37438201904297,37.7978686935887,37.2416451944716,37.60824775855089,12143600
37.393341064453125,37.98116761433782,37.36805763171036,37.45022758254393,13823800
37.44389724731445,37.55766783987682,37.10889788694914,37.39333039625547,12659500
37.671451568603516,37.886355924466784,37.31117109129758,37.31117109129758,18216100
37.10258483886719,37.84210708350776,37.058340041896926,37.83578743158084,45006900
37.57664108276367,37.79154543159329,37.17211581700457,37.29852815418371,15834300
37.44389724731445,37.55766783987682,37.0899365233821,37.279557392532936,20236500
37.33013916015625,37.6777779610374,37.25428885325913,37.31749744234006,15802100
37.33646011352539,37.45023316667147,37.07099126362535,37.33646011352539,17973500
37.342777252197266,37.665132586147145,37.19739871700714,37.55767920072325,10534400
37.342777252197266,37.671452238861065,37.083625678869325,37.608246067078234,15461100
38.30984878540039,38.36673530910249,37.317496858389056,37.50079814711372,17280000
38.796531677246094,39.01775563703649,38.32879791934028,38.512099149543936,15895900
38.26559066772461,38.600587629010846,38.16445937311969,38.53738147406787,12174000
38.0570182800293,38.26560299864508,37.96220901706297,38.22767784676193,10797200
38.240318298339844,38.531070553003964,38.20239314771197,38.29720481870117,10924500
38.31617736816406,38.35410252985757,37.95589677114154,38.025425028665474,9668500
38.088623046875,38.39833910633909,37.861079359027606,38.31616914588353,12839300
37.570316314697266,38.04436977847648,37.45022363855769,37.924277102336895,17569900
37.652496337890625,37.791552829401326,37.52608156480464,37.747308020495424,10277500
37.026729583740234,37.14682223571257,36.660127154835024,36.94455965809594,22304800
36.103912353515625,37.1657923413685,35.94589452688467,37.1657923413685,25707600
36.040706634521484,36.41994845867714,35.93957532066926,36.29985577696535,17972900
36.42628479003906,36.43260444474739,36.02807903088819,36.20505829666118,15076600
36.495784759521484,36.666441827147096,36.331444930546006,36.43889826659302,11775200
36.723358154296875,36.93826258982044,36.419964082586276,36.6285488631658,16964000
36.55268478393555,36.81815357510276,36.43891175596083,36.74862534565592,13502100
36.55268478393555,36.83079529056225,36.476834491178614,36.72334191473694,13031000
36.717037200927734,36.88769681232274,36.19873871202217,36.42628486054884,12978000
37.11521911621094,37.21635040489979,36.919276189493736,36.97616269007872,11455600
37.51344299316406,37.671460869986426,37.10891761428465,37.134201053254976,10855100
37.759944915771484,37.88003760872481,37.437587165019536,37.5260767715284,10508800
37.77257537841797,37.854745312865376,37.61455757202854,37.62719928587894,9796700
37.89900207519531,37.924285510881234,37.45023194199522,37.620891516133526,8524100
37.95589065551758,38.08230542963243,37.79155313698116,37.924287564779185,6674700
37.564002990722656,37.804190794624034,37.22900592479039,37.551361273553006,13550800
36.97616958618164,37.260602142153616,36.849754848954035,37.24163836431511,11470100
36.988807678222656,37.10890034068832,36.72333651492969,36.75494200451148,8240500
36.754947662353516,36.969852004325006,36.69806114797398,36.969852004325006,8546700
36.66645812988281,36.72966671188496,36.32514143171469,36.653818824643245,8751200
37.431270599365234,37.59560810912685,36.976178401315934,37.24796930724414,13479100
37.51344299316406,37.810517373161765,37.311180303724356,37.58297124475173,10534900
37.11521911621094,37.405971269796375,36.91295653883323,37.39964920797576,11949700
37.12788391113281,37.23533491728456,36.969866023619105,37.10260047045183,11286200
37.210044860839844,37.51343886158481,37.17212211772246,37.27957310476995,8842900
36.66645812988281,37.09626684285394,36.571648873620894,36.97617415379116,14930400
36.64749526977539,36.786551733361414,36.55900566973366,36.66013698566146,11675000
36.53372573852539,36.79919697524811,36.521084021428024,36.78655525815074,12834100
36.75065612792969,36.929306810558266,36.36145850518492,36.6549527520678,11674800
36.559242248535156,36.87825832824995,36.53372037802208,36.75065140958412,9240100
36.38059616088867,36.64856851532649,36.36783522488216,36.527343274114095,14563100
37.190879821777344,37.23554185980924,36.64855124954947,36.79529829363978,11603700
37.39506149291992,37.50990746477961,37.19727066718395,37.337638506990075,8079700
37.5992431640625,37.64390522979262,37.324889083777435,37.548199412428055,7533400
37.45249557495117,37.624764583779076,37.40783350976246,37.516297829820765,5625100
37.54819107055664,37.663037052319424,37.27383705122327,37.27383705122327,8412500
38.16708755493164,38.301073738221724,37.809788632258304,37.89273350310921,14077700
38.26917266845703,38.281933605060026,38.13518648497527,38.24365079525104,8358800
38.4860954284668,38.52437823002516,38.23088161920962,38.32020815617912,10706600
38.6519889831543,38.90082113331117,38.44143720446802,38.556283186678804,9912900
38.951866149902344,39.01567083159629,38.6009489192347,38.709413227264804,9111500
39.10498809814453,39.16879033475614,38.766829429184945,38.8051122314915,10496300
39.28363800048828,39.379343793428916,39.002904739841526,39.29639893514033,12240600
39.615421295166016,39.70474541802572,39.24536143314746,39.33468798990697,10991500
39.51971435546875,39.70474428118016,39.43039023516661,39.46867304411027,9449200
39.538856506347656,39.877012796009915,39.4941944467281,39.54523575747915,9353300
39.436767578125,39.55799280891626,39.28363879311021,39.32192159783877,8393800
39.64732360839844,39.8132133563105,39.44953516868005,39.54523854579866,12636900
39.5771369934082,39.762166917443444,39.513334746313156,39.6983646703484,7687600
39.83234786987305,39.94081216860075,39.360203001430115,39.53247197637958,12132800
39.755794525146484,39.90892091815256,39.64094851344186,39.755794525146484,9590000
39.532474517822266,40.0046194166182,39.2708814132447,39.87063323878816,12845600
39.39848709106445,39.717503180870644,39.28364110402225,39.615418129488646,9773200
39.34743118286133,39.545221973591445,39.111360030885855,39.264488777563834,8703600
40.06842041015625,40.15774452591657,39.564374403909206,39.609038895688975,12439400
40.33001708984375,40.36191821489259,39.877014786010626,40.12584696885136,11339800
40.33639144897461,40.51503966392047,40.19602360357464,40.381053502711076,9826600
40.34278106689453,40.444866135083906,40.21517412318281,40.438486883153324,7354800
40.38744354248047,40.3938252283759,40.22155621769968,40.3619216666988,6172100
40.38105773925781,40.47676110706257,40.17688763392809,40.27897268659295,8707400
40.56608963012695,40.7000758119078,40.38105970258211,40.47038382376934,10104700
40.66817855834961,40.70645893741619,40.44486580022798,40.70007968553842,8632700
40.55970764160156,40.834061688281686,40.28535359492144,40.82130075193613,13265100
40.7447509765625,40.82131418593249,40.35555080858918,40.636284198879515,10814100
40.38105773925781,40.62350821814959,39.87701172689396,40.12584389064583,17235400
40.57883834838867,40.85319233096913,40.23430288315437,40.40019014908947,10206800
40.82769012451172,40.974437269267064,40.52781414867678,40.74474523959776,11111700
40.71284103393555,40.9106319187416,40.604374279719316,40.88511004317307,6774800
40.8213005065918,40.9808109930027,40.738355637794065,40.85958331539838,7794700
40.73196792602539,40.80215184397611,40.58522084026445,40.738347175884904,7122900
40.55970764160156,40.63627082577516,40.3746777154406,40.56608932672421,11916100
40.5533332824707,40.904250555656816,40.5214297208083,40.79578380058473,10116000
40.66817855834961,40.73198081272723,40.40020373538365,40.60437387007201,9309900
40.63626480102539,40.89147618839956,40.39381434810484,40.75749246138505,9356000
40.75750732421875,40.961675048231264,40.65542224526236,40.79578770763973,8632100
40.95528793334961,40.961664750449614,40.54694528628131,40.827681008259496,9322100
41.318965911865234,41.42104853082302,40.98718644770402,41.038230191082555,11337400
41.248775482177734,41.3699982688518,40.897855886493126,41.312577717448065,9276500
41.04460525512695,41.223253460335144,40.89785573353536,41.19134990892003,8484400
41.03184127807617,41.15306893029502,40.89785512615986,41.13392874684961,9218500
40.80215072631836,41.050980406410815,40.54693692874282,40.98717817396651,10795400
40.78301239013672,40.80215500899858,40.56608380349713,40.64264697724636,9109500
40.623504638671875,40.89147696559281,40.52141959500208,40.63626557336803,12944800
40.92337417602539,41.27429374102734,40.82128914817911,40.90423399389767,12729400
40.285362243652344,40.80216932405017,39.972727754716836,40.610760105573284,15651000
40.23429870605469,40.381045773658016,40.144972181779735,40.27896075124271,7416900
40.72560501098633,40.834069339397004,40.38744621921731,40.495912981528186,9400100
40.72560501098633,40.974437231599246,40.61075899625725,40.76388539329589,12889800
40.591609954833984,40.71921688812865,40.253453650417974,40.515046768417115,11179200
40.11307907104492,40.35553196036185,39.9727136584083,40.189644678555155,14766500
40.38105773925781,40.5086646635638,40.15136576228696,40.215168007490135,9591400
40.09145736694336,40.26520876299552,39.98849384945067,40.220162377520204,4638800
39.840492248535156,39.9048435398113,39.50586013324152,39.77614095725902,12019300
39.60883331298828,39.7825847875383,39.41577693732548,39.56378690716179,12633500
40.1687126159668,40.207324887530255,39.78259971971587,40.014268439404795,15364700
40.28452682495117,40.46471488060226,40.07216557469289,40.14938762434638,10160400
40.25876998901367,40.39390912990406,40.04640637774854,40.22659189893572,9882800
40.0271110534668,40.20729661771568,40.0271110534668,40.09789894080577,8989000
40.09791946411133,40.37463455360694,40.05930719993329,40.258800215918285,9528800
40.18801498413086,40.258802912442555,39.98852195478387,40.040004977136235,7871900
39.93702697753906,40.516196040958604,39.737534020171424,40.17512973289449,12965600
39.840492248535156,40.110773072552654,39.69891646191436,40.02067782798388,11457300
39.808326721191406,39.87911463249434,39.6152703434484,39.78902181987061,13672100
40.393917083740234,40.50331475604685,39.827616463701716,39.91770924203519,13491200
40.26522445678711,40.64490303580834,40.18156579907874,40.49689307515191,11534100
40.15583801269531,40.40681160136226,39.924169329357966,40.38107009102577,11141100
40.245914459228516,40.245914459228516,39.88554082576851,40.059292267534346,15961000
40.21375274658203,40.31671632684288,40.046435394379785,40.24592840513004,8907000
40.11721420288086,40.41323412202987,40.07860194848735,40.40679997372004,7908200
39.91129684448242,40.15583627238997,39.8469430714302,40.110789858676135,8850100
40.05931091308594,40.19445016796712,39.91130090228574,39.91130090228574,7229500
39.85336685180664,40.05285980180584,39.78257895165065,40.020681698211554,5163700
39.93059539794922,40.091476122723265,39.83406843599182,39.93703200165341,6354200
39.98206329345703,40.18155374566101,39.969192545759334,39.975626692186125,4968700
39.85980224609375,40.020682949717575,39.83406319919593,39.96276579821921,5770100
39.80189514160156,39.95634173619834,39.73754382584602,39.83407325432467,4981400
40.42611312866211,40.65778179264108,40.239490876585116,40.303844647048905,14894800
40.76716995239258,40.76716995239258,40.38105723960912,40.62559660028918,12346300
40.741432189941406,40.88944214967096,40.50976357302738,40.80578349248649,11837900
40.677085876464844,40.883013028107605,40.47759532916138,40.81866171378623,7606000
40.28452682495117,40.702817632359945,40.25878777829647,40.670641982908045,11084800
40.001373291015625,40.15581982824837,39.89840975114194,40.08503193430188,9775000
40.072166442871094,40.123646992140536,39.89841498625281,40.039990792722094,7372800
40.22016906738281,40.46470838266891,40.10433478408121,40.18799342309777,8312700
40.484031677246094,40.52907809068648,40.123657914877576,40.25879961004416,9489700
40.25234603881836,40.52262686038157,40.059289711898565,40.509756111274335,11274700
39.96276092529297,40.27808814607738,39.90484378085683,40.039985421104106,13944900
40.25876998901367,40.29094562424801,39.90483063690511,39.930572127030025,9596700
40.45183563232422,40.606279699187866,40.245908573276566,40.3681769974473,11518600
40.32313919067383,40.70281774690196,40.19443413765935,40.70281774690196,12932200
40.03998565673828,40.36174702664497,40.00137340860548,40.25878348646861,11373000
39.30636978149414,39.66030679431934,39.068264602362866,39.18409889090121,28056700
38.99747848510742,39.415769263308924,38.99747848510742,39.3707228662527,20262100
39.04896545410156,39.28063406528109,38.99748244946399,39.023223951782775,11219500
38.6177978515625,39.2548864328168,38.61136370440997,39.19696928906641,15298800
38.463356018066406,38.75294175373279,38.41187301846148,38.714329504029095,19056200
39.016788482666016,39.08757638422369,38.41831207566261,38.41831207566261,14780500
39.01035690307617,39.10044971489781,38.791559022290045,38.90739333887358,9994200
39.126190185546875,39.23559035047098,38.991050971386166,39.036097376106405,10078900
39.151939392089844,39.248468823963655,39.02967090591572,39.216290710108765,9725500
39.17123794555664,39.248462460473185,39.02966457789971,39.1776745492222,8217000
39.21627426147461,39.24845236183292,39.09400582658401,39.21627426147461,7867600
39.17767333984375,39.216283141265144,39.02322676962333,39.20984899264323,8541500
39.20983123779297,39.29992400677402,38.88163334525477,39.02320909927861,8627500
39.06184387207031,39.36429799172311,38.93957293947991,39.08758537944148,9630800
39.06184387207031,39.24202951397796,39.02966821527899,39.055407267804895,8130800
39.01035690307617,39.06183991259997,38.92026409125453,38.997486150695224,8572800
38.94599151611328,39.087567286275714,38.933120768385415,39.00390865346663,9426400
39.11975860595703,39.20985142131393,38.82373865411434,38.84947770504124,7133700
39.32567596435547,39.396463860204946,38.96530233768746,39.18410017265652,12393000
39.02967834472656,39.248476304476014,38.9009732293129,39.04898325284255,11050500
38.862342834472656,39.30637515282948,38.84947208344908,39.100445591296975,12100300
38.77223587036133,38.93311651712631,38.63066011565811,38.91381162506455,11766700
38.726802825927734,38.9280999785446,38.54498764101322,38.908618010842254,11863700
39.895606994628906,39.90210180753706,38.81120608123063,38.91510079435289,20031000
39.415103912353516,39.9345775970688,39.350168153610404,39.77224191577991,14035300
39.486534118652344,39.56445455626231,39.1943293813074,39.285236971360035,10264600
39.642372131347656,39.73977452911135,39.486531267380784,39.687825923091815,7802700
39.64888000488281,39.79822858081152,39.18135230489958,39.79822858081152,11432700
39.220298767089844,39.674836660343814,39.15536301302089,39.66834432345979,9584000
39.421592712402344,39.603410343522626,39.18133661922583,39.272244196263124,8881800
39.220298767089844,39.64886483576198,39.16835016383468,39.441075376832806,10082600
38.707313537597656,39.155359048603714,38.57095218342783,39.0514643296583,14852300
38.75926208496094,38.876143960722274,38.38264463409882,38.46705987260326,10426600
38.39562225341797,38.62938594691318,38.25925844751574,38.62938594691318,11775000
37.97356414794922,38.20732793689406,37.674867074095715,38.17486129443973,16016800
37.44108963012695,38.03199122465563,37.337194925936586,38.03199122465563,16995600
37.74628448486328,37.90862012821134,37.59693599022851,37.79823060267108,12456000
38.03199768066406,38.1099181027727,37.72680585159068,38.025505344257326,14371900
38.2008171081543,38.41509882626686,38.0969199393181,38.0969199393181,10692700
38.174861907958984,38.408625700660714,38.11642095978355,38.181354245735776,10151800
38.129398345947266,38.239785399200805,37.98654218098815,38.129398345947266,9899800
38.33069610595703,38.3631652203215,38.135893804998496,38.29822946863822,8655800
38.2982292175293,38.36965730538975,38.083947430993575,38.31770870438373,8077400
38.467041015625,38.505999970416894,38.29821062137869,38.29821062137869,8382500
38.45405960083008,38.512500518769286,38.26574970113212,38.29821632731061,9280300
38.55796432495117,38.78523324438868,38.46705675717617,38.531990026431046,10736400
38.47354507446289,38.765749709677976,38.44757077865595,38.44757077865595,9680200
38.62939453125,38.72679444048748,38.350176999420526,38.72030210402321,9908000
39.05796813964844,39.07744762986094,38.609920048392276,38.635894353373,9415100
38.830692291259766,38.934587022376384,38.622902829026536,38.798225652231906,10557700
38.739784240722656,38.89562757402797,38.70082278813489,38.765758542447834,10011200
38.62289810180664,38.80471323974615,38.47354959892127,38.77874141793013,9232900
38.60991287231445,38.81770231944811,38.5125129623087,38.78523568277952,7853200
38.86964416503906,39.070938763630934,38.635880458375446,38.66185475401477,9845800
38.92158508300781,39.01249510560843,38.73976999189626,38.73976999189626,9208000
38.70082092285156,38.92809233642432,38.6423799853095,38.73978237356148,10509000
38.97355270385742,39.03848598895805,38.62940183414121,38.66836081438317,10436200
39.324195861816406,39.57743912530299,38.947575896700855,39.116406390389166,18608500
39.25925827026367,39.733278134633636,39.025494506564335,39.252765933292366,20034800
40.7072868347168,40.824168701260746,40.12937231516366,40.25924133099531,26083100
41.81117248535156,41.90857487285022,41.02546847995384,41.04494796663533,26732100
41.60337448120117,41.7527254385294,41.40857222331209,41.43454651824266,11688100
41.629356384277344,41.68779484298364,41.23974932024983,41.33065936912147,7226900
42.174808502197266,42.402082421888664,41.60338868096251,41.60338868096251,14500000
42.57738494873047,42.59686442989654,41.1683129980329,41.200779625658,23777500
42.45401382446289,42.687777537077324,42.161811660740085,42.46050863706064,13091400
42.674781799316406,42.83711739352921,42.46699243688759,42.590364119708674,12100000
42.99296951293945,43.05790277692793,42.73323150289508,42.80465957950955,15456200
43.025455474853516,43.15532205369861,42.86311977425094,42.92805306367348,13105500
42.642333984375,43.06440773083033,42.447534146535986,42.8566182646804,13408900
42.213748931884766,42.60335336372259,42.07738762844599,42.49945620638497,14925200
42.382591247558594,42.53194223214331,42.285193816406725,42.36960657476871,11904600
42.616355895996094,42.700773610242855,42.25272560105993,42.278699901282685,9003100
42.70077133178711,42.72674563062391,42.389084699836424,42.60336894967183,9693100
43.22673797607422,43.337125032392365,42.73323619817583,43.06440232122129,19986100
43.62932205200195,43.74620389451746,42.73972108651785,42.882577222269006,15622200
43.25920867919922,43.668292760996685,42.82414534308815,43.564395560107116,11700900
43.09687423706055,43.36959696597084,42.97999235980022,43.122848538017436,11513200
43.11635208129883,43.1683006812331,42.76570646287929,43.00596502200689,10784100
43.1812858581543,43.187780671744676,42.817655562552716,42.96700159649284,9028400
43.109859466552734,43.20076704402876,42.75921383024892,43.20076704402876,9685100
42.65530776977539,43.0708865477222,42.38907498329301,43.0189379619564,12367000
42.57090377807617,42.655321495632435,42.259222071366366,42.33065016125641,12020200
42.71376419067383,43.00597139302404,42.53194901806049,42.687789886858795,11017700
43.044925689697266,43.239725515983764,42.90206951129902,43.044925689697266,14767100
42.907379150390625,43.08422005949779,42.756732822807095,42.95977331049655,12044100
43.732635498046875,43.863633367321675,42.96631670175589,43.090763428302516,16385700
44.073238372802734,44.105984102292794,43.87674400762523,44.0863356651869,16473800
43.54270553588867,44.07323326449412,43.52960324796384,43.89638735691983,11003400
43.54270553588867,43.72609759036667,43.41170764193389,43.51650595709771,9582900
43.28726577758789,43.46411170512201,43.097327554768675,43.1235221394574,10364900
43.26107406616211,43.37241854819176,43.12352500358477,43.143178438995534,8397400
42.900821685791016,43.411700900229945,42.900821685791016,43.22830887423216,10426800
43.32001495361328,43.378965259701246,42.69124000534318,42.8942805102992,10020300
43.73921203613281,44.06669940387512,43.33967704772235,43.444475403989,14054500
43.28726577758789,43.673703362046666,43.28726577758789,43.549256598008526,9312900
43.61475372314453,43.85709611023789,43.39861591526056,43.437912789955945,8146200
43.94878387451172,44.119078627894034,43.719543820184604,43.85053670921198,11389100
43.33310317993164,43.88327920722569,43.038361739260566,43.88327920722569,12623500
43.43791961669922,43.45756805713488,42.88119215042828,43.031833525141764,11683900
43.41827392578125,43.85055463392089,43.352777454494685,43.640962927567635,14336400
43.56235885620117,43.713000204820105,43.274168454239025,43.280719598936145,9309200
43.549251556396484,43.719546319514095,43.33311377685113,43.568899991167996,9811500
43.274169921875,43.6344079365451,43.261072629095835,43.536160750993304,7988100
43.012168884277344,43.05801689371205,42.37029675219141,42.92702400877238,16234800
42.61263656616211,42.972874516274665,42.461995239430344,42.94667493835207,13186200
42.737091064453125,42.97288231147004,42.573347420528016,42.76329064712828,7199500
43.16936492919922,43.306908952999805,42.82222430106469,42.95976832486527,7724600
43.43136215209961,43.61475423223116,43.18247361435814,43.37896798424731,9227000
43.56890869140625,43.82435338562154,43.39206774609071,43.503412230069365,9747200
44.07978439331055,44.119081262954126,43.40515648305728,43.54270552092723,9216500
44.28937530517578,44.322121030325874,44.0470329531837,44.07323253153895,9773600
44.243526458740234,44.37451935098986,44.125630856892165,44.29592061740497,7100400
44.485870361328125,44.571020251184585,44.145285793080085,44.420373905556495,8415200
44.25663757324219,44.531725731128645,44.007749001401116,44.41383009245444,7866100
44.06013107299805,44.151832097496445,43.77194569978422,43.80469142555055,8918900
43.902931213378906,44.328665553211046,43.7719383382265,43.81778634423563,10528700
44.29591751098633,44.52516255193428,44.020829458318595,44.13872505189879,9031700
44.315582275390625,44.49242321246242,44.19113550671007,44.27628040277287,9636500
44.178035736083984,44.50552304323675,43.87674801315061,44.361432825619715,10245100
43.942230224609375,44.11252496827859,43.588548444996725,43.994629376055,10361000
43.699893951416016,44.027381160288066,43.3265587331842,43.94878243121781,13677400
43.38550567626953,43.817791206949884,43.26761007672566,43.60164844160971,8912600
43.536155700683594,43.74574734025316,43.31346177279532,43.52305341236489,11394100
43.699893951416016,43.745741960775774,43.54924763662925,43.68024551841301,7721000
43.39205551147461,43.509951107463586,43.234863049175395,43.365855934915025,10247700
43.175926208496094,43.43791705868349,43.143180475385066,43.33966986523073,10008300
42.72397994995117,43.14316314302416,42.66502965873831,43.07111556324057,12810400
42.625728607177734,42.979415328524944,42.42923431852128,42.72397575150596,9920400
42.435791015625,42.52748702978592,42.003505522816674,42.403040297542674,16829000
42.18691635131836,42.78949178354883,41.69568290317595,42.75674105475081,15842200
41.54503631591797,42.14761170856371,41.54503631591797,41.99041921419076,17118300
41.531917572021484,41.610513783340856,40.516707972507156,41.50571800207219,17660300
40.50361633300781,41.3681823269749,40.4839679008587,41.007946912576784,23485600
41.07345962524414,41.54504217189417,39.98620180821326,40.68702448252371,24037800
40.032039642333984,40.988304284986036,39.98619162847395,40.4774224899995,32423200
40.739418029785156,40.850762505412355,38.695898107285885,40.41847939683502,36288000
39.429473876953125,40.58222814543972,39.30502709613852,40.35953666762038,32688900
41.55158615112305,42.04281958105165,39.38362190627499,39.41637013532897,33514400
41.49917221069336,41.911806720901424,41.197884631157365,41.66291578633623,42324600
42.304805755615234,42.32445919056007,41.662933465082965,41.82012596522523,39362000
42.15414810180664,42.383388116933894,41.71531400331176,41.76771314878586,13142100
42.088653564453125,42.475086036352685,41.787363461462434,42.285142873245896,11847600
41.368186950683594,41.643277524163004,40.62151646321408,41.3878353850288,23376400
41.3550910949707,41.774274391066456,41.09310278417562,41.20444725409438,19394800
41.45334243774414,41.98387025705858,41.26994785338021,41.911825150859286,13689300
42.5536994934082,42.56679678637322,41.53848689006675,41.60398584754058,14879000
42.92048263549805,43.0318271127482,42.46854858458236,42.82223545089994,14523000
42.27861022949219,42.89428292346437,42.049365133769804,42.89428292346437,13134400
42.47684097290039,42.6684763650096,41.300600672402716,41.99445025954136,14150600
43.52091979980469,43.56056676171699,42.661865320139825,42.71473129707426,12867900
43.46145248413086,43.639873929425406,43.07818668326235,43.49449498631963,11183000
43.48126983642578,43.765418140862586,43.17729301082452,43.63325320764971,14555300
43.17070388793945,43.70595819334164,43.025324930526885,43.3887723240583,11141100
42.33807373046875,42.95262690164773,42.23234428815778,42.8402904720374,13713600
42.71472930908203,42.787418763589564,41.30059726215209,41.74333845482392,15848300
43.23678207397461,43.24999605065871,42.747784271410346,42.97906667521924,10759700
42.919586181640625,43.56718187852305,42.846896714391235,42.926195690002665,15551500
42.05392837524414,42.56275466112201,41.822645991471404,42.54953564400479,17008200
42.020896911621094,42.03411341062811,41.16845163158967,41.69709898792292,13448200
42.03410339355469,42.32486126084005,41.74995503459244,42.28521177326782,11595300
42.113399505615234,42.60239976520953,41.61779225854035,42.25877843807629,13429500
42.556148529052734,42.708131946914406,42.23895763358511,42.476849544791264,10625800
42.68170166015625,42.780824136377475,42.26539330992138,42.63544517679682,15688800
42.384334564208984,42.54953699236433,42.047322719919244,42.324864110030504,8571800
42.437191009521484,42.853499219901174,42.15304269531973,42.56935090569942,10874800
41.7169189453125,42.68830753391714,41.69709293928325,42.41737816633785,10041300
40.917327880859375,41.36667859579393,40.40189721640618,41.075923288808006,19456900
40.69927215576172,40.90412408349305,40.309394306717635,40.50763672537973,10983700
41.42615509033203,41.53188453104858,40.9768043370895,41.00323732746581,10561700
42.17287826538086,42.52310662807231,41.43937903569265,41.87551337215738,13118200
41.79621887207031,42.58918859688528,41.723529392444775,42.22574624033615,8964200
42.225738525390625,42.45041139112672,41.64422531542225,42.23895250037255,8923300
42.08695983886719,42.78080937056551,41.73012459336901,41.77638106076301,14556100
41.023067474365234,42.430590323429776,41.00324146918603,42.06053850393741,16891100
41.082542419433594,41.188274403179356,40.19705974266595,40.6728410655757,18192000
41.20149612426758,41.307225607096186,40.7058887008604,41.10898314189126,15405200
41.50545883178711,41.51867532849427,41.03628202144432,41.31382341071674,9595400
41.7169189453125,42.10679678670006,41.63101297462329,41.637619962773655,12361600
42.575965881347656,42.575965881347656,42.05392565371439,42.219128065943494,7104000
42.26539611816406,42.52972105845704,42.19270663354402,42.46364108377852,7628700
42.50989532470703,42.74778725424663,42.20592090319015,42.37773034075246,9375100
42.443817138671875,42.589191064768265,42.00768023564616,42.589191064768265,7781100
42.76761245727539,42.780826435411676,42.40416503879215,42.74778896928155,6678800
42.153045654296875,42.846892720301675,42.04070670971375,42.55613991998514,10797900
42.56936264038086,42.7808215575025,41.895338917548834,42.13322830871883,11705300
41.393131256103516,42.628847569844986,41.07594281025016,42.628847569844986,19964600
41.320430755615234,41.71691809788811,41.17505433215862,41.6045791353013,11562600
42.14643096923828,42.18608044847738,41.55831089152736,41.70368979461575,13175400
42.774208068847656,42.81385503195317,42.027489986512535,42.22573488519449,12552700
42.08695983886719,42.84028485240168,42.00105641130029,42.66186344846997,10324800
42.61561965942383,42.68830913575083,42.15305484786868,42.41737975800519,9932100
43.28303527832031,43.40859073441732,42.7609950111955,42.94602092023662,16450700
43.3491096496582,43.51431205308036,42.97244837151878,43.37554263919502,10390800
42.54953384399414,43.52092485632386,42.54292433571514,43.06496457504804,13720400
41.882118225097656,42.35789948057118,41.749955784937114,42.08036062494403,14749900
42.05392837524414,42.54953564400479,41.901942448652214,42.54953564400479,10136200
42.5164794921875,42.63542540016366,42.07373835088919,42.33806315101136,10466000
42.371116638183594,42.64865548163216,41.901939870161996,42.29181766509363,9725200
42.29181671142578,42.51648956774807,41.79620948433876,42.26538372099185,8783900
42.86012649536133,42.94602995933161,42.25878964362195,42.351300096824765,7989500
41.98124313354492,42.377727980165794,41.69709473584393,42.338081007977216,11072500
42.371116638183594,42.5693565085422,42.06714228291627,42.37772110475794,7597500
43.11783218383789,43.27642509746998,42.70152389496195,42.70152389496195,9086800
42.89316177368164,43.17070064887566,42.72134983312329,42.93280874397275,8276100
42.9460334777832,43.14427846205348,42.62884755284602,42.93281949823557,10726300
42.556148529052734,43.05836534621887,42.4900685629573,42.64205198081897,8398100
42.252166748046875,42.62883055549984,41.829248989040565,42.40415266014047,13924700
42.19269561767578,42.42397798945576,42.00106273282472,42.41737352281746,12659600
41.591365814208984,41.85569072924023,41.55171884150675,41.80943424722814,32806700
41.564937591552734,41.763180028173416,41.432775126875825,41.597977577524624,8680000
40.96358871459961,41.399722955106974,40.96358871459961,41.36007347113772,10362800
40.86354446411133,41.11031233895685,40.71681638189827,40.89022275981958,5838800
41.59719467163086,41.82395517792858,41.203698573766665,41.27039433690319,11678000
41.87062454223633,42.10405580552061,41.6572032721481,41.897302837042915,8923600
43.164512634277344,43.17784924330087,42.55092430767828,42.630956682736134,15032600
42.98443603515625,43.317907238185754,42.9177428122237,43.137835027431194,9852700
42.33082580566406,43.27788258804803,42.21744429916042,43.264545981807885,15792800
42.25746536254883,42.85104361410291,41.91732335814575,42.75100124947071,15294500
42.34415054321289,42.63760412008516,42.190751637653506,42.424182874326796,10417800
42.98443603515625,43.22453570840683,42.26413955958788,42.397528549636355,11504700
42.53756332397461,42.98441327825385,42.39083780236607,42.777662870111165,9566800
43.03778839111328,43.13783075979828,42.67097061290685,42.89773111030079,8835700
42.35750961303711,42.817698941272354,42.2507989335543,42.59760927791925,10808700
42.25746536254883,42.73766464209057,42.110737239537066,42.73766464209057,14215500
42.13741683959961,42.537581222078934,41.97068125620271,42.27080581515375,9802400
42.68429946899414,42.75099266924144,42.397514128402236,42.45087072394608,9656700
42.88439178466797,42.93107754198018,42.38418251712589,42.9244066942596,19214300
42.370849609375,42.871056406441504,42.257470623247926,42.80436318450597,9024700
43.03110885620117,43.17117119710527,42.69097199504899,42.69763775348045,12247700
43.3245735168457,43.35125182087788,43.071137261089326,43.22453114881659,8517800
43.47129821777344,43.524654821631415,43.09781216749919,43.391263311986464,7428000
44.004844665527344,44.01818126945579,43.47128891782441,43.50463806019262,6503300
44.031524658203125,44.23160936651396,43.95149484557119,44.01151720504514,4995100
43.651371002197266,44.038198752996756,43.551333729030056,43.99818384372987,5943900
43.93815994262695,44.03820231224565,43.51798809626795,43.558003008768914,5702400
43.73809051513672,43.971519373231374,43.704741354679996,43.74475627653408,4959700
43.93815994262695,44.01819485599517,43.51798809626795,43.744746051595136,16116200
43.67137908935547,43.938151908403405,43.42460863453423,43.85145125104936,9243100
43.61802673339844,43.75141315589835,43.23786983207125,43.56467012905213,11886900
43.23786926269531,43.65804106756629,43.09114114685808,43.64470446083826,15359900
43.30455780029297,43.41126590770022,42.95775009076285,43.324565252408995,7934600
43.484619140625,43.61801060215863,43.35123276745534,43.42459679920785,8476600
43.43793869018555,43.711387403351644,43.24452486368468,43.424602086590305,6784600
43.5046272277832,43.624676986706405,43.30454260012338,43.53797127348421,7402900
43.524658203125,43.537994810942735,42.92440908400303,43.33124431538758,8978800
43.4312744140625,43.811431234051916,43.017768451400514,43.71138889439896,8359900
43.53798294067383,43.598010380403146,43.35123995194229,43.52464633649221,8095600
43.47795867919922,43.51797357835092,43.211180812003846,43.45795122962337,11699800
43.53132629394531,43.7180744319573,43.04446121285043,43.5379971423945,14715500
43.35124969482422,43.57134187602115,43.27121478665279,43.50464866339462,10125000
43.35124969482422,43.65137169582661,42.91106533243034,42.91106533243034,12367900
43.49797058105469,43.551327177628046,43.19117778330552,43.23786353321593,10531400
43.8181037902832,43.93815359881955,43.49797435976332,43.704724828989306,12546100
43.724735260009766,43.93149083168139,43.65804204814011,43.764755257824284,10466300
43.82477951049805,43.82477951049805,43.437951741272535,43.571343259125875,7482100
43.95815658569336,43.9848297921343,43.72472277823731,43.92480744509551,13562900
43.81142807006836,44.231599760228995,43.78474977552992,43.998171043473086,12275900
43.744754791259766,43.99819619004379,43.58469002091064,43.97818872979607,8282400
43.77808380126953,44.03151999503963,43.70471975521622,43.95149019088326,9036200
43.47795867919922,43.73806570041445,43.38458718893553,43.65803081374646,9535700
43.524658203125,43.61135887485576,43.364588379115006,43.45796498730394,9248100
43.511322021484375,43.584686094695435,43.4112796408905,43.48464371410155,6889400
43.27788162231445,43.58467444264782,43.23119586896732,43.457958876914454,10936200
43.08446502685547,43.197843979449225,42.85103627493741,43.15782907579617,13954200
43.1378288269043,43.31790101177572,43.084472220880905,43.28455694928561,9662500
43.091129302978516,43.25786482726233,42.90438632991894,43.1845007895083,8978500
43.11781692504883,43.317896544453546,42.9977671180598,43.02444541832019,9023400
43.29788589477539,43.45795568452021,42.97775649201599,43.08446459681409,8194500
43.34458541870117,43.53799932649857,43.22453558242577,43.497984410529014,9057500
43.377925872802734,43.51131229152225,43.184512003803434,43.50464653244227,8081700
43.35124969482422,43.57800763542764,43.26454902724631,43.40460630027183,8150600
43.41794204711914,44.05154027543132,43.28455562450913,43.477969499149744,8991500
43.3708381652832,43.592874408103555,43.189175415082765,43.592874408103555,10478200
43.364112854003906,43.49195284937727,43.074794271477465,43.236277991942266,8523000
43.85528564453125,44.016764239505335,43.39775868101137,43.46504100114124,11581400
43.787994384765625,43.90910458959866,43.53904420446691,43.882190640378994,11489100
43.61979293823242,43.9091115213789,43.49195294258508,43.808185479200034,8813800
43.579410552978516,43.64669798958174,43.44484594639347,43.55922637532183,6063900
43.67361068725586,43.70724927128376,43.4246605255588,43.52558654426358,7601000
43.29683303833008,43.55251304384709,43.18918235177978,43.370845131157424,9511100
43.26319885253906,43.37084955005751,43.14208860951047,43.24300953427384,8591800
43.63324737548828,43.788001324700495,43.5592352867318,43.70052969254552,11311100
43.55921936035156,43.73415742738788,43.458293355011,43.619777016879844,8410600
43.80144119262695,43.83508490664167,43.42465623555035,43.4313860050153,7284700
43.956207275390625,44.03021936009157,43.75435520196779,44.0167598174306,9884100
43.787994384765625,43.989841303946726,43.747620894280665,43.87546086974634,9612200
43.78127670288086,43.98985345028616,43.633252507956186,43.687080421258315,11372900
43.81490707397461,44.04366793579677,43.60632525684824,43.8687298375552,17707000
43.87545394897461,43.91582229978107,43.66687729206106,43.7005158732964,7321800
43.70725631713867,43.821636761231275,43.57269169271342,43.73417026868599,7760400
43.57268524169922,43.78126191867162,43.49194339901121,43.70724984620194,7839600
43.3708381652832,43.52559209815196,43.33046980597448,43.51886232716344,10621300
43.431396484375,43.53904715523854,43.310286271333965,43.391022991153804,8062500
43.848548889160156,43.909106560950946,43.61978801048889,43.66015636947531,8503800
44.00330352783203,44.07058583832754,43.88219331561563,43.95620539715406,10723800
44.15132141113281,44.15132141113281,43.855273127086946,44.00329726910988,10305500
44.09749984741211,44.09749984741211,43.868733831451856,43.922561733243825,9553300
44.380096435546875,44.52812062484741,44.124421557044606,44.15806015159608,11307700
44.548301696777344,44.60885937603982,44.2858970643675,44.433921243329316,8785900
44.326271057128906,44.507938984673714,44.07059616401716,44.48775480012706,9128400
43.9965705871582,44.20514727466121,43.976386408794795,44.144594739571,9432300
43.96294021606445,43.98985417315779,43.794731834215455,43.909117435190225,7922700
43.68034744262695,43.88892930803468,43.653433487951375,43.70053162530564,6363400
43.195919036865234,43.63999171767074,43.169010207707444,43.60634798125331,12793200
43.148807525634766,43.52559775025271,43.03442707053283,43.52559775025271,10434100
43.16226577758789,43.16226577758789,42.84603324257236,43.094983460912864,13122300
42.75184631347656,43.06134914445479,42.738389333870145,43.02097820563555,11226600
43.04787826538086,43.168991042733204,42.839298998812986,42.87294272029421,10502400
43.2093620300293,43.249730391613184,42.570169782841646,43.216091801397106,18322900
42.56342697143555,43.00749677940014,42.46923073439078,42.994042374098,20567700
42.40868377685547,42.75183021093128,42.22701847057805,42.53652375163704,15189000
42.866214752197266,43.04115287129703,42.52307085189496,42.5365278277223,14320700
42.63743591308594,42.85274231533064,42.590337798010836,42.72490494107747,10120900
42.9066047668457,42.920061748659435,42.63074305630628,42.75858053355148,9022400
43.35065460205078,43.45158063506889,42.953682807718195,43.034422094139295,11162800
43.56595993041992,43.713984090509435,43.23627302232765,43.33719905268969,9139200
43.62650680541992,43.82162906990775,43.51885615143623,43.70051887585705,10746700
43.80144119262695,43.996563440630204,43.62650311970851,43.63323288917346,11362300
43.882198333740234,43.97639460586795,43.59960951735709,43.673621607359124,10107900
43.956207275390625,43.956207275390625,43.626515213245895,43.84855146734872,8349700
43.96294021606445,44.06386627183634,43.80146160681689,44.003313718360666,10431800
43.55921936035156,43.92927966883033,43.55921936035156,43.861997376373246,10301300
43.599609375,43.747628421208944,43.404487059569156,43.45158519547923,8387800
43.72069549560547,43.72069549560547,43.431377067867935,43.51884351967361,12491900
43.249725341796875,43.65342431043457,43.229541163361624,43.458302030042326,10649400
43.44484329223633,43.63996555318162,43.32373310038444,43.606321836935386,7702000
43.290096282958984,43.7274389973041,43.21608933538203,43.350653955190744,37824600
43.014244079589844,43.12862453785968,42.76529641355971,43.08152640014198,39687800
42.7989387512207,43.15553967993783,42.66437153975851,42.85949386804588,8500000
42.866214752197266,43.014238919642345,42.691279199753204,42.92004265550664,10018400
42.758575439453125,43.061351077548444,42.71147729204458,42.866228714480734,7993500
42.62398910522461,43.0007766823201,42.44905357418533,42.973862733958555,13781300
42.704742431640625,42.94696289870566,42.55671824251064,42.56344544808197,8784900
42.738372802734375,42.92676531104138,42.610535395905394,42.657633522982145,8409300
42.57017517089844,42.89313493772493,42.30777052076792,42.65764424316063,11269100
42.86909484863281,43.03214801767914,42.66528033105654,42.72642494549365,9309400
42.468257904052734,42.78756895175699,42.31879530883041,42.71963164407794,11208500
42.52261734008789,42.75360785532706,42.325595484692755,42.692463230950736,10089700
42.26444625854492,42.39353078019718,42.12177634774832,42.35276683783715,9414700
42.41391372680664,42.71963683177239,42.21689188231288,42.3663570873278,13297100
41.972320556640625,42.33239564907374,41.92476390905109,42.14896175480998,12061100
42.352752685546875,42.427485259080335,42.04702969911068,42.14893822513657,9200000
42.26444625854492,42.37994279941051,42.12177634774832,42.2304776023994,9523400
42.66529083251953,42.66529083251953,42.04705184177009,42.18292908414595,11562500
42.66529083251953,42.93704531727124,42.46826896065669,42.92345733386937,12959300
42.78757858276367,42.8283425315319,42.34598080016684,42.48865073339154,11249500
42.203304290771484,42.82154320135164,42.196511595772805,42.78078184807455,12226400
42.85551071166992,42.984592638521114,42.00628137060141,42.23047656898951,26655400
43.78626251220703,43.95610837948989,42.9234477870553,43.64359260568357,98440200
44.46565628051758,44.66947344177915,43.67757396909667,43.71833532803469,34314900
44.84612274169922,44.907264791157374,44.50643086705614,44.7713901146148,25992800
45.043128967285156,45.10427099545409,44.71702260052962,44.71702260052962,25750000
45.32846450805664,45.49151508435835,45.08388605196188,45.1110620118929,23615400
45.5186882019043,45.5186882019043,45.15182054067098,45.36922302325917,21254600
45.10426712036133,45.49831076787894,44.94801182849758,45.212970961035595,24545300
45.26732635498047,45.49831946894605,45.19259374604619,45.287712216468776,18965700
45.17899703979492,45.267315017649835,44.93441859604458,45.01594647172273,13734500
45.1246452331543,45.30808165805821,45.117855130960905,45.21975849670295,11100000
45.40998840332031,45.654566865871566,45.08388724210831,45.124648591438685,17594200
45.47793197631836,45.518693326616486,45.13824023507495,45.32167149470116,12110900
45.899139404296875,45.99425266264797,45.66135625841913,45.72250345780703,18286000
46.19807052612305,46.19807052612305,45.74967500068733,45.80402691588268,12552700
46.225242614746094,46.27959452539228,46.00784015544485,46.17089070409991,8902400
46.048606872558594,46.299980601180245,46.048606872558594,46.14372013565131,11857800
45.95350646972656,46.11655708304667,45.76327989030552,45.865188467362664,9758000
46.048606872558594,46.17089609414695,45.94669832402094,46.02143091406295,12485900
46.11655044555664,46.266015645956735,46.02143716953564,46.17769765630432,12851800
46.130126953125,46.27279682365617,46.00783775220068,46.2184449158491,12026100
46.00105285644531,46.27960255939981,45.81762160527566,45.93991083381689,16484200
46.612491607666016,46.70080957633035,46.01463613142622,46.055397473381525,13238800
46.50379943847656,46.68723588981124,46.44265741022158,46.5173900113898,12921500
46.8774528503418,46.999742065108826,45.93311037425124,46.08936564778012,24201900
47.128822326660156,47.18996433690329,46.64646079603658,46.70080752182491,15616200
47.23752212524414,47.3530160474042,46.86386440355863,47.04729562209029,13499500
46.62608337402344,47.12203556323917,46.43585684115744,47.11524027755559,13964600
46.27280807495117,46.40868269422375,45.96029230399665,46.29318874951361,11771400
45.7564811706543,46.367927403845556,45.51869796421468,46.26601883443282,12145700
45.87876510620117,46.21166155667934,45.78365183463598,45.97387837776636,9882200
46.7008056640625,46.86386138479114,46.34073335153223,46.40188054262625,16477200
47.23073196411133,47.339435796724615,46.802722285585574,46.84348363117354,14015900
47.18318176269531,47.31906157197791,46.98616510998382,47.128835022267005,8379500
47.02692794799805,47.257915856154625,46.94540005985078,47.04730862421364,10313900
47.13562774658203,47.38700152027073,47.04730975310033,47.20357024664413,11681700
46.50379943847656,46.863877054689304,46.21166432026029,46.748377918066225,13536000
46.9589958190918,47.09487046439193,46.80273531203972,46.86388253072462,10898800
46.76876449584961,47.10845629555782,46.72800313853599,46.99975761495966,8723200
46.39509582519531,46.83669609866695,46.3407439059068,46.748372934002035,11268400
46.435855865478516,46.57852576213033,46.347537886584774,46.39509451880205,6573100
46.415489196777344,46.639687037711994,46.3135806160538,46.42228448436844,7764200
46.63288879394531,46.6804454374968,46.27961161088931,46.27961161088931,7645000
46.510589599609375,46.571736804410996,46.31356778035752,46.463032966223366,7199200
46.63288879394531,46.70762140285271,46.53777550684233,46.70082611569238,8217800
46.435855865478516,46.76875229099942,46.40188980434285,46.54455970099466,9349100
46.33395004272461,46.503795908252606,46.21166081221307,46.49700580559631,13518500
46.06220626831055,46.320370148553565,45.86518441893361,46.27960879464285,11999500
45.9942512512207,46.089364506653055,45.97387057981144,46.06219373362982,12645200
46.048606872558594,46.36791790577731,45.9399082218601,45.98746485340646,9544900
46.028236389160156,46.1505256378207,45.8787711759878,45.94670849562471,8230900
46.021427154541016,46.16409703752528,45.899137942942545,46.06219368059628,9062700
46.343650817871094,46.50818302862,46.0351522689188,46.08314104831993,11297500
46.26823806762695,46.590450677789754,46.26138626385912,46.30251800800431,8761000
46.28194808959961,46.412200344799885,46.08313595963865,46.144833570462346,6750800
46.185977935791016,46.501333534719144,45.97345170469873,46.124275084704564,9609500
46.0762939453125,46.213408509144216,45.82949296080122,46.090008016888575,9672700
46.22709655761719,46.54930909970987,46.0419985176828,46.24080539264129,10151800
46.110557556152344,46.30251264711816,45.911745431828045,46.26823271070971,8402700
46.117408752441406,46.5287470623957,46.028288241489385,46.23395739646653,9266000
46.5081901550293,46.76870519488363,46.336800883708484,46.419069616881245,13075500
46.53560256958008,46.624728318010526,46.28880165611535,46.597305413138415,8403300
46.74127960205078,46.94009177302235,46.5013356820455,46.61102208959713,11441300
46.75497817993164,46.994927277658654,46.74126934339091,46.864669793793595,8821700
46.720699310302734,46.933220255243384,46.638430607236884,46.87152265073167,8230700
47.29656982421875,47.41997027741108,46.61786994685301,46.624726980470406,13006300
46.94007110595703,47.24171774708721,46.67270439418542,47.24171774708721,13024000
46.78927230834961,47.09777091273393,46.617883032494845,46.953804548662205,11584100
46.99493408203125,47.07719757395457,46.665864423183585,46.672721457638794,8063100
47.029197692871094,47.24857567019312,47.029197692871094,47.1320322638872,9911300
47.234893798828125,47.296591438427605,46.84412639020516,46.89897222344016,8704000
47.344539642333984,47.550208725434054,47.19371634544488,47.33768784184416,19064400
47.30342102050781,47.44053029363124,47.1731635497721,47.22115231840365,9082100
47.52279281616211,47.74217076286313,47.310271901340656,47.310271901340656,11625400
47.30342102050781,47.64619943369989,47.275998119806424,47.64619943369989,9971900
47.31028366088867,47.54337049890261,47.22801494903334,47.36512423840811,8253200
47.24174499511719,47.33086554031626,46.96066405732751,47.14576218362894,10293200
47.39255905151367,47.61193710787072,47.24859269237799,47.24859269237799,9647200
47.276004791259766,47.49538279744535,47.05662678507418,47.38569640954468,10062700
47.30342102050781,47.52279899573541,47.11832297875282,47.43367849124352,8557900
47.488529205322266,47.64620961043828,47.31028815826806,47.371985775236524,9395900
47.749046325683594,47.81074394539556,47.52281125930336,47.61878882133409,9429900
47.605072021484375,47.74903834045451,47.419968732534215,47.714758403868494,6444600
46.89895248413086,47.282862694418775,46.686426277392044,47.04291881298882,15365900
46.76868438720703,46.95378241651264,46.60415222444837,46.87837075225176,10710100
46.5973014831543,46.82353650648051,46.52188980871223,46.76183366812615,9505500
46.5973014831543,46.967502822128864,46.48075807006523,46.74126779880265,8685500
47.029197692871094,47.296564439282825,46.66585340827995,46.74126507833285,14868000
47.68049621582031,47.851885482979434,47.317146575919296,47.5091069486612,13688800
48.67455291748047,48.79795340169795,47.6804972387847,47.80389772300219,26522700
49.71658706665039,49.86741043055221,48.55114235894709,48.585422298155464,33591100
49.26411819458008,49.52462792804788,49.17499768243203,49.43550741589983,18391000
49.209285736083984,49.558921306919586,48.90078714618428,49.2161427713042,14033400
48.59913635253906,49.03789242350622,48.35233540882192,48.79109147978908,11086000
48.49628829956055,48.811643811177625,48.44829953106194,48.667677505681795,8572000
48.7705192565918,49.05845190997977,48.66768467170059,48.681398739224356,9672700
48.605979919433594,48.893912530528155,48.372887879225985,48.6745345558299,8965200
48.55115509033203,48.84594486151873,48.31806817982363,48.74996728302871,9950600
49.01732635498047,49.29155020584056,48.55800441226114,48.74310250412037,11226000
48.605979919433594,49.1544222409875,48.557991150917836,49.1544222409875,7946700
48.530574798583984,48.67454112355686,48.31119679428473,48.57856357357494,6874500
48.681396484375,49.09958660794752,48.59912777419574,48.67453945093072,7927500
48.22206115722656,48.66767410810951,47.78330523861714,48.462010213351846,12719700
47.749046325683594,48.27692291685263,47.749046325683594,48.091824827331884,12652100
47.89985656738281,48.16722330691598,47.598209894931685,47.687330397981604,10511700
47.76960754394531,48.023265493385544,47.51594959450508,47.845019225390125,9761000
47.65306091308594,48.06439400122216,47.57764923671616,47.65991271611301,8244500
47.488529205322266,47.82445588787711,47.32399699635507,47.735330133965384,10470700
47.35142135620117,47.44054188246352,47.111477454429625,47.29657554140059,11803600
47.433677673339844,47.488518243413495,46.967498830221636,47.214299701895,14272300
47.474830627441406,47.85874094146334,47.33086425968318,47.67364282017012,12337400
47.76274108886719,47.7901639885638,47.39939682105786,47.4816655201477,9859500
47.7078971862793,47.906709294196766,47.611919648716864,47.735320087066206,7639900
48.10904312133789,48.1090431213379,47.687154870943324,47.777068768768615,5450100
47.783992767333984,48.067559319125365,47.5972578082468,47.80474578646676,9884800
47.59032440185547,47.825477717872374,47.534998865707436,47.7286514338174,8763200
47.92230224609375,47.98454545071853,47.445083237424306,47.521161783056726,9983200
47.87389373779297,48.10904179130884,47.75631971103504,48.046798580661836,9853400
48.22661209106445,48.35801615899919,47.84621939711533,47.99145880481334,13480700
48.17129898071289,48.358033923024536,47.97072869355565,48.275042960502915,9928900
48.31652069091797,48.752238913993395,48.032954268779626,48.12286814732889,14278100
48.39262771606445,48.61394579282191,48.122896474911286,48.36496229688988,11037100
48.44792556762695,48.64849048596526,48.27502077299108,48.64849048596526,9459200
48.72458267211914,48.77299581711887,48.31652977521242,48.44102147330274,10021300
48.828338623046875,48.96666569746721,48.59319051148984,48.59319051148984,9700300
49.17413330078125,49.533778307247424,48.93206759064252,49.05655928109054,14933700
49.07732391357422,49.360890469249334,49.00124533896082,49.250228805579475,11783300
48.93207931518555,49.10498418909079,48.842170680344495,49.03582329485629,8838900
48.89057540893555,49.008149436537124,48.752248367665665,48.84216226365036,10263600
49.0634880065918,49.22947520570967,48.95282635608793,48.99432183670792,14317200
49.07040023803711,49.17414421587778,48.75917358115299,49.14647880334441,16352400
48.849090576171875,49.319392116467476,48.849090576171875,49.042748497054966,11865600
48.93207931518555,49.03582329485629,48.75225676886545,48.925161642770696,11775800
48.600093841552734,48.93207348159353,48.454854397984064,48.800664104567765,22142300
48.427188873291016,48.69000762671859,48.37186333061337,48.634676807403594,5006500
48.53093338012695,48.66234275830232,48.33036311535727,48.37877626363703,7737300
48.475616455078125,48.69002212460561,48.275051409456594,48.50328187297325,10700400
48.053714752197266,48.46176763584768,48.01221400309068,48.302692863652354,9691100
48.482521057128906,48.48943872889731,47.84623244701035,47.887727924345796,12770000
48.994327545166016,49.11881927816876,48.620857622796315,49.11881927816876,12874200
48.92515182495117,49.104974335186256,48.72458157827299,49.091144269769835,9598300
49.48536682128906,49.609858515903305,49.111891737446335,49.270961233730866,11631800
49.38162612915039,49.47153475140407,49.23638668860033,49.45078701370224,7548800
49.38854217529297,49.554529348082475,49.27788054234191,49.31937601638002,9825300
49.609867095947266,49.6928580556188,49.45079229551378,49.54761859955579,7672800
49.928016662597656,50.05942078808758,49.616784701236696,49.66519785834107,11888500
50.03867721557617,50.19775204596772,49.90727307913671,49.928020822961955,7766700
50.18390655517578,50.34298135341308,50.0525024452974,50.21157196689695,7386000
50.05250549316406,50.10091864746472,49.796604376638854,49.96950925294662,7795100
50.1977424621582,50.36372965770848,49.96950677037794,49.97642444254522,8779900
50.419044494628906,50.49512303443227,50.05248713555969,50.40520915468131,10570100
50.647300720214844,50.647300720214844,50.3429864371892,50.41906500794561,13558600
50.2738151550293,50.6334549161619,50.08707496478496,50.4328846598359,11469800
50.384483337402344,50.4259840986608,50.12166980707814,50.156247618715355,10155100
50.557373046875,50.64728693874182,50.377550539778206,50.46054676073907,9369700
51.12450408935547,51.13142176072024,50.52971099127829,50.57812413755726,10421500
50.917022705078125,51.17983618046947,50.785613329063786,51.15217077095923,9420900
51.46338653564453,51.608625932559804,50.93083680365287,50.951584535121384,12386500
51.24208068847656,51.73313512388806,51.186755144696185,51.49106410371938,9245500
51.12450408935547,51.42881830975883,51.02767779679753,51.23516572464295,10448700
51.30434799194336,51.47033523742057,51.235187079381134,51.27668257159059,10016300
51.255924224853516,51.35275053774311,50.87553136947417,50.87553136947417,9200700
51.63629913330078,51.74695547672657,51.50488977863596,51.51871984282551,10230800
52.141178131103516,52.141178131103516,51.53946744598164,51.574050521322015,12084000
51.91295623779297,52.00978254240967,51.6501427362102,51.7469690408269,9798200
52.203433990478516,52.29334261178126,51.684719446870034,51.98902839100705,8153300
52.155025482177734,52.217268700160055,51.90604205697311,52.06511157624193,5697100
52.42475891113281,52.46625439158004,52.16194013059931,52.16194013059931,7598900
52.32792663574219,52.47316607737549,52.127356375399835,52.417835258666436,8014800
52.431671142578125,52.625323752909246,52.13427455481595,52.21727079208838,9681800
52.67373275756836,52.67373275756836,52.22417912022799,52.3694185519896,10528400
53.22702407836914,53.25468948532417,52.53540473440389,52.58381787741598,9747400
53.01262283325195,53.233940808343505,52.936544284629534,53.109449117564715,7857500
53.164794921875,53.26853362957888,52.825897554581516,52.88814605584208,9465700
53.15782165527344,53.32513658825583,52.96262001365301,53.25542247608365,8571500
52.68374252319336,53.443640479970036,52.68374252319337,53.3111799831823,10603300
52.80922317504883,53.22053998402741,52.63493530978464,52.89985095020253,10742100
53.206607818603516,53.29723560827546,52.70465783521711,52.7604312375588,8180300
53.060211181640625,53.325126887239215,53.06021118164062,53.143871292335106,11806300
53.471527099609375,53.52032750023108,52.79529449637857,52.83712189152724,9528300
53.82011032104492,53.875883734820256,53.49245348251718,53.49245348251718,12628000
54.14078903198242,54.17564341631277,53.98741484816587,54.071069625633854,9399400
53.95256423950195,54.196566246320316,53.8340497388823,54.16171185611474,8535200
54.20353317260742,54.34993436027856,54.09198637123271,54.11290538562365,7996500
54.51030731201172,54.531221017439506,54.16869906053528,54.26629989842947,8554100
54.6845817565918,54.74034985098988,54.26628647611085,54.32205988935437,8807600
54.76822280883789,54.85885591231783,54.524220835707474,54.72639541882813,8790500
54.761260986328125,54.844915775304514,54.51725366822786,54.740341970239356,7983400
55.144710540771484,55.144710540771484,54.719447484685126,54.84493503105236,10130400
55.20744705200195,55.2423014471007,54.81007077972631,54.81007077972631,18296500
54.9425163269043,55.20743734105236,54.865829224792456,54.87977523545533,8005400
54.97738265991211,55.137724569945014,54.7264076261825,55.06104277743707,7095800
55.388702392578125,55.50024922156129,55.19350076070313,55.20047376722597,8000800
55.08196258544922,55.42356546191246,54.91464233184422,55.1586497053067,8436300
55.59085464477539,55.59085464477539,55.08890475417533,55.151651149922046,6873100
55.549041748046875,55.730302660003844,55.40264054491252,55.65361555566992,9616600
56.364707946777344,56.385621644560146,55.66755632017813,55.72332972682882,12682900
56.657527923583984,56.71330134753067,55.960376080789885,56.16255075346175,10703400
56.83876419067383,56.880591581033016,56.43441502105446,56.72722271010126,11332100
57.11763000488281,57.13854370157626,56.66448040742802,56.74116750786705,7376800
57.6474723815918,57.64747238159179,57.09672193275047,57.16643603487765,10342200
57.21523666381836,57.82872821133928,56.86666083296316,57.68232700064151,12254000
57.45225143432617,57.66836667384708,57.11761641034366,57.30584495462908,10303000
57.19431686401367,57.24311726237402,56.90151447385162,57.020028967177524,8581400
56.54597473144531,56.74117635615022,55.9882512447067,56.65751623748582,15828500
56.83180236816406,56.992149594164296,56.636600749621294,56.65054676171446,9111000
57.18036651611328,57.30585400506983,56.98516493747955,57.04791134137988,7583200
57.3895378112793,57.835714552139194,57.222222863168405,57.26405027048455,9882700
57.68232727050781,57.682327270507805,57.28495103422756,57.34072444394815,6987000
56.964263916015625,57.92633133282968,56.964263916015625,57.66838861175198,12385800
58.17033004760742,58.24004414245019,57.215230459843525,57.39649136151033,12620000
58.49102783203125,58.860517376572375,58.06576487578895,58.11456528131617,13693300
57.989070892333984,58.76988260708356,57.88449708749825,58.53284829486624,9921500
58.902347564697266,58.95812097903909,58.19125514779847,58.219141854969386,10787600
59.13937759399414,59.20909169740356,58.70016863670907,58.97205736319738,6989900
59.57159423828125,59.73194142543199,58.56072667909631,59.25090518282365,8982100
58.8326416015625,59.77379549378975,58.75595447593657,59.731968086665155,9480600
59.41129684448242,59.56467114209,58.797799654052135,58.93723325135351,8689400
59.341552734375,59.59949545112291,59.12543209742312,59.46704024914392,6784700
59.66223907470703,59.878354382695775,59.195148748930414,59.271830536567585,8038000
59.41824722290039,59.745904084353285,59.18121285719339,59.52978873940979,12099600
58.721099853515625,59.348532233389356,58.47709246262444,58.909328503708494,12312100
59.36943435668945,59.40428874629127,58.6792504251296,58.86748434058946,8668900
59.7807731628418,59.94808812323332,59.571625473217374,59.66225862084975,9213800
59.0347785949707,59.801644043016466,58.944150831085175,59.801644043016466,8815600
59.62738037109375,59.65526707563464,58.999942816036324,59.167263043281665,9061800
59.57860565185547,59.676206500401236,59.2091159653826,59.592551669560486,8044600
59.36246871948242,59.7389312782851,59.230008193557765,59.571611039586976,8342000
59.78772735595703,59.78772735595703,59.383378119981394,59.46006522745419,7594800
59.8504753112793,60.00384954380316,59.56464586608578,59.648300670120165,6631500
60.631282806396484,60.70796991714145,59.78772990704711,59.78772990704711,10360700
61.09836959838867,61.26568450351801,60.61036557557603,60.61036557557603,13444400
60.96590042114258,61.18898870256351,60.69401174437469,60.88224563988734,9441900
61.41206359863281,61.48875067729821,60.93800575792746,60.979833139438405,11437700
61.356319427490234,61.48877462681306,61.21688590340687,61.419060524193924,7235800
61.76067352294922,61.79553323942315,61.202955291288106,61.30752912186393,10099600
61.6700325012207,62.736673643235235,61.488771588292046,61.83734740300764,13825900
61.25560760498047,61.7894270422538,61.10810592339689,61.18536947453484,14446900
60.98167419433594,61.12917587361991,60.7498835445358,60.96762871199613,10390100
61.53658676147461,62.01421371599759,61.29777060479927,61.48741951728082,8380200
60.15989303588867,61.220506758961875,59.80167151321386,61.164314096811474,11872100
60.39869689941406,60.623462163465035,60.180957057034654,60.20202796322278,7801200
59.12738037109375,60.39870864063218,59.12738037109375,60.18096875592519,13302700
59.49964141845703,59.499641418457024,58.5584384616841,59.19761256419777,11768500
59.0711669921875,59.72439177609435,58.69187466358103,59.50665196773399,9972000
58.77619934082031,59.70335714328044,58.63572299695596,58.93775195921042,9839100
59.32406997680664,59.32406997680664,58.05274126513483,58.712986571908345,10671000
59.6401252746582,59.82976881395537,59.28190374617767,59.67524166995093,8907700
59.801658630371094,60.20202188399637,59.51368067683589,59.71034959316746,8477100
59.48561477661133,59.71740019865158,59.09227138394084,59.534782030841534,8967000
58.81829833984375,60.05450962917261,58.790202019765246,59.82974442736965,8413200
59.6401252746582,59.67524166995093,58.35474624097834,58.71998783322104,8570000
59.6401252746582,60.04048862102093,59.464527221712665,59.4996436170054,6357100
60.14585494995117,60.68670005993311,59.68930420990379,59.96323679746356,8429100
60.65856170654297,60.714754341690835,60.14581328876178,60.230102241483586,7233600
59.60499954223633,60.75692226396842,59.56285772716687,60.7077550267784,8288400
58.03165817260742,59.31703210674215,57.68046199587401,59.148459442382055,15172600
58.43901062011719,59.22569156726655,57.94733837741479,58.298534367580935,20715800
59.42939376831055,59.921066076236414,58.16508589246368,58.24234944925578,14777500
59.949195861816406,60.1177685530731,59.3802596795568,59.81574493736826,11239400
61.10108947753906,61.33288016499949,60.363580961292215,60.37060102418982,11966500
60.904422760009766,61.68407847619609,60.7498956294032,61.480384109380786,8890300
60.307395935058594,61.375029742672545,60.30037051244552,60.91145366792811,11896300
60.84825134277344,61.557669163280934,60.054549864387354,60.209077048936386,9905200
60.80608367919922,61.248588771541144,60.55322209533914,60.86227633312955,8572100
60.9536247253418,61.13624828909506,60.475997576253945,60.785052013554875,3599900
61.719207763671875,61.72622782768259,61.05193192355725,61.515513371983886,5403600
62.22492980957031,62.50588779467512,61.78945002354431,61.87373366789627,12051400
62.42860794067383,62.56908957601887,62.06336640642962,62.2670607585601,9348600
62.68147277832031,62.850050749482705,62.37944394518777,62.42861118040345,7067100
62.98348617553711,63.16610958679255,62.5128848454033,63.08182062186879,8941300
63.208274841308594,63.208274841308594,62.779815155257296,62.99756038905826,7590600
63.496253967285156,63.78423197369469,63.04672340204074,63.15208330051332,13343200
63.496253967285156,64.38126961209694,63.306605078269115,63.94578453252958,11409200
63.30659866333008,63.89661081969359,63.13100063661171,63.62267832671905,12832200
63.334712982177734,63.88257812375905,63.25744939976724,63.447098323439555,8329300
64.78162384033203,64.80971480774063,63.25040889290148,63.383859743984345,12506300
64.81676483154297,65.01343383101066,64.34616324584121,64.67628850587413,9916200
64.91507720947266,65.22413145121837,64.697337371239,64.89400630368573,8467700
64.8729476928711,65.08366750832988,64.44448799791175,65.07664208546058,6846300
65.02044677734375,65.14687758971462,64.44448537850475,64.62008343130722,7368000
65.20307922363281,65.27331738265198,64.37425608601924,64.84485764615857,8663700
65.46997833251953,65.59640914676109,65.04854407132345,65.06258955787145,7925000
65.44187927246094,66.00379516984887,65.3365193718473,65.6525990736882,8863000
65.67367553710938,66.31987512258583,65.45593565389673,65.48403198702539,11365700
65.86331176757812,66.30582226664238,65.81414452977398,66.13724964543205,11098600
66.2988052368164,66.2988052368164,65.6385547951604,65.71581837275112,8503100
65.88439178466797,66.23558789149705,65.6245047364366,66.05998983808252,7192400
65.89141845703125,65.98273288361467,65.67367856378372,65.94058570256546,6415000
65.78605651855469,66.04593820485803,65.65260028472719,65.74390934223548,9056900
65.56127166748047,66.28473998362449,65.11876660318217,66.21449649125002,11090000
64.8729476928711,65.59641084241073,64.46555890769213,65.59641084241073,12135800
64.62007904052734,65.16091864852618,64.44448099965635,64.67627169972454,11012300
65.3294906616211,65.56830140316562,64.45150053742545,64.54280958116428,10099800
63.70697784423828,65.28736047899551,63.57352695463948,65.17498050044769,12716800
62.89922332763672,63.50328104521315,62.576118201542855,63.44006296095055,12010700
62.77276611328125,63.07479484502448,62.3513266856768,62.6041881987095,14100700
63.53136444091797,64.09328027452662,62.75873418882597,62.843023171515235,8687000
63.0256462097168,64.37423777097969,63.0256462097168,63.60160752393281,8559200
62.37242889404297,62.95541034163754,62.28813990168882,62.84303037732583,7940700
61.99313735961914,62.5339769982403,61.89480287986984,62.34433346124585,7191900
62.566349029541016,62.5875786870255,61.71712493575621,62.226658312186935,7714900
61.94358444213867,62.61588753360378,61.84450910641975,62.53096350333005,6724500
60.98115158081055,61.62514685105976,60.8325385336459,61.54730115027793,9941200
61.235897064208984,61.504820445880995,60.77590137379159,61.11559207725075,8829200
61.26421356201172,61.66759329121461,60.85375547988911,61.1509869113028,5768800
61.15099334716797,61.412833041540516,60.75468652997399,61.412833041540516,7471300
61.1580696105957,61.7808351859374,60.88207319396098,61.49068206120735,7590500
61.49775695800781,61.74544534372967,61.03776115640899,61.18637418784211,8458800
61.596832275390625,61.68882927597452,61.29960621270247,61.568524260010534,5647900
61.681758880615234,62.219594997545386,60.860842598139605,61.724218205846014,10034900
61.96482467651367,61.993132691436735,61.57560161952558,61.844519662492,6819700
62.651268005371094,62.686654367507785,62.17004263599647,62.37527165814749,8658700
63.14668655395508,63.174989180971565,62.375307687259394,62.72207155985268,8098100
62.99095916748047,63.387260510033855,62.89895678495854,63.19618819107443,7938500
62.67960739135742,63.160833001623644,62.417762218393726,63.075908929504834,7738600
63.005130767822266,63.38728092803833,62.86359607109155,63.288205560486304,7563700
63.026336669921875,63.13956870397725,62.68665136615687,63.01926371719383,6291100
63.62787628173828,63.62787628173828,62.48850451578935,62.9201922233452,10115500
63.7411003112793,63.83309729138789,63.542949646921926,63.72694900633977,6721000
63.46513366699219,64.20112604983261,63.46513366699218,63.833127158810804,14708600
63.047603607177734,63.51467792504096,62.84945282961288,63.288219122223445,7376200
62.431915283203125,63.12544293445033,62.38237759382832,62.99805953331467,7797500
61.62513732910156,62.608817869676656,61.61805897579625,62.573431502351724,7493200
61.618072509765625,62.06391168029647,61.370384081692926,61.76668556660923,6400600
61.37744140625,61.526054412173,61.172212379251285,61.43405202812475,5461100
61.349143981933594,61.53313798337766,60.96699387253136,61.09437724233211,7962300
61.901123046875,61.91527435184474,61.044826017387585,61.27835764419275,6318700
61.773738861083984,61.773738861083984,61.17220852287848,61.66050682607087,6383400
61.27128982543945,61.8515905634365,61.05898243869861,61.70297755239836,7724600
61.787899017333984,61.86574470275719,61.25713592537649,61.44113530903147,6050000
61.27838134765625,61.55438319373462,61.066079295784185,61.356227053103495,5705200
60.5848388671875,61.3845199912455,60.55653085405251,61.29960135104197,8669800
60.83253860473633,61.02361637931591,60.507004491633005,60.81130894071692,8014200
62.12051773071289,62.12051773071289,61.35621750482751,61.3703742122709,8647900
63.30235290527344,63.323587967735236,62.290364229351354,62.714979091351196,8449800
63.550048828125,63.61373782002855,62.722054138961894,62.8635942307516,9198600
63.64202880859375,64.72478457484188,63.64202880859375,63.92510351722356,11024000
64.47709655761719,64.51955587440739,63.8047988455009,63.988792817725795,8116000
65.0857162475586,65.10694590952635,64.23649197443493,64.30726471326334,8569600
64.84512329101562,65.14235485919919,64.4983594272059,64.93004736752576,9082600
64.54080200195312,64.84510644806927,64.23649755583698,64.84510644806927,6940500
65.3616943359375,65.50322897552975,64.75308566713008,64.77431532314887,9635500
65.1777114868164,65.41124856055097,64.76725336919841,65.15648182542269,6449600
65.35460662841797,65.8075238893167,65.20599365836054,65.56691395661409,5251000
65.1706314086914,65.29801477288464,64.95125104782592,65.13525044037206,6076000
65.38294219970703,65.67309531063312,65.05032976491934,65.07863778056105,6551000
65.91368865966797,65.9419966681439,65.51738733940593,65.67307868642331,6096700
65.66602325439453,66.13309205927055,65.56694788974802,66.00570867626756,6295400
65.53861236572266,66.06229698752833,65.33338336817175,65.70845500537853,7773900
66.07646942138672,66.22508244136635,65.37585824250941,65.37585824250941,6835900
65.83586120605469,66.16847364869585,65.4112517598072,66.14016563238576,6862500
65.68019104003906,65.77926642953892,65.30511915133192,65.48911861720471,5350600
65.84294128417969,65.95616795318315,65.61648254697056,65.83586293011629,5301300
65.5952377319336,66.06230640738681,65.5952377319336,65.94907976453791,6116900
66.55768585205078,66.593066814387,65.50323274929791,65.55277041592919,7229500
66.72753143310547,66.97521977711533,66.47984308909562,66.50107274726776,4723100
66.21092987060547,66.58600162053315,65.81462845924064,66.50816132833089,7639600
66.05525207519531,66.13309778261204,65.33341644184364,66.06940878519993,8954300
66.4657211303711,66.6214125706253,66.09772759820972,66.09772759820972,7045700
66.79832458496094,66.8054029401552,66.20387232951629,66.26048297346122,7063000
66.73460388183594,66.9469058439768,66.5293748723261,66.77706319442402,8492000
67.13092041015625,67.1733797323663,66.52231159553753,66.71338394468448,6624200
67.33615112304688,67.56260984574224,66.989387384995,67.18753809245321,7076500
67.37154388427734,67.76077241290989,67.2653955575619,67.55554331592208,6896200
67.87747955322266,68.11264692897007,67.26462208503476,67.26462208503476,6462100
68.14828491210938,68.40483018940095,67.75634466511508,68.04851790837309,6374600
67.74209594726562,68.3193255977152,67.67796233993484,68.11266380149183,7267600
67.68510437011719,67.96302760089911,67.42143124277985,67.94164429038882,4603800
67.4570541381836,68.05565625363697,67.2931480712029,67.86324998421118,4106800
67.186279296875,67.45708025700847,66.96536730257401,67.27892401982461,5827400
66.96536254882812,67.38580862902485,66.63755574810783,67.12926323074002,9061100
66.72303771972656,67.16486691827454,66.36672542838294,66.81568239508813,6218500
66.25273895263672,66.72306856747052,66.03182696967663,66.57341798834629,8666200
67.30030822753906,67.32881388059688,66.57342766680826,66.70170038711973,7280400
67.30030822753906,67.32881388059688,66.77296180131557,67.20054116028541,6974500
67.08647918701172,67.54968626285748,66.9582065419605,67.40003574978009,7576600
66.35247802734375,67.30739239726938,66.29546675355569,67.27176442882258,9424300
64.96288299560547,66.17434304831548,64.89874393284767,66.16008750685994,12285700
65.09827423095703,65.46171440038529,64.90586792766898,65.17666339371402,7909000
65.11247253417969,65.78946332262845,64.96282211052967,65.14810048063485,6623000
64.6065673828125,65.08402469695132,64.49254480438758,65.0626468227206,8794000
66.0175552368164,66.03181077622556,63.9723202832261,64.81321769082157,9691100
65.54720306396484,65.84650404528271,65.14812965198094,65.84650404528271,7341000
65.62561798095703,66.0959529784382,65.52585093971484,65.52585093971484,11265000
65.5828628540039,66.04607008525511,65.3904565403221,65.9605531475654,5312200
65.60424041748047,65.83940791733774,65.45458985490657,65.68975735476384,3147300
65.94629669189453,65.94629669189453,65.39757257580027,65.55435089468433,3459100
65.81090545654297,66.24560706086979,65.6897605338673,66.11020659617566,3511300
65.7752456665039,65.7752456665039,65.36904990575327,65.67547866820681,4370100
65.26927947998047,65.71823642303289,64.95572837720513,65.6826030210182,6348200
64.87022399902344,65.36906453907147,64.85597389760257,64.94861314907534,5919600
65.4545669555664,65.71824000893854,65.03412106069922,65.055498928317,5637600
65.79663848876953,66.09593955169603,65.46883178600791,65.51158752731317,7443500
67.19337463378906,67.42854205820937,66.26696047286346,66.3025938778584,11063300
67.10074615478516,67.41429733407533,66.90120666646125,67.1078684874111,9096700
67.50695037841797,67.9701521535822,67.05086549986497,67.65660093550275,7944700
67.51404571533203,67.68507951523468,67.08647208936267,67.44278435048608,6697400
67.34305572509766,67.69224041763745,67.02949901683522,67.25041644170045,9589200
67.49979400634766,67.62806663476681,67.21474311687248,67.41427710843706,7567300
67.55683135986328,67.89176043967477,67.35016952111006,67.44993655541911,7390700
67.44280242919922,67.763481375414,67.15062912394276,67.41429678824089,8401100
67.74209594726562,67.82048509193292,67.25751097881984,67.49980618148997,13714400
67.00810241699219,67.77061065976288,66.0033043760024,67.64946576065333,16368400
67.21479034423828,67.37869648784284,66.65894370949664,66.97962278741764,8875500
66.08882904052734,66.84421510117764,65.85366696504488,66.80145391181114,9322300
64.57088470458984,65.99613322615785,64.57088470458984,65.64694886070335,10604200
64.0934829711914,64.67783515097746,64.02934390528145,64.35002836103858,8685200
64.20748138427734,64.56379371763836,63.986569477399826,64.5495436165376,8254400
63.352325439453125,63.92954960206752,63.08865239094218,63.758521227384364,11160100
63.779903411865234,63.979437435317685,63.43071887082343,63.86542032344244,6874900
63.04588317871094,63.66586294323497,62.817843582251776,63.43070101715318,12193800
61.841575622558594,63.266825138402375,61.720430718566774,63.24544726556799,13944600
61.72754669189453,62.197876115053994,61.349851075384144,61.948458584825914,11436400
62.1978759765625,62.475799143468436,61.6277795425812,61.63490187421872,10667300
63.24544906616211,63.252576836274976,62.39030150706801,62.44730735728419,10037900
64.16471099853516,64.16471099853516,63.14565774024495,63.36656959669951,9435100
64.89871978759766,64.90584755567357,63.99368897014131,64.30724008585925,8080200
66.25273895263672,66.25273895263672,64.8132335854284,64.91300063817789,11556300
65.86076354980469,66.26695935015142,65.52582912134622,66.23845371401728,7696100
65.96052551269531,66.00328668207293,65.35479574263428,65.56145751112922,5926000
66.10304260253906,66.2384375450082,65.58282438464263,65.98902008583573,5485100
65.6826171875,66.16720220018901,65.62560590673776,66.11019091942677,6926500
65.30492401123047,66.09593782609542,65.25504050204505,65.66836411352119,7693400
65.83226013183594,66.08168309719025,65.06975200946157,65.34055284341326,8160100
65.688720703125,66.2126825517358,65.6384782362186,65.93275945382616,7381500
65.39444732666016,66.07631018448186,65.38726826655154,65.6384806101691,8406700
65.39444732666016,65.93994089852855,65.07146081001164,65.73896554761612,6383400
65.39444732666016,65.70308119910983,65.15040856713283,65.39444732666016,6334100
65.57389068603516,65.61695409805762,65.13606107707743,65.43034232861442,7040300
66.11936950683594,66.49259843823106,65.35854804988737,65.6169394162446,9643700
65.71743774414062,66.01889805039406,65.19348132149725,65.40880385337117,7506700
66.99501037597656,67.08114264047019,66.21266284188827,66.37056925545163,8796300
66.45671081542969,66.96631998193503,66.30598342607571,66.94478280401208,6842500
66.67204284667969,67.21753639090693,66.62180038050205,66.8873708308799,7718300
66.98066711425781,67.09551014966135,66.5284849833954,67.01655693182575,6792000
67.073974609375,67.1026853689261,66.60026076682536,66.8730047685347,4878200
67.1026840209961,67.28930121632088,66.81558190726965,67.2605904573465,5837200
67.18163299560547,67.1959911121944,66.49977031009061,66.62178692101145,6154900
66.7509994506836,67.61230047899474,66.73664680648638,67.36108813540552,7659400
66.61463165283203,67.06681939458416,66.36341928298027,66.66487412680239,7337800
67.41850280761719,67.59794095993428,66.88018835066592,66.93760987365167,5872600
67.4256820678711,67.6410045656824,67.09551652374616,67.39697130629268,5891900
67.1744613647461,67.72713391817129,66.69356845016814,67.38978932925261,5937600
67.55488586425781,67.60512833404519,66.72229010661728,67.12422986491629,5727400
68.85401916503906,68.85401916503906,67.38262388759627,68.02142337510571,23988800
68.33004760742188,68.49513312037293,67.85633372315954,68.40182725062891,13944100
69.89473724365234,70.12441782712558,68.68891281141356,68.68891281141356,14167300
69.65789031982422,70.67709767269768,69.65789031982422,69.98805585064164,11215100
69.8229751586914,70.12442994986073,69.09086988356336,69.67942682271116,8694600
69.93779754638672,70.49764355773813,69.5932739753924,69.98803999673835,8816000
70.50481414794922,70.77037900676495,70.05980572969492,70.33972870175329,7545700
70.29671478271484,70.82785035012864,69.88759588364942,70.56227982841195,7068500
70.50481414794922,70.61965167381166,69.88754670289339,70.3469077583746,7995600
70.52637481689453,70.58379086540673,70.00241298858813,70.31822589748612,5471200
70.64120483398438,71.33024662659099,70.56943067400778,70.78475862995496,10309700
70.26078796386719,71.31588495761964,70.2177245685358,70.6196641943399,11409200
70.38282775878906,70.86372622784894,69.98088800054774,70.36129605402878,9601800
71.0216064453125,71.05749626009305,70.18183734921,70.64119850311309,8921300
69.29183959960938,71.00726794827483,69.27748148043054,70.95702548318488,9667800
69.5287094116211,69.76556365239955,68.94015238795504,69.04781091739125,8710700
69.72249603271484,69.88040250104967,69.08369657519195,69.82298097147002,8617200
71.20105743408203,71.20823649353886,70.37564630513664,70.66274297119527,13999100
70.8780746459961,71.56711653733119,70.39000262179813,71.46663160376262,11308000
71.02880096435547,71.52405204084071,70.8350101600019,70.8350101600019,9153500
71.7752456665039,71.86855151450436,70.8206335848954,71.06467226769018,7031400
71.9044418334961,72.3135605176321,71.58862899801682,71.77524617134699,7937900
71.93313598632812,72.17716913849783,71.71780810710683,71.94748862280234,5876000
71.74653625488281,72.04081739611519,71.45226058966722,71.9475060703504,6149900
71.62451171875,71.9618562185118,71.34458872448302,71.75370736810524,5895900
72.737060546875,72.85190361455942,71.8614067978662,72.17721428196062,8792900
72.51456451416016,73.19643295983118,72.46432203719655,72.94521509899386,7811200
72.70114135742188,72.97388529844731,72.27766459328589,72.37814949134876,8513600
72.15565490722656,72.51453114209868,71.72500452058337,72.32791396668048,6590500
71.27999877929688,72.04799373263397,70.97136498631,71.89726636527064,8744200
71.7752456665039,71.89726226989296,71.08620396522747,71.26564207939373,5438200
71.423583984375,71.78963397642202,71.423583984375,71.78963397642202,5795900
72.42841339111328,72.52889831133896,71.3087156748568,71.66759195452495,8720800
72.13414001464844,72.55761144196717,72.03365508355525,72.2561566486876,5667900
72.42841339111328,72.67244663279924,72.06953711144513,72.39252357273948,5691700
72.14849853515625,72.66528135202867,72.07672436081697,72.66528135202867,7437300
72.50735473632812,72.84469928561016,72.22743170097004,72.42122794145915,6183200
72.39969635009766,72.56477635785261,72.32791671957779,72.45711238808978,4187200
72.27049255371094,72.37815103534902,72.06952275329805,72.23460274248734,7007600
72.19155883789062,72.41406039469526,71.87574593712183,72.18437977850465,6516900
72.234619140625,72.44276804573822,71.86856379190743,71.93316437157176,6997200
71.95470428466797,72.47866613678738,71.7465553557996,72.3566440226106,5438400
72.59349822998047,72.63656163407244,72.15566870165267,72.20591116509925,5302500
72.96932983398438,73.005469782573,72.3333075437709,72.69468497292941,5124900
72.98379516601562,73.1138912738196,72.7597373883528,73.02715869722277,5275700
72.86090087890625,73.25841817686998,72.47061267204573,73.0705004074525,4524400
72.4923324584961,72.94766614696216,72.36223633119388,72.75974829326267,4352700
72.82477569580078,72.85368654970259,72.38389482361607,72.6802214262918,3685200
73.33070373535156,73.38852544463892,72.67299971329851,72.78140852548516,5973900
73.84386444091797,73.90891524720614,73.00547165118576,73.38853085362926,5845400
74.053466796875,74.15465204229322,73.60535677132121,73.65595490821264,6681300
74.21244812011719,74.23412987747616,73.67761121993433,73.88721073137177,5608600
74.60275268554688,74.70393791823969,74.02454662943224,74.28473880326565,4730900
74.57380676269531,74.68222103650727,74.32806737444295,74.62439935525036,4624000
74.60275268554688,74.60998177764824,74.21246442479674,74.49433836075268,3748800
75.23876953125,75.25322771441417,74.27750437553782,74.7834360168406,5792100
74.67503356933594,75.27492143983237,74.53770837835476,75.02918191461247,5960500
74.10404205322266,74.5955154932977,74.0895893847709,74.57383373352955,5930700
74.10404205322266,74.19077460647627,73.84384990764288,74.0895893847709,4301600
74.04622650146484,74.3642403756285,73.60534563562214,74.09681911651984,5645500
73.67040252685547,73.86554391129626,73.27288515127728,73.81495129205739,4834600
74.30640411376953,74.3208622947712,73.61978939906048,73.65592933738428,5445000
75.02918243408203,75.07255147658705,74.30642755306266,74.39316012389057,5481500
76.08442687988281,76.23621030322317,75.21712296636427,75.43395170183581,12459700
75.70856475830078,75.97598601749272,75.48451253644198,75.82420817228048,6063200
75.59294128417969,76.05550954793294,75.5640359372416,75.62185214530069,5915000
76.43855285644531,76.51805632939124,75.33273884170148,75.33273884170148,6411100
76.35903930664062,76.59032060263958,75.91092938318847,76.49635895745868,5106900
75.88203430175781,76.31568613260494,75.49174599974074,76.22895907494483,6463000
75.61460876464844,76.6120083983136,75.5423288736822,76.33736356085895,6877800
76.51805114746094,76.612007284497,75.88202340696637,75.9976668194859,5129200
76.5108413696289,76.59034485726018,76.10610035200268,76.39519792791695,3764900
76.19279479980469,76.79268248995304,75.96874262013645,76.51803770474099,4199100
76.95172119140625,77.14686260365056,76.08441193407569,76.19282628051485,7014900
76.4096450805664,76.79270427609805,76.26509079930219,76.76379341984521,6268400
76.64091491699219,76.76378190199496,76.40963361585354,76.6120040650772,5720900
76.46746826171875,76.61201703157718,75.5423373864056,75.94708386753702,4955100
75.9615478515625,76.61925753498785,75.78808819906317,76.49638499670884,5461000
76.16389465332031,76.24339811808574,75.96875329428414,76.16389465332031,7784800
74.64612579345703,76.22896080179709,74.27751924750476,76.05550116836521,14219700
73.8800048828125,74.92799725550775,73.68485797682955,74.82681201321367,11946800
72.54290771484375,73.79327054213992,72.46340423863624,73.64872177495282,11218900
73.57644653320312,73.69208444276767,72.54290686874225,72.75973001699398,8408400
73.19340515136719,73.41746297772839,73.0127163798218,73.31627770679766,6379900
74.06069946289062,74.11129208804054,73.56199679056819,73.6559584616913,6554100
73.8582992553711,74.39313615100542,73.63424156481291,74.29918003185544,4815300
73.86553955078125,74.2486042328985,73.73544346410674,73.9667247832857,5177200
73.80049896240234,74.0100985328415,73.57644672104895,73.9161368722621,3951500
73.80049896240234,74.0100985328415,73.47526148210342,73.64149201143594,4634800
73.69208526611328,74.08960264695574,73.49694387908825,74.04623360547528,6053900
73.93782043457031,74.33533227782956,73.58366660187505,73.9161331580158,5994800
72.34052276611328,73.60534362206903,72.31161742759957,73.55475100839804,9141500
72.20321655273438,72.5718231005037,71.40818725522162,72.10203130655178,8610700
72.39112091064453,72.55012232923185,71.7840040322716,72.26824840811699,6790800
72.14537048339844,72.44892611947884,71.95022914996974,72.15259957402334,6230900
72.78861999511719,72.87535253804973,71.98636189407739,72.03695449890962,7412100
72.22486877441406,73.1355411317323,71.97190576243125,73.06326125901141,7417800
73.05607604980469,73.10666867877089,72.10926325889012,72.4272772204965,5618400
73.11387634277344,73.56198077822384,73.00546202271302,73.44634288055907,5703000
72.73079681396484,73.15722491527926,72.49951555171677,72.99821801357491,4577700
73.53308868408203,73.68486656521371,73.10666590102392,73.10666590102392,4563700
73.73545837402344,73.75714565467254,73.35962822217977,73.6415022146082,5239400
73.12110900878906,74.03901078331681,72.85369323547444,73.8727747366714,6986000
74.22691345214844,74.24137163564166,73.54029861911668,73.66316560790236,5979500
74.41483306884766,74.41483306884766,73.7354417966686,74.24860255385586,5670000
74.59549713134766,74.66054790882063,74.22689076347991,74.34976322888893,5183000
75.30384826660156,75.47007883539638,74.6822785002747,74.6822785002747,8357600
75.0200424194336,75.69675108458344,74.92545076463087,75.40569257940987,5076300
75.1146469116211,75.53667595600515,75.01277170617139,75.42025587353086,3678200
75.2674331665039,75.47117242510812,75.07096634465096,75.28926157971459,3512400
75.10736846923828,75.47119024593368,74.88180074416064,75.38387102099408,4786100
74.91090393066406,75.0855423859744,74.73627102683365,74.87452508275102,3482200
75.47846221923828,75.50029063586324,74.9545580143223,75.02004326419716,5287800
75.20924377441406,75.46391792694314,74.96184206089998,75.16558693440342,4644800
75.50030517578125,75.74770134714686,75.34022268773039,75.54396201743863,4725800
75.5584945678711,75.74768342275202,75.50028730992848,75.66764219766698,6147700
75.98055267333984,75.98055267333984,75.1946961568612,75.61673082883834,5744400
75.71131134033203,76.09696152209494,75.55122887586904,75.98053589285657,4900300
75.52940368652344,75.9659887118687,75.34749279667292,75.9659887118687,5999400
76.39529418945312,76.6499683197549,75.64582222678804,75.81318268468902,7402200
76.07511138916016,76.32250745345421,75.74766856400406,76.24246624407013,4834100
76.09696960449219,76.26432452494798,75.64582857049629,76.06786319409115,5929200
76.19880676269531,76.33706076525823,75.92957674493537,76.10420958137215,4525500
77.04290008544922,77.08656247516127,75.89322745065735,76.03147595555235,6081400
77.26846313476562,77.58862249185928,76.98468262088664,77.042889880326,6627800
78.11251831054688,78.15618068979315,77.15202923930829,77.26117686020602,6628700
78.5782241821289,78.85473227975488,78.30899962578314,78.50546093856194,13033400
78.4981918334961,78.76742197179401,78.4254285816935,78.58551106654738,5788300
78.19256591796875,78.65825729046921,77.9961046254835,78.41813361517018,8108100
79.05120086669922,79.1457925368925,78.1052619588459,78.36721410097513,5890900
77.93061065673828,78.98569696673108,77.90878224195892,78.97114098922562,5688200
77.93061065673828,78.21439115182767,77.27573045596324,78.15618389624231,4467500
77.52315521240234,77.60319645809845,77.1593333870493,77.40672956357874,6581600
77.55951690673828,78.01065786890997,77.45764726229294,77.49403165737168,6822500
75.8931884765625,77.33391891315071,75.63850891371649,77.11562928261039,12263700
75.56578826904297,76.06786413961142,75.12920321056093,75.71859276193767,7566100
76.49717712402344,76.54083951928476,75.76953345311546,75.84230226139077,6856100
76.30070495605469,77.13021817914598,75.94416116228243,76.89737245953228,5015100
74.50343322753906,76.00965536801849,74.46704882427684,76.00965536801849,8407800
76.33708190917969,76.42439557584342,74.24874307496295,74.53252359457869,8337000
74.2778549194336,76.30070310028067,74.06683762374729,76.13334264112267,10675900
73.65936279296875,74.6052961256727,73.65936279296875,74.47432005788538,9984100
72.12401580810547,73.8266986994329,72.05124702692102,73.8266986994329,10334600
70.58870697021484,73.41924012126665,69.37353794288065,73.15000999157368,20807400
71.46187591552734,71.83297569880509,69.19890391892852,69.89016865652276,21905900
70.42134094238281,71.30906694979042,70.21760163933443,70.55959499151406,14575300
71.81839752197266,72.14584036536371,70.80697369413384,70.97433410984193,12272900
72.18225860595703,72.18225860595703,71.541934097158,71.91303396832217,7988900
73.02632141113281,73.04087184232881,72.28412173607843,72.64067114240963,7287300
73.6520767211914,74.06683329842866,73.14272293502745,73.56475750175431,9360100
74.67805480957031,74.93273449076999,74.17598453997363,74.40883025164331,7570400
75.04186248779297,75.15828809750234,74.37243188639995,74.91088645260923,5973100
75.7258529663086,75.84955101938675,74.9763811075094,74.99820952258449,7043900
76.24977111816406,76.25704910835017,75.35476707558978,76.07513821405686,10347800
76.81005859375,76.81005859375,76.30071028138305,76.40257994385644,8188300
77.88697814941406,77.89425614043954,76.33709914982214,76.52628250463992,9068300
78.42540740966797,78.71646588978338,78.04703527155309,78.54183302230564,10800100
78.19256591796875,78.67281326856681,77.67593972508479,78.46179599798394,7082600
79.03665161132812,79.11669285324996,78.10526311909949,78.50546932870867,9349000
79.18218994140625,79.50235495691643,78.5491379020514,79.34955044082686,6966800
79.32042694091797,79.54599467063481,78.98571156565173,79.26221412309431,6200300
78.73101806640625,79.33496345456717,78.52727879123844,79.3131350395819,6652600
79.18218994140625,79.25495320361827,78.0034051082396,78.63645714759446,7573300
79.24765014648438,79.60419387961109,78.98569806254015,79.22581617992326,6221100
79.1312255859375,79.31313644935345,78.86927349850022,79.07301277728945,4895900
79.36408233642578,79.669691297227,78.9493257320585,79.3495319079742,4860000
78.70191955566406,79.35679423062227,78.59277192601135,79.25492459000748,5650700
78.80381774902344,79.08759835805442,78.30174180159273,78.58552241062372,5233000
79.18943786621094,79.35679275060875,78.38175319391492,78.68008412115745,5407200
79.13850402832031,79.17488287032455,78.65825668144068,78.91293078138638,5217800
78.71646881103516,79.00024931302241,78.35992507418841,78.9856988866421,8090700
78.99478912353516,79.63196400870336,78.81901886086789,79.63196400870336,8417400
78.27705383300781,79.26577485803948,78.10128356555963,79.03873244213135,9098000
78.14521789550781,78.5040893774993,78.14521789550781,78.35028970848961,7367900
78.51873779296875,78.54803376745426,78.07198396042737,78.19648766126394,5503700
79.28041076660156,79.69786859516971,78.60662016393638,78.81168638321401,5881200
79.11927032470703,79.69052770663305,78.62125006576025,79.01673723500926,5638800
79.47080993652344,79.48545512488593,78.7311022024559,79.07532279912992,6184400
78.89222717285156,79.82235029333198,78.8409606321579,79.49278047282041,8957400
78.77503967285156,79.31700660670512,78.64321063321604,79.16320140410235,6697600
79.47080993652344,79.63925474704443,78.5260360395779,78.75307277881657,6449700
79.4781494140625,79.74180757093458,79.19984606520208,79.40491227885032,6499300
79.13392639160156,79.44152568125642,78.28436006287708,79.25843006775214,7214300
77.8083267211914,79.06802570116433,77.74241496852662,78.8116929058526,9416400
78.15986633300781,78.59196935380078,77.16382562178201,77.52269150538038,7114600
76.4826889038086,78.26970362280939,76.4533929393424,78.10857861206226,8325500
76.13847351074219,76.9440930319166,75.89678597809957,76.73170146574289,12110600
75.25963592529297,77.05397102172809,75.06921488884181,75.78695227999728,10209200
76.21906280517578,76.52666217973879,75.21569655465976,75.63315444517707,10207600
78.22579193115234,78.23311732245948,76.70976001348434,77.35426034523958,11756800
77.30298614501953,78.65056745532132,77.26636477973783,78.09395511132735,19154400
78.17449951171875,78.24041683640866,77.39085053013143,77.4055013079001,8124500
76.37285614013672,78.29902594176865,76.10919795883072,78.11593029295258,10171700
76.59988403320312,77.14185111366056,76.44608437663065,76.44608437663065,3415100
76.944091796875,77.40549627681104,76.67311388974728,76.9514171852832,2951000
77.14186096191406,77.4055191461652,76.6145445934118,76.63651517749342,4273400
77.1638412475586,77.48609142163342,76.94412420384639,77.20778242124642,4371700
76.5852279663086,77.71309754198215,76.5632573881517,77.34690633900897,6202100
76.54862213134766,77.30298085603305,76.2629933821275,76.93678957881383,5753600
76.01398468017578,76.70242605747703,75.93342215357094,76.51933042203608,8079300
75.64047241210938,76.89284596073992,75.39146501551373,76.41679616342013,7428000
77.3102798461914,77.50802621173139,76.02861072095543,76.10185342679036,7931700
77.91815948486328,77.99139660394883,77.449435217555,77.67647196301039,9916000
76.8562240600586,77.99873901247982,76.71706959208696,77.99873901247982,7364800
76.59258270263672,77.50073566944666,76.38751644441865,77.02468580564816,6839000
76.72439575195312,77.87423610571233,76.34355370556678,77.22241609809544,10151100
76.16780090332031,76.48272568825297,75.80893494437176,76.06526777219216,8887700
75.06188201904297,76.11651462336444,74.66639479242241,75.4134280830285,10834800
76.19707489013672,76.62185807514624,74.70301394080442,74.74695510213819,14092300
74.18303680419922,74.7396491640932,73.42868359398864,74.37345785135905,20460000
74.62977600097656,74.77625026225911,73.53120227845278,73.64838056995183,11702900
75.99201202392578,76.04327857694463,74.38809251319498,74.98864595754517,9036600
74.8494873046875,75.41342494399397,74.65907188277158,75.39145436359097,10126000
74.89344024658203,75.03258912985316,74.1244363430735,74.55654494806112,8962800
74.76891326904297,75.26693350280156,73.91935262771008,74.5784978764544,10160500
74.32217407226562,75.3841263981092,74.29287810351781,75.05455652805698,9053200
74.98133850097656,75.03993045776438,73.72896475972875,74.34416913072778,7569300
73.34080505371094,74.7030373584345,73.30418368269623,74.39543795740317,10676300
73.84615325927734,73.86079845556552,72.78419493018569,73.59714022128324,8990700
75.03990936279297,75.11314649437129,74.05851950684648,74.26358571031979,10005200
74.2342758178711,75.03256990133796,73.98526291204404,74.7908879712193,9514100
75.03990936279297,75.11314649437129,74.30752687173978,74.38808939276643,6642200
74.04386138916016,75.03257653655936,73.84612059473409,74.7835691963462,9215700
73.07713317871094,74.01458199017227,72.57911279916765,74.01458199017227,9851700
73.49459838867188,73.75093120066302,72.8208076863991,73.37742006932002,12275500
73.51656341552734,73.81684296375214,73.20163867385452,73.57515536459108,8177000
72.09574890136719,73.63375132851672,71.15097462483513,73.60445535238749,25835200
72.95994567871094,72.99656145063668,72.01517159592171,72.09573411684727,11153600
73.56049346923828,73.58978943711851,72.59374887972915,72.79148967837747,8627100
73.208984375,73.9267219810655,72.7842010078926,73.75094608510823,7878200
73.75091552734375,73.85344863035019,72.95262128427437,73.20162865225142,10028200
73.9426498413086,74.02377627697837,73.0945134126908,73.88364777414026,10085700
73.88365936279297,74.31878701622894,73.60340793990612,74.29666264425731,6878200
74.26715087890625,74.52528351928451,73.7508968516435,73.9352740937726,6587200
74.6432876586914,74.70228973104251,73.86890655938562,74.44416269794058,9684000
75.81594848632812,76.09619995845676,74.6506825925982,74.76868113942915,11437900
75.6020736694336,76.20683102037606,75.57994929254224,75.99295266584473,8500000
76.12570190429688,76.26583045539671,75.60207103801426,75.60207103801426,7277600
75.47669982910156,76.03720847829432,75.08582079640445,76.03720847829432,6419700
74.96781158447266,75.31444181004302,74.6138046913852,75.31444181004302,8665500
75.60942077636719,76.11830379077699,75.22591856923397,75.27754397455473,8042300
73.83203125,75.54305201639625,73.66240169318058,75.29229601415199,9287600
74.2376708984375,74.4294192188397,73.57391156349283,73.89841175088395,5701100
73.404296875,74.07543301274814,73.3895491653431,73.743550464601,8735700
72.51189422607422,73.6255345385574,72.4381444416891,73.6255345385574,9138100
73.62556457519531,73.92794050255736,72.88805517697057,72.98392937310973,8318000
73.16828155517578,73.78779216250331,72.74790156785463,73.64028695754521,7821800
74.53268432617188,74.54006099429242,73.55917232397798,73.55917232397798,7726500
73.6697998046875,74.1344286145823,73.31579850955312,73.83205274276956,7301500
74.82769775390625,75.03419947101395,73.1092996230818,73.66980830290969,7972500
74.99729919433594,75.19642416764081,74.42204301951334,74.51791717306787,6863100
75.52093505859375,75.88968961881466,75.04892967165081,75.13005612503926,12433800
75.94869232177734,76.22156709746011,75.39556047690935,75.57256109177764,9016000
75.19644927978516,76.13308926327612,75.17432490055694,75.83808441115102,8390700
74.00169372558594,75.59471679996692,74.00169372558594,75.11533454369021,8444100
73.85417938232422,74.34830925307226,73.42642264641577,73.71405081755265,9972400
74.00169372558594,74.4515749293648,73.86157075965922,73.95744496021439,5847400
74.8940658569336,75.12269192164159,74.31143287991253,74.6654341654766,6061200
74.19342803955078,74.84981080965701,74.18605137169877,74.4663084825861,8028000
73.12406158447266,74.09019714348337,72.72580581447767,74.09019714348337,11368100
73.48542022705078,73.7435473357136,72.93228829702375,73.33792062974315,6097100
73.13140869140625,73.42640784466914,72.30539643272492,72.89540036599887,9697600
73.82467651367188,74.39256180033618,73.33054665511919,73.41904979280368,7900300
73.86891174316406,74.0827844236376,73.4559028344706,73.63290343719768,7354100
74.73179626464844,74.9677989446664,73.99428718624887,74.1712877895754,8073900
75.27020263671875,75.32920473527687,74.43681909489693,74.73182396093779,6786500
74.15657043457031,75.21120907339402,74.15657043457031,74.88670314552517,10753500
74.1344223022461,74.8276827507497,73.89104854259472,74.5253069046834,9322200
74.19342803955078,74.66543350059911,73.99430302153777,74.14917928593654,8237100
73.59602355957031,73.98690242809236,73.58127022863715,73.95002472750657,7324800
73.441162109375,73.64028710302652,73.09453191047399,73.2862858639242,11084200
73.90581512451172,74.39994506424051,73.78781654829668,73.94269284462584,6668500
73.97219848632812,74.48107616963517,73.86894761570059,74.23770233272765,6532700
74.06806945800781,74.34094996234133,73.72143913883421,74.21556908768797,4763900
74.09017944335938,74.35568322659391,73.68455272718096,74.1196804889131,7351500
74.54743194580078,74.8793088380368,73.75092065233586,73.83204711519333,6566900
74.17866516113281,74.93092195248377,74.0975387115977,74.60642178109109,9113900
74.29666900634766,74.45154525015899,73.24203071365785,74.08279068106111,7484600
74.0385513305664,74.2008042618429,73.67717338247262,74.12705446401237,8926200
73.16093444824219,73.86157179469568,72.84380516288442,73.80256968887318,10170600
73.8468017578125,74.03855574500402,73.47067607842622,73.47067607842622,6255000
74.009033203125,74.1565383914874,73.86891030761521,73.99428549766256,5532400
73.38216400146484,73.96479693357072,73.22728774762635,73.84679276298033,8828000
73.1387710571289,73.65503076760601,72.76264549330342,73.47065350531008,8030800
73.50016784667969,73.75091826795142,72.94703595967005,72.96916033487066,6401600
74.83506774902344,74.98256735473201,74.07543408880065,74.10493513529222,7508600
74.51055145263672,74.97518583651669,74.49580374482635,74.72442978975236,5698900
74.09754943847656,74.5253061203599,73.95742089140306,74.39992528136058,6903100
74.15657043457031,74.58432159878375,74.09756833373052,74.25244462837246,5826800
75.10055541992188,75.13005646008087,74.45154378992004,74.46629712337358,5454000
75.44718933105469,75.46193703848783,74.98255495905966,75.21118662488597,6023500
76.273193359375,76.95170041287162,75.46193443656398,75.49881214399782,10479600
76.67144012451172,76.78944427329161,76.15518604046846,76.45019078567069,7724100
76.40597534179688,77.05498723723265,76.19209693323285,77.01073284552089,7146500
76.08650970458984,76.74025410268828,76.02707736516638,76.4505285327237,6875600
75.29164123535156,76.07910577924106,75.27678598031126,75.97509632283337,6216600
74.89789581298828,75.44020602461538,74.71960445164767,75.2024823202345,7918900
75.12820434570312,75.33621758867356,74.88305579939103,75.03906148078285,9297900
75.14305877685547,75.55164343059937,74.8904741232454,75.03905499824569,5700100
74.39273834228516,75.49221410770488,74.1624450788163,75.440212220219,9957800
74.3184585571289,74.73447370076715,74.08073480822402,74.49674995186226,7298100
74.27386474609375,74.46701133728278,73.62012038274767,74.2292876600059,8312400
74.35558319091797,74.60816780676076,74.16986137577297,74.52644975467456,5375200
73.71671295166016,74.63789166265315,73.59041779684435,74.24416228084891,8057900
73.24125671386719,73.58298986197464,72.95153111820333,73.53841276956304,7557300
72.77322387695312,73.53097193706938,72.77322387695312,73.248671195239,7054600
72.95897674560547,73.20413096760294,72.65439583433896,73.12984335518048,7844300
73.45667266845703,73.95441132118457,72.951509225706,73.15952236971532,10025100
73.72415161132812,74.14017245243146,73.4195706930838,73.69443543212205,6175200
73.06295013427734,73.71669445424058,72.89208926358089,73.45667941728475,8717200
72.42407989501953,72.70638069096137,72.06749717184485,72.6172321762776,6833500
73.0704116821289,73.16698501240394,72.13437188705561,72.43152800730857,6049500
73.34526062011719,73.63498619393327,72.91438465523895,73.08524554862795,6155800
74.55614471435547,74.69729506739866,73.33037994956683,73.44181414050733,8815800
74.18473052978516,74.43730950588537,74.12529818207429,74.19958578282255,11653600
74.35558319091797,74.91274863635296,74.28129559841597,74.73445728079217,5055900
74.12527465820312,74.55615054069622,73.90241192668448,74.36299830582367,6046600
73.79100799560547,74.14759077941468,73.59785568150313,73.92472795647922,7254700
73.63500213623047,74.27388576239724,73.62757167515007,73.917297311693,6581100
74.02128601074219,74.38529918056267,73.73156043324302,73.86528036653341,9041100
72.56521606445312,73.8058362280296,72.52064464974087,73.5309716135986,11150900
72.40179443359375,73.13725126199175,72.28293541471801,73.12239601004987,8967900
73.15211486816406,73.30812052429401,72.53551703599776,73.0258253847894,6726700
73.12982940673828,73.56069974371893,73.0406808881662,73.43441025991046,6091900
72.95153045654297,73.17439891323855,71.79262808439863,72.58751726720179,6817800
73.48639678955078,73.53097387341211,72.44635362799508,73.27095883218874,7122600
72.632080078125,73.24124736403525,72.5726534087964,73.11495789851499,6845500
73.10011291503906,73.94700400054845,73.10011291503906,73.58299080324925,7316400
73.93958282470703,74.20702274505767,73.61271055143823,74.12530467674047,6969300
74.48929595947266,74.64530725683427,74.19214561804729,74.32586553880049,6986300
74.12527465820312,74.19956223537602,73.21152669019688,73.73897585623683,9890600
74.6007308959961,74.98703541204839,74.01384933075552,74.11042829365836,7990300
75.11331939697266,75.29904118251206,74.86816527979369,74.99445473369349,5775000
74.34815979003906,74.96475758812313,74.25901127670085,74.94989666867671,8054200
74.56358337402344,74.77159086384526,74.36300067471022,74.6601566606467,5016200
74.54132080078125,74.89047879408248,74.34074369174715,74.73447311643791,5891600
74.42243194580078,74.8161612127545,74.08813500874396,74.59329847730959,6721900
74.43731689453125,74.73447299480064,74.28874167828715,74.66018538667859,5016100
73.65729522705078,74.25160181402467,73.58300761215176,74.10302658422663,6524200
73.0109634399414,73.53841274644002,72.74352355667727,73.52355749416105,8734000
73.56068420410156,73.7166954955906,73.11495304096225,73.46411091355147,7757500
74.0881576538086,74.3258813782775,73.58299403083957,73.73899969366785,7853500
74.16986846923828,74.28873316283348,73.82814097682291,74.14015796362003,5517400
74.44474029541016,75.01676672604,74.25901845882812,74.54131361003178,6216800
74.30357360839844,74.4447239869691,73.71669772101177,74.28871835854966,6172500
74.14014434814453,74.66016311767324,74.02871013530853,74.59330599063934,6005300
74.6750259399414,75.03161432361946,74.54873646421836,74.71217257057998,4571300
73.59783172607422,74.73444818965208,73.55326030955095,74.65273014750655,6988000
73.43441772460938,73.59785385804813,72.92182927711085,73.56070722125531,6027900
74.1327133178711,74.33329036520645,73.88012872620418,73.96927722934181,6133500
73.55325317382812,73.79840160870249,73.37495618947379,73.58296933788718,6682600
73.3304214477539,73.34528237110435,72.36467113789452,73.10012814585649,7462400
73.15956115722656,73.53100489536325,72.91440692978875,73.35270782025486,5048000
73.4046859741211,73.41954689279753,72.7063758263842,73.04810327480435,5177300
74.19213104248047,74.19955583211183,72.84750164024095,73.12980234402632,6901800
73.82070922851562,74.05100246593115,73.56069415272133,73.7241302571246,7618800
73.776123046875,74.28128654924002,73.38239375357772,73.67954975516525,7642400
73.38983917236328,74.37788067024235,73.38983917236328,73.50869819655945,10620400
71.53340148925781,73.749169680206,71.4959763876263,72.77603137068385,16141500
69.48230743408203,71.2713903139011,61.22557646338165,68.17979647844128,25636300
67.91779327392578,71.63818327522779,67.67076367718461,71.63070168342747,15671100
71.19654083251953,71.27888404455022,68.46425736066229,69.54968801418514,14738300
72.02741241455078,72.16215525440903,70.62758433997551,71.93758195093316,11131200
71.24144744873047,72.07984839806551,70.6500761154235,71.81036258260563,9200300
70.35063171386719,71.24142639114864,70.05120248395734,71.02434034224243,9083500
68.93582916259766,69.53468762604231,68.46423197765286,69.08554663402761,14593500
69.87903594970703,69.96886644118577,69.24275234069583,69.74429306805798,11517400
69.3475341796875,70.43295854919482,69.06307959534804,70.11107888622833,9027200
68.3519515991211,68.77863643751611,67.79801118163975,68.55406877638816,10996800
70.3206787109375,70.35062220099326,69.25022321377557,69.68438954174208,11394100
69.03314208984375,71.233940220353,68.89091192977658,71.1066789508069,7384500
69.40744018554688,69.9763552213194,68.58401398524927,68.95081183871,8359500
69.56465148925781,69.61705119181683,68.71876894476522,69.19785357134464,7381300
69.85658264160156,70.29824210403525,69.25024250469157,69.54218447513996,7948700
70.6650390625,70.92703753120556,69.75926966432463,70.2084107122682,7030700
70.8222427368164,70.9794418282347,70.23087146273502,70.73241223694653,5630400
70.99437713623047,72.00495122047799,70.60512324322204,70.76232226027174,8258000
69.90900421142578,70.90460442789514,69.80420478981219,70.42551972590721,14211100
69.71434783935547,70.81474706030158,69.14543854086824,70.26829395634174,7053700
69.79668426513672,69.94640173271203,68.77862833017421,69.06308866299862,10618700
69.60955047607422,70.14103470280762,69.28766501919195,69.77423685556815,5609300
69.227783203125,69.57212485253652,68.7037805713907,69.25772098904069,7407600
68.1198959350586,69.71434858610027,67.9402406657771,69.56463681355537,10794400
68.39686584472656,68.92086273562552,67.29646666270095,67.89531943642295,14332800
69.6469955444336,70.24584847939315,68.74122598278507,69.04813689833473,11520000
69.87903594970703,70.71743673676086,69.31012092595128,70.4629198664735,10970100
69.74429321289062,70.25332124338426,68.68881206372973,69.938923089263,9675900
70.3132095336914,70.34315303146502,68.74869461406492,68.97326799179791,8368100
70.93451690673828,70.9794292931723,70.42548891964798,70.50783210220212,9419200
69.93141174316406,70.8596427044773,69.3026156511159,70.75483764466644,8365200
71.0992202758789,71.428587373729,69.94642115555607,70.56024866522002,9397300
71.174072265625,71.26389705504182,70.22338469594656,70.89709917226618,7090700
71.39117431640625,71.83282819279665,70.94951472887588,71.21900057964086,8259700
71.85527801513672,72.21459435463296,71.09922595036373,71.16659455150332,8957900
71.4510269165039,72.03491649936765,70.59765730226769,70.9569735293271,12761900
70.76232147216797,71.8327768049391,70.45541074071839,71.27134930267037,8881900
72.72361755371094,72.87332935347864,71.00939060401711,71.11419000608231,9561900
73.53955841064453,73.59195811298768,72.91076198252676,73.26259100303328,9495300
73.31497955322266,73.50960372595566,72.843376592732,73.3973227459706,8725400
73.052978515625,73.5470376933851,72.84337972911051,73.32246430146895,6041800
73.08293151855469,73.52459105711692,72.66373389101577,73.09041882222913,7059800
74.50520324707031,74.71480202348248,72.70863333174864,73.24760487745898,9887900
75.08908081054688,75.51576562949168,74.50519692263691,74.76719537091216,9178900
74.8121337890625,75.06664500475891,74.47527365452741,74.89447699676178,7561600
74.999267578125,75.53075185818308,74.63246398294538,74.79715037896256,8883200
75.21634674072266,75.21634674072266,74.48274532910305,75.19388483422212,7256300
75.88257598876953,76.00234427111572,74.94686308144044,75.20886155326491,6340700
75.6280517578125,76.44399630349288,75.61308286565095,76.00233688436695,10520300
76.48140716552734,76.60866271421592,75.48580754338006,75.74032435189396,6297900
76.32421112060547,76.57872793910227,75.68792764106892,76.23438064740597,6229200
76.30925750732422,76.64611185476903,76.12211493404641,76.27931401026319,5592300
76.60120391845703,76.72097220252654,75.92000217077342,76.54131692085308,6545600
76.29429626464844,76.29429626464844,75.50081344255203,76.0322977584033,6221100
75.48580169677734,76.04722923871103,75.26872140636293,75.89751751198322,6625900
75.94246673583984,76.17452744934336,75.3660700260143,75.60561233168893,5114200
76.24937438964844,76.62365955523236,75.97988861353694,76.1894873924818,6284700
75.05913543701172,76.06222252820436,75.02171035170176,75.71039360169212,6918700
74.7671890258789,75.56067731620843,74.66238965546249,74.8869629984333,8517500
75.7702865600586,75.82268625253027,74.88697337900878,75.14148453926032,5755800
75.97989654541016,76.1370956460295,75.14149563096801,75.14149563096801,5124000
76.85570526123047,76.95302304767395,75.83764927673266,76.00233564350992,7148400
76.72098541259766,76.86321562861212,76.39909988397608,76.84824673220295,5164500
77.27899932861328,77.52030744133208,77.06784969590002,77.28653607199506,7671500
77.4976806640625,77.67112356850483,77.06031366109005,77.21112907546133,6730600
76.94718170166016,77.51274800662344,76.77373883671338,76.77373883671338,7492400
76.88685607910156,77.1658708709883,76.88685607910156,77.04521395993301,5400800
77.19603729248047,77.38455940643308,76.75866460733322,77.1281663397736,2353800
76.34391784667969,77.27899172555249,76.34391784667969,77.27899172555249,8983700
77.1884994506836,77.2865288846833,76.25343132001045,76.7134257660468,7545700
76.9547348022461,77.61833062035831,76.90948557941114,77.2940723306951,6623500
76.00457000732422,77.19603105196438,75.64260504637153,77.12061760988907,12008700
77.63343048095703,77.67113721779576,76.37410371461121,76.46459643108,7845400
77.91241455078125,78.04060820013144,77.36946997325333,77.37701246828512,7262900
77.23373413085938,77.85208640140884,76.84915318130506,77.65602755572006,8005400
77.03013610839844,77.92749744925293,76.6681711219592,77.02259361301225,7947000
77.39965057373047,77.92751027286144,76.76621893477329,77.14326322079235,6479300
76.67572784423828,77.1960508109017,76.48720569727205,77.1960508109017,7796500
77.03013610839844,77.1357080308519,75.99703286354574,76.65309188442511,10641500
78.52322387695312,78.94551729775907,77.40717625459837,77.40717625459837,9283200
79.3678207397461,79.5488003827825,78.06324500281247,78.90782625904758,8178800
78.15374755859375,79.37537324796293,78.14620506115448,79.29996553328974,8740800
76.87931823730469,77.73144190180616,76.87931823730469,77.73144190180616,14966000
76.60031127929688,77.61078710864619,76.04982414237945,77.17341439747767,8321900
77.45242309570312,77.58061674991413,76.27604696861256,76.84915579476053,5581600
78.04061126708984,78.17634741680618,77.47504493547811,77.75405973023899,5531700
78.21405792236328,78.35733657433627,77.67865579293596,77.76160598584258,2546300
77.83702087402344,78.02554301109353,77.61833450463342,77.80685664170353,4063000
78.44780731201172,78.56846420523155,77.92748452816653,77.92748452816653,4230000
78.25929260253906,78.68158026210915,78.07077050405415,78.50814315331623,3847800
77.4599838256836,78.13866473309405,77.43736208764317,77.95014257843779,4592600
75.77082824707031,76.7737617548013,74.99411212367308,76.69835404227682,12722800
76.0875473022461,76.4947558709487,75.83869666249896,75.84623916004158,6467200
75.70294952392578,76.1403222663012,75.10721887549838,75.2731192780021,7733800
74.82067108154297,75.47672447506028,74.56427796836334,74.88853629332502,9433100
74.0213394165039,75.36361619816377,73.78756803931502,75.31836697015721,9766700
73.57643127441406,74.37576342328008,72.45284076743903,74.08166930234862,8151400
74.0816650390625,74.37575914306929,73.32757641273952,73.89314288248175,6745000
73.16166687011719,74.63968545623092,73.02593070417771,74.27017793308302,8290700
74.57183074951172,75.00920357433495,73.14660357313966,73.22201129215465,10164300
73.1465835571289,73.90067204740858,72.58101718941914,72.6715098794186,12662200
73.52366638183594,74.20989002962239,73.07121420090374,73.84792483293165,12457800
72.20396423339844,73.35771856381614,71.28397546572897,72.47543651740706,12685200
72.34725189208984,72.8751115361325,71.09546223159066,72.21905247576066,11266400
72.95807647705078,73.21446385505327,72.35480325914875,73.16167787997983,8380000
72.69413757324219,73.66691249584194,72.42266523422649,72.93544567978515,9350200
76.2986831665039,76.41933434827094,73.25216459646553,73.3426572977203,17266600
77.03768157958984,77.95766468890163,75.77834945041245,75.77834945041245,19330500
77.12063598632812,77.70128741053449,76.8039201658006,77.29407888989657,12789500
78.75700378417969,78.99076937518446,77.39209970425348,77.58816432267865,15614600
78.70421600341797,79.02093178132183,77.83701310876252,78.13110715299302,9803700
77.98030853271484,78.62128272202905,77.67112943070745,77.89735832257821,10616300
78.53077697753906,78.71175660904696,76.92457052227415,78.16127521851581,10168600
78.34979248046875,78.49306537628075,77.46751035926434,78.13110613574281,10389000
75.81608581542969,77.49770055491227,75.24297673789178,77.41475608298671,15522200
76.91700744628906,78.05568240272389,75.57473117803845,75.64259636423131,14323800
76.89440155029297,77.09800290403076,76.14031308672746,76.3967004027853,10044500
76.71343231201172,77.60325704957363,76.44195996812917,76.95474042288076,9833100
76.69081115722656,76.93211928802842,75.39378354994139,75.75574286952434,12465800
76.78129577636719,76.90195270567914,75.95179952368416,76.78129577636719,9035000
77.1583480834961,77.7088353126243,76.65311008419026,77.19605481614146,10452800
77.29405212402344,77.8520758650368,77.09045081082846,77.48257420237472,8904000
78.60621643066406,78.93801735015757,77.29410350403957,77.54295419365971,10744600
79.11511993408203,79.51008532708425,78.52266315217601,78.67457737635772,9343300
79.563232421875,79.563232421875,79.0315472678168,79.1150986198736,6947000
79.05430603027344,79.59358815861376,78.96315755135461,79.48725116400759,6629200
79.72272491455078,79.81387340957936,78.21121525698914,78.49224630886182,9076100
80.80128479003906,80.80888194626141,79.5784034101942,79.71512324753499,8092500
80.34557342529297,81.2114640069037,80.07213368426498,81.13550981104785,9049400
79.91262817382812,80.66458456455842,79.78350546131625,79.96579669044677,10111100
81.43933868408203,81.45452720645369,80.08733419057322,80.4367281544627,8298500
81.30261993408203,81.58365685880763,80.83929176368983,81.20388004995725,9767000
81.00638580322266,81.27222838193386,80.2316379510545,81.13550851360615,6927200
80.89244842529297,81.25703665810722,80.56584018576909,80.90004558293772,6715700
81.0747299194336,81.21144976597292,80.12528815039182,80.51266201474202,6973500
80.67979431152344,81.09754536630219,80.48990588800542,80.90765694278417,7632900
81.15068054199219,81.28740038253379,80.58101550555762,81.15068054199219,7564200
81.3785629272461,81.63681413505692,80.56584090005333,81.26462874129818,10474700
81.81151580810547,82.02418988436028,81.43173901624075,81.65201025091436,7763800
81.77352905273438,82.25964280810264,81.50768070329258,81.97100878183625,7242800
81.84947204589844,82.2976057486457,81.0899186826531,81.74313503863867,8476600
81.5836410522461,81.86467212758863,81.1810728451162,81.8266979310215,7065100
81.0747299194336,81.72794632012895,80.85445873362399,81.62920646232436,8571100
81.65199279785156,81.91023817955148,80.78610236107826,81.26461893036897,14758300
81.48489379882812,81.84188485018991,80.93042302133965,81.58363945682444,7674700
81.56085205078125,81.75074042416772,81.31020380206039,81.48489786041331,7821700
82.41156005859375,82.66221412052379,81.424138127015,81.49250095978397,8191300
82.26725006103516,82.49511846316194,81.8419018916616,82.19889301735763,6284500
82.20648193359375,82.71538141305972,82.07735342803748,82.34320180217468,4738100
82.89767456054688,82.98122591522326,81.8342984241568,82.25965235567308,6612800
82.7761459350586,83.21668257663738,82.73816594072929,83.13313122505976,5248200
82.1836929321289,82.77614957709214,82.06216737580856,82.68500106365154,8167700
82.93563842773438,83.01159260950557,81.79630831636855,82.03176801833905,9043200
82.47990417480469,82.86727804665145,82.22925594707587,82.65460401345959,10668900
82.75334930419922,83.42935143760992,82.03937297375936,82.20647566650054,7939000
83.11034393310547,83.17110960487936,81.94063082865854,82.57865879241751,6828700
82.99641418457031,83.26226256406099,82.51030037425654,82.79133727503601,7822900
82.86727905273438,83.27743860526958,82.60903366498972,83.0723617264684,6301600
82.76854705810547,83.26225799946432,82.52549016627343,82.90526692194433,6823900
83.24707794189453,83.73319180881587,82.60145850566472,82.79134691602256,8412300
83.4521255493164,83.8167078986053,83.0267717485701,83.55086539497132,5758300
83.42935180664062,83.77115435101399,83.13312641181028,83.55088314551111,4457100
83.68760681152344,83.85470951260587,83.17111018769293,83.60405546098222,10057900
84.25727844238281,84.38640115955684,83.30023931375842,83.55089338469665,7772500
85.58648681640625,86.55111719140005,84.67502495349977,84.8041476550071,10526400
86.27007293701172,86.7334009551335,85.86751057911988,85.97384758705613,8213400
86.2624740600586,86.38400537809427,85.65482905974456,86.0649885657167,7884500
86.07261657714844,86.39922486778667,85.7004369233765,86.15616793951642,7508700
86.21692657470703,86.24730941262473,85.4345873318613,86.06501238511856,6139900
85.76117706298828,86.25488213639414,85.56369155666641,86.17133079890922,5853600
85.65483856201172,85.98144677180022,85.41937885086169,85.79915556945609,5759300
85.43458557128906,85.60927964204858,84.79655757803312,85.14595151448584,6640000
85.13074493408203,85.23708194457791,84.69779973565377,85.11555062119264,7774500
85.63966369628906,85.6700465340124,85.01683001029522,85.23710123758904,5178800
85.59408569335938,85.90549961471747,85.16114043054122,85.49534002968974,7554500
85.23710632324219,85.480163244597,84.8421352042068,85.10038644279672,5214600
85.7384033203125,85.90550602983205,85.10038111480195,85.13076395243584,5404300
85.63204956054688,85.86751505748539,85.28265568840075,85.51052402868122,6099900
86.37642669677734,86.5815035961606,85.62447033912751,85.81435871797378,6512700
87.0979995727539,87.34865362175688,86.5283344404381,86.58910011200247,8356400
86.87012481689453,87.16635018057089,86.82454767214485,87.02203317957327,6680700
86.76380157470703,87.16636401513753,86.23970778889868,86.96887847636528,7156300
86.25489807128906,86.65746051994157,86.10298968139766,86.51314928802482,6779900
86.92330169677734,87.0676129167441,86.0650025596567,86.12576822855489,6222900
86.4599609375,87.01443164884414,86.01182143873977,86.99924313131281,9233900
86.27766418457031,86.611869520462,85.73838198933838,86.29285849707392,8267900
85.71561431884766,85.8599313432821,85.22190336756505,85.82195134897825,8232200
86.16693115234375,86.38112358548604,85.49375410013856,85.83033970808812,7435200
85.79975891113281,86.30464031841086,85.7079596387609,86.2663891625125,6462300
86.20519256591797,86.82482158361015,86.07514214204981,86.07514214204981,6125300
86.71009063720703,87.00078546098135,86.32760236281591,86.58004602462795,5453800
86.3658447265625,86.68713344360701,86.32759356849694,86.52648908508475,3973600
86.48822021484375,86.70241264900832,86.2051827138289,86.47292325653461,4647000
86.20519256591797,86.92426641475001,85.92214919624898,86.64122888138779,10104700
86.27404022216797,86.488232687221,85.73090766112433,86.20519514538961,4748900
87.58216094970703,87.70455999546543,86.33525131165901,86.34290271109583,7310800
87.78868103027344,88.27061399385603,87.29909666959418,87.56683720491785,6881700
88.56132507324219,88.73727223271334,87.91874762746734,87.94934738721481,6349400
88.5307388305664,88.91322710613277,88.3165404937506,88.7449313310743,6417400
88.58425903320312,88.69900081065914,88.28591873920531,88.37006076390438,5863800
89.50223541259766,89.64758279071484,88.43891872374567,88.56896330611023,7375500
89.50988006591797,89.67817578867648,89.0126442949422,89.30333319296668,6067400
89.34159851074219,89.99182731298869,89.34159851074219,89.60168769711798,7940900
89.59403991699219,89.63993663432068,88.96675948950649,89.08150128282769,6378400
89.05091857910156,90.06833290464776,88.99736462039678,89.99183642069576,6371400
89.22685241699219,89.41809652896899,88.14058726167765,88.50012712600318,6664300
88.33948516845703,89.24980319746962,87.97994529437919,89.21155787582116,10702200
89.15034484863281,89.60932949301531,89.06619698292694,89.19624156217914,5588200
88.8749771118164,89.61700530997423,88.8749771118164,89.49460625875695,5493500
89.08917236328125,89.66290480186728,88.97442470830241,89.15037189077772,5833800
89.79293060302734,89.79293060302734,89.25744944042226,89.65523461317076,6775900
88.45421600341797,89.59403500254639,87.97228298898347,88.0258311016984,13939500
89.15800476074219,89.22684983763625,87.97228896623966,87.97228896623966,10877400
90.44317626953125,90.55027251512108,89.15801548614564,89.63229719195556,10089600
91.28465270996094,91.34585223440516,90.34372898963171,90.90980999997102,8341500
92.79164123535156,92.87578910768967,91.1545921783668,91.16988913865242,11559900
92.78398895263672,92.97523305407188,92.40150074976641,92.79164035086004,7051400
93.53365325927734,94.26803567169826,92.82222503924339,92.83752783416804,9334100
93.81671142578125,93.8320142231238,92.9752384974625,93.27357884626363,9332400
93.71730041503906,93.94678993124602,93.33481205171822,93.77849411757536,6058700
93.97736358642578,94.16860771494366,93.29653495580673,94.09211123079804,6129900
94.03855895996094,94.43634416175536,93.64077375816652,93.87026320047998,6711600
94.0309066772461,94.2450991559152,93.79376583819207,93.82436559747441,6415900
94.09210968017578,94.39810144802323,93.5566284636734,93.84731743315933,5230800
94.22978973388672,94.65817463457714,94.02324868142713,94.07679679401343,5322700
94.09210968017578,95.08658146660309,93.87026579439407,94.6811390183284,7192800
94.19920349121094,94.26040301046173,93.66372228853493,94.09210725067574,6599200
95.8133316040039,96.19581995372049,94.35222330665822,95.45379162146087,11325700
95.72915649414062,96.44058485587941,95.65266001319925,96.26463769703761,7334600
95.73680114746094,96.18813443862902,95.53790564198175,95.78269786553038,5492600
95.64501190185547,95.88980415106663,95.35432292976334,95.71386282248451,5839200
95.53790283203125,95.72149553521616,94.96417052780993,95.67559881849664,4880600
95.73680114746094,96.04279288597347,95.4308094089484,95.64500187501508,5589900
95.44609832763672,95.79799259087649,95.11715825780462,95.69854192836272,4812600
95.20897674560547,95.62206476575042,95.17073142148377,95.60676780336328,4320400
95.79801177978516,95.86685686487878,95.1171773103381,95.1171773103381,7020900
95.92803955078125,96.16518036178269,95.69854430146549,95.85918864146387,4615100
95.50730895996094,96.31053656988296,95.22427140767591,96.11929245669268,7158700
94.78057861328125,95.62205149921294,94.61993426711939,95.62205149921294,5310600
94.75,95.15543665502116,94.58170421799693,95.04068900035467,4728200
95.04068756103516,95.14778381408647,94.67350207523296,95.14778381408647,5146900
94.58934020996094,94.97182843900542,94.26805149827732,94.85708080303064,5232500
94.42103576660156,94.85707207413525,94.34453929509344,94.78822700066992,3941500
94.36747741699219,94.68876606426055,94.27567815935578,94.54341869874608,4333500
94.68114471435547,94.96418813799609,94.45165525189442,94.74234423886823,4052000
94.26042175292969,94.68115539974475,94.0538747934659,94.45166591138432,4234800
93.56427001953125,94.29864672912993,93.5413216592793,94.1839049278702,6469500
92.04960632324219,93.57190763759988,91.84305943877926,93.41126330318785,11289100
92.79928588867188,92.81458868511451,91.68242103693748,92.1796568678011,10442800
92.34796905517578,92.86050193744164,91.72068852438422,92.69220616444501,8728000
92.34796142578125,92.40186677281383,91.8859147547531,92.34026485852101,7798300
91.73958587646484,92.33255049249188,91.60097130553241,92.33255049249188,6544900
91.97831726074219,92.37875610227643,91.65487933557968,92.15543229392867,5603200
91.41614532470703,92.10921811484039,91.34684098331414,92.00910988552592,6303900
91.30835723876953,91.8012078169345,91.12353974076825,91.53168107500714,5566000
91.67030334472656,92.20935687372712,91.30066244252417,91.51628385412438,6482700
92.34796142578125,92.50967746687898,91.68569237638545,91.87051574499044,5074900
92.00141143798828,92.92550461478176,91.83969542581148,92.92550461478176,3820500
91.90129089355469,92.11691810326526,91.6471691066385,92.05531032906224,5693100
91.70108032226562,91.93980311856389,91.33143952857826,91.78578954841812,4551800
91.88591766357422,92.2632551047476,91.56248557113989,91.91672155931687,5806400
92.21702575683594,92.38644419722104,91.91669520351351,92.24012720320833,5280700
92.10923767089844,92.37106196095945,91.97832552586793,92.28635272000038,4753800
92.00141143798828,92.27093812494962,91.74728375803568,91.92440465246234,4833000
91.04653930664062,91.762713771127,91.00803296571145,91.66259963480825,7957300
91.76270294189453,91.98602089215245,90.39195609483517,90.68459015077957,7239800
90.56907653808594,91.50857473858755,90.4766648563959,91.19283923257812,7957900
90.76160430908203,91.12354274958204,90.45357121874737,90.75390186613197,6124900
91.35454559326172,91.59327427686546,90.34574314477169,90.72308052336666,5812100
91.06192779541016,91.74729828300529,90.96181954590192,91.26215016966869,12408800
90.60758972167969,91.37766950156718,90.59218483594616,91.14664321750395,5457600
90.8309326171875,91.0542565196777,90.63071604963967,91.00035115530034,5187700
91.57017517089844,91.63947952016748,90.59217071277483,90.83089352724586,6337300
91.99374389648438,92.28637214259362,91.74731856417046,91.83202782295743,5340500
91.49314880371094,92.10151234890641,91.4161420243076,91.95520123061227,4773000
90.69998931884766,91.36225835418068,90.53057083884498,91.35455591184181,5998900
91.80891418457031,91.80891418457031,90.6537944910055,91.1697465440729,5349500
91.9397964477539,92.03990467356105,91.49314890140074,91.67797222245488,5076100
90.3072280883789,91.84738721984449,90.13011307839523,91.54705665922798,6190200
90.96949768066406,91.34684090093245,90.39964044273094,90.6999710056444,7941100
91.49314880371094,91.64716823775828,90.43044114736733,90.86938625273108,6098600
91.5008773803711,92.00913284504348,91.08503360252342,91.51627639055404,5733900
91.7780990600586,91.97832142751692,91.33145142312918,91.80890295314771,5778700
91.44697570800781,91.52398251250288,90.80780806773784,91.25445575914885,4448500
91.82430267333984,92.07843038686214,91.40076235937795,91.7703973288268,4799300
92.25554656982422,92.56357373680865,91.90900719410432,92.03222276109138,3657000
90.59217071533203,92.124627593376,90.14552310255812,91.95521500341079,6394200
90.84629821777344,91.20053415551598,90.48435983838127,90.83859577612381,4685200
91.06961822509766,91.79348907844727,90.31493760643467,90.51515995428261,7387400
90.53055572509766,91.48545865746941,90.53055572509766,91.2544324278089,5640500
91.24673461914062,91.29294339256329,90.48435742294257,90.48435742294257,6956400
88.87492370605469,91.23906875412119,88.6824037318628,90.39197616748226,12598300
88.2434310913086,89.24453706375333,88.14332284416089,88.9981117917235,7400900
88.45906829833984,89.09823006395638,88.24344102021529,88.42826440146492,6973000
87.35783386230469,87.97389403238017,87.01129450859858,87.87378579699373,8422000
87.48876190185547,87.9354095721941,87.35784975286589,87.73518718975915,6141900
87.75825500488281,87.91227442281362,87.08828375617387,87.51182981143354,5595000
88.22035217285156,88.72860773105268,87.48107616794003,87.51188006921677,6429200
89.09822845458984,89.75280096968429,88.39745890788132,88.54377594658372,7548700
88.81328582763672,89.25993342656307,88.22802365922429,89.19062320419935,8813300
89.321533203125,89.5063565415284,88.17411621793298,88.774777379641,8552500
88.82099914550781,89.28305171443228,88.2742432058725,88.37435733758595,7591900
88.45133972167969,89.1444125084856,88.42823827465963,88.95958918184346,6591300
88.582275390625,88.89801091782275,88.3666539941204,88.46676224957113,6227100
88.64387512207031,89.28304268590477,88.58996977784584,88.58996977784584,7160600
89.8375015258789,89.88370442826631,89.20603052529415,89.24453686077825,6398200
90.1378402709961,90.53827917003183,89.6911925901637,89.69889503300355,6675300
92.64827728271484,94.33475353205907,90.94640202606338,92.40955448038439,16220000
92.05531311035156,93.25663536740265,91.65486844117393,93.00250769756772,11904500
91.23135375976562,92.01683256130633,90.96952357575702,92.01683256130633,8134800
89.79130554199219,91.63179583572686,89.71429873529371,91.31606616569026,10054900
89.57566833496094,89.86059993225986,89.19062849413403,89.63727611955125,7446700
89.60647583007812,89.92990789931899,89.39085445058421,89.82979965176595,6594800
89.76821899414062,89.85292825814834,89.42168536883177,89.85292825814834,5730300
89.45030975341797,89.88453266267888,89.02383659907709,89.78373260612716,7717800
89.17112731933594,89.69840030881436,89.0160494642474,89.51230569953991,5843300
87.41870880126953,89.17111675213813,87.05426937757417,88.85319949628804,11649700
87.6745834350586,87.95372824477053,86.50372636742463,87.03875490534578,7892600
88.49652862548828,88.57407347097569,87.91497777937951,88.085566974106,3433300
87.72113800048828,88.48878946867093,87.65911039884917,88.23290564594339,9065700
87.21711730957031,87.93824056075887,86.97673894861356,87.58155085299606,7799600
86.3021469116211,87.24813130750101,86.3021469116211,86.99225343426848,11178500
86.3641586303711,86.48822562621069,86.069508389012,86.34865321381112,8143300
86.81391143798828,87.25588985376885,86.41070544577352,86.6278168197231,6167700
86.79838562011719,87.17057476918168,86.63555212792149,87.15506935290394,5451600
86.89146423339844,87.7754212060009,86.72863067695506,87.03103669832737,6530400
86.14706420898438,86.75963181051269,84.76685114653577,86.75963181051269,11761100
86.0617904663086,86.22462403288083,85.2398669638461,85.71286224020274,7774900
87.04654693603516,87.17836373017865,86.22461757924884,86.38745704947563,7672100
89.45030975341797,89.48132652062853,87.29469471695344,87.37998934782162,9544600
89.86125946044922,89.9232929865134,89.17890842127113,89.58211450900303,7051600
89.16337585449219,90.95455651914826,88.84546446182382,90.03958293298078,9378700
89.86125946044922,89.88452055376263,89.08585813217485,89.42703660968522,6738100
89.85348510742188,90.30321920410967,89.5278180370651,90.26445269526229,11291100
89.96202850341797,90.45829062508191,89.90000091457053,90.00080092280817,6310800
89.6828842163086,90.14036797546245,89.10133345517657,89.93101230442464,5715200
89.41150665283203,90.10161321803365,88.96952822437885,90.10161321803365,5907600
89.5123062133789,89.58208947381705,88.30267645654878,89.17112783121644,4602300
89.91551971435547,90.19466461115445,89.40375801411831,89.4812969485977,2992500
89.87673950195312,89.9465227575926,89.46577197177182,89.86122816791729,3232600
89.24867248535156,90.0706017391283,89.20990597679013,89.85348444465052,3278300
89.55107879638672,89.84573502491912,89.17888955044454,89.34947875310195,2993600
89.3339614868164,89.93877340820511,89.15562254376128,89.79145121955979,5506700
89.82246398925781,89.94653100956441,89.34947474290205,89.77594181456341,5953000
89.67515563964844,90.12488978391882,89.41151613872226,89.55884426911753,5828900
90.6133804321289,90.69867503337393,89.512312199855,89.94653495830862,6217200
90.17915344238281,90.72193186498215,89.76043612387427,90.46604807325342,5221400
90.16364288330078,90.41952667723275,89.86123691441435,90.21792072602807,5457500
90.07060241699219,90.7219365578033,89.84573536861461,89.96979647912278,5312800
88.9617691040039,90.14037615048547,88.41122912759653,90.00855938580912,8887200
88.87648010253906,88.96177470054036,87.90722868510716,88.6050849729852,6627300
88.86097717285156,89.1866442601135,88.73691605592204,89.1246166595696,4935200
89.0703353881836,89.20990783676577,88.13985042568855,88.34921205648257,6255400
88.93852233886719,89.24868402667452,88.71366117894507,89.07034504937876,5014600
88.5508041381836,89.09358846310992,88.33369277454945,88.9229992728714,5540800
88.51203918457031,89.19439004165012,88.45776134270989,88.7756727262235,7502400
88.32595825195312,88.99279787701627,88.24066364212744,88.7911978136483,7989800
86.65885162353516,87.85297034479392,86.18585635356115,87.55056430869152,12450300
87.46524047851562,87.46524047851562,85.88342163254343,86.79063943784145,9385500
86.72087097167969,87.49627220389789,86.53477633238306,86.84493800843873,10164300
87.91497802734375,88.03904504780063,86.76738766732338,86.84492659718835,8886100
87.72113800048828,88.08557752088657,87.50402660514678,87.93049964302604,6969400
87.81417846679688,87.9304898201198,87.17834977325151,87.45749465489007,8713400
87.79866790771484,87.86845116611907,87.2093614236577,87.2171170909829,7082300
88.06230163574219,88.10107405661422,87.44197839683476,87.48075081770678,7826300
88.1166000366211,88.13211137492567,87.35671010327934,88.00804433185799,7267600
87.93050384521484,88.07782606147032,87.32569181047624,87.97702602762793,6178400
87.99252319335938,88.10107887873373,87.65910046946924,88.08556754319959,5507900
87.93050384521484,88.1553709199483,87.73665353070416,87.85296490257899,5272000
88.457763671875,88.89974208604501,87.930490658844,87.930490658844,5854600
89.35723114013672,89.93878203043027,88.574080200614,88.64386346784528,6438500
89.85348510742188,90.0395856469184,89.34172341341001,89.38824559036343,5710800
90.2256851196289,90.25670187787861,89.41926715266176,89.51231742741088,5539100
90.87700653076172,91.07861247314636,89.62861028680905,89.8689886505203,5979700
91.55938720703125,91.71446510117399,90.72195238063854,90.72195238063854,7119300
92.1641845703125,92.1952013273604,91.53611150865684,91.64466720040372,8691400
92.78451538085938,92.96285435350089,91.74547464119783,91.80750816030879,8595100
92.6759262084961,92.86977646119745,92.46657053854832,92.48983162233804,5103900
94.3663101196289,94.5213938868589,92.64492467218219,92.67593550978735,9980900
95.79468536376953,95.80248639539609,94.36631051796128,94.8346284799515,10835000
95.537109375,95.9117613664196,95.30294741412322,95.3263624192137,5946200
95.38882446289062,95.73226048253689,95.17808342219044,95.23272042940805,8885500
96.67670440673828,97.13721547793348,95.55273630011146,95.60737330779543,9393900
96.49716186523438,97.06695280320382,96.02103690411893,96.59082784208837,6950200
96.62206268310547,96.73133669313992,96.18496664296767,96.49717469735928,5585200
96.55961608886719,97.12160009961104,95.69322506480155,96.01324605341443,6670700
96.65326690673828,97.14499986147241,95.52929906164786,95.67760202870447,6644000
96.86402130126953,97.31673129650594,96.395703286019,96.59083628862227,7909900
98.30801391601562,98.51095392590894,96.91866775479645,97.23868876866617,8571100
98.51094055175781,98.7294885535165,97.98798555398,98.37825154425951,7395400
98.87779998779297,99.08854102036467,98.18312694211158,98.21434893860126,7162500
99.16659545898438,99.712965490637,98.9480414913366,99.01829246968435,7679700
100.65740966796875,100.68862570686963,98.81534775853524,99.1665907235278,8360600
100.26712799072266,100.45444801476874,99.72855314666265,100.25151401872849,7610700
99.95492553710938,100.64179750502089,99.86906654112043,100.25933253925687,13300800
99.9627456665039,100.23592473885638,99.88468769727523,99.93931874775615,5827500
99.32270050048828,100.25933655150406,99.23684150106337,100.2047055027647,7578600
98.54997253417969,99.63491154380031,98.51094355196851,99.16659353219926,10272700
98.26898193359375,99.12756595956907,98.08165591728691,98.42508595468502,8508100
97.94114685058594,98.62801278873829,97.66795591764091,98.23774683308643,6490300
98.19092559814453,98.45630361330821,97.68357861946443,97.69138560667113,5004300
98.08167266845703,98.17533271511313,97.39480056637794,98.0504506679091,5287600
97.50405883789062,97.82407982556305,97.06696281081292,97.6055318120242,3971800
97.30111694335938,97.90212393206501,97.00451098751641,97.3635549743386,4711700
97.21527099609375,97.43381902131226,96.8093909878419,96.87183498218634,5657600
97.32455444335938,97.80848055897307,97.00453340756148,97.35577644355827,4956400
97.31672668457031,97.38697170378492,96.95768269139413,97.18403767828515,5358500
97.41040802001953,98.03483012419397,97.10600097879968,97.34796402310589,5646300
97.60555267333984,97.92556777442262,97.1762575871444,97.44944266245605,4324200
97.50405883789062,97.93335383233247,97.43381381424746,97.66016881540891,3615100
97.05136108398438,97.52748615427795,96.96550802924763,97.46504811037735,4594200
96.95768737792969,97.40259038608608,96.74694040012649,96.9889093729741,4161500
97.87869262695312,97.9255226311358,97.06693880953675,97.20743477707008,5556600
97.5586929321289,98.07384691009753,97.53527792494607,97.66796693563985,5396500
98.12847900390625,98.1987240219414,97.51185804065712,97.58210305869228,5367500
95.08439636230469,96.29422319620167,94.40533146163538,96.14592022876008,13485700
94.7331771850586,95.4434582549608,94.53023718437784,95.30296224756442,6993100
95.12342834472656,95.34197633208028,94.71754840679593,95.11562135803935,6330100
95.03759002685547,95.25613806174351,94.86587201230421,95.05319804863862,6021700
95.91957092285156,96.16934090881811,95.34197894686382,95.63077195736459,5679000
96.34104919433594,96.59081915516401,96.0132272373089,96.27079822926694,5090000
96.40350341796875,96.98890238414906,96.38008841211933,96.62205141254493,5021800
96.58301544189453,97.02791838578896,96.31763745482822,96.4581334347415,4225200
96.37232208251953,96.70795120292351,96.10693800929863,96.6689222067182,4381800
96.27081298828125,96.61424897019069,96.00543496952325,96.31764895716941,4556400
96.55182647705078,96.58304847826501,95.919597328679,96.41133044908062,4881600
96.26299285888672,96.55178582730355,96.03663791162319,96.46592684885927,3736500
96.74693298339844,96.74693298339844,96.18495498064064,96.54399896364681,3753700
96.40350341796875,96.62985839949015,95.8961564562819,96.62985839949015,4139800
96.2005615234375,96.62985647206797,96.02103655719581,96.41910951365443,3608600
96.16934967041016,96.3722896634302,95.91177267407551,96.18496364563534,3762500
95.85713195800781,96.05226495585735,95.52150296350716,95.93518992113684,4237400
96.16153717041016,96.16934415757521,95.49027919388894,95.61516716858422,4095900
96.50496673583984,96.86401070676102,96.01323376685811,96.09128576836515,4097100
99.11976623535156,99.40856524601847,97.0435540187603,97.10599801376728,9854600
99.72857666015625,100.19689469564561,99.17439962341204,99.39294764297462,7233800
98.86997985839844,99.82222978230908,98.69826187802293,99.72856380528985,6480800
99.10414123535156,99.80662117136177,98.31580230966311,98.70606827911476,6571300
99.12757873535156,99.43198578420287,98.69048265597277,99.15099374603436,6957200
99.33050537109375,99.6349123789353,98.83876639305231,98.83876639305231,4858200
99.533447265625,100.0251803275077,99.36953624499743,99.36953624499743,3972500
99.52564239501953,99.90810142840381,99.35392439289156,99.74419041409627,3965200
100.20134735107422,100.27206419319167,99.25850008233759,99.58063726793986,5294300
99.7220458984375,100.31132682739144,99.65133506431131,99.9656194253152,4005200
99.871337890625,100.09133515725898,99.14848801612023,99.54919475414243,3665400
100.76705169677734,101.19919349755601,100.0599132929924,100.0599132929924,8813500
101.1834945678711,101.1834945678711,100.66492431167572,100.82207553279305,5790900
102.20491790771484,102.25205847862829,101.22278271716826,101.39563946982085,6562600
102.4249038696289,102.55062003742279,101.98490927130396,102.11847820372734,4634700
102.79419708251953,103.18705115132579,102.16562817463857,102.28347959969855,5619100
102.73131561279297,103.30487906580869,102.59774669847161,102.92774260249239,5765200
102.57420349121094,103.24204823908185,102.11063855052022,102.73134272665379,8101700
103.34417724609375,103.4777461738368,102.38561248092293,102.4327530449554,5992500
103.5720443725586,103.57989713729822,103.25775394866633,103.34418231661748,8020700
103.72919464111328,104.28704072090385,103.2420474294191,103.5170500810038,5733800
104.3184585571289,104.93916262602943,104.11416679628707,104.11416679628707,7329400
104.53059387207031,104.77417343869945,103.5641763258574,103.71346277384016,5265000
105.55989074707031,105.75631777712519,104.53060303886103,105.0648907948666,12639600
105.33988952636719,105.81915995253273,104.88417739486383,105.40273562337438,7488700
105.45771789550781,105.88199489682316,105.20628560661619,105.20628560661619,5201200
105.99986267089844,106.15700186349208,105.30058307324757,105.51271558822064,5841100
106.89557647705078,107.64199668400332,106.28272519227266,106.42414687847406,7311000
107.19414520263672,107.25700328630556,106.3220207627348,106.42415465836226,9007100
107.12340545654297,107.56339993457745,107.01340683703435,107.2334040760516,5561800
106.07844543457031,107.42986431510744,106.06273990474025,107.24915481042923,6120500
105.1434555053711,107.01343248519946,104.94702849567398,106.81700547550234,6557900
104.21630859375,105.07272743601767,103.95702351519185,104.81344235745952,5750000
103.9413070678711,104.65630423225686,103.93345430381675,104.26345022839031,5264400
104.42060089111328,104.7506088408542,104.22417386762439,104.33417252122,2931000
105.00202941894531,105.33202538043074,104.04346458317399,104.48345919848788,4302700
104.12205505371094,105.26132955722044,104.0356266712954,104.97847412285653,4282200
104.13773345947266,104.4991644160508,103.46988885018528,104.4284535731179,4994100
103.35987854003906,104.39700675282175,103.10844625272729,104.29487287643377,4019600
103.10846710205078,103.54846170486532,102.51918604707693,103.26560631891972,3733100
103.89415740966797,104.41272752671946,103.53273847156665,103.74487098303632,5053200
103.60347747802734,103.88633289251236,102.91991522175314,103.792051750669,4424400
104.18490600585938,104.49918447184685,103.50919651392682,103.71347631792318,4383100
103.83131408691406,104.44416540724043,103.51703566226843,104.27132066595273,4939400
105.64630126953125,106.03129051045899,102.99060443543858,103.41488147353,10256000
106.235595703125,106.3927349227116,105.69345520494036,105.94487555848812,5503300
107.30413818359375,107.70484491347244,106.55770605594968,106.64413440815312,6088600
106.31414031982422,107.06842522358275,106.14914836487668,106.3298578356603,6773500
104.50702667236328,106.19630622589666,104.38132249204918,106.06273729190721,8306700
103.6191635131836,105.16700906255703,103.28130287597934,105.08058071247699,6262900
102.88845825195312,103.90202826655432,102.73131905272224,103.44631619651805,5382200
102.79419708251953,103.04561745229907,101.80420914515148,102.8099146021791,5838100
103.59562683105469,103.70562549510637,102.55063352808595,103.03776875617844,4970900
104.2791519165039,104.95486118014388,103.79201686211844,103.82343990251873,5440800
104.11417388916016,104.77417779128928,103.93346438675708,104.63274410192092,3837600
103.83917236328125,104.10631020646241,103.3206022049042,103.77631428448228,4032100
104.7741470336914,104.8134228351963,103.32843547200943,103.64272580670134,4327300
104.64061737060547,105.29275664674833,104.34205639268865,105.08062405456023,3192800
104.3891830444336,104.87631825049574,104.11418040226353,104.56989255814138,3010800
103.92562103271484,104.34204539580438,103.24204678528363,104.10633055148172,5535800
104.67991638183594,104.8213501140521,104.00420674536613,104.349920325275,6332300
104.56990051269531,105.16704641221367,104.00418965470719,104.53061270526034,5607900
104.57776641845703,105.66990033901749,104.30276375234128,105.00204357213961,4270600
104.87630462646484,105.57558429453334,104.39702224797162,105.44201536793072,3041100
104.79774475097656,105.23773934580537,104.65631106609385,105.16702849784078,3931800
105.41844940185547,106.04701825021206,105.17488182049377,105.34773855351567,4469900
104.53059387207031,105.8663071504719,104.52274110758037,105.42630057101353,5741400
104.20842742919922,105.1119865869607,104.0120004828207,104.23985046548206,4792800
104.85273742675781,105.00987663979447,103.86274959456877,103.93346044209224,4660000
105.83487701416016,105.90558786470338,104.42060005852592,104.71132020346022,4150300
104.34202575683594,105.6698742072731,104.22416236238102,105.62272165611948,5129900
104.41275024414062,104.56203670325301,103.92561505247227,104.35775691070435,5398400
104.12015533447266,104.8159804422332,104.07271490716452,104.30202639277447,4133300
104.16761779785156,104.46807788796805,103.9699412883359,104.12016530078583,5349200
104.53929138183594,104.72905318325857,103.81974571085148,104.0332398026733,3277900
103.63786315917969,104.37321410360468,103.50343249332053,104.37321410360468,5430800
104.66575622558594,104.76855187319885,103.78016930835736,103.89086767301093,7407100
103.60624694824219,104.88718731098295,103.53508627591677,104.84766164761604,3820800
102.71273803710938,103.72484108162921,102.57041670204565,103.36112295965302,5146600
103.3215560913086,103.58249053054742,102.95783807192109,103.21876044594332,5601900
104.52344512939453,104.78437959980678,102.98947330860499,103.47180452993346,3800200
103.56669616699219,104.6420570968566,103.47971800114951,104.37321988069533,4854400
105.32994842529297,105.43273199787865,103.59830040653664,103.87504025914815,5724200
104.87133026123047,105.85971266340533,104.31782646384065,105.82017495427536,5465200
104.72901916503906,105.75693949466621,104.25460275036167,104.902975469986,4679500
106.09690856933594,106.32622002972072,104.36527283699854,104.48387389222228,6274500
106.3104248046875,107.10113084572677,106.09693079534622,106.57926196298885,15522000
107.04581451416016,107.3541894648117,106.04161421220475,106.3025487189437,5260800
106.91926574707031,107.36996189088951,106.23135539140185,106.76112696090946,4903800
105.3378677368164,106.18391699094417,104.6420425070907,105.36158795462818,8705500
104.17550659179688,105.81227366313819,103.88294925768302,105.40900591588392,6051800
103.89086151123047,104.6815675162068,103.79598065150248,104.36528994030272,4334900
103.7169418334961,104.18345564544387,103.44810459256556,103.95415613176085,6017400
103.53504943847656,104.32575546801712,103.44016857580098,103.97784288458463,4516200
102.59412384033203,103.65366719474545,102.34109207886219,103.58250653628899,5796100
102.3727035522461,103.00527074531257,102.23037020282868,102.72061611169345,3992700
102.7997055053711,103.16343565469862,102.04063433361965,102.45970764130338,5736900
103.75645446777344,103.84343262059461,102.80760956940809,102.91830793979709,4492900
104.45228576660156,104.68948795607845,103.86715888038282,104.09645835194986,3900800
105.07695007324219,105.30624957048431,104.4522974623126,104.68949967834945,3589000
105.31416320800781,105.40904409338964,104.6578755986049,105.07694892933384,3741100
105.3378677368164,105.36158795462818,104.75274087861818,105.16391142938497,2469500
105.51974487304688,105.81231438497102,105.29834809199164,105.68579849144812,3750500
105.87553405761719,106.05740513399256,105.10064551574321,105.60669689934493,4184600
108.04999542236328,108.39000535604173,106.24718628464286,106.6504541609875,8269400
108.19232940673828,108.73791860817856,107.55185932338453,107.80487903022673,5172800
107.87601470947266,108.65881799963206,107.80485406451713,108.01044534801024,4106600
107.63090515136719,108.53230957820568,107.17229418820837,107.89183959929636,5120100
111.3235092163086,111.58444368347739,108.37417876987845,108.85650998521146,11717300
111.23655700683594,111.94819991925759,110.75423774421846,111.32353518284678,6827700
112.31185913085938,113.05512459672863,111.1258002977185,111.26023091619643,9181300
112.5965347290039,113.56119705838704,112.14583856228171,112.58072929523584,5634500
113.56118774414062,114.13841179017997,112.34350585695948,112.38304356857002,6686000
111.99562072753906,113.3714537981122,111.43421404169516,113.3714537981122,6585800
112.56492614746094,113.2528366257905,111.45794238173313,111.61608119609166,6563600
112.13003540039062,113.6640072371918,111.79003755265539,112.68352728345853,5841100
112.10628509521484,112.83373309847946,110.8569682857338,111.4895354388554,5140100
110.6988525390625,111.65561221613149,110.16117818946285,111.55281656361849,6034300
110.2323226928711,110.90441553140927,109.89231285025653,110.71465381945292,4832100
110.68302917480469,111.16536034649302,110.17697778690356,110.56442809374067,5006800
110.6435317993164,110.92818656287018,109.99515887774575,110.78586521370389,3494100
110.7621078491211,111.01512751787247,110.14535807909425,110.48535589824516,2737000
110.50907897949219,111.0863031131128,110.47745604453505,110.70675550232234,4220700
110.51700592041016,110.81746606381853,109.83699812445627,110.76212290525072,4201900
111.74258422851562,112.17746290170639,110.2718705001299,110.46163222945917,4440700
110.97559356689453,111.81374000885222,110.54070284742133,111.378849289379,3517100
110.35096740722656,110.80167578181172,109.59979884813838,110.80167578181172,4240800
110.50907897949219,110.71467028497472,109.44953571277473,109.91604941100171,4322300
110.29560089111328,110.92025341647457,109.84489261194469,110.35885882846421,4078200
109.98721313476562,110.56442515596825,109.71046119934735,110.08999671388447,4811500
109.80532836914062,110.44579824043667,109.62346938394649,110.24021904261787,4193800
109.1174545288086,109.79746233674182,109.03047636505367,109.35466879952371,4247400
109.06209564208984,109.56024438734346,108.91187160539268,109.23605196375877,4266300
109.38626098632812,110.11370903085025,109.26765991692284,109.47323912563053,5660600
108.5560302734375,109.41790905320367,108.01045322378052,109.35465112022524,3917000
109.1253433227539,109.41791278089865,108.57185147185737,108.72208755964732,2606800
109.86521911621094,110.0322774522359,109.37197094242063,109.39583641899563,3933100
111.3926773071289,111.79840257348327,109.98455340526971,110.0243332484269,5052800
111.22560119628906,111.87795660158379,110.54142920153998,111.55177889893643,5851400
110.84375762939453,111.5995261652143,110.16753664838977,111.42450454987436,8941900
111.36083221435547,111.79838614658591,110.26298396697057,111.03466668224007,5990500
110.58917999267578,112.57009990165923,110.52553466324721,111.87001341705039,5916700
111.1142349243164,112.02115954417467,110.74032623428583,111.20969684037382,6745300
112.22005462646484,112.93605546523666,111.52793140751339,112.04503300848319,5591700
111.38468933105469,112.57006041504214,110.78802823344846,111.38468933105469,4713100
111.84615325927734,111.98139503858543,111.21767532730377,111.3767825888953,5101300
112.28367614746094,112.30754162311601,111.24150991351455,112.09274020311786,4358600
113.4451904296875,114.21687323817079,112.9996731927181,113.4451904296875,8016700
113.67589569091797,114.10548643016095,113.13492867564133,113.36563234060257,6118400
112.68938446044922,114.25661520180458,112.65756787738498,114.17706767459359,5337900
113.33382415771484,113.8747912131237,112.79284496320143,113.34972638468248,12517000
112.80875396728516,114.39985060394898,112.49052735649,113.41336631913998,5833200
112.79280090332031,113.27013458619022,112.45867218095128,112.88031167387646,6580100
112.2995834350586,113.42926038826137,112.23593812428778,113.17467914517815,6289800
112.22005462646484,113.10311383024316,112.18823803187962,112.6416943045738,6284700
111.47222137451172,112.45075450139613,111.40857605526776,112.17230774709176,4665600
111.44837951660156,111.80637389150357,111.12220173851276,111.74274069787717,3271100
111.83021545410156,112.29162272419833,111.5358543677407,111.71087594154379,3753600
111.82225799560547,112.17230116134412,111.63928530046125,111.93363426296753,2485000
111.15401458740234,112.33938597929671,111.04263830581594,112.15640112167999,4452900
110.76416778564453,111.33696343646028,110.35844259094239,111.1062598094575,6842100
111.82225799560547,111.91771989931503,110.50164501181068,110.8676025412018,5350500
111.8143081665039,112.28367871726596,111.55177578918712,111.73474848643112,4837600
112.73715209960938,112.82466289597319,111.5995117468796,111.92568945506326,6158800
112.88031768798828,112.96782846320689,112.10863507172425,112.72916160905608,5129800
114.67031860351562,115.89545750677557,113.17468408290276,113.26219487164293,8897000
114.53507995605469,114.68623606242264,114.01797846078792,114.20095115523732,6558600
115.18743133544922,115.27494213273675,114.31233550167727,114.66237869082745,4962200
115.95909881591797,116.48416353022694,115.27492689278559,115.34653545499276,5450600
116.83425903320312,117.78891485308128,116.17395228851801,116.48421573345608,8804000
116.92967987060547,117.99572376485833,115.7363574804549,117.61385185985593,10619700
116.88197326660156,117.29566184698398,116.12620468988192,116.88992438078186,5554800
117.23198699951172,117.46269064370998,116.48416972525808,117.31154667770564,8738800
117.85252380371094,117.85252380371094,116.7228466827689,116.95355034685485,7010400
112.83261108398438,117.29563730464763,112.66554060831007,116.91377753909602,17473600
113.02354431152344,114.20890342039083,112.80874288772152,114.16117246823546,13034400
114.8771743774414,115.08402471295425,113.13493372580935,113.21448127561074,7938800
115.61701965332031,115.83182106309313,114.66236425525511,114.95671320039054,8065600
114.30437469482422,115.30677332866973,114.18504730465393,115.23517689456756,8013400
113.30992126464844,114.41574488657118,113.30992126464844,114.08160396910998,8376100
109.93681335449219,113.42131853421887,109.86521692619439,113.42131853421887,13137400
111.3926773071289,111.90977885086117,108.99011802185858,109.41175765329659,9393600
109.53108215332031,111.66315787142578,109.2924273788824,110.59712608192478,9262500
103.7315673828125,108.99014340031917,97.17624950842881,108.65601449038324,19954100
104.87711334228516,105.79995210325568,101.83016249226962,103.42920989257956,19193500
104.55094909667969,106.14999670204229,104.49526703175907,104.92485774365699,10550400
100.52547454833984,104.41570489663908,100.32658749139387,104.14522141257719,11680200
103.04735565185547,104.15316714580152,99.79356648164539,101.44830209711834,15030900
103.63607788085938,104.47140600305333,101.57560467857176,103.42127644621445,9963900
103.38943481445312,103.8985851049962,102.38703645496797,102.7927737487026,6339000
103.15872192382812,103.42920536773072,102.14042131458243,102.97574925755293,6259700
104.39977264404297,104.43955247643635,102.94391817996942,103.50081155527553,5606400
105.9272232055664,106.9614381491925,104.08950906204414,104.18498308732225,7970100
104.11339569091797,106.16591163454096,103.94633735615848,105.70449219241458,6563500
103.34967803955078,105.35445092758478,103.30989819847244,104.05771550997379,6578000
103.34967803955078,104.23273709943594,103.00758597320088,103.50083415218656,5732200
105.0282974243164,105.07602838344978,103.43720071131281,103.49288278393357,5126800
105.74085998535156,106.81371799464912,104.8841666531875,105.45262819900529,6684400
105.42060089111328,106.55751182235231,105.36456226653807,105.85295470051302,7158600
103.98744201660156,105.94901351350794,103.97942777358188,105.6447654827726,7985900
101.90574645996094,104.17956755936352,101.29725662851439,103.37092327018462,9424000
103.13876342773438,103.370944356422,101.60953345838186,101.60953345838186,6910400
103.9154052734375,104.32374084805683,102.62637010455256,102.98666907435491,5799800
102.65837097167969,104.24363952560968,102.41817580488213,104.0835134866892,5546500
103.31488800048828,103.54708113359973,101.89775366652907,102.06589394281092,6391700
105.73286437988281,105.92502301026506,103.54711340794692,103.54711340794692,6423400
107.12596893310547,107.14198520381774,105.33252533521666,106.09313326677679,7557800
106.18921661376953,107.47023725868948,105.94101939830281,107.12596685448334,4942000
107.56636047363281,108.39902357466852,106.8457746542982,107.12600450906817,9152300
105.94102478027344,108.64718820753464,105.60474416893229,108.27889948743399,6770600
106.53347778320312,107.47824218563889,106.0611016904021,106.12515454962094,6147200
107.02987670898438,107.60634024956127,105.7648723904879,106.61355143166102,14233500
104.27568054199219,106.86175232048687,103.57111125325422,106.76567913268975,6017000
105.05229949951172,105.50865933569742,103.5871223742651,104.70801689896162,6214300
105.0362777709961,106.30929624720306,104.61193827892711,105.2044058325454,5158700
101.98583984375,104.62795643887513,101.76166092023341,104.45982835465523,7560100
100.1603775024414,102.322115960099,100.00025144265238,102.18600209001893,8452500
101.99385070800781,102.11394830836709,100.24844976025038,101.2092244547069,8358200
101.8497314453125,103.36295138639163,101.1932048412393,101.76966841718992,7789900
102.0418701171875,103.29888453301383,101.84971765402881,102.18598599166069,6868500
102.60234069824219,103.09073315575556,101.53749072005452,102.45823089938716,6119400
99.72801208496094,102.38614452055083,98.91135955172292,102.33810793283581,8916900
102.76248168945312,102.87457116379004,99.8241187309978,100.2244400274634,8035000
104.41178894042969,104.98023826084533,101.19320274421005,101.60153212011618,7717100
104.65198516845703,105.04429216950213,103.68320238084259,104.41178997826185,5621700
102.56231689453125,104.59594362294705,101.2092290124903,104.25967521353196,6399300
103.66720581054688,104.99627552760396,102.22605272076122,103.00267095201832,6395800
104.2836685180664,104.81209541342244,103.51504646874552,104.2836685180664,6019300
103.78727722167969,104.3637407214737,103.30688689957353,103.39495805139855,4575400
104.42778015136719,105.13234935779893,103.97142034580716,104.15556467318518,4559800
104.57992553710938,105.22044201781534,103.78729723467744,104.95622851139278,4742300
105.49266052246094,106.38938850743668,105.1083555099491,105.21244295333534,6379600
104.515869140625,105.84493865529619,103.13076100233218,105.77288376056754,11008700
102.25806427001953,104.00345911043296,101.63356407786837,103.83533102161132,9383600
102.12194061279297,102.69840411841865,101.59351369649717,102.18598736242723,5959500
101.40937805175781,102.72243121219493,101.01705884390216,102.48223602813708,7743900
101.54547882080078,101.92178173267989,100.70480184284033,101.5855072764456,7501900
101.03307342529297,102.04988665618566,100.32850415498889,101.63355526698368,6577500
101.48943328857422,101.56148817321166,100.30447983772976,100.80888846385899,5859600
102.49024963378906,103.45903250609976,101.37736307328127,101.37736307328127,8211100
102.69841766357422,103.1147429705658,102.08191951325095,102.26606997733151,4266800
101.27326965332031,103.26686779825279,101.27326965332031,103.17079460618032,8219400
100.88895416259766,101.3933566937073,100.05628530364261,101.13715136083013,5122600
98.87934875488281,101.02507089932547,98.63915356150395,100.49664391725898,7390800
98.50304412841797,99.03147110150364,97.10191977716147,98.71922102046844,7282900
99.43180084228516,99.68800621550243,97.51826562485228,98.15877600368647,6127600
98.95138549804688,100.27244660248476,98.73521475039024,99.39174123566497,6707900
98.1667709350586,98.87133408952994,97.43018134969077,98.36693154684879,5951800
98.88734436035156,99.3196919886008,98.10271212202886,98.47100689237078,6808600
100.36054229736328,100.92099574672461,99.27967607787643,99.45581841600662,4948000
101.87374877929688,102.16198056454584,100.68880131408886,100.69680334093319,5716700
100.92899322509766,102.16999156350418,100.56069840216057,101.96182279978579,6101600
100.18440246582031,100.74485592920404,99.5999368111301,100.51266885117025,5875700
100.36054229736328,100.80089814268877,100.08031862689157,100.43260330315195,3818100
99.15958404541016,100.55270044861577,98.91939493226062,100.47263741089927,6473400
99.47183227539062,99.63196445619447,98.70321613278652,99.10353742216896,5433900
99.05548095703125,100.07229414044161,98.73522276806793,99.77606035509447,5558700
98.4069595336914,99.47180927482898,98.28686195296285,99.11953077535303,7172700
98.83930206298828,99.25563953265514,98.27084669069646,98.37493411232155,4940800
97.8785629272461,98.79129504991872,97.31811552154137,98.65518726687878,6923600
97.975341796875,99.04809542063839,97.70110120601068,98.04793109362886,4594800
96.30570220947266,97.43491601450664,95.67657047410634,97.19293942995644,9821900
97.57203674316406,98.06405130351763,96.41862646862181,96.88644460038756,6423700
96.48316955566406,97.7978936633868,96.41864163346725,97.53172059961601,10337500
97.80595397949219,97.85434684071042,96.76546438725364,97.09615919511315,5741000
98.36248016357422,98.70124861820011,97.61236012372873,98.2818233519853,4853000
97.98341369628906,98.85451606479934,97.51559547282511,98.44316439073562,5125400
99.0400161743164,99.0400161743164,97.96726267747309,98.37862043824019,6799300
99.47557830810547,99.60462799305654,98.62059876120519,99.20940525613497,7414100
100.06436157226562,100.70156082109209,99.47556133154195,99.49975775873332,6208100
98.93514251708984,100.29019151304408,98.8464181918234,100.23373113821266,5571400
98.83837890625,99.35458995326515,98.36249319351101,99.33846105029889,5227300
98.91094207763672,100.08854860223977,98.77382490061268,99.33036728864131,5836900
98.7335205078125,99.33038834599917,98.47540884403365,98.97549096202403,5239200
98.89483642578125,98.99162830193163,97.78981891618456,98.4834786442933,13173500
97.85433959960938,98.24956229566114,96.99129876732957,98.0882486677234,6787400
98.86256408691406,99.34651111920203,97.24940321014058,97.32199864952999,8572400
98.43505096435547,98.93513291699398,98.12855269554274,98.7415492331682,6277200
97.95919036865234,98.59638964424008,97.6849559773393,98.26569486920256,4417200
99.08036041259766,99.51591468586882,98.12053365927437,98.14473009328024,9501400
98.87870788574219,99.55623875600277,98.00760555786616,99.06422412215916,8170500
98.68513488769531,99.12068914885508,98.08019943948257,98.79805567906396,5496400
98.08824920654297,99.18519911296258,97.95919338050749,98.5076683337173,5666000
98.40280151367188,98.73350240697046,97.65268155106641,98.22535285421601,5296800
97.87046813964844,99.3545793568232,97.74948599600194,98.59639177012954,7308700
98.06404876708984,98.18503706061996,96.87837456719119,97.87046503595357,5481400
98.97547912597656,99.58041441974494,97.80594001951239,98.12050587997435,4248100
100.82256317138672,100.91935504737077,99.39491838451707,99.693349233123,7319100
101.42749786376953,101.56461507186135,100.50799658616901,100.95161832260824,7297900
101.66947174072266,102.23407561398618,101.30650683329266,101.80658894512656,6706100
102.74221801757812,102.85513879104126,101.71786352867096,101.9275761738399,5075600
101.82272338867188,102.79062370744168,101.67753864854245,102.76642727637362,4827400
103.0487289428711,103.41169386904956,102.57284323620715,103.0083974553887,6199000
101.57266235351562,102.83899323981,101.08064785434524,101.08064785434524,8250200
100.57252502441406,101.70980033524883,100.14503834184067,101.62914351558382,7314400
104.13761901855469,105.29102333863717,102.88741665995745,103.66980080596927,12858700
103.08097076416016,104.0891961974805,102.5728212073861,103.89561248360482,7152000
101.58072662353516,103.00030354422803,101.52426624775441,102.86318636786328,5984600
101.50814056396484,101.74204961485039,100.9193403270116,101.0645250429502,5835500
102.1373062133789,102.17763770765171,101.18554079352799,101.42751745172072,4631100
104.33924865722656,104.54895514586504,102.55670658147628,102.62929586899254,7158800
103.74238586425781,104.23440048950225,102.96000790394372,104.16181119416514,6523000
105.08130645751953,105.83949409600393,104.73448275041463,104.7748019294237,7640600
106.10564422607422,106.68638304472866,104.80704941039404,104.83930720812415,6620400
106.6057357788086,106.86384742839296,105.86368324741485,106.2911698980282,11013100
106.88806915283203,106.98485489061068,106.28313367682794,106.69448536983097,7598900
106.9848403930664,107.2429520687577,106.53315726804873,106.78319526172336,5770400
105.86370086669922,107.27521687825521,105.73464502042779,107.18649252237397,6563300
106.42827606201172,107.03321133213393,105.58136422235272,105.80720573860317,6498700
106.4847412109375,106.8960927585965,105.67008718099869,106.1782367396782,5840000
106.03307342529297,106.60573866371402,105.90401759700836,106.3718357439592,4664600
105.7991714477539,106.30732114311147,105.57332987369337,106.0572831366475,3721500
105.8233642578125,106.24278958418627,105.39587755672778,106.09759868729283,4057800
105.46036529541016,106.17015983769048,105.06513655119724,105.81526256655032,4324000
105.03291320800781,105.58138203789488,104.7344823627717,105.43620345613948,3778000
104.45216369628906,105.23454768308815,104.33118155706875,104.58928088988554,4542800
105.20227813720703,105.45232840533423,103.99240750876905,104.65380935988658,5377300
106.85577392578125,107.17841348830092,105.31521462922298,105.67817336804684,7861500
108.46087646484375,108.88836312808463,106.62187398327585,106.83158047417702,6700900
110.40472412109375,110.59829553161943,108.08176873526848,108.83188256593478,7935000
109.17066955566406,110.84834607226033,109.13033807140796,110.50152238402814,5832100
108.57379913330078,109.43683384884521,108.42054687258805,109.34004812942302,4688400
108.97708129882812,109.28358579754128,108.16243950336064,108.57379108786472,5057600
109.65459442138672,109.8159080273985,108.75122838176934,108.9770698916737,4809400
109.54904174804688,110.4665554877648,108.97256024338722,110.01997745562517,4325900
109.06189727783203,109.53282068847683,108.71274987884804,109.43538996757941,6037500
109.5003433227539,109.56530126378378,108.75334558510089,109.06189270762773,4648700
109.57343292236328,110.10121162695705,109.28925582554722,109.37044397201082,4821900
109.36233520507812,109.61403953577211,108.77772600306363,109.28926215219207,6139500
108.5747299194336,109.41104339728743,108.34738328794687,109.36232803189202,4406800
110.31229400634766,110.37725194443615,108.36360542153211,108.37983561395933,6174800
111.13238525390625,111.48964778459569,109.76017798351367,110.0200097838195,6562000
111.49775695800781,111.79817658698744,110.22298062738376,111.0592939643758,6375200
111.40846252441406,112.43152238832421,111.28666171881792,111.66828194198669,4892200
112.46397399902344,112.78876369667825,111.41655664905456,111.75757653949698,7856800
113.15413665771484,113.66567266727695,112.5045696783181,112.78063161798734,6767700
113.58446502685547,114.06351584320761,112.87806764038847,113.58446502685547,6456100
113.25971984863281,113.95800233742979,112.94305757984479,113.67381284952104,4534800
113.64134216308594,113.9985923171917,113.00800522437491,113.12980603120737,5295500
114.11225128173828,114.35584047529814,113.53576965942305,113.89303215804935,4581200
114.04733276367188,114.47766840554567,113.71442786653509,114.29090962551442,5049900
115.28148651123047,115.41140241889542,114.08791043716731,114.33962715431673,5019300
116.01226043701172,116.2152494076031,115.04603095468259,115.44388140778503,13283400
114.05543518066406,115.70370450633413,113.86056132339424,115.37892713368034,6708000
112.5695571899414,114.45330068615081,112.37468332808643,114.1041532323435,7982800
112.17979431152344,113.67378971719332,112.01740566124798,112.8212338164224,7133300
112.228515625,113.33277585073344,111.70074938622483,112.41526196325668,6450500
112.18791198730469,112.50457419893388,111.57083014628525,112.13108153365849,6638500
113.422119140625,113.55203505521823,112.04991171770989,112.26101578682625,4871800
114.06355285644531,114.26654181630704,113.38962802296888,113.50330134491293,6439100
112.88621520996094,114.70500068354944,112.76442679431408,114.11226402216825,5411800
113.14603424072266,113.29218032299765,111.49776512460703,112.49646718853586,4738700
112.94303894042969,113.87678300752364,112.50457593941523,113.51140543298516,4309300
113.17850494384766,113.41396664635128,112.55329558349827,112.7806421891779,5174100
113.02421569824219,113.36523555945233,111.8955979232399,112.65072306478021,4475300
111.83064270019531,114.04729043598424,111.83064270019531,113.14601921327407,7265600
108.6721420288086,112.58577423778608,107.89267153712301,111.97680749576793,11603200
108.6965103149414,109.1349733500814,107.36490340468963,109.12684586347355,6998000
108.76146697998047,109.85761216546354,108.40420447835751,108.70463652170108,6398700
110.88066864013672,112.0417717360695,109.411030802396,109.411030802396,9592800
113.23534393310547,113.67379454642196,110.59648798827781,110.61271818137297,8261100
113.26781463623047,113.51951890866403,111.8144194553431,113.024225460196,7583900
112.90245056152344,113.67380605327835,111.97682149352521,112.32595652231869,5924800
112.60198211669922,113.07291779060539,112.16353160069423,112.54515167455858,4864300
112.8050308227539,113.25973654834499,111.60333952163796,111.8794015629344,8282700
111.61953735351562,113.76309964252027,111.37594819555753,112.47209321163936,8279200
112.43153381347656,112.93494250393474,109.65464613828303,111.61146281942956,9720700
111.21356964111328,113.10542784796533,109.88196283154511,112.00116763592389,11371400
111.68450927734375,112.9430430932159,110.60460670705142,111.22981606658082,6783000
114.28278350830078,114.56697300566958,111.23794913418975,111.99306211202715,9646200
113.66567993164062,114.834885701927,113.35713280907953,114.48575070699562,9968900
114.3396224975586,114.95670444964065,113.55202437492811,113.73065564332651,6913500
114.2259292602539,115.29771679998404,113.39774331351141,115.27335911857759,7673200
115.46006774902344,115.89853065000665,112.86181266906594,114.48572364272157,5601400
115.76053619384766,115.9716402267621,114.53447509300769,114.91609528326711,5798900
117.53060913085938,117.62803986810135,116.08532871094265,116.19088693593014,7173600
117.97714233398438,118.3749926189739,116.92159765504027,117.17330188990098,5497100
118.00967407226562,118.33446388394276,117.23020330316946,117.76608481087388,5343100
118.23701477050781,118.74043585580048,117.51437451155903,117.72549097584636,7013600
117.47376251220703,119.15451701258038,116.45070263554236,118.69982373406275,7432300
117.12458801269531,117.98525891283228,116.56433670123978,117.74979725484438,6433100
117.32760620117188,117.3357212984883,115.68745211256301,116.44257740468225,6657900
118.53740692138672,119.14637364407928,117.36818883150346,117.49810470581487,8494300
119.9501953125,120.52668923021884,118.845935219393,118.89465057226465,8714600
118.91090393066406,120.77840442658052,118.82971579833908,119.76345985156723,8937700
115.28959655761719,118.73228086368171,114.30712469004288,118.73228086368171,10275400
115.48448181152344,115.89045975316927,114.97295802988491,115.17594700070782,3404900
115.51714324951172,116.07279562768042,114.98601613170109,116.03193681822773,7590900
117.0288314819336,117.13506189244063,114.11986380416668,114.86345174099982,5962100
119.65997314453125,119.75802430719683,117.14322273313613,117.52727307805289,8411400
119.17788696289062,120.28100008980795,118.35258134313193,118.98993891913544,6900000
120.03582763671875,120.11754523987045,118.56501052683345,118.76111282502846,12517600
119.4720687866211,119.81526041391298,118.4343146601495,118.94910833526765,8827200
119.324951171875,121.74365047717623,119.15336163319687,119.56192477833602,9803500
119.2269287109375,119.66817152784013,116.6774855930045,118.07477737185745,11572500
118.83466339111328,120.39537750576345,117.7642300090136,118.88370143905391,9444500
118.69575500488281,119.20238176015187,116.34243987506842,118.80198540763162,6848100
119.70901489257812,121.10630649105414,119.12884967562142,119.53741286638108,9857400
120.19931030273438,121.33511561221471,120.11759266731713,120.11759266731713,8869200
120.8039321899414,121.41677682865054,119.95412644367474,120.08486962567147,6008300
108.67777252197266,118.79379774359076,106.38981692257592,117.94397960775672,58140200
105.5237045288086,107.57468733785389,103.63614450877304,104.8536673533608,36933100
106.56961822509766,108.51438294903697,105.57272306983117,107.90153817989899,24640100
104.27347564697266,107.32953214603792,103.8485665287105,106.12017638393459,21232100
104.81278991699219,106.02213330283242,103.57892750639498,104.36336797579426,16609600
104.66570281982422,106.71669777426821,103.8730955603375,104.42874168332723,19732900
100.37580871582031,104.59218413100797,98.87229906134347,104.0201981177135,7531900
103.5380630493164,103.57892185416975,99.69757229188,100.84971702543959,9253000
104.11006164550781,104.11006164550781,100.56373037175572,102.85168643444602,9918700
103.99568176269531,105.20503166585469,103.57077874677344,104.51864843224703,6537200
105.45014953613281,105.85871267849028,104.11822970217304,104.73924118994765,7409900
104.38789367675781,104.90268727928516,103.18671691643326,104.69840568696274,7631700
102.72911071777344,104.81278509966289,102.43494477599661,104.70655469980112,8654500
104.45325469970703,105.1232917710924,103.554417031391,103.87309578439233,8831700
103.7832260131836,104.87817863310522,103.6116302169485,104.28984039230252,8404700
106.1937255859375,106.63496824432002,104.37153143152109,104.73922949072112,9351600
105.35208892822266,106.42253486535293,104.8618206243323,106.08751008659516,7403500
105.9894790649414,106.13655584355605,104.33888011755734,104.33888011755734,6224400
106.02214813232422,106.09568651434508,104.84548414655403,105.40930334543216,5300400
104.82096862792969,105.37662103714878,104.25714944370694,105.19685224019779,7374400
105.7034683227539,105.80969874133257,104.30618297021326,105.01708516045863,5194400
104.62486267089844,105.74433435912272,104.51047170354738,105.74433435912272,6264200
105.48283386230469,105.83420466413682,104.15092020240915,104.35520178280792,7632000
106.7902603149414,107.19064430532464,105.77701900395193,106.14472342162732,10593000
105.2458724975586,105.81785842782112,103.78321563682545,104.75559171827176,10568100
105.2458724975586,105.65443565751157,104.53497035493594,105.00073210791517,9267800
103.79955291748047,105.16415234261866,102.14078752553442,104.99256280185617,9917000
104.78010559082031,104.95987438052192,103.79955649049406,104.69840043900213,7585100
105.4011459350586,105.53187669192468,104.01202722083968,104.43693023446492,6927700
106.49607849121094,106.61047568126122,105.00073577732307,105.3684401404591,6669300
107.5665054321289,108.01592738996011,106.4715591845822,106.52875154192918,7299300
108.74317932128906,110.46731646873796,106.93732454911672,107.55834857295322,17298100
109.65837860107422,110.05877509219124,109.06187972113372,109.51130180945661,9575200
108.57974243164062,109.61748381430475,108.03226932853597,109.46224029687652,7759000
108.57974243164062,109.39686869926379,108.47351202697526,109.10270274418515,6449800
108.67777252197266,109.14354038902005,108.1057867392122,108.74314410691026,5066100
107.90154266357422,108.38364424292295,107.47663344817501,108.22838823335252,6085300
108.18751525878906,108.23655330936029,107.4847861542264,107.81981092382946,4436700
107.86068725585938,108.40816046012156,107.2560092174822,108.11399445068938,4962200
109.62566375732422,109.74006093678825,107.92603961360321,107.92603961360321,6262300
109.86266326904297,110.29573934747019,108.84943431650916,109.55216365537703,7902200
109.7482681274414,110.16501065981325,108.96383359890972,109.74010135031408,3910400
111.43968963623047,111.46420242794933,110.32021811818475,110.46730733685587,6665000
110.87586975097656,111.4396888934683,110.8268441678656,111.2435740926666,5935500
111.41517639160156,111.7256759082309,110.90854960530271,111.10466440661432,6089800
110.65524291992188,110.95757566342472,109.71555265487586,110.29570535015743,6665500
111.61947631835938,111.65215588977178,110.16499225748844,110.54903021211396,5223900
112.03073120117188,113.091822271521,111.7510686520304,112.1541205971242,6846600
111.95671844482422,112.65588745210468,111.90736770097928,112.22816008702532,5106900
111.75926971435547,112.07184106724604,111.3644513298438,111.4713862771064,4378100
112.39265441894531,113.47018737818392,111.61123844134158,111.82509582489078,10133200
113.7992172241211,114.01307461519605,112.69699630582713,112.86973644746482,5641600
113.90612030029297,114.67109429613146,113.1082500002806,114.21047073139253,8377700
114.14469146728516,114.44902941637717,113.80744465550266,114.177587778922,6568900
114.40791320800781,114.86853693197894,114.00487372506063,114.72048468544043,6236900
113.7087173461914,114.43254899730205,113.2645356581193,113.94725006678507,6100400
113.5606689453125,114.58063023598115,112.21169436142307,113.58534431475144,7046700
113.9719467163086,114.35854425547154,113.11650458668295,113.60180360782685,6150400
114.4819107055664,115.15640424062359,113.92258562375977,114.04596246502534,5552900
114.67109680175781,115.02478542132107,114.35030448708723,114.81914900035143,6446900
113.5277328491211,114.16931733178673,113.4619277033287,113.79094088124249,8493600
113.18229675292969,113.72516739249853,112.54893303053905,113.51131002242909,11922500
112.8285903930664,113.33034376423805,112.45844734408266,113.22340880857898,7369600
113.87323760986328,114.18580901661207,113.07536721446412,113.19052311941594,5882500
112.92730712890625,113.93081400694103,112.4008783200235,113.78276178774877,5475700
113.59358978271484,114.15291495037665,112.64765450062241,112.68878430437493,5765100
112.61474609375,113.83211033754904,112.57361629441469,113.30568153879383,6528800
112.36795806884766,112.69697129765329,111.65234739311782,112.61472426597696,4500300
113.98018646240234,114.55596605731192,112.63119919568011,112.63119919568011,4758600
114.08707427978516,114.72865885534208,113.5688790770969,113.99659376010149,6764900
114.23513793945312,114.71221589773499,114.09530669236102,114.38319012423892,4602100
114.983642578125,115.0576812200707,114.23513562953785,114.56414884533113,7168400
114.31739044189453,115.3949232306944,114.11998751939716,115.14816957757269,5885200
113.27281188964844,114.3421116177194,112.61477259856632,114.3421116177194,5517800
112.8285903930664,113.70872030276549,112.58182417672685,113.67581144669295,5947000
111.51251983642578,112.69697502998328,111.15059774212325,112.58181914098252,5844600
112.0142822265625,112.3433080807398,111.61946375260273,111.89912631536369,4759700
111.98133850097656,112.28567630505498,111.61941649015485,111.90731242177604,4329600
111.51251983642578,112.08006579225412,110.68174069694483,111.86620844155289,5210300
111.5207748413086,111.97317759738428,111.3151383659155,111.77576206262732,4194100
111.21640014648438,112.01425786055876,110.56658207024459,111.83330936893846,4485200
111.84976196289062,112.15411240984683,110.83803425541024,111.22463174261155,5756800
112.2939224243164,112.51600068689966,111.7016886219962,111.86619522240757,5380900
113.5277328491211,115.73214875344955,113.14935639857684,113.77449900808054,10745700
113.93905639648438,115.27979761774503,113.23988739288454,114.33387489621943,9543700
113.11649322509766,115.35381863300223,111.66058375684646,114.62175342938248,10485300
113.37146759033203,113.91435072748857,112.24458407466962,112.67229877268646,4666500
115.07417297363281,115.85560166418634,112.89443123433901,113.03426253921305,5790500
114.49835968017578,115.27155465141126,114.21869715259528,114.86850273739131,5676300
114.8685073852539,114.96722140860997,113.47841562978027,113.93903923526881,5218100
115.47721099853516,115.58414597501957,114.58885997733911,115.05771713479824,4613600
115.02478790283203,115.51008685453779,114.8109305387883,115.44429424333308,4275200
116.1434326171875,116.34906901082665,114.30093856285225,115.31266610526308,6003700
116.7603530883789,117.08937888064673,114.95075515958307,115.93780743428529,6656300
116.2092514038086,116.9248621212978,115.25509541312239,116.72745919291508,8835600
116.80970764160156,116.87551280220835,116.0447461827684,116.21747374719155,5281600
116.87551879882812,116.99890818794081,115.09881702443951,115.36203768037191,5818900
115.13172149658203,116.29151393438566,114.38320190471859,115.83089035510085,6606700
114.983642578125,115.91312311176301,114.90961648722897,115.3208892824954,4667300
114.11174774169922,114.59705918521153,113.21517604863125,114.29270877804962,5604200
114.3749771118164,114.53948373443848,112.20345706047303,113.86499026532196,4771600
112.85326385498047,113.56065363598799,112.30215976005208,113.38792607320121,5560000
112.54070281982422,113.37969035324187,112.46666417189269,112.72165131740496,7179400
112.61474609375,113.09182415372386,111.31512225128036,112.60651260325139,6429400
113.68402099609375,114.49011208540455,112.6640600405026,113.00952765020723,6857200
114.01307678222656,114.35854452101525,112.57362159508045,112.68877750801,6915300
113.85678100585938,114.30096273865654,113.24809263356595,114.01306670624903,4771100
113.6100082397461,114.80270954739372,113.57711193415885,114.43255394099198,4859000
114.13646697998047,114.29275271245511,113.09184270164239,113.79923269264819,5456800
114.983642578125,115.03300585643869,113.23984994253127,113.92256428879948,6951800
114.99195861816406,115.53026663372776,114.75178109471686,115.53026663372776,5473300
113.51782989501953,116.35018379914759,113.50126287468646,115.1161998414787,11919600
108.7640609741211,112.54053128242697,106.43689473991068,112.54053128242697,23247400
109.41004943847656,109.99805844087582,108.63156398611567,108.85517446724556,7360600
108.61498260498047,109.3189353495025,107.33960058615152,108.92141548657159,7811000
108.85517883300781,109.65021869590856,108.5239016926902,108.90486724482277,8434600
110.75170135498047,111.22376658311856,109.79930634524025,109.81587336296403,6648900
111.29000091552734,111.91113127461189,110.85934699488845,111.55500996420007,6860600
113.19477844238281,114.00639778985861,111.46389839343443,111.72063022576586,9115800
114.74349975585938,115.60479507700705,113.57577148956284,113.94844722816588,6533900
115.13272857666016,115.24038258069213,113.95672326274777,114.78489708693365,4994700
115.76213836669922,116.49093538985815,115.53025070240862,115.67931592791118,8230500
117.33566284179688,118.35432575713011,116.19279154295279,116.19279154295279,9216500
116.53235626220703,117.55928382143658,116.11826930782584,117.3688073607619,7500800
116.01887512207031,117.1783261292904,115.97746390093202,116.96299283414342,6548100
115.4805679321289,116.14310956399132,115.29009147793252,115.94434328335343,5562800
116.13484191894531,116.71456121870057,115.77044331997546,116.40814086817271,7122700
116.31704711914062,116.74770117949124,115.86983867576646,115.95264850168499,6393400
117.77462005615234,117.93196248771062,116.77252404136323,116.97956752370607,7335800
117.67522430419922,117.95680039227754,116.7807949918352,117.15348334968485,11272200
118.47855377197266,119.00858455202656,117.67522409388508,117.94852299191874,5894700
119.4558334350586,120.06867416450004,118.58624812668151,118.65250356928424,7517000
117.47652435302734,119.1328728803203,116.57380480158102,119.1328728803203,7674100
116.5157699584961,118.01476246331448,116.44123735190851,117.79115200662285,5233500
115.34806060791016,116.85534318244181,114.71036316199823,116.55720007082736,12792400
115.414306640625,116.15965804051459,114.88427588945399,116.1099696321126,5872300
115.96919250488281,115.96919250488281,114.85944248974783,115.29837365449421,4501200
117.71665954589844,117.74978094781227,116.59861951807494,116.77254162968892,3436300
116.41641235351562,117.48475113495518,116.2507674623136,117.38537430977874,4652400
116.74769592285156,116.83879557311364,115.64622292856741,116.04374293110514,4078100
117.11210632324219,117.98996887588754,116.69801925977292,117.15351755697597,4217400
116.94644165039062,117.59241627961966,116.49922066896696,117.41849420085916,4874400
116.03547668457031,116.94647327311748,115.13276992487717,116.72286272194059,5817400
111.2237777709961,116.0437441850314,109.58399668549265,116.0437441850314,17780100
111.56330871582031,112.92979056036287,111.34797541980791,112.12646088738703,10038200
109.73304748535156,110.83452034635329,109.11191702788732,110.08915621523728,10214500
109.20301818847656,110.62747840172716,108.83034243619242,109.72477182383338,8862100
109.37692260742188,109.74130847364839,108.63155858634892,109.42661101477414,6203100
107.91931915283203,109.64192206626646,107.81994234682207,109.52597824694531,8340200
106.53630828857422,107.78684654306423,105.87376652739376,107.66262549150109,12624800
106.70191955566406,107.2071061274173,106.13876738357483,106.51144310180219,5803600
107.48040771484375,107.4886849045474,106.47832437267608,106.73505625972845,6838600
108.59015655517578,108.92971088338379,107.38930694048948,107.71229425253517,8897800
108.26718139648438,108.73924663312016,108.06842772794899,108.73924663312016,4894600
110.1636962890625,110.4038611610615,107.83652963987291,108.49078146402466,7832000
109.38520812988281,109.72476245523188,108.71438930566137,109.70819543920908,5509600
107.84479522705078,109.31894360716271,107.811661197762,109.02080052821144,8559200
107.90277099609375,108.27545935761742,106.8509992502096,107.8779267902496,7870700
108.54875946044922,108.8800239666587,107.47213085987208,108.37483738068417,6574900
107.79512023925781,108.8717488604387,106.84271265105002,108.4162506779855,9480000
108.3003158569336,108.67299162383,107.32306398072053,107.94419447119193,7880600
107.83653259277344,108.41625181427565,106.16361772192599,107.13257970006495,6771700
109.05393981933594,109.27755032448243,107.85309011758085,108.47422058092985,5260500
109.35208892822266,109.94837521660605,108.68127001302442,109.1533352567164,4677300
109.260986328125,109.89868382646948,108.73095549022271,108.9048775850192,6852100
110.49497985839844,111.05814478168642,109.318974227834,109.56742896937479,5013200
107.8779067993164,109.76614191514574,107.77025280625146,109.75786472704178,7736200
108.1098403930664,108.54878428773905,107.04150137479897,107.8034200228916,7251200
108.7889175415039,109.04564941333115,108.15950996422002,108.88001717056487,5858900
109.52601623535156,109.7910379925373,109.16990746568275,109.73305974430308,4958000
108.15950775146484,109.86554382722213,108.04356392020745,109.28582467093516,7302000
108.92970275878906,109.6584997724034,108.36655062058145,109.07049079334097,6912800
108.71438598632812,109.42661601039502,108.32514326172586,108.98768487617208,7213500
105.78266143798828,108.70610815274125,105.28575201310119,108.54876571722757,15714000
106.63371276855469,106.86733803220196,105.65748382287002,106.31664445433825,8889500
108.16897583007812,110.47185904904337,107.7184164271847,108.36923152671015,20183800
107.36796569824219,107.52649986650941,105.97455959649764,106.68378101557974,9878800
107.0008544921875,107.80185185337393,105.82437609059495,107.50147466002313,6749900
107.1009750366211,107.71842057630221,106.48353586275168,107.0258839218503,7371100
107.41804504394531,107.61828801975884,106.39175523221843,106.79225391546908,5710200
107.51817321777344,108.12726685978818,106.86735804266195,108.04383652521902,4807200
107.2845230102539,108.38589738496434,107.0592369691185,108.38589738496434,4754100
106.97581481933594,107.8268728501481,106.8590021838349,107.53484762720673,6758300
105.92451477050781,106.93411994669142,105.62413752840261,106.8006161209501,7684700
108.09388732910156,108.09388732910156,105.41552302280515,106.24990268149119,8239500
109.44559478759766,109.537377073143,107.70174409386108,108.35255930713717,6203600
108.828125,109.94620333883276,108.51940862245053,109.60410464761063,5250000
109.12019348144531,109.77936067886478,108.43600863920548,109.57910493566914,5369800
108.08552551269531,109.09513040941121,107.91031293008261,108.56112798588815,5101700
108.19402313232422,108.88655986847812,107.72677249868423,108.13562316893167,4976400
108.81144714355469,108.9365989914256,107.45140431578639,108.38590539754885,4373600
108.56112670898438,109.46225817525949,107.93534202948403,108.16062807895828,4730100
109.8460922241211,110.1381302378563,108.71133522149636,109.30375046332709,12053100
109.92115783691406,110.1798134399686,108.8781834816164,109.32040358973296,5183700
109.76262664794922,110.78890987629187,109.58740134963662,110.2215379229385,7102600
109.29539489746094,109.77933662208115,108.66125821545091,109.72092393542314,4522900
107.50981903076172,109.5623857643651,106.82562163181218,109.37882122960414,7545800
107.30122375488281,107.96871726266242,105.71589484484984,107.30956296766216,6006500
107.95204162597656,108.70297820743988,107.6349732894542,107.69338597528638,6552100
108.46100616455078,109.13685158714775,108.27744163846,108.48603653341571,7673000
110.13812255859375,112.39094524642198,109.48730739836834,110.77224655963734,12051800
109.46224975585938,110.44681146469951,108.47767531539832,109.83771798835568,6997600
111.52316284179688,111.57322357285952,109.51230526664523,109.5873963632392,7233300
111.10601043701172,111.65670412696433,110.25493952814173,111.0475977433995,5427200
110.00460815429688,111.18942570961832,109.71258292067154,110.51358024152016,7870400
107.81853485107422,109.51232445071548,107.2344716669949,109.4205421838157,7787700
107.68505859375,108.56949917460913,107.32628137879333,107.59327630338015,5119700
109.5790786743164,110.6554227984285,109.15354964508563,109.42054450706685,7161400
109.07011413574219,109.60411662827511,108.8197976823247,109.60411662827511,5700000
110.83900451660156,112.01548303648532,110.22157164102765,110.9725083340972,10008800
112.7831039428711,113.96792160401122,111.64000781358163,112.55781785617661,12434200
113.61747741699219,114.71886468560045,113.18359642648377,113.44226481711024,8434000
106.55027770996094,112.13227955058012,106.55027770996094,111.23114800965469,25868700
106.81729125976562,108.19401265279498,106.01628115709262,107.35963296450478,13823600
107.80187225341797,108.91993817794892,106.87571012629137,107.43474308855684,7613700
108.38592529296875,108.86986707960635,107.69340129879954,108.1856822996185,6693400
106.3833999633789,108.95329068244581,105.2152672396384,108.81978688964749,12111600
107.0926284790039,107.71841318909168,106.2248665513069,106.65874751515541,6947300
107.7851791381836,108.46937670240989,107.22614618605087,107.31792847560256,7876300
107.73512268066406,108.44435064925604,107.2678719994569,108.21906452380752,4506300
110.83900451660156,111.41472858937978,109.91284247161592,111.2228248089953,9627600
110.1714859008789,110.83899218245224,109.21195437410829,110.45518466439336,7686700
109.47062683105469,110.97251301213039,109.42056608028972,110.17985475122595,5541800
108.66127014160156,110.09640431512733,108.54445748708781,109.97125244658562,6140300
108.81979370117188,109.69589489026922,108.20234816954772,108.911575973013,6257300
109.27037048339844,109.70423875812575,108.21904391922558,108.819798318289,5450000
109.66250610351562,110.45517691883688,109.31206819487898,109.91282253300537,5873700
110.97248840332031,111.00585798588862,109.27869880937838,109.55404560915125,5003000
110.12142181396484,110.5719939512852,109.57908013819282,110.36339904035395,4371400
109.59577178955078,110.21320458044951,109.3204249780866,110.13811346776556,5228700
109.5290298461914,109.71259440385363,109.07011845203587,109.33711334305643,5885400
109.27037048339844,109.6041172688231,108.58617302216697,109.32877044161707,4217500
112.59121704101562,112.61624741755091,109.12019386969654,109.51235341091713,10495100
112.49939727783203,113.21696420662543,110.68879516565347,111.99042523843646,9291800
112.4910888671875,112.799805313908,111.9821166884286,112.64127111749741,5192200
113.42557525634766,113.75932203428613,111.86528933546887,112.73303859708301,7594400
113.84276580810547,114.18486453319183,112.64125702939879,113.42557596725585,6424900
115.20278930664062,115.67003981241787,113.89280731643811,114.0179591549065,9235800
115.2531967163086,115.64807312714665,114.46345671446274,115.15238157135599,6111900
115.24482727050781,115.38765303326882,113.54769927916144,114.65671741801152,10636500
115.73210906982422,116.15218932053138,115.01796751568928,115.2364174507494,5523000
115.51366424560547,116.16898836738798,115.05157343669958,115.60608240738664,3278900
115.40442657470703,115.81610976272235,114.97594940991284,115.70688481451164,4717100
115.23638916015625,115.48003000502642,114.3962288650017,115.02634908636762,5741400
117.10157012939453,117.40402841066057,115.97574535922953,116.36222481522613,7257300
117.25281524658203,117.41244781714907,115.90015612208485,117.07638869372761,5472900
117.94172668457031,118.94991664873255,117.16878061805156,117.16878061805156,6640400
118.04253387451172,118.30298154220793,117.67286125462158,117.95011571953918,4241000
117.61408996582031,118.46264757801205,117.54687557775063,118.29461801775466,5310300
118.44581604003906,119.28597648570221,118.15176757595556,118.4038054537897,6631500
118.7482681274414,119.35318464239408,118.23576976949069,118.73147414968132,5012400
118.78190612792969,119.13477203084797,117.88292815967387,118.54666219265084,4257200
119.12635803222656,120.01693897856649,118.87432012459809,119.07595045070087,5353100
120.61344909667969,121.02513239015923,119.73968774664434,120.14296122975043,10722400
120.30258178710938,120.88229457239652,119.9245121331752,120.7478658181612,7849200
122.1173324584961,122.56261649300724,120.65544858945107,120.89069250127463,9414700
122.7138442993164,124.20932900907059,121.65524665236086,123.4027820837232,14532800
123.03311920166016,123.30196392491361,122.10893742209113,122.44500935094952,6558700
122.60460662841797,122.67182100187308,122.04170067304109,122.66342401262779,4238900
122.52059936523438,122.81464782940378,121.95769340485533,122.63822131486835,3019300
122.45336151123047,123.12549230304514,122.27692221069556,122.83143107542979,3432700
122.07530975341797,122.83144899211007,121.84846285387817,122.4785831593984,2923300
122.55420684814453,122.67182880421443,121.63843498875528,121.90729249967602,4435000
122.63822174072266,122.68023232713017,121.89047945406072,122.55420056790763,5777000
121.21833038330078,122.13410205866049,120.1429261953899,120.56300635691225,5752400
121.067138671875,121.15114703378813,120.01693799921762,120.98311749012943,7731300
121.80644989013672,122.20132629946885,118.78188017462082,120.99149328533042,7382900
121.78968048095703,122.64663502231814,120.73106997011968,121.71405628744525,6605800
122.15091705322266,122.68861918326769,121.81485802938077,122.4617722912679,6112700
121.87367248535156,122.81464808437684,121.73924373696765,122.45338524540502,5042600
122.41136932373047,122.48698068396423,121.58801571046939,122.22653300771648,4593200
123.1003189086914,123.17593027623103,121.59642444852328,121.86528195955086,7037500
123.51201629638672,123.83967844705498,122.86510180649974,122.99951777151232,4960300
124.51180267333984,125.04950496319073,122.8314814150766,123.85647840820387,6476000
125.32675170898438,125.52839486256609,124.2849479785617,124.68823428572513,9083600
125.41077423095703,126.16691363023796,124.7638469903427,124.83106137558617,9543900
124.55378723144531,125.33513029968181,122.66342621106925,123.25153596455336,10305300
124.78903198242188,124.99067510777402,123.30194438004901,124.37734874226463,8671900
124.61263275146484,125.14192523918743,124.28495779358006,124.83106990355401,9051900
124.97388458251953,125.57040422696761,123.50360358743107,123.9404906726677,7587100
125.6039810180664,126.50295880830296,124.46975933913497,124.7302198343183,7336600
126.47774505615234,127.02385702567115,125.29312859700104,125.56197326736371,6288600
126.32650756835938,126.45252648976484,125.22589958865422,126.04925312143813,6470600
125.07469177246094,126.02407725680848,124.88145844355347,125.81403712804713,8651700
126.16688537597656,126.43574285674151,125.3855423596852,125.53676507774277,5765200
127.36833953857422,128.33451900544503,127.03226763978671,127.27592136888666,6541400
129.3763427734375,129.40154656728546,127.12470557095754,127.46917451332524,5979900
128.98985290527344,129.80480969398738,128.32613168737055,129.59476954885147,6201200
127.61199188232422,128.93105016607223,127.32634035763355,128.83022217748535,5700300
127.58676147460938,127.62877205943741,126.77180484430173,127.43552593319457,4835600
127.69599914550781,128.02366122806188,127.31791666424154,127.94803703990951,3715300
126.93988800048828,127.83045636788546,126.79706220758835,127.59521237724606,5166800
126.09968566894531,126.89783557555275,125.92325914402954,126.15850305713843,5480200
126.13329315185547,126.56177036856364,125.30992667606634,126.49455599381568,5716300
125.3015365600586,126.64579848909474,125.2343221816236,126.41895156435562,7230700
125.13349914550781,125.82242404638617,124.83104087150899,125.3603460559647,6115200
124.65460968017578,125.50317999257425,123.83965296699036,124.85625281595829,7464700
125.9652328491211,126.22569332157828,123.95725016164542,124.41934090977357,7776800
123.36953735351562,125.98218493806654,122.8114923641219,123.86838988877011,10588900
122.3041763305664,124.07976933172091,121.61085826356567,123.43718028162498,10529000
121.4840316772461,123.63165482772929,121.40793814634084,122.89605822581444,10093800
117.62841033935547,122.40559276218255,117.48467388826664,120.53699309487719,12566700
113.70523834228516,116.08114146759817,110.61065277602228,114.44929818851907,19820300
118.38941192626953,118.48241940501316,113.30784143553485,113.95889378674019,11508200
114.64376831054688,119.2095726854453,112.53843700856912,118.37250532465245,13662500
121.3149185180664,121.45020449387762,115.95433751695883,116.41091155834579,10560500
120.0719985961914,120.63849407054465,118.23722620569745,119.04892910872269,11339200
120.08889770507812,120.91750157529802,116.18260941532027,117.08730679471194,12239100
115.36245727539062,118.10192684661322,114.06035256424786,115.26944979602328,13848600
119.7591552734375,120.02126375913359,113.49386451537956,118.34714192351585,12698100
111.43924713134766,117.31559318251675,111.18558921442128,116.75754834559427,17763400
106.03640747070312,113.0964744967244,105.26698305241474,107.64288638878274,21539200
113.54459381103516,114.07727421980915,105.39380817187329,109.34238169170257,20084200
107.4906997680664,113.09648172061101,103.5167677945821,104.48065778731302,18877900
115.4892807006836,115.64148062338155,108.06563496702756,108.69132282420165,18911800
114.11112213134766,114.71143272420649,108.8266342990894,110.779778937639,17521100
107.42304992675781,114.13646400148468,106.66208253969477,114.13646400148468,18482300
101.36914825439453,107.75281146709824,99.8810348305571,107.23704499265669,19785100
93.97085571289062,100.24459677059316,92.29673393993295,98.92559095543992,20815200
100.7688217163086,101.16621615408512,96.27066682953372,100.413705753066,17604800
100.95484161376953,104.81040129051904,98.67193934401799,100.54053963641807,13986100
107.01718139648438,107.46530477201323,101.78342445792177,101.94407489472965,15066800
104.13397979736328,107.90498857252476,101.95254223189116,102.85724605854661,12133200
112.46231079101562,113.29092747152664,107.8035126534612,108.61521536660464,21754000
110.87276458740234,114.74523805583699,109.95960372177512,114.13646414541886,15746100
108.91116333007812,110.11179725164982,106.11250102467609,107.97263790455365,12606100
112.58068084716797,113.29937607994758,107.56676688952115,109.17324541957628,11594500
113.44314575195312,113.96736277069405,111.25325728160837,111.92967424546858,10071200
118.16958618164062,119.1926685963133,114.60149933607256,115.84441177714666,14994400
116.24179077148438,120.08889958141069,116.05577581177253,118.2541273893243,11567100
121.12890625,121.86451569652391,116.08962610275337,116.47010662939344,10758200
119.41249084472656,122.95521295270609,118.60925141035499,121.76302960294879,11125400
118.17803192138672,119.63232363600126,116.54617578395995,118.37249741183565,8153200
123.47095489501953,124.64622404093504,121.79683337744841,122.95518855607376,13838000
124.84917449951172,125.06055397161508,121.36563202617444,123.06513123889613,11962300
126.5487060546875,127.40267478272982,123.8176859111525,125.3988007992648,12181700
128.53567504882812,128.7724191028887,126.4895226378282,128.51031053600616,10920000
128.23973083496094,129.36427147505822,126.90381066630964,127.61404278587132,12226200
126.55712890625,128.21434987419397,125.6186163053974,126.92915889302809,9951100
129.3557891845703,131.0552755323895,128.29042836516717,129.20358925255013,11515600
131.48648071289062,132.74630699711318,129.95609541622113,130.4211328299663,10665000
130.9369354248047,132.1544835711229,129.90540229537302,131.53725896140807,8653400
130.4549560546875,131.94307587205395,130.20976153109677,130.8946289917803,8924000
128.00296020507812,129.4488015567396,127.41955076320735,127.88458820974057,8558700
127.03059387207031,128.20586305133622,126.1174331361434,127.99448360973028,9285200
126.86151885986328,127.19127037372044,124.4264357196801,125.52561173306437,14829600
125.3818359375,126.54865469563347,124.11355916616483,126.50637622293993,7309000
125.36493682861328,126.04980423158332,124.36721904408533,125.78769575899763,7198400
126.4049072265625,127.48716894527243,125.67776142478138,125.98214833951714,6562300
125.20430755615234,127.098272529313,125.17047961111363,126.82770057532682,6191600
124.78997802734375,126.43028474218258,124.40104703610943,126.29499878802338,5570500
125.728515625,126.13436062545979,125.0436481549804,125.91453060470656,4712100
126.0751724243164,126.91223977553882,125.23810507309399,125.51712752350146,5887500
124.4095230102539,127.11517813881501,124.316515510448,126.91226206766126,7039200
124.40106201171875,125.9398979953965,123.45407312018297,123.51326557034531,6970500
124.83224487304688,124.93370287842649,121.9743906401314,122.92982986271433,6871400
127.19973754882812,127.23355259414355,123.15816230060189,125.02674996684165,10340400
127.26739501953125,129.88849353264715,127.21666599499616,128.93306680020933,7388400
125.99908447265625,127.75776330033342,125.47485458742713,126.91224537750283,6107300
124.86609649658203,127.15745603492537,124.51944390943122,126.61632501170654,5713400
124.04595184326172,125.5594233912826,123.29344133697988,125.5594233912826,6487300
122.9135971069336,124.54824342795227,122.64967166321382,123.08388332057206,6140900
123.07533264160156,124.6759291428999,122.85397880268182,124.46308441628092,7072300
123.35630798339844,123.66280495594181,121.75571123889269,122.87102868829575,7950000
125.12715148925781,126.09772286533064,124.13954889858432,124.31834417436554,6189600
126.64263916015625,127.1534718086364,123.73092424225281,125.97005539763751,8504000
125.31453704833984,126.29361817039991,124.30990259232159,125.39966719446488,6141800
126.21694946289062,126.3020925678715,124.40350785311217,125.20380627228228,6078300
126.55751037597656,126.97469085247614,124.68447877129204,126.44683991606001,6339500
124.92284393310547,126.31910505059277,123.94376322542725,124.98244670208389,8170500
125.40811920166016,127.40034278342426,124.81215654784332,125.74015646528751,9725400
124.95689392089844,125.67204913131111,124.07997462910413,124.1991671641729,7555600
124.26730346679688,127.1364469762934,124.00336502418068,126.21695595744558,8247200
125.83381652832031,127.73238802658898,124.81216434495214,124.81216434495214,10137100
119.93379211425781,127.00024256546374,119.83163076025535,126.49793192026294,11913300
121.02352142333984,122.35168359521232,119.43144682718273,121.61097502049228,8687400
120.25727844238281,121.23635905276556,118.6737130526338,120.04443370177684,8649600
122.99022674560547,123.8075433816746,121.5513940319889,122.67520765433738,7579100
122.61561584472656,123.8075413321855,122.14735476357717,123.36482058355212,5100100
122.09628295898438,122.7007548604141,120.78515183661823,121.33855606032347,4797400
122.45381927490234,124.19914848311451,121.96001799217339,124.12251451487327,12206900
122.07926177978516,122.30913779903145,120.92138555941771,122.14737367404389,5285600
121.62801361083984,122.6666971082706,121.47475862398251,122.37723134433443,5921600
119.03984832763672,121.05761291431023,118.10332599275844,120.46165006075854,8211200
118.91213989257812,119.67838902252386,117.09869790849146,119.67838902252386,7421200
117.32853698730469,118.85251266026819,116.65595329864779,118.79290989505161,12849700
118.375732421875,118.93764568910693,117.47327274535796,118.12032911041756,5309800
119.72945404052734,120.06149138943917,117.354098936684,118.68224833233131,7738300
119.5165786743164,120.37646671918186,119.24413118029277,119.78050406476959,6174800
120.01890563964844,120.75960125554197,119.47402356764368,120.25729073421218,5152200
121.7302017211914,122.4027986047307,120.79369233931122,121.04058660615682,6156400
121.61949920654297,122.5730395596838,120.24025634887798,120.37648011104467,5622600
121.9770736694336,122.07923499289748,120.64040239605532,121.63651427286621,6257400
121.31300354003906,122.96466795774981,119.6868664631191,121.5428665262744,5738600
121.2108383178711,121.63652786789918,120.41053988525606,121.53436653301695,4282400
123.62873840332031,124.84620402041915,121.98557033619468,122.26652693806625,6951900
125.93600463867188,126.33615388585511,123.67133293993588,123.7224266023335,7447100
126.22545623779297,127.88565581705598,126.1999159049748,127.47698450993795,8512800
127.06830596923828,127.14492695549757,124.88025587197188,126.5830137409064,9304700
127.15349578857422,128.2006886253338,126.59158236747733,127.70688710294712,7441100
127.3663101196289,127.97930407030516,126.37018520652008,127.90267008321071,6191500
127.48545837402344,129.12861312161502,127.2811227977856,127.36626586897022,5575900
127.71540069580078,128.0559602012903,125.8764313302245,127.64728879470287,5910200
127.37483978271484,128.43055464386785,127.09388309407697,127.88567248769557,6566300
126.10626983642578,128.21769938644542,125.17826972274767,128.13255627889095,5405900
125.30598449707031,126.78738898274338,125.03354990823155,125.4677486237319,5675200
125.00800323486328,125.99560617525059,124.93989134335227,125.4932825992337,4842200
124.76107788085938,125.55286713751771,124.36094168675722,124.63337622221114,4489100
125.0165023803711,125.57841569726662,124.42053961594279,125.52733503046046,5922500
124.09700775146484,125.53584044887792,122.56453582833981,124.86325670404092,8259600
125.4507064819336,125.82530234631072,124.42904124322803,124.63337688917177,4078700
125.34001922607422,125.34001922607422,124.14809380529748,125.14420569073506,4162200
126.34469604492188,127.1194544062273,125.83387620648178,126.94067200962974,5467500
125.62096405029297,127.06830563689957,124.7270135732381,126.3446283480905,4837900
126.51493072509766,126.55748928434924,125.28042072248492,125.58691769697289,3635100
126.0296401977539,126.86398803235214,125.76571476984114,126.73628637078576,4096600
125.12715148925781,127.05126302680277,124.61631897932038,126.97464204761528,6388400
127.41739654541016,127.91119797195168,125.56990549616785,125.61246405746195,5257300
126.00408935546875,127.01723242276726,125.60394019458595,126.46382828977437,5155500
126.20840454101562,127.14491347502984,125.64649138600099,125.67203171204618,4240200
126.84700012207031,127.90270208604097,126.19994357278097,126.2765775790502,4306900
127.78349304199219,127.79201514771077,126.48940609221849,127.07684679113447,4322600
128.03892517089844,129.05206855920068,127.1279561267132,127.34931005543662,7816300
128.91583251953125,129.05205630474083,127.32375762681654,127.49403086282095,4874700
130.05667114257812,130.81439804817464,128.20917999052858,129.22232323317195,6722800
130.39947509765625,131.0422592596443,128.85680357086667,130.90514191063625,5387900
130.32237243652344,131.18799699889124,129.87670499240733,130.93944641222876,3863500
130.52806091308594,130.82801905743324,129.10536193224533,130.15095871792536,8008300
131.1107940673828,131.35076571934243,130.17661777386334,130.6308507634636,5575400
131.67648315429688,131.72790379699964,130.18521912852756,130.90514735879975,5395700
131.47938537597656,132.32785225842662,130.49377496399114,131.1279934966388,6362700
129.8595428466797,132.05357731918284,128.61682943908752,131.87359200312852,6307700
131.83932495117188,132.26784774705652,127.91405457157103,129.2338990288055,6881900
128.17115783691406,133.24486565518492,127.09985095609312,132.69635705530365,8672800
127.34843444824219,129.37106309372476,126.09715488236068,128.7025684045593,7200100
126.20851135253906,129.31959059708532,125.89997445987765,128.77108201874015,8756800
128.29969787597656,129.49956932091243,126.94556453128523,126.97127484791113,6960700
125.9085464477539,128.36826263119602,125.57429925530889,127.91402960242395,6191800
126.6541748046875,127.29695888838059,125.66857777401503,126.02853529158608,3934700
127.1427001953125,128.1025869330685,126.85129479780002,126.94557032222076,4375800
127.60552978515625,129.06250481439167,127.28842707080219,128.08547326984754,3658800
127.18557739257812,128.6082764014908,127.1427355693113,128.03405734843125,4323000
126.13138580322266,127.38267799859715,125.17149901935838,126.87701121015462,5461400
127.85406494140625,128.25687744673272,125.3000725430962,125.56575460459263,12174000
124.3573226928711,126.78275025028042,122.52324561866888,126.48279213459183,7574500
123.59455871582031,124.57159023194433,123.1746016401917,124.00593696537813,5295900
123.79165649414062,126.45706857352206,123.74023585554754,126.39706911017895,8784400
123.98882293701172,124.48591110486944,122.84895037446448,123.89454736935798,5614800
124.83728790283203,125.34294176005507,123.32031325368249,123.41458880990038,5531200
126.08000183105469,127.09130954708948,125.48863816634805,125.7543202586121,5843200
126.03714752197266,126.77420739954188,125.18010176096104,126.49995955630801,6768600
127.59696197509766,128.32544293920782,125.84858150627541,126.37137988168573,8487700
126.260009765625,128.2569152281709,125.52294975976672,127.9655227573039,6457800
125.33435821533203,127.19414567168522,124.98296636682164,125.30864789251211,5485600
127.03987121582031,127.16843590796374,125.48862070396471,125.985708743133,4992800
125.35147857666016,127.36554086849274,125.01723133221532,127.08271426511982,5118200
126.73988342285156,127.03984147935056,124.96579309087035,125.5485907883843,5603100
127.60552978515625,128.42829938568354,126.87703573179897,127.2712824956406,4413500
129.38818359375,129.82527216994882,128.08547053633308,128.25687705185345,5054100
130.13380432128906,131.24796624722893,129.43103371037455,129.92812174125476,7273200
127.15129852294922,128.65969422271192,126.64564470670527,127.69980723899741,11057600
126.9284896850586,127.72553601112405,126.31998140590008,127.54556371442338,7706400
126.1485595703125,126.7570546982407,125.4114997399845,126.39709707098466,5978600
126.9284896850586,127.49412998074195,125.99429981332388,126.49996678008199,6097000
123.6888427734375,127.61410060528318,123.5260019966291,127.29699787832772,7250800
123.88592529296875,124.91437724138201,123.51738894061401,123.98020081775941,5325400
123.35454559326172,124.56298281882411,123.33741410000925,123.51738632149043,5221300
124.34020233154297,124.86300077623697,123.27746086499826,123.55172178958296,5279700
124.47730255126953,126.38851049926141,123.71453252162416,125.02581118969455,4154400
123.38886260986328,124.07450174165362,122.34326587631574,123.78309628334459,6929500
122.68605041503906,123.66308170078722,122.48893362407011,123.19171716727132,4890100
118.58084869384766,121.68335007697907,118.42657366089874,121.21197230613532,8426100
117.57809448242188,118.8722287023591,116.60106296729208,118.27229936455637,7205400
117.50953674316406,117.87806011789296,114.54415285967748,117.14100029095557,7364100
118.8636703491211,119.13791817311719,117.8352181235465,119.11220784828879,7088000
118.70082092285156,120.80915894748522,118.08374701698213,120.00353395496242,6363000
119.47213745117188,122.16325979767102,118.87220821675675,119.5492814850425,10263500
119.78068542480469,121.55477605069663,119.35216263526299,120.4577587556681,8016200
121.91474914550781,122.72037418480629,119.68642512521329,120.32920939135832,5942500
125.19722747802734,127.69123340546669,124.20305140642233,127.21127686651775,12351600
127.08270263671875,127.48551505822687,125.35146710667168,126.19994683915232,7386500
126.67137908935547,127.87123804688372,125.86575389895141,127.84552771761396,6382400
127.09986877441406,127.39982689660957,125.77144544046712,126.5085052009005,4710300
128.47113037109375,128.90823199723116,127.19414079506859,127.7769255266144,5893500
129.28533935546875,129.6710072759758,128.3854388226333,129.3453257496692,6266400
127.99979400634766,129.0968115716822,127.80266405880155,128.55686853902438,7297700
126.30279541015625,128.35113370114368,126.30279541015625,127.58836370351598,6661000
126.10569763183594,126.37995851966588,124.77727424605233,126.24282807575091,7987700
125.43718719482422,126.79132073283785,125.24007038005914,126.02855071659671,6354900
124.15995025634766,126.00677187854163,123.4436578426829,126.00677187854163,7318300
124.15995025634766,124.92802062332669,123.93557473586904,124.2721446007621,11034800
123.9959945678711,124.41886985716556,123.28834049720203,124.32393920725667,7594600
124.27215576171875,124.84173963603098,123.59901597147756,124.70365630255806,3059000
124.85899353027344,125.0143405766911,123.46093595427351,124.470645666757,15663200
127.2494888305664,128.69933728990824,125.87732046551669,126.24840455725294,9738200
127.84494018554688,129.19985778567238,127.4652177200761,127.59467574331244,7745500
128.587158203125,129.08770039915137,127.4566289191478,127.7586713897552,7310500
129.68313598632812,129.7176502248098,128.82013517246514,129.26888611446378,6747100
128.5612335205078,129.37245640020987,128.16424734827262,128.88917804677396,6634700
130.78781127929688,131.29697873651668,129.06180918565616,129.4501570230551,8339800
132.12547302246094,132.47066819340927,130.96904154624545,131.8924590394774,8440100
131.39193725585938,132.0219244665645,130.90002023399316,131.8838542777256,7392900
131.99598693847656,132.39297315231593,130.51162431544935,130.77052722287948,5977400
128.64755249023438,132.45337651064617,128.57851083695573,132.25488998768816,8547300
129.94204711914062,130.09738095469731,129.04451884143023,129.4501303031814,7612600
129.16539001464844,130.24414153127543,129.06183408292534,129.62277960423,8486100
132.57418823242188,132.8072021523448,129.41561508483048,129.52779624243564,9920300
133.34228515625,133.8514657747664,130.89136537764006,132.6001037395328,17137200
132.05638122558594,132.39295099842073,129.4932678907877,131.18474202203808,7893400
131.7975311279297,132.815866121211,131.05534964346882,131.5213644507573,4699500
131.1243896484375,132.55697463929403,131.08986223005323,131.86657112347808,4607300
131.58177185058594,132.07367560417381,131.02082643242673,131.0467154105971,2114900
132.20309448242188,132.7899287048317,131.43502429818128,132.31528880014318,3855500
133.0229949951172,133.70476010062865,132.72957776835796,132.99710601442388,5212000
134.67132568359375,134.95611762974582,133.41997670930263,133.54079633782,5412800
135.819091796875,136.0607310059769,133.86007598104604,135.08553573244828,5099900
135.05963134765625,135.81907630009582,133.01432357242885,135.69825670933022,11765900
136.64756774902344,137.01002656911174,133.8255641136895,134.84389891750675,9602300
137.93344116210938,138.2786362691222,135.2495077247846,135.69827189858063,8230100
138.39947509765625,138.9690589548592,136.65622244624268,137.21716786514338,7747200
138.1146697998047,139.02946189177032,137.97659965219555,138.52028131021544,8228900
137.53648376464844,139.2193464770179,137.01869099560182,138.56345720053272,7066200
136.46632385253906,137.786714053401,135.77592056301089,137.3465752075487,6903200
136.25924682617188,136.75116378724408,135.27542607237956,136.55266404767875,6643100
138.64109802246094,139.76300189657118,137.74358282418245,138.46850046529386,10030800
138.3390655517578,139.29699720662083,137.31209223538616,138.3390655517578,7630800
140.4792938232422,140.70366933001287,139.02945854561725,139.80615413458068,9057600
140.13409423828125,141.65297112375615,139.6335521222119,140.84174814834546,6839900
139.57315063476562,140.2204013967852,138.13194051820406,139.21933022614127,6818000
141.14378356933594,142.53321538501157,139.6939353768127,140.11681050970432,8137000
143.2409210205078,143.33585166965327,141.2387652862835,142.40380888759384,9924400
147.1243896484375,149.8601009194427,146.1837218284577,146.4512500003466,14205700
144.880615234375,147.50413253716954,144.5095179487888,145.95072806982716,14207300
145.98526000976562,147.45235915337088,144.81157806121124,145.15677321205334,8944400
140.7813720703125,143.25818098552713,138.55482767720272,141.75655434784332,22505900
140.4188995361328,142.66269425161425,140.32396889870108,142.66269425161425,9971400
139.15892028808594,141.23875599357103,139.0985038933539,140.9971167513451,11443300
138.5116729736328,139.39193776004288,137.70908829216435,138.89139555476467,8601900
139.7975311279297,139.88382332346123,137.87302949384593,138.9431554315645,7758100
141.9205322265625,142.77490808004023,141.41136472374086,142.27436584785295,9495300
142.32611083984375,143.1891117640497,141.42859567274314,142.42104146824036,6035300
143.49114990234375,143.7673033169602,142.3692462036609,142.56773270494907,5544200
143.95718383789062,144.93237910815978,142.99925227345653,144.8892264277467,5921300
143.30995178222656,144.4491194852685,142.91297867481566,144.1211748734805,4871300
143.75872802734375,143.99174201668384,141.53218355943815,141.87737873980328,4413100
142.45556640625,144.16430451937387,142.0844691677427,143.75869303857115,5656100
142.96473693847656,143.3358210168273,141.84283309804894,142.3692641910308,6676700
143.03379821777344,143.396257077178,141.7910746036144,142.36065845482912,5189100
140.65185546875,143.22360712865932,140.59145226511248,142.9129263387268,8190900
140.56504821777344,141.14686280827513,139.1930025004335,140.56504821777344,6447100
139.32327270507812,141.71132427643664,139.28852998923506,140.22638456004242,7042800
141.19027709960938,142.75336791320208,139.74008022686192,141.0252823400548,10286100
141.33792114257812,142.15420275612738,140.66927620421498,141.65923165564473,9719700
137.60386657714844,141.03397404917152,137.17835447537774,140.677934122208,14417500
138.35069274902344,140.26981046634356,138.15095525319452,140.2003382830723,10551400
138.09017944335938,139.61852776896933,137.7254604082865,138.75014532818685,7610900
135.65872192382812,137.98598077878148,135.51977753684002,137.42153742603315,8499600
132.92330932617188,135.55450711624786,131.5338920919328,135.45898451576312,11033200
135.55453491210938,136.06687748773732,132.97543742063436,133.71355471167442,8331600
136.6834259033203,138.35941133373368,135.45032411148966,136.33607813818725,6546700
136.94390869140625,139.59247779420411,136.2405210322376,136.2405210322376,7461300
138.2030792236328,138.8543661441032,136.6486802703153,137.9165246390362,6635600
138.1943817138672,139.48827632658433,138.00333651600386,138.5417293915471,6305600
138.59384155273438,139.210385659663,138.23780157523228,138.31595281406024,5474800
139.30589294433594,139.51430947543173,137.6386004469583,138.72407836846426,5524100
140.13084411621094,140.40004050261572,139.14958115129622,139.34062631270518,6369100
139.60984802246094,140.44348774121832,138.53304903106286,139.6619488485752,6001400
139.34933471679688,140.23508853803747,138.90646443140898,139.12356004687723,4801800
138.97593688964844,140.24378123754278,138.48096572846418,139.5403934950637,14891500
139.3754119873047,139.5056640814984,137.2044554142937,137.4736519092723,7544100
139.24517822265625,139.98329560436167,137.96865452965315,139.12360516858305,7178300
140.59979248046875,141.09476354033094,138.78487651020168,139.02802251337317,6370100
140.6519012451172,141.06872109545424,139.49695103960087,141.06004204144492,6269800
143.2222900390625,143.36992669424248,140.13954339564765,140.75608742414556,7619200
144.1862335205078,145.04593701963978,142.0934416344949,142.2671154953035,8535100
143.2918243408203,143.85628104525046,142.61448689587885,143.30051664810702,7236300
142.71865844726562,143.62177034917545,142.15420191441564,143.24837226246655,8281500
141.3987274169922,142.27578899261587,140.9037430200349,141.1990031473879,7229700
141.91973876953125,143.06600997446628,141.2510938171172,142.10210491593992,7387100
141.88502502441406,142.86630155097313,141.54635635823814,142.48421110698672,5074200
142.07601928710938,142.65783379978154,141.82419426687812,142.0239184726106,4608000
141.520263671875,142.51021895812636,141.4160620366261,142.41469637566075,5039400
140.0266571044922,141.4855331252654,138.75013396108392,140.78214552593093,8418300
140.3653564453125,140.7474468917243,139.23645646740476,139.88774338729772,5022800
138.48963928222656,138.88040876247305,135.92791352231558,136.21448134128715,18424100
138.87171936035156,139.03671414538698,136.80496489595347,137.0568032258911,7718300
139.27984619140625,141.01661091141904,139.14090183369404,139.56641396026396,7524600
140.88638305664062,141.12083679377923,139.42749355100608,140.10483084811534,9049400
141.27716064453125,141.64187972925723,139.67064761018625,141.11216583824577,8353500
144.5683135986328,145.70589254339788,139.80958125126656,139.80958125126656,14050700
144.66380310058594,144.94169179474036,143.5349034688925,144.47275793597032,6333200
143.4394073486328,144.39463334793325,142.9531152946125,144.01254294821308,7233000
143.73464965820312,144.20357029496387,142.4147047818031,142.87494636526822,6015300
142.51895141601562,143.63917241656276,142.20633314266144,143.46549854258092,6027800
141.70260620117188,142.33653477061185,141.08606223695546,142.2062694855869,6217700
140.66055297851562,141.7199803822996,140.37398524629916,141.42473359775957,7448000
142.58836364746094,142.64046446269677,140.5129305876429,140.59108181049666,6394300
141.31190490722656,142.70132244724508,141.12955197101059,142.54500668002086,9079100
143.46548461914062,143.56100722813017,141.65055504833936,142.0673882060024,6594100
145.6885223388672,145.75799452253497,142.99653153621335,143.1354759035489,10179500
145.08065795898438,146.2355949226637,144.83749868980195,145.4540560411358,7792300
145.66249084472656,145.79274292448048,144.3599170453237,144.83751683806537,5529900
146.3224334716797,146.91292713971075,145.7406188574266,146.14875964287432,5316200
147.85948181152344,148.9536389160714,146.95635665340316,147.53817129831504,8357500
146.65240478515625,148.38047705500597,146.13137011306824,148.18943189193783,8217900
146.0619354248047,147.4513527399721,145.84483979746386,146.35718229787645,6758300
147.59027099609375,148.23286545897665,144.99380298254027,144.99380298254027,8018600
147.81607055664062,149.02312170445234,147.77264878144572,148.9102277390387,5797700
147.96371459960938,149.26628853407996,147.89424239971487,147.97239365567097,5722600
148.01577758789062,148.8146878066877,147.2168673690936,147.6076367994179,5846000
147.69444274902344,147.76391491347144,145.92293568175066,147.5468193684941,5533800
148.55421447753906,149.00576387927944,147.35584227572554,147.57293792095456,4853200
148.4586639404297,150.00438358369274,148.38049945249435,148.77996119478738,6501800
149.0265655517578,149.72560809119543,148.3450027424162,149.33238749623663,5195100
148.61593627929688,149.44604378403298,148.31884741791893,149.13147518577026,7444700
147.73345947265625,148.61599319288683,147.0431495992412,148.5460875517095,5726400
147.50621032714844,148.69457913810075,147.13048263927314,147.8994177523837,8114700
147.89068603515625,149.42856960995135,147.8207804181474,148.12661582591946,6400800
144.64012145996094,148.7207661005415,144.50905678548656,148.6770734313398,10448400
145.22557067871094,145.6886836546178,144.27313179113884,144.4391559396962,6806000
145.08580017089844,146.05571906547172,144.7974577966591,144.9547354553351,5808800
145.0246124267578,146.42269800448963,144.937227078225,145.93335871909096,6510300
144.0372314453125,145.33046542805525,143.85374085753898,145.05084294536476,5362800
142.7702178955078,144.75374813489597,141.61680853443477,144.42169978356992,7746800
144.6925811767578,144.85860535868278,143.00615308274905,143.29450876717655,5552600
145.9945526123047,146.43145275299275,145.00715402774668,145.05084670844232,6463100
144.14210510253906,145.99455749440006,143.49548807276938,145.98582429122257,7389900
144.50035095214844,144.57900311211714,143.21586344798445,143.74014895981506,4931300
143.73141479492188,144.92851692805831,143.64402943249007,144.37801847763356,5062900
143.67897033691406,144.83239307989803,142.8488627566274,144.00228549961136,6988500
144.3692626953125,144.7886830364923,142.8663253618583,143.46924960219113,5874700
141.53814697265625,143.46925120360117,141.37212280802942,142.665356651895,12993000
143.16342163085938,143.53041611504443,141.77408251220172,142.2284623496783,6592300
142.9711456298828,143.33814001424003,142.67405684251688,143.04979775970384,5627800
142.1061248779297,143.0323509180775,141.9750468535056,143.0323509180775,4493400
142.75274658203125,143.47800240986047,142.2546873587835,142.6653745544595,4549200
143.48672485351562,143.9847839931362,142.3333022849091,142.37699495792575,10963800
143.32073974609375,144.23823279690237,142.88383956315016,143.6877342997901,5604000
143.3294677734375,143.86248651070397,142.78771583275633,143.30325483005842,3749500
143.94984436035156,144.15081466555267,143.01487178144075,143.3032274366245,6151700
145.015869140625,145.0595484787217,143.85371341824333,143.94983196169238,6320200
147.65472412109375,147.93434652829532,144.73623524486086,145.0682835201302,9059900
146.772216796875,147.54989842107722,145.91589635669484,146.71979091955637,6098500
148.03048706054688,148.10912587433373,146.34404583270182,146.34404583270182,6293500
147.7421417236328,148.07419007142178,146.43144140316033,147.41009337584384,5755500
148.3275909423828,148.86934282531925,147.88195761930285,147.995542584127,6120900
148.0916290283203,149.57708644957896,147.27025484642428,148.31007904124453,7840500
147.90818786621094,148.3363415012867,147.383902326897,147.64604509655396,4691200
148.9130401611328,149.271301471178,147.7071915239729,148.54604564833068,6162900
147.1217803955078,148.45869404366965,146.55381542508397,147.9344217632331,6656900
146.88584899902344,147.7509028407667,146.75477094233142,147.0955525567136,5834900
145.8197784423828,146.96445454596002,144.4566522935998,145.47025037017394,8219700
147.191650390625,149.2538195271864,145.78483144576995,145.83725732780508,9902800
148.1003875732422,148.27514493112858,146.3440407936849,147.934363416654,7585200
148.528564453125,149.48101686965288,147.36640850741463,147.98681255855846,5281900
150.11013793945312,150.4509195010364,148.87808972950347,149.4198416137811,5014900
150.18002319335938,150.4159529603489,149.2974898671766,150.13634385362172,4484900
150.87033081054688,150.92275668406057,149.13146378459675,150.11886217954344,7089300
150.45091247558594,151.49948338515532,150.36354045521045,150.9315052536164,5750700
150.45091247558594,151.46452391049874,149.4984734547556,150.94025178884704,4214100
150.4683837890625,151.14994684224604,150.15381520042914,150.76547264134615,5346400
150.52955627441406,151.02761542900353,149.6819690583184,150.70431363860104,3721500
152.38201904296875,152.47813759999607,150.6781112894235,150.93150748533202,6033000
151.4820098876953,152.55678044782977,151.3946245305873,152.21599888812207,4793100
151.77037048339844,151.91018172604743,150.6606404112147,151.91018172604743,4291000
151.26358032226562,151.98883621849754,150.68686888673633,151.98883621849754,4581100
151.78785705566406,152.25970335443,151.1062805503484,151.79659025879758,3950200
151.84027099609375,152.1373598768769,150.97520396108374,151.3946243417855,3678300
151.86647033691406,152.4519148436073,151.6567534987766,152.25967774193103,4221300
153.08981323242188,153.1684520611848,151.6829941854123,151.88397785865277,4300400
154.0072784423828,154.0422245822596,153.01987999342646,153.16842442088438,5882100
155.3966064453125,155.44029911689978,153.74512479111218,154.26941018389667,4782800
156.8209228515625,156.8558689929597,154.93351122092352,154.93351122092352,6041900
154.8286590576172,156.8471353796191,154.7762331790924,156.8471353796191,7134100
156.03451538085938,156.6985987638597,153.85001477912118,154.33059424499675,5615000
156.7947235107422,157.21414390954874,155.59762140035505,156.314130692769,5428700
156.11790466308594,157.27816813202693,156.0563687319416,156.8035179429977,6461700
154.16653442382812,155.76630763083656,154.06984468700492,155.57292815719018,5734800
153.14686584472656,154.61478177087028,152.84801160135012,154.43020084916904,5700300
152.32945251464844,153.57762066143513,152.10970431812194,152.90079246067114,5031600
152.0041961669922,153.19084163785715,151.84598392413753,153.19084163785715,7046100
152.6458740234375,153.19084520020593,151.8723561629682,151.88114126143205,3252700
152.1800079345703,153.37543852336057,151.60865464156942,152.49644583784902,7106800
152.71620178222656,152.71620178222656,151.2394870209756,151.97783769541874,5327400
153.76217651367188,153.99072318463303,152.86561367522881,153.24357407356717,4544300
153.85887145996094,154.01709711540616,152.77771422847968,153.9116222866852,4096900
151.46803283691406,153.8500956111642,150.89667951814354,153.25238699599274,6859900
151.09886169433594,152.04817555759547,150.37809455015895,150.85274477560563,4661700
147.73226928710938,150.72962338428292,147.40703295629072,150.47472147215424,7114600
146.7654571533203,148.6289179562316,146.6775524914452,148.15426765426358,6699300
145.7369842529297,147.77624022930564,145.14806078610326,147.60044438153653,6273500
144.8579864501953,146.38742502499562,144.6030710794866,146.26436659469715,5259600
145.40296936035156,145.87763292449577,144.4272869366818,145.03379403955273,7935300
145.22714233398438,146.317097865519,144.32178112941108,145.60510267212067,5665400
144.81402587890625,144.9546679090454,143.76802257483484,144.4184819049568,13419800
143.98777770996094,145.18320819947465,142.5462303619323,143.69770853834774,7270800
144.6206817626953,145.89521861776396,144.36577975662777,144.6910027949401,6663600
144.09329223632812,145.86886155832534,143.82960510980533,145.34147389291323,5657100
144.91075134277344,145.71063799758804,144.28666056281472,144.50640875947596,4697900
144.47125244140625,145.60514721505274,144.05812476586587,144.81405908575198,4399300
143.4252166748047,144.47121998373115,143.14394602558306,144.1547821206304,5775500
143.10877990722656,144.07567711087015,142.19463352480548,143.36369526653368,7610400
144.17239379882812,144.73494861916657,143.08243796651277,143.2758174434133,5124100
141.95729064941406,145.38535608033771,141.8781845423223,144.71732659984937,6972300
141.05194091796875,142.308893874179,139.42579927388618,141.98367091030747,8568300
139.95323181152344,141.51783789036557,138.59079031706236,140.63006000907012,8620700
140.26963806152344,141.61449564106996,139.89166427625165,140.51575491187427,5129000
140.55970764160156,140.5948614436009,138.74018655070745,140.52454042723974,7312600
141.81668090820312,142.93300540769332,140.65641750301276,140.65641750301276,5309200
141.45628356933594,142.05400555777703,140.85857499325857,141.7991035855943,4343200
140.8585662841797,142.26495983043336,140.58608072002923,141.39475231479807,4101600
138.60836791992188,140.79705126813545,138.3007150946368,140.63883901218188,6686400
139.93563842773438,140.70915631376755,138.6611016654221,138.72263759379496,6901100
140.73548889160156,141.64085008833825,140.28720754766317,140.38389725859432,4579200
141.781494140625,142.22977549099488,140.99919134545326,141.54416240814152,6918400
140.74429321289062,141.42112128185917,139.9356216166256,140.85856654478948,7465500
144.04054260253906,145.1656522882302,141.28050580914586,141.42993297229924,10081300
143.96139526367188,144.8140190894179,143.50431539333053,144.13719108692268,6003200
143.62741088867188,144.49761854509808,142.64294329443499,144.41851241606798,4524100
143.90870666503906,144.207561007159,143.24067694517692,143.32856818043012,4304300
144.22512817382812,144.42729274546136,142.14191970397655,143.90869025579306,6715400
145.69305419921875,145.9391711061739,144.19876914631524,144.64705063847663,6939100
143.92626953125,145.70182512840697,143.548295695808,145.63150410292093,7018800
143.1439666748047,145.20959147404363,142.67810161642,143.95263834996987,6278800
143.17034912109375,143.49557215960573,141.17503174356523,142.70448401800587,8526800
143.29339599609375,144.1372214906353,140.1114332509093,143.4164544395629,5846400
145.55238342285156,146.77418261721112,143.25821216871017,143.89108792242936,8450600
145.08653259277344,145.71062330982323,143.65377020300906,145.06894898335065,6717800
144.6822052001953,145.025011820054,142.9857422981715,144.98105950215123,8224400
143.6537628173828,144.68219602409746,142.57260560983877,142.81872247964776,6215900
143.16152954101562,144.30422267589125,142.40559532062377,143.87351144615005,5578800
142.84510803222656,143.79442181874276,142.4144101654496,142.93301267282374,6112800
144.39208984375,144.8931085530771,142.70442599216597,142.8626381912082,6225100
143.32850646972656,143.98775080593273,142.82748774863725,143.70648019691214,4118800
145.04257202148438,147.33674336931355,144.69098032722135,147.16973262021145,18995200
143.7328643798828,145.43811205919837,143.46916393452318,145.0337695879987,7496200
142.98574829101562,144.46246307778225,142.94179597127072,143.43402976273796,7594700
143.52191162109375,144.03172894200898,142.21220780982725,143.16152143370084,5414500
142.7484130859375,144.56793446348658,142.51109470723816,143.6713581290842,6358700
143.17910766601562,143.44280813509732,142.20342531906752,143.31095119437498,7620700
141.29461669921875,143.8957846766226,141.25037648527433,142.47133618900705,7634500
142.17051696777344,142.44478737971207,140.48064078427257,141.1353608161581,7734000
141.77232360839844,142.10851937785742,141.01143818244665,141.6838432215762,5230900
140.85223388671875,142.58635027725433,140.37447470271346,142.09089230859192,8523100
141.3388671875,141.93164829683602,140.1621476121725,141.11767960191708,9188500
137.9591064453125,140.6752963197674,137.88833830219886,140.24176381694244,14981700
139.86129760742188,141.63079780969156,138.2422033023193,138.79960018610308,9835800
138.9853973388672,140.9318449620376,138.6845855289678,139.13580324381687,11334700
141.01150512695312,141.26807677020514,139.427794552373,139.7109211244478,8750500
144.16122436523438,144.67438118888785,141.40965023336253,141.72816089976058,9692000
144.5327606201172,145.3378863606147,143.69225081969404,145.09900008042248,8311300
145.3998260498047,145.60332828995863,143.89575360202755,144.63009779422435,6216400
146.780029296875,146.8508109215768,144.647791916172,145.25825811632274,8574200
146.41734313964844,147.479040880329,145.67414257097474,146.48812478905637,6572200
149.0361328125,149.6996953036511,144.9220507674484,145.76256055619714,11142300
150.66407775878906,151.26571480365374,147.8948193249967,148.92997524756123,10482400
151.4161376953125,151.55770095708715,149.89436638177443,150.2748159602668,8552200
153.0706024169922,153.51297744524797,151.1506964143878,151.5222898180969,8998600
148.84149169921875,151.0976069444209,148.33719120923553,150.08899246424056,16726200
148.41685485839844,149.08926019022704,147.35515725543104,148.46993771351418,7954500
147.9390869140625,148.72651405222396,146.85083444767133,148.69111648409498,7954200
148.57606506347656,148.78840992933254,146.9746696799279,147.80633686259634,4178200
148.85919189453125,149.47851421277178,148.07176491129385,148.5318387049357,3501500
150.11550903320312,150.27477103013632,149.25730057808374,149.64659268146306,3704800
150.71717834472656,150.97374992241288,150.04475965799148,150.22170697021113,3187000
151.77890014648438,152.16819239615143,150.32791035240874,150.40753463069063,3662000
152.4512939453125,152.9556080035023,151.95583602863064,152.2831892592492,4231800
151.3542022705078,152.77863693538225,151.31880470727992,152.6459298238147,4409500
151.77005004882812,151.82314640334744,149.61127080598058,150.59334411122015,6012200
151.36309814453125,152.43363855491714,150.9384217379446,151.34539935669275,6748400
152.37167358398438,153.47761128361253,151.84081808807645,152.17702746883253,7016100
151.84967041015625,152.6193987096664,151.11532617604905,152.30973076147353,7301600
153.90228271484375,154.2119506610364,151.40729436346993,151.69926352696757,6986000
153.14141845703125,153.67227401032324,152.31860719966792,153.67227401032324,7698400
151.51344299316406,153.4068075218,150.504828496605,153.0529129090549,8341100
150.2217254638672,150.47831057335603,148.93884041707173,150.06247691332894,8116200
149.31044006347656,150.77912864705254,149.04502580156736,149.52278497322072,6159400
148.49644470214844,149.2130900804434,147.8859650094633,149.19540479965133,5847700
147.8417510986328,148.39029185536276,146.87736320345158,147.8417510986328,7815600
147.3816680908203,149.27503269817336,147.15163793299385,147.93020881344518,5926500
146.2049560546875,148.5141543877535,145.92182953865372,148.0098403436491,6011300
145.8687744140625,148.62920446914544,145.51487970197854,147.0366512643318,10550300
144.18772888183594,145.24942633128157,140.02054985499774,145.09902043012988,14054600
148.31068420410156,149.00078829803604,142.9579426548164,143.6480467487509,14081200
148.97422790527344,149.7174147579381,147.07200706783468,148.2310275523935,9963200
150.92955017089844,152.0974270449445,149.52280043643054,149.86785251281358,9066700
151.99119567871094,152.03543587849717,149.78817683162004,151.16838466358385,9783100
152.43359375,152.72556291252823,151.13302348086967,151.73464708834678,8054800
151.18609619140625,152.15931316769638,149.90319779050043,151.94698179116057,8154700
152.8582763671875,153.0529224664162,150.09784691458756,150.09784691458756,7382800
152.84942626953125,153.61031191472316,151.32765497914744,152.4070512083782,6240400
151.84967041015625,153.04407499558073,150.5136890624727,151.29227350349538,6392200
151.3453369140625,151.94697395036917,150.4163466890121,151.65500482248396,6065700
151.74349975585938,152.2212724170978,150.83220814300506,151.30998080424345,6296100
151.72581481933594,152.38937746129432,151.51346991383133,152.2389715491431,5387500
149.8943634033203,151.48691631610112,149.78819770920674,151.47807367499678,10355300
148.38145446777344,150.5402335062667,148.2310350612003,149.62894192643358,13125300
146.5146026611328,148.61145580186576,144.93089263061916,148.38142566624285,8967600
148.02752685546875,148.72648694635345,146.8773491048004,146.9835282896192,6631400
147.9390869140625,148.4964703600356,146.61196161377572,147.3020656899075,8482400
147.03660583496094,148.15138598379193,145.91296954592246,147.93905462223196,6227600
145.46054077148438,147.24139949122005,145.08656207076473,146.90303198667064,6423200
143.4838104248047,145.79893258114828,142.86051248636633,145.64756119516156,6868900
143.55502319335938,144.81943126018734,143.22556867638184,143.813241730771,8016900
140.81253051757812,142.58449023882406,138.65769260602949,142.2728344570936,12883400
147.81129455566406,148.69282463736164,142.2015860810559,142.46871764401357,11340400
146.53802490234375,147.08117398576834,144.5879816501566,145.02428351544904,9373500
146.03042602539062,146.6982480956287,144.61464649733588,145.175607797261,8737800
147.84690856933594,149.26270180388144,146.06604956490855,146.39551771980328,6793300
150.01954650878906,150.78531636179207,148.0962292666971,148.43458321090202,7333700
150.90997314453125,151.24834066934648,148.56815302689432,149.2715862850962,6302500
153.34083557128906,154.15111590742058,149.02224803604423,149.85925375107087,11663400
150.23324584960938,154.15112968083713,150.04624970187223,153.1894643214905,11100300
150.80311584472656,151.57778503443342,149.49418360819683,151.38188948972328,7248200
151.07028198242188,151.50658376998453,149.6634016511828,150.0908040344463,6171400
150.79420471191406,152.67301104502474,150.50036141770744,150.598309182443,5188000
152.8778533935547,155.04159070354908,151.68468104351143,151.9785108419814,7729500
156.8402862548828,157.1786538874767,153.6436469041401,154.33818098071154,10554400
155.39776611328125,157.56150335969173,153.65251824801945,156.23477204933147,9603300
157.42796325683594,157.46357446425202,155.11284075532794,156.0121833884008,7472100
155.6826934814453,157.60602449889225,154.63199317315326,157.60602449889225,13809500
156.56422424316406,157.7484971360299,155.21968055828506,155.52242333444968,7574900
155.82516479492188,157.04504888008748,154.85459988647807,156.5642229212315,8442100
155.23751831054688,156.30603128598773,155.01491087454338,156.03000023924415,5254200
156.03887939453125,156.30599739030595,154.99707845037983,155.8251714110348,5012300
157.5347900390625,158.2293239820819,156.02106256291455,156.43956552689752,4809500
158.34507751464844,158.6567196833883,157.02724567645748,157.29436365341286,5604200
158.26495361328125,159.74305634497145,157.42794765971018,159.0485223807054,5933400
159.91220092773438,160.15262065238255,158.21147763792885,158.88821262777205,6277600
157.81080627441406,160.46429579535288,157.58819891381097,159.9122203019822,11490400
158.66563415527344,158.87932853883294,156.3594250201881,157.65054507273823,6525600
157.13409423828125,158.6656340582754,156.28818893449835,158.6656340582754,6860600
158.14918518066406,159.9656553955576,156.97381171047482,157.1340960868079,7446100
162.26296997070312,162.59243813694124,159.0485188135648,159.73415335820067,10330900
161.84445190429688,162.9040651234584,160.48209593305353,161.76431651466496,7385200
162.16500854492188,163.11777458669238,160.6601805869855,161.46157525131935,7144500
160.1348419189453,164.01711517696612,159.92114752934177,162.94860246831962,5932000
160.18826293945312,160.99855705200167,158.67453549431502,159.5649650016758,5957500
160.86500549316406,161.02527629019357,159.60059716471687,160.18827034070173,5643100
160.18826293945312,161.52390720049428,160.03689155362693,160.2773113249396,6188200
158.1937255859375,160.62459458329755,157.37453198649067,160.03690778797352,6318700
163.01983642578125,165.56646536948963,160.2327877098934,160.91842223735844,14380800
163.74107360839844,164.12396534313316,161.96911408358025,162.2718704273968,8044900
163.26913452148438,164.61367801757214,162.55678828762603,163.7766722118042,6969200
161.64859008789062,163.08218234485284,161.5061316722049,162.476696714274,8003600
165.6287841796875,166.23428329673243,162.14721520746315,162.3609095889931,11176500
164.44456481933594,166.12749014254683,163.9993499304984,164.81855728241402,10190000
162.14720153808594,164.5691706283367,161.8266464059388,164.05271993838437,11090100
163.35821533203125,164.28425610910872,161.98694618187318,162.28078957119277,9403900
160.6869354248047,162.54793007231794,160.45541502768396,162.50340587388104,8463100
159.06631469726562,161.5328080516178,157.63272275467736,160.69580220370136,7145400
158.75465393066406,160.83826908133847,158.21149144572055,159.20878162650794,5898700
160.4553680419922,160.7224995675124,157.73955577513868,158.6299851356235,5923000
157.39231872558594,160.019096706819,156.06558742237982,159.76086453464202,7089200
157.04505920410156,157.49027398992655,155.5491440454306,155.9498346352977,6434000
157.89987182617188,158.9950963551277,155.46008999734292,156.2258599445756,7855200
157.68617248535156,159.54716706350698,157.16082228925785,158.70126167224336,8186700
156.83132934570312,158.78137184064656,156.60872200311823,156.67995798317028,6138900
158.38067626953125,158.45191225341316,155.56692963400675,157.1340805187846,6898600
157.4724578857422,159.28892803417813,156.53750422082092,159.11974426024585,7732200
158.56768798828125,159.50264168654004,156.8669643717285,157.47246350071433,5516700
159.22659301757812,160.0101616563492,157.24092565821488,159.13754464216404,5751100
156.2703857421875,159.71634374665058,155.97654236079407,159.2444171729548,8608800
154.88128662109375,155.64705642192519,153.7682499098198,155.5758204419788,6874500
157.58819580078125,157.74848016242422,154.97924410775087,155.69159036498394,7522100
160.80540466308594,161.24451008466193,159.03102877216904,159.15648941750285,7040800
162.56182861328125,162.86653042566118,160.50069171144327,160.63510892706483,6419800
160.96670532226562,162.69628458358855,160.46486274100658,161.78220635390397,6558900
160.82333374023438,162.20340085796462,160.05264300134516,162.20340085796462,6897600
162.28402709960938,162.34676425091777,159.72103396944672,161.0921442923963,5853600
160.88609313964844,161.45962960771737,156.8354841421809,159.514982307012,16391400
159.2550506591797,161.1548870050784,157.6330053492035,160.545497021525,5175400
158.75320434570312,159.34466751166286,156.4590591041209,159.2819440284646,8666500
158.0989990234375,160.11533929945364,157.85703436154444,158.6815055299073,4234200
158.0811004638672,159.9630238613215,157.7226453758688,158.80699457946935,5386500
159.81959533691406,160.6799064711606,158.08105989054826,158.6008292066707,5447800
158.86972045898438,160.8143673727405,158.43957161207146,159.6045711768882,4333100
155.6704559326172,160.09743208423293,155.60771877494895,158.80698563560443,5509600
154.63092041015625,155.90345370462907,152.90134116910582,154.29037851649994,6647300
153.07162475585938,154.36208501292276,152.41743803566516,152.41743803566516,7997000
150.72369384765625,153.34045408110208,149.89026600312727,153.2956437799237,7116800
152.33673095703125,153.6361473218467,151.1269214980282,152.02307260123618,7796100
152.41741943359375,152.53392348191645,150.02469702989043,150.9118780927045,7056700
151.86183166503906,154.31727790161978,151.664677250895,152.91032722706737,12486600
155.04312133789062,155.80485536268486,151.9514022901767,153.01782445521553,8219700
157.4896697998047,159.44327350950832,153.86025348381196,154.13805826141325,10593100
161.00253295898438,161.1459204373169,158.18861864907566,158.6187674098907,10223500
163.3594207763672,163.57450201938906,161.28931338119946,162.00623718375482,9374400
163.20709228515625,164.30936837751085,162.6514827803237,162.7769434321951,5908600
158.5650177001953,163.96880909828798,158.00043798946848,163.251885303149,9245700
158.60984802246094,159.78380421902352,158.10799173058604,158.81595902454345,7097900
159.0758056640625,159.7748025547917,156.8533543621077,158.49331281318254,10777200
160.87709045410156,161.05631798511294,158.34098055144767,159.0220506389645,5498400
159.64041137695312,160.52760619415113,156.47699799861087,160.25875803674094,5676400
159.78378295898438,160.80539491597398,158.98620883180988,159.57767198432595,5335600
159.96298217773438,160.51859152160523,159.07578760597605,159.3894459818795,5725800
159.76583862304688,161.29826322795302,159.3088064229364,159.81064891894377,3828300
159.82859802246094,160.4290177833551,159.0847907644082,159.24609144307334,3645200
157.58819580078125,159.9181807430497,157.00568930957743,159.49698858027452,4708800
157.22079467773438,158.01836883047048,156.3784102227623,157.41794906822503,5291700
157.4358673095703,157.73159890481077,154.40688495449058,154.61299594237883,5359600
159.7210693359375,159.97199064836585,158.21554146136737,159.2550804266768,5691100
156.1364288330078,159.68519380815513,155.8496675428955,159.28192847952502,7605700
153.86019897460938,158.39472177795062,152.23816751937753,158.01833992155832,13256400
152.98199462890625,154.63090974114218,152.13063995350606,154.31725131608067,7455800
153.51966857910156,153.59136232006395,152.13960166957816,152.39052292585512,5729200
154.24557495117188,154.57716026838938,153.29565665283116,153.7795860675009,4257000
154.55023193359375,155.01622068192566,153.88707516594738,154.2455301529998,4437300
155.64356994628906,156.80856951129005,154.57716125730084,154.63988474527176,4525500
155.21343994140625,156.01998451086425,153.35841341260803,154.70264068751777,4648500
156.1095428466797,157.8032681386852,153.6361703537426,155.39261912180174,5513000
156.39634704589844,156.69207865048193,154.95354273672856,155.74214667476593,6451400
155.84970092773438,156.96989023287733,155.51811559496568,156.0826953804972,5461400
154.96250915527344,157.26562497603157,154.76535473971492,156.8354624288933,5794200
156.4590606689453,157.05948043160012,153.9319209764906,154.63091793445793,5010000
153.94985961914062,156.90716229342777,153.77960232106486,156.65624096825786,5651600
153.34046936035156,153.7168513142224,152.15754292745575,153.51074031728524,5235500
152.5249481201172,153.67202068713632,151.84387805663195,153.51072001717284,4629800
152.50704956054688,153.3494341244697,152.1037841366353,152.82966463451336,5532500
152.94613647460938,153.45694926500494,151.9245245680015,153.25979489055578,5603400
149.78271484375,152.3008975921493,149.6393273662868,151.01940790705086,9328700
148.13381958007812,150.49965857619264,147.9993886742561,150.14118983485147,14606900
148.84176635742188,149.43322949810903,147.98146876568026,148.76111602210554,10072000
150.1680908203125,150.77746718499986,148.40267153704966,148.63566596927987,7453600
150.17706298828125,151.0552875884412,149.1285674232137,149.1285674232137,7406600
149.451171875,150.82228241451682,148.69839431131254,150.266659251535,8312100
151.7273712158203,152.45325156564508,149.6572639443398,149.74688454212352,8128500
151.1951141357422,152.39500543618487,150.8162032670859,152.37695812832627,5462600
149.87796020507812,151.35752293326482,149.58024155192268,150.6628460759021,5566300
149.38174438476562,150.29293377709408,148.92164130338304,150.26586969972226,5684300
150.78012084960938,150.8793603927062,148.58783413067502,149.71554995401965,5678700
148.19992065429688,151.11393476572923,148.13676195444543,151.07785391300243,5667100
147.0541229248047,147.81194454890624,146.1699976966862,147.47814511673158,5259200
146.53988647460938,147.54129859529044,146.1790229467857,147.32478598502072,6973300
145.55653381347656,147.5503414512388,145.49338888556264,147.26163959202557,8741700
149.16522216796875,149.30957309535995,145.68283519951302,145.69186573626382,7509600
146.81954956054688,149.9410585305048,146.1609537600727,149.63432320116726,5803700
147.21652221679688,149.95913470350013,146.89175328748752,147.90218222150358,7394600
148.01950073242188,148.33525295881734,146.29634734763627,146.9729769605669,4590600
149.21031188964844,149.2373759638471,147.12629557999196,147.84803634609614,5838400
149.49905395507812,149.94110979671945,148.30817930545467,148.84948846729512,5500600
149.43588256835938,150.27491032137914,149.056971693663,149.85990483039018,6365300
145.5475616455078,148.3533200315192,145.07842786355204,147.56843398110718,6726400
148.55174255371094,149.1832606159663,146.49479014175844,146.49479014175844,9555700
148.93063354492188,149.82378924927406,148.04650837558077,148.36226048160142,7174500
151.20413208007812,151.23119615658086,148.63293468382716,149.14717966950187,20201500
150.01329040527344,150.14861081733451,148.02851302068,150.03133771556966,7380900
148.83139038085938,149.6704041527958,148.2449837939829,149.05693349366712,7143400
147.30674743652344,150.48239898120383,147.27066658802045,148.87653278461215,8071200
149.92306518554688,150.80720441687106,146.90079464805322,147.18948277778415,7401100
150.41021728515625,151.0958635067958,148.5517439278726,149.52609198982023,9598600
149.49000549316406,150.51848176449423,148.29914475239016,149.58022826467428,8735500
148.80435180664062,151.267279166034,148.317170890503,150.08543525497868,8686700
150.08543395996094,151.00565386445516,148.9487014422173,149.9861944235345,8660900
148.43446350097656,150.8161987222296,147.85707356146256,150.19369739745972,7008100
147.37890625,149.5260812940012,147.34282540557314,148.85846866059012,8985200
147.2345733642578,148.29914424698887,145.88131439258987,148.2179382464816,8657000
149.41783142089844,149.76066143655578,146.98196799411872,147.82099572557954,6236100
148.95770263671875,149.79671645745194,148.1457528898118,148.87651041524003,4539400
146.0707550048828,148.85846476851142,145.87227595057334,148.6690024835578,5890700
144.52806091308594,146.3504535853483,143.5988241518473,145.94447863163302,6363500
144.71749877929688,145.50238447492208,143.60781665630776,144.91597783709685,5315600
146.81056213378906,148.0555648862766,144.68143397463945,144.68143397463945,6212200
146.77447509765625,148.7502354638518,146.60306008636985,147.0000182670199,4341700
148.9938201904297,149.75165574246742,145.0242657025095,145.15056933350525,6465100
148.3712921142578,149.47192987505625,147.5954232308343,148.35324481016158,5684600
150.29293823242188,150.85229463549848,148.8675037956495,149.21935057797506,6710800
149.7696533203125,150.81617673500523,147.09923040164972,148.8584640416573,10883600
148.5788116455078,149.98619873634362,147.85707079311305,149.76065558034912,10044600
148.95770263671875,149.52607571918958,148.25400918511673,148.85846311066922,5659900
152.20555114746094,152.80097462372615,148.34423960895458,148.59686061126524,8487600
154.2534637451172,155.24585908871308,152.69270903751735,153.1979234793258,6855500
154.00987243652344,154.3707359275325,152.03411247300835,153.52269158099546,5661900
155.36312866210938,155.68791130518434,153.83845497006465,154.5601957064601,6123800
155.45333862304688,156.46376740068703,154.92106016097284,155.48943323142524,5390900
157.76292419433594,158.23205781878656,155.70597168890274,156.07586577291306,6073900
156.95098876953125,158.02457650595898,156.45479102167852,157.44718651738395,7810000
156.15707397460938,157.54642768284705,153.7482744460326,157.03218262087168,6985000
153.75729370117188,156.92392883360344,153.63099006802491,155.97664470196952,6877300
154.0189208984375,154.69555040785565,152.41305463070347,153.19794045648848,4819900
154.70452880859375,155.62474856766434,152.68367131863067,154.77670425695803,5300900
156.05783081054688,156.842730425595,154.66849090054228,154.8759867683996,6621000
156.83367919921875,157.6005314044905,155.33606940114464,156.1931443715288,5148400
155.5796661376953,157.8802090803644,155.48042659848804,157.22162691984076,6150000
157.40206909179688,157.67272364988793,155.20978231392837,157.29381277498553,7877500
152.6927032470703,156.17508982154547,150.5004305703458,155.83225984929302,11074700
155.09249877929688,156.31042355957516,153.59488892265725,153.59488892265725,6581500
155.52554321289062,156.0758690822625,153.83848475569627,155.34511143537213,9351000
156.4908447265625,157.87116752222417,156.19312615568612,156.65322916555346,5500900
157.75389099121094,157.8711778266218,156.0578022098376,156.07584951514556,4464100
158.9628143310547,159.35977249002116,157.5373799266123,157.8802099304582,6555700
159.78001403808594,160.30665323831985,158.74489943208565,159.70737271513136,5706600
160.5518035888672,160.88775755857043,160.10688071567847,160.1704332090399,4707900
160.7243194580078,161.07843723912475,159.8163237264346,160.20676909556707,5389200
160.93316650390625,161.732193316677,160.58812369651184,161.06028535059127,3058600
161.01490783691406,161.41442823289614,160.31574714394543,160.48826857447563,6183100
159.8889617919922,160.95131511371204,158.59053457263957,160.72431618544076,6700500
161.6232147216797,161.6322896897942,158.69946781888322,160.14317747913927,13288000
162.295166015625,163.40292194361086,161.41440902608025,162.5312399238341,6282600
162.4222869873047,162.49492831114404,160.6789367799082,161.1692483971789,5823900
162.33148193359375,162.85812114045234,161.62324634452227,161.95012537447187,5120600
159.8980712890625,163.4392494859582,159.74369980555448,163.36660815692997,7943500
160.86961364746094,161.51429675931604,160.0160953817301,160.32482448236124,5702600
160.89683532714844,161.14199804561318,160.1159584706697,160.55180638236587,4798500
159.57119750976562,161.52338306784586,159.49855617833657,160.82422237589398,4561000
161.4779510498047,161.5051898122575,159.44404956045014,159.76183974070437,4882400
162.72195434570312,163.62086143618646,161.90474970763316,162.62207424065852,9177500
163.2213134765625,164.38354694557435,162.14988512587675,162.14988512587675,9533600
161.16018676757812,163.29396868045782,160.17046077139244,162.71285189655615,7602400
159.5076141357422,160.71525016397098,158.77213978398174,160.71525016397098,18841800
159.3350830078125,159.96160226330508,158.05481958888743,159.21705298707963,5736000
159.5076141357422,160.20677475312007,159.05361625392305,159.8072544003327,6174700
161.33267211914062,161.78666997700168,159.489441924618,160.05240868970796,5472000
160.74246215820312,161.17829617278863,159.2079473564283,160.50638828674298,5709100
161.15109252929688,161.18742012046138,159.63474118871758,160.4156181397559,3683400
161.10568237304688,161.9410506714515,160.70617587348642,161.72312669948735,3067300
160.40652465820312,162.0318308748794,160.3974358340026,161.40531162130037,2645400
161.22373962402344,161.8956615354374,160.778830528217,161.21466465336596,2828800
160.3974609375,161.4144257081615,159.26246612799343,161.1601879792254,4216600
161.79576110839844,161.9682825136321,159.81632321534303,159.95253088759264,6344900
163.55726623535156,163.61174375935303,162.05906505073827,162.4313466046344,9788800
162.34963989257812,163.43015703204188,161.99552211077128,162.54940006230666,6255300
163.6662139892578,164.28364437364363,162.88533718523732,163.55725894611064,5706000
159.4259033203125,163.2213190923771,159.06269668942736,162.80364878550458,7925300
159.04457092285156,159.93440305766555,158.2818576644396,159.53488263042544,5047500
158.79031372070312,159.5530268856946,156.27516141540383,159.41683305441637,6494800
157.99122619628906,158.6359091349757,156.9016343038489,158.2273000522621,4269400
157.47369384765625,158.00033303713792,156.5203094087672,157.25578373815722,6088000
156.50216674804688,158.5179186626038,156.25700398683932,157.99127940200702,6053300
154.14134216308594,156.17525748083818,154.0959534628662,155.8574534498125,7047800
153.93251037597656,155.52150285575976,153.18796110429105,153.47851252460993,6939500
153.21519470214844,154.45914433938714,152.07111128812565,154.45006937043507,8620600
152.8247528076172,154.023313772231,152.4978738040784,153.54207716353704,8425400
152.8247528076172,155.258188468387,150.73635994361464,153.4694358455379,10541800
153.91436767578125,153.91436767578125,151.7079444661187,151.78966076538396,7099800
153.3513946533203,154.27755415536018,153.13347069551241,153.95067514610582,6946100
152.75213623046875,153.3332530136691,152.33446590296816,153.0336127239837,6058100
147.09530639648438,153.0335922992909,146.25995199805712,152.47971435681123,23259100
148.3846435546875,148.39371852317956,146.23269835440266,146.82288996940224,11612500
149.74664306640625,150.70911625231665,147.45849011646834,147.99421808732683,9865300
150.3096160888672,150.92706042696122,147.83988030123948,148.00331289211027,10099000
149.46517944335938,151.0360081955258,148.8114214016073,150.75453173267167,6868500
148.33016967773438,149.68308818162777,148.094095796918,149.41068671612328,7021000
148.3665008544922,148.80234879251805,146.56867313861162,146.73211957910024,7310800
148.55718994140625,149.41978316038606,147.9125068422182,148.27571346673122,6054700
146.550537109375,149.63773157483257,146.25091064572453,148.57537800258962,7949500
147.2315216064453,147.8126383965285,146.5051360100292,146.8864926046228,7028000
147.77630615234375,147.83987250427404,146.32350743161413,146.48695386878103,6414700
147.13160705566406,147.97605020338887,146.87736938546848,147.76721508606693,6316000
144.70726013183594,147.07712929691104,144.6346188183381,147.0498905362136,12621800
143.68125915527344,144.96152269262618,143.39069385138987,144.43489732544066,11177000
146.68089294433594,147.33935308758453,143.23312441018243,143.59894335341264,12401900
144.4951934814453,146.6443364346736,144.3945950037502,146.00415669230426,9423900
144.29396057128906,145.27251042454253,143.9190014338052,144.95242063311693,9820200
144.24826049804688,145.0347538438323,143.27886464373233,144.2299800153908,9385100
142.63870239257812,143.44349019536776,141.94366726125713,143.26057372777575,8689700
142.3277587890625,143.48919735702216,141.82476644036484,143.077663237021,7267100
140.16030883789062,141.9985158039271,139.95911191668696,141.7332953375381,9062300
139.52932739257812,140.14205852831532,138.92573649902155,139.93170736704764,6767000
139.41954040527344,139.70304134335854,138.30381713279579,138.7793747459579,8762500
140.85537719726562,140.94682147566806,139.77622865740688,140.2609265920978,5747200
142.26370239257812,142.41917018181493,141.35833032851883,141.44063434260363,8148200
140.9193878173828,142.8947684454691,140.2426471249481,142.74844085348482,7457700
139.88597106933594,141.01997492942021,139.44698832875548,140.81877799529568,6230500
138.31300354003906,140.47128680450777,137.82830557406064,140.34325364282606,7439400
138.65133666992188,140.37065062611572,138.18493326788737,138.8799682511364,8504300
139.9774169921875,142.58382297118516,138.6147815049397,139.09032521432886,10799600
140.76390075683594,140.86449921826343,138.91655353542436,140.17860442341197,8421200
141.1571502685547,141.6509883665172,139.49270558312773,139.77620652404738,7757700
140.86451721191406,141.17545287620246,139.55675100087146,140.33409016159246,7605500
139.35556030273438,141.70588628235987,139.28239650410842,141.27605768703714,20540700
140.73646545410156,140.90108746050612,139.35553563026602,139.43783965618567,7129000
140.73646545410156,140.95595681111922,139.1634789485549,140.83706391508065,8376800
138.1392059326172,140.8919251821056,138.12091149860737,140.6998824659781,7943500
138.21238708496094,138.7245196650863,137.27956619712336,138.2581022438844,9051500
139.60243225097656,139.7030307008172,137.93800166355211,138.5324381687972,5696200
140.1968994140625,141.3309032151218,140.02313716594784,141.01996758931944,6772300
138.84339904785156,140.33406752956782,138.7610810697603,139.36467181808374,6115300
140.20603942871094,140.2700629745724,139.07203562947694,139.2275034421279,6012000
140.3157958984375,140.65418019664668,139.7487939270228,140.45298324784136,4555700
141.75157165527344,141.92533387906488,140.14201044592735,140.64498873008566,9890000
143.44345092773438,143.5897645253605,140.78217613486106,141.70584264325117,6841900
144.94329833984375,145.38226711722538,143.20568975699143,143.55321426447506,8314500
151.4547119140625,151.50044102324003,148.84830619115655,150.320694197458,16704200
151.03404235839844,152.93625910842732,150.71396646362962,151.80225520589022,9615400
150.2749786376953,150.75052229907791,149.65309345460017,150.55847957744086,5354000
150.229248046875,151.15291464057503,150.01889693821317,150.3664214181199,5903800
149.90916442871094,150.75052703439127,149.159260044012,149.92745886382028,5764100
151.91197204589844,152.1131689585871,149.80855865705794,150.14692893995954,5640600
151.66505432128906,151.92112059607015,150.0371984510812,151.78394721835363,7225100
151.50955200195312,152.0308386276833,150.84195179150345,151.5735755333497,8046400
147.24790954589844,150.61337438637324,146.00415292402667,150.21098048597838,14571500
148.63795471191406,148.775128071664,147.39419841678168,148.14411666225075,6752000
149.59823608398438,149.81772745228068,147.20218128698843,148.54652230978462,9498800
148.78428649902344,150.8694053539359,148.12582644436014,150.3847075296093,7014200
149.68966674804688,149.80855963938743,148.0343762819888,148.78429458957572,5278900
151.0614471435547,151.2169288941672,150.12864036726288,150.26581373008113,6263100
148.7202606201172,150.33897605858107,148.37275011947438,150.0646153810266,5518200
149.0677947998047,149.44275395177087,148.27216134210076,148.97633658313234,5739700
149.7079620361328,149.76283138489066,148.66540254603908,148.89403413557338,6024900
149.61651611328125,150.25668176596255,148.37275972182985,149.61651611328125,4893400
150.92428588867188,151.3358199647059,149.57993100694642,150.29326045995606,7541700
148.9489288330078,151.976009360871,148.61969872986626,151.39986714629867,5937200
148.2721710205078,148.97634630750412,147.46738331586567,148.7751493813436,5128000
148.77516174316406,149.18670982468447,147.86978945477927,148.9214893297239,5194500
148.43678283691406,148.6745686399828,147.54969108215587,148.1441416352618,4994900
147.28448486328125,148.2721750857221,147.04669905971815,147.924650575632,5520500
147.8331756591797,148.12583078296367,146.3790821436095,147.4216416016023,6756600
147.2296142578125,148.3270431774466,145.7663663952565,147.99781310609978,5867600
147.0375518798828,147.75088134777604,146.33336265224682,147.5679788606741,3904200
145.9126739501953,147.26616896686437,145.3548123490346,147.0558318251505,5104500
145.72064208984375,146.55286451355641,144.97987789351987,145.46457579863466,5599200
145.4005889892578,146.37912519374896,144.28486542218445,146.13219910475576,6840700
144.9341583251953,145.34569246641598,144.0927956051581,145.0987803544239,5173000
145.32740783691406,146.26021480918152,144.62321853251987,145.03475266199868,6527100
144.54420471191406,146.63584729793186,144.46127968168335,145.58542140210835,5675900
144.48890686035156,145.8341959195942,144.08347689565227,144.75612845520087,5793000
144.3506622314453,144.79294296372444,143.6688016384663,144.73765962967093,5015100
142.27748107910156,144.00975348255426,141.64169449161764,143.78862010245814,6886100
142.22218322753906,143.07910310771402,142.08396081922376,142.53546485728998,6845400
142.2406005859375,143.1712503249046,141.2731140341215,141.87203561951733,5593100
142.8763885498047,143.45689173465078,141.7614703761967,142.54467445272869,11324600
142.39724731445312,142.8579605715412,141.11646502214234,142.39724731445312,7901300
144.63632202148438,144.94960366403294,141.98260914377195,142.56311235073477,7659700
145.88021850585938,146.17506761061864,144.43357246671536,144.43357246671536,6430500
145.751220703125,147.06886776172604,145.03250923837933,147.041226094609,5073600
146.0645294189453,146.32252770833207,145.0693871342311,145.67753198486517,6504300
147.66781616210938,147.81524778679113,145.41954715505378,146.04611047017087,5818400
147.43743896484375,148.10086712356102,146.93987487573162,147.81522717797336,6264400
147.33607482910156,147.65857969105676,146.25800763491998,147.42822309247475,6510600
148.11009216308594,148.20222637188155,146.64501342676215,147.17944245324318,6066800
148.8656463623047,149.34479202522155,148.33121736517649,148.90251129167962,6699100
150.86514282226562,151.03100688790258,148.74585925816837,149.31715319552757,7138300
151.3258514404297,152.02614449211464,150.994137379066,151.5562080369364,13426600
151.2337188720703,152.32099527060342,150.93885567662682,151.3534947428496,7995800
151.00338745117188,151.96166487644305,149.90688760754543,150.72695667431466,7177500
152.60665893554688,152.69880721341565,150.9204466814915,151.02180416320587,5485900
152.4776611328125,153.20559597880413,152.06302199843734,153.05816435684972,9450700
150.77304077148438,152.01695825971558,148.6537567554167,152.01695825971558,6978800
150.45973205566406,151.00338439442436,149.67652794025187,150.819087840348,4927500
150.15565490722656,150.37678824871685,149.1881543586526,150.37678824871685,6780400
151.20608520507812,151.40880014770815,149.48300819272308,149.86079640942916,4547500
152.51451110839844,152.90150853317903,151.43644384082705,151.90636627237808,7580000
150.51499938964844,151.47327660408774,150.15564367675242,151.4272024747728,4033700
150.01742553710938,151.04020937352357,149.94370974008802,150.18328959537013,7224600
148.90252685546875,149.61201513180737,148.34966533586615,149.50144845182786,6332500
146.73715209960938,148.3864991456662,146.69107796829866,147.86129341630652,7022200
146.9767303466797,147.70466512742834,146.50680791115292,146.90301454230942,5739200
146.1658935546875,147.70467415788366,145.21682536265547,146.62660681527987,6606700
145.6591033935547,146.45153074913884,145.47482090478337,146.45153074913884,6940400
146.33172607421875,146.626589274453,145.04173472282199,145.58537293092124,6401700
147.30845642089844,147.64017053762558,146.48838736285816,146.67266985885033,5362200
146.57131958007812,147.30844952956252,145.72359483043647,147.19788284911036,5486800
146.56211853027344,148.24833096199973,145.7604818557914,146.57134179494406,6332500
146.26722717285156,147.8060075250161,144.96801261556604,145.50244159785052,7522600
155.14981079101562,155.8500899246329,148.62610896993138,149.21582141399162,21892900
156.81756591796875,157.3980690663432,154.9654898007175,154.9654898007175,12080000
157.6376495361328,160.16236324337848,157.5547245243249,158.02464698442253,15155400
158.84469604492188,159.11190351376533,156.41213091879968,157.05712658484515,13790100
159.14877319335938,160.18998955238612,157.93248356406957,158.48534504281065,14288200
160.04257202148438,160.59541948898197,158.52220985119746,158.65120899959882,12446400
160.7705078125,161.58136771249778,159.61872457266406,160.32822698516213,14138800
154.36659240722656,156.84523213427656,153.6110299296783,156.35687717614258,22632700
155.61972045898438,155.80400294634643,153.0120817862464,153.29772175063545,15810300
156.55958557128906,157.78508454716493,155.58287569604218,155.58287569604218,14595600
157.2322235107422,157.85880086622666,156.33843864620394,156.5964369514466,17424800
155.75791931152344,159.11191099245758,154.6982845289181,156.95577649611099,23415100
159.49891662597656,159.72004996528295,156.05277680332318,156.17256673534825,17736400
159.57264709472656,159.91358448729034,157.92329971610212,159.39758785620904,27378700
159.4713134765625,160.5585901503714,158.5314543779474,159.40680686378337,42974400
158.64199829101562,162.14342179135897,158.1536433724255,160.32821046759855,48213800
160.1899871826172,160.2821213878101,158.13519616291313,158.9276234387985,45905600
159.8122100830078,161.8024946434898,158.25499709058957,159.88592588819444,64036900
159.3514862060547,160.8441924968265,158.61434226325767,159.22248707055405,88958100
158.84469604492188,161.0008304399243,158.60513024320528,158.97369517813095,85832700
160.33743286132812,161.60900603086557,159.18564964540033,159.27779792661605,70904200
158.93687438964844,160.31901424698597,157.84958372408565,159.56343770957835,49631700
154.20074462890625,156.50431109148414,152.9199622381071,156.35687946351422,151319500
152.97523498535156,154.65222394280073,152.41316424502924,153.74922988878964,56834800
151.602294921875,153.41750617984206,150.6255851200962,152.86464467777571,119011400
152.11831665039062,153.5741723907509,150.98496584954947,151.14160668707592,70755100
154.2993621826172,155.71937923997473,152.26678485998644,152.48953790970398,18185500
152.4802703857422,154.26226672495505,151.44078432281424,153.13923940473538,18458000
152.49884033203125,153.77035557599646,151.0695469613061,153.0185833759313,12208600
151.9605255126953,153.90957601900047,151.91411685074797,153.24133094037785,9939100
150.05787658691406,151.81203045696913,149.68663563272543,151.62639581794016,15333000
148.9441375732422,150.80037064326442,148.5079216688322,149.81656938206214,8610100
149.12974548339844,150.32702364337314,148.7585045654455,149.0183760403992,9019800
146.65170288085938,148.49866006369854,146.03915667116783,148.35015800477024,9753800
148.5264892578125,149.48244816424094,147.5519640551806,147.70046610093937,9931800
149.0183868408203,149.12975629189128,147.74687173464588,148.1181126795053,6957000
150.96746826171875,150.99531063021394,148.91632409030342,149.4824758529345,6309300
151.82131958007812,152.14615190244362,149.91867766188997,150.5590804005815,6045800
152.2018280029297,153.09281190094643,151.2829875812871,151.9883510140448,7397500
151.9698028564453,153.38981998762867,151.69136507030595,152.8422204821787,7758400
149.84442138671875,152.97218394107378,149.62168246762224,152.19255523843,13392100
150.7910919189453,151.42220435390277,149.1947303739028,150.46624547264216,5789000
150.54049682617188,151.1437810617915,149.77944864339852,150.586905484594,5550800
151.19947814941406,151.78418197514998,150.039332403676,150.53123306691413,3837400
150.03932189941406,151.74705291871763,149.97434694447264,150.8839113420461,4526700
148.9627227783203,149.79802210108778,148.7306936151142,149.70521893296709,4976700
148.73997497558594,148.83279230894536,147.31995757919455,148.5636447013018,6722500
147.58909606933594,148.5728973352478,147.440594024159,148.32230190425352,4904800
145.81639099121094,147.34777762610491,144.09936971771864,147.18072344568796,10211600
145.60293579101562,146.60530341191608,144.9903754401428,146.1783635474466,7861900
144.5541534423828,146.27117473392016,144.1829124851538,146.05769772967548,7680700
143.9972686767578,144.2478640959969,142.29882795173137,144.2478640959969,7259700
144.17364501953125,144.32214709064374,142.8278786346747,143.561084597645,5740800
144.3406524658203,144.72116938977175,143.45894480389416,144.38706111369663,4955200
145.84420776367188,146.67950684305796,144.85113059870983,145.0367510428032,5993300
146.30828857421875,146.92084888016785,145.3337633896514,145.78854558563197,5802200
147.1436004638672,147.45917087293503,145.7978342177383,145.88136131340238,4414100
146.9765167236328,147.8211060640413,146.5495769395137,146.99508301735955,5273500
144.95323181152344,147.61693586351447,144.82329606473857,147.06935051363072,6922900
145.09246826171875,145.30593111214688,143.9230464562319,144.71193706082948,5792400
145.57508850097656,146.04842284958127,144.8325924185484,145.46370488335467,5359800
146.20619201660156,146.8744370336906,145.56578936173005,146.47535373394982,6408100
144.8697052001953,147.52411903205362,143.4960967065286,144.76761181581867,12244400
141.75123596191406,144.73977236996714,141.1201235090008,144.2385956668851,9097300
141.37071228027344,142.103918085073,139.35668700988606,140.76742805724876,7733800
142.00184631347656,142.80930326069443,141.3800098623858,141.7605410847049,7207000
