close,high,low,open,volume
13.444292068481445,13.476000021592627,13.10607020604412,13.34388237432211,16739100
13.708536148071289,13.734959291267474,13.317467782493619,13.476008657627325,12525700
14.786620140075684,14.85003711131459,13.71910834806716,13.740247674472982,22932400
14.712627410888672,14.95043967825421,14.596364195720007,14.786613001634361,17837500
14.147165298461914,14.400831071756066,14.009762752599705,14.400831071756066,15857300
14.427258491516113,14.474820964114967,14.18944713650033,14.18944713650033,11205600
14.316280364990234,14.633363186394396,14.13660013312716,14.189447438024272,8725900
14.416683197021484,14.633356135518186,14.379689395833495,14.480099125959143,9290600
14.580509185791016,14.66506443160527,14.342696926952145,14.532946734023241,8216900
14.310991287231445,14.606934695670677,14.173588738461538,14.559372236174239,8147800
14.152454376220703,14.43782820484292,14.009766957920352,14.310995280124324,7734500
13.84065055847168,14.184156377477617,13.75609531096185,13.925205805981507,9809500
13.433731079101562,14.05732693769372,13.354460641207949,14.015049303618571,10367800
13.053231239318848,13.433729912965388,13.00038394931783,13.433729912965388,16066100
13.28046989440918,13.349171658396536,12.947533755631822,13.264616416549016,8020000
12.582894325256348,13.28047588938455,12.45077657423272,13.132504653344293,11709500
12.308088302612305,12.736149468777437,12.186539224040427,12.551184443799471,8787500
12.42435359954834,12.656881126809107,12.281666184548884,12.471916071214826,10567800
12.419061660766602,12.503616893563377,12.027993457087042,12.260520851267119,9989200
12.175973892211914,12.604035175116353,12.064994443767908,12.419070099695388,9122100
12.334512710571289,12.413783155697542,11.996291607110788,12.02271475282674,9560900
12.461347579956055,12.614604671499071,12.334514646254194,12.419069935388768,7833000
12.181253433227539,12.466628193485114,12.022712571736584,12.466628193485114,8152200
12.123122215270996,12.519475373500196,12.038566955487024,12.286947905105169,8414600
11.790186882019043,12.01214472641645,11.732055761614308,11.980436750924925,8906400
11.615793228149414,11.964584034237358,11.520668279583882,11.943445716766416,9526700
11.679206848144531,11.784900421154417,11.499526665251674,11.626359557650474,9080900
11.626360893249512,11.864173223802771,11.59465291850186,11.864173223802771,12582400
11.367414474487305,11.74262850441885,11.367414474487305,11.62636521513979,9567700
11.251144409179688,11.37797728691109,11.023901791919132,11.362122799202872,10872500
11.547087669372559,11.599934953200567,11.187727348915818,11.25642811230756,8881000
11.890597343444824,12.080847223493038,11.66335465516022,11.66863948604805,9225300
11.890597343444824,11.969867790805438,11.784902741645055,11.890597343444824,8084700
11.991010665893555,12.049141806920316,11.827183883783318,11.943448181794288,7140000
12.091413497924805,12.207677738621594,11.705629990833998,11.938157464249349,8525100
11.784900665283203,12.096698576881101,11.726769551715936,12.096698576881101,7695700
11.917022705078125,11.917022705078127,11.478391739638347,11.626364008067874,10674500
11.806039810180664,11.943442363084383,11.679206917033747,11.811324640059064,6608100
11.975150108337402,12.154830288898506,11.737337808189405,11.83774755802725,8760600
11.985723495483398,12.154834069081003,11.895883377262354,11.964584169794433,7684900
12.07555866241455,12.32922441880147,11.975148922519601,12.234099508161846,8083200
11.837748527526855,12.101983990230483,11.837748527526855,12.07556084715144,7706700
12.054420471191406,12.054420471191406,11.811324350611669,11.843032321126806,7670600
11.626360893249512,11.90645085945909,11.605221571432182,11.848318732439774,10613600
11.779621124267578,12.049140494160858,11.399121292929088,11.462538267478374,9272100
11.330412864685059,11.726765916776403,11.282850417795862,11.5576554424939,8585100
10.965773582458496,11.520667746090309,10.923495941495867,11.388549992084785,12601900
10.965773582458496,11.09789133646402,10.63812110901427,10.833655828452972,16405900
11.478387832641602,11.504811982998348,11.134881941830075,11.230006867157819,12988100
11.235289573669434,11.679205135976455,11.182442290922774,11.50480980849713,13848700
11.9223051071167,11.980437237862546,11.103175485773775,11.230008400873288,15267800
12.054420471191406,12.15483022046392,11.86417164012237,12.091413271455435,9193900
12.3292236328125,12.339793290649334,11.996287474776638,12.075557892596791,11398700
12.434925079345703,12.503625877362593,12.02271726730854,12.038571762841025,10698200
13.026803970336914,13.158921659707426,12.556465318730844,12.6251660736932,18484800
12.487768173217773,12.70444219124167,12.392644248399861,12.551185131074728,10964200
12.757286071777344,12.926396583499418,12.45605784677513,12.45605784677513,9397300
12.77314281463623,12.868267746263491,12.61988575635268,12.63045541719534,6461300
12.746720314025879,12.905261202756355,12.514192803639908,12.688588184434789,7552700
12.92111587524414,12.99510148995434,12.61988656968461,12.746720492014099,7736700
12.530044555664062,12.73614889209739,12.498336583896721,12.551183875494454,9251900
12.804849624633789,12.894689717669108,12.551183835349917,12.762571993086478,9689000
13.458754539489746,13.571312327730896,13.196118677937166,13.292596344005334,13884500
13.367643356323242,13.662438604512403,13.34620318145373,13.614199233379804,10313700
13.710675239562988,13.74819451577354,13.448039283765533,13.582037282988129,10113600
13.742834091186523,14.327065433346037,13.721394943515017,14.182347352849957,12796300
13.930440902709961,13.989400387714163,13.641005568458247,13.855402301667715,8949700
13.791077613830566,14.155552435165623,13.710678996729923,13.962594936264972,10140100
13.78571605682373,13.882194795686157,13.619558796740533,13.791076100352061,7215900
13.716038703918457,14.075153472315467,13.62492000082298,13.935795395679808,8002200
14.225224494934082,14.257383720373566,13.871468925806386,13.925068316421088,10041200
14.402108192443848,14.686183351464742,14.085872771314937,14.20915070909094,13327300
14.203782081604004,14.84697262253044,14.06978413743793,14.761214020050007,18636300
14.63793659210205,14.723695203122354,14.203783496021352,14.203783496021352,11055000
14.712983131408691,14.86842030433654,14.55754493615707,14.637943544383461,8337900
15.372258186340332,15.436576685063807,14.5629097507472,14.643308385313595,13899900
15.779607772827148,15.913605798358539,15.356173521432531,15.409772936109848,15108200
15.307931900024414,15.463370077505166,15.173933894192176,15.399050584883284,12139800
14.986339569091797,15.415133889490614,14.820182293878235,15.409773845474195,11300700
15.441933631896973,15.495533051627799,15.0077802744927,15.0077802744927,9481100
15.618813514709473,15.677772988133333,15.345457350186209,15.377617620594167,12232300
15.731368064880371,15.892165283144202,15.441931845216933,15.618809194236661,14738100
15.693848609924316,15.843925739371004,15.3776131981277,15.73136789228599,10261200
16.004722595214844,16.106560346447,15.592008480251838,15.624167716308115,10634900
16.27271270751953,16.588947977198078,16.079755316577145,16.079755316577145,13997200
16.46031379699707,16.642551158425494,16.06367984045392,16.21375796819603,12208100
16.51927375793457,16.610392441483455,16.165519109409164,16.320957284655233,10721500
16.05832290649414,16.363839263791178,15.983284339258274,16.320959936467283,10890100
16.122631072998047,16.176230450048738,15.854635210067679,16.122631072998047,8820500
16.583593368530273,16.61039256057412,15.956482664862047,16.1226399046459,8801900
16.46567726135254,16.64255461686904,16.272720796813335,16.583596179912753,7476000
16.342391967773438,16.599667819608914,16.229834165966675,16.471029893691174,7515000
16.637189865112305,16.80334707583542,16.487111757873823,16.50855090329448,10648700
16.749746322631836,16.883744293212892,16.562148959353685,16.637188518058977,9273900
16.304882049560547,16.749755515149975,16.203043249777732,16.749755515149975,8306200
16.31023406982422,16.503191485572746,16.10655657046223,16.304874028017487,8688400
16.374557495117188,16.401357712282383,16.042242980858784,16.133361674572942,8389500
16.342391967773438,16.449590750533233,16.224474124596348,16.294152617763864,8651800
16.56216049194336,16.62111996719726,16.27808525079077,16.37456299803702,5751600
17.178543090820312,17.226782452324688,16.34775590459805,16.454954712901905,11224800
17.446535110473633,17.596614225731503,17.189259256005943,17.258938772209714,12017300
17.296476364135742,17.628791105970656,17.253595987305996,17.553752491167504,9548300
17.612689971923828,17.725247753436456,17.376852283444403,17.46797194798773,10683100
18.180850982666016,18.534607730206474,17.859256541726168,17.875335650378883,13337100
18.127254486083984,18.427410828419976,18.08437617697759,18.18085288362893,11581300
18.59356689453125,18.668607512821914,17.902138576930565,18.03613661404936,13171500
18.81331443786621,18.915154205089376,18.443480771476086,18.59355784572481,10380500
18.829397201538086,19.574425662164607,18.76507669735457,19.172431711928976,11835400
18.095090866088867,18.64180300721221,18.009332219127213,18.54532427379942,10274000
18.2666072845459,18.405964296838086,18.1540474171266,18.22372694559624,10879300
18.513166427612305,18.64716444394769,18.175490853945842,18.38452743228545,9252300
18.598922729492188,18.82403838710004,18.34700583628103,18.75436089954363,9632500
18.598922729492188,18.786519110832064,18.405965283172765,18.679320302360473,6746500
19.268911361694336,19.268911361694336,18.679318979188675,18.73291940195122,9417400
19.343955993652344,19.402915454913607,19.097400105330426,19.290357598677218,9515500
18.7972412109375,19.204596317862702,18.65252311068624,19.08131634588585,11336300
18.464921951293945,18.92051426292749,18.250524366615277,18.89371507600438,10874200
18.652530670166016,18.850847238447994,18.534613760601513,18.679329874855757,14781400
18.143327713012695,18.625721313080838,18.014690782759285,18.5185225081049,9876500
18.38452911376953,18.454208661138246,17.955735831207537,18.08973385979864,8236100
18.218372344970703,18.663244723931662,18.111173516239326,18.38452858708912,8978200
18.43812370300293,18.438123703002933,17.955730135242103,18.223726107409895,6316400
18.170135498046875,18.459569717781193,18.11653505391246,18.43813158477531,6674600
18.32021141052246,18.475649621004322,18.030775165759216,18.357730696549428,7847900
18.520519256591797,18.520519256591797,17.89252159255822,18.320210208761377,10439900
18.60713768005371,18.68293017348598,18.428484240562014,18.536760116261206,7459100
18.47721290588379,18.590901674486464,18.244420437683416,18.29855735648724,4376600
18.986106872558594,19.078142112309717,18.623384974905093,18.66669409670069,9773400
19.16476058959961,19.186414115832545,18.894071892374704,18.986105058139557,6165500
19.30552101135254,19.554554158533954,19.1647637740908,19.208072898943946,9640700
18.953617095947266,19.2892724864225,18.796619258998287,19.191824413728447,7622500
19.359657287597656,19.473348125074107,19.045659431020443,19.061900094149447,6973600
20.193370819091797,20.334130059253958,19.370477159128548,19.749441643547062,12088000
20.18796730041504,20.507380105329307,20.036380197363204,20.323311674273775,11553500
19.624929428100586,20.713097020119612,19.489585087217133,20.713097020119612,14435700
18.969865798950195,19.624931998994942,18.850762102508963,19.624931998994942,12002000
19.126855850219727,19.218888975147568,18.866992998822408,19.072716895682806,7596000
18.639619827270508,19.00775654114091,18.13613879404158,19.002341611859936,11938000
18.915725708007812,18.98069248327317,18.547588908934383,18.6775203942742,9538500
18.872411727905273,19.01858383681011,18.731652482949347,19.002341114582663,7764200
18.7208309173584,19.143104615731925,18.688347530871656,19.13768968538872,8595200
19.202661514282227,19.22431504578378,18.661283988107403,18.812869034575115,8693400
19.21347999572754,19.392133418834025,19.03482450743068,19.202652202631633,8228700
19.078134536743164,19.267615741592742,18.812858784763513,19.262202877964288,9207500
18.98067855834961,19.26219484906276,18.964435843854073,19.218883697327175,5860400
18.97527313232422,19.386721019058395,18.93737688817639,19.300100737407583,8761300
18.06034278869629,18.996925048451423,17.989963178081737,18.991512185414926,20439300
18.260662078857422,18.298558337089137,17.54063110726366,18.06035299031962,15744400
17.73552703857422,18.244423240346247,17.719286373476436,18.217354776786145,12309200
17.86004066467285,18.011625670125127,17.594764839940563,17.865453529785803,12232200
17.784242630004883,17.908761220428715,17.605589203431848,17.73551859272307,9218200
17.86004066467285,17.995385009595473,17.681385138083407,17.984557214178768,6296700
17.98455047607422,18.23358348178316,17.832963462224832,17.86003397321975,6982000
18.211931228637695,18.28772371682404,18.027862872246395,18.119898083037253,8519300
18.09824562072754,18.314797394521612,17.935832822977368,18.298554669113056,6716000
18.35269546508789,18.37976392319868,17.97914372150968,18.098247415426325,6993000
18.222763061523438,18.40683145871826,18.12531496505613,18.40683145871826,3542300
18.433900833129883,18.460969291231436,18.22276396867041,18.460969291231436,7126400
18.509687423706055,18.628791079500516,18.31479334857464,18.488033903262775,8275200
18.85617446899414,18.964448289007514,18.43389872321718,18.77496703879337,9319200
18.731657028198242,19.181001257034595,18.612555405708946,18.97527726882091,8675600
18.3635196685791,19.0294156608185,18.309382756860995,18.856175065091588,8131400
18.266067504882812,18.341859981905504,18.011619561857973,18.255239713138128,6126200
18.07117462158203,18.70999999264292,17.865450671954672,18.13613931849944,9840600
18.006210327148438,18.082004893328296,17.89793650584445,17.94666055150755,6019800
18.358108520507812,18.44472882647282,17.930419856284527,18.00621236585503,5600000
18.525930404663086,18.56923951134576,18.287723089742173,18.38517116126612,5862800
18.785795211791992,18.96444867056105,18.450141819577762,18.6342081433801,8424200
18.872411727905273,18.969859800508498,18.704584032824087,18.785791448390228,7478400
18.774961471557617,18.921133563460955,18.715409649094394,18.877822396145834,6254600
18.509687423706055,18.780376048555055,18.493446767076016,18.672102250767708,6752900
18.758724212646484,18.839929568279242,18.547585331544116,18.590896506700652,5748400
18.547582626342773,18.764134340159966,18.520514178413173,18.67751406767113,5257900
18.07117462158203,18.55300008200124,17.95207095624138,18.363516790305614,9825500
18.233583450317383,18.48803138386222,18.14696318477723,18.271479687416825,6717500
18.406835556030273,18.477215211409845,18.10366340340325,18.146974596003393,6251300
18.39059066772461,18.520520085302135,18.25524631972002,18.406831328624087,5058200
18.731657028198242,18.774968211060436,18.33645177793963,18.34727957365518,6846900
18.764137268066406,18.861585347970664,18.68834477596099,18.731653886368147,7692500
19.348819732666016,19.419197273348715,18.74247585393131,18.87782013781479,14752000
19.21347999572754,19.381305625738122,19.00775605728611,19.218892859680306,12211800
18.94278907775879,18.980685316425696,18.70999671726772,18.953614804357805,9198100
19.19182777404785,19.19724063894955,18.737070710248457,18.942794684755278,8583700
18.8778133392334,19.354225625183176,18.834504257886586,19.218881390042032,11445500
18.666683197021484,19.07813097238168,18.63961475355591,18.948199552481128,8682300
18.509687423706055,18.791203841371853,18.374343111281554,18.688342907397747,10336800
18.758724212646484,18.839929568279242,18.471792840210675,18.623379888068055,6481500
18.585485458374023,18.785794500068793,18.33103744244371,18.731655525833244,9570000
19.153926849365234,19.208063745932197,18.70999768890742,18.785790170177258,11368400
19.14299774169922,19.268722489274023,19.01180552214357,19.214060280843093,7329000
19.224992752075195,19.56937053424436,19.132066572490533,19.50377546128873,11020900
19.432714462280273,19.52017526159097,19.19766317315217,19.241394615422486,7475700
19.72788429260254,19.766148240349036,19.224983416860532,19.43270347979063,11345300
19.46550941467285,19.79348682962966,19.43817831096471,19.788021442979854,9122600
19.514699935913086,19.76068396033954,19.39990808625703,19.706019685339843,9138000
19.41631317138672,19.59123474259681,19.36711634915703,19.5147068158461,5649300
19.91921043395996,19.93561076342913,19.438177197606013,19.438177197606013,7584400
20.105072021484375,20.105072021484375,19.760696258197637,19.952016126690268,7239600
20.00666618347168,20.214386260960747,19.82081181629281,20.19252055065055,7431100
20.13787078857422,20.219866210228044,19.95201630669172,19.97934741883293,6902200
19.864551544189453,20.181596135358483,19.766157891874638,20.01760740991038,5893700
20.00666618347168,20.00666618347168,19.66229062961614,19.760684240783124,7403400
20.044937133789062,20.170663969363293,19.87001556068096,20.006673169998518,7525900
19.121131896972656,19.356183145074503,18.96260857425661,19.170328718324892,19397500
19.132068634033203,19.35072168108558,18.968079891358915,18.968079891358915,10030800
19.006336212158203,19.18672313092898,18.929808302059744,19.13206093378127,7625600
19.104738235473633,19.285125233559747,19.01727743044368,19.26872698425103,9827700
19.432714462280273,19.509242401023393,19.12660270730781,19.13206809497663,11744200
19.64043617248535,19.70603125577038,19.32885692034383,19.432715975980972,7608300
19.591232299804688,19.788019564186428,19.531102626218114,19.760688463073265,6897700
19.62403106689453,19.771619431415157,19.574834250311202,19.62403106689453,6287600
20.066804885864258,20.088670606026664,19.706028844103994,19.798957112179284,8157200
20.00666618347168,20.094126939483566,19.83174467144791,19.84267752660301,6485500
19.96841049194336,20.08320447593604,19.84268573350354,19.984810824073612,5912300
19.848146438598633,19.97387115417177,19.738819964334887,19.97387115417177,9049600
19.7005672454834,19.94108395783637,19.68963438329959,19.86455600777998,6347600
19.618562698364258,19.733354570066382,19.487372583627334,19.684157755732716,4639500
19.7005672454834,19.77162772183276,19.421784472871988,19.43271733505579,4123200
19.618562698364258,19.82628281279854,19.547500169831345,19.733354570066382,7141100
19.60216522216797,19.67869313962983,19.465507630920538,19.574834120964354,4597500
19.383512496948242,19.66229515448707,19.186725229327752,19.5147047037717,7224800
19.35617446899414,19.432702360077595,19.170320125550624,19.24138263236896,5762000
19.071937561035156,19.43271360289061,19.028208205928657,19.361651054958973,6955200
19.000869750976562,19.20858986458821,18.968073265036853,19.071932279228044,9797800
18.929819107055664,19.246863784891556,18.831425427844096,18.989948809377218,7517200
19.132068634033203,19.208596574932535,18.995411000932965,19.05007322008106,6834200
19.27965545654297,19.3288522784996,19.12659960389106,19.224991162574717,7258700
19.421777725219727,19.48190740372485,19.186726483006712,19.21405967158506,5539000
19.410850524902344,19.487380555908114,19.241396383607746,19.296058606238883,3922400
19.350711822509766,19.399908628770834,19.268716450331674,19.296047545981395,2447600
19.492841720581055,19.51470743898793,19.328853002988822,19.465510615187295,6957000
19.5748291015625,19.624025905205645,19.449104400080873,19.514699443195457,6301200
19.569368362426758,19.673229475412207,19.476442193155084,19.574835834283647,7612400
19.345252990722656,19.51470919578663,19.25779219445122,19.487378087932406,6089700
19.110197067260742,19.31245180375331,19.050067393451027,19.22498894349964,6769400
19.383512496948242,19.38897996839847,18.984472575486418,18.984472575486418,6070400
19.039133071899414,19.405374347405328,18.96807055380537,19.38350863641809,7684300
18.95166778564453,19.15938784279644,18.858741653767627,19.000864586411335,6405900
19.121131896972656,19.20312729430291,18.886080648870813,19.03367111292752,7650900
19.181259155273438,19.224988499160215,19.0774001389667,19.21952311313536,5457900
19.27418327331543,19.438174029906097,19.192189980249182,19.405375461542146,8140500
19.525638580322266,19.536571438563833,19.306985585949967,19.350717018916225,7330600
19.492841720581055,19.54203854438169,19.285121566175064,19.53110568517825,7282300
19.487382888793945,19.536579729143504,19.235931212990447,19.536579729143504,7733000
19.55843162536621,19.55843162536621,19.317915042097848,19.54203338350652,12023200
19.733356475830078,19.738823947522555,19.487374465635135,19.552969529338487,8872000
19.771621704101562,19.837218857239108,19.673230144854468,19.711494108236565,7058300
19.7497615814209,19.815356660985977,19.695097277425017,19.77709269080385,2007000
19.79895782470703,19.84815465422802,19.744293522333756,19.826288933278708,1347300
19.96841049194336,19.9738779643967,19.804421767249238,19.826287486603057,5532000
20.00666618347168,20.050397604092076,19.96293684808019,19.97386970323529,5358700
20.07773208618164,20.137861757063217,20.006669558300754,20.115996043064595,6141100
20.204635620117188,20.452918026156528,20.154979138909322,20.171532702453586,9280500
20.166017532348633,20.337057019608046,20.028083073023797,20.226709031205612,9715400
20.673606872558594,20.728779786209127,20.463946012205433,20.4970510232228,21209800
20.977067947387695,21.01568941863821,20.684647635144568,20.690164086160788,14472600
21.3356990814209,21.390874122608135,20.999140801385533,21.02120871314781,11834300
21.385351181030273,21.59501208512521,21.159138820329375,21.186727387622216,10569000
21.40190315246582,21.60052903583074,21.197758714167414,21.241898734787185,7044400
21.46259117126465,21.490177627352363,21.21430885705185,21.407416154377536,7205200
21.63916015625,21.69985165932487,21.479155667182248,21.561917190413972,8672300
21.473628997802734,22.041920226239963,21.352248142219388,21.986745196691015,50329900
21.666732788085938,21.672249237244685,21.490176949043295,21.51776340426028,18767200
21.567434310913086,21.804681773163026,21.451569858571403,21.738473815355356,18914100
22.124677658081055,22.12467765808106,21.50121566462178,21.567423589516785,20679600
22.036394119262695,22.361919315554452,21.931564756111992,22.091569129903686,15683600
21.848814010620117,22.229514404308542,21.72191458096147,22.03640492940083,10503600
22.21295738220215,22.223992388025568,21.699843292042143,21.766051222270505,12289900
22.0860652923584,22.190896830069466,22.008822330705726,22.15227534924313,9141000
21.583980560302734,22.16882334301457,21.484667595225016,22.06951037793685,14578500
21.545364379882812,21.738473905970274,21.186736010942735,21.611572337966464,12886900
21.457082748413086,21.58950074675306,21.3743233410742,21.545360712402175,8622300
21.523290634155273,21.738470143936258,21.440531227051213,21.572947120302782,8810200
21.589492797851562,21.606044252282825,21.38534837121041,21.57293923870839,6921800
21.473628997802734,21.644668432336218,21.435007529474557,21.58397695218846,7851100
21.495697021484375,21.62811497544234,21.30258969770399,21.5784585057971,6487100
21.9205379486084,21.9701944243928,21.468113215778164,21.517769691562567,7312300
21.799156188964844,22.0143356657277,21.799156188964847,21.986747096213655,6090000
21.782602310180664,21.90950171793516,21.69432436979875,21.755015848444838,7191400
22.218473434448242,22.284681357217952,21.804670233891695,21.837775247632507,11688200
22.26813507080078,22.29020508508344,22.05847414454033,22.19089212552388,8121300
22.15778160095215,22.4281339469885,22.06950367045879,22.328821012094483,6907200
22.433658599853516,22.5164201107648,22.20744618870367,22.301240603337988,8309400
22.334346771240234,22.47779978353031,22.262620265095197,22.439176199673163,7170700
22.521934509277344,22.687455411296543,22.328827141040353,22.47227802820034,14877300
22.384002685546875,22.549523606881316,22.257103242366714,22.52193713744436,9572100
22.240549087524414,22.4391729062377,22.16330403586028,22.38951853009372,8355200
22.17984962463379,22.395026929408267,22.08605314797904,22.124674607568732,10757900
22.262609481811523,22.31778450008763,22.041915722842326,22.29019804330545,9655500
22.378482818603516,22.433655749058076,22.152270436200002,22.262616297109123,6612000
22.63228416442871,22.731597133979182,22.378485288783118,22.43365822532777,9295700
22.91365623474121,22.957796242177253,22.687443958409997,22.748135416278853,10655400
22.99089813232422,23.161937496552603,22.841930875554926,22.852963772217514,8802700
23.228153228759766,23.255741793848433,22.89711149481591,22.99642443594147,7990900
23.504024505615234,23.531613073595704,23.172982736971957,23.172982736971957,9311600
23.7302303314209,24.188173493361635,23.36608364439462,23.504018027430508,16242100
23.691612243652344,23.99506961327989,23.680577238873894,23.746787267544605,8789300
23.432308197021484,23.691623566759723,23.332995211262006,23.691623566759723,9036700
23.18952751159668,23.443328372779895,23.06262813336088,23.443328372779895,10364300
22.792285919189453,23.360575095992264,22.73159443337316,23.035049757742264,11924500
22.908143997192383,22.97435191580553,22.69296668316581,22.81434751650462,10815400
22.58263397216797,22.797811431247684,22.483320974944533,22.775741408595096,7970000
22.803319931030273,22.897114328862518,22.621245481526827,22.704006977612444,7481600
23.327468872070312,23.421265373870458,23.001943550609088,23.001943550609088,8745600
23.18401336669922,23.239186282820516,23.00745750945687,23.062630425578167,10219700
22.803319931030273,23.366090527448286,22.704006977612444,23.184018182657113,9468900
22.510894775390625,22.759177128645526,22.312268892786705,22.759177128645526,9690300
22.610206604003906,22.84193749054193,22.538480126657387,22.704003090489653,10830000
22.477792739868164,22.654348619120416,22.36744478915748,22.61572715207849,7835100
22.897111892700195,22.963319819697062,22.455722204867662,22.538481587435733,8173900
22.75918960571289,22.996437083919194,22.73160313016375,22.78677608126203,6019400
23.20608139038086,23.26677075103922,22.880556161796676,22.880556161796676,7541100
23.161943435668945,23.288842826940922,23.090216960702406,23.20608345248277,7785300
23.145408630371094,23.30541314934579,23.029544159960466,23.222651610644846,7842800
23.316429138183594,23.393674167121087,23.139873281464418,23.1453918358873,10295200
23.09950065612793,23.677962070448356,22.86032915062587,23.639027371578898,12806900
23.221881866455078,23.22188186645508,22.87703056217828,22.960461200005795,10003200
23.082828521728516,23.138448946561567,22.999395762695734,23.138448946561567,7845200
23.010515213012695,23.121758160004543,22.927084594105864,23.082823446824808,7224700
22.888154983520508,23.23300628647055,22.80472222423077,23.22188177711304,4961800
23.11618995666504,23.121751147525774,22.865893932290078,22.893704130157943,4989800
22.2707462310791,23.160685271351355,22.248497224626785,23.160685271351355,11592300
21.842470169067383,22.265190833012483,21.697853697503653,22.059392754630185,12978200
21.564376831054688,22.009346777117074,21.269584639622867,21.88141805023564,15835000
21.836904525756836,22.003769993885957,21.642230975316288,21.70341469739262,9741200
21.89252471923828,21.942583929977914,21.619979655926436,21.831341003691808,7395300
21.436431884765625,21.96483422419116,21.414182873850717,21.925897394198838,9028300
20.958091735839844,21.43643492954068,20.830163087582164,21.43643492954068,18611600
21.347440719604492,21.514304079449392,20.869097532075102,20.96921597233859,14094200
21.30294418334961,21.38637693000417,21.091582781132168,21.35856672171361,7214500
21.441997528076172,22.014898008268723,21.280695348129587,21.308507678438442,7071300
21.480934143066406,21.66448535477099,21.341880966362847,21.44756273859873,8743600
21.097152709960938,21.442004068799463,21.074903687640116,21.442004068799463,7048500
20.941410064697266,21.369691998226816,20.8357282884018,21.119397967972272,10451500
20.913597106933594,21.13608304028138,20.8857868957109,21.02484007360749,7720300
21.058210372924805,21.141640993806956,20.84128778813532,21.141640993806956,8119800
21.30851173400879,21.55324458611233,21.0304053522525,21.097150289774685,9740200
21.16388702392578,21.386372891806,21.080456414807564,21.30850347458267,8968500
20.913597106933594,21.163893251504074,20.757858226660012,21.02484007360749,7717600
20.290637969970703,20.974779300231724,20.2850767768489,20.85241395550552,11997100
19.695486068725586,20.023651554066305,19.256077650394673,19.99584135126437,21494000
19.573116302490234,19.968028773728875,19.428501992049224,19.968028773728875,16613700
19.895723342895508,19.901284534860064,19.333947474262178,19.63430276312856,16881200
19.884607315063477,20.24058316247717,19.734429606601434,19.773364332300844,11896100
19.834550857543945,20.157155340571098,19.65100171378799,19.873485588697744,9251400
19.63987922668457,19.728873210180666,19.328399223556268,19.500825994860424,10311700
19.784481048583984,20.006966926460095,19.73998514607831,19.845664771089044,8825600
19.879047393798828,20.190525219341403,19.86235956615651,20.023661795403086,10945700
19.973588943481445,20.190511458940822,19.88459503658062,19.88459503658062,7384700
20.068157196044922,20.157151151872434,19.951350905072406,19.956914220814717,7116500
20.068157196044922,20.285079830763028,19.968038730516064,20.17383685553282,6079600
20.490873336791992,20.524246858373083,19.912411693416523,20.073713865050934,8236600
20.48530387878418,20.590983471811064,20.30175276682061,20.496426259707484,6704000
20.552059173583984,20.635489803420377,20.30732423378467,20.57430819025356,8163000
20.490873336791992,20.557618258171377,20.390754893831513,20.507559036691138,4311000
20.496435165405273,20.607678119010792,20.301761587932763,20.490873972527286,5619300
20.746728897094727,20.79678811437704,20.440812401161754,20.60767575150859,6267600
20.5576171875,20.691109145089108,20.49087226959679,20.66329893944466,7280700
20.735605239868164,20.85241149949802,20.66329912888623,20.746729746584467,5832100
21.213947296142578,21.219510610097416,20.86909609333323,20.874657285505478,7368400
21.16946029663086,21.241766434192744,21.01371926713441,21.16389698033626,7042800
20.958091735839844,21.158328618950218,20.913593707689643,21.130518412247728,6053000
21.024839401245117,21.024839401245117,20.846851508972083,20.974780173931887,5198600
20.896915435791016,20.985909401941377,20.590998809760613,20.985909401941377,6317600
20.718923568725586,20.946970696288556,20.6855500420884,20.91359716965137,8166300
20.757856369018555,20.84685031003689,20.629927711416133,20.73560735331824,5895200
20.757856369018555,20.908034042321294,20.652176727116444,20.73560735331824,5747200
20.707801818847656,20.946973487155695,20.652181388824886,20.807920290315366,12953300
20.579862594604492,20.796785131116504,20.524242193061728,20.69110551947233,5511700
20.5576171875,20.590990707342947,20.413002845079262,20.57986620072863,9628200
20.924718856811523,20.924718856811523,20.618802330131384,20.635488030308334,9303600
21.00815773010254,21.09715169331376,20.902478061846548,20.924724961311764,10092000
21.130516052246094,21.41974471578829,21.008148610282646,21.013709802288925,12499100
21.108274459838867,21.45868908930983,21.052651911313088,21.18614390599169,11788300
21.29738426208496,21.34744348871019,21.024839112284717,21.1082718639211,9783000
21.564376831054688,21.60887276476889,21.24733561187373,21.347454114960776,16628400
21.4184627532959,21.6821961597026,21.154731487443435,21.64852952266633,15371800
21.367969512939453,21.598034214056856,21.295021542178837,21.424082019336904,8373200
20.90223503112793,21.334308334275644,20.885401701315573,21.32308540088218,15088300
20.683393478393555,20.969570792091947,20.565555886903375,20.90784572781927,13643800
20.621660232543945,20.891004109326918,20.57115812186246,20.7170519190785,9619100
20.666545867919922,20.795606303785004,20.55431875047726,20.784383377985314,7199600
20.705827713012695,20.84611109280125,20.604823508320575,20.761940208706317,9447300
20.840503692626953,20.91345166744184,20.593605653979296,20.593605653979296,9633300
20.453327178955078,20.91906711396497,20.363545857714882,20.689002344502256,10905200
20.2008113861084,20.559936579372636,20.150309272020927,20.50382407063322,12141900
20.127859115600586,20.369146704671294,20.0661340848307,20.341090456290765,10179400
20.2008113861084,20.329871868653047,20.0380821139871,20.17275513173869,9112000
20.42526626586914,20.548714216613746,19.920245111056943,20.16153275829443,11567800
20.66094398498535,21.21085478931114,20.593608536031564,20.90223166267135,18145600
20.638492584228516,20.756332263973814,20.26814450351911,20.49820918789079,12868900
20.49820899963379,20.722663287934644,20.40842771242439,20.537488179003226,10259500
20.464542388916016,20.554323676275185,20.29059020816493,20.44770692590479,8089000
20.711442947387695,20.84050343009282,20.470155306509206,20.55432621027798,8491200
20.801227569580078,20.958344331795,20.402823127932045,20.76194837902635,8535900
20.840503692626953,21.036901757043182,20.649718163495347,20.902228737427624,8556300
20.947128295898438,20.980794957984116,20.69461762747668,20.761953092203875,7910000
20.99201011657715,21.031289301498315,20.71144328682308,20.891005886621283,8075700
20.801227569580078,21.048125644568575,20.71705665236189,21.014458990125576,9053900
20.879783630371094,20.969564933167504,20.559937605374184,20.761946071804886,6809800
20.357919692993164,20.924665643129877,20.28497388994912,20.896609400378008,8439200
20.251310348510742,20.571156307769183,20.144695742276152,20.28497913284756,9666200
20.24009132385254,20.346705950648563,20.17275588274742,20.234480928991726,7355900
20.756343841552734,20.761954238691544,20.313047548128324,20.313047548128324,9031000
20.705827713012695,20.773163135955944,20.481373449129205,20.660936004014196,7271900
20.683393478393555,20.7507289391657,20.62166841412088,20.705839345502838,7201400
20.688997268676758,20.72266605858988,20.481378415600055,20.660941014026665,6165000
21.17718505859375,21.21085170790205,20.722666027936523,20.73388895789096,9070700
21.28380012512207,21.463362727018737,21.244520939741868,21.295023055309997,10501300
21.502647399902344,21.53070366225462,21.227693032072203,21.266972227476508,9555700
21.323070526123047,21.502633054046065,21.23889965466668,21.502633054046065,7859600
21.68781089782715,21.771979639529167,21.278181554103732,21.306239941892194,9293600
21.631698608398438,21.81687371322002,21.586809036067397,21.74392575005806,8000900
21.654150009155273,21.80004383227906,21.51386658130134,21.74393131735958,6038500
22.13111686706543,22.23773366174609,21.65976437739556,21.65976437739556,11953600
22.1367130279541,22.248940135912022,21.940315053889222,22.063765086698343,8500300
22.288232803344727,22.333122389386595,22.164782695757733,22.19283895460332,6590800
21.940330505371094,22.271399529697664,21.940330505371094,22.260176596942713,5918800
22.209672927856445,22.209672927856445,21.83371223484704,21.945939403232916,6606700
22.030109405517578,22.24895335935254,21.878605181366527,22.176005374740885,8253400
22.366779327392578,22.439727274164653,22.035710511186032,22.136714701930686,7301300
22.361169815063477,22.445340698906172,22.277001071775274,22.305057319538008,6939300
22.37240219116211,22.5014626978224,22.282620876069934,22.361179259206164,10487500
22.091835021972656,22.3836248273049,22.080612090165026,22.232118458734963,11362200
22.299457550048828,22.34434713974447,22.08061357590772,22.170394895854514,7663900
22.333114624023438,22.400450049950965,22.147941667584078,22.232110414854844,6536900
21.973995208740234,22.378012150406878,21.973995208740238,22.271395379380873,8320200
22.15916633605957,22.260168412607857,22.046939190327876,22.05254958436482,7749300
21.929100036621094,22.1367188495838,21.929100036621094,22.09182713837316,7142200
22.209672927856445,22.355566748369444,21.968385265021134,22.05816657161879,10947400
22.248947143554688,22.333115895617823,22.170386644852496,22.265780465856373,9749500
22.09744644165039,22.254563197907917,22.05255471668809,22.254563197907917,7806700
22.501462936401367,22.585633856685718,22.164783536374802,22.164783536374802,10296700
22.361169815063477,22.411671917258193,22.08060305632715,22.164773940169844,12767500
22.142332077026367,22.3106717345015,22.114275824206324,22.305061340159444,9352100
22.305057525634766,22.406061730957475,22.119882435691633,22.14794082426812,8779600
21.95716094970703,22.237727782704113,21.91788176433184,22.232115247333336,10374800
22.09744644165039,22.147948561955346,21.856158771366182,21.962773407318753,8002100
22.265785217285156,22.265785217285156,21.906659994515262,22.097445536681164,7725600
22.293855667114258,22.32752448089203,22.11990334009724,22.2489660559671,8422700
22.636150360107422,22.66981917771999,22.36680624087724,22.38925211928562,11375700
22.500316619873047,22.890791319458682,22.49465853612905,22.822883520780746,12622200
22.330535888671875,22.528603269637706,22.10417594310251,22.4663535830127,12012800
22.347524642944336,22.37015913670112,22.160775497888395,22.245661865413823,7631200
22.37015151977539,22.573877005468898,22.30224374412731,22.364493437950244,7051800
22.43807029724121,22.505978099652438,22.21736616159202,22.37582057888504,6542800
22.285280227661133,22.460708929432954,22.28528022766113,22.353188042580854,3363700
22.358844757080078,22.43241281133785,22.075893027050586,22.09852968355304,8410800
22.206043243408203,22.46069796472926,22.04193079194615,22.409766588715154,7602800
21.804248809814453,22.206041707807195,21.617501883176377,22.206041707807195,11762100
21.923091888427734,22.126815236097478,21.7985924881161,21.804250570516864,8057300
22.07022476196289,22.13247445925551,21.804249567621486,21.815567890651906,5915300
21.493003845214844,22.285269209661717,21.385483011521824,21.92874957978568,16571000
21.079891204833984,21.193072260502372,20.5536011309127,20.76864492080773,23141100
21.334552764892578,21.41943695637948,20.966714792200637,20.983693357497668,11568200
21.20439338684082,21.43641361021534,21.164780335929272,21.391140318459644,8983300
20.949731826782227,21.238341441480085,20.881824063103124,21.204388639014976,11971100
21.215713500976562,21.27796104427202,20.910125232073565,20.94973828632956,10566300
21.515636444091797,21.606180855101297,20.955391416830555,21.136480238849554,11518800
21.775949478149414,21.815562519628404,21.317567222644023,21.419429946089664,8766200
21.843862533569336,21.855180856555567,21.515639801966163,21.74199978544264,11215900
21.787273406982422,22.036270040198147,21.747660355306042,21.940067531483916,10154500
21.815567016601562,22.166426381489703,21.736340917312234,21.787272289533846,9869300
21.98533821105957,22.31356309959503,21.860840976399025,22.268289807900747,11104200
22.43239974975586,22.443718071416832,21.7872705263243,21.92874630896277,12158700
22.268287658691406,22.585194193717268,22.07022242351847,22.432400087119934,13418700
22.228687286376953,22.324891997423087,22.132484734081213,22.25132394294668,7547900
22.132471084594727,22.347514871885014,22.104176360707623,22.25697046019685,7004600
22.04192543029785,22.177740960799003,21.98533382696493,22.172082879840175,7633400
22.172096252441406,22.307911864856685,21.996665414425575,22.183414579934386,8004300
22.166425704956055,22.234335638345076,22.013633751703832,22.030610155676474,11168600
22.160768508911133,22.160768508911133,22.041929358854564,22.070224086189558,8794300
21.770292282104492,21.93440253543706,21.730679239015707,21.7872686837857,14141300
21.657114028930664,21.974020573290556,21.57222769207111,21.787271495699223,14438700
21.4024715423584,21.696741639902143,21.38549512709167,21.617515490323186,14942800
21.17609977722168,21.493006392306263,21.091215580167567,21.44773525229401,14346300
21.24966812133789,21.4194386766965,21.023308100442986,21.17610008914092,13073300
21.25533103942871,21.33455716465488,21.08555830394405,21.306262428324107,10883200
21.334552764892578,21.391142225883847,21.24966641465611,21.37982390193568,6854700
21.328895568847656,21.385487196668546,21.277964183183794,21.33455581100468,3143500
21.113855361938477,21.425101781478574,21.00067425699207,21.32889708671162,10747600
21.30626106262207,21.33455579713919,20.97237801432036,21.040285808911424,13032200
21.662776947021484,21.662776947021484,21.37416722301323,21.39114363067557,11122800
21.75331687927246,21.855179621643472,21.617501328610615,21.64579605510273,8238200
21.53827667236328,21.798591627510884,21.498663620873405,21.719365524531124,10918000
21.57222557067871,21.74199606895353,21.37416034914959,21.476023079864284,10695800
21.39680290222168,21.67409428896552,21.391142660757744,21.617504826823804,8779000
21.24966812133789,21.40812251058903,21.238349796480684,21.396804185731824,11421600
21.328895568847656,21.442076665739567,21.079898882685356,21.079898882685356,10360900
21.294939041137695,21.42509652432635,21.21571293474021,21.311915447151588,8579000
21.64579963684082,21.730685989112587,21.459050525342768,21.504323822220943,14880100
21.923091888427734,21.957044700331284,21.674093087804465,21.685411411355474,12084600
22.08720588684082,22.211705308029728,21.934411731404396,21.95704838230235,13420900
22.03060531616211,22.070218355895868,21.860834837481892,21.957037317192803,11590300
21.798593521118164,21.968364064929524,21.611844411800956,21.61750465321943,14179700
21.843862533569336,22.00231689662719,21.79859140037379,21.843862533569336,8837800
22.109844207763672,22.211706985748634,21.86650558910515,21.8721658316321,8686400
22.08720588684082,22.200386982580753,21.95704838230235,22.04193474379476,9282700
22.160768508911133,22.34185735435428,22.126813540859548,22.138131863543407,8556100
22.075897216796875,22.234351683636447,22.030626053950417,22.18342027621494,5639800
22.189075469970703,22.240006870753938,22.041941511458305,22.053259840382413,5420000
22.160768508911133,22.160768508911133,22.036269118137973,22.075882168156827,6008200
22.11549949645996,22.251315064184137,22.098520931432294,22.160770632784846,4745700
22.075897216796875,22.166441701240576,22.04194438434973,22.11551245256986,5754000
22.15511131286621,22.46069740255275,22.075883050911056,22.34185824774413,14957900
21.92677116394043,22.297831689084354,21.875393586269144,22.25216176330458,11360900
21.972442626953125,22.217910873376095,21.91535521573447,22.03523551280054,9770200
22.098024368286133,22.25215706878272,22.058064280490147,22.13227680539475,9115900
21.921062469482422,22.189365648861354,21.915352640200553,22.086610498405825,9971200
21.846845626831055,21.983851015329254,21.721255539323217,21.846845626831055,9284500
21.635622024536133,21.835422404229462,21.635622024536133,21.74979242569757,8966300
21.68699836730957,21.70983113967269,21.447235747380912,21.692706015985177,9075900
21.561420440673828,21.909646002480887,21.527167996382964,21.69271821062926,9646600
21.584251403808594,21.681296711489928,21.49291374695377,21.567124096006022,7346500
21.921062469482422,21.972440044710186,21.41870419810671,21.527167000182292,9729100
21.60137176513672,21.949597185539186,21.595664115570248,21.698417051393914,15845900
21.26456642150879,21.595666756033868,21.184646251840338,21.57853944991827,15240300
21.036216735839844,21.401569427175858,21.036216735839844,21.264561895717247,14174400
21.053354263305664,21.24744709016839,20.98484937547513,21.041936782000576,12870700
21.041934967041016,21.24173542849167,21.024809835391448,21.11614750029199,9986100
21.024808883666992,21.1218541955039,20.98484661552412,21.007681575131016,14555600
20.979137420654297,21.06476742404808,20.84212985075654,20.904924896223786,9791100
21.121849060058594,21.121849060058594,20.91063117920311,21.053346375554856,15282000
21.31024932861328,21.350209437813973,21.258871734260588,21.281704526901965,14111800
21.407285690307617,21.48720587512556,21.29311306442697,21.407285690307617,14015400
21.418703079223633,21.430120559529126,21.338782894746878,21.40728559891814,13147400
21.34449005126953,21.42441023389361,21.321655091187893,21.390159971432805,10737700
21.5157527923584,21.544297587786495,21.350204738251044,21.373037525866515,10662400
21.675586700439453,21.73267191313472,21.464366622612154,21.521454012968697,9438000
21.555706024169922,21.687005943847236,21.515745936498202,21.647043678514063,7579200
21.407285690307617,21.54429327689674,21.378743078252885,21.47008074342506,7084500
21.378740310668945,21.498620572376762,21.344487874040382,21.441535355657255,8872600
21.395854949951172,21.452942316342668,21.20176225954081,21.29309986810684,10676700
21.407285690307617,21.44724578271659,21.27598793272647,21.44724578271659,6686000
21.435829162597656,21.550001793060133,21.378743936197314,21.50433186981042,8145300
21.31024932861328,21.36733457671066,21.224619278804585,21.315956982357967,9579800
20.996261596679688,21.33306958898417,20.996261596679688,21.28169202481361,12155800
20.84213638305664,20.98485164833484,20.72225608286187,20.92205876084862,17789700
20.511035919189453,20.91063905501361,20.493910786028756,20.842134167047025,14882000
20.82501220703125,20.882099622368585,20.550999146398738,20.653754316343708,12550200
20.939191818237305,21.059072163789175,20.807893985823885,20.84785410100784,9123400
21.104732513427734,21.16752757377746,20.922057162044144,20.939182295716993,8776200
20.86496925354004,21.1332746221802,20.847844120277703,21.10473200752233,11403900
21.173233032226562,21.315948271813514,21.05335275361234,21.12185545886879,10170900
21.116147994995117,21.361616205815952,21.04764311146852,21.121855646458123,9392100
21.12757682800293,21.224624386317238,20.95061120971831,21.207499243299537,8372400
21.412981033325195,21.57282348874425,21.19034573854417,21.264558229358,12698300
21.315959930419922,21.43584027460181,21.298834789154775,21.41300530113966,11265600
21.087594985961914,21.281687724984234,21.070469860585533,21.253145123469963,9934400
20.81929588317871,21.019096309487765,20.7450833629805,20.967718745913817,17648000
20.75650405883789,20.893509464498596,20.716543967381714,20.825006761668245,11903100
20.613794326782227,20.767927082539693,20.550999258400044,20.69942218376155,9297300
20.807880401611328,20.830715360426865,20.471072380897553,20.613787607002347,13097500
20.69371223449707,20.933472820625898,20.65945978890924,20.84213514338701,8607000
20.69371223449707,20.77934225963565,20.579539593532964,20.693712234497074,13404700
20.63662338256836,20.71083373516363,20.493908150815223,20.67658347324631,9034600
20.556703567504883,20.693711165114113,20.44824076190808,20.64233358821839,18106400
20.431106567382812,20.522444199392304,20.26555642884657,20.482484121491957,11448100
20.01438331604004,20.550991761407563,19.95729592121704,20.550991761407563,14833000
19.94017219543457,20.14568247594287,19.911629584844327,20.014384725098477,17485800
19.94017219543457,20.065762295225554,19.905919756129318,20.03721750697371,11987900
19.894493103027344,20.02579297099108,19.825990433664966,19.94016300104266,8804800
19.740373611450195,20.0372194028698,19.591948538078586,19.780333705589825,14720400
19.951589584350586,19.96871471509443,19.67757660414114,19.70611921460141,11279800
19.75177764892578,19.940162708988883,19.711817577577953,19.923037586314262,13312200
19.55198860168457,20.042929393831592,19.3179356865519,19.86025405410179,20140200
19.47126579284668,19.57505121592521,19.229099072498077,19.41360600252744,15639300
19.938302993774414,20.04208623191623,19.586585921722257,19.603882761496493,15200900
19.995956420898438,20.12857063032501,19.96136054907135,20.036317171615398,10676000
20.065155029296875,20.23813006758021,19.990198372891882,20.036326222832475,8304500
19.892168045043945,20.151631546400164,19.892168045043945,20.09973884612892,6360800
19.961366653442383,20.070919181315695,19.932537851185003,19.990195455699762,7172800
20.203527450561523,20.295780910173843,19.748025031446215,19.961360744394206,14425600
19.932533264160156,20.232357577531634,19.892172510388622,20.209293661234724,11500600
19.713430404663086,19.955597126129124,19.713430404663086,19.932533209895002,11012300
19.563514709472656,20.007485093978147,19.54045079870717,19.74802159660538,15012100
19.972896575927734,20.13433961169042,19.724964942722806,19.74802886197359,16011300
20.151636123657227,20.2727183852943,19.99595798748265,20.02478678318251,10932200
20.042085647583008,20.687862173947785,20.02478880831307,20.543715981374703,25470000
20.203527450561523,20.27848187434305,19.788385782558105,20.19199549317299,16555800
20.105506896972656,20.28424893711291,19.926767056328377,20.0478493095705,13476600
20.278480529785156,20.29577956446894,20.117037536042016,20.168930241101716,9174600
20.226591110229492,20.428394863243682,20.203527195743312,20.28424869694899,8410100
20.4687557220459,20.61290188910256,20.163166551724483,20.226591217148766,11456900
20.191993713378906,20.474518946259366,20.18046175700684,20.353436703596312,12987700
20.462984085083008,20.46874896208316,20.134328909198455,20.19775355367626,14205800
20.509117126464844,20.52641396322417,20.24965357759485,20.514884205048638,10170400
20.4687557220459,20.653262639918747,20.336141512293285,20.514883551262088,12748700
20.814720153808594,20.855080932761606,20.439941177888116,20.4745348744207,12880000
20.699386596679688,20.86659444756713,20.480283847884586,20.843532736769394,8286700
20.532184600830078,20.785881115091705,20.46875992239057,20.757052315663678,7313800
20.733985900878906,20.75704981744403,20.491821375433542,20.503353333716102,6858100
20.261188507080078,20.537948933303287,20.180466991035352,20.526416973940275,13667900
20.353443145751953,20.434164666410172,20.099746623755202,20.261189665071637,9091900
20.08245277404785,20.405338904763294,19.96713535615085,20.382274981284535,11278100
19.869115829467773,20.082453833657453,19.667311987122854,20.082453833657453,13913000
20.03055191040039,20.134335124908826,19.90946746106471,19.94406333223146,10447100
20.301542282104492,20.330371070847782,19.89216776326125,19.897932641211668,11668100
20.785873413085938,20.814702201831736,20.445688427096094,20.526409915382565,14821100
20.866594314575195,20.93001896772972,20.64749376667206,20.659025721745206,10298500
20.79164695739746,20.906962148247352,20.705158364763765,20.866601391550635,7475100
20.705156326293945,20.75704903686595,20.595606025973513,20.699391447117527,7940900
20.69361686706543,20.757041512495075,20.561002699119477,20.73974468173981,6290700
20.705156326293945,20.75704903686595,20.584074068124615,20.635966778696623,5064800
20.722450256347656,20.808938828333627,20.595603136796182,20.780110037503555,5880200
20.64173126220703,20.780112554245207,20.589838552629715,20.728219844667894,6003700
20.61290740966797,20.757053615329983,20.549482727257235,20.659035251238155,7597500
20.61867332458496,21.045347082529847,20.503358113867055,20.503358113867055,12206800
20.607145309448242,20.63020703384818,20.186236396570965,20.324617740454798,15578700
20.49759292602539,20.67056795756842,20.416871391271766,20.5379536934022,8616400
20.474517822265625,20.520645645221613,20.295778007050323,20.451456110283292,5933100
20.45722770690918,20.722456177524705,20.439930867367938,20.480291625961762,8578500
20.56678009033203,20.647503815129607,20.457229763065943,20.49759052571643,7721800
20.4687557220459,20.58407309559042,20.35920542690138,20.480287679349946,7090400
20.42840003967285,20.54948232216286,20.318849717348055,20.52641840183243,6504700
20.4687557220459,20.618666768006605,20.336141512293285,20.347673469597332,7127600
20.526409149169922,20.60136575670748,20.405326921259984,20.4399227861609,5900100
20.589841842651367,20.69939435787317,20.53218424479511,20.60714088160534,9128200
20.699386596679688,20.785872961036183,20.5321765462967,20.561005334415533,9775400
20.803171157836914,20.872360686441866,20.68785381049836,20.866593609352435,15436700
20.785873413085938,20.86659490137241,20.641727269861352,20.699387046848543,8378700
20.780115127563477,20.83777272334677,20.69939361366835,20.78588000734329,5783400
20.906965255737305,21.004985821924453,20.79165004774763,20.872371573139045,9192700
20.716691970825195,21.004984369863124,20.710924891126425,20.999217290164353,10695500
20.509117126464844,20.774345554422606,20.41109878550064,20.69939112880152,12273900
20.520645141601562,20.62443054120976,20.480284397253442,20.514880263621375,8561800
20.710922241210938,20.710922241210938,20.537947263819227,20.62443585226317,5892400
20.733985900878906,20.814707409360693,20.687860267244805,20.745517859161467,6204900
20.364978790283203,20.75705670398489,20.364978790283207,20.589846552656876,10788500
20.411548614501953,20.551272740908868,20.382437385698477,20.50469877239821,10686600
20.35915184020996,20.539629024802338,20.26600168081148,20.376616801073745,7921200
20.14373779296875,20.46394350824439,20.044766732519705,20.37661427301018,10760500
20.062236785888672,20.143742908338698,19.96908661439217,20.143742908338698,10625900
20.266002655029297,20.39408274231235,20.085523240886015,20.149564394965086,9587000
20.35332489013672,20.56873639782099,20.23106574526158,20.265997881315005,8455100
20.52216148376465,20.58037949324105,20.295108137582098,20.3533261470585,14462200
20.661884307861328,20.708458263360413,20.475581823242,20.522157999615413,11108900
20.778318405151367,20.877291660448424,20.65605928467335,20.755032539970404,8773400
20.877302169799805,20.929699279362683,20.72593175511805,20.77832886468093,7631300
20.67352867126465,20.778322860106705,20.59784570667007,20.766678814582633,8386100
20.498876571655273,20.789971105944755,20.43483541877158,20.673532848053952,12573900
20.469768524169922,20.673533819396415,20.283468191141367,20.504700669440957,13308600
20.60948944091797,20.78414567939194,20.37661297570297,20.78414567939194,9322000
20.72592544555664,20.72592544555664,20.562913252486673,20.60948943386356,6976600
20.632789611816406,20.725939818292115,20.51635351937885,20.696830795182727,5979400
20.59202766418457,20.755042120947053,20.557097739851656,20.749218986308133,6473500
20.580385208129883,20.685179430987073,20.417372959629944,20.67935851677293,8414600
20.644424438476562,20.66189162123635,20.48141220521931,20.586206418277577,7518400
20.45812225341797,20.638601653067113,20.440657293117212,20.638601653067113,8494900
20.551271438598633,20.632777543983543,20.46394442034686,20.562915485207164,7263000
20.69682502746582,20.749222142811323,20.551277731603367,20.65025104764509,6646600
20.731746673583984,20.75503476213244,20.621129363416017,20.7026376733356,9788200
20.644424438476562,20.679356583121024,20.58038328373261,20.621136342046924,9565300
20.52216148376465,20.667708728330354,20.498873391624205,20.58037949324105,9288400
20.370792388916016,20.62695472804539,20.341681164643123,20.55709267571458,5770300
20.394079208374023,20.562914545167157,20.32421715279141,20.417367300526465,5923500
20.26018524169922,20.586212017768776,20.16121413626558,20.52799176085865,9726700
20.266002655029297,20.35915281890565,20.062235144698153,20.26017952054479,9605300
19.97491455078125,20.20196800957676,19.963270498935866,20.167035854040602,8664400
20.172849655151367,20.25435575947525,19.939973167761902,19.951617214218853,7604000
20.132097244262695,20.370794652046545,20.09716510377914,20.178671210699257,8645900
20.062236785888672,20.207784067656654,20.027306859624527,20.172854141392513,11000800
20.178672790527344,20.242713942657012,20.015660563924563,20.06223453400749,6676300
20.108810424804688,20.260178601408537,20.09716637723901,20.260178601408537,6186900
20.091341018676758,20.24853231209806,20.033123008168754,20.137917203782955,6593100
19.998191833496094,20.178671228171805,19.974905960695075,20.09134198732472,7900100
19.70710563659668,20.137926667798595,19.689640669411396,19.974914385067173,13530100
19.864290237426758,19.899222380774017,19.71292205800536,19.788607258153576,6982000
19.59065818786621,19.905038519072583,19.57901414287716,19.875929517037207,9644200
19.742027282714844,19.846821471793806,19.43346784869046,19.462576852129146,7483200
19.549911499023438,19.63723853353078,19.392720171859956,19.631417619580375,8907800
19.730390548706055,19.747855513066384,19.421831000337964,19.555734242476483,10076800
19.82935905456543,19.957439130280992,19.63141469659605,19.648879656722062,9768700
19.85847282409668,20.038950044346336,19.835184724427236,19.957443916378697,7100200
20.126283645629883,20.143748613708603,19.939983249870505,19.939983249870505,7289600
20.31257438659668,20.324218433406582,20.161206219817622,20.318397520439053,10212300
20.16702651977539,20.34168277486529,20.091341328249015,20.34168277486529,9160300
20.271825790405273,20.318401987885686,20.14956660333219,20.16121065270229,9107300
20.126283645629883,20.312584041389258,20.08553057286226,20.254366000542912,9714100
19.881755828857422,20.079700183571553,19.881755828857422,20.027303083180318,13029900
19.93415641784668,20.07970369764123,19.899224271180902,20.027306588080183,8136800
19.87010955810547,20.044765799570108,19.82353337591511,19.99818961737975,8574400
20.370792388916016,20.376613301245833,19.922506629783655,19.928327542113472,19557400
20.13791847229004,20.34750687672062,20.038945183142317,20.306753822622994,10208200
20.102985382080078,20.347505915995466,20.056411417113914,20.09716446928735,12550200
19.800254821777344,19.99819924967874,19.747857702012983,19.963269317086283,10551200
19.939977645874023,20.021483768502513,19.672171179844614,19.736212339302792,8108600
19.835172653198242,19.95743177074562,19.742022532084896,19.92250186337441,9615200
19.747852325439453,19.939975785892905,19.730387363898252,19.939975785892905,9849000
19.724565505981445,19.875933680799868,19.643059394858064,19.823536577809843,8734600
19.747852325439453,19.94579669944828,19.65470216242795,19.730387363898252,8838600
19.998191833496094,20.01565901419042,19.50333205769555,19.70709732517228,10701100
19.753671646118164,19.969080940080097,19.666342413522294,19.92832789043526,10533700
19.864290237426758,20.044769646741717,19.64888090563957,19.90504329422771,14619200
19.758432388305664,20.158305622353314,19.73491214877089,20.06421793453195,14992300
19.670225143432617,19.905443225834514,19.664343401516888,19.834878025436673,11652000
19.793724060058594,19.981899511257843,19.65259135004499,19.705515835896552,12637200
19.934856414794922,20.034823640050526,19.840768690872117,19.923095168901035,9923000
19.711393356323242,20.023058459975477,19.705511612917817,19.993656472631884,6499600
19.587909698486328,19.79960541851938,19.470299469648943,19.69375868011712,10166000
19.56438446044922,19.711396665072467,19.411490511433236,19.493819230333962,15446600
19.846647262573242,19.864288008973624,19.35856567536636,19.3938494113953,13003500
20.04070281982422,20.105386299120042,19.852525152833103,19.981896597880745,11165800
19.993663787841797,20.18772101312061,19.86429230432259,20.117153525803587,8469300
19.85841178894043,20.081871000920827,19.84077103962543,19.981901520602538,8777600
20.422929763793945,20.434691006222252,19.940730040371516,20.081862706283562,19372600
20.434694290161133,20.64051045766293,20.258280111841312,20.517020757161852,18561300
20.658159255981445,20.693440755631745,20.44646128516518,20.44646128516518,15313700
21.02862548828125,21.046268478840336,20.72872156751636,20.734601068883855,14340400
21.00511360168457,21.116842117972332,20.88162159152219,20.993352351039142,10839200
21.22856330871582,21.393218517703446,20.95218186522407,20.999224608343095,16107000
21.187397003173828,21.352052188349166,21.134472522801055,21.228560238660638,10161100
21.428495407104492,21.45201789522087,21.169754767508113,21.29912620892027,12044700
21.534351348876953,21.640200336523574,21.404982108708932,21.463786104855426,14962500
21.669599533081055,21.751928257562554,21.510828315366243,21.63431803724593,19177200
21.875431060791016,22.045965870067278,21.581406455789065,21.58728596086803,12955100
21.810728073120117,22.045948468749295,21.746042352160696,21.910695283164355,10366900
21.940105438232422,21.95774618753732,21.793093212082127,21.816613463412477,11269800
22.15767478942871,22.187076775244382,21.981260631306977,22.0283033599665,8644600
21.957748413085938,22.098881151515425,21.904823916578476,22.01655241221477,7807400
22.181198120117188,22.18707762021314,21.88129202098371,21.963618481693977,11315500
22.53403091430664,22.586955398567056,22.157680023222913,22.19884326173343,16843700
22.49873161315918,22.569299038842303,22.339960513438925,22.445807165510193,8195900
22.422306060791016,22.47523055358708,22.33409782505469,22.33409782505469,8725900
22.187076568603516,22.49286215333951,22.140033840382127,22.35761122526492,10030500
22.234127044677734,22.316453521867963,22.022429107201003,22.292931030319824,10959700
22.3046932220459,22.345856462386763,22.169442254750432,22.169442254750432,9583900
22.363500595092773,22.42230683535796,22.122400618077258,22.34585984462757,14886200
22.240015029907227,22.381147789806082,22.21061302587012,22.34586403902409,10634100
22.463470458984375,22.498751960507,22.06359699138392,22.151802988419217,11501000
22.80453872680664,22.928030717461855,22.428187738519295,22.46935098766142,11983100
22.851577758789062,22.92802473434494,22.786892028951648,22.922142989871585,3775300
22.875106811523438,23.02211906032956,22.78689856494821,22.933910813754327,11353900
22.91037940979004,23.039750856283074,22.81629169685729,22.85157543041758,14807000
22.49287223815918,22.99859469184223,22.475231487570284,22.945670196846823,12823600
22.681047439575195,22.804537178617917,22.58108019651071,22.65164544121674,12194100
22.928030014038086,22.97507276451633,22.575199290921795,22.575199290921795,9823600
22.845693588256836,22.863336576575087,22.681040652139902,22.83393458701535,6495100
22.845693588256836,23.098554736280988,22.810412098076355,23.022110012071277,12369500
22.622236251831055,22.869215651408098,22.534028041566128,22.845693162907054,9663000
22.72808265686035,22.869213085576416,22.59282948476819,22.622233713709445,8597600
23.00446891784668,23.11031788355931,22.728087501355436,22.733967002460272,8492400
23.022113800048828,23.09855853683649,22.869219840016747,23.01623205523231,8013600
23.174999237060547,23.28084818279185,22.93389935916764,22.945660602385313,10624800
23.257326126098633,23.357295573682194,23.08679146113291,23.174999665281476,8511200
23.274967193603516,23.37493438971593,23.17499775426347,23.263205951138353,8737000
23.398466110229492,23.451390600598664,23.31025787853803,23.363182368907204,12066400
23.2867374420166,23.46903342344726,23.222053942052867,23.35142318520905,15601200
23.2867374420166,23.392586432108118,23.180888451925085,23.33966193706236,7655500
23.421985626220703,23.510191603467813,23.286732423297654,23.322016160133433,11624300
23.551349639892578,23.586633368935516,23.4396211960982,23.48666392492772,10147300
23.63956069946289,23.768929901808637,23.52782999892992,23.592515721716797,7005900
23.58075714111328,23.85126130725519,23.504312408482203,23.757173584362256,7752400
23.46902847290039,23.657203917096393,23.416103989018502,23.58663868632995,9526900
23.439624786376953,23.55135324728493,23.404341051929556,23.439624786376953,7390000
23.339656829833984,23.398463057699352,23.216167116159042,23.351418075407057,8567500
23.633682250976562,23.733651721012183,23.110319138330528,23.421986551285514,12838600
23.49728012084961,23.80567478890726,23.378666438924697,23.59217061391598,13491500
23.568445205688477,23.609959647112706,23.426108361971558,23.49134598774317,8109400
23.734506607055664,23.86498187858519,23.455764804194477,23.675198637102362,7966900
24.119993209838867,24.14964831982583,23.651472787766075,23.651472787766075,16575200
24.15557098388672,24.16743257197045,23.76414762658996,24.019166114473702,16614800
24.13779640197754,24.23861657676356,24.08442034992371,24.15558766520609,12332300
23.692989349365234,23.97172885680115,23.663336499089176,23.870908713389053,12230000
23.675199508666992,23.740437146833376,23.515073639817622,23.592170610043524,10961200
23.55065155029297,23.615889175687983,23.372732193449437,23.414246634634015,9941100
23.29564094543457,23.550659607020727,23.099930264663875,23.194820771600483,17813100
23.165164947509766,23.408321981811607,23.010966479493266,23.33122274780336,12091800
22.56615447998047,23.022815442607417,22.4653343743654,23.016885779722195,20902400
22.696636199951172,22.951654762159286,22.518716851574347,22.619536986119886,13172300
22.60173797607422,22.850824525874863,22.589876388602786,22.6966284134792,9781500
22.821176528930664,22.939790166437398,22.572089926296794,22.631395613866676,14248700
23.4794864654541,23.609961728499655,22.957587675639466,22.957587675639466,16187900
23.574365615844727,23.746355241293063,23.23038636494806,23.277832715016494,12929400
23.633676528930664,23.704846069806425,23.378657996710004,23.437965947439807,8701700
23.574365615844727,23.83531375412164,23.56843595326942,23.74042331635126,15582100
23.651479721069336,23.85312231130794,23.526934104769083,23.651479721069336,11429800
23.716711044311523,23.817531181388663,23.479483732274126,23.651473420382874,10309100
23.443897247314453,23.7819446717798,23.36680029953615,23.39645314578682,10440700
23.390520095825195,23.485410556690667,23.313423151749344,23.36679917738411,6591800
23.283771514892578,23.485414057081456,23.159228190637872,23.24818900074402,8590500
23.48541831970215,23.497279914027015,23.277846074936456,23.29563733523986,10065200
23.586233139038086,23.740429290832285,23.390520289302728,23.443896315379003,8496300
23.675199508666992,23.71078429194897,23.301569464861387,23.49728011699273,8790500
23.586233139038086,23.906489295495724,23.491342677387717,23.586233139038086,7791600
23.781949996948242,23.91835719250599,23.515072058566734,23.521001724197756,12904100
23.91242027282715,24.01917233084249,23.704848083556865,23.704848083556865,12685700
24.208961486816406,24.208961486816406,23.864984276003074,23.989527631864732,11572000
24.185237884521484,24.208961074481916,23.959874367001124,24.114070577008103,11518600
24.13779640197754,24.286062961863927,24.04883556109844,24.0962819461988,7324500
24.558855056762695,24.641883908032447,24.161502050724163,24.250460564641816,13151400
24.38094711303711,24.65375696913206,24.315709481717107,24.469905668354556,8739500
24.70713233947754,24.807954747620006,24.238609602085955,24.28012404591888,9294300
24.659683227539062,24.87911699504774,24.64188971067232,24.64188971067232,8541700
24.39873695373535,24.671546793976415,24.297916811094392,24.665617128913542,11716200
24.68933868408203,24.873187699671455,24.392805678429625,24.410596934811235,10527700
24.70713233947754,24.813884412867203,24.53514263653113,24.689341081368433,10939800
24.665618896484375,24.96215194296177,24.570728412106316,24.61224285762374,12290600
24.57072639465332,24.79609212493474,24.398736698849934,24.6003792443928,9777800
24.600374221801758,24.707126268962554,24.327564440109473,24.327564440109473,9441300
24.671552658081055,24.75458382526881,24.434327538934262,24.60631727741407,9147100
24.34536361694336,24.754580685026713,24.291987575991953,24.612243821700396,9767500
24.392807006835938,24.552935110092715,24.238608568573518,24.35129256477315,11175700
24.35128402709961,24.600370592145417,24.30383767430996,24.582579341032606,10626100
24.541072845458984,24.61224013527886,24.46397362843983,24.46990329327176,16221500
24.44618034362793,24.517347627544076,24.30977544013566,24.410595570486272,14011200
24.505483627319336,24.630026927520312,24.469898857676082,24.564789314357817,10045600
24.552932739257812,24.612238432944537,24.463971936360533,24.523277630047257,13042300
24.582576751708984,24.641882424082663,24.40465747222157,24.499547905439282,9418000
24.434314727783203,24.736777331380846,24.339424277402887,24.47582915842667,13473600
24.938432693481445,25.027393526416578,24.315713650039395,24.42839541103833,13516100
24.932498931884766,25.02738941565806,24.80202366830864,24.938428597334777,12986800
24.96807861328125,25.163791486415086,24.855396883589467,24.90284325127064,7212800
24.97402000427246,25.027396056956846,24.77830705697366,24.82575344263453,7836200
24.647817611694336,25.02737939481276,24.61223284613948,24.867251343365922,15562700
24.718996047973633,24.95622340078045,24.49956221716634,24.74864890148256,7822900
24.630037307739258,24.932502321262092,24.386880268616935,24.63596923636326,9323500
24.695268630981445,24.873187983932766,24.61223975042865,24.77829751153424,10371300
24.867263793945312,25.181588128772887,24.837610938986302,24.87912538840248,10872900
25.273839950561523,25.387442856411205,24.81344562549348,24.87323614839073,14008500
25.435285568237305,25.50703467577572,25.136328292487068,25.214055541960764,9494600
25.285797119140625,25.39342187911993,25.12435997917167,25.345587638745965,6226600
24.933027267456055,25.37548258106896,24.891173448083535,25.261879682895287,10753900
25.04066276550293,25.267868659294113,24.927057537744272,25.070558037753027,7409300
24.879220962524414,25.321676384165002,24.80149144434223,25.112407236208327,8828400
25.052610397338867,25.100442355892007,24.9330270796629,25.01075657828159,5873900
25.226015090942383,25.363535169449577,25.058599739866334,25.088495012435185,6554700
25.112411499023438,25.3396196702753,25.0107671187226,25.279826845807424,7986200
25.471155166625977,25.560843248263193,25.15426123166976,25.243949313306977,11079200
25.483102798461914,25.704332696705983,25.291770435180663,25.351563224244607,9448100
25.471155166625977,25.680426596825264,25.339615535984098,25.411364632776277,8435900
25.411365509033203,25.638573651049658,25.351574973121753,25.638573651049658,13733100
25.518997192382812,25.578787744446824,25.20808130375055,25.417350516837956,9475900
25.24393653869629,25.6026841219768,25.178165616227176,25.42928846835123,11649000
25.50701904296875,25.554853272586268,25.2080619504441,25.345581939302047,10647800
26.278337478637695,26.344108425429397,25.429297872295745,25.507027380400697,17465000
27.133346557617188,27.444262209854465,26.36801484408635,26.36801484408635,28234900
26.77460479736328,27.258916258872635,26.744709534992598,27.13335478839839,16235100
27.205102920532227,27.21108106045186,26.85233336285567,26.90614574558132,12964500
27.18118667602539,27.324687128210698,27.037688504702395,27.258916182661697,15589600
27.318714141845703,27.390465527896183,27.20511120189351,27.211089343632917,10550700
27.892704010009766,27.982389789716496,27.318704527920932,27.450246408525352,17297800
27.563846588134766,27.892701257190097,27.527973192137388,27.862803719376412,10283900
27.516010284423828,27.71332077381124,27.414363689818188,27.4681760561714,7931000
27.45623207092285,27.575815424158716,27.211087223177564,27.3486095619596,7213600
26.995830535888672,27.480139640811892,26.882225363435506,27.456222522309968,10532900
26.499555587768555,26.8822202881049,26.46367991678895,26.87624215003906,18204900
26.631103515625,26.75666497143602,26.457707820917182,26.50554205981398,11229400
26.499555587768555,26.786554113020813,26.385952717625432,26.666970823950322,8263600
25.85979652404785,26.338127564273965,25.764130316002632,26.18864897164941,13005200
25.55485725402832,25.955458725611418,25.52495971542854,25.88370965086826,10905200
25.560836791992188,25.74021062909691,25.41135821426124,25.650524850975593,13351300
25.49506187438965,25.68041610296215,25.31568806527592,25.560832803265754,14742200
25.214052200317383,25.644551350219405,25.18415693287701,25.554865547898284,13249400
25.202083587646484,25.399394080906873,24.867250825891734,25.172186053971092,12944000
25.620628356933594,25.65052589839029,25.30373448907979,25.501047314555525,9902400
25.84783363342285,25.937521686319762,25.680418367601344,25.770104139636324,7918100
25.375486373901367,25.704341119356076,25.37548637390137,25.650528731996438,8680900
25.49506187438965,25.69237466101796,25.214041462232377,25.50702043244546,11348000
26.057109832763672,26.116900358550787,25.554861661219913,25.56083980145368,9034900
26.194629669189453,26.42781591120767,26.02721209269605,26.188649248138436,9637700
25.6923885345459,26.266385946005045,25.656512841006094,26.104948746370354,7867200
25.339614868164062,25.817945968943363,25.118384880852776,25.692384482650535,12679200
25.26188850402832,25.572804328550678,25.190139400173283,25.33363760788336,9958000
25.32167625427246,25.41136433485819,24.663971266185893,25.11240710738927,14402700
25.17219352722168,25.46517256584591,25.12436156469131,25.32167211653027,8106100
24.87323760986328,25.249924312663193,24.8672594695672,25.172194803639826,9059600
24.233470916748047,25.040656759061328,24.119867997102112,24.723760562806845,16522300
23.898645401000977,24.42480856514913,23.515980452215768,24.299247056490803,16879100
24.27532196044922,24.40686384874915,23.91657425891047,23.97636478221284,18481200
24.012231826782227,24.33510601053681,23.92254379322992,24.275313227881455,15754500
23.886676788330078,24.19161207835279,23.767093471921584,24.018216383603576,9087100
24.209556579589844,24.382950033021004,23.940494626524156,24.000285157933167,11176100
24.640050888061523,24.78952948206461,23.976365565749855,23.99430454801661,15242300
24.55632781982422,24.91507530780554,24.514474022255094,24.586223063679178,10466300
24.436756134033203,24.6938594584706,23.826883291009285,24.41284129614241,9954700
24.813453674316406,24.813453674316406,24.28131009298601,24.317183506015844,11183300
24.41881561279297,24.85529269782458,24.329127571941125,24.329127571941125,14116000
24.675933837890625,24.699850967380797,24.47862094089122,24.616141014165198,8540100
25.518997192382812,25.626622010788722,24.879228705671753,24.921082548289238,17320000
25.112411499023438,25.704347916508727,25.112411499023438,25.668472221828,16247700
25.84178924560547,25.84178924560547,25.317358884004815,25.34749813706644,6828300
25.56449317932129,25.841777864532457,25.341460045518968,25.841777864532457,10451000
25.588607788085938,25.721220914952944,25.48010467552769,25.55846854559238,10831500
25.56449317932129,25.769443229146194,25.49215854393503,25.588605490942243,6736400
25.6669864654541,25.733291917400866,25.576566386333216,25.642874137758113,5332100
25.84178924560547,25.914126212326508,25.407778942667306,25.534365185212703,8814500
25.468053817749023,26.058791831548888,25.449970728385722,25.847814790719397,7025300
24.94964599609375,25.29323842937372,24.841142880376196,25.287211500490244,11099000
24.64826011657715,25.021991962339033,24.479478437744927,24.865266446205958,10439300
24.551803588867188,24.67838979887851,24.352882730203255,24.600028220953607,10806600
24.539745330810547,24.780863871654432,24.425215288621953,24.684416915212243,10760800
25.95029067993164,25.956319909831777,25.160631724345798,25.25707870745084,27046400
25.90809440612793,26.143183775903626,25.769452016246813,25.95028981611447,16362600
26.01057243347168,26.203466406741235,25.79356613867404,26.022626294758176,15203300
26.643503189086914,26.733920936309552,26.13112675691608,26.161268305467598,12629200
26.902698516845703,27.04134086942716,26.528964558259062,26.613357655004823,12536000
26.91477394104004,27.029304062254404,26.74598992619764,26.824353850964528,14170000
26.944904327392578,27.107659056220818,26.643507192409388,26.93284816605593,13841100
27.41507339477539,27.45124186595211,27.005173252679942,27.053397880915565,14184400
27.499465942382812,27.553717502857314,27.149846563362548,27.186012737360898,14621600
27.433162689208984,27.601946626755456,27.276437210927284,27.601946626755456,13402300
27.42110252380371,27.674274922693968,27.246291696297487,27.668247993924744,11051900
27.523574829101562,27.607965623886805,27.18600935048388,27.216150891030065,9045400
27.19806671142578,27.78880460056334,26.595272665431118,27.70441380204037,14113100
27.288490295410156,27.324658770696363,27.02928863788509,27.125735605837875,5925500
27.119707107543945,27.55974651709049,27.089565563477183,27.41507492379171,11025900
26.733924865722656,27.354804525400805,26.721871003903114,27.198076728015003,10452800
26.55308723449707,26.733925056288662,26.32402476717297,26.673646548850684,10392300
26.480745315551758,26.613360754979915,26.221543665475107,26.553079964568468,6868600
26.45663070678711,26.82433544826387,26.34812759292587,26.70377617736507,6985600
27.14984703063965,27.192042434015267,26.613360645312166,26.613360645312166,11078300
27.4090633392334,27.51756652008218,27.1980839100371,27.390977942773098,8814800
27.40302276611328,27.535638221038788,27.27643654067201,27.294519630170104,6163700
27.553726196289062,27.553726196289062,27.288497538885725,27.535643103584523,9213600
27.40302276611328,27.48741358307413,27.324661178636667,27.37288351712402,5649000
27.336713790893555,27.481385398706838,27.192044482557474,27.28849145460726,6252400
27.439186096191406,27.51152074008899,27.22217986502178,27.24629217947993,8730200
27.5356388092041,27.71044967634402,27.505499559571064,27.54769496895279,8682800
27.439186096191406,27.541659983423248,27.30657066614844,27.535633054547144,4450900
27.740596771240234,27.752652934398498,27.31261332677282,27.36686491124601,7324900
27.71044158935547,27.740580830192698,27.378903041715876,27.65619003605778,8050800
27.565780639648438,27.770730775609593,27.54769754807108,27.6622276271903,8596400
27.523574829101562,27.65016102127943,27.47535250328572,27.54768714174783,6245400
27.565780639648438,27.668256857367798,27.31863509035507,27.638115305435445,6703300
27.60796546936035,27.692356263673247,27.39095925571194,27.5115185187918,6134000
27.656190872192383,27.75866475403242,27.415072339251388,27.517548520568173,7126400
27.246292114257812,27.674275347219588,27.204096713795487,27.66221919001937,7278400
27.282466888427734,27.390970037963395,26.932847417295392,27.12574139436377,7728200
27.360824584960938,27.481383868178128,27.198069897539288,27.481383868178128,7173200
27.73456573486328,27.74059496578901,27.30055538680259,27.360833899192787,11555700
27.96964454650879,28.168565385195016,27.56577134151575,27.73455293791337,11745700
28.029926300048828,28.066094774699344,27.78880773466619,27.975674737811588,7622400
28.301183700561523,28.54229996296831,28.186651348902053,28.246932139111518,15421000
28.07816505432129,28.301198344810704,28.011857300518926,28.150499740524683,11125300
28.210763931274414,28.240903176925123,27.861144542667464,28.168568527468004,6768700
28.46393394470215,28.62668860366338,28.301179285740915,28.301179285740915,9084200
28.216794967651367,28.54230206079882,28.132401855155305,28.37954966396369,7782700
28.222835540771484,28.29517022983015,28.03596843626843,28.150500851712817,6046700
28.277076721191406,28.51216609868402,28.18062973813091,28.39763602488639,15329800
28.271053314208984,28.301192569019637,27.96362693649818,28.277080245380017,12381400
28.234874725341797,28.457907890505,28.102259292255983,28.204735481316,8884200
28.42174530029297,28.52421920279386,28.271046761690094,28.331325257340357,6165100
28.307205200195312,28.60860219500014,28.234870565295594,28.421737529886162,10115300
28.252965927124023,28.530253030448126,28.174604330044083,28.30721750174422,7382800
28.78341293334961,28.885886807583457,28.295148975150333,28.301178202738544,11801200
28.831995010375977,28.86235040524862,28.504151187427823,28.56486197717311,20650500
28.78342628479004,28.81378168151773,28.534508326073663,28.71057286944992,12915100
28.44951057434082,28.655930502004885,28.40094008972896,28.595217396240056,10748900
28.60128402709961,28.66199480450481,28.346293666868814,28.4495047676189,7252800
28.856281280517578,28.935207169106807,28.589150532328155,28.710574441857325,14164900
28.923063278198242,28.95949114425006,28.637717450713183,28.716643335841287,10288100
29.299463272094727,29.487670362168046,28.868410789246926,28.959479259016977,14979300
29.238765716552734,29.420900422436237,28.983777591509522,29.153769674871665,7298000
28.977689743041992,29.202322350547593,28.83805313210785,29.129468970053086,7330200
29.13555335998535,29.269117559559408,28.534506356013544,28.56486175064546,8880100
28.66199493408203,29.141617952041635,28.297725636068595,29.044479318173536,21532700
28.45558738708496,28.6620073630625,28.15202873511615,28.6620073630625,11986700
28.60735511779785,28.613427585318387,28.255228428543457,28.461648320853886,10979200
28.771297454833984,28.819867965655906,28.425240671120786,28.431313142958242,8838300
28.619491577148438,28.661989576774307,28.38271634609938,28.576993577522572,13431500
28.698434829711914,28.8380715297291,28.485942386753752,28.716647607462818,9021700
29.00196647644043,29.11124767314196,28.722693336410536,28.746976245481353,7644300
28.71056365966797,28.965551689547432,28.631637800719172,28.88055567958761,7112500
28.807716369628906,28.94128060086957,28.583083616933,28.74093309602422,10222600
28.80162811279297,29.190184917518142,28.79555796214188,29.008047974441446,12564200
28.49199104309082,29.032324613798746,28.358424608635648,28.9898266239206,11490200
28.473804473876953,28.583085781511567,28.346308070990652,28.492017253159762,7059000
28.46772003173828,28.686282555093864,28.23094473675904,28.625571772369717,7984100
28.92913246154785,28.971630475797397,28.56486079030706,28.643786666471108,8633700
28.831995010375977,29.141623743626006,28.819852389233287,28.838065162963236,8535500
28.923063278198242,29.080915048454447,28.655932541723264,28.831997087021207,7511200
28.680208206176758,28.98983685830782,28.64378035229234,28.929126084468027,6836700
28.90485191345215,28.90485191345215,28.72271720624321,28.807713248542818,5849900
28.935190200805664,29.07482680428895,28.7530556013043,28.777340832162373,7664600
28.989837646484375,29.026265501359198,28.57092773727829,28.831988240628753,8276800
28.807716369628906,28.94128060086957,28.528442967253596,28.88056979721188,11340700
29.050540924072266,29.129466764613248,28.759125108190602,28.83805094873158,8192500
28.935190200805664,29.135539881434127,28.892692204787583,29.135539881434127,12991600
29.080907821655273,29.17197399020176,28.868415463111276,28.935198709626025,8614500
28.989837646484375,29.10518904630319,28.77734761630034,29.008050415937973,7423800
28.8927059173584,29.074840603301467,28.765211868795067,28.898776069970285,5916100
28.698434829711914,28.85628430748,28.643794180490524,28.668079428137517,2926400
28.30987548828125,28.692357654133424,28.200594207761114,28.619504239109435,11109800
28.048816680908203,28.28559203167162,27.793826238261747,28.206666142760998,13415600
28.334156036376953,28.45557992853154,28.054882705599073,28.054882705599073,9414400
28.097381591796875,28.376657247203593,27.95774492207761,28.364514626014763,13058500
27.933460235595703,28.237018823452924,27.62990164773848,28.2309486707218,14731400
28.437360763549805,28.613425251802273,28.024521012597344,28.097374405127898,13148100
28.65593719482422,28.686292596812287,28.394876568983136,28.47380246692709,10747700
28.431297302246094,28.68628539408436,28.38879697097158,28.57700412159135,14162400
28.30987548828125,28.583078689581594,28.267377469853233,28.583078689581594,7394600
28.3887996673584,28.619504855197075,28.139881704363734,28.328088872859546,9120100
28.868417739868164,29.044482255298536,28.352369129502403,28.352369129502403,11221600
28.916982650756836,29.123402518343617,28.746988320059334,28.874484647074336,15958400
28.898771286010742,29.080908257770684,28.838060506069297,29.008052542679586,11353700
29.111268997192383,29.165909635567502,28.716641907153388,28.90484906510507,10052600
29.323755264282227,29.536247637395416,29.141620598733724,29.263044481088702,16172100
29.28125762939453,29.505890309260742,29.15983374547811,29.323755641370088,8538200
29.305538177490234,29.433032193004824,29.111260920715356,29.159829076925284,9291400
29.275190353393555,29.366256538301293,29.226619868668216,29.341973611906806,6036400
29.536251068115234,29.730528376061887,29.34197376016858,29.396612081808396,10782200
29.074832916259766,29.627309296600835,28.91091104745955,29.530170668715623,8342000
29.32982635498047,29.366251896799028,29.111263840197847,29.129476611107126,4101200
29.718400955200195,29.748756365849022,29.03235755788368,29.469482882328805,7716200
29.700172424316406,29.74874291216433,29.530180348785333,29.62731900851285,6525200
29.323755264282227,29.694097063279337,29.305542492517752,29.59695842058894,9601100
29.391016006469727,29.57444189443212,29.09753411925255,29.348216710358056,14244700
29.464380264282227,29.68449222072651,29.195355835509364,29.37878168841751,9471500
29.21980857849121,29.501061663594314,29.12198131704727,29.452146866679396,10760500
29.317642211914062,29.384898906096886,28.93244626584013,29.08530154084241,8239200
29.195362091064453,29.415474094671115,28.956908197952824,29.287076203362815,9276700
29.409351348876953,29.421580049670506,29.005813552234592,29.02415776961801,15597000
29.537755966186523,29.60501033204741,29.311528466193096,29.348214574069836,8049200
29.34210205078125,29.507183708983767,29.287074053918214,29.409356418159103,10646700
29.58666229248047,29.62946157657767,29.409349639857183,29.44603574010595,8696500
29.611122131347656,29.89237525926003,29.421580763031276,29.745635510951946,16291400
29.439931869506836,29.702843173495857,29.299302940258652,29.37878834974963,12654200
29.812881469726562,29.85568307767714,29.43380117227145,29.5316284210465,14649200
30.363157272338867,30.485441900578444,29.77619385565123,29.880134273604433,18325500
30.467111587524414,30.485453472387796,30.130828149121225,30.30814081075451,12845300
30.791162490844727,30.815619891060322,30.271453232000592,30.375396016723844,13857500
30.699451446533203,30.986820096560702,30.528254292841734,30.71779566470464,14855900
30.38762855529785,30.723909687389018,30.26534387115933,30.571054415312453,13990300
30.246999740600586,30.357055714920666,30.026887791960434,30.308140911940107,12085000
30.68111801147461,30.723917311686005,30.18586596738814,30.387636096144938,12325700
31.139671325683594,31.280297874031938,30.479335534427733,30.613848899102667,18460500
31.31087875366211,31.329222975486765,31.09688226893077,31.158023455314936,13420400
31.139671325683594,31.384240655567837,31.017386660741472,31.31698397323037,15443400
31.15802764892578,31.274199184032877,30.9012318326856,31.06631585700589,8079900
31.18247413635254,31.378128689440715,31.03573205534328,31.09076004417347,9849200
31.31087875366211,31.31699427173258,31.060196157668216,31.084653565176584,7537400
31.139671325683594,31.21915670775387,30.88898881212594,31.21915670775387,10312300
30.827844619750977,31.298639053133083,30.619963726129043,31.194698606322117,9489000
30.840072631835938,30.968472807086282,30.723903488156555,30.93178670953106,7889000
31.151906967163086,31.194706259572126,30.77282652051737,30.78505289058866,8374100
31.439268112182617,31.518753498819862,31.18247240019692,31.237500385963305,10745900
31.31087875366211,31.469849570079752,31.11522415836867,31.21305145601539,13339600
31.3353328704834,31.396474050446812,31.188590773230096,31.280304875561725,11291900
31.567672729492188,31.641042610012416,31.25584665560493,31.274190875024825,9171500
31.57990837097168,31.702190754580087,31.34756764381918,31.457623654976313,9337100
31.57379722595215,31.76333867861954,31.414828705808773,31.671624545822063,9111600
31.200815200805664,31.64103909986299,31.01127616945635,31.518754424304156,10042600
31.066301345825195,31.439266190572194,30.833960716525215,31.2864109430512,13342800
30.094146728515625,30.94402166852339,29.10364288562398,30.94402166852339,21228500
30.19809341430664,30.503804021590387,29.892382807022894,30.00243881223599,19180400
30.08192253112793,30.228662308233577,29.53164253601501,29.947409125125507,22648000
29.464380264282227,29.95963216628186,29.415467791953645,29.929061579528213,16922400
29.066957473754883,29.446037874255715,28.859074222050644,29.10364124427631,20199600
29.6661434173584,29.763970671589668,28.999694519037316,29.329862376712505,17751900
29.568334579467773,29.880158417675766,29.50719104974952,29.77010239657008,13664500
29.800668716430664,30.173633669228543,29.727296497046176,29.83123930831421,11979500
29.84957504272461,30.17362744817458,29.672262381016218,30.033000888594668,9452900
29.86179542541504,29.947393974151797,29.715053390162364,29.73951078476873,10445700
28.553363800048828,29.653921235079693,28.467765225335548,29.62335064873727,25294400
28.920207977294922,29.073063201627754,28.070333303186068,28.565585069683273,25043400
29.164779663085938,29.464374621233702,28.822383092816963,28.822383092816963,15828300
28.755144119262695,29.24428304433689,28.72457351954237,29.115882793691924,24746900
29.091413497924805,29.225924537443305,28.834615454505645,28.859072855285778,14448200
29.195362091064453,29.27484749956392,28.938566308447857,29.048619977864426,14507400
29.990203857421875,30.357057909133793,29.232043015512662,29.232043015512662,20747600
29.635578155517578,30.02077172620507,29.568321468842772,29.996316657548345,18906700
29.6661434173584,29.89236850544589,29.6111154410792,29.708942695310473,11748200
29.77620506286621,29.82511753314062,29.311523767135384,29.68449097407071,11851000
29.696725845336914,29.84958113683335,29.56221244245632,29.708954548543026,11183500
29.34210205078125,29.641697108512655,29.219817354153772,29.525527929529176,13176700
29.653911590576172,29.73951013744977,29.36042985884436,29.494943193865993,10837100
29.580541610717773,29.971850584640187,29.317630456541373,29.721168127447047,12674800
29.49493980407715,29.64779500089425,29.164772019179765,29.58053834111309,13834500
29.90134620666504,29.91981827956796,29.61193787016674,29.710459507217486,13572200
29.90134620666504,29.99370892012074,29.722775005466467,29.901346206665043,9163600
30.030677795410156,30.104568491030424,29.765900258082777,29.77205683732494,7991000
30.172300338745117,30.252349956531454,29.9629414261104,30.036832116174807,7509000
30.320079803466797,30.381654978369816,30.159980590411184,30.178452673093616,8200100
30.264644622802734,30.38163833058808,30.15996406409705,30.23385470328037,11971300
30.295446395874023,30.492489758697417,30.006037929064963,30.492489758697417,9472400
30.22770881652832,30.449383161398043,29.96293138781636,30.449383161398043,11266300
30.76958656311035,30.94199893986993,30.36934086112709,30.461705976643984,15765000
30.898889541625977,31.046670877571405,30.6094810977317,30.769580285438227,12238500
32.06268310546875,32.43213885834485,31.668596342682942,31.754802528424538,39198500
32.07500076293945,32.161206954466245,31.61933644480027,32.03805424559545,20708700
32.352088928222656,32.456767188282,32.08115253947198,32.419823025410324,21166800
32.191978454589844,32.45059924885163,32.05035373230371,32.235081528809914,12675600
32.11809539794922,32.19198606422993,31.804058304549763,32.05652023420562,10315700
32.52450180053711,32.59839247639282,32.13041506405038,32.16736157644935,18088100
32.598384857177734,32.6353313609412,32.36439738016749,32.4937066199271,14440500
32.358238220214844,32.51217846136615,32.105776318684384,32.49370638408932,14428600
32.08115005493164,32.67228245346208,32.01341831193169,32.3028244107628,29900000
32.17967987060547,32.32746359485957,31.773277565084936,32.26588841330355,13859000
32.358238220214844,32.49370638408932,32.01957015947032,32.01957015947032,12968600
32.45060729980469,32.586073131416065,32.24740502897469,32.53065689276275,9700300
32.40749740600586,32.66611586115289,32.382866405818106,32.51217563339162,11974600
32.46908950805664,32.60455773086915,32.35825229829053,32.518351534149446,7375400
32.29665756225586,32.419810203988696,32.16118942145561,32.31512963638634,9028200
32.758487701416016,32.78927528353705,32.284351420137845,32.35824208701672,12561700
32.01957321166992,32.653806314008904,31.988785630293233,32.506024983824034,13478400
32.111942291259766,32.253567062327974,31.847164830454197,32.09346786098674,12419400
31.914884567260742,32.11808441729744,31.742469939628943,32.01956277962547,9328300
32.038055419921875,32.456773236064784,32.019583335044075,32.075001938620126,11105000
32.623016357421875,32.678434939441765,32.142723545877296,32.24740178472502,12924700
32.36440658569336,32.63534064352983,32.32746007142106,32.49987244014042,9049900
32.352088928222656,32.592235382657336,32.296670334972944,32.40134859503229,11115100
32.36440658569336,32.518346871747745,32.21046629963897,32.253569391818814,10408300
32.198150634765625,32.438297103985484,32.07499793674606,32.36440642475068,9665800
32.0134162902832,32.41365954175453,31.976469783663845,32.222775129909174,11246900
31.76709747314453,32.167342903832946,31.68089134319709,32.019559288965276,13105800
31.797908782958984,31.927218074428595,31.563918863435916,31.73017467344368,10761300
31.908737182617188,31.97031234757635,31.6809062535379,31.804058932398206,9552300
32.056514739990234,32.056514739990234,31.61932269615073,31.668584697856065,10243400
31.914884567260742,32.21044948027666,31.81636058064764,32.17350298529674,10976300
31.9580020904541,32.06883927658061,31.810218392638024,31.970315245408433,12104800
31.75479507446289,31.896419824785855,31.736322995837845,31.748638497901823,11095500
31.53928565979004,31.705541445864494,31.52081122870913,31.551601164196548,13615700
31.132875442504883,31.545434164299134,30.948145272626338,31.545434164299134,13877400
30.67719841003418,31.1882809272547,30.627938774641994,30.97276326920938,17409400
31.040512084960938,31.083615167280158,30.50480066974937,30.683371924467163,13508100
31.052814483642578,31.305276294528255,30.806509246658138,31.040498986899273,11252000
30.387798309326172,31.034349108668657,30.38164173409665,30.923511963006593,15388300
30.966611862182617,31.028187003931368,30.492475754105744,30.560209819394025,14507600
30.985109329223633,31.29914891676489,30.744962791070332,30.744962791070332,12440700
31.132875442504883,31.397652847126324,31.046666933722108,31.182135098581924,18351900
31.052814483642578,31.311432868429495,30.99123934886688,31.299119720627015,9290300
31.311437606811523,31.329912029192638,30.966613041579752,31.05897575772061,12251900
30.45555305480957,31.39766943244641,30.430922039289264,31.348407401405797,14920700
30.689533233642578,30.71416424132103,29.975250453562655,30.597168129319464,19429500
29.999874114990234,30.63410713927779,29.91366795816765,30.517113404867366,25110400
29.778215408325195,30.30161154851688,29.593487497018884,29.9998898414699,17240200
29.925992965698242,30.203085971646704,29.74126507804678,29.833630196343776,18963800
30.320079803466797,30.357023968831665,29.605796969456957,29.71663181449392,16354200
30.14766502380371,30.4678611003158,29.901361975754497,30.326236319175475,14430900
29.833614349365234,30.357010144518142,29.61809663746482,30.313907071926316,21764700
30.264644622802734,30.326219763965323,29.90750222702473,30.110704420955194,15717900
30.61836814880371,30.767303287127614,30.432201001331613,30.525283391445804,7444000
30.277067184448242,30.62457862914006,30.19018932327529,30.469438914975736,11613000
30.388765335083008,30.506670655424443,30.06607447351049,30.17156833372483,10792400
30.277067184448242,30.58113969855358,30.11572055606061,30.537700767967106,10577700
29.48275375366211,30.140547072360636,29.45172628057843,29.972995877015414,21881800
29.86750030517578,30.059872047756862,29.24073449502341,29.4889590001372,27232500
30.73627471923828,30.798332015774267,29.86749387292883,30.215005264555085,19172800
31.058963775634766,31.1644599900649,30.57492872667352,30.829357709748493,16393800
30.922441482543945,31.3133917632409,30.860384191545034,30.972084948099475,12263900
30.978290557861328,31.325804297663552,30.922442544909003,30.99690892942245,18302200
30.332923889160156,30.58735297865196,29.681337427509906,30.28948494953312,35535600
30.17156410217285,30.835561738761093,29.687529061321815,30.71765643495584,26199400
29.513776779174805,30.289475263378097,29.402076008070015,30.289475263378097,30677800
29.259353637695312,29.70615444445639,29.20350324094463,29.631688037870276,20520200
28.136137008666992,29.135237088164974,27.999613310675258,28.936658455037378,35706200
28.09269905090332,28.676023509957286,27.484551670040045,28.340921167264018,40175100
27.354223251342773,27.64588417324362,26.994298139867844,27.490744528761617,51202000
27.447307586669922,28.074073120995536,27.11841227429196,27.360429758286557,40020600
27.7700138092041,28.01203142788831,27.062576964667315,27.770013809204105,32316300
27.310794830322266,28.527092014770826,27.2673558987967,27.968588084807497,34080900
27.540403366088867,27.577635383323752,26.80814370870916,27.11842314430245,44504500
27.670717239379883,27.776211100066156,27.30458744934661,27.559016464980306,28297400
27.0873966217041,27.89412270901694,26.926049983894945,27.676925676157587,36628500
27.993419647216797,27.9934196472168,26.857795428224136,27.155663493719356,34200000
28.136137008666992,28.576733202966093,27.3976728646765,27.918942368447446,30556500
28.8621883392334,29.3089914264481,28.092696763745778,28.390564699474268,27447200
27.410079956054688,28.508469271897262,27.410079956054688,27.949967794731727,39278200
27.459714889526367,27.80102160679506,26.379942008215735,26.907418177851824,32549000
27.1990909576416,28.191984003766766,27.10600619889823,28.067871781190185,21357600
26.87019920349121,27.31700235748506,26.764705329489487,27.267356510488284,25217200
26.684030532836914,27.565222962992944,26.566125203620643,26.764703846113388,27726700
28.216815948486328,28.48365648385481,26.162764991107764,26.528894862852113,51414800
29.172468185424805,29.96678506021293,28.638789605196045,29.836468280177208,57869900
28.849777221679688,29.482745061148638,27.96858256899361,29.2717549922444,32691300
28.669836044311523,29.215928813251935,28.39058392569168,28.620190171114427,23582300
28.54570770263672,29.060772695287596,27.9437648479108,28.961481004637037,30844900
28.340932846069336,28.905643897340102,28.018244198550462,28.824970551837836,21476600
28.514673233032227,28.545700695121678,27.943757988163114,28.235421339739922,13248000
27.869298934936523,28.48365326174621,27.856887473387978,28.39056848375424,13527200
27.056352615356445,27.60244481797311,26.969474794603514,27.60244481797311,23516300
27.38526153564453,27.447316471078246,26.777114172866778,27.230121829816206,21605200
27.285982131958008,27.527999782219325,26.89502926840401,27.081196509586185,15581500
27.62727165222168,28.005812811182174,27.47213198820465,27.925139523065166,16937800
28.111305236816406,28.30988380742116,27.465923698729327,27.552803894706784,15416800
27.410079956054688,27.906528869860313,27.348025025450912,27.819651020117487,15556800
27.434911727905273,27.645901874181916,27.199101021724328,27.453530106889286,18994400
27.0067195892334,27.298382986306326,26.808140960192592,26.85157988734252,21526200
27.261152267456055,27.58384317480331,26.901226974445706,27.14945147771107,17181500
27.639684677124023,27.825851811055102,27.099796911307294,27.27975949991287,15148000
27.596248626708984,27.76379977483674,27.397670014241374,27.61486463186414,13896800
28.2974853515625,28.409186144751764,27.540405091022855,27.565225648319288,20262100
28.26024055480957,28.32229547086058,27.93134287145795,28.067866527462144,12482300
28.1051082611084,28.31609834510285,27.85688379738177,28.16716319341809,17958300
29.67511749267578,29.69994040935633,27.99960849263673,28.34712222443354,27267800
29.519989013671875,29.82406394026042,29.271764487181454,29.7682135401623,31807800
29.141443252563477,29.6316853159822,28.99871500003223,29.551012002031786,19553500
29.24694061279297,29.501369658342654,28.936661173476562,29.47654673505872,20535000
28.756696701049805,29.290377681480624,28.651200467426822,29.290377681480624,17346800
28.607765197753906,28.70084998243253,28.328515578206844,28.70084998243253,16405200
28.626380920410156,28.973892367529647,28.38436334338217,28.707051867923358,17485400
28.676027297973633,28.71946623325601,28.347131825908654,28.669822750323764,12840300
28.43401527404785,28.6760329230219,28.285082428792233,28.576743570436523,15587900
29.048349380493164,29.19107757669541,28.185770924281506,28.21680074856988,17276200
29.265546798706055,29.38345209386366,29.054556756099554,29.160052961024537,16003200
29.403186798095703,29.690962096131923,29.184227850997168,29.22176230680061,12675700
29.559581756591797,29.67218987801095,29.390669574463068,29.52830225319162,11132400
29.766035079956055,29.95371451397566,29.578353259462965,29.684706450173948,13435600
29.6784610748291,29.76604707337055,29.434477473649743,29.59713479875228,8305500
29.759788513183594,29.841117172389332,29.39694179433569,29.77230079817481,12967500
29.34688377380371,29.697220488120465,29.12166748506248,29.697220488120465,18858500
29.19046974182129,29.791044630786477,29.109141146501273,29.409428590983868,27920400
29.290586471557617,29.46575367596562,29.115419267149623,29.196745534068093,12507000
28.946496963500977,29.290576304067088,28.646209408835645,29.25929679791987,16575300
28.220813751220703,29.02783824874748,27.901756444535987,28.77759731748395,22510200
29.00905418395996,29.4782539066067,28.62118308145115,29.428207177157113,34659600
28.71502113342285,28.858908747724346,28.433500850453417,28.840139137877742,19397900
28.164491653442383,29.152937688353077,28.12695482181051,28.646203586923537,29500400
28.38345718383789,28.733793868340776,27.93928197799429,28.08942695320222,18094100
28.740055084228516,28.77133698463901,28.23332075362406,28.727542801359103,13519100
28.946496963500977,29.052847761696196,27.98933023385064,28.60867256957497,27352800
28.808862686157227,29.12166250334997,28.24582444709421,28.840142190581858,20076400
29.6033878326416,29.684716489930118,28.733804331283327,29.37817148105759,18851700
29.196735382080078,29.715984252419023,29.09663953058349,29.647167907051372,18861900
29.127920150756836,29.334366791368,28.8088629973488,29.02782430363286,13131400
29.403186798095703,29.747266166310624,28.80261164050527,29.371907289434986,23899100
27.726572036743164,28.977771144489598,27.65150075849079,28.558620588901537,31730100
26.994626998901367,27.82667332778307,26.312723255973136,27.80790610115723,39570300
26.756895065307617,27.025903083088693,26.068734076331797,26.706845952012035,28852800
27.595191955566406,27.739079541825348,26.70683950093719,26.70683950093719,28756400
26.425336837768555,27.40752834161202,26.369032759807354,26.856999844488502,28980700
26.656795501708984,26.850729822457506,25.449388256546726,26.59423411882822,37342800
26.469118118286133,27.082205397826964,25.755932618601904,25.899822616821584,43587300
26.519168853759766,27.32619297720734,26.18760180202981,26.344001714955002,27691800
28.18325424194336,28.402215477416924,26.66930474548443,27.088455223992945,35927500
28.245826721191406,28.790097778714042,27.801649131296923,28.715026484756226,25367400
27.232357025146484,28.270852540287994,26.95083903988557,27.901748583230088,23434200
26.95709991455078,27.595212101959802,26.575483591901584,27.363740806072705,29021800
25.881067276000977,26.800699895558502,25.76845910272968,26.713116291119544,29656500
26.04370880126953,26.49413883486489,25.199148013641754,25.881051588923683,33277800
25.449399948120117,26.275191489736798,25.117832819183164,25.5307285899915,26759300
26.243900299072266,26.400300178820643,25.62455572522067,25.96238003823063,10808400
25.311767578125,26.58173680711319,25.230441321605806,26.193863209130186,27132300
26.494136810302734,26.575465410260897,25.380570508531058,25.59952937018079,28501100
27.501367568969727,27.607720779547023,26.62552925111767,26.731880075221035,32246500
27.307430267333984,27.58269330047397,26.907044419393543,27.13851804706388,23553600
28.539865493774414,28.83389819730001,28.15824919000054,28.389722860912833,40113500
28.283361434936523,28.727536642440807,28.120706565453766,28.715026748727343,21417200
27.62023162841797,28.208294570723382,27.526390705514192,27.726582447000027,19315200
28.089426040649414,28.270848130603557,27.48259359917219,27.864209778390926,20627900
28.90896224975586,28.933986811102894,27.857954537915756,28.076915869992,19130200
28.827627182006836,29.284314547684026,28.683737191537624,28.908953401783428,15286600
29.665937423706055,29.94745777354707,29.12166633832911,29.278066267521506,23388400
28.740055084228516,30.04130386495993,28.464792020523305,29.47200812000842,38455700
28.871423721313477,29.897406727070997,28.264591319858255,29.421949674444274,44364000
28.627450942993164,28.940250899210838,27.983083796856516,28.67124513241997,41261000
28.277088165283203,28.646191838970253,27.951776250637682,28.302112709441754,27651800
27.857961654663086,28.46479429674902,27.75161082147952,28.039386191066487,19965700
27.46381950378418,28.120698513429378,26.982107593651637,28.008090410464746,25224900
27.51386833190918,28.214539170119686,27.313676663849034,27.46382160813061,21293700
27.107234954833984,27.86420998580263,26.93206542373273,27.732834627331716,27147500
27.595191955566406,27.63898372588554,27.10722515116891,27.476326533438044,26363000
28.045631408691406,28.2207985342391,27.613966154344446,27.613966154344446,7679700
28.114458084106445,28.145739987659663,27.676540072051566,27.976827731663846,14578700
27.30118179321289,27.964318608016278,27.219853130436423,27.901757180313442,16530000
27.063446044921875,27.695303173439683,26.78818299462603,27.64525404440017,16852200
27.307430267333984,27.613972810937245,26.76941409606039,26.944581263833683,16361200
26.613222122192383,27.635595724406546,26.505937340903504,27.484132166045768,22122300
26.43021011352539,26.916152648557908,26.354477121035618,26.720512695773838,17150700
25.83066177368164,26.379712542932133,25.641334171260546,26.133586419041603,25873800
26.08941650390625,26.240880067719633,25.344725663973094,25.937952940092863,25644100
25.054424285888672,26.240881301336735,24.87771638522718,26.1651483121539,33646000
25.407840728759766,25.458329399057586,24.322360799112005,24.9850089484609,33546300
26.083101272583008,26.594285579753087,24.801979547517647,25.098594328420607,41863600
25.786487579345703,26.56904237706657,25.489872785931624,25.79910974155814,37520500
26.102031707763672,26.348157826825293,25.622399223113977,26.045233187408606,22817000
24.71993637084961,25.70444330189066,24.517986601522903,25.70444330189066,45240000
26.146203994750977,26.916138837989784,25.376269151512176,25.534042527098443,63183100
25.26899528503418,26.303988689053174,25.11753172002647,26.234567988734295,39647200
24.984989166259766,25.666568823604333,24.309719383990345,25.395200861625856,51919100
25.786487579345703,26.505933973435663,23.76698736655006,23.76698736655006,57178600
28.853620529174805,29.124991161320654,25.24376181871945,25.496200399879733,77137000
28.37397003173828,29.0366178852164,27.93220399360913,28.92302324263067,52062600
27.540943145751953,28.929350496351013,27.26957251964898,28.82206325914551,38410900
28.758949279785156,28.78419361396334,27.389476650953583,27.63560289061034,29739100
29.945409774780273,30.16629170438163,28.241455550577378,28.992456518654468,56112700
29.88228416442871,31.10660741895788,29.23225845790655,29.72451074770537,68343800
29.913848876953125,30.412411179204526,28.93565150234366,29.28906491821386,55500600
30.450275421142578,30.73426810862922,29.598299766114398,29.825491508671956,48834500
29.16915512084961,30.38085401618904,29.049245762555685,30.18521648622603,28310200
27.698698043823242,28.702136975894682,27.673453721743584,28.430766532115978,39045100
27.5914249420166,28.23514098239681,27.3074322172265,27.938526091234692,27274800
28.468650817871094,28.765265769215166,27.294815588860374,27.383168363958802,36818000
27.65453338623047,28.373980017925422,27.30111994985748,28.373980017925422,26058300
27.3579044342041,27.768116204746555,27.023425623024796,27.698695529045754,25874000
27.33265495300293,28.05210101571099,26.97924179613311,27.553536671402714,27193400
27.83123016357422,27.87540652832344,27.143337960067534,27.484129123074073,26533400
26.890897750854492,27.831225834160932,26.802545035100163,27.799671636738804,31180000
27.29482078552246,27.29482078552246,26.512263014713252,26.764701626569906,29031400
27.029741287231445,27.799673877603688,26.61321718093298,27.477817186064403,25811900
27.2316951751709,27.35160211615066,26.411271407374993,26.739440433007054,30149700
27.18120574951172,27.57248317350628,26.644777061897106,27.225382116377325,32878200
27.72395133972168,27.780749879070203,26.449141551235122,27.174900397640503,30452700
27.787065505981445,28.058436093734667,26.985575910458245,27.40841010361675,27917200
27.5914249420166,28.108921726108754,27.395784974398513,27.59773482148657,24989300
28.026885986328125,28.077374664674696,26.897227086366854,27.18121988348459,38566000
26.783620834350586,27.780750224781716,26.752066624860255,27.76812805949921,36606500
25.65395736694336,26.487000777134636,25.483561795663622,26.430202253374723,36856600
25.130165100097656,25.641352151783014,24.88403880361563,25.590863471769897,31481900
24.732566833496094,24.978695454439293,24.120407443013043,24.846163917798506,56449300
24.448572158813477,24.978690988296503,24.050982434843323,24.839849597322143,36325600
23.583972930908203,24.126713944951707,23.445133941975687,24.095159738713935,44356900
23.70388412475586,24.66314699491185,23.104344529979393,23.28105002457093,43258700
23.022300720214844,24.145646874074906,22.91501593357954,23.81116794229224,41281300
24.511676788330078,24.776734958475114,23.451439292887613,24.284482695387958,58401200
24.36652946472168,25.388900640131727,24.234000358311988,24.51799061278089,44572400
24.050975799560547,24.58109448279224,23.116957625758207,23.88058025058277,45537900
23.060165405273438,24.486436171677546,22.725684092287615,24.486436171677546,77776000
25.439390182495117,25.931642542018746,23.350468982518734,23.350468982518734,125296300
26.95401954650879,27.061306760001454,26.032623042075993,26.625850433813792,76994300
26.802562713623047,28.329809024564778,26.783628256736165,27.30112513957035,70593300
29.011375427246094,29.314300085826545,27.04236153532639,27.080228020435637,72777200
29.37740707397461,30.393468171608088,28.41183462072516,28.66427062035211,66011200
29.068187713623047,29.44053323414307,28.342428720385474,29.042943378264866,54485500
27.837533950805664,28.63271068098706,27.749181248277797,28.56960229559018,41122700
27.04867935180664,28.0773628703949,27.04867935180664,27.90696726370126,32154500
26.95401954650879,27.66715631846969,26.916155453749614,27.263256612824197,29011900
27.105478286743164,27.92589971787228,26.89090630560801,26.954014720528818,28920400
29.661407470703125,29.661407470703125,28.184647938630423,28.4812627837156,54562600
29.419631958007812,30.259465517626726,29.228758708686456,29.95407171658841,36597900
29.445083618164062,29.922261952133727,28.834295933175973,28.866107336696384,30314400
28.99334144592285,29.546867367771565,28.707034097706845,29.17148716167799,29875900
28.974275588989258,29.73776158181782,28.929739128554306,29.54052695199513,24069200
28.5416202545166,29.018798473411852,28.268037881519007,28.783391231665295,29187700
28.185333251953125,28.745223179584382,28.045362590336207,28.745223179584382,28476400
27.9053955078125,28.509822016103346,27.727249667200272,28.121716497293804,30230100
27.05919075012207,27.930838215722286,26.995567945898504,27.56181915547325,41959900
26.40386962890625,27.230978312593578,26.19390998253352,26.976484639873075,33774900
26.7983341217041,27.1673531923109,26.26389429924028,26.8365092615424,37271800
28.605249404907227,28.605249404907227,27.421846770658483,27.69542920447102,52568400
28.70705223083496,28.83430029120343,28.102625764375897,28.210787465158305,30302500
29.1142520904541,29.814115401455666,28.897931056443518,29.476910011725113,31398100
28.77703094482422,28.936090370183887,28.37620051334268,28.81520608065006,23513400
29.044248580932617,29.139682768545093,28.47163374704204,28.605243065931866,23703800
28.72614860534668,29.29240007515128,28.433477261075044,28.89156942858237,23260300
29.88410186767578,30.119509265674782,28.847033170677207,28.866119535444398,37769300
30.40579605102539,30.456693797902396,29.610499036259426,30.087677245119004,24266600
30.119491577148438,30.59666983253605,29.782286386665174,30.329448747450847,27175000
29.954065322875977,30.373982013053972,29.661394202346,30.1194860196506,20738700
30.31672477722168,30.94659868708164,29.731384881325937,30.06222874821414,36280800
31.33470916748047,31.48104355864045,30.33581609478301,30.33581609478301,31723700
30.959331512451172,31.78007886387765,30.55850101548981,31.748267459019843,27942900
30.539424896240234,30.946616839861232,30.44398822261731,30.74302086805073,19276100
30.666669845581055,30.984788822346303,30.062243304316045,30.119504817215997,25441400
29.62959861755371,30.813001492242734,29.51507560212865,30.67939211659848,27636400
29.29876136779785,29.90318799350317,28.827946575561874,29.89046294140821,26106000
29.62959861755371,29.858644648403843,28.96154931227748,29.107883737086183,21730400
30.055866241455078,30.087677637049328,29.591410642974218,29.788645178944805,20295600
28.93609046936035,30.05587018688073,28.77066973432319,29.92862216074602,27485300
29.209680557250977,29.502349395384975,28.821575067655736,29.266942062716748,24138200
29.915903091430664,29.928628139291515,28.999721488941837,29.29875161898033,27289500
29.60414695739746,30.106775451128605,29.29875307472729,30.106775451128605,20871400
29.260581970214844,30.043154292793908,29.18423167504496,29.616873639454436,19402200
27.803598403930664,29.050624181169663,27.67635033079186,29.050624181169663,48996100
26.989215850830078,28.02628451097565,26.93195675856325,27.867225004753248,40611900
27.39004135131836,27.822683321301017,26.78561485557303,26.976488168901554,28883300
26.92557716369629,27.29459616581736,26.79832914823888,27.180073194611097,21440900
27.36458396911621,27.612718724987598,26.91285575885677,26.976480988716496,28457800
27.269161224365234,27.631816692275947,26.65837332336354,27.606366589637034,31688700
27.72087860107422,28.032636166790112,26.906495056916725,27.160988700938738,22789000
27.358232498168945,27.988109151496207,27.275520883133904,27.96902036214644,21391600
26.817420959472656,27.21188766763087,26.505663407714934,27.122814774858465,30620500
26.65200424194336,27.160994057420844,26.206637243254978,27.059196094325348,28503100
26.486581802368164,26.944671394065846,26.187549242676475,26.55656835268364,30800100
26.78561782836914,26.92559095979695,26.340253186653882,26.65837217476779,27755300
25.506771087646484,26.58837573080142,25.417698192396262,26.58837573080142,39887900
23.86528205871582,25.659475131837446,23.17178266523224,25.65311139382062,74856700
24.361543655395508,24.959606257459757,23.642594329375264,23.687130777026095,54412400
23.623512268066406,24.654216915002117,23.585337122974412,24.49515745103436,50965800
24.183399200439453,24.654216269358386,23.941630569019356,23.99252833408763,53247700
25.182296752929688,25.188658063900693,24.049791662751154,24.425172113468687,40465600
25.41133689880371,25.863067582085932,24.876897048868837,25.118668092829868,34860200
24.83871841430664,25.926684212254283,24.781456928780237,25.678551917324544,32510200
24.647857666015625,24.972337931746853,24.132504085913656,24.514245860545106,35513700
24.590579986572266,24.83234848556173,23.42626421359635,24.679652846942428,59944400
24.087963104248047,24.93415810240611,23.50898681275425,23.97980141794021,55374100
23.458084106445312,24.170672101831727,23.229038138432127,24.170672101831727,37741100
23.998899459838867,24.342466154219373,23.063628771614933,23.41992294499917,43526200
24.119783401489258,25.01687891857179,23.858925908637044,24.13886976555842,42317900
23.108163833618164,23.909825068182318,23.031815953630502,23.642603847642487,45708400
22.300132751464844,23.47081031376389,21.75933163237664,23.190866576255967,69316700
21.829320907592773,22.58644305455506,21.606636209977005,22.1792512300693,50792600
21.887224197387695,22.093100298783074,20.799940883503567,21.67491308731556,74620100
22.26036262512207,23.0002311833434,22.022318961599282,22.105956853088287,51750200
22.717164993286133,23.218987714178237,22.189607144595232,22.594924363360303,33028500
21.900096893310547,23.128921235246835,21.591282668839558,22.83940713285613,48883600
23.01311492919922,23.193255941375135,21.501209084514777,22.067369706801223,62285100
22.054494857788086,23.637170564376888,21.932256704784688,22.993807214226834,50971000
22.202465057373047,23.032404253084447,21.584836915826173,21.874350874125042,47807900
21.333932876586914,22.163872353946225,20.645534150037168,21.475473627396475,71316700
20.388187408447266,22.099532804286355,20.381753626903112,21.996594753816613,50370200
19.957134246826172,21.115187950504026,18.811946879366403,19.77055825980251,88717800
23.12247085571289,23.12247085571289,20.26593933739534,20.780629369402693,79957800
26.249225616455078,26.37146623031322,24.319135461506374,24.4799763077521,132114600
25.74740219116211,26.583774075768336,25.21984442759958,26.50657115906653,65409900
24.86599349975586,26.345728656813925,24.672982538813933,25.953276635778614,41354400
26.287826538085938,26.40363213594647,24.19689567727888,24.550745024414336,50104200
26.995525360107422,27.664623827748777,25.329214198824726,26.319994338881767,59345600
25.18124771118164,27.201408765772978,25.1169123410526,27.05987046064168,47454600
25.425710678100586,26.017603567701766,24.756612447410575,25.200532114611462,35188000
24.22907066345215,26.15272871562792,24.06822977947962,25.354956851259846,41673200
26.217060089111328,26.217060089111328,23.920252812612784,24.409207945453513,50527400
26.74461555480957,27.066297245345396,25.71523512678954,26.641677512007565,47954900
26.139850616455078,26.995522498163382,25.927539557135525,26.139850616455078,37394100
26.223499298095703,26.860430342979296,25.586570707449482,26.448678030998433,30773300
25.824596405029297,26.307118766720386,25.033260026364193,25.824596405029297,27748000
26.950485229492188,27.02125557725322,25.869634810063182,26.551600715299752,35763100
26.628803253173828,27.194963573323143,25.953272363780755,26.60306813538615,33009400
25.61229133605957,26.7317419935239,25.399980289919384,26.172016664791737,42712200
26.422941207885742,26.796093250649342,25.348525240921912,25.419293170949327,37174200
26.950485229492188,27.568113339384205,25.972572828378517,26.242786660353744,34643900
24.396343231201172,26.384336584237108,23.817317542131804,26.371471473707665,65248300
23.746538162231445,24.222628061187628,23.25758315762216,24.21619305412497,48575900
24.325559616088867,24.724444049616768,23.43128284841461,23.540655851264383,41142300
24.492843627929688,24.904595797572092,24.04248877204461,24.479976065848795,36656900
23.637170791625977,24.467107656078927,23.579267991386335,24.396337294204205,32193100
22.890872955322266,23.418430793198514,22.517720972599797,23.16751698365919,41424300
23.804441452026367,23.84947668546158,22.53058244721005,22.85226408845365,39065000
23.328357696533203,23.547101368447162,23.025978542885085,23.276889896561165,30564500
24.23550033569336,24.608652320150227,23.71437750433116,23.94598874237517,36022700
23.244714736938477,24.09395402428831,23.212547065524745,24.061786352874574,27081000
23.55353546142578,23.881649729419085,23.096748017150837,23.270453982758838,28810800
23.89451789855957,23.945988152072463,23.077446030818216,23.514933368730702,23812300
25.01398277282715,25.01398277282715,23.95243162546052,24.229078228610906,34724300
24.76305389404297,25.05256540860625,24.505707598613206,24.77591900000191,23327100
25.084749221801758,25.747412980846768,24.769499960620273,25.45146629760701,33267600
25.547958374023438,25.573693497377167,24.730886614315843,25.03326817813106,28787600
24.38990592956543,25.59299477737957,24.33843813475238,25.284180645791604,41510300
25.47719383239746,25.57369933990322,24.02962594523313,24.12613145273889,42100300
26.731754302978516,28.089251750168433,25.734541317762634,27.272179768821015,85629900
25.393558502197266,26.98266470158562,25.380690937500404,26.2556657029907,56435300
25.3485107421875,26.017606596534606,24.95605880245645,25.72809512357244,46100400
26.796079635620117,26.82181229972028,24.396332616849417,24.60864366176853,57012300
26.487268447875977,26.99552609311008,25.85677264732991,26.274959814519786,51417100
23.804441452026367,26.924752390394822,23.804441452026367,24.69871602200579,92112900
26.210630416870117,26.345736164641924,22.53059036279377,22.890874811088935,90368100
23.01311492919922,26.17202992346282,22.839406472785065,25.142649204975847,104396300
25.92754554748535,26.410068116436953,21.900091585166805,23.50206513971357,132982000
30.27025032043457,30.881446098651075,27.375114748686034,30.23808263826251,88523900
26.249225616455078,29.530380352409807,26.217057938053244,29.39527217634362,44934200
26.09481430053711,27.137062078231683,25.77313267557394,26.088379293665668,32404400
26.056217193603516,27.34294396859628,25.876076230460228,26.699580581099898,27186400
27.9605712890625,28.95135146142583,26.57090651708352,27.182102205449805,36831300
31.03585433959961,31.524809488537205,26.04335252377701,26.088387769564548,148081400
26.377899169921875,30.559761233446075,26.377899169921875,29.967868088642366,79528000
30.045066833496094,30.48898663040847,28.160012153560594,28.71330498852272,66987800
31.930116653442383,32.16816035286756,29.787715995908187,30.180167944890908,59424300
32.319122314453125,32.319122314453125,30.289859181583967,31.930126834670478,53944700
29.75821876525879,32.824806051929855,29.32383826548578,32.61734155069174,68639000
28.52640151977539,29.271978912402123,27.035249207694342,28.195755681264764,63065300
25.492229461669922,29.654492050215556,25.48574727680893,29.453509695111226,62396200
25.479270935058594,28.234662883562315,24.960609415857242,25.239390446147944,75686800
23.780649185180664,27.67709576366498,23.780649185180668,26.60087238061363,88790300
26.996349334716797,27.22974756671048,22.7044231488331,22.710905333867384,112976400
27.22325897216797,28.578262857174916,25.712655478075817,28.468045952162086,81628900
26.393402099609375,28.23465161265085,25.712658972828216,28.09202129753993,95288900
24.954118728637695,27.093598312295196,24.63643726518032,25.498713756584365,84755700
26.250782012939453,26.581427955408085,23.54077281865619,25.29773978019599,75112400
25.49871253967285,26.834265123795408,25.323663881204194,25.693210224691722,60991200
26.360984802246094,26.386918484741162,25.15509577111845,25.939571117803567,44732100
25.7645320892334,26.75647222463208,25.673764175327776,25.881228746480797,41780700
24.098331451416016,25.965515302338503,23.34627166708479,25.382022049231722,60825200
24.539196014404297,25.12269178051128,23.223091920285857,24.221516909769694,63917000
22.970245361328125,24.461398236041205,22.373782727538888,22.76926292989972,61968800
22.043136596679688,23.27495992517523,21.608758327338897,22.756295909067642,62712700
24.377111434936523,24.45491251059194,21.08360923388634,22.659045154900284,73082500
23.15177345275879,24.882809090633895,23.022107463605447,24.059432903659157,61823300
24.390073776245117,24.636438857306487,23.359233209341443,23.916795116030194,47372000
26.74350357055664,26.743503570556637,24.169643162775106,24.176127821344625,86948900
26.406381607055664,26.743512239952235,26.06276878666086,26.743512239952235,45059900
27.33995819091797,27.502039998945243,26.503617941108043,26.743498324500216,48917100
25.427398681640625,27.553911533263147,25.038400799620472,27.05469919223274,53524900
24.80501365661621,25.777505086757845,24.545684092482603,25.258843485317026,56467100
24.474363327026367,24.973575802927947,23.64450491159161,24.785560232814397,50210800
23.60559844970703,24.947635851294926,23.1128707574316,24.81796988811533,41558500
23.566699981689453,24.27986160501689,22.866507676305034,23.22308725138237,61577400
22.412689208984375,23.534295874130898,22.244125089029993,22.963766784823616,56726100
24.111297607421875,24.312280012534448,21.718970144530772,22.464547720851037,74523600
22.34784507751465,23.9297629588024,22.146862703891657,23.553734372907357,55941000
21.245697021484375,22.607184073773574,21.07064826221742,21.926440547628975,57560400
20.837234497070312,21.459627976224276,19.68321294532586,21.239196643210764,67807700
18.45787239074707,20.75943437497144,18.33469113009398,20.545486477970073,90226200
15.1578950881958,18.613480313331408,14.470668344182034,17.984603138172123,160729900
14.729997634887695,15.832154676005505,12.765566464041596,15.39129185955838,194075000
17.880859375,18.373588064455987,14.587358123655804,15.507982552478841,137382200
19.30071258544922,19.910139627634422,18.47733625216827,19.209945882278884,105430800
19.851783752441406,19.936065762787752,18.26338127020267,18.645894500838345,55644900
20.526044845581055,20.70109353576093,19.534103504481443,19.683219742367825,22787500
16.93431282043457,19.90365236613273,16.86947983086485,19.884202098285886,70984500
18.49677848815918,18.736658898927327,15.955335398789895,17.206607297413655,81316000
19.61190414428711,19.929584426663705,17.530773752620096,17.790104469194215,64914200
20.150022506713867,21.329979821258974,19.28774681616074,19.346096401254226,80719600
21.621715545654297,22.04312930097128,19.27477129492154,19.715634078794764,73599200
23.657466888427734,24.441942414852058,21.783798706203324,22.023681614486588,84589300
22.017189025878906,23.145279334858518,21.82269137899877,23.12582783895027,65827700
21.73193359375,22.665524109960234,21.446670443201143,22.302462368020347,47919600
19.410921096801758,21.239202779147664,19.281255132891644,21.135470502654083,70746400
20.059247970581055,20.24077883187479,18.15964869259451,18.43842964282274,59939000
18.56161117553711,19.307188604819405,18.263381193093203,19.021924229352777,51629100
20.973390579223633,21.232722530699764,18.697762474053057,18.807978182454494,75822100
20.65570831298828,21.32348464507591,20.130562306105183,20.422310087706904,46719900
19.585968017578125,21.128987753247888,19.527619695621365,20.850206803894917,57491500
19.65729331970215,20.260238206583974,19.307197046517516,19.52114511251557,55696800
19.33312225341797,20.221331307182034,19.132141112073473,19.864750506605166,36378400
18.8728084564209,19.709150046248016,18.8728084564209,19.59893435369555,26931700
19.352567672729492,19.372016697822385,18.574574517777,18.574574517777,12339700
19.320158004760742,19.61838928234015,18.963578392862882,19.482239871366406,12630500
19.307191848754883,19.462790287901782,18.671830009838615,19.44334001928849,22318000
20.104639053344727,20.13057151435696,19.37202817180105,19.3785115962008,29842400
20.44175910949707,20.70757318920557,19.735082291759035,19.903647529040104,25891700
20.57300567626953,20.7633135285431,19.995517103728428,20.468007981565922,32494900
19.19491958618164,20.192399468497296,19.083359319716443,20.166149405012817,44069400
19.608339309692383,19.96270749833369,19.365532589331213,19.549279196590188,44216300
18.433677673339844,19.293346871497697,18.374616306506645,19.12928779733246,42156500
17.86275291442871,18.34180639900075,17.626508680649426,18.30899383064842,52075800
17.042463302612305,18.079317034989725,16.937465551359292,18.079317034989725,42597500
16.346845626831055,17.16057846344046,16.07778885229373,17.009644419513933,59360000
17.291826248168945,17.449322805349038,15.926854834270102,16.54371603697429,73422800
17.003076553344727,17.24588445111921,16.248405319638007,16.793081210226784,73907300
15.97278881072998,17.751188267681133,15.592171874266596,17.416508915478644,136759300
14.975314140319824,16.40590966322007,13.472533466038085,16.294349427443308,156843400
11.871317863464355,13.958150042028757,11.615386040245914,13.78096589441365,142090400
14.850629806518555,14.988440107189994,12.389743202908178,12.658801289774168,136421400
15.159059524536133,15.638111746653045,13.91877200551029,14.673444788896477,110240800
15.933417320251465,16.1302877034748,14.312512908471946,14.384699299767142,74369200
16.077795028686523,16.898090693415426,15.579055114330727,16.405913294578085,74278400
16.445276260375977,16.517462631668597,15.789040162576939,16.484651327447054,50766500
18.15149688720703,18.22368328443776,17.28526512712415,17.843066261017363,91373900
16.688095092773438,17.836509015773256,16.56997231756882,17.547764593236614,58624200
16.740591049194336,17.705258125896382,16.143416013378072,16.93746147246524,74937200
16.537153244018555,16.852146329205073,15.979352206706228,16.40590549935521,51532900
15.782483100891113,16.701214956373125,15.552801388692068,16.425595650062814,66166300
15.775924682617188,16.73402928811468,15.579052998812829,15.913733734775724,55330300
16.10403823852539,16.615901714449393,14.758753169782889,15.579048485477834,79815500
18.131805419921875,18.243365622540722,16.602775143834858,16.740585394915175,76845200
17.902130126953125,18.35493235905901,17.259017479098205,17.4887004782127,54360000
16.156539916992188,18.118686505423106,15.946543228008805,17.626509229846643,91948700
17.121206283569336,17.46901199585068,16.49778125724862,16.569967655490583,64712000
17.186824798583984,17.206511081647488,15.861227499893708,16.63558634272607,80536400
16.202472686767578,16.989955402899675,16.18278514948755,16.569964620962555,58580600
14.207521438598633,15.224688869409922,14.207521438598633,14.962193241025124,91424800
14.115647315979004,14.634073501974614,13.780966549574439,14.555325822627537,82868300
13.518470764160156,14.634071948764143,13.479096928665623,14.483137869642045,66502700
13.059101104736328,13.780961228968966,12.30442966872229,12.934415866958641,135941600
12.80317211151123,14.148456209545152,12.783484569221132,13.715340292535618,101615400
13.794088363647461,13.846587221528257,12.442240582791868,13.21003716159318,186379900
14.260013580322266,15.237805454156582,13.203474056494912,13.669401198689158,135790100
15.126253128051758,15.867801186925345,14.962193978065635,15.303437310438047,125043400
14.995002746582031,15.487180071404167,14.141894632554001,14.19439349713483,109872500
13.885957717895508,14.719377981855061,13.826896360501763,14.240325862257977,94984900
13.78752613067627,14.37157609295068,13.518469322100092,14.227204543756873,85590100
12.665356636047363,14.266573121934254,12.337238575510685,14.266573121934254,145009700
10.893524169921875,12.468491233262872,10.526032147199007,12.140373042913849,153808900
10.453845977783203,11.595697155446857,9.81729649908463,11.280703986092385,155154800
10.434157371520996,11.346326719159405,9.856669953248097,10.086352292693158,132882900
12.79660701751709,12.79660701751709,11.241326536960397,11.385699314637932,149090800
13.38722038269043,13.721901048716617,12.547238712668392,13.354409068081976,155421000
15.224684715270996,15.309994895048359,13.124727771208935,13.223162979158687,151894700
15.585611343383789,15.966228328229043,15.034372778894612,15.48061364078312,120464600
15.15250015258789,16.583095853693393,15.067188710776058,15.953108193280743,125001900
16.497779846191406,16.55027869905765,14.614382404402466,15.290304978596426,99884700
17.790565490722656,17.934937017983067,15.867793039837377,16.287783847628635,142105800
16.373090744018555,17.98743090468507,16.136845354000627,17.8824332317151,124920200
15.191874504089355,16.26154068449469,15.191874504089355,16.182791754902485,108922700
18.93898582458496,19.14241878948261,16.49122272391362,16.602782979181065,146776000
17.324644088745117,19.22772976959751,17.19339753414914,18.407434109603216,133143000
18.742111206054688,18.840546415576053,17.016210027320483,17.843068040308843,149452500
19.096477508544922,19.42459567449356,18.14493432662529,19.063664940947177,133663400
17.98087501525879,19.16210114867289,17.90212735736739,18.55180116749299,108610200
16.30747413635254,17.30495372475161,16.261537790462192,16.84558776250501,104860500
17.442760467529297,17.784003637349166,16.30747199082579,16.884959372952856,84307400
18.466487884521484,18.558361811703044,16.59621555208419,16.59621555208419,106016900
18.51250648498535,19.50518720874158,18.01945322010705,19.44602071664424,131840800
19.248802185058594,19.248802185058594,18.07862184684108,18.394175672686444,80949500
18.53880500793457,18.998987346178694,18.19695441113648,18.58482311636904,72188000
17.914268493652344,18.44019147080536,17.75649160050644,17.933991075507812,73652600
18.03260040283203,18.295561875744617,17.427788388183483,18.045748789952462,66538300
21.529998779296875,21.753516424187804,19.853617696514537,20.01139463633761,147913000
22.1545352935791,22.450367862094748,20.91203975971314,21.043519926020284,110196200
20.182313919067383,21.858694499417915,20.149442949435457,21.72064018866167,109541400
21.40508270263672,21.674618337519206,19.89962640906955,20.12971814111289,108069400
21.85212516784668,22.358324390875268,21.273608545786754,22.358324390875268,132956000
21.86526870727539,22.338600666226448,21.385363807916107,21.924435202144274,104962100
19.518333435058594,21.313045565613653,19.48546246870097,20.89230848132845,109372200
21.385360717773438,21.635175049766445,18.979262374345925,19.110742479800884,115629300
20.971195220947266,22.44378058322761,20.58990080798092,20.8002699663211,124080300
21.832393646240234,22.18739252856888,20.813417602043355,21.188137808568673,89366500
21.94416046142578,22.680452717011754,21.201292757206637,22.128232898372556,117098100
21.549724578857422,22.2005563146121,21.29991260641002,21.385373409078948,67832500
21.556285858154297,22.167672008407393,21.221008287861597,21.267026384521664,65809900
22.66730308532715,22.71989664031477,21.858695985882967,21.983601917280467,84731300
21.694353103637695,23.147216755069994,21.530001943761654,23.015735325609224,94556900
21.35906982421875,22.20054664445654,21.076385734707852,21.59573329906157,68254100
23.528505325317383,23.653411265132153,21.628606909835455,21.733791519100233,100918400
22.890819549560547,23.633687176434233,22.654153579384957,23.304984997367825,63488200
24.46859359741211,24.55405436738368,23.377302347923923,23.548226395665935,102644800
23.166934967041016,25.45470225536054,22.831657278041277,25.310072467337196,113228400
25.599319458007812,25.599319458007816,23.798033297181277,24.19247482658616,110026400
23.5548038482666,25.09970338141906,23.5548038482666,24.55405645635387,86808000
23.245832443237305,23.83749521564407,22.391206766783014,23.824349327461793,94148900
22.384620666503906,23.186654885300225,22.14138172603904,22.811934555357432,82160700
23.364154815673828,23.416745867755232,22.23341835623557,22.43063919018902,68764300
22.949979782104492,23.456181300727458,22.614704754340153,23.30497864053586,68301000
24.494882583618164,24.554049069647608,23.14063135996385,23.475906442265146,71730900
23.541658401489258,24.77100423721479,23.515361616988322,24.521189800054724,59860600
22.713314056396484,24.16617670121334,22.522666241158635,24.067567578288827,77073900
22.94341278076172,23.24581817939767,22.134803224715593,22.476653787094804,65068100
22.621288299560547,23.206377891799658,22.621288299560547,23.180081110445315,39227200
24.021560668945312,24.03470905968256,22.430640498925957,22.430640498925957,65462400
22.7856388092041,24.13989291898241,22.7856388092041,23.99526313321801,76374100
24.093875885009766,24.10702176812299,22.74619465618178,23.101193687418395,66107300
24.258230209350586,24.36998778514774,23.456195812502408,23.896655681066918,61932300
23.738882064819336,24.80387688451262,23.51536438584176,24.586934656334215,90184500
22.680456161499023,23.3510090793836,22.64758643673786,23.055176540934635,159381700
22.338600158691406,22.989431587462157,22.121658020966922,22.614711297739152,72136300
23.239248275756836,23.298414781587866,22.50295593148115,22.614716001517174,70954200
22.713314056396484,23.50877251719146,22.680444348754982,23.48247825575702,61583800
23.265546798706055,23.489064447703655,22.713326872229587,22.713326872229587,61615100
23.18008804321289,23.52193877966377,23.06833045073079,23.482496103634723,58992300
22.903968811035156,23.44961314503667,22.594987948435097,23.38387370983605,60176100
22.96971321105957,23.581099620209457,22.70675290562043,23.055176501531932,66560900
23.094614028930664,23.298407759302375,22.877669403672293,22.91711456493702,41157300
22.351749420166016,23.03545059253691,22.305731313160162,22.930265989695137,55388500
22.023052215576172,22.60814185826448,21.944164372510155,22.529254015198465,56344000
21.516847610473633,22.036197734191205,21.155275660115457,21.977031232656305,65456600
22.463504791259766,22.5555435041699,21.589158334900763,21.595731274780807,63861500
23.009153366088867,23.088041189731822,22.213694665875767,22.779062835547457,77009100
21.60887908935547,23.009150979734287,21.602306149649714,22.805354739677774,70388300
22.069067001342773,22.41091761342022,21.648328558108666,21.766661558743124,59046500
21.99675178527832,22.305732672112295,21.740364456968805,22.207121003778376,50429500
22.44378662109375,22.470083399910223,21.56944004173632,22.00989980181738,57205700
22.6475830078125,22.838230893481423,22.009899911236598,22.272862685110894,46722500
22.746192932128906,22.81193488170784,22.37804804568269,22.713323211238915,34914800
22.424068450927734,22.87110372260949,22.26629026359332,22.74619525952831,39470600
22.233139038085938,22.75983415288688,22.1541353987359,22.56232379877158,36463700
21.245580673217773,22.2331347654942,21.245580673217773,21.96320341406451,38352200
21.462848663330078,21.462848663330078,20.797896450449063,21.087578179870757,60664000
21.601104736328125,21.989542851447357,21.153413264276114,21.482598022462568,56704900
21.53526496887207,22.048794868236854,20.929566256134432,21.68010705734422,71784600
22.134382247924805,22.219970987535746,21.640605114868457,21.653772806460935,41655600
21.29166603088379,22.167296007767202,21.206077307540934,21.93028513859297,51037400
22.852008819580078,22.852008819580078,21.350926895425495,21.640608622978604,70454200
22.84542465209961,23.102188383358484,22.42406852783062,22.733500518882817,52924000
23.872472763061523,24.20824255539036,23.049511032914232,23.115349478213947,84050100
23.786890029907227,23.971232680744308,23.187773903206445,23.37211655404353,71465100
24.287246704101562,24.491342121729623,23.81980503401272,23.977812283193202,61742300
24.34649658203125,24.649345859383452,24.089732955081356,24.37283195696959,43554400
24.320175170898438,24.56377376172465,24.09632937835715,24.491352694802316,43509400
24.247743606567383,24.576928271257273,23.839552814086552,23.964644594015706,40137700
25.116809844970703,25.327487988191653,24.07658431527089,24.326765552151357,56528800
24.96537208557129,25.182635242191036,24.62302213029011,25.050960830131842,35328600
25.10363006591797,25.985845307893644,24.734942236972188,24.99829104500208,30479300
25.07071876525879,25.14972242410213,24.787619600299035,24.8468729723018,29035900
24.866613388061523,25.176047820295935,24.649350273136076,24.879781077888524,29931400
25.327476501464844,25.860754210863163,24.95220607208068,25.103630761877763,38531000
25.44598960876465,25.44598960876465,24.971962626694744,25.268229490488434,39085700
26.071428298950195,26.170184717570784,25.66982505821059,25.75541127543638,42957800
26.47303009033203,26.663957798309617,25.78832538608945,25.854163825812588,43363800
27.506675720214844,27.78319220426099,26.50595382198919,26.558624585228543,63334100
26.828563690185547,27.954375207926248,26.47962857347176,27.83586846800818,54175600
27.888534545898438,28.395479400886284,27.11165827581114,27.177494226233243,65696000
28.105804443359375,28.45474212760546,27.658112800972255,27.671280497687327,43700600
27.151151657104492,27.98727847709718,26.95363885341022,27.835853836016632,50698800
27.789775848388672,27.947785632622068,27.01289964149181,27.1182386604873,43077100
28.244050979614258,28.309886921350905,27.526428164171968,28.13212686488573,40385300
27.947792053222656,28.211138405471235,27.519850777532483,28.06629879075283,38413900
26.815401077270508,27.375016902152264,26.802233380175256,27.13141827311226,39162800
27.454010009765625,27.572516726543643,27.032653910768435,27.058986783345418,29053600
27.26307487487793,27.58567696369902,26.993143539937744,27.09189994772455,29394100
27.92801856994629,28.06627800231123,27.309152463495792,27.342070419209715,29634300
28.74440574645996,28.843162153640915,28.000447677074792,28.217710768280984,42863600
28.31646728515625,29.126263871449183,28.27696672781122,28.876082791850717,40385200
28.69173812866211,29.060423365669433,28.507392998678633,28.566646341980498,34835700
28.507408142089844,28.823425303744564,28.257226947307764,28.566661516867676,31908400
28.606170654296875,28.724677428917598,28.00705418770619,28.342821708143784,28975700
28.2572078704834,28.876076591796558,27.98727657017004,28.843158630583602,27263600
28.612741470336914,28.704912810106844,27.691025561156984,27.941204194395176,32251100
27.434247970581055,28.84974299313777,27.361829456048977,28.36255110966216,51475400
26.900976181030273,27.72393799512699,26.82855513955294,27.32891481747248,35898500
27.72395133972168,27.81612270542928,27.065581571545838,27.144585240512157,35019600
27.875370025634766,27.97412647398657,27.513267234146173,27.86878743443569,21880200
28.007034301757812,28.33621899497599,27.552757817769592,28.171626648366903,28089300
28.217723846435547,28.35598087138348,27.908289304568434,28.046546329516364,29031600
28.32306480407715,28.408653568318144,27.783201850829816,28.132136988263042,25112100
27.980709075927734,28.566657640621997,27.967541382043716,28.395482643091405,27289900
28.80365562438965,28.869491546939326,27.658091987077245,27.704180146637373,28945000
28.434974670410156,29.099929198633117,28.013618638634846,28.711491135937738,49985400
29.39618492126465,29.41593519301127,28.448131693761038,28.54030297721742,38721900
29.600299835205078,29.699056290546892,29.099939989792965,29.15919336070186,35705700
29.593706130981445,29.850469804677168,29.429113774870846,29.784633866824947,39492000
29.330360412597656,29.494952785857443,29.1130997858645,29.3237778227186,24070000
30.594436645507812,30.607604339113536,29.284280013767027,29.50154319104033,41148100
29.666135787963867,30.614187130451214,29.613465013196407,30.54835117347266,34427200
29.211864471435547,30.153333394457942,29.139443398667478,29.764895149913865,42231400
28.73783302307129,29.15260404806164,28.533737550193052,29.067017811370018,31056100
29.50153350830078,29.514701197584717,28.764157977279858,28.948503115775054,25826100
29.547626495361328,29.75830455321042,29.251359691673372,29.554209085896368,23930600
28.849754333496094,29.554209571916385,28.59299060323756,29.494956210204368,40904000
27.236753463745117,28.678584697045185,27.23017087187463,28.573245646749932,50562700
27.592693328857422,27.948643626090902,26.716001209506718,26.907159981856452,43061100
28.871482849121094,28.957175170441513,27.91569123068205,28.001383552002473,34430200
29.603147506713867,29.66247255239942,29.04944791848832,29.240606678421663,41695700
30.1238956451416,30.20299488455686,29.306528456119008,29.398811321190053,36148700
29.860227584838867,30.611676631081473,29.695436039100773,30.34801166661218,36627700
30.222763061523438,30.282088107928836,29.7152074044671,29.965688698606364,26034200
30.374391555786133,30.598505737302144,29.893197829235625,30.56554791734511,24220600
30.097518920898438,30.341409632469368,29.35266065016059,30.0909283674046,45701900
31.08627700805664,31.29061942947697,30.736919736630387,31.10605118884849,70368700
31.08627700805664,31.191743496478875,30.558944565945474,30.558944565945474,36096800
30.361177444458008,30.90169319557989,30.32162659150349,30.78304315123431,37459000
30.3084716796875,30.605097071492036,29.95911428185124,30.59850399916286,30415400
30.34140968322754,30.710543542467068,30.170027632395538,30.196394875452366,30614800
29.431758880615234,30.598480328273762,29.431758880615238,30.334815473044753,32991600
30.130475997924805,30.23594245293858,29.550411752608365,29.609734276192395,32388900
29.814085006713867,30.45347698423652,29.636109842418303,30.12389390543422,27638200
28.88466453552246,29.800905209967702,28.70668934836466,29.741580147581768,42085500
28.937416076660156,29.438381609310657,28.78580553890898,28.9967411739694,38075200
28.133201599121094,28.878059790995398,28.014551532644887,28.82532531055334,45679500
29.2340145111084,29.266974826575844,28.185940348027156,28.48915865450201,35898600
27.53338050842285,28.983547074403198,27.5070132492457,28.97036344481462,58853300
28.067304611206055,28.245277314331233,27.36858736947129,27.8036370633197,44598100
28.14640235900879,28.317784495771935,27.67180180409553,27.744310501598385,29387800
27.823402404785156,28.79896799861828,27.764077351095068,28.48256855044424,42548800
28.917617797851562,28.957168671396598,27.948645283931228,28.080476500042813,32893300
28.660545349121094,28.798969644134157,28.284820825788806,28.436428746210655,27140000
29.2340145111084,29.260381757674743,28.54189063311566,28.957165965718918,38845500
29.115373611450195,29.21424956004198,28.706691218675804,29.095599427539767,30980200
29.214244842529297,29.655887489864433,28.858294502501472,29.227428467847304,32669300
28.541900634765625,29.431776659317155,28.34415124526081,29.056052064902037,34649600
28.278228759765625,28.535303155205792,27.922278436301106,28.44961085188597,36650700
28.37051010131836,28.74623458449152,28.185941879842318,28.508934381536015,43516700
28.449613571166992,28.469387752854207,28.040931224340813,28.29141257411066,25859700
28.594627380371094,28.6737266117865,28.304592674315888,28.436426403021052,20422300
28.047517776489258,28.462793134280073,27.856358999067545,28.410058637948904,26878000
27.988197326660156,28.172765579643247,27.783857406081175,27.99479039704505,25328200
28.528717041015625,28.76601731451345,28.14640188945129,28.311193466655897,29810700
28.001386642456055,28.5287192270134,27.84318812434891,28.51553559808445,31881800
27.790449142456055,28.12662282529767,27.645431762063353,28.12662282529767,26123800
27.243343353271484,27.619067928867512,26.86102570679424,27.012633648304938,26230100
28.00796127319336,28.113427720663662,27.348795347874336,27.39493676148519,38240600
27.82999610900879,28.152986119616408,27.43449490388274,28.087070509355076,39211100
27.638843536376953,27.783860928997267,27.335627637734397,27.783860928997267,32519700
27.28948402404785,28.403474092270645,27.230158960383932,27.882732146167324,53314400
27.51359748840332,28.021153234757783,27.17083077270201,27.849771134166843,61485000
27.190595626831055,27.65860285110539,27.065355000685667,27.441079393640393,32949600
27.164236068725586,27.2894792448153,26.781921014473085,27.032402337613963,41878900
27.151052474975586,27.36198543918585,26.76214435074054,27.19060334870974,42492800
27.203792572021484,27.394951395966157,26.801700740455036,27.263117637572595,36380900
26.99944496154785,27.1906037489646,26.861020673219578,27.019221655965687,46616100
27.53338050842285,27.638847030611227,26.828072669815544,27.032412642137892,35340800
26.933528900146484,27.487228558685448,26.775327920055666,27.35539482769631,40244400
27.263118743896484,27.487235387904143,26.946719219624484,27.137875536806387,43562800
26.544628143310547,27.10491851235562,26.491893630472436,27.06537014224701,44272800
26.992868423461914,27.151066973839132,26.39302701469701,26.716017188520855,48126800
27.619060516357422,27.843177090293484,27.355393071308253,27.388350873309623,35991900
27.645423889160156,27.75089035908731,27.480632372741542,27.68497475832746,24754800
27.394939422607422,27.64542068810691,27.322430761455944,27.579505094979403,24503600
27.612470626831055,27.612470626831055,27.361986776642954,27.474046333774236,7956500
27.50041389465332,27.77067192846619,27.394947406202434,27.58610368778756,13039900
27.34880256652832,27.553142448020452,27.329025873676187,27.50700102223067,15593000
27.37516975402832,27.434494808865793,27.17742040940986,27.203787659230812,15501800
27.467451095581055,27.770669422722516,27.322436258620396,27.434493292386325,20143100
28.27919578552246,28.371592008796163,27.500445240707496,27.579642003513527,35460500
28.82695960998535,28.932552767190668,28.23299652724329,28.239597515684565,41208300
28.9853572845459,29.09755146579352,28.582784975766305,28.675178702946546,27729000
29.559520721435547,29.777305561872293,28.780770045856706,28.899562692473143,44864700
29.486928939819336,29.500128404295907,29.090955075683997,29.282341016743167,33110100
29.3879451751709,29.823517595181514,29.242756046861604,29.777320711054735,31878700
28.701574325561523,29.137146501792024,28.33859541408614,29.031553323237354,47109600
29.20313835144043,29.387925765904633,28.292395704721677,28.74116729774021,39622000
29.493515014648438,29.55951230928699,29.104139787668768,29.170137082307324,37938300
28.82695960998535,29.32192800642392,28.602573836231624,29.23613277946352,69738500
28.562986373901367,28.87316749315505,28.312204103161346,28.642183160225976,41731500
28.64217185974121,28.826959253178437,28.186799329428872,28.38478618204582,39934400
26.754697799682617,28.47718857447186,26.609506234745606,28.404592792003353,137547700
25.843963623046875,27.190278987125076,25.61957772903384,26.827302472041264,106634900
25.8769474029541,26.325718954647268,25.632763696677944,26.239923726886655,56572200
25.3687801361084,26.292722180049072,25.263186975447137,25.738357457192574,52975300
25.956153869628906,26.06174706732021,25.124605234962033,25.30939270153671,66314300
26.055143356323242,26.424720768431005,25.553576349035712,26.18713546904317,65047400
25.69876480102539,26.299326508071072,25.606371079562994,26.167336916004842,53649000
26.15413475036621,26.352121635544503,25.7053631346075,25.80435531842673,37408200
26.761295318603516,26.84709056005906,26.200332048213927,26.266326838539804,45968500
26.589704513549805,27.124268803703597,26.51050775256882,26.781092909611104,37373300
25.309385299682617,26.345519035737503,25.309385299682617,26.259726318512858,57211800
25.276390075683594,25.659166911672745,24.438243140796214,25.500775889098637,75224100
24.88041114807129,25.269786375571073,24.62962646318854,25.269786375571073,58321000
25.335792541503906,25.540380470812398,24.972816068732488,25.2038004102578,45173500
25.652572631835938,26.06834697199686,25.42158828593573,25.50078255916715,39331800
25.751562118530273,25.982546417402236,25.31598992812883,25.632769474098968,33830600
25.705373764038086,25.85716385602617,25.315998304576176,25.52058374625796,38051100
26.444507598876953,26.490704441297623,25.573363545317022,25.956140259704405,46425300
26.424715042114258,26.69529768166095,26.239925117334845,26.56990406885713,34644100
26.668903350830078,26.734898145475857,26.246530623000993,26.358722277406827,31809500
26.418132781982422,26.860306199614794,26.332340006393704,26.47093066007523,40290200
26.95928382873535,27.256265438145146,26.56331002788231,26.662304736865583,43898900
26.31912612915039,27.223267897438976,26.23992935536539,26.99228360108277,52233100
26.95928382873535,27.03848060293798,26.398320524603534,26.431317921751283,44645000
26.820701599121094,26.853699006540502,26.2003417799975,26.503921956321335,46718100
27.698440551757812,27.922826392599745,26.79429619797522,26.85369252400809,67699100
27.606054306030273,27.837038682331244,27.32887053692822,27.738043939607465,34606800
27.46746253967285,27.98223170308502,27.295874496896136,27.705047920087544,33891600
27.408056259155273,27.757835727989043,27.282665139408888,27.48725303561203,27562500
27.66543960571289,27.771035308101517,27.493851624411587,27.658841133083655,25450700
28.252796173095703,28.292392032461645,27.84362049769219,27.929415722217364,34790800
28.107616424560547,28.39799709097428,28.028422155091423,28.27920442800038,28524900
27.995407104492188,28.259391216768645,27.75122343703686,27.975609177210128,37107100
28.332000732421875,28.70157816557939,28.25280646729537,28.292402341088472,40903700
28.496984481811523,28.510183942916026,28.24619975590559,28.31879553321045,30119600
28.477195739746094,28.73457902050309,28.279206276818623,28.60258688439831,31367300
28.42439079284668,28.51678450982656,28.114209727951383,28.32539608605968,29142000
28.53659439086914,28.628988138378084,28.173615357739983,28.609187679954164,28553800
28.89954948425293,29.110735755597336,28.556371163933537,28.582770077236322,32918800
28.800567626953125,28.89956233709619,28.477189606560568,28.873163412052698,26012000
28.67518424987793,28.96556495112144,28.463997827602515,28.67518424987793,37014400
28.866573333740234,28.89957074086996,28.40460208130168,28.424400022071357,23257200
29.42093849182129,29.526531705730342,28.89296990473523,28.93916677847414,33735700
29.658531188964844,29.678331653960768,29.17016335645378,29.328551971171343,35849200
29.658531188964844,30.391085455273075,29.62553377069382,29.684930130598318,45019400
29.7113094329834,30.28547218750944,29.55951939523697,29.724508895075257,39727000
29.605710983276367,29.94888938395098,29.341726823514502,29.863094154397444,30628400
29.42093849182129,29.73111714156243,29.275746878618545,29.632124919639395,30296300
29.533126831054688,29.69811636642371,29.20314776031665,29.2427461551198,39043000
29.850255966186523,29.936147182054285,29.72472458942296,29.75115052323479,23894600
29.955963134765625,29.995605810555038,29.592580761274508,29.916320458976212,21342400
30.28632354736328,30.35239218024707,29.830443931608855,29.88329833384453,28192100
29.94275665283203,30.42506465806261,29.744548263338924,30.279713183291086,28890100
30.233448028564453,30.372196104849106,29.60578884116323,29.83703143437892,28869900
30.37881851196289,30.53738674826772,30.028650245583684,30.31274988371057,22881200
30.48451042175293,30.702541292820545,30.325944806753768,30.411833464730396,24645900
30.306129455566406,30.6430858785689,30.292915231100075,30.418449103352444,27988900
31.535018920898438,31.667158621379865,30.907357233878027,31.316990557405965,72533100
31.58787727355957,31.84554831524793,31.376454751130385,31.482166012344976,45412100
30.094715118408203,31.548247441786923,29.823829743806066,31.49539052949563,121203900
29.989017486572266,30.1938343345453,29.460460724464784,29.88330613415077,72136600
30.312742233276367,30.491130508963323,30.10131965180056,30.240065248327312,39310700
29.96257972717285,30.649704565018276,29.73133700306942,30.418461840914848,46320600
29.559547424316406,29.810610151453595,29.09045123338987,29.671864562190013,63176900
29.69170379638672,29.777595058639616,29.235824057396684,29.55295811761029,32483800
28.997955322265625,29.605797126527655,28.89224403287518,29.585974527022234,42889300
28.02012825012207,29.315092313188366,27.94745125835758,28.727073045793784,66296100
28.713857650756836,28.87903170883117,28.264584011166157,28.3042266924322,48578900
29.07063102722168,29.28866196969664,28.806351555195512,28.997954046396693,36520300
28.132455825805664,29.103677885696413,27.90121055794069,29.08385779886913,54121100
28.76009750366211,28.892237214304167,28.3372524458918,28.390109338290763,31230900
28.05977439880371,28.64779373882752,27.914420397321322,28.39012256918621,48982200
28.165481567382812,28.654395376195552,27.498176950018088,27.821919218304487,43062100
26.9630126953125,28.26458248900117,25.9587541738613,28.16547957170734,78226200
26.929975509643555,27.643528602341007,26.28249354794917,27.108363782817918,72976300
27.716203689575195,28.608142474053402,27.36603302011189,27.96066055666787,66578300
27.451929092407227,28.11262535225027,27.18765210068374,27.392466328207103,50771200
27.54442024230957,27.61049136629951,26.963009473332143,27.577457064482378,47700000
26.9630126953125,27.484960775247686,26.943190095568955,27.379249484587348,35320800
26.355180740356445,26.49392638867106,25.905906956936537,26.49392638867106,60719400
26.322139739990234,26.454279499278236,25.61519492620914,26.38160250565202,56506200
25.78036880493164,26.837481830719998,25.469840750950446,26.837481830719998,61735000
26.018224716186523,26.203218900097365,25.450025413766966,25.463239644097275,64600500
24.994136810302734,25.93232414276708,24.650574506478154,25.469836329143384,76564100
26.460886001586914,26.5335629969943,24.45897704250433,24.45897704250433,89588800
25.516096115112305,26.593032031012243,25.436813247055188,26.533569249880173,49141600
25.727506637573242,25.773755165481074,24.67699968014902,24.888422242115023,66813700
25.621803283691406,26.097505455469754,25.41698903111969,25.892688682541515,50719600
26.705345153808594,26.751596216857514,26.031437097332173,26.15036264150014,44843000
26.150358200073242,26.65909208328499,26.005004221809248,26.645880376493828,41252400
25.463233947753906,26.401421408114583,25.436805493005565,25.978576213565763,37848600
26.13054084777832,26.176789391905274,25.54912733829521,25.879475522262968,39618500
25.833223342895508,26.38820831467835,25.51608943335621,26.335353923266606,30950400
24.85539436340332,25.56894758472759,24.776111512263867,25.430201965144445,52868900
24.260765075683594,25.192346609388125,24.221122396673795,24.967709802377872,44528300
24.961109161376953,24.974323391807,24.148452892604674,24.35326968373528,51017900
24.52504539489746,25.212170136222124,24.45236840028631,25.205564282328524,42586000
25.298059463500977,25.350913851758552,24.716646070530913,24.895034356567958,44302600
25.165918350219727,25.21877273561656,24.78932171797682,24.967709994358614,31147600
24.66379737854004,25.284851076050703,24.59772622751335,25.086642663684042,48662200
25.271629333496094,25.29144941273395,24.61753899473134,24.80914149521713,45355600
25.450016021728516,25.687867039184376,25.099847868449498,25.119667946452218,37217100
25.397157669067383,25.70107979643003,25.05359538796379,25.50286894630267,34755100
25.886083602905273,25.945546376157385,25.357527018640162,25.50287850409019,37270800
25.681270599365234,26.282504274923717,25.542524948164886,26.130544392129483,33665100
25.32448387145996,26.150354033920475,25.25180689390652,25.720900541298718,42245700
25.694469451904297,25.839823392080568,25.119664583574767,25.29805282278506,45046000
25.12628173828125,25.568949609608538,24.723256555841306,25.46984414756847,73843400
26.057863235473633,26.163574551060186,25.291455567381952,25.621803743634512,70734200
25.463233947753906,26.189998810840173,25.41698541212239,26.130536047834482,39962900
24.48540687561035,25.04699774747423,24.36648133468635,25.04699774747423,56694200
24.18808937072754,24.76950275851886,24.12201823554892,24.458974724069616,35332500
23.870525360107422,24.274099174998895,23.261852145934046,24.174860705292456,56642900
23.70512580871582,24.274099607048374,23.380940744776755,24.022693460274695,36796000
24.03592300415039,24.39980240541782,23.724970276836725,24.274096822646904,35953600
25.24004364013672,25.299587747294787,24.0888584096821,24.241026122685163,44602900
25.246644973754883,25.68330068384331,24.57843037339329,25.65683608958277,41498200
25.703153610229492,25.729618210402748,24.929082983685692,24.975394772087295,30422300
25.928089141845703,26.027330097974506,25.537745250902677,25.709762571685626,24998900
26.781553268432617,26.92048858786755,26.291970945527897,26.338282718672875,48564800
26.6955509185791,26.715400628763692,26.35813613107641,26.563232977630875,37320600
26.76833724975586,27.019745973847495,26.007498711299952,26.940354675009463,81876200
25.802387237548828,26.695545786250687,25.70976368717115,26.64923401106185,58507400
25.8288631439209,26.040574930034715,25.22018986599101,25.822245730965335,35404900
26.219194412231445,26.225809298151443,25.32603338489137,25.35249797617604,43538200
25.418664932250977,26.629393864731345,25.36573825682293,26.629393864731345,41115600
26.033952713012695,26.199352673130445,25.623761518585543,25.7759291790375,35494400
26.351533889770508,26.437540087901027,25.782557384948127,25.91487538939636,28241000
26.682321548461914,26.702168735144763,26.133192494741902,26.331671932979347,27209400
26.92049789428711,27.284379843080757,26.867571216882816,26.953579906943425,44872200
26.675704956054688,27.05943406905794,26.56323419632805,26.755096229026613,23945400
26.602920532226562,27.013114120205362,26.404441147870344,26.933720347421033,28994300
26.64923858642578,26.92049439787579,26.278744321305513,26.278744321305513,26406500
27.549013137817383,27.58871003131667,26.94695746732666,27.11235740453623,35566700
27.17851448059082,27.555626074290927,27.03957663780472,27.456385118558334,29967900
27.317445755004883,27.390222108593342,27.032957749414706,27.27113398886713,23078100
27.304227828979492,27.410083710682553,27.085898653327583,27.105748366261672,19830500
26.75509262084961,27.09250990213174,26.444142458726194,26.95357456221685,34906600
26.344905853271484,26.834490853268477,26.2390499781104,26.82787344143164,37790900
25.914871215820312,26.285368130497854,25.908256326184887,26.245671221274055,34166500
24.988622665405273,25.65683729721892,24.975390367652174,25.57083114752789,46201600
25.015087127685547,25.134175283026448,24.624743179357644,24.717366739333293,35387300
24.809995651245117,25.16726019433583,24.809995651245117,25.008475111694423,24564100
24.935701370239258,25.02171007096753,24.664445489914893,24.69091009380106,28334100
24.796756744384766,25.187100672921506,24.74383008014047,25.120941711665488,33883800
25.068010330200195,25.26648972040416,24.737210505259466,24.737210505259466,27041700
24.525508880615234,25.120949819304865,24.47919708802864,24.915852935133234,35384700
24.571815490722656,24.71736825032657,24.353488875119666,24.551968304886806,30862000
24.399808883666992,24.750456078593484,24.373344277762122,24.618135572872855,29282800
23.956531524658203,24.280716582767166,23.76466694993664,24.20794019071393,48709200
23.969758987426758,24.10869433122994,23.599262213482135,23.784511862355842,36058000
23.57280158996582,24.227783978894603,23.56618417863356,24.05576914130003,31873200
24.214555740356445,24.274099833316477,23.519876338358333,23.731588108037695,38448800
23.718355178833008,24.214555099091466,23.705125401906358,24.082237139398522,27306500
24.05576515197754,24.241012257712967,23.638956640270298,23.77789196957187,34784400
24.968782424926758,25.008476805423008,24.254253290353002,24.30718249608592,36770500
25.246644973754883,25.273109568015425,24.803374377002633,25.034933267275807,31282900
25.914871215820312,25.914871215820312,25.451753227228075,25.451753227228075,34135600
25.32603645324707,25.696533204712672,25.28634208531326,25.623756831763835,31885500
25.88178062438965,26.08687744841431,25.36573364473088,25.36573364473088,30781000
26.5301513671875,26.675704132980915,25.881783856348736,26.41768061093113,33438800
26.305208206176758,26.62939323428488,26.24566412035294,26.411064078329865,21928600
27.204980850219727,27.43654227561299,26.88741327498013,26.88741327498013,41643200
26.940345764160156,27.277760565470633,26.768328395803405,27.10574572091693,42754100
27.112350463867188,27.21820629563047,26.688927136814055,26.80139785389912,25399500
27.118976593017578,27.19175045016584,26.82787106921285,26.940344346265473,25207500
26.503690719604492,27.17852286487864,26.457378932323206,27.14544085356076,45938300
27.251300811767578,27.330694622264687,26.48384497691999,26.622782883388187,33337500
26.854339599609375,27.456395397740224,26.774948319582034,27.330692327379992,33548900
26.42430305480957,27.019744063505843,26.29859996355312,26.74848816483392,34546000
25.868549346923828,26.265510713222547,25.79577549404836,26.219198932391443,33471100
26.298593521118164,26.331673008208007,26.000873089703376,26.13980844976258,28855100
25.855323791503906,26.245665286827013,25.80900947931313,26.159659121994725,25684900
25.76931381225586,26.067034239696135,25.54436976972355,26.04056964085632,31442600
25.41205406188965,25.723006847026582,25.18049508815163,25.663462750379157,40207000
25.18048858642578,25.76931198801124,25.11432709400991,25.46497669430685,54885200
25.676694869995117,25.861942047670425,25.332662594452753,25.3657420870657,38973800
25.80255889892578,26.19340648273403,25.64356898048725,25.822431691083466,38886100
26.259639739990234,26.37888149679608,25.88204168579104,26.074153685873565,42379500
26.431882858276367,26.544498685741175,26.11390310848064,26.206648676288417,31559900
26.180152893066406,26.71011499068746,25.96816805401798,26.571000413885425,26923900
26.041044235229492,26.352395616879594,25.921802420279512,26.279525338070254,28178500
26.31926918029785,26.43851097589417,26.100660906410457,26.180154594455075,24601000
26.763118743896484,26.822739651809954,26.147036871143687,26.147036871143687,38798100
26.392135620117188,26.97509514437905,26.21989889982035,26.93534704259128,69607700
25.650188446044922,26.087407452418034,25.239465646832013,26.001287829736828,76504900
24.610145568847656,25.795935270324694,24.206048578235684,25.74956373307997,142280400
25.30571746826172,25.345463050362124,24.517396395818604,24.610141983856938,55058700
24.967870712280273,25.603827972647565,24.842005461019188,25.106987863427182,70595100
25.23947525024414,25.371966444690486,24.81550544966331,25.17323091655064,43497200
24.974477767944336,25.43819535780606,23.987421719137842,25.299078311907248,38250300
24.974477767944336,25.03409863702738,24.722744928809533,24.841986666975618,24876900
24.557147979736328,25.219601397106196,24.510776442685177,25.153357066192907,37893500
24.643260955810547,24.68300653276791,24.365029281816238,24.49752043481074,39188100
24.868511199951172,24.92813213090601,24.510785614222133,24.550533743878756,30777500
24.84861183166504,25.14671619803651,24.729372612174192,24.974479523609517,30614600
24.928119659423828,25.00098993047404,24.722758216196763,24.808877857170554,19803300
24.78899383544922,25.173217847156838,24.57700904521675,24.914861542002146,36941900
24.48426628112793,24.888363081600332,24.398149196513664,24.861864350769142,39913100
24.987743377685547,25.060613656951208,24.484277372064202,24.497526743481522,35299600
26.365638732910156,26.398760889858142,25.08048034309486,25.265966443650434,77569400
27.120838165283203,27.38582050561359,26.35239241079574,26.425262680739543,75684800
26.83599090576172,27.29308545055929,26.637255355747815,27.06785115332763,32967000
26.431882858276367,26.948595529342345,26.319264503753228,26.782982234558805,32800100
26.90885353088379,26.922102900717988,26.22652741030546,26.41201353386643,35587900
26.511383056640625,26.789612247361102,26.39876467440213,26.67699639218156,25499700
26.23978614807129,26.67037944964485,26.08742213117051,26.40539953953646,33504800
26.551132202148438,26.92210447090673,26.3060226365085,26.378892911317184,28772500
26.23978614807129,26.478269836110705,25.862187817695485,26.325905819209925,46023000
25.954923629760742,26.286150319750483,25.822432448353027,26.219905992576173,32027500
26.272903442382812,26.498137714034478,26.07416791493942,26.21328253144386,30987600
26.107284545898438,26.259648502199862,26.007915539717214,26.10728454589844,26542000
25.511075973510742,25.901923529290467,25.31234048500859,25.875427317333333,33249500
24.928119659423828,25.318967227463133,24.908244341009002,25.179850106795033,35340400
25.279216766357422,25.332214241122195,24.90161860336382,25.06060850059945,24248300
24.842002868652344,25.15998020212399,24.842002868652344,24.981117478222586,12819100
25.113601684570312,25.23284346735798,24.5836396094354,24.822123175010738,30911400
24.775745391845703,25.034101680259727,24.669753003597442,24.835366268176468,33716700
25.272598266601562,25.299094482084584,24.94137156600159,25.140107080949736,33157200
26.041044235229492,26.087415771370125,25.391840202201386,25.458084531813956,41526000
26.23978614807129,26.279531744704656,25.63695350422046,25.88206061601217,30070200
26.431882858276367,26.53124931891149,26.03440943456087,26.153651208969688,25364500
26.00128746032715,26.802855206113296,25.994664040395797,26.72998495157667,40908200
26.670372009277344,26.716746070845407,25.875429973661333,26.074165482565338,38115900
27.034719467163086,27.226828999224086,26.875729566877403,26.941973884545508,43001900
27.445436477661133,27.491807999833526,27.008217463565394,27.087711140566867,28449000
27.49843978881836,27.816419647714717,27.2665821073931,27.538187902945204,35730400
27.021474838256836,27.491816146559184,26.809489952062556,27.452068032750567,34010800
26.637243270874023,27.16058191922632,26.537876804477794,26.981719247242935,30264000
26.5047550201416,26.94860003849788,26.3788898047868,26.776360767950514,37123200
26.279523849487305,26.544506207046247,26.18678078245939,26.537882785283845,52004800
26.46500587463379,26.676990696703186,26.292766627290895,26.385512198122367,22978200
27.160587310791016,27.31957722646745,26.484884591519382,26.604126396511965,30757800
27.929035186767578,28.180768185838048,27.26658178809941,27.273205210180056,47280400
27.876033782958984,28.00189898985987,27.70379452398031,27.922405307978185,18927900
28.266883850097656,28.273509798895688,27.690550130561817,27.703799501098842,17203200
28.22712516784668,28.56497511506804,28.13438214418034,28.286746044069023,20386600
28.06151580810547,28.333121498230607,28.02176770940732,28.20725630960713,13637400
27.975406646728516,28.134396573884228,27.85616483312652,28.028404131466807,12901900
28.101255416870117,28.12113072553091,27.849525093038448,27.89589660148416,12199700
28.869712829589844,29.1744407073463,28.458990009596167,28.48548874515547,43278500
29.287538528442383,29.38038811024616,28.743703095053387,29.035516427859733,40036800
29.64568328857422,29.8114868835551,29.115112290627813,29.12837435185965,50032500
29.499767303466797,29.711995645005587,29.347228341108384,29.4467114830628,31606200
28.942665100097656,29.572719048565766,28.28608450840108,29.539558847059276,69579400
28.783489227294922,29.028877704151665,28.51820260963958,28.697270697062834,30098100
28.91614532470703,29.194696673805876,28.796766536516387,28.982468279236294,28067100
29.652307510375977,29.778319832802016,29.347229572854577,29.473239365319113,44296900
29.479869842529297,29.82474150844184,29.294168157831013,29.80484336331913,42133000
29.78493881225586,30.468048380777123,29.47986099815515,29.51965221654017,86983800
29.6788387298584,30.123191078583055,29.513035161535168,29.85790688724289,46237700
28.989091873168945,29.82474317613476,28.916137906882568,29.546191898492363,44989200
29.6788387298584,29.83801126863184,28.922774863098333,29.068682812810515,46977700
30.036962509155273,30.20276600828292,29.745146731515817,29.87779003681006,44767400
29.85790252685547,30.162980440826452,29.751788359823763,29.983912309592707,27826800
29.7584228515625,30.129823744376154,29.353861752060137,29.725262644873794,36022400
29.831382751464844,30.16298994416227,29.758428764277475,29.977290725839584,25639400
29.910964965820312,30.096666696699604,29.639047194493287,29.831379955421685,26740900
29.539554595947266,30.42826153021561,29.44670503310683,29.877792650574687,38593900
29.804859161376953,29.910973381752687,29.446725248835467,29.453356280750324,23574500
30.461427688598633,30.507852479104713,29.950752463070433,29.977281637634288,28255500
30.143091201782227,30.49459398006613,30.070137222147032,30.368584170671976,24104900
30.149709701538086,30.342042380649733,29.738517704440707,30.162974285955524,23322400
29.57271385192871,29.957376675739642,29.380381175042867,29.844631504437377,38172900
30.176239013671875,30.34204252473601,29.61250808803815,29.67882848047948,36790900
30.335418701171875,30.388474521731847,30.05023639202299,30.16961515073468,28649500
29.917593002319336,30.176246135832653,29.61251507714781,30.08339655251622,33491000
30.196151733398438,30.20278529437737,29.811488685373877,29.91096933039781,22688600
30.88589096069336,31.098119342625136,30.109931413623144,30.109931413623144,40812800
30.865978240966797,31.104735670860588,30.81955346626083,30.90576945930878,28699200
31.051681518554688,31.39655312703881,30.865982394740474,30.879246979293033,35972900
31.794483184814453,32.07303442363474,31.2373832371349,31.270545966251404,44327800
31.714902877807617,31.82765060751625,31.502674535962257,31.68174267376204,22932600
31.834274291992188,31.920492826588696,31.5358274645126,31.714895561000354,23844300
30.51449203491211,31.350143557463515,30.408377836964856,31.30371875398422,44561900
30.4813175201416,30.839453718906608,30.036965315347167,30.5343758592005,36264800
30.448169708251953,30.54765286947255,29.983919172492307,30.26247050593285,31926900
30.95884895324707,31.078227749798998,30.587447971756394,30.673666553702162,26782100
30.965463638305664,31.290439641808746,30.786395538003255,31.045051147302868,25985300
30.242565155029297,30.965468701886632,30.23593412650897,30.81956330478787,33682600
29.98391342163086,30.487957631196334,29.891063838279692,30.103292180214186,28600000
30.56092071533203,30.72672431505507,30.315529566169186,30.322163126936914,23043600
30.189504623413086,30.534376241733902,29.910953399785896,30.494582486941194,27716900
29.97064971923828,30.275730183496304,29.685467401972794,30.25583203650376,28110800
30.773143768310547,30.96547398776668,30.04360653843786,30.0966648955028,32941500
30.879236221313477,31.23736975961964,30.521100153047385,30.72669734704309,25174700
30.196151733398438,30.67366692539246,30.017083536400676,30.56092168837289,33783700
30.335418701171875,30.40173910936219,30.01044262913196,30.030338245596774,20337600
30.043594360351562,30.202766837064566,29.59924218487728,30.12317933372772,24508900
29.58599090576172,29.838013053074317,29.081946611136527,29.546197136198103,35606000
29.055423736572266,29.698739983351896,28.955940564718244,29.60589037226796,41962900
29.552825927734375,29.585986132039384,28.783497550035612,29.486502989162936,46741800
30.335418701171875,30.627232039155228,29.678835528257572,30.003811600297485,77421000
30.262462615966797,30.720079472356485,30.056865317029338,30.693550298952704,28985300
30.156349182128906,30.315519166481216,30.076761659991462,30.282358963904592,19756600
30.242565155029297,30.30225453155738,29.692098709235886,30.03697038140245,26688900
30.328786849975586,30.401740821069296,29.904330141752038,30.30889123239059,21748100
30.415000915527344,30.759872572493407,30.288988609543658,30.30888675415018,20710400
30.4813175201416,30.839453718906608,30.474686492739668,30.57416708353382,19039400
30.521108627319336,30.534373210933616,30.189501626844283,30.395098877924646,17913300
30.806310653686523,31.071594906625798,30.65377163900493,30.859366492289475,26829100
30.574180603027344,30.733353160627164,30.481330998578276,30.54102039143296,23340500
30.739973068237305,31.09147826784529,30.627227883618875,30.872616396582142,25387300
30.900012969970703,31.020039119004274,30.70663722500757,30.753313778111586,15708000
31.06005859375,31.186751772073983,30.70664702274997,30.78666363307658,21058400
31.76685905456543,31.826872114993176,31.093381415259152,31.213407536114648,31203300
31.606828689575195,31.873551447519365,31.313430349051316,31.766861835605496,29972000
31.233409881591797,31.780194392432797,31.093380260355104,31.686841311608333,23808000
31.24675178527832,31.520144087822555,31.173402196650166,31.34010488219375,25641600
31.10004997253418,31.4134518087757,30.839994212112874,31.040036909076886,27231300
30.84000015258789,31.586827552160308,30.593280863597975,31.50014397777661,55383900
29.98648452758789,30.506596172951937,29.94647496114392,30.45991961727473,45214600
29.933135986328125,30.253204860609475,29.89312896684377,30.166521289272502,32475000
29.313007354736328,29.57306320585543,29.026278456404558,29.519719655111867,50958800
29.773090362548828,29.81309736529235,29.17962687049084,29.51303212631477,26705000
29.713077545166016,29.98646975531447,29.299653193288638,29.939793222631582,35542800
29.793113708496094,29.899803359676305,29.419698657524382,29.79311370849609,24368100
29.74643898010254,30.019831387097163,29.593072756050148,29.773112030463498,17358900
30.08650016784668,30.29321241497313,29.746427806374015,29.90646096106193,25900000
30.339895248413086,30.42658137563942,30.03982984161553,30.206532562760653,20857200
30.573272705078125,30.62661878750212,30.27987688278979,30.413239545168565,19859000
30.426570892333984,30.68662664073056,30.273204746963717,30.546597013698676,23363000
30.126510620117188,30.666628256459163,30.079834069978137,30.633285683204523,25904000
30.619945526123047,30.71996814664557,29.913127825857675,29.973140889435008,30025500
30.339895248413086,30.699973736570158,30.193196039827246,30.65996416776993,22727400
30.119842529296875,30.479920970755433,29.999818925825352,30.166521625350832,26154500
30.033157348632812,30.479919338468683,29.846448605459756,30.319886179955997,26332300
29.97982406616211,30.079846740696784,29.553065403021083,29.839794356759388,22469500
30.113178253173828,30.339894046698618,29.993152095208846,30.04649818482953,20534200
29.493045806884766,30.03316355170407,29.41302921110174,30.019827028459947,31519600
29.399707794189453,29.55974361166778,29.039629112625494,29.40637478739633,29567900
28.77288818359375,29.40635643388186,28.65952902036398,29.3796859340173,32872500
28.592849731445312,28.992935220771418,28.48616009804625,28.652862809212376,34951100
29.212984085083008,29.353013752288675,28.439483605308816,28.459487116714907,36277100
29.393033981323242,29.499723653660723,28.94626922962838,29.15298158264331,24372100
29.339675903320312,29.57305867144235,29.172973199324176,29.55305516094086,19518000
28.759559631347656,29.399697591750844,28.732886580410323,29.22632784802245,29946700
28.3727970123291,28.60618230193081,28.206094324191234,28.272776925655073,32299500
28.2327823638916,28.619531483123883,27.799354126995034,28.519511343312562,39341400
28.186100006103516,28.506168966449888,28.072740818493063,28.079410352654726,26505300
28.306127548217773,28.399480681523748,28.07274217127074,28.08607869655475,21648100
28.5328311920166,28.77288345713485,28.36612851276016,28.472818125737042,24747300
28.832901000976562,28.92625410886834,28.51949910132724,28.832901000976562,28746300
27.846017837524414,28.666197358454298,27.826014327539262,28.586178231151028,38628700
27.745994567871094,28.139412995860113,27.225883018342945,27.95937379555859,45964000
27.719314575195312,28.17274595620981,27.352569278584284,27.39924581395221,31833100
27.025846481323242,27.49928418011889,26.91915683307673,27.405928512181564,40895900
27.152538299560547,27.54595679807828,27.105861744116194,27.285898433012118,36312000
26.932483673095703,27.38591515102587,26.805790556257932,27.059179333614424,38890700
27.325899124145508,27.499271311213825,27.032503364689234,27.065843387223705,30082300
27.37259292602539,27.67265840542306,26.73912192367082,27.065860455388787,48545700
27.785999298095703,27.88602191570865,27.15253119881648,27.532613075856347,31767100
27.745994567871094,28.299446144785218,27.65930846172272,28.092736448783537,32103500
27.125864028930664,27.6059686274297,26.839135176347227,27.352579806701723,37336400
26.912492752075195,27.145875587941788,26.472397587525236,27.092532029893196,50316600
27.20587730407715,27.379249518522162,27.032507633313205,27.239217331876244,31999600
26.992502212524414,27.21255100836461,26.752449905673824,27.005838734425165,21565400
27.27923011779785,27.492609373366026,26.839135085228317,27.12586393683831,34241100
27.13253402709961,27.692655272911093,26.992504351567153,27.119197504141994,27306300
26.719104766845703,26.83913089733447,26.41903944062378,26.7524447933857,48307500
26.33235740661621,26.79245590437046,26.299014834462657,26.70576979539724,36136800
26.592409133911133,26.745775276437413,26.225663789289097,26.2723403307675,30632700
26.36570167541504,26.719110612686663,26.16565892872698,26.719110612686663,41558700
26.972492218017578,27.045841798999618,26.619080831802385,26.699099943972346,44775900
27.299230575561523,27.385916683343456,26.919148660100625,27.152533943562585,28000100
27.896339416503906,27.99026607162058,27.352903335645337,27.379740254052788,32136800
27.527341842651367,27.84937722838291,27.487089019003513,27.84937722838291,23805800
27.21202278137207,27.27240458905518,26.957077086786697,27.232149197496344,23865700
27.721914291381836,28.03724182413612,27.574313734039734,27.634695547560543,28550800
27.332788467407227,27.487096974440718,27.21202484289224,27.305951537668236,20680000
26.453886032104492,26.983903633496073,26.359959380578754,26.96377466580534,38328000
26.427051544189453,26.916813814533228,26.326416933721564,26.326416933721564,33808300
26.581350326538086,27.084530873795998,26.44046038753994,26.61489518449356,34020600
27.07112693786621,27.66823699068078,27.030874110454207,27.62798160395879,65327400
26.822893142700195,27.3394924482256,26.50085771054997,27.245565767095545,46544900
26.72226333618164,26.83631645263627,26.118445192273096,26.69542640549447,47603200
27.097951889038086,27.165044170596477,26.641734611676426,26.78262456398577,34837400
27.480379104614258,27.748743211530055,27.252270381528767,27.29923371634256,31250900
28.3726806640625,28.547115499492957,27.661517745718577,27.88962641316405,45552200
28.305601119995117,28.392819856639342,28.01711054128065,28.359274976179357,19986100
27.97014045715332,28.11774096678417,27.701778918826893,27.856087379209274,22522300
27.80242156982422,28.037240862937313,27.701786923613277,27.842676963894863,24350600
27.28582191467285,27.77558691322682,27.232150615776103,27.64140482701931,32361100
27.29252815246582,27.66823742314692,27.252272765114622,27.299236104036005,23370200
27.138212203979492,27.33948396671924,26.769213545738396,26.997322225992598,37793400
27.131502151489258,27.755446417998147,26.80946681382489,27.61455643764049,34039300
26.728961944580078,27.09125270426601,26.728961944580078,26.903396814442004,42119000
26.76921844482422,26.849726652792214,26.400217159742173,26.675289216333468,41110100
25.440824508666992,26.561241951876966,25.373734747219356,26.373388572375312,59931100
25.22614288330078,25.997688202053972,24.635745613287252,25.695779053006582,85507800
22.851116180419922,25.30663815227509,22.602878499612,24.306984597053418,107650300
24.421037673950195,24.548509196652198,22.602876132113696,23.736711614546504,78985700
23.059093475341797,24.052036415361236,22.804150430266247,23.830638238394638,83975700
24.615598678588867,25.024852720020682,23.23353067424986,23.23353067424986,69583500
24.092302322387695,25.393862712760633,23.870904048657426,24.910810770389816,44072800
24.74308204650879,24.917516960156675,24.414336076278516,24.50826276511279,34827900
24.172807693481445,24.535098526886827,23.99837278812526,24.333826694765015,42266600
24.53508949279785,24.99801479215487,24.367362601236852,24.46128925102153,30131400
23.609235763549805,23.79709161788325,23.14631047539325,23.66290959601913,57130300
23.045682907104492,23.817227934335232,22.985301100109826,23.320755014677925,52960800
22.415023803710938,23.602530615280862,22.374768424581458,23.562275236151383,50971400
23.334165573120117,23.347584032274106,21.677025536898324,22.334514679587326,55807900
24.038625717163086,24.15938675662432,23.2670807871595,23.361007461912646,41959800
23.96483039855957,25.87691684129125,23.763555986221107,25.353609511556364,55387600
24.293569564819336,24.4747149685492,23.361008180636343,23.669625138408698,35114200
25.252962112426758,25.252962112426758,24.46800143466144,24.702818075195655,27943900
24.863845825195312,25.30664490351736,24.655863470487102,25.09195459641033,28818700
25.199289321899414,25.514614140361903,24.971180645081187,25.105360112013678,30051100
24.35395050048828,25.373730574513804,24.347242549170776,25.239548514374405,36862300
23.233539581298828,23.649501732035535,23.153028796528876,23.52203016178196,41677300
22.43514633178711,22.47540170395142,21.99234747521595,22.21374818315606,57071200
23.361007690429688,23.468352828241894,22.723644814971607,22.87795329061978,36145900
22.482112884521484,23.421384562225104,22.435149556567247,23.10605716655285,44815300
21.522714614868164,22.27413032571697,21.42207746246747,22.193622139381873,67187400
21.750823974609375,21.750823974609375,20.93902636257208,21.0329543002398,53377600
21.797788619995117,22.41502237134772,21.58309583766667,22.012478843014225,50137600
22.005765914916992,22.267419435502045,21.375113774037395,21.958802593750907,44442500
22.68338966369629,22.69009761442414,22.227172234911453,22.388188645476866,35847800
22.42844581604004,22.99200841657241,22.153373746691493,22.8444078956942,52683800
21.797788619995117,22.066150119114333,21.556261479271285,21.931968089900057,33154800
21.636775970458984,22.005774738713324,21.630068018735123,21.985648324231658,34085100
20.355342864990234,21.770958740172794,20.30167029188476,21.623358204391437,57389200
19.637468338012695,19.878994235565955,19.14099680237201,19.69114090187507,86285600
19.85216522216797,19.9930552694798,19.362402753433575,19.4294925209219,51731300
21.23423194885254,21.34157709617256,20.100397390672835,20.16748842766162,58696100
21.18055534362793,22.227172250264864,20.965865089852617,21.885007898785037,58242900
20.44255828857422,21.46904758700361,20.409013413581505,21.214103209956125,38725900
21.059791564941406,21.542845911209138,20.422430039784025,21.18726438183482,51014100
20.207735061645508,20.764588251954542,20.201025832888224,20.623697007360693,42420600
19.221506118774414,20.59686772664228,19.214796887947163,20.14735949845599,51002700
20.480382919311523,20.595441301085398,18.849261989465244,19.1199872139568,69800000
20.8729305267334,21.096278952390453,19.898318627993785,20.46007383742937,51117200
21.915220260620117,21.96936399413012,20.588665225725624,20.78494045518681,53214000
20.77817726135254,22.070891085861422,20.74433580806311,22.05058750480721,49320600
21.8610782623291,21.874614843839367,21.373772946234666,21.387309527744936,37324800
21.8610782623291,22.118268147346317,21.258714585236326,21.644498121842688,38161700
22.47020721435547,22.92367098976133,22.125030906599026,22.17240764188506,55462500
21.387304306030273,21.989669126975024,20.92707097440297,21.962595970564404,78830000
21.583585739135742,21.874615799726733,21.25194722315889,21.57005044795347,51899600
21.008291244506836,21.71894488909624,20.960913216070836,21.414378303746908,40865400
22.246858596801758,22.619105498317953,21.075971574005724,21.224871367347625,64392400
21.827241897583008,23.0184328775348,21.678342056899265,22.17918533257406,50119300
22.422832489013672,22.46343964756255,21.434684085212094,21.874612612055824,41657100
22.619112014770508,23.038738356564735,22.341618508404284,22.659721765155552,48445300
23.397457122802734,23.478674070686488,22.7206431994776,22.747716376052256,45697200
22.666486740112305,23.18086389789597,22.57850025641711,23.133487156330585,38679100
23.133493423461914,23.28916027103996,22.673259881996618,23.086116669061617,36350900
25.05563735961914,25.40758070741643,24.162243700533228,24.744303753358025,76438300
24.83228302001953,25.028559528059446,24.49387631588378,24.778139289913707,39891200
23.526037216186523,24.36528713115766,23.505733636432286,24.317910390505286,46429800
22.13857078552246,22.768007598819864,21.54974371502576,21.97613697799728,74052400
22.76800537109375,22.835688269139183,22.375454889784496,22.815382108806272,34325900
23.26885223388672,23.363605724560255,22.226558672799854,23.092879252488167,40084700
22.991363525390625,23.05227686513545,22.6394200715138,23.004900109982753,30858700
23.17409896850586,23.24177929626236,22.815386002247177,23.031966149274794,25925900
23.702009201049805,23.810299258330133,23.025195697588092,23.370369448344572,30193100
22.023515701293945,23.004895961619848,21.915225625923856,22.9033728864058,52990400
22.158884048461914,22.49052135116872,21.847547750902507,22.280708152223852,30427400
22.52436065673828,22.910144285685963,22.348390218662317,22.52436065673828,29983400
22.030275344848633,22.321305309316518,21.806928268535017,22.30100173378933,27596300
22.131805419921875,22.409298894949757,21.712181707356567,21.718948707403538,31260500
21.299320220947266,21.989671586523283,21.251943482848738,21.888148529547244,40761800
20.63604164123535,21.319623370894984,20.53451988336731,21.25194176867656,55130100
20.72403335571289,20.879700176564082,20.527756788702632,20.757873519925926,39029900
20.243494033813477,20.43300230056335,20.03368218589289,20.31794394055797,39658100
19.905086517333984,20.372088230992002,19.88478164598558,20.236725003841464,36466200
19.20796775817871,19.729114495453945,19.174127597439025,19.702042625046072,44468500
19.275651931762695,19.74265369935404,19.140289979898817,19.140289979898817,21423200
19.735883712768555,20.351783961778892,19.505766994355962,20.108130662066866,45280100
19.329790115356445,19.715573542275212,19.275645095629585,19.614051791652237,45104700
20.960922241210938,20.98122711928332,20.169050069265708,20.405935149764165,61412600
20.61574363708496,20.960918761494018,20.32471484521344,20.88647013609415,33189700
21.881389617919922,22.517593608838716,20.852631124648376,20.90000788025725,90515100
22.68002700805664,23.07934721294165,22.483752988106662,22.76801351607252,52207600
22.49051856994629,22.727404910139818,22.118271557458545,22.510822154422556,38782900
23.01166343688965,23.140257097221955,22.145342816042316,22.21302314635635,44722800
21.806930541992188,22.808614154561077,21.712177070535983,22.707091102664595,47788900
22.456682205200195,22.544668722564545,21.90169509291388,21.90169509291388,39104600
21.685104370117188,22.064118263941115,21.495596132285964,22.03027810654091,35977900
21.177494049072266,22.08442420013863,20.89323234066461,21.90845125249853,49475100
21.326398849487305,21.61742893349138,20.8661653483571,20.900005515414474,41291500
21.495601654052734,21.847543770546856,21.367006699243955,21.725717107140603,33457300
21.583585739135742,22.06412278547378,21.529440701648085,21.766325724751415,52596800
20.77817726135254,21.590352776507114,20.588668995690078,21.570049195452903,47388000
21.80016326904297,21.955830071746302,21.143654607042375,21.2519446690029,49091600
21.874608993530273,21.9355223031159,21.590347312437057,21.658028910967655,30893000
22.639413833618164,22.707094156091163,22.023513604494173,22.12503408820367,35543200
22.720638275146484,22.808624789024357,22.42284114288862,22.754478447610385,21958800
22.35515594482422,22.801852888746176,22.35515594482422,22.48375220169712,16891600
22.09796714782715,22.395764230329505,22.043820815459867,22.328083896709636,19242700
22.619112014770508,22.686794932078914,22.138574920157662,22.138574920157662,19792000
22.504051208496094,22.61910827614409,22.375457559623825,22.409297721765068,18196900
23.67494010925293,23.817070349760368,23.018430071900866,23.05227281835993,44102800
23.82490348815918,23.96124107816128,23.40225929953359,23.477242503632667,36571200
24.322542190551758,24.486145276797526,23.44998546277654,23.661306332546,38381400
24.104408264160156,24.383899314490392,23.954436568715977,24.329363206901693,33160600
24.06350326538086,24.322544544164767,23.852182375162563,24.15893884166324,23001800
24.57476806640625,24.779273248844166,24.377078596532325,24.58840209195871,35972800
24.9905948638916,25.045130961997952,24.308909240107955,24.40434481136978,29852900
25.1201114654541,25.256449095474444,24.65656508363934,25.099661731099452,39420700
24.486146926879883,24.486146926879883,23.947617247904056,24.036234508748883,61571500
23.79764175415039,24.322539924430675,23.518150790798437,23.75673968618769,55115100
24.90879249572754,25.00422806384214,23.53860298087018,23.545421293120768,55502100
25.174640655517578,25.32461226746474,25.024669043570416,25.113288868850404,37000400
25.467771530151367,25.495039575146127,24.963323099443926,25.072392678999062,34716500
25.672286987304688,25.86315817815251,25.406429942788094,25.433697998744908,27499200
25.672286987304688,25.82907440841896,25.086036786357866,25.345078117097728,25403800
25.63138198852539,25.781353678807896,25.304173155529174,25.467778872239606,29860700
25.5564022064209,25.97222836690153,25.392796467543686,25.822259256724497,33284600
25.365516662597656,25.672275655647066,25.324617197140267,25.379150684558052,27674600
25.229183197021484,25.338252790237515,24.78608911226696,24.99059427449399,24423600
25.4268741607666,25.59047986054058,25.174651199021756,25.583661547820125,29649500
25.63138198852539,25.924507055664122,25.56321445681042,25.829071471093304,41957800
25.597288131713867,26.013116672351476,25.50866829508037,25.692723678662112,26784200
26.094919204711914,26.244890841656975,25.938131857189227,26.088103494134284,41074400
25.99949073791504,26.12219436513402,25.77453582162986,25.94495723716462,23106200
25.81544303894043,25.985864505583283,25.69955768982739,25.808627324461806,21091900
26.10854721069336,26.142630956575807,25.8835924075307,25.938125880857992,23258700
25.808616638183594,26.367598609286876,25.794982614446422,26.313062514338196,28608400
25.638200759887695,25.74727037283458,25.297357894375605,25.372343740856216,22618800
26.10854721069336,26.135815247568566,25.754070532585022,25.95857820872596,24828000
25.849517822265625,26.08129104031107,25.522309032158706,26.060841303561983,27031900
25.495033264160156,26.1767186177428,25.43368147832079,25.958579512630212,26534900
25.904054641723633,25.98585619142078,25.256452755595667,25.324622880696936,22139600
26.224443435668945,26.340328728733986,26.06083776263271,26.31306068315729,28009300
26.217626571655273,26.565287670894225,26.18354281301446,26.347148495084102,22804200
25.951763153076172,26.169902274581442,25.83587788246176,26.10855048413162,23416900
26.238079071044922,26.25852880627231,25.733630598568496,25.944954064139882,31361400
26.094919204711914,26.367594435444072,26.033567407818364,26.353960413865092,17586400
26.626638412475586,26.74252370730778,25.76089745539321,25.951768576492825,34030400
26.728879928588867,26.960653034082828,26.4834728050749,26.674346456931897,37900900
26.749343872070312,27.22652170787569,26.59937220914624,26.810695679591603,41187700
27.519649505615234,27.574185606895472,26.906133968759153,26.933399418974837,44376700
27.696884155273438,27.867305539885514,27.42420889972453,27.560546527498985,34897900
27.540098190307617,27.751419053673395,27.26742292092869,27.744603342129764,30806900
26.803876876831055,27.17880342685497,26.66753924034305,26.892496730611875,33927500
27.23332977294922,27.308315576196282,26.844769338326433,26.8993028131459,22875100
27.567365646362305,27.778689125556085,27.41739657765395,27.587817983332208,22052300
27.969560623168945,28.249051628015607,27.608268070676125,27.778689478519805,33494200
27.635536193847656,27.935476936300923,27.40376297454421,27.853675388436272,30763800
29.578336715698242,29.810109915469997,27.826404994056233,27.96274262929093,77277600
29.707862854003906,29.994169588233298,29.360201704811683,29.735128304579703,68028700
30.471342086791992,30.621311127109532,29.26475845095877,29.74875452735733,57117700
30.38273048400879,30.62131943132418,30.144141536693397,30.587235667482627,48844500
30.675865173339844,30.91445419562903,30.13733269397247,30.294120137251838,41509300
30.93488883972168,31.084857882023005,30.246385025777883,30.355454602189674,34796200
30.757654190063477,31.132580757855408,30.58041707452658,31.037145187918288,27267900
30.437259674072266,30.744016079405174,30.273654004193997,30.48497745269845,27457200
30.784921646118164,30.84627345424302,30.29410718111933,30.30092549336887,30639300
31.473419189453125,31.47341918945313,30.948523627772097,31.00305711711573,33529400
31.282550811767578,31.691563719520442,31.241651341289174,31.303000547006782,33026400
31.541593551635742,31.56886160019365,30.921259749276608,31.19393243358299,29755800
31.132583618164062,31.371175165351726,30.85991090763822,31.3030050374019,32262300
31.343894958496094,31.44614881055287,31.016686272507272,31.412065060008437,25945800
31.446157455444336,31.596126519152666,30.989426751233548,31.187116199331115,27669300
31.16484832763672,31.555955188856352,30.856083748041122,31.384418147993234,31036400
30.47184181213379,30.780609029218787,30.163074595048794,30.657102142384787,41342900
30.423791885375977,30.691389093884222,30.060134408936154,30.27970148347861,28832300
30.11503028869629,30.382627545364418,29.55238923174113,29.634726245151374,29376400
29.47690773010254,30.197362369001695,29.271063921480785,30.108165042981422,38841000
30.19735336303711,30.3345834003399,29.89544937492718,29.909172640401984,32142200
30.766864776611328,30.86978798462419,30.190500570120285,30.272837566063032,33631100
29.648447036743164,30.8423454098261,29.54552643295172,30.8423454098261,58183900
29.730798721313477,30.05328655161596,29.39458499733525,29.765105603160894,40387600
30.121898651123047,30.190512405064876,29.614147972633944,29.977805579930113,26887000
29.70334243774414,30.1287533916673,29.689619166011596,29.929769877715042,20242900
29.65532875061035,29.97781665420535,29.346561508914796,29.806279588535364,25961800
29.312232971191406,29.902320460088177,29.305370027862296,29.854287709122328,26178100
29.401437759399414,29.476914450505966,28.680982956244705,28.76331997497611,25536300
29.69648551940918,29.717071739908747,29.37399772931503,29.490641636542342,21420400
29.61414337158203,30.11503102638753,29.490636539718043,29.95035699553323,31694000
30.053272247314453,30.115025652226276,29.5455243557693,29.65530789589631,28100300
29.737648010253906,30.183645161030583,29.662171327742808,30.149335674473658,26242900
29.490633010864258,29.758230242066663,29.188728912126248,29.73078631850591,23518000
30.04641342163086,30.355180461609013,29.47690947928824,29.504356020052114,26359700
29.64157485961914,29.868002191393078,29.39456132136016,29.8199720720033,22462200
29.51122283935547,29.771959799085305,29.277932426428098,29.765099471108073,19536400
28.64666748046875,29.284785073261688,28.619220943318425,29.044634416810947,31279900
28.6672420501709,29.092655389743452,28.385921676554222,28.42709146931948,25910100
28.39280128479004,28.708428695604226,28.09775747371913,28.475138301209707,28049700
27.885047912597656,28.145784825746595,27.52825072024814,27.939940996395876,38769900
27.953670501708984,28.406528074257583,27.816440379054008,28.289881553894443,35827100
25.36001968383789,26.066753631487508,25.12672934899697,25.483526485662257,217294200
24.55722427368164,25.023804870865387,24.536638064945706,24.76992836353758,96488500
24.865995407104492,25.572726746207536,24.783655793220817,24.83168592593,89903700
24.330795288085938,25.373740040778813,24.330795288085938,25.2433729282343,68729600
23.2810001373291,24.083791981917905,23.246693263341385,24.04262478011132,95429200
22.979093551635742,23.322167490124237,22.622296341514136,23.322167490124237,82650100
22.306663513183594,23.130041385114275,22.135126565591623,22.999674247224974,99554800
23.33588409423828,23.726990724287145,22.63601568454067,22.862443083573197,84721000
23.50742530822754,23.617208864755153,22.78697055492468,23.06829108211709,52512900
23.308446884155273,23.65838118975725,23.068293529280396,23.63093464335211,37843800
22.9859561920166,23.418230130900795,22.841865751537437,23.329030165031774,28796400
23.075149536132812,23.329023470426115,22.88988932977415,23.31530020135,35855200
22.61543083190918,22.94478146140928,22.608570505593946,22.848721188319185,34203600
22.745798110961914,22.96536517337544,22.581121505428847,22.61542836815986,42124900
21.9086971282959,22.402724329223645,21.798913596694828,22.23804772309911,50472200
21.270586013793945,22.07337784245629,21.153940812337108,22.06651751477353,60492400
21.94986915588379,22.045930743027476,21.17452267565409,21.195106273188127,46502800
22.690908432006836,22.855585062181415,22.1419906938353,22.443894795468083,47980500
22.512514114379883,23.212385304290024,22.505651169435122,23.17121548696122,53888800
23.109453201293945,23.109453201293945,22.334105619215446,22.48505894071186,34238200
22.519372940063477,23.63093175934557,22.491926397008015,23.582901617721717,46404900
23.171207427978516,23.17806775309066,22.306659886890753,22.560536412616504,43334400
23.534875869750977,24.063210143692856,23.075157966257528,23.116325171079687,72456600
23.77501678466797,23.93969075257944,23.37704989689844,23.61034019931097,44428000
24.035757064819336,24.06320360554128,23.610346153413968,23.939696789738722,40917100
23.754438400268555,24.221019158784554,23.672101389191138,23.81619181293821,31084400
24.275909423828125,24.447446370485437,23.82991231554067,24.008312205834084,32489000
25.010082244873047,25.346293125975365,24.584671436817935,24.721898872196935,61149700
24.365116119384766,25.40806147014452,24.310225636422192,25.03754351216767,95637000
24.69447135925293,25.037545410483496,24.673885136314937,24.71505496474363,44193500
24.234739303588867,24.337662517241913,23.768158605268226,24.19356949463844,33115800
24.50234031677246,24.783660844598643,24.413142976387267,24.742493646712077,35053600
25.23651123046875,25.263957766288186,24.358243023812506,24.454303281734816,34156800
24.618986129760742,24.653292999522407,23.9122520489278,24.234742383069495,69904800
24.51605796813965,25.25023582652986,24.186707373319862,25.181622100817936,56063200
24.893436431884766,24.948329501421767,24.41999548563342,24.88657610691545,34274900
24.82425880432129,25.004143571051827,24.589023254430213,24.879606948211222,26705900
23.786453247070312,24.672044584305294,23.675754329915943,24.637451667557745,58519800
23.454360961914062,23.60657035244188,23.33674185545029,23.468196019831332,32057200
23.49586296081543,23.606561859222207,23.20527934222386,23.39208422814841,30545000
23.696510314941406,23.834884625656468,23.392088942784632,23.675755092078806,33175500
23.93174171447754,24.077033527941158,23.606562536398965,23.668830833493374,35144300
23.55121612548828,23.917905768900482,23.48202765740189,23.751858724033525,39301500
24.955705642700195,25.045649319344747,24.118545087238108,24.256919365321306,83001000
24.277679443359375,24.80349863821377,24.028606220802427,24.74123033257453,52368300
24.208494186401367,24.547508472408502,23.710347729428772,24.519833082738817,43998300
24.18773651123047,24.37454143403723,23.973258837810832,24.042444673248696,28944900
23.841800689697266,24.333026955268817,23.73802194248555,24.2292482080571,34384700
23.454360961914062,23.613490520671387,23.454360961914062,23.55813973191882,36301200
23.827966690063477,23.869479778946925,22.900862152498767,22.997726026560144,41248300
24.02860450744629,24.13930341632597,23.67575256016424,23.924825764961064,29920400
24.333024978637695,24.526750041716003,24.07011672897513,24.201570853806412,32127700
24.775827407836914,24.865768468732227,24.450648165193865,24.755069545170628,28900500
25.523046493530273,25.73752682951491,24.568266553021246,24.914201046323136,63636200
25.004140853881836,25.267051766782966,24.865766550288065,25.253214072496558,30698200
24.90727424621582,25.135592193655615,24.845005955029492,24.983380228695754,19681600
24.90727424621582,25.18402279354834,24.782737663843164,25.03872835460041,22180200
24.333024978637695,24.796578457526053,24.049358869802763,24.6443664735224,36675000
24.969554901123047,25.107929243305616,24.56135204328355,24.782749935067237,24516300
25.114839553833008,25.46077399021988,24.983385418143303,25.073329110599573,18979200
25.60607147216797,26.201079256374157,25.301650051089148,25.301650051089148,37225800
25.709856033325195,25.931253937480772,25.42618980367141,25.495375658993325,18672400
25.543798446655273,25.779033977540056,25.315483082741732,25.405426778475135,23406700
25.57839584350586,25.599151067372276,25.18403075442042,25.433101358629184,15492700
25.592226028442383,25.66141184720638,25.35699054966706,25.509199878801816,14453500
25.6683292388916,26.04193899250729,25.585305728955827,25.889727024900203,18065100
25.6475830078125,25.882818567778916,25.56455946878633,25.6475830078125,17521300
25.6683292388916,25.841296424165186,25.460769144417263,25.72368000502865,15894100
25.58530616760254,25.737518137819222,25.460769580928865,25.737518137819222,17079800
25.855146408081055,25.945090126181043,25.460781249304787,25.54380479871267,17922100
26.31869888305664,26.886031284025847,25.98660206097254,26.035032682572037,36880600
26.173398971557617,26.415552005108033,25.986594071702957,26.20799188502623,16899400
25.758275985717773,26.214909303719462,25.737520765576367,26.159561170252346,16429500
25.716772079467773,25.903577045185028,25.370837544273826,25.557642509991084,20019300
25.758275985717773,25.90356780524783,25.529960646351984,25.813626758455,17618200
25.689098358154297,25.938171636427334,25.52996879465118,25.668340492117576,18050500
25.806713104248047,25.938169903035483,25.64066602267656,25.820550800924135,13681900
25.52996826171875,25.689097821900074,25.39851145689047,25.640667200943625,13700700
25.69600486755371,25.875892219948625,25.502282462762103,25.696004867553714,16771600
25.60607147216797,25.765203670589433,25.446941913017387,25.5853162459699,13631400
25.675260543823242,25.799797182393565,25.557641434386404,25.654505317151834,13537500
26.76841163635254,26.8929482720372,25.94508844645586,26.000439235324986,41346800
27.190441131591797,27.349570626117906,26.98288103609121,27.01055641929657,28082400
26.816831588745117,27.522538030458122,26.796076370811445,27.14201074581175,20853500
27.397998809814453,27.41875666502195,26.79607379418861,26.84450439089014,22378900
27.619400024414062,27.847717985304623,27.529458984611633,27.59172727946634,29882200
28.643381118774414,28.76791776497291,27.39109712723224,27.564064398144474,47018600
28.760984420776367,29.120756496175243,28.525748934525947,29.030812817508053,43471600
28.498079299926758,28.67104652649913,28.332032240408715,28.366625157869105,19740100
28.546510696411133,28.59494394931067,28.131390396942063,28.401218855524007,25186600
28.601865768432617,28.892449493803245,28.394305587557756,28.594948239420845,22887200
28.539596557617188,28.56035178327425,28.055287724542854,28.33895391202955,20997400
28.28359031677246,28.85092238189748,28.207484345234093,28.733303342446533,28287400
28.5257625579834,28.691812302574057,28.08296675810318,28.096804456758328,20499500
28.055282592773438,28.74715147367671,28.041444898442936,28.74715147367671,21988200
27.84081268310547,28.11064119952767,27.467202749934238,27.778544360910264,23782700
28.14523696899414,28.359717353618898,27.820057626979168,27.951514453379094,20843400
28.006845474243164,28.110626837970894,27.785447694942405,27.965332400898127,21380700
28.345861434936523,28.71255100074115,28.228242383718097,28.283593146472565,21956400
28.3112735748291,28.532674046685518,28.06220299262254,28.463485574458407,26946100
28.478540420532227,28.576116979939883,28.171868195237494,28.457631917448253,22419100
29.14765167236328,29.266139444696716,28.513401104026844,28.68764579487491,24326500
29.070980072021484,29.579774188798083,28.896735402217335,29.300984312369042,22774400
29.0361270904541,29.16158344562807,28.65278940909463,28.806125545143317,18631300
28.840984344482422,29.238262059572968,28.785224762621127,29.112805659148247,19947500
29.112802505493164,29.273107297834517,28.806132814765736,28.959466330747993,25797600
29.34281349182129,29.719182772677005,29.168568749806287,29.53099813224915,27755000
29.008256912231445,29.5728106973995,28.68067868418263,28.99431701717954,44564000
29.5379581451416,29.55886665540455,29.084920925184232,29.210377304287416,26268000
29.851594924926758,30.04674808350038,29.46128594901714,29.82371514262699,28588100
30.193111419677734,30.346447555779974,29.809773738184376,29.92129020295994,26177500
29.97705078125,30.21402363029699,29.79583750080822,30.032810349855207,23630400
29.496139526367188,29.844628890014025,29.314926227126485,29.830688996416608,29747500
29.335826873779297,29.635527858872624,28.924609428564878,29.447343333900385,27993000
28.80612564086914,29.09188674887897,28.610969832859862,28.903702215492654,22896400
29.070980072021484,29.18946783004489,28.813098705164887,29.050071562449038,18918900
29.0430965423584,29.46825390726899,28.854914662942473,29.44037678435402,17311700
28.68764305114746,29.03613239951357,28.485518590992065,28.868856342442236,21892700
29.050071716308594,29.126739796830506,28.680673865171382,28.889766938291263,19423500
29.858579635620117,29.900399331611602,28.98038728990944,29.0640240231286,23325400
29.565834045410156,30.018871246563737,29.5031085172248,29.99796273716862,17029200
29.46129035949707,29.52401854968104,29.17552919505074,29.503110039207307,13252500
29.886457443237305,30.0049425858459,29.55887649335579,29.670393016478318,17190900
28.21369171142578,29.280068054461555,28.09520663276056,29.280068054461555,47631200
28.157939910888672,28.924615400158892,28.15793991088867,28.771279238799778,27830900
28.311277389526367,28.736434872085713,27.7815746848911,28.09521566864497,27553200
28.283401489257812,28.513403114840614,28.088245613786427,28.471583428933208,12816000
27.90703582763672,28.2415853809871,27.879156033499978,28.00461244835181,19793500
27.38429832458496,28.137034063468683,27.2727818203517,28.02551755923542,30986600
27.453996658325195,27.68400095655825,27.161266815588576,27.22399501885547,24858700
27.55156135559082,27.649137927631198,27.06367849538892,27.481864563779745,32458000
28.290363311767578,28.367031388132773,27.94187398920762,27.94187398920762,26781200
28.36703109741211,28.701580524589517,28.053390178570005,28.109149745814157,19375900
28.387956619262695,28.562201383185567,28.12310383364598,28.534321582854524,13030200
28.63885498046875,28.729462956210597,28.555218280656216,28.645823597635314,8316700
28.492502212524414,28.492502212524414,27.94188816542461,28.429773996288187,20376600
28.401872634887695,28.715513477945574,28.32520457783334,28.485509306782507,19875000
28.457632064819336,28.492480456393704,27.79550198985896,28.22065927984705,26106900
28.729469299316406,28.820074636300024,28.513404896770076,28.680680992090352,18915000
28.631872177124023,28.81308538005962,28.471564815329952,28.569144018653734,20066600
28.44369125366211,28.8339974806516,28.40187158987248,28.764300699763982,18955500
28.276424407958984,28.520365878770694,28.018543044706227,28.42278929044601,24031100
28.715518951416016,28.917643384220497,28.22763339797023,28.36005837527539,25515600
28.903701782226562,28.95945868456324,28.65278907480599,28.75036564796683,20541700
29.663406372070312,29.67037498732191,29.084912931992825,29.161580993570517,34552900
29.489166259765625,29.74007632867274,29.280070547532727,29.6494710227184,22394500
29.71917724609375,30.03281825514878,29.565841050830567,29.691297454452577,21955000
29.80977439880371,30.234931761045726,29.760986110555834,29.97007915429848,23110600
29.816743850708008,29.914320429939306,29.62159069224541,29.726138546428874,18457000
29.837669372558594,30.046762522763842,29.767969883314407,29.80978957686092,16208600
30.304636001586914,30.325544513469502,29.83766151112276,29.970086517650742,23879800
30.57645606994629,30.62524436823245,30.186149683657,30.54857894147052,33858600
30.3394775390625,30.938879559118398,30.262809467832696,30.660089715001895,34348500
31.036468505859375,31.043439783528772,30.25585290898227,30.451006143510693,25014900
30.667068481445312,30.80646477902271,30.207062560574162,30.541612079501977,38973500
30.611299514770508,30.680998971573896,30.464934643627014,30.471905918688563,8621200
30.639179229736328,30.792515375602278,30.471905851302935,30.632210613452607,11498900
30.409175872802734,30.680997090766716,29.90038183375897,30.639177419248313,19567000
30.137371063232422,30.451009464714044,30.032823156896075,30.039791776562105,15401200
30.64615821838379,30.667066731260007,30.004936349627915,30.039784757342638,24209600
31.340898513793945,31.579499282117705,31.03212215120974,31.56546362786015,31413000
31.277748107910156,31.40406635433565,31.018095124492447,31.39704986376893,24227700
31.832143783569336,31.88126724742445,31.186516909000993,31.193536076424866,24487700
31.867233276367188,31.923375910617857,31.59354462696553,31.642668093420795,24456900
31.930389404296875,31.930389404296875,31.551434689759184,31.860213795098588,19624200
31.90932273864746,32.42161194838863,31.677738515010493,31.972481829000575,25920600
32.38654327392578,32.3935597649831,31.95144587158069,32.20408238209636,23413600
32.37950897216797,32.3865281369729,31.90932665726382,32.2602099407542,19723900
32.197059631347656,32.40758912350388,31.916351857120873,32.20407612104085,19079500
32.526885986328125,32.61109991911389,31.825119275278738,31.923368863528797,29898000
32.8567008972168,32.863720059980565,31.979492943581093,32.21809361405105,43453600
32.59004592895508,32.891805836568075,32.48478252582836,32.56197729433786,41086800
32.60408401489258,32.702330935944644,32.407590172788446,32.54794406444618,28679100
32.66022872924805,32.667245219616746,32.372504437627576,32.45671570719191,24257300
32.44267272949219,32.590043087236076,32.22512409875545,32.44267272949219,19105100
32.54092025756836,32.842680144645556,32.33740995456189,32.44969251647242,20008200
33.09531784057617,33.09531784057617,32.709346686600604,32.800577108203846,26009100
32.73040008544922,32.983036538322494,32.618117514953056,32.87075396782633,19706800
33.0672492980957,33.09532061125101,32.45671296062046,32.47776510697305,19907400
33.07427215576172,33.22865904128891,32.95497040005228,33.01111303262803,18631300
33.018123626708984,33.13742536111316,32.8988245693324,32.99005231543417,19536000
33.57953643798828,33.68480251666389,33.13040616609051,33.26374355601663,24520000
33.46023178100586,33.55146218878843,33.2497023359152,33.3619848850987,20822600
34.239192962646484,34.246209450735314,33.63567325997622,33.64268974806505,28067500
34.112884521484375,34.267274073885105,33.90937150732485,33.97954711640087,28282600
33.84620666503906,34.21112565998891,33.61462505262571,34.14095006277939,21429600
34.126914978027344,34.169019266245435,33.86725937455419,33.916385505854436,15218300
34.14797592163086,34.31640114898669,33.95148205390586,34.04270981990494,13935900
34.48481369018555,34.60411541598311,34.10585904639667,34.24621291561782,16388000
34.16200637817383,34.70236710916015,34.0356881461496,34.63218882635349,21635600
34.54096984863281,34.590093320562346,33.94446633987234,33.96552116857675,18017800
34.302371978759766,34.70939544989903,34.08482324332221,34.63220065096865,20016200
34.70236587524414,34.86377190441868,34.47078156575829,34.47078156575829,20445900
34.112884521484375,34.76552785859741,33.93744282176642,34.632190453513914,24786700
33.86024856567383,34.00060246300967,33.5655077905937,33.972531148136916,24437700
34.32341003417969,34.32341003417969,33.97252667554893,34.12691620999529,23584100
33.47427749633789,34.52692771523513,33.43918969111357,34.45674942775855,32775500
33.40409469604492,33.86726062270594,32.877769657701606,33.839191988535255,39401400
34.58306121826172,34.66727514752726,33.51637554081177,33.57953464924721,31921200
34.33042526245117,34.77253902765413,34.21112620987199,34.498850446299556,24711500
34.32341003417969,34.68130988209093,33.94445536437185,34.10586138809869,25923400
34.45673751831055,34.48480882359876,33.916379615161055,34.197084636962124,17695200
34.73044204711914,35.165536737820446,34.60412380191101,34.73044204711914,25561100
35.10939407348633,35.221676660565144,34.82166977678261,35.004130653928215,19607900
35.530460357666016,35.69186643006003,35.09536293431341,35.12343425395455,24245400
35.22869110107422,35.68483787867603,34.81464861483485,35.50237970304084,32711900
35.42517852783203,35.6286914893802,35.02517177004545,35.24973687346854,19473000
35.284828186035156,35.55851676579841,35.123422169175484,35.333951639991255,18003400
35.20061492919922,35.390092245255005,35.16552713223199,35.29184534293585,16680200
35.79011154174805,35.79011154174805,35.22167939470776,35.26378637201646,26378700
35.10238265991211,35.29186005495481,34.491846171682354,35.06729484831793,60880800
34.74446487426758,34.84973094018703,34.351477272493135,34.51989976553154,28011400
34.526920318603516,35.08131662427558,34.16200133298497,34.842715852026046,24411500
34.470794677734375,34.83571384307792,34.414654709158505,34.78659036668828,19385300
33.930416107177734,34.54797150238405,33.930416107177734,34.23919514329454,23535900
34.232173919677734,34.386563428454174,33.923397579151995,34.126910535806914,22791500
34.049713134765625,34.61112583618666,33.797076749869426,34.41463205994603,23581400
34.13393020629883,34.365514491054576,33.9093650873385,34.204108479116044,16417500
33.523406982421875,33.90236177180081,33.376036567783984,33.825166980220466,26530100
33.305850982666016,33.635682228354575,33.17953274716946,33.5725231106063,27506700
33.56550216674805,33.67778473039837,33.32690138436267,33.36900567258937,17442200
33.88129806518555,33.951476346882366,33.60059296948143,33.691820720145714,17273700
33.083343505859375,33.944853020835865,32.85737423861409,33.916606188988666,33467400
33.53528594970703,33.570593143912774,33.11865459304029,33.16102214858068,21514000
33.831871032714844,33.92367189651358,33.012731701456104,33.04097853551208,22961500
34.304988861083984,34.3120492212301,33.60589468092387,33.81068014411647,18672300
34.375606536865234,34.57332896512267,34.220251661082365,34.41797678310585,20066700
34.77812194824219,34.997030893712996,34.516845441159795,34.55921300277137,20388900
34.82048797607422,35.02527078445637,34.48153405550073,34.7498708923508,22584700
34.60863494873047,35.01114553955122,34.213190106018935,34.53096020731639,37805900
33.84598922729492,34.84166707712052,33.82480545190478,34.17081968751809,31527300
34.241432189941406,34.26261596250315,33.605892075433395,34.19906195105234,23865500
33.04096603393555,34.0225202489799,32.75144282882343,33.97308965496798,43466300
32.9350471496582,33.42229550382816,32.51841586539407,33.04803176774174,26106800
33.351680755615234,33.4434816060004,32.97741968724136,33.29518978952388,19746100
33.43640899658203,33.535272873080224,33.09745521559812,33.47171887078541,15230100
34.015464782714844,34.0648980815172,33.464665073014245,33.66945054745994,20568500
34.40385055541992,34.54507931047875,34.00840303746405,34.12138765777061,16459300
34.6015739440918,35.04645207762743,34.523896510357616,34.61569735874946,19058800
34.51683807373047,34.665129895252186,34.32617600587423,34.502714658285626,13929000
34.54507064819336,34.67217865088623,34.3544113379192,34.65805793393383,13496300
34.60863494873047,34.7781132340111,34.40385216679741,34.573327758312075,13802600
33.9024658203125,34.538005750245254,33.78948124318721,34.43208153066819,17686400
33.95191192626953,34.071956906299675,33.69063280426423,34.071956906299675,15529300
33.59176254272461,34.38971772028754,33.17513136439689,34.340287130805024,43257900
34.02251434326172,34.17080609955661,33.591759789844765,33.690620960708024,20829500
34.700435638427734,34.87697428346961,34.07901885362588,34.297927743233544,24291600
35.13824462890625,35.3006625246863,34.67924584767346,34.756923269020746,23559300
34.62983322143555,35.17357275926133,34.545092703028786,35.09589529760524,18103100
34.57332992553711,34.76399199826721,34.34736066017538,34.636883949780476,16199600
35.07469177246094,35.09587823864802,34.32616974673471,34.48858495408598,23979500
35.47013854980469,35.60430692876263,35.06763071916533,35.145308141528275,24188400
36.07743453979492,36.31752718438045,35.41365026065409,35.44895744790608,27467000
35.99269485473633,36.479940478172495,35.900894017706705,35.92207779018832,21389500
36.931888580322266,36.9530750521134,36.19042671802334,36.19748707944286,26080300
36.924827575683594,37.16492026625928,36.65648805238931,36.91776452062083,22020000
37.44032669067383,37.899325680577974,37.03781868230813,37.094309663846566,37112600
37.871063232421875,38.81024723341592,37.63097061595269,37.729831806187285,46968300
37.6733512878418,37.9840610725974,37.18610552597462,37.29909016758584,25294200
37.89226150512695,37.89226150512695,37.22847704968523,37.35558511256482,18342300
38.5560417175293,38.591351604039495,38.153533793961536,38.52779757959373,27162300
38.605472564697266,38.810258055150925,38.06879622787909,38.1959042775561,20482600
39.27632141113281,39.474046547573984,38.50661272444883,38.55604333511756,24890800
38.548980712890625,39.424613624661234,38.548980712890625,39.33987313097092,24990100
38.47835922241211,38.73963562862292,37.4544346764306,38.55603395330082,28279600
38.16059112548828,39.113898655432564,38.04054345564373,38.51366838750701,22022600
37.44738006591797,38.323013013396945,37.21435043318187,37.9769960511328,24326000
37.779258728027344,37.793382138654124,36.9106891777189,37.313196952404155,23940900
38.32300567626953,38.47129747723461,37.715712365156556,37.969928420391355,21691000
38.386566162109375,38.72552006164867,38.146473479881614,38.58428859673243,16007000
37.772212982177734,38.16765785764907,37.5038734639892,37.751026511158784,17600800
37.55330276489258,38.20296371982468,37.405010941758,38.06173495137237,18479100
38.252376556396484,38.30180983490858,37.40499356429216,37.42617733096532,17090200
37.51799392700195,38.22414851335142,37.362639055999956,38.16059449282933,17185300
38.02641296386719,38.31593615708154,37.80750682617172,37.920491421236704,16856600
38.21002197265625,38.32300658947898,37.9346221375112,38.15352831736201,13259100
37.81458282470703,38.492490675475224,37.79339904617251,38.12529260996721,20840000
37.058990478515625,37.553299202505784,36.91069866944833,37.48268482497826,31857100
36.691795349121094,37.41207342286452,36.501133268386106,37.397950006465685,44412200
35.957393646240234,36.33165744417961,35.38541010118559,35.9291495073759,30736500
36.77653503417969,37.11548893895698,36.37402441013009,36.37402441013009,20951400
37.073116302490234,37.28496214260841,36.63530120707721,37.179040569432324,19332000
37.532127380371094,37.77222011169606,37.341465267810094,37.447386867832854,17093600
37.27790069580078,37.51799335927714,37.12960888141519,37.51093030501158,18256000
37.066062927246094,37.87107888766786,37.02369267373097,37.58155555639746,23511100
37.55685043334961,38.076102024643944,37.073163499161296,37.39325083993436,23935300
37.5355110168457,37.56396382701125,37.13717981475603,37.2083118401699,10442300
38.4033088684082,38.41042071538113,37.77736051181022,37.95518653364069,17070200
38.90834045410156,39.057713685541216,38.445991636700505,38.79453189013656,21786900
39.04347610473633,39.24264035633759,38.54556276232376,39.171511041739834,20508700
39.00080108642578,39.22841815789719,38.72339023674858,38.958121867996326,16915000
39.22130584716797,39.74055749082538,38.801636338813395,39.71921923709183,21322600
39.100379943847656,39.72632548130611,38.94389220277839,39.48448202393057,32569200
39.04347610473633,39.47737197864715,38.83719729362964,39.47026013255114,28292000
39.12882995605469,39.41335262767512,38.96523036956619,39.050588799097895,19222700
39.313777923583984,39.53428317136089,39.007916943581414,39.157290153328766,19166600
40.09620666503906,40.210015199184376,39.470261083944585,39.48448477647945,24563100
39.94683837890625,40.23136110591863,39.76901235287597,40.195793729984715,17762600
40.231361389160156,40.30960256190008,39.797465448445934,39.953950507335605,15999700
40.309593200683594,40.4660809366415,40.16733458262282,40.345160568607994,10577100
40.281150817871094,40.494541499230024,40.103324797837026,40.487426938919214,16665000
40.18868637084961,40.18868637084961,39.75479038473553,40.15312170435389,13870200
39.86859130859375,39.98951440760808,39.54850394462594,39.87570586857615,16762300
39.61252975463867,39.83303503253932,39.3920271901482,39.81880862298991,10049100
39.35645294189453,39.82591348909722,39.17862693593277,39.74055505258072,14207400
39.64096450805664,40.02506925061122,39.48447678773982,39.53427055517522,19404900
40.217132568359375,40.3878440247982,39.97528907722964,40.089097619325415,15979400
40.181575775146484,40.202914033026886,39.840147368598856,40.025087981596336,11007300
39.904151916503906,40.24558021234149,39.84013445021053,40.06775421857202,9370200
39.47024917602539,39.90414221608264,39.34221427456303,39.825901077107794,10588600
39.335105895996094,39.45602897233185,38.96522753515893,39.16439447616916,12828400
39.00080108642578,39.64097308241053,38.50288772505352,39.420467857305944,18587100
38.78030014038086,39.22842248640315,38.64515333722294,38.90122053582586,12652500
38.47443771362305,38.63803732606472,38.18280314998185,38.43887305238089,15133000
38.61669158935547,38.908326096487485,38.125890133721924,38.56690053058239,15078100
38.517112731933594,39.01502336180806,38.41041604644082,38.645147669161155,15785800
37.90538787841797,38.182795982808955,37.62086521506817,38.06898746015088,16933200
37.90538787841797,38.2539252919418,37.74890014223466,37.74890014223466,17139000
36.86687088012695,37.66353023858632,36.84552992470009,37.62085104114078,22793300
37.07318115234375,37.24389538651506,36.0346774752495,36.83133757009064,18701500
36.72462463378906,37.14429408351622,36.475666616901485,36.93090072235279,17136200
37.13719177246094,37.45727920636411,36.93802746399238,36.98781854110952,14658500
37.215423583984375,37.286552895793925,36.916677218293096,37.179858928079604,11126800
36.84553909301758,37.371905138856036,36.83842724837777,37.10160891459257,16548400
35.991981506347656,36.66772085262887,35.95641684884011,36.29073059891184,23596800
35.97776412963867,36.312075224986216,35.65767672906343,35.79993809747575,18748100
36.0631217956543,36.40454747007323,35.885295753972976,35.98487790316891,13576000
35.94219970703125,36.15559313389625,35.77148822163142,36.14847857251534,15863100
36.36897277832031,36.78864222953131,36.155582129811684,36.4543284950419,15277200
36.89533233642578,37.05893190694397,36.22670765081984,36.39030722133803,19923800
37.066062927246094,37.357697545675165,36.92380154214186,37.00915728784031,13913200
37.38613510131836,37.49282906152771,36.47566423642564,37.27943842769988,22339900
37.59953308105469,37.8342620101021,37.35768959189119,37.54262745376462,19936400
38.175682067871094,38.36062261619116,37.91250036354866,38.28949330585837,20233200
37.8840446472168,38.239696598410156,37.741786037466696,37.96228851062479,16028600
37.15851974487305,38.20413471196629,37.044711220787754,38.00497047316934,21976700
37.4074821472168,37.55685535468115,37.15141224104376,37.19409146320919,11942900
37.7986946105957,38.04765264183406,37.684886077672566,38.01919983025091,17055300
37.763126373291016,37.926725954272484,37.61375319675262,37.83425568209715,13207000
37.990745544433594,38.31794472471444,37.38613824550555,37.47860580944838,20844500
37.52130126953125,38.23260555900104,37.36481345755653,38.14724980401961,22452200
37.55685043334961,38.033425521480474,37.55685043334961,37.6635471180771,30792200
36.60369873046875,37.25809974173592,36.55390767360603,37.04470911040868,28189500
35.792823791503906,36.468563261215856,35.7785973832204,36.2836226669402,34906900
36.774410247802734,36.91667156303817,35.60787234700815,35.72168085651472,39175500
36.909576416015625,37.38615166567868,36.66062101848215,36.93802923670811,22298700
37.15851974487305,37.27232826895834,36.553909756024915,36.632153625097786,23026000
36.767303466796875,37.05182615745085,36.58947746349051,36.79575627854417,21350600
36.95935821533203,37.05182850265893,36.59659433952595,36.73174113376554,19188000
37.324790954589844,37.58274732789635,36.75155608801953,36.773051541328584,23841200
37.21730422973633,37.40360724976557,36.90202577028574,37.26029786514288,18614500
37.74039840698242,37.74756538285829,37.26747913499037,37.31047279004434,17407200
37.13850402832031,37.51827175173429,37.13850402832031,37.46811385367586,16159300
36.45061492919922,37.231648478815565,36.42911947066853,37.13849966958251,19536000
36.36461639404297,36.78737756096485,36.006344311343035,36.66556363147936,24721200
37.632911682128906,37.66157411373828,36.81605151506128,37.14566127836929,24328700
37.62574768066406,38.2276451250224,37.374958217764814,37.94819322824891,32498800
37.769046783447266,37.86219830135327,37.08832919887154,37.2173073826185,18881600
37.48244094848633,38.005518065977405,37.3892894051687,37.912366522659774,17566500
38.69338607788086,38.729212740532404,37.67589464490151,37.69739009581261,24864000
38.843875885009766,38.90120075585544,38.41395028726832,38.542928513270816,17791000
38.908363342285156,39.108997648306854,38.55009111494662,38.87970090808203,24796600
38.88685607910156,39.302450315291196,38.614568503626,38.88685607910156,19471700
38.42109680175781,39.1806345896072,38.42109680175781,39.15913913965831,24820900
37.79771041870117,38.23480286278267,37.7762149651888,38.19897619579556,21034400
37.60425567626953,37.89803881696693,37.339134972079286,37.86221213803318,17759000
37.81203842163086,37.91235417403698,37.310456926201034,37.374946014662,20889600
37.747554779052734,38.041337839226166,37.61857658352297,37.89802842937092,14836800
37.78338623046875,37.96968930688114,37.43944524332278,37.85504231116582,23363100
37.69023132324219,38.14882199851139,37.61857798234999,37.97685015361047,16157200
36.930694580078125,37.769050114983685,36.930694580078125,37.72605920554215,23738000
37.62574768066406,37.769057116635125,36.75872955646936,36.86621231679769,25794400
37.288970947265625,37.804881052614,37.26030851546851,37.79055257011538,18891300
37.2244758605957,37.3534540495565,37.01667736355893,37.15281979261776,14532200
37.33195495605469,37.503926781626824,37.13849041071026,37.4466019286363,14013000
37.0095100402832,37.50392456784469,36.95935216357693,37.35345093772589,17348900
38.66474151611328,38.67190849199396,37.117005467335886,37.13850366157752,31183100
38.765052795410156,38.80088220383889,38.47843666178093,38.62891033694128,12062800
38.67190170288086,38.75072202332845,38.40677830984808,38.64323927119084,15964800
38.79372024536133,38.836713900995434,38.084342694501515,38.349463404077376,22121900
38.98000717163086,39.051660501209135,38.47842566438501,38.87968868346224,17634000
39.31678771972656,39.3812768205635,38.82953734304741,38.88686220308014,20530100
39.940189361572266,40.12648971828249,39.62490805012392,39.7610532467585,22318800
40.23396682739258,40.58507203239084,39.96884344667166,40.10498862417694,22979900
40.19813537597656,40.44176055482368,39.96167717105418,40.43459631429862,17682800
41.00066375732422,41.12964194381992,40.327110398202365,40.327110398202365,22843600
41.17264938354492,41.21564304077437,40.886033202216915,41.022175683342674,16730600
41.30878829956055,41.659893546498076,41.136816430264524,41.201305539575515,18649600
40.96484375,41.53091450570126,40.96484375,41.29445626517546,16263300
41.18696594238281,41.43775808685257,41.079485937666846,41.25862201225971,11238900
41.00066375732422,41.452084676659716,40.986332544002536,41.25862013031562,7128800
40.828697204589844,41.38043668844374,40.77137507729843,40.91468176222688,12465300
40.742713928222656,41.00067034264571,40.22680109937654,40.76420938495795,20426800
40.97917556762695,41.179809869676376,40.276962343954295,40.44176723725909,20287200
39.99750900268555,40.656731285458946,39.94735111233757,40.635233094309804,21324900
40.16947555541992,40.67105439260275,39.85419430530539,40.534911955853076,18661200
40.49190902709961,40.506240238218375,40.190961793802636,40.32710419933236,12714000
40.6280517578125,40.89317231429713,40.377259678198286,40.47757815008329,14543700
40.176639556884766,40.678221124483,40.09781924482509,40.513416259903515,17836100
40.34861373901367,40.55640952522327,40.06199490276624,40.1623106754329,15325300
40.248291015625,40.52774558171417,40.15514222699479,40.391600418732374,11461300
40.427425384521484,40.80002872355755,40.36293902590696,40.370103265731,26379200
39.92584991455078,40.59940058338893,39.882856271833596,40.59940058338893,18338500
41.0150032043457,41.03649866194368,39.6965613814696,40.01183993763998,27685900
41.00784683227539,41.22997664068699,40.71406365774428,40.91469526959946,16790000
41.34461212158203,41.55957489331575,40.98633992422586,40.99350416547701,22001700
41.73154067993164,41.83902068346309,41.41625944274715,41.53807339349558,13990600
41.73870086669922,41.767363291550545,41.58822723632866,41.60972268826752,4532600
41.702877044677734,41.88917735211048,41.502242790443084,41.810357045096815,6677000
41.659881591796875,41.810355225875966,41.60255947408075,41.6813770442655,8943700
41.52374267578125,41.753036632800615,41.35177084131694,41.65988510857413,8815800
41.90351104736328,41.95366893054282,41.595396774460646,41.70287951464515,11017400
41.982852935791016,42.192010571580724,41.809759048520576,42.05497768155181,15627600
42.30739974975586,42.51655734765776,41.98284533081795,42.04054511697457,14214100
42.55261993408203,42.891599312270756,42.430012010817286,42.66801675944539,17550700
42.06217956542969,42.86274618467965,41.910721759430274,42.76177431401337,17851200
42.4588623046875,42.4877122009887,42.047760911866725,42.22085753839641,14687400
42.37952423095703,42.55262084835987,42.069397491542496,42.53819590096985,13242500
42.18479537963867,42.3795252961047,41.96121281639004,42.31461440685687,12694900
41.615028381347656,42.314620565871415,41.492417683243204,42.19922371833198,20711600
41.643863677978516,42.24969760293486,41.51404192611095,42.047751127098145,30272400
42.90602111816406,43.02141793507913,41.63665338082121,41.63665338082121,35186600
42.54541015625,43.14403034662186,42.36510243907044,42.40116343225087,21689400
41.91072463989258,42.7185024120173,41.8530248519593,42.70407746503398,20997900
41.954010009765625,42.148742728765534,41.52848631980954,41.89631295484613,19548300
41.53568649291992,42.069398554729155,41.41307581264481,42.069398554729155,15433500
40.727909088134766,41.182282566235116,40.54038751671265,41.17507146792388,26234600
39.732608795166016,40.648572331529074,39.732608795166016,40.38892877775341,26833100
39.732608795166016,40.24468205329166,39.44411534624252,39.72539769701777,23935000
40.201412200927734,40.63414964713754,39.84079674532704,39.9489797312407,18041000
40.049949645996094,40.295168253777746,39.55951243043279,39.63884826696177,25459000
40.3889274597168,40.67020705003545,40.12207281650132,40.43941339893926,17031100
39.92735290527344,40.468276213597164,39.79753109117348,40.02832481595602,18174000
39.170047760009766,40.331227096864936,39.09071192771093,40.028311465844624,28549900
39.63162612915039,39.92011674829445,39.379193742213076,39.465743404105304,20709300
39.81916809082031,39.99226476416614,39.3647944819343,39.7398322301734,19491600
40.73512268066406,40.78560862576647,39.811947968759775,39.92013095771737,20881600
40.83607482910156,41.05965730023629,40.57643137908094,40.857713617454166,23388500
40.922630310058594,41.052449302287414,40.67019791934148,40.944266350217276,14715200
41.42029571533203,41.52126761309261,40.8072504781983,40.82888652735332,18774100
41.48520278930664,41.622235673450994,41.225559218273034,41.35538100378984,13437900
41.85303497314453,41.903520924156346,41.08131800621761,41.16065385817274,16605500
41.93956756591797,41.99726459298801,41.65107417673718,41.752046037567396,13067300
42.18479537963867,42.300192210381766,41.759269050408996,41.84581598564695,14983800
41.29767990112305,42.2208573190221,41.26883275624927,42.09103553761876,18669900
41.528465270996094,41.80974480544706,41.304882762220736,41.49240153476245,12457000
41.550106048583984,41.715988799318204,41.37700944926991,41.53568110270139,16790100
41.85303497314453,41.99728172658315,41.52848321700512,41.557330366670456,16151400
41.13178634643555,41.81695606845142,41.05245052844847,41.759259042546056,17991800
40.92985153198242,41.3842277466599,40.54760005447136,41.37701389730456,23661700
40.88658142089844,41.03082816064546,40.489904950052434,40.951492316220715,16277500
40.9803352355957,41.434711425472685,40.67020576090095,40.80002752943723,18599000
40.54038619995117,40.691844021065236,40.165345820565825,40.605297087753975,19151000
41.29767990112305,41.36980464150131,40.85051751588794,41.074100084144256,17157000
41.9467887878418,42.040549574649404,41.369804621482544,41.45635155861705,17761500
42.48049545288086,42.61752831517066,42.11988005090828,42.19921312826942,19420600
42.841129302978516,43.12962009801936,42.60312171457342,42.80506554622985,18602200
42.69686508178711,42.89880883091942,42.45885759064354,42.65359024213994,16945200
41.96841812133789,42.87717044536402,41.9251460353309,42.85553165108344,19420000
41.773685455322266,41.80253534682762,41.41307006533664,41.615016554597005,17932100
41.413082122802734,42.07661606422904,41.247199325265626,41.831397417592044,17192500
40.965919494628906,41.49241778477074,40.83609769691965,41.189502090967714,18635800
41.528465270996094,41.615012185147904,41.14621112687843,41.26160792950643,13581400
41.87466812133789,41.94679011268161,41.55732475635924,41.7015714903243,12554800
42.04775619506836,42.5021323813703,41.75205166934616,41.82417640200842,21450700
43.35319137573242,43.6272598978037,41.9251544732731,42.091037255999034,33736500
43.396461486816406,44.13933117705776,43.27385355568849,43.96623455227291,35144100
44.045570373535156,44.132117310255175,43.526283250660015,43.54070819865961,25810500
43.94459533691406,44.341271748980056,43.677740696255455,44.07441710832145,24053500
43.20173263549805,44.28357900114881,43.19451878567826,44.168182165530496,22745200
43.21615219116211,43.670528407321164,42.567046062212306,43.23057713864243,24632600
43.30270004272461,43.69937645216818,43.04305650162633,43.4253079642003,14708700
43.785926818847656,44.009509385959475,43.70659098047645,43.87247650685853,15216700
43.75707244873047,44.20423753723196,43.54070375338178,43.95901894882952,14584400
43.89496994018555,44.10544582586754,43.691753371178436,43.815134068470435,14012200
44.02560806274414,44.12721634288245,43.74981218192732,44.01835151499911,11925200
43.4087028503418,44.3159236715598,43.40144353334584,44.28689194081245,16966900
42.82082748413086,43.54660422115003,42.70470331695253,43.32161243597141,18685700
42.711952209472656,42.83533567232951,42.276487352771156,42.67566393285054,16956500
43.01677322387695,43.147413214566555,42.457924990064214,42.893389779951164,15308400
41.65958023071289,43.10387419344523,41.64506436568315,43.07484246338574,29977200
40.13544464111328,40.679777080464596,39.591112201761966,40.0483522260301,47241300
39.88867950439453,40.599940208650295,39.54030708406219,40.53462020679937,31081500
39.772560119628906,40.38221262025714,39.44596007132481,39.98303601393801,26691400
40.10641860961914,40.17173862236356,39.692726118443886,39.91771788870099,27049400
40.07738494873047,40.331405652619196,39.92496975777921,40.16447736597546,17955400
39.93947982788086,40.215275672533345,39.91045087208925,40.106408090307525,12384800
40.5056037902832,40.70156385651256,39.87417598733793,39.946755327766624,16257600
40.67978286743164,40.73058701417555,40.32415384022426,40.49833869516957,11379000
40.78138732910156,40.832191471071916,40.360438328687465,40.69429490981211,15360600
40.42575454711914,40.89750764529686,40.3822069572461,40.86847868733267,15937700
40.27334976196289,40.42576220245379,39.68546964613153,40.37495805562349,21394100
40.716068267822266,40.868483465890186,40.331407535796245,40.44753168708437,13453400
40.62898254394531,40.89751916894979,40.44028180522777,40.81768605128146,14388100
40.44028091430664,40.78139410008328,40.280609145250416,40.58543404768297,12744600
40.33867263793945,40.912034159807924,40.237061568448475,40.52011682338836,15153800
39.35160827636719,39.729012441928774,38.9742041108056,39.104844120754535,25232300
38.71293640136719,39.23549660733364,38.69842053246602,39.220980738432466,25327400
39.22822570800781,39.27902984985455,38.64034841846173,38.86533739846358,18502600
39.45321273803711,39.57659341958918,39.23548033207491,39.33708860361609,16090800
39.19919204711914,39.4169272370106,38.95968721430366,39.35160723376675,12366500
39.663700103759766,39.69998838717815,39.2137165297924,39.38790416626663,12825500
39.641929626464844,39.794344864711725,39.554837182194404,39.729024839354175,12310700
39.45321273803711,39.699976869759006,39.40966514939757,39.656429281119465,10325800
38.83631134033203,39.33709905254653,38.72018717506548,39.33709905254653,19763000
38.69114685058594,38.83629993808866,38.444382725766566,38.77097994126537,19992400
39.06856155395508,39.1266222509631,38.509713156083414,38.524229022490026,12068900
38.98872756958008,39.22097590614642,38.76373578226082,38.98872756958008,16888200
39.279029846191406,39.627402291087215,39.17742156250739,39.2282257043494,13210200
39.591121673583984,39.62740995783213,39.20646087704014,39.315325729784576,11800900
39.576602935791016,39.62015053490159,39.30806632948855,39.591118802161205,10876500
40.01932907104492,40.22980499048376,39.692728983746484,39.73627658492579,14503700
40.24431610107422,40.35318093822795,39.91771605237658,39.983036062116106,11374900
40.44028091430664,40.58543404768297,40.2007732607223,40.462053330589384,11741000
40.33141326904297,40.5564050554175,40.14271253460712,40.338672586878126,11991900
40.17173767089844,40.389472887301714,39.93223280892043,40.389472887301714,9440000
40.353179931640625,40.39672752658678,39.98303506476184,39.98303506476184,9131500
40.4112434387207,40.4475317169091,40.099159262787836,40.29511928734695,9727800
41.1007194519043,41.12249185855316,40.27333477583966,40.57815954339302,16803400
41.34749984741211,41.46362400968532,41.11525152286568,41.19508463492605,15399800
41.674102783203125,41.85554698431833,41.296701281268035,41.30395783112038,11999700
42.02245330810547,42.05148225901733,41.65230580565333,41.71036924471137,11609200
41.56523513793945,41.94263938319912,41.354759214283725,41.7176475921928,14232200
41.398292541503906,41.67408562021129,41.274909095877845,41.420064950713005,11670200
41.398292541503906,41.85552974660082,41.282168411359315,41.391033226022444,12040800
41.27492904663086,41.33299252407769,40.88301164834071,41.26041317726915,11199100
41.674102783203125,41.79748627964324,41.137029498328644,41.21686538979834,11200500
41.93537521362305,41.957150396439026,41.332982015667795,41.579746194842045,13729400
41.587005615234375,41.87005809382424,41.52168559951222,41.87005809382424,11624400
41.76845169067383,41.92812346270941,41.62329578597044,41.870059993380615,17124800
42.23294448852539,42.25471967183129,41.54345884964852,41.761191302379025,16007700
41.674102783203125,42.182147100049455,41.58701034188109,42.007962217405385,12322900
41.75393295288086,41.906348165081546,41.274920438323434,41.528943946245626,14836600
41.65233612060547,41.72491547225194,41.07897170138462,41.61604782909182,11854400
41.75393295288086,41.877316432413,41.543459812579904,41.608779826774935,10178600
41.81926345825195,41.935387649439754,41.645078555779804,41.68862339708829,11549000
42.07504653930664,42.38200507851177,41.716931496201695,41.76809078807383,14472200
41.636531829833984,42.009264160756985,41.52690319769502,41.85578630613998,19189900
41.69500732421875,42.133519158774185,41.65846536833226,41.82656059578812,12599800
41.41728210449219,41.65115674815755,41.21995499147888,41.57807005077074,13916100
40.752201080322266,41.27110677948924,40.65719257295772,41.183402758576214,18343400
40.94223403930664,41.015317953936844,40.64258552856657,40.83991544363529,10914300
40.606048583984375,40.78876118108802,40.16753667815184,40.240623389777085,12436600
40.78144454956055,40.86183852541728,40.335625438335036,40.40871213819231,10230000
41.13956069946289,41.54152777407115,41.07378406631082,41.31496319588681,14004400
42.58663558959961,42.89359129285446,42.213900477965154,42.35276378103252,36178000
42.90821838378906,43.105548289871635,42.615879950608324,42.76204777321244,20507500
42.28700256347656,43.01785292845066,42.21391585419542,42.79859837655301,17013500
42.557403564453125,42.74011610051276,42.31622446659987,42.630490251660206,12803300
42.564720153808594,42.688963359153355,42.31623095514659,42.47701611571202,9141400
42.87897491455078,42.97398621014562,42.65972043761589,42.69626238577638,10375200
43.12015914916992,43.2590196749634,42.769351409292646,42.94475388524524,11122100
43.24441146850586,43.37596474723426,43.11286097775014,43.17132755275572,9844100
43.12747573852539,43.317498381148525,43.00323252355639,43.06169909884395,10500600
43.25902557373047,43.31018486852369,42.87898310671478,43.07631301004826,12382800
42.8570671081543,43.21518503168325,42.71089647022467,43.21518503168325,13498800
43.05438232421875,43.32479609970986,42.8351278363078,43.13477628697959,11815700
42.14813232421875,42.88629263351643,42.14082504847085,42.86436801830029,15955900
41.278419494628906,42.01657976742805,40.90568711452218,41.943493073700644,23915400
41.402671813964844,41.64385097023131,41.176107210707364,41.592691670781676,13543900
40.97145462036133,41.36611152670823,40.63526148003161,41.24186835699961,16863300
41.095706939697266,41.431897366905396,40.803368528722835,40.847217756984236,12190600
40.861846923828125,41.43190936001819,40.69375166156626,41.38806011906394,11743800
41.17610168457031,41.19071902359027,40.66450597076115,40.84721852655211,12213200
41.1614875793457,41.35151021356169,41.051858922069364,41.32227553322499,9066800
41.183406829833984,41.32957742450038,41.02262168487593,41.095705588223026,11289600
41.45382308959961,41.54152433054169,41.300342432985744,41.431895688384955,7012600
41.64384841918945,41.65846575927573,41.43921123392668,41.49037053024237,8275900
41.47574996948242,42.023887634277344,41.212643444305286,41.833867803856265,12727400
41.82655715942383,41.9727277589333,41.48305666877242,41.5561433625133,8881400
42.06774139404297,42.184677322525104,41.906953446890356,42.09697328518416,9040500
42.12622833251953,42.27970629011479,41.94351568167552,41.96544030762519,8121400
42.75474166870117,42.95207158019035,42.09697529707058,42.140827317836816,12745500
42.74742889404297,43.17863061820894,42.630492975013496,42.71088415411883,10228600
43.36865234375,43.72677017972297,43.017844571271446,43.105545817397996,13996800
43.66099166870117,43.8144695398091,43.40519242888239,43.536745686395534,10281100
43.551368713378906,43.81447526277169,43.50751669248925,43.741388561288915,11410900
43.237091064453125,43.39056891371301,42.98129464901998,43.302867683846195,9096100
43.449039459228516,43.5952100383591,43.288251543387695,43.36864550130811,8897900
43.60983657836914,43.639071259828214,43.22979687129188,43.45635868266801,8671100
43.63176345825195,44.121431820920236,43.45635815958155,43.865635331164064,11791800
43.63906478881836,43.953330597970876,43.434427624894774,43.58059822254259,9811900
43.785240173339844,43.785240173339844,43.28095448369412,43.57329292297774,9600900
43.7706184387207,44.01180034518889,43.660992580485214,43.73407648597554,8090000
43.16402816772461,43.61715466175709,42.959388147860594,43.58061269720133,14868700
43.28095245361328,43.52944164873396,43.06169514946907,43.22979315943895,9153800
43.67561340332031,43.734082766487,43.09824377589906,43.25172167225258,11467000
43.8729362487793,44.15066010310057,43.66829908663322,43.7048410387347,14359100
43.80716323852539,43.84370798161791,43.44904817518744,43.69022730935775,10685600
43.843711853027344,43.99718975086717,43.573295227721694,43.63907186793487,10947900
44.077579498291016,44.28221667575505,43.71946164975651,43.81447296271014,15091800
44.81573486328125,44.874204218580786,44.24567258897236,44.24567258897236,16973700
44.66225814819336,45.20308575890669,44.56724683734877,45.122694575239215,18739300
44.51608657836914,44.91074636441797,44.43569260847338,44.538011192714414,13225200
44.53801727294922,44.874210537316266,44.4137740574015,44.45031601562302,14328800
45.04230499267578,45.04961226900401,44.59648586139252,44.71342179845267,13728200
43.96064376831055,44.94729049321656,43.96064376831055,44.93998321740522,16340100
44.26028823852539,44.494160074852765,44.08488296729375,44.09219303041335,11948900
44.09219741821289,44.216440623887934,43.65368559048175,43.87294011036108,10686500
44.02641677856445,44.3918418744464,43.94602281139487,44.143352697727785,14384800
43.68291473388672,44.14335111886186,43.65368005814845,44.02641520388095,18995800
43.29296875,43.77122326519972,43.12374096331187,43.52105983993101,24559100
44.3671989440918,44.43341875711646,43.44748087805857,43.594636329975245,18321100
44.278900146484375,44.7350794528426,44.1464605403229,44.72036362918506,11578000
43.60932922363281,44.08758068242481,43.550465951117005,44.08758068242481,14542000
44.44077682495117,44.462849159753716,43.543131119558176,43.67557074188687,15834100
43.46955108642578,44.38926904807064,43.329752159931616,44.38926904807064,19189500
43.05751419067383,44.01402025970571,43.05015487557964,43.43275786454366,16689400
42.792625427246094,43.521043087323854,42.75583728025859,43.04278875621914,17169300
42.66755676269531,43.05751627890974,41.24751201033096,41.71104784051761,29096800
40.8575439453125,42.21872801655194,39.9231102940553,41.95384883266725,37866900
40.526458740234375,41.18865407240562,39.93783692485083,40.28365182037514,31965100
41.35051345825195,41.77726106422285,40.88697489433451,41.0046986621978,20183500
41.66688537597656,41.755177476378755,41.25485089617423,41.27692321958597,10807600
42.62340545654297,42.682265941075315,41.99799842376122,42.10836288479294,14020400
42.270240783691406,42.8662162646534,42.26288146774365,42.704347801639315,13750700
42.71906280517578,43.11637884925677,42.630767856040805,42.763207472986664,12641900
43.219398498535156,43.248827347533556,42.67492409408573,42.67492409408573,13758000
43.14581298828125,43.25618027768935,42.85886140392831,43.006016854220185,11087100
43.87422561645508,43.918370281473145,43.270890869319224,43.31503553433729,13625000
43.62405776977539,43.98458559548083,43.23409549246876,43.86686182285675,16712100
43.697635650634766,43.91101087332037,43.35182082812749,43.36653665108059,14709800
44.49962615966797,44.543773624957744,44.05080341953456,44.2347469814413,18347600
44.7939338684082,44.99259323827211,44.41133094942095,44.727714078453566,11841200
44.33040237426758,44.41869450596773,43.71970834701392,44.32304586610768,15295800
44.99258804321289,45.051448512623026,44.43339814666141,44.735065420121515,14063800
45.05147171020508,45.11033501668018,44.61000813866958,44.94110722069967,10421600
45.228050231933594,45.28691072047137,44.779227428962855,44.93373936897548,12384600
45.56649398803711,45.56649398803711,45.0293791876388,45.06616733431568,10801000
45.15446472167969,45.53706766666927,45.095604241472984,45.404628077759185,12539800
44.55849075317383,44.76450665038783,44.31568389709496,44.455479997810734,17219600
44.3156852722168,44.60999611173167,44.139101013912814,44.51434466787591,12240400
44.35247802734375,44.60264142486073,44.27890171320907,44.33040569445464,6803400
44.426063537597656,44.53642802467231,44.06553281027061,44.14646845151282,9017600
44.53641128540039,44.74978647633937,44.29360725968996,44.403971705283496,8897800
44.587913513183594,44.727712401599966,44.25681738257911,44.47754907190067,9210100
44.23476028442383,44.330411751272855,43.962524516822455,44.293623589179184,10917300
44.47755813598633,44.933737427783136,44.36719086545594,44.933737427783136,12340500
44.852806091308594,45.11032881157849,44.66150598509247,44.66150598509247,8335000
44.3671989440918,44.99996542260375,44.109679008305214,44.99996542260375,14802600
44.39662551879883,44.56585328678589,44.29361755626378,44.56585328678589,7626600
44.26418685913086,44.55849773563268,44.16853540325428,44.44077394638326,6759600
44.14646911621094,44.300981084496016,43.81537003648797,44.13175328969471,12771600
44.94109344482422,45.022026256283596,44.1464558915337,44.15381239920961,12546600
45.27955627441406,45.33841676563293,44.742441310792955,44.852805784362026,12115500
45.16183090209961,45.30162701975591,44.764512074963044,44.95581217316411,11515200
46.13304901123047,46.397928207392106,45.52971431186505,45.62536294966859,20071100
46.11098098754883,46.47151168389159,45.80931359132596,46.059477003322236,15528200
45.9490966796875,46.24340465852176,45.29425812884335,45.50763050130261,19676400
44.646793365478516,45.794602505440665,44.418702278024156,45.735739202836925,29620600
44.985233306884766,45.66214701787779,44.96316097945488,45.007305634314655,16886200
44.1759033203125,45.04411748760948,44.11704001084833,44.53643126713077,17405400
43.52839660644531,44.7424250209981,43.256160969315815,44.69092105739942,19209900
42.99129104614258,44.04344848230194,42.75584350304807,42.98393173162056,20709700
43.97722625732422,44.02137372175052,42.925068879256315,43.09429661608987,17856400
45.235408782958984,45.235408782958984,44.470202750122056,44.61735818824555,18173400
45.56649398803711,45.87551778822969,45.15445944769132,45.17653458110199,22756400
45.57386016845703,45.86081450966098,45.331056103446016,45.73573141630189,17073400
45.97117614746094,46.331706775476086,45.56650085947878,45.6547929861689,13552600
45.97117614746094,46.2581276642709,45.816664224064205,46.162479029838316,7412500
46.02268600463867,46.27284940120048,45.91967804254083,46.11097814261447,6086500
46.324344635009766,46.603939627020864,45.801945607723816,45.92702587900809,10601200
46.46414566040039,46.55979429337452,46.03739524218575,46.14776250393259,7518100
46.04475784301758,46.71431235540624,46.04475784301758,46.57451343964796,18529400
46.274314880371094,46.62235148421659,45.963300261721244,46.04475653862506,12600000
44.83772277832031,46.118800249151,44.60076063486097,45.95589054102993,20100600
43.675132751464844,44.98583138766308,43.20861222760839,44.90437510931221,29074100
43.74177932739258,44.3489952726243,43.445575187118166,44.3489952726243,23843200
44.71925354003906,45.0969139981705,44.40824170375418,44.40824170375418,16971100
43.94171142578125,45.01544777442313,43.90468661889257,44.96361247981664,15396200
43.56406021118164,43.9861492856812,43.14937496921185,43.897286346451324,15455200
43.57146072387695,44.2082976157748,43.223421300441636,43.882472513048334,21644700
42.06822967529297,43.57145890999907,40.92784751284817,43.57145890999907,49602300
40.72051239013672,41.92013385884552,40.35766243905173,41.26848640833177,42458100
41.41658401489258,41.46841931304894,40.46132867776213,40.47613916649422,29368900
41.25366973876953,41.7572150353589,41.038921898351056,41.49803855541368,23477700
41.386959075927734,41.779427102919946,40.868603319168514,41.06113682944473,21842400
42.645835876464844,42.74950649598097,41.438807610357415,41.74982229371831,31423500
41.971961975097656,42.85316481281336,41.95715148730264,42.7420903915683,15458300
42.038604736328125,42.20151726555259,41.616515751347926,41.77202162480137,12577700
41.61652374267578,41.920131716922846,41.290698621660944,41.505446483273076,15220500
40.54278564453125,41.971965346204705,40.54278564453125,41.927533879251,24354400
41.22405242919922,41.38696498811884,40.49095156368497,40.9278511150323,20393300
40.268795013427734,41.098162547768766,40.26138835720026,40.720504999706414,26943700
41.0759391784668,41.20923071307643,40.18732988933958,40.37986053665847,20308900
42.0015869140625,42.04601555682824,41.37215383503208,41.40177481341722,18812500
41.74980926513672,42.26075836965169,41.67575682801102,41.7053778028613,14934100
42.038604736328125,42.2385420699732,41.80904642922197,42.105250514209814,11293900
42.867977142333984,43.49000353239012,42.608800656815525,42.764306548126605,25214000
42.81614685058594,43.02348806323961,42.379247277628444,42.51994269695598,14372400
43.290069580078125,43.475196462810054,42.986461605390254,43.26044860088613,16367300
43.22343063354492,43.43817852947325,42.830962483947474,42.993875070487924,13061900
44.112030029296875,44.215700623755374,43.35671206634115,43.638105697594106,23211300
44.18608856201172,44.59337001500488,43.941722515028225,44.03058263894837,16479100
44.504512786865234,44.534133773583555,43.926917669921856,43.95653865664018,15308800
43.96392059326172,44.50449061996521,43.77879375569978,44.50449061996521,14278100
43.860267639160156,44.045394551105694,43.541849124628826,43.80102849624008,11256500
44.28235626220703,44.349002062732055,43.20861962033156,43.66032973224426,15379000
43.949127197265625,44.08241879812668,43.541848561217925,44.06020447292066,16814000
45.03766632080078,45.356084774591025,44.489692347867766,44.61557726806709,22937700
45.274627685546875,45.37089445061716,44.98583021514793,44.99323404716323,18307900
45.60044860839844,45.68930870849208,45.10430716451802,45.19316726461166,15444800
45.378299713134766,45.852224071787035,45.26722528053239,45.26722528053239,15225900
45.74114227294922,45.785573733722046,45.19316555599719,45.37829240533332,13047300
45.88924789428711,45.90405838236581,45.54120848646703,45.652285734651414,13706900
46.007728576660156,46.037346727749934,45.430130845827506,45.644878683895904,16625500
45.91146469116211,46.08178107603899,45.615260563229846,46.05956675512824,10931300
45.08950424194336,46.555708851133886,45.022858449488695,46.02994916888715,22719200
45.54121398925781,45.6374807609955,45.02285814311684,45.05247912285338,13001500
44.40082931518555,45.178361630356534,44.40082931518555,44.993234754134306,16357700
44.6081657409668,44.91177365327647,44.400821754035,44.526709477330535,13015600
45.444942474365234,45.50418442765514,44.91177901881515,44.91177901881515,18159600
45.17095184326172,45.807788665480835,44.7488628471047,45.467155936092986,16506200
45.800384521484375,45.852219816851076,45.35608118268077,45.541208044650894,15182900
45.62266159057617,45.65968639579614,45.1117096741813,45.42272425261447,11718300
45.72634506225586,45.948496780996656,45.237610151101165,45.45976186984196,15697900
45.319061279296875,45.65229023186468,44.993236159091886,45.59304827371394,11523800
45.72634506225586,45.985521596651395,45.28204162477427,45.40792656296286,18368300
45.274627685546875,45.97070653708475,45.259817196704375,45.726337708401395,15112900
44.77108383178711,45.3486816163311,44.76367999952911,45.1487442476211,12128700
44.14165115356445,44.90437295089362,44.12684066504783,44.82291667645811,14950900
44.089813232421875,44.274940090645195,43.59367178348129,44.0305712818808,14039600
44.097225189208984,44.26754159117962,43.68994659103466,44.05279654292842,11755800
45.14134216308594,45.51159595935432,44.88216563562298,45.082103024585386,20656500
44.85995101928711,45.12653137801984,44.741467093433975,44.963621629596325,17346700
44.688499450683594,45.15066494817071,44.5245040494255,45.03139634096152,18100600
45.11338424682617,45.24756175625313,44.725760646657996,44.77794047325878,12697800
45.07612609863281,45.2848454640746,44.464874091049225,44.666137568532044,12025200
45.35938262939453,45.84391292785577,45.35938262939453,45.583013747815286,11505500
45.50846481323242,45.88863540391817,45.42646712333599,45.5159206997253,11734000
45.82154846191406,45.903546155064696,45.3444740765878,45.672462005602696,11728500
45.99300003051758,46.05263291095959,45.620285286094564,45.73209800326877,9869700
46.268795013427734,46.41788143760161,45.843900552863765,45.94826019670937,15468700
46.99187469482422,47.41676926725863,46.76824642147786,46.932238972018375,33775400
47.86402893066406,48.06529808644572,46.96951293544358,47.02169561809051,28732200
47.565860748291016,47.90875481624455,47.4540451780288,47.76712706861016,16640500
46.84278869628906,47.26023022930953,46.58188951539365,47.14841466973275,20221200
47.140953063964844,47.34967237077181,47.066408423257144,47.1260441358233,12755300
46.44770812988281,47.40930991943812,46.31353060695182,47.20804647862921,14985100
46.917327880859375,47.073870224222325,46.23898720491204,46.701155504611975,14484700
46.81296920776367,47.11859517058636,46.663882748038226,46.80551616439187,12851300
46.66388702392578,46.842791360707146,46.47007659903493,46.68625184326593,9597500
46.470069885253906,47.07386873562049,46.447707912732476,46.73842492986128,11146400
46.783145904541016,46.79805483313789,46.04517242231383,46.58188247745169,12307800
47.4093132019043,47.62548843088121,46.5595240602298,46.63406871345689,17601200
47.15586853027344,47.6180368638486,46.90242238861823,47.394408584408794,16840900
47.41676712036133,47.61057752352958,47.208047787166656,47.483855883686424,11640100
48.24419403076172,48.35600958364983,47.43912887457762,47.4689467344928,14972500
48.00566101074219,48.69145478686725,47.92366331064291,48.08765871084146,17692400
47.64784240722656,48.5050872921266,47.27512773441564,48.10255476302986,18087900
48.0802001953125,48.15474200391665,47.148413369821945,47.461492378264666,15039900
48.818172454833984,48.937443895131004,48.15474070791388,48.430551648219264,16802600
48.7883415222168,48.92997489782587,48.512536342987055,48.6467138337815,13798800
48.72127151489258,48.85544904946016,48.27401496205918,48.68399776583328,12762200
48.84053421020508,48.922531903249634,48.497637351643846,48.765992403939634,11874100
49.235618591308594,49.33252237467692,48.98216961508878,49.07162319855028,11855500
49.10890579223633,49.31763088208043,48.780920596835685,49.295263214214245,11152100
49.51142883300781,49.60088242546424,49.04926615658977,49.04926615658977,10510900
49.95122528076172,50.08540279915908,49.62323452752929,49.77231813144861,14282700
49.55615234375,49.96613512898939,49.496516622821424,49.90649940806082,12446000
49.6828727722168,49.705234745225155,49.20579839078781,49.30270216954909,12934500
49.5486946105957,49.8170496575997,49.43687905981484,49.667960360833504,9296900
48.997093200683594,49.41453198311565,48.68400842668268,49.34744035755229,15571300
49.5486946105957,49.6828721340977,49.06416434866209,49.16106812617875,10963700
49.34743881225586,49.4965281492964,49.00454186782767,49.46671028188829,11797400
49.03433609008789,49.36232678623797,48.721257164039514,49.332508933208516,14310700
49.25798416137695,49.69033464890728,49.17598645901168,49.19089254708904,11899300
49.21324157714844,49.48905247502225,48.88525654114043,49.07161387255328,12784200
49.72014236450195,50.04067725758012,49.399607471423785,49.518878914046084,12927300
49.444332122802734,49.981042186160536,49.20579494877424,49.42942035039011,13863300
50.2568473815918,50.56992635593913,49.95122429344554,50.21957932493606,20801100
49.86177062988281,50.353756749112364,49.80213491473229,50.28666514777433,14558700
50.07796096801758,50.145046902457565,49.54870663223261,49.90650965693228,13263500
50.883018493652344,51.06191997854024,50.294128515088396,50.38357641394451,17478900
51.076820373535156,51.19609180828493,50.8010151332326,50.95755462596041,13739900
50.875553131103516,51.09172832503729,50.592292025521985,50.92027707220202,11804700
50.68172836303711,50.84572369260828,50.167386096041426,50.37610535652353,14082300
50.965023040771484,51.07683292936599,50.40595084909325,50.51776073768775,11692800
50.793575286865234,51.19610797549894,50.71903346019459,50.9948444747705,14521900
51.2706413269043,51.3004591900789,50.61466539859075,50.9501064067472,16759600
50.74882125854492,51.18862175633441,50.629549856801255,51.03208230692594,21606400
51.404815673828125,51.650808764353144,51.24827616726917,51.33772975123523,14306700
51.99371337890625,52.045893222193726,51.576274632606456,51.69554040847367,15736900
51.449546813964844,52.00861899575624,51.367554792837666,51.81481140083551,16995000
51.173736572265625,51.78498853788218,51.16628068481856,51.67317297487929,13314300
51.397361755371094,51.650810742728325,51.263184217870375,51.38991155513687,14489200
50.09284973144531,50.88300870477601,50.06303756234565,50.45065831956151,19934400
50.51028060913086,50.7711796732289,50.06302425822377,50.607184350889256,20677400
51.07301330566406,51.31310951169958,50.855425224515464,51.1105306633723,13964400
50.66036605834961,51.11805053335914,50.41277085863994,50.982996004268664,12822900
50.517799377441406,50.61533650783189,49.92506052888552,50.18016028114337,13527100
50.120140075683594,50.435265316662395,48.99468787989141,50.337722462779034,22421500
49.09220886230469,49.63993126948206,48.92714167865276,49.51988032706467,17707200
49.60243606567383,50.045111233712156,49.51239781865998,49.88754859469784,14984700
50.30772399902344,50.57032841117494,50.142656733000535,50.43527389573319,12356100
51.0880241394043,51.12554150249197,50.780403514599826,50.93796613574542,16175600
51.80082702636719,51.84584329394403,50.84044182241209,51.005509102657,20185100
51.913368225097656,52.09343900173415,51.658262710878084,51.94338097526153,16891600
52.19096374511719,52.48358083425113,52.07842311417754,52.243484614337504,18035700
51.92837905883789,52.13846261525571,51.710790882734415,52.033420837046805,14040700
51.965885162353516,52.34853481811788,51.90585966658197,52.14595592532183,11512900
51.84584045410156,52.175974996508344,51.673274288277675,51.89086244355969,11659900
52.58111572265625,52.73867830647193,51.920846924558674,51.98087240153928,15493000
52.251007080078125,52.97880060527705,52.11595255247062,52.66367528230866,14331800
51.70328903198242,52.1909805210693,51.53071713516213,52.10094798737806,12413900
51.02801513671875,51.1855777911016,50.69788058981347,51.13305690630732,16801600
51.05801773071289,51.47068010789863,50.84792850898567,51.433168468706825,14932400
51.72578811645508,51.845833381824995,51.14055385245436,51.26059911782428,13059200
51.80082702636719,52.10844772872123,51.425676198300515,51.71829338624473,10197200
51.418155670166016,51.80081099921787,51.32061854581167,51.77830287239345,11911800
51.418155670166016,51.65074727981245,51.0204968313464,51.46317192381485,9980600
51.36564254760742,51.73328869800279,51.25309617216291,51.373147165796105,10964000
51.56821823120117,52.08592230957042,51.440662641485424,51.80831445251102,11302900
51.208065032958984,51.725774774972635,51.020489703167925,51.583215692541096,10803400
51.05801773071289,51.575721856589254,50.68286699271896,51.26810122809414,11453300
51.688270568847656,51.77830881081735,51.1855699309626,51.1855699309626,12661400
51.193077087402344,51.320626976591235,50.90795883586656,51.193077087402344,14800300
50.450260162353516,50.682857468756985,49.57240897425029,50.57781573980506,21069000
50.68287658691406,50.87045199141878,50.24770027461982,50.45778381176957,11930600
50.93796157836914,50.95297081199971,50.57031549525574,50.585319004540914,11248800
51.07301330566406,51.20056316291994,50.57031276870613,50.73537998367025,10326500
51.17805099487305,51.29059733476131,50.90043745306127,51.005484901476386,10617500
50.72038650512695,51.25309994884878,50.54031572575474,50.96798740448054,15198200
49.474876403808594,50.300206803210365,49.474876403808594,50.12763496160538,20972300
47.71919631958008,49.099754694584036,47.69668818006813,48.83714446868113,28235500
45.20566177368164,47.208965245244976,37.56759288319612,44.48537307798512,36339100
44.95056915283203,47.50909751775684,44.815514634622346,47.34403024835089,31772500
47.201473236083984,47.25399411877026,45.43076101359407,46.3686380075253,33576800
48.37944412231445,48.56701950074034,47.3740371172917,48.00429050328957,29045700
48.11684036254883,48.36444126858755,47.71918142370622,48.236891368269546,16687300
48.094329833984375,48.28190522781765,47.621641902289326,47.72668366488823,14223400
46.10602951049805,47.156449933361564,45.76089149422174,47.156449933361564,23637300
46.946372985839844,47.2014756557533,46.17356321911979,46.9838874950855,17757900
47.02890396118164,47.76419917703104,46.8563349386819,47.1789648518429,17065400
46.143550872802734,46.458676187846834,45.580824642646604,46.36864079243047,20189000
47.38905334472656,47.419066098436865,46.766304447193264,47.09643615148542,13385100
46.653751373291016,48.274399771216245,46.518696863101695,47.974280863597,13889500
47.013893127441406,47.26899575872143,46.10602897518752,46.41365248389227,15751100
46.93886947631836,47.01389849200832,46.51119779010388,46.80381495833763,12766700
46.80381393432617,47.03640559518033,46.6087339183228,46.99889108815612,10202800
47.70417022705078,47.93676185774029,46.901344997548776,47.08892037051672,14023500
48.12433624267578,48.2368826090151,47.426555640587196,47.93676087355891,12235900
47.00639343261719,48.4994919200255,46.81131342605211,48.12434114358697,21249200
45.72336959838867,46.391140296995374,45.6033214801778,46.391140296995374,31008000
46.10602951049805,46.45116752677435,45.82841874629086,46.15855038853256,13136400
45.70087432861328,45.83592885736978,45.333225253182,45.46827978193849,14811900
45.498287200927734,45.88094260826373,45.25819092510543,45.61833533883889,11712200
45.183143615722656,45.30319170502143,44.61291304492433,45.0255781730031,17293400
46.121036529541016,46.413653671875096,45.67085388872663,45.970975649269555,18384300
45.00308609008789,45.77589576149748,44.78549795625519,45.708368508313995,17452200
44.898040771484375,45.11562888806046,44.065205668996796,45.003082520956134,19334900
45.745887756347656,45.76839588761002,45.100627946541806,45.54330598846629,18743800
46.083518981933594,46.42115524567562,45.42325569080832,45.858429093496646,16863200
45.955039978027344,45.992825159512265,44.23200745063412,45.03306655910749,20435100
46.869449615478516,47.03570785561044,46.26487812794095,46.27999277548243,13471100
46.89213943481445,47.126412243840754,46.5671815860596,46.937483396091444,12134800
46.952579498291016,47.632721351760615,46.672962838467804,47.2699784533453,12773100
46.952579498291016,47.04326450218877,46.423578357042906,46.74097731209719,13964600
46.801456451416016,47.269999207229695,46.53695720607576,47.1490848546705,12112000
46.64274978637695,46.86190503500411,46.4009211181624,46.733434816251126,10857400
46.514278411865234,46.975265228648425,46.33290834538265,46.39336407326844,15621900
45.335357666015625,46.07595824139056,44.995285237826934,45.9172558530193,28989400
46.77122116088867,46.82412100319124,45.418490032694066,45.69810677952213,18147900
47.17931365966797,47.3455719737209,46.9223703028705,47.17931365966797,17456600
47.02060317993164,47.436245985584364,46.786330417591984,46.8543449045406,14510400
47.2473258972168,47.47403993462138,46.91481216787844,47.126411551745996,11545100
46.899696350097656,47.579838445427484,46.89213758210409,47.51938271560554,12113400
47.7536506652832,48.04838206555885,47.171749515239306,47.171749515239306,15295700
48.26753616333008,48.509367715334534,47.987922305121195,48.08616610285815,16985200
48.29021072387695,48.35822521886707,47.9199089438585,48.244866766275145,13880200
48.09372329711914,48.259981592766536,47.84433873647325,48.010594149295436,8831900
49.49934768676758,49.680717728031844,48.13150207928577,48.13906084598626,17962000
49.28020095825195,49.74874658584277,49.03081349038986,49.31798903483142,12753700
48.55472183227539,49.37844897600267,48.464033894852825,49.3482254291803,15731400
49.529571533203125,49.68827102253791,48.6604979591468,48.70583902305702,15253300
49.71095275878906,49.95278143023076,49.24996595297047,49.340653866879975,11519500
49.763851165771484,49.990568061183716,49.597592877889205,49.88476838083138,11388400
50.209739685058594,50.383551021363054,49.68829414484183,49.7185234567321,12715900
51.736289978027344,52.16704764517872,51.464231897126204,51.66827834062833,23262700
50.92764663696289,51.93274923218374,50.69337677102773,51.917631699488275,17143800
51.14681625366211,51.27528648225695,50.58002972858414,50.77651733832669,13239700
50.897422790527344,51.51710908750044,50.821852415901354,51.464209248697244,8513900
49.87721633911133,50.55736135141121,49.83942826289708,50.527132043570006,13576900
49.54470443725586,50.00569133585058,49.29532271370334,49.75630384664659,11837000
50.262638092041016,50.31553794491271,49.24997635265935,49.46913453331398,11041100
49.97544479370117,50.43643153334863,49.79407475756677,50.3835316992407,12354800
50.97299575805664,51.04857190217705,50.156827598669,50.23995674468121,12911400
51.13169860839844,51.25261005505117,50.66315305920029,51.07124000224706,12839500
51.041019439697266,51.47177699240343,50.92010220668802,51.38108906764649,11209600
50.54225158691406,51.07125590700767,50.4666811885155,50.867209489114536,11339000
50.4666748046875,50.738732817029565,49.90744700849595,50.005687937421825,10910000
50.527122497558594,50.7236100785789,50.29285261311313,50.580022334873696,7772000
50.761383056640625,50.88230024294709,50.36085496688583,50.632912870426594,4052500
50.39109802246094,51.02589612695149,50.39109802246094,50.844526063618524,15147500
51.093910217285156,51.26016850033238,50.625364671029345,50.889863864218114,12708800
50.37598419189453,51.29795200608036,50.23995520854742,51.260169700825685,13440900
49.72608947753906,50.6556164496957,49.55983112072339,50.50447563385557,14626900
51.30551528930664,51.38864444009413,49.899884259546134,49.95278410407903,17786000
50.6329345703125,51.19972115132346,50.17950645863398,51.13170952911475,11686000
49.846981048583984,50.6026963569597,49.650493454024236,50.06613917989097,13084500
49.4691162109375,50.315519309045364,49.15171721126557,49.582474643863016,16770200
49.58248519897461,50.255071407690146,49.18195698093622,49.529585354434644,12839000
48.41868209838867,49.24241482555187,47.99548046584318,48.97035683911729,17889300
48.56981658935547,48.94012121318997,48.0634887555203,48.53959305312185,17638200
49.95276641845703,50.36841202523648,49.174380796350604,49.174380796350604,18126600
51.03345489501953,51.192154421143556,49.809199760448344,50.56491508426773,21720000
50.08881759643555,51.38864905383075,49.93767681724356,51.31307866423475,18122100
48.66807174682617,49.85454466576696,48.66807174682617,49.85454466576696,23819600
49.529571533203125,49.544683299290185,48.993014469552456,49.136596427151154,18869300
49.635379791259766,49.87720845008874,49.10638140183701,49.81674984396899,12149500
50.428897857666016,50.519580027659316,49.91501108698105,49.96791094136105,12524500
50.330631256103516,50.54978935637,50.11903192223227,50.345748788893985,4468200
50.164371490478516,50.21727132236577,49.6580437044649,50.09635989190173,6610600
50.68582534790039,50.859642405184,50.43643791313921,50.51200829061678,9820800
50.32308578491211,50.670719943143794,50.21728609002453,50.66316117475156,7190700
49.899879455566406,50.466665920560395,49.87720891947066,50.02079666894383,14654300
48.401126861572266,48.735871119789884,47.937047681708194,48.65218723185819,25393200
48.48481369018555,48.78912586094415,47.95987323666652,48.46199107547365,16566700
47.7849006652832,48.02835160137248,47.427330833205296,47.71642990812284,22961500
45.85250473022461,47.16866221473081,45.707956648861725,46.75783768601864,27630900
44.825439453125,46.613285491580136,44.77218474878704,46.50677608290422,22373300
44.75698471069336,45.053690408065286,44.155963840436876,44.75698471069336,20925500
44.85586929321289,45.31234189600763,44.20159392738827,45.228655107053754,22971600
43.6234130859375,45.403650145683855,43.29627529574139,45.23627651288644,28808100
44.27767562866211,45.17540191851408,43.585361581623424,44.247243540357104,31296300
43.39518356323242,43.798398744626574,42.77134000244095,42.94632023025662,38131700
43.37234115600586,44.10269678623617,42.991948747367395,43.92010715313766,22818900
42.23117446899414,42.74090193289871,41.58450837379698,42.32247075940852,34646100
42.03336715698242,42.99956436115828,41.88881906583706,42.4061530476346,31301100
43.32670593261719,43.4864700846308,42.83219452629189,42.938703960967636,22732200
42.34528350830078,43.25061641093505,42.29963537373627,42.96912683653008,21114400
43.42561340332031,43.47886812631041,42.459416011384,42.48984520868924,17535700
43.39518356323242,44.330948904419635,43.03000705707387,43.42561566428686,20560000
43.57775115966797,44.10269451392713,43.083242795214844,43.7603407833589,15497900
45.266693115234375,45.297125202083194,43.752730169386346,43.996183962013355,26992200
44.77980422973633,45.38082505834307,44.46027303013406,45.008039142501154,16807900
43.38755798339844,44.11030415328388,43.17453915941007,44.034226831049125,22448200
43.67665481567383,43.97336042036416,41.858379626180835,43.64622272745849,31543200
44.429840087890625,44.52113346486075,43.410388188204514,43.410388188204514,21651300
43.93532943725586,44.99282001910502,43.68426901886131,44.566782318310636,22001300
43.014766693115234,43.303862783230606,42.253982009765465,43.128882654319746,28267600
42.756107330322266,43.12889026574127,41.94206780764872,42.06379326238036,26300000
42.2387809753418,43.67666407340879,42.20074230809176,43.03760459624965,22389600
40.37485122680664,41.01391060849604,39.94120410017781,41.006304037048096,44334700
43.737525939941406,43.798387223876404,41.972502271200455,42.337681583466946,37011400
44.39179611206055,44.5819923300251,43.85163954956058,44.30050274004348,23730700
44.711326599121094,45.076502983895516,44.42222753952988,44.77218787883487,21580100
43.98097229003906,44.77979578515591,43.55493173830029,44.76457974021911,17037800
43.98857879638672,44.254852326977364,43.425599645376835,43.74512788208561,15658200
44.559165954589844,44.79501028975459,44.445047072569935,44.51351782134914,14882800
42.69524383544922,44.193990878836374,42.57351837876869,44.04944280595443,31772500
42.7104606628418,42.76371536973002,41.33344195306938,41.99532395451148,25560100
43.37234115600586,43.38755720061105,42.63438185671859,42.70285260636007,14473300
43.77555847167969,44.209205579302235,43.47124338815059,43.851635791480106,20947500
42.83218765258789,43.828816878277344,42.8245810808308,43.676659323659756,19554100
45.03846740722656,45.03846740722656,43.11367960483962,43.18215036306151,23958100
45.464508056640625,45.571020389149126,44.85588066741361,45.038470335263874,20943100
45.616661071777344,45.616661071777344,44.96238560541751,45.327564904631764,15790600
45.68513870239258,46.065531202665895,45.289530153848595,45.72317737198702,18459000
45.6014404296875,45.68512722306592,45.12975466047537,45.29712824723221,12832400
44.718936920166016,45.266702994336235,44.64285958860423,45.04607466977721,14132900
44.97761154174805,45.297142773282815,44.64286716305108,45.00043706682067,13238800
44.589599609375,45.396029676469425,43.98097232227623,45.33516839884147,21139200
45.14496612548828,45.27429813692571,44.62002570504152,45.18300478166615,21055000
44.97761154174805,45.122162559270905,44.58200296574363,45.00043706682067,13436100
45.03846740722656,45.0460739794005,44.4526626762535,44.53634948098739,10910500
44.825439453125,45.45689223622326,44.483088611570615,44.871087586341986,17423900
44.696109771728516,44.98520882626217,44.11791456482507,44.71132581693175,19405700
46.012264251708984,46.38505007981816,45.38842094929256,45.68512655627553,29570200
45.997039794921875,46.27092273655741,45.61664746535323,45.814453101940295,12684400
45.82967758178711,46.088344529607454,45.35798891671468,45.63948138198285,12042700
45.6014404296875,46.03508753886318,45.54057915406193,45.90575551430652,11658700
45.2514762878418,45.27429890150125,44.787397129009726,45.11453480155812,12921200
45.19062805175781,45.45690162846468,45.02325443087674,45.289528007583606,11159700
44.90913391113281,45.13737171400848,44.52874144255899,45.13737171400848,15933400
45.42646789550781,45.82207641104024,45.17541037540244,45.236271661242085,13307100
45.053688049316406,45.59384469585069,44.97000123604628,45.22866824880648,14904700
45.54819107055664,45.692742058688275,44.551564710688545,44.90152506755575,15417500
45.371910095214844,45.655483711033284,45.18796863511755,45.55584863166182,12305000
44.728126525878906,45.08834369255244,44.61316272947009,44.9044022030285,12886600
45.07300567626953,45.1266546571992,44.41388628353346,44.59016192425238,12167900
43.93104553222656,44.781769321720176,43.739441180490175,44.65147684224123,19226800
44.2529411315918,44.89673185245114,44.214617923390996,44.22994662194125,13547700
44.60549545288086,45.12665954433892,44.38323369430158,44.38323369430158,17627800
45.4332389831543,45.51754539545707,44.605509411816385,44.71280741887394,17779200
47.356937408447266,47.6405110611231,46.2762888645008,46.35292944403999,37516800
47.970069885253906,48.21532324340305,47.21898111046582,47.280292988177784,24249900
47.418251037597656,48.20766306951254,47.09635708327084,48.192334368308764,19290700
47.724815368652344,47.96240583268931,47.15766516441756,47.24197155241941,13813100
48.529541015625,48.652167661154095,47.93939937037565,47.93939937037565,19255600
49.234657287597656,49.28830627731611,48.399265040938694,48.652181289089874,14594400
48.7441520690918,49.556558599232694,48.544884804522916,49.24999042827206,15395800
49.02771759033203,49.34194565538629,48.77479846779799,48.77479846779799,12444700
48.7441520690918,49.012399949595036,48.399266531324535,48.7441520690918,10687200
48.997066497802734,49.10436447013984,48.53721720960069,48.905097224892415,12048000
49.1350212097168,49.54122150630003,48.744146688704255,48.943416854928415,15284100
48.7441520690918,49.372614188275406,48.5525476931541,48.774809470918015,12852500
48.43758010864258,48.75181112468397,48.05437140987745,48.353273727130194,16376400
48.889774322509766,49.05072130009952,48.3916017648453,48.81313081628787,10247300
47.94707489013672,48.21531981791389,47.36459601317711,48.207656930113295,19120300
47.18831253051758,47.717139410559106,46.95838792717996,47.326267877250146,17030200
46.9354133605957,47.51788942847378,46.79745796384677,47.21132123044257,14033900
47.21132278442383,47.27263759550868,46.43724229820981,46.521548701625925,11057900
46.91240692138672,47.43357097138203,46.78978025807313,47.03503358470031,11197100
47.54853820800781,47.71714805505432,47.01970830851288,47.17299237972374,11897200
47.37226486206055,47.97773244124351,47.37226486206055,47.49489154028565,11254000
47.34160232543945,47.947072762584774,47.03503420131136,47.72481101877442,11071700
46.90475845336914,47.82446017277857,46.76680304927517,47.28796725948548,15122300
47.25730895996094,47.51022817056906,46.751473462395815,46.91242045624583,10951300
47.25730895996094,47.640517758833035,46.86643727151789,47.081033263317906,12180900
49.08137130737305,49.18100346497345,47.28028865181824,47.28795446311081,24007100
48.58320236206055,49.21933025774239,48.20765944359224,48.69050033876577,16076200
48.67517852783203,49.19634563237059,48.56788053594066,48.94342643121148,11862000
48.63685989379883,48.95109099091116,48.40693519994974,48.62919700425267,9347500
49.4645881652832,49.6408609229701,48.90510371834577,49.00473589237307,13839400
50.215667724609375,50.73683181384706,49.755818433470466,49.77115005664565,18935200
49.84012222290039,50.261654128746045,49.748155877843644,50.253988317557756,9428400
50.14668273925781,50.16967432203252,49.85544627861191,49.97807000251026,10116000
50.024070739746094,50.44560272968426,49.78648317121832,50.376627957131745,15139400
50.345970153808594,50.52224291379994,49.24999283597344,49.63320160658291,14031000
50.437931060791016,50.437931060791016,49.93976439072505,50.21566929620257,10637600
49.541221618652344,49.709834386816645,48.70582651293442,49.24231929228867,20261700
50.03173828125,50.399621289480685,49.510574097182726,49.54123150181045,13193500
49.86310577392578,50.384269752032985,49.84778000131957,50.16200804179465,9924100
50.00874710083008,50.18502571706355,49.755827896048096,49.763493709093574,9428000
49.62553024291992,49.740494030703516,49.257647291472644,49.656187642815624,10817800
48.92809295654297,49.10436862940644,48.72882569441709,48.997070647980905,16678400
48.491241455078125,49.311305121962576,48.48357564190428,48.65218844791569,14314900
47.579200744628906,48.644520622920396,47.27263256910366,48.03905008426598,19509300
47.494895935058594,48.26897636479687,47.448909830100035,47.83211860046868,16982100
47.686500549316406,47.74781243257145,46.674829624575445,47.09635868927569,16791200
47.73248291015625,48.06204268248219,47.46423794368205,47.747811611619184,15751500
47.80146026611328,48.93575785347317,47.77846867590726,48.62919259733989,12213200
48.24599075317383,48.28431105022947,47.62519141572785,48.07737793774748,11611600
48.062034606933594,48.828452009399065,48.03904302042775,48.24597606993147,12643500
49.089046478271484,49.165687063907676,48.69050607728029,48.82079858124294,16583600
45.67847442626953,47.28795266957098,45.47920719497616,46.35292253556681,44108700
44.15330505371094,45.027020385752564,43.7241102749667,44.99636298934578,37300700
45.61716079711914,45.64015238193732,44.651473303653376,45.36424166951853,29088700
46.90475845336914,46.91242134308496,45.985056733959716,46.26096754214766,21483000
47.625179290771484,47.66349957807112,46.766792575927546,47.23430768247441,21343600
47.31623077392578,47.895518629831095,47.238993571702565,47.62518547563944,14217800
45.995452880859375,46.80645524948914,45.64787959532941,46.69059945191932,23357700
46.48976135253906,46.567001469634036,45.38525272255914,45.57834859568277,20429800
46.79099655151367,47.22352945083729,46.46659393061156,46.74465247812497,13771400
47.75649642944336,48.01910411852064,47.370304491749955,47.370304491749955,16998800
48.09632873535156,48.62154983664346,47.99591803899613,48.212184511383484,13151400
48.81464767456055,49.09270626229467,48.5752076803651,48.683340920837296,16588100
48.783756256103516,48.992300216717844,48.38211636304002,48.72196708985304,18526900
49.52525329589844,50.189503861055485,49.47118666351687,50.00412749904354,28985900
49.57158279418945,50.05046277765274,49.131324350277254,50.01184123810166,17607100
49.40166091918945,49.74151163409111,49.35531978272832,49.532964734376,10824400
49.32442092895508,49.50979135710223,49.01546628683005,49.13132501422939,9737400
49.37849044799805,49.61020791639909,49.20856509021328,49.51751975047467,10411100
49.193111419677734,49.57158068776369,49.14677028844126,49.432551401234946,9808700
49.46345138549805,49.502067033658726,49.12360068189317,49.35531814213646,8195700
49.332149505615234,49.563864042357665,49.18539765317407,49.4171121899165,8168300
49.5329704284668,49.633384092769035,49.208570650307294,49.41711462758569,8067800
49.68745422363281,49.9655128795971,49.47890728524905,49.49435826214768,11806800
49.509788513183594,49.57930610275787,49.21628486107493,49.432551330293876,10013400
49.40938186645508,49.65654439290508,49.239456524617054,49.27807511692304,13210400
49.278079986572266,49.67199438127546,49.131328142743634,49.5484160522482,11422600
49.16221618652344,49.440274747546226,48.95367226575635,49.11587211088313,13550000
49.94233322143555,49.9500528156594,49.162224028965106,49.19311713791056,13122300
49.86509323120117,50.065914657064404,49.64110123558841,49.81102660417881,9873000
51.20904541015625,51.26311203739535,50.25901079687448,50.31307742411358,20752700
51.0545539855957,51.355783113474594,50.853732602736734,51.03138342080796,11359200
50.87692642211914,51.19360073698208,50.73789709312974,51.11636353039266,10097000
50.42121887207031,51.03140284596421,50.32853657763973,50.91554408510462,11556100
50.56025695800781,50.73790787445161,50.22040610541396,50.41350210932912,9604500
50.45210647583008,50.47527704555301,50.0968106568309,50.18177334102857,7685400
50.761070251464844,50.84603295088732,50.56024878984612,50.637486000369805,8371600
50.75333023071289,50.94642614814499,50.390308963089396,50.48299712487191,10128900
50.892364501953125,50.96188210329063,50.622031369685764,50.82285279343594,11868100
50.93870162963867,50.969597684153406,50.6143018964637,50.683819492326826,9313600
50.86919021606445,50.907811757632615,50.374865126655415,50.76105697105747,9084900
50.82286071777344,50.884646948482356,50.521631481590454,50.784239167361775,9055600
50.799678802490234,51.2399373229784,50.79195920749299,51.0313962944611,8949600
50.93870162963867,51.15497401124184,50.79967233073228,50.969597684153406,10167200
51.03139114379883,51.0854577674256,50.81512464929172,50.907812815289056,9978700
51.147254943847656,51.65702517527194,50.861470823332745,51.2322176312218,14038600
51.71110534667969,51.82696412278812,51.332638844692795,51.35580942135005,14583100
52.135902404785156,52.213139600154115,51.71108899102546,51.71108899102546,13791200
52.135902404785156,52.344443421563376,51.64157728303948,52.105006348073516,14952300
51.911903381347656,52.30582068503637,51.47937043161539,52.24402857998334,12226500
52.128173828125,52.19769142481143,51.734262387241635,52.0586621242585,13720700
52.08957290649414,52.174535608232546,51.52573005794123,52.135914055507236,16649400
51.873291015625,52.2054103424435,51.71881074322352,51.873291015625,10070400
51.94281005859375,52.2749353251645,51.74971411042054,51.91963948766427,12253000
51.47937774658203,52.081836124406756,51.471652259147774,51.77288144806014,19686900
51.796051025390625,51.981427363339904,50.791955712522935,51.08545940837899,16453000
51.38669204711914,51.64158010932469,50.83830026932031,51.06229227312331,18876100
51.286285400390625,51.94281045056974,51.13953059296891,51.185871735177564,12648600
51.47164535522461,51.69563731821122,51.04683199562594,51.20131225948888,12531300
50.838294982910156,51.178145697178245,50.544791297836795,51.04683598941649,25161500
51.12407302856445,51.47164329591608,50.861459536914026,51.09317697702797,13466900
51.3326301574707,51.63385938868115,51.16270476697842,51.55662218195406,10092200
51.626121520996094,51.85011349176955,51.216759119962425,51.62612152099609,14116800
52.05094909667969,52.07411967018149,51.62613560640888,51.74199436673922,12781700
51.94281005859375,52.444860702408235,51.888743428818074,52.050943318145094,13967400
50.807403564453125,51.59523831164226,50.62203310921707,51.440758021595116,16408100
51.25538635253906,51.29400789734135,50.28990666068566,50.52162414385863,13711400
51.52572250366211,51.572063645881045,50.969605225751934,51.4253147312475,11278000
50.70698547363281,51.911902026625334,50.47526803214071,51.5179847332165,18727200
51.433040618896484,51.796061991546715,51.039129076201576,51.039129076201576,21680100
51.37123489379883,51.68790910558098,51.17813899376948,51.24765068922682,14901700
51.81468963623047,52.265930110000475,51.4256904558749,51.51127075040564,17226900
52.66271209716797,52.95834934392073,51.970294015719645,52.04031102061244,16280000
52.802757263183594,52.88055592153079,52.164798767685106,52.69383795436608,17485000
52.989479064941406,53.04393872329115,52.43710083434904,52.740519778820094,18497000
53.40181350708008,53.72857143381041,53.08283722688823,53.16841159618289,13027500
53.14509582519531,53.54187687291492,52.84945841972056,53.29291749576256,15657100
53.00503158569336,53.3629101558505,52.942796221586455,53.10617518172404,11899800
52.701602935791016,52.80274651314213,51.98584592766535,52.48376436250546,17890000
52.530460357666016,53.70523984968175,52.35930565977307,53.526303504175225,24163800
52.258155822753906,52.74051701115124,51.92361624311615,52.45265544031871,14963400
52.670494079589844,53.067274961536434,52.54601741084926,52.787195037298524,11870300
53.176185607910156,53.29288654660333,52.75606579000854,52.75606579000854,12705800
53.106178283691406,53.43293622305272,52.85721900575077,52.96613831887121,14122000
53.28513717651367,53.316257841392364,52.6705174003943,52.75609774489573,12175700
53.58076477050781,53.72080475345557,53.29290315676572,53.6585634419992,10197100
53.52630615234375,53.62744383369209,53.19954222864471,53.58854152935751,9945100
53.78303909301758,53.87640105840333,53.191764452548604,53.191764452548604,9801300
53.86083984375,54.28095381877247,53.759696237906624,54.06311518412152,14210700
53.76746368408203,54.10978483992463,53.26954524048701,54.09422154975575,12766500
53.8841667175293,54.13312594902847,53.860827717022545,54.01642501083842,14336300
53.6585693359375,54.28874636059291,53.16065066091071,54.055350320482184,15564500
53.43293380737305,53.565192119374615,52.91167627019715,53.40959480356773,12449800
53.19953536987305,53.82971819202882,53.07505869623546,53.57297726210082,10369700
52.7171745300293,53.33956970379509,52.62381258291883,53.285110051894875,13571300
54.36652755737305,54.43655050184937,53.681891083292186,53.7441323815696,16515100
54.483245849609375,54.887808481526946,53.868626188716036,54.226504864237704,17531700
56.9883918762207,57.68859173486894,55.48685448765301,55.59577380614744,50948400
59.633567810058594,60.10036557887993,57.743031801024884,57.743031801024884,56192300
59.664703369140625,59.68804237306818,58.94894027997166,59.36128444676807,27574300
61.858642578125,62.58218118873713,60.100364869474596,60.100364869474596,46130700
61.74196243286133,61.78086473275315,60.512723358433874,60.9717455673955,28126300
60.21708297729492,60.95617915213607,59.81252044750145,60.85504148751635,26054900
60.69941711425781,61.0417382225808,60.37265929394328,60.62940012518551,19306700
60.45826721191406,61.010645475650776,60.33379052921323,60.6527668513562,19770000
60.722774505615234,60.81613051020013,60.13149408873293,60.68387221326723,11983500
61.096229553222656,61.1195685616873,60.49717323854972,60.9561895667765,14410100
61.35297393798828,61.648611287785606,60.598314298716055,61.360755586463085,13373700
61.32963180541992,61.81198714444122,61.04955183117476,61.53968881827463,6185700
60.93284225463867,61.360743803705496,60.69944033048267,60.823922939541205,13007200
61.39960861206055,61.586332429684965,60.98727056886856,60.98727056886856,14144100
62.37215042114258,62.652230410332955,62.006490105496326,62.17765075840808,25351900
63.632511138916016,64.01372882048277,62.74559314101696,62.74559314101696,23823600
63.484683990478516,63.663626278526586,62.94008734973779,63.64028727044601,16931500
64.77617645263672,64.7995154650225,64.02151672864666,64.02929837799503,18529800
65.11070251464844,65.20405854464587,64.1304226500689,65.0406795564923,16130000
65.40635681152344,65.42191417534147,64.45719735581434,65.00180005999904,18996900
66.22322845458984,66.51886572095759,65.30519007037141,65.53081032720085,20844900
66.51107025146484,66.51885189612636,65.46077377707822,66.14541011589819,14567200
65.91980743408203,66.74448384355581,65.57748623664457,66.40994429214832,14511300
65.94314575195312,66.65112120625486,65.21182535980381,66.11430634889503,16669000
65.91980743408203,67.0012247416339,65.16514803190768,65.25850404164025,22622600
66.90785217285156,67.28906966859697,66.05205525079509,66.44105439133493,19438900
66.08319854736328,67.13349539972708,66.04429624571142,67.13349539972708,23008500
66.46441650390625,66.47219815140684,65.49969996185868,65.97427955321082,21685100
67.3201904296875,67.32797207449552,66.55775543686516,66.74447336266674,14587300
67.49137115478516,67.53804916625988,66.9312112744581,67.24241186749065,11400500
67.60028839111328,67.81812701883324,67.07124917994021,67.25019144451441,13924200
67.72476959228516,67.80256825261839,67.21906939663313,67.68586729428988,10759400
67.7869873046875,67.81033223879908,67.49135009815413,67.72475195402389,6946400
67.29684448242188,67.9892624074464,67.1801435649745,67.81032614492828,9455600
66.82228088378906,67.4291186750287,66.16098344296782,67.35910166941949,14689000
67.13348388671875,67.23462154374805,66.64334702251341,66.98566228858166,13617800
67.86481475830078,68.27715303177224,66.8923165904312,67.95038913626816,20550700
67.989990234375,68.20120952274102,67.59101383579343,68.02910182262735,15266600
67.36416625976562,68.1464698921229,66.69920936596255,67.9117764150145,14300800
67.3719711303711,67.76312283137963,67.23115627926796,67.58319042277513,12893300
67.41889190673828,67.8804479428112,66.90256891536866,67.06685784425893,12806600
67.61442565917969,67.9821088997761,67.05899143326673,67.33279619695675,13989000
68.1229476928711,68.1229476928711,67.20765460160025,67.61444954155452,14713100
67.4658203125,68.27159158206692,67.29371266880625,67.87262128277601,21337400
67.82569122314453,68.97567798672627,67.35631045414186,68.14643842920488,28296000
65.3614501953125,66.66789541564557,65.15022493903041,66.44102671780611,30024600
65.66651153564453,65.89338010737369,64.95461298623601,65.42399356255594,21270100
65.1658706665039,66.23762242340253,65.02505582644048,65.7604169081043,16555600
65.455322265625,65.58049367110182,65.15804913036925,65.2675711259109,18436800
65.48661041259766,65.71347909235085,65.09545875133367,65.16586915398155,12179200
66.2767333984375,66.49577735712445,65.36925874844839,65.6508884006174,15175300
67.30155181884766,67.41107380316389,66.6287705046191,67.15291228220399,17551000
67.86480712890625,68.02126539194747,67.23896213974105,67.23896213974105,15962800
68.00562286376953,68.04474041430377,67.48929984551867,67.79440360898523,12535400
67.30155181884766,67.66923532412379,66.74611719310091,67.42672321149506,13661900
66.2063217163086,67.3954259953903,65.78387724625325,66.9651568216765,15655100
66.4566650390625,67.35631505607556,66.24544576755542,66.91822710420863,15430900
66.17501831054688,66.42536103966933,65.83863369741172,65.97944252979434,11081400
68.20118713378906,68.30288439206163,67.17637194308351,67.426708706023,17885200
67.88046264648438,68.41242919138305,67.75529720747944,67.89611205667325,11828400
67.84134674072266,68.37331325176802,67.65359560991277,68.16991271176516,9392800
67.24677276611328,67.52057765336762,66.78521680881295,67.41888040052999,13970900
68.21684265136719,68.31854589615048,67.2467882692437,67.2467882692437,13749100
68.06038665771484,68.43589486541487,67.97433281779402,68.43589486541487,10992500
68.96004486083984,69.42160099497926,68.39678546639762,68.40461017145965,18739100
70.06309509277344,70.17261709832565,68.92875747733906,69.0773970428035,17932100
70.86886596679688,71.08791594416282,69.89881136961128,70.46989550858038,17381800
70.8219223022461,71.22089868745681,70.22737007682439,70.72022501399672,17672700
70.58722686767578,70.77497798179957,70.16478238452203,70.26647966123484,15776600
71.19744110107422,71.3069631103558,70.76717180139525,70.80628936263946,14068300
71.23651885986328,71.42427590245765,70.73584534994302,70.81407446677449,11839000
71.29129028320312,71.4555732431676,70.81408484156823,71.33040783159939,11067000
70.66545867919922,70.82974165634592,70.19607789185143,70.54811199023713,15062300
70.74369049072266,70.97838387752134,70.42294325999785,70.65763664679653,12361000
70.89231872558594,71.04877697949462,70.08654140930682,70.28994191418793,15183500
73.22359466552734,73.52087376770251,72.44911599588889,72.58993084205053,24451400
72.08143615722656,73.47393528051443,71.99538230412438,73.43482369087795,16862500
72.5977554321289,72.84026756793988,72.08143234085269,72.08143234085269,12817500
71.90933227539062,72.22225485163158,71.26784367992245,72.16749384842703,15059200
71.51036071777344,72.04232133020604,71.35389644779184,71.69028716762526,11156800
71.35387420654297,72.63685097797573,71.26782037700177,72.50386086632105,17378400
71.63551330566406,72.08142595018614,71.30694735043738,71.65898144982303,13726200
71.40863800048828,71.9718972820031,70.8219105769937,71.93277973303678,13729900
71.47124481201172,71.79981083382374,71.13485408439415,71.43212725148572,10004300
71.58856964111328,71.69809161490409,71.00966095850484,71.20523676434554,10237700
71.76066589355469,72.40215419596028,71.29127925938072,71.81542687174179,16601400
71.69024658203125,72.60553966137286,71.63548561066462,71.99534427514513,14492000
70.93926239013672,72.00319533923012,70.91579424645826,71.83891236498046,21734700
70.4307632446289,71.32258850509768,70.24301212887241,70.61851436038539,14623600
68.36548614501953,70.90797191596728,68.10732461891392,70.6889279429688,33089200
68.4749755859375,68.89741989100773,67.2858777397566,67.97430218033524,21741000
68.36548614501953,69.23384330119251,68.13079276337795,68.22467130973472,16090100
68.2872543334961,68.913093379201,67.88045328371254,68.6784059752493,16093200
68.24813842773438,68.37330982099412,66.67571308728748,66.91040049689869,16689300
69.31207275390625,69.64063871489718,68.04474519908389,68.07603207951104,16264400
69.05390167236328,69.4841708249629,68.9052681211469,69.31206316392306,10207600
69.64845275878906,69.98484337264881,68.93655995227176,68.9991396720482,11631000
68.71753692626953,69.4216112735678,68.64713247579074,69.3981431234082,16987600
68.4671630859375,68.97566128275484,67.74744568319544,68.83484648930542,19831800
68.69535827636719,68.97860614716474,68.23115015649017,68.36490442803493,14280800
67.81415557861328,69.66313060610432,67.76694359301753,69.56871263770819,17635500
68.04232025146484,68.38064376369043,67.07455569232827,67.64892109784415,14379600
67.80625915527344,68.30193978745143,67.43646309515,67.60955963416889,13097100
67.57022094726562,68.20753151167206,67.19256120808501,67.72758417425199,15081600
67.45222473144531,67.49943071123228,66.72050203077244,67.30273112505995,14690500
67.19257354736328,67.62530899475856,66.90145602607254,67.6095756705673,14730600
66.40577697753906,68.44358167039647,66.40577697753906,67.27125389729625,30529800
67.55450439453125,67.72760098578611,66.38217657575267,66.4372522181706,19071700
67.00373077392578,67.37352084794293,66.67327100143552,67.16108799679294,14127000
66.4529800415039,67.60170477596714,66.37430141639163,67.271250948819,17588500
67.31057739257812,67.49153758739091,66.5237793213746,66.86210273210384,15635800
66.50019073486328,67.41287965875408,66.49232707375008,67.27125572238464,19820600
68.84484100341797,69.27758240512838,67.99509752521956,68.09738513078408,25468300
69.44282531738281,70.12733605256925,69.44282531738281,69.67099756337667,18253800
69.57655334472656,70.06437030755109,69.34838118483088,69.51360805866027,12832200
68.9313735961914,69.52934175988773,68.459295994449,69.52934175988773,13329000
68.45145416259766,69.1202315371905,68.41211184529432,68.9235319562635,10755600
68.49864196777344,69.03366492605991,68.105242910292,68.73468380337958,15712300
68.05805206298828,68.35703325208553,67.68038624268081,68.2232789834995,14414200
68.45145416259766,68.5301327944095,67.68038916413407,67.71186181741777,11540500
68.5301284790039,69.02581523351479,68.11312635414484,68.99434258221295,11540100
68.45145416259766,68.71896271131686,67.99510969417625,68.64815374352466,9436000
68.5301284790039,68.7032250597668,68.17607165674852,68.48292250344838,8162200
68.25475311279297,69.11236038583704,68.05805353609904,68.6560219300311,10273900
68.78977966308594,68.82912198152235,68.03445397090783,68.08165995079553,8334900
68.57734680175781,68.82912203267095,67.94003605882534,68.5222651547879,10907400
68.38851928710938,68.49080692658171,67.93217474908322,68.19968934140039,8738800
68.7189712524414,68.83699221622548,68.34131137168708,68.53014131206425,8835600
68.9313735961914,69.30903327646838,68.71893477359227,68.7346740952327,9795000
66.30348205566406,68.93139118029269,66.06744619597733,68.93139118029269,24679700
66.05956268310547,66.7204761578079,65.58748505991383,66.14611094768308,23350100
66.70475006103516,67.14535512966731,66.20906935882398,66.2562753296649,13412900
66.6418228149414,67.10603699752227,66.25629327546594,67.0194886923427,11636000
67.47581481933594,67.71972033865823,66.4923170765282,66.681146962365,11753000
67.43647003173828,67.64103923551127,67.06667393357722,67.57022427917717,9833800
67.15323638916016,67.72760181235235,66.94080348089695,67.65678684106803,12238500
67.1611099243164,67.31846719855935,66.89359535474911,66.9644103301151,8113500
66.01236724853516,66.99586495485185,65.91794930772305,66.98012562998636,12603200
64.63545989990234,65.94941118020478,64.23419122050001,65.87860223825929,28327900
65.3514633178711,65.36720264506056,64.2420808627933,64.87938554969342,17123500
65.02100372314453,65.29638189663194,64.5017200249674,64.74562554965712,14998500
65.13903045654297,65.7055261797642,64.97380353773586,65.02100951373946,9080200
65.27279663085938,65.4773659021835,64.61975249730642,64.74564312667376,12196800
66.02023315429688,66.17759037723619,65.38292259496814,65.54814947989239,13711100
66.8385009765625,67.45220858082304,66.0044968517785,66.02023617646888,17951000
68.41997528076172,68.49079024490217,67.18470226510392,67.27912021635976,19120200
68.43570709228516,69.03366937619238,68.36489213592105,68.41996776740709,16053400
68.66387176513672,69.12021613184923,68.43570558457395,68.8841802890208,12557200
68.52227020263672,68.69536681216512,67.52303886962567,68.27049495317598,16175700
68.11312866210938,68.51439747631146,67.85348378216717,67.8613534459579,12509700
67.80625915527344,68.41996070067276,67.68036858042588,68.33341243116332,16936600
69.2933120727539,69.41920265671834,68.33341737980217,68.4278353177755,15972300
68.8605728149414,69.1752932817532,68.7425578923314,69.04153903426611,11197800
68.54586029052734,68.88418375143449,68.2626124626612,68.8291081183935,10005900
68.46715545654297,68.73466988290453,68.17604405475166,68.39634652187763,12180600
68.34130096435547,69.23825054804982,68.14460138893487,68.97074200681925,18812000
68.64027404785156,68.97859751771243,68.152463000234,68.45931382141083,10082400
69.277587890625,69.9778378486259,68.84484645464951,69.01007336580535,15415200
70.67021942138672,70.86691898624281,69.71032458444186,69.71032458444186,17466200
71.71665954589844,72.8968568856462,71.05574591418676,72.65294535353169,27697800
71.91337585449219,72.38545369980136,71.72454591692761,72.35398104307468,16892700
73.37693786621094,73.95446251272136,72.31683190366269,72.4354959772222,13208100
74.11268615722656,74.19971050271685,73.26618155312214,73.66965751532146,17535400
73.87535095214844,74.76932728274164,73.47978791335511,74.00193402175253,16596100
74.24717712402344,74.50033721360829,73.75668284559738,74.33420147067567,12817800
73.72501373291016,74.11266367699315,73.64589632587177,73.9702607944591,13987200
73.44023132324219,73.83579434098779,73.00510958939698,73.83579434098779,13262300
73.18708801269531,73.44024816066123,72.83899054581191,73.26619942721953,13540100
73.6538314819336,73.87534580248658,73.05257401485223,73.32947295135601,12820100
72.98136138916016,73.26616718476325,71.66018263699719,71.84213820674778,22235200
72.30101013183594,72.77568456061626,72.19025296631429,72.64119457902751,14374200
72.04784393310547,72.45131987951828,71.45449943842112,71.55734364460731,14719400
72.15068817138672,72.48296567577513,71.99246538705877,72.26144532757876,11651200
72.15068817138672,72.5620770679391,71.9133539948948,72.1111354932109,11561700
71.90544891357422,72.27727913682797,71.61273009114163,72.0399388985515,10971300
72.21399688720703,72.41969138444088,71.92128406295006,71.96083675053988,10725100
73.41648864746094,73.98609424642919,72.9971868348837,73.07630425645682,16447700
72.72824096679688,73.72506179436397,72.53045939188834,73.65385728877327,11815500
72.42759704589844,72.83106701209661,72.1190583490113,72.64911138870838,12332400
72.21399688720703,72.58582715827116,71.92128406295006,72.34848688947719,9351900
72.62535858154297,73.06838714522101,72.38801840196602,72.39593135083499,11520300
73.59847259521484,73.68549696383407,73.0051279196187,73.17126370448793,12523700
73.6617431640625,73.74085455778199,73.1870687659332,73.47187461197328,10165600
73.1791763305664,73.67758368295176,72.97348182058225,73.3373991623609,11078800
74.09686279296875,74.68229433295281,73.94654692407343,73.97027973793853,14324000
74.38166809082031,74.51616410568016,74.13642094834464,74.27882387786886,7978300
74.11268615722656,75.33102095827816,74.04939462672225,74.32628752791294,13745400
73.9940414428711,74.11271159434376,73.44025545041815,73.55892560189082,11214400
72.93390655517578,73.63009524971876,72.83896926399672,73.49560528074096,13252300
72.32474517822266,73.3136527835992,72.18234224161591,72.88644397377897,10679500
73.17125701904297,73.49562164259008,73.0446799717708,73.07632574254225,10994800
73.36113739013672,74.01776756868458,73.29784584363613,73.8199860127308,8812700
72.85478973388672,73.75667891805816,72.6886539998008,73.60636304806086,11085400
71.715576171875,72.75194934470369,71.59690605964124,72.5937265522671,13837500
71.78675842285156,72.41966152144214,71.35164282390541,71.4465740636261,13040700
71.69975280761719,71.94500599112646,71.32792862865618,71.87380150694221,11502100
72.43551635742188,72.55418650018248,71.99248759598404,72.04786619116378,9211800
72.52251434326172,73.05256728084055,71.86587835657105,71.88961720513852,8811300
72.40384674072266,72.87852715545074,72.3168284362222,72.72821128839936,8623200
72.6965560913086,73.16332349566959,72.62535765982602,72.68864314254006,11794600
72.4671401977539,72.9339076751198,72.0953100130249,72.91017486091366,7292900
72.07158660888672,72.2377223658336,71.4465962646695,71.55735343596743,10886100
72.23772430419922,72.68866595253041,72.14279303243264,72.19025866831593,9165300
71.90544891357422,72.66492922592076,71.83425046357907,72.63328345842969,13217400
72.5462646484375,73.06841079820619,71.95292004323497,72.19026029964137,9815800
70.81369018554688,72.07949058259433,70.42603409847266,72.00828610373507,16897300
71.28837585449219,71.6127344282471,70.91654560871916,71.20135149757454,11845700
70.03839111328125,71.30419163803346,69.68238679050542,71.28837177214226,14592300
69.95135498046875,70.7424809296778,69.80895206817864,69.8643306431908,14242200
71.03520202636719,71.39911925060467,70.37065306868105,70.71875042917436,13219000
71.90544891357422,72.1902547851808,71.28045858620496,71.33583717036107,14003800
72.11115264892578,72.3880456052805,71.45451646970335,71.68394378662975,12485400
71.96876525878906,72.411794084766,71.78680354193993,72.15072093982313,10562800
72.48297882080078,72.55417727591673,71.80260986034128,72.05576998266481,18171800
73.51143646240234,73.68548517178742,72.66493176878572,72.7282233059827,11318700
74.31839752197266,74.65066907899808,73.19499372527432,73.34530963546798,12626100
74.84054565429688,75.38642472459905,74.13644374068531,74.44498251020882,15311600
75.18070983886719,75.44969584262265,74.51616683396477,74.72976821816543,10851500
75.02247619628906,75.14114629738961,74.7060246052916,74.91962595862294,8358300
74.46076965332031,75.0620209735489,73.93071072896076,74.76930826222514,10463400
74.12850952148438,74.38958257028028,73.84370365658208,74.19180105497662,9358100
75.29938507080078,75.72659390402735,74.82471060137571,75.13324930829268,15090200
75.45760345458984,75.85316649520361,75.08577926649582,75.62373920735007,10270400
75.56044006347656,75.56834697707566,75.17278400789208,75.39430434071689,11438400
76.61263275146484,76.64427851320491,75.52088113258571,75.76612824130643,13797200
77.01612854003906,77.07942007984924,76.55727393013538,76.60474560289975,9633500
76.23290252685547,77.0873200631166,76.16961099769262,76.97656290498783,12166600
77.2594223022461,77.50610911487425,76.03397172933752,76.3920570684076,14236200
77.12413787841797,77.69707921629687,76.76605257779094,77.6254645846093,10231900
76.71829986572266,77.24349197883015,76.50344385542436,77.15595894812994,7765100
77.291259765625,77.33104972724111,76.58304216074758,76.75810827810528,10631500
77.06048583984375,77.1957680570172,76.50346284358363,77.05253270496527,14283600
76.38409423828125,77.58567927881356,76.08967041780087,77.42653159591038,18251600
76.28063201904297,76.95701862876908,75.56445546182383,75.97824905981426,13190600
77.85620880126953,77.94374182261411,76.66258331503597,76.66258331503597,12434000
77.68118286132812,78.12680129532824,77.44245523105901,78.03926823563596,10335700
77.97559356689453,78.42121799679435,77.68912288734994,78.10291656717871,10158600
78.07109069824219,78.1427053370584,77.25942169842068,77.33900161412116,9133900
79.18513488769531,79.48751789566332,78.56445046175887,79.00210959925771,15326600
79.04986572265625,79.5671048532626,78.97029187281579,79.18514794559017,9238600
80.30713653564453,80.5219925638564,79.38406914097327,79.47955531253915,13000800
80.38672637939453,80.72889939487537,79.7262579671743,80.56975169650566,14632700
80.95965576171875,81.50076635520048,80.62544200221096,80.64931354630514,13054400
80.98353576660156,81.3495863846044,80.41060043519968,80.71298347714195,10400400
80.69705963134766,81.11084721243724,80.26735364073862,80.4742443957362,8839500
80.06047821044922,80.92784355713209,80.02864745399809,80.6652504408284,8690200
80.30713653564453,80.9278209352,80.1559480736338,80.45037186408767,8418200
80.84031677246094,80.98355215206615,79.70239901422062,80.2673813251366,8731800
80.69705963134766,80.79254580408673,80.1559490584801,80.45037285255144,7103500
80.19574737548828,80.91988336160902,80.10026118556151,80.64136578473459,8121500
78.58038330078125,80.17188473472112,78.18250794229628,80.02069015574607,18822600
77.69709014892578,78.27799077353907,77.30717404454164,78.19841085456254,18524700
77.68912506103516,78.1586210488507,77.03660984405886,77.28329664623787,13697800
77.59361267089844,78.25408079921141,77.58565346807262,77.83233411583674,9314000
77.87215423583984,78.02334879265663,76.88542519131377,76.9411274904944,9303100
77.40264129638672,77.80847571371372,77.06842757439694,77.45834358338502,11043800
78.1347427368164,78.5724018646734,76.35225726390003,76.70238942306119,15384100
78.3575439453125,78.82703377369404,78.23022096542296,78.40528702722416,9808000
78.094970703125,78.30982678503547,77.64139306154227,77.84033073015041,9017900
78.7872543334961,78.8986589116274,77.79256626368509,78.34162994987672,9483200
78.72358703613281,79.21695446797986,78.70767469947039,79.17716451968323,13389400
78.4928207397461,79.193078921938,78.45303079041163,78.80316291705452,7342200
78.23819732666016,78.69973412333154,78.19045423427869,78.64403182518811,3680000
77.92784118652344,78.88273929042947,77.92784118652344,78.23022416950506,13076200
80.65727996826172,80.92783225366321,77.95968596454595,78.15066440548202,16773000
82.543212890625,82.93312898699209,81.13473092059822,81.49282233534356,21105500
83.17183685302734,84.87474845242207,82.7898800254036,83.34690292864418,23945900
83.38672637939453,83.80847332857404,81.32572866725927,83.47425945236726,19683500
85.10552215576172,86.25936414014006,84.96228680842837,85.72621270826961,23576600
84.12676239013672,85.47158297456075,82.85356252348171,84.0153577812479,17193900
83.49810791015625,84.15858234314463,83.17980646657551,83.99147545126114,15476200
83.25143432617188,83.70501194912933,82.54321674069612,82.71827678216229,13371800
84.29386138916016,84.30182059507517,83.02861477686498,83.35487543733255,13506900
84.04718017578125,84.39730630984589,83.80049336255712,84.12675402120071,10591200
85.02593231201172,85.43972593581724,83.98350119047203,85.07368146620097,15508800
83.95965576171875,85.23285563269434,83.93578421274668,84.90659494048715,15020300
83.28325653076172,84.70764469071848,83.26733811974718,84.44505161992848,13034200
84.46095275878906,84.76333574591894,83.71294538877487,84.18244131392022,29350600
85.11348724365234,85.6466387123688,84.73153033842988,85.29651256109746,12713100
84.75540161132812,85.53523383176805,84.69969930986812,85.42382922884806,12149900
84.46095275878906,85.72619913847066,84.42116280762458,85.62274769388068,13091500
85.80577850341797,85.99675692491672,84.79517196116905,84.81904350496957,12323700
85.50340270996094,86.30711254564974,84.99412279277678,86.10021568207634,14573400
85.16123962402344,85.93311879598234,84.66787806172937,85.30447499687247,7403700
85.32036590576172,85.37606819551829,84.8827007211786,84.8827007211786,9496500
85.77396392822266,85.81374781836034,85.27264320059876,85.46362165810848,7440600
85.0975570678711,86.1638597818332,85.0975570678711,86.01266525002588,8925700
85.9012680053711,85.95697030009438,84.9941128792519,85.64662807647966,13578800
85.9887924194336,86.33096535870285,85.52726176851917,85.82964475651058,11901000
87.22065734863281,88.01255265060199,86.54874156005144,86.67672784462768,12953700
86.66069793701172,87.6285771125395,86.21275829411749,87.39660662526357,14155000
86.7887191772461,86.932700706626,86.14879991273044,86.50875678754139,12466500
87.2286605834961,87.69259562192977,86.78071467702196,86.96469344083275,13292300
88.18852233886719,88.54847305018218,87.5006113816116,87.56460451780313,15834500
88.66046142578125,88.73245523246929,88.02854901522608,88.52448058314135,13676800
90.124267578125,90.26824908102235,88.66045664912217,89.30837646352086,18884200
89.80430603027344,90.73218816248281,88.84443343387578,89.19638956715812,22703300
90.3802261352539,90.62819798695058,89.03640092629911,89.50034196214891,14940300
90.59622192382812,90.96417334847595,89.80432049637963,90.19627392711672,14572900
90.39624786376953,91.46010489622687,90.22827043759204,91.14015138125383,18785500
91.45208740234375,91.50007919701328,89.98827663771728,90.1162628937968,12475700
91.3561019897461,91.70005744067124,90.66819108789579,90.92415750932469,12320800
92.5239486694336,92.78791575649731,91.71605827965068,91.87603500365975,15904500
92.54796600341797,92.92391810490899,92.05203438249129,92.81993382049069,13510000
93.04387664794922,93.04387664794922,91.95601790170889,92.54793906863597,13883900
92.94789123535156,93.86777264288285,92.80390974458386,92.80390974458386,11679900
92.07600402832031,93.2678470356975,91.97201977355603,92.41195879237769,14279100
92.5239486694336,93.31584993062476,92.1160061923942,92.50795343812102,13141400
93.48381805419922,93.57980163800106,92.37196345521279,92.60392785121408,13800600
91.4120864868164,93.52381080524022,91.26010433952852,93.17985538429208,16477300
87.02867126464844,91.66006288403712,83.17317349653706,90.38823140682244,30097600
89.67633056640625,89.97229424879254,85.27690308063302,85.46887638943203,33114800
90.28424835205078,91.54807917889822,88.90842648975801,89.22838605585048,21878300
86.29277801513672,90.47623676734753,86.26078144290939,90.47623676734753,27425800
88.02055358886719,88.8284502302457,84.97295188503684,87.26864942148191,28188000
89.38036346435547,90.1722647754562,88.04453881625479,88.92442305920105,18043300
89.93229675292969,90.42823441051128,88.62846862606898,89.04441181105376,16358200
92.01200866699219,92.20398194140377,90.01226925893717,90.0922576147153,15186900
92.39595794677734,92.77990448158934,91.36409171754988,92.57993054808139,12130200
91.73206329345703,92.84391812123681,91.58808178540605,91.62807902203411,13214300
91.75605773925781,92.29998719407783,91.16413648342235,91.70806593824237,13461500
92.14002227783203,93.94778284553898,91.72407293992408,91.9880400848208,14212500
91.97203063964844,93.13187722042422,91.79605257024052,92.38797381056793,17070400
93.83577728271484,93.89977041337114,92.2359856326324,92.2359856326324,12162500
95.00364685058594,95.10763723809674,93.84380007194859,94.49971455899524,16511200
93.87577819824219,95.4515740118346,93.86777753091604,95.1156192167892,17563300
92.38797760009766,94.77966466210873,92.25999132519813,94.24373586709032,17735600
90.7322006225586,93.29986596811985,90.10828273894658,92.37198981120818,18690000
90.64422607421875,90.83619943002037,88.88445709013743,89.90032245492412,18353700
92.0360107421875,92.7319222998892,89.50034246719738,89.6283287272109,13933000
92.11600494384766,92.6439330080987,91.44408928613089,92.49995151735372,10674400
91.77204895019531,92.06800649410148,90.47621554124605,90.98814837133745,13006500
91.78005981445312,92.17201322485326,90.55621998445216,92.0760235136431,11173700
94.41970825195312,94.4517048187492,92.52395286265299,93.2278651267245,15366600
94.1157455444336,94.9876290629475,93.78778532741553,94.38770719518152,12339300
92.98788452148438,94.7636541313622,92.65192975818871,94.54767885301463,13312300
91.94802856445312,93.25985731372207,91.66806622821669,93.23586141386197,12905100
92.18000793457031,92.78793056774175,91.85205376718588,92.68394629080949,8748000
92.3399887084961,93.267864819874,92.2599942328021,92.2599942328021,19888900
91.6120834350586,92.3479862545106,90.62821482057257,92.06802388871058,13214900
91.70006561279297,92.34797933980539,91.54808343871493,91.8840443552412,9921200
91.78005981445312,93.29186267536276,91.35611593637141,91.8360522869786,13633000
87.94856262207031,90.86818423807206,87.62060843599612,90.54822461802546,22550400
85.59686279296875,88.72445261870551,85.39688881604087,88.20451905814875,23081500
88.23652648925781,88.91644297669177,86.90870229240835,87.34064686807424,20217500
86.52474212646484,89.34037924502196,85.82883656632643,88.8444415666102,18039900
86.38874053955078,87.32461709740973,85.30888250335045,86.61271037192178,19189300
87.96454620361328,88.6124598789504,86.21277236706958,86.78869834635633,13274600
86.2687759399414,88.5724801537241,84.85296281082223,87.95655686217515,18822500
87.45262145996094,87.5886023002488,85.79683716743496,86.67672144945023,14050700
88.78044128417969,88.95641935277156,85.60485369019337,85.66884682472154,15302600
89.9461669921875,90.70992523746082,89.55223214447206,89.74517894874741,16627000
87.70311737060547,89.68084461234555,86.68210106859611,88.87689264319378,18906000
88.75630950927734,90.83050731622134,88.34629223728435,88.44276869353784,15974300
90.4526596069336,90.74208287640424,89.57634855946182,90.14715385934332,13951400
88.93318939208984,89.88988828347107,88.85278926983804,89.76930036742968,14503300
91.14408111572266,91.96410982279802,89.64068799680315,89.68892317555178,16435500
88.67594146728516,92.57510890978986,87.67100108861541,92.47059118485986,39152800
88.60356903076172,89.61655049509177,88.26591058720781,89.19045682103543,16580500
88.60356903076172,89.97832652266118,88.42669856975681,89.53615650381728,15501400
87.8880615234375,89.29497798973253,87.54236180351539,88.86084302980693,16081400
89.81753540039062,89.938129449921,88.03276064161214,88.05687822478458,17911000
89.6165542602539,90.6375708730407,89.14221926456939,90.28383606983738,15584400
89.18242645263672,90.00245507746277,88.94123831574541,89.69695541991366,11285800
88.76435852050781,90.76619762714655,88.10511187887968,89.84165144150707,16453100
88.42670440673828,88.86083934867952,87.30921129335333,88.65181005063327,13548200
88.51515197753906,89.0939986474555,87.90414647777507,88.41064038078677,10299500
87.95237731933594,88.56338274636448,87.73530677712301,88.07297138349101,9384000
87.45392608642578,88.67593695962455,87.42980849995077,88.23376076201927,13744900
87.45392608642578,87.60667897899287,86.45702699888814,87.18862036786261,10503400
86.76251983642578,88.02472454339886,86.60977308952371,86.91527271699637,12162100
86.21582794189453,86.64192160541101,84.55968845466647,86.49720997122917,15379100
87.17252349853516,87.42174667832808,85.20284337365382,85.56461935294467,11967900
87.92823791503906,88.17746108776102,87.1162446271268,87.43782667385449,9356700
89.23065185546875,89.51203389525018,87.85589434653507,88.05688239404587,12543200
91.17623138427734,91.3611369745635,89.26282102466263,89.59244440494452,11368100
91.88367462158203,92.0042686480602,90.64558780816222,90.99932865018701,9159700
91.53800964355469,92.23745035477585,91.38525674332185,92.04449738595457,10253000
91.5701675415039,92.21332569670022,91.4415322302631,91.73899678725553,8710700
90.87071228027344,91.57819411142371,90.50089502020319,91.57819411142371,11536200
91.11995697021484,91.40134520139651,90.5491515342135,90.75818086393798,7571100
90.81443786621094,91.17622002880408,90.20343248963266,91.00738467272625,8617200
89.34321594238281,90.68582093071794,89.11006904181765,90.645620862677,11806300
90.16325378417969,90.47679469783213,89.97834205203289,90.08285977902997,9441900
90.85465240478516,91.88371038171871,90.27580575934267,90.32404093523976,11507600
90.43659973144531,90.66170541203418,89.33518891803978,90.45268221358438,11453900
89.42362976074219,90.16326450997731,88.5312420899826,90.15522326840492,14084800
88.96533966064453,89.30299806043242,88.59551630811391,88.80454556526871,8283500
85.16265106201172,87.79157188033638,84.38281649908829,87.77549553623207,30643800
87.10820770263672,87.30919572508566,85.741491603451,86.53740245492185,17490800
86.03093719482422,86.97960115256542,85.55660214911899,86.7866481846501,19808200
87.1484146118164,87.582549510476,86.66604454675068,87.10017331174211,13594200
87.1885986328125,87.83980397364539,87.04388701636825,87.62273348214528,9415400
86.69820404052734,87.07606256348335,86.07916353294122,87.0197861537028,10415200
88.72415924072266,89.02965884779796,87.2127314157691,87.35744304726121,15453600
89.07792663574219,89.64069085129582,88.4588798649633,89.3834263336613,13444400
89.32713317871094,89.35125076433538,88.48298087984321,88.93319830161809,10383200
89.1020278930664,89.97029778105114,89.05378658795472,89.33517477782169,12642900
88.58750915527344,89.6648023327016,88.04885643288985,89.35126141487284,15294100
88.4106216430664,89.60046742690166,88.09708078559169,88.80455649128648,14979700
86.85094451904297,88.72415438708734,86.64995649372493,88.6598367469053,20487300
86.7464599609375,87.1323536548352,85.43601370233283,86.66606595251463,26028600
86.97156524658203,87.14843574451818,85.77367796556398,86.23193055854871,9786800
86.4650650024414,86.73036457740508,85.70130670186334,85.94249482492353,12707200
86.4570083618164,87.34135443272424,86.37661437967344,86.97153720793251,8876900
86.43289947509766,86.99566354037623,85.64502365003939,86.10327614138572,11048700
85.01793670654297,87.12429346947327,84.82498991513243,86.95546426028058,19478900
84.24616241455078,84.97775581944532,83.5788805321909,84.94560312501264,16907600
84.30243682861328,84.58381890073765,82.89552033432223,84.18184275951164,17086800
83.00004577636719,85.15463849830611,82.99201066844333,84.15773921910159,16276800
84.35868835449219,84.78478195709329,83.21707792230296,83.35374829791702,14491300
83.77183532714844,85.9425104277694,83.73164138845372,85.76563992323698,18972400
84.47930908203125,84.48734418878233,83.11258649302766,83.38593346429609,11130000
83.29747009277344,85.04204452105537,83.225111220763,84.74458619631024,8311700
83.83906555175781,84.37255427138227,83.68548256918383,84.17047399620623,10723400
84.11389923095703,84.46956252027223,82.61042135685334,83.35408152242158,12173700
86.7166976928711,86.86219575612763,84.63931244732007,84.63931244732007,13900800
86.18319702148438,87.62200757806224,86.11044491638746,87.31484161632055,14575900
85.99727630615234,86.53884993139866,85.85177826998166,85.93260914185421,10186500
86.36909484863281,86.94300200020018,85.65777461154921,86.82983755718688,12456800
85.9730224609375,87.1370066798956,84.98686984954242,86.73284617797958,21289100
89.38414764404297,89.5377244576372,86.47419295240901,86.5307751820491,24662600
89.3194808959961,89.66705921313113,88.71324007543504,89.47306387731173,14821900
90.15204620361328,90.62895883251291,89.07697772126349,89.25480933993792,14244900
88.82640838623047,89.79639127438064,88.69708021241082,89.772142627227,16775300
89.94998931884766,90.3218163604444,88.73750742220538,88.91533908709988,13578100
91.62320709228516,92.34261246932523,89.66707126183917,89.77215079806926,18140000
92.26986694335938,92.77910708326755,91.6797897492106,91.7848754529228,14000400
93.10243225097656,93.37725848756426,91.64745168374434,92.05161226719761,13329100
92.8356704711914,93.4338263157104,92.61742650325884,93.29641321860471,11897800
93.78949737548828,94.0077475286363,92.8033446348951,93.10242566561618,12802700
94.3553237915039,95.06664413241054,93.81374397289264,93.99157559986942,13411600
92.91651916503906,94.63824726220976,92.81143962950804,94.63824726220976,15843800
93.49041748046875,94.3229871919669,93.18325152842066,93.5631634162694,13531600
93.8864974975586,93.96732837458822,92.4153533344171,92.60934867268834,11058100
94.64632415771484,94.6786577450068,93.71675973282612,93.76525703026346,11016100
94.67057037353516,95.00197882092041,93.91074655869971,94.40382292785881,9857400
95.01814270019531,95.61629855550851,94.840311080967,95.17171950743773,10562100
95.212158203125,95.60014893911327,94.79991265001111,94.84033117821895,8997100
94.47655487060547,95.1555477074608,94.33105684606501,94.9858010399969,9694200
93.5469970703125,93.72482251958826,92.69825750790478,93.3610805168422,12630600
92.0596923828125,93.66824969392728,92.00311015077331,93.40958718074802,10336300
92.67402648925781,92.98927126279509,91.86570529208505,92.36686048745132,10597600
91.90609741210938,92.41534360106246,91.31602652163987,92.003098154529,10152100
92.77098846435547,93.20748249738162,92.39108281555414,92.43149516100152,10118600
92.77098846435547,93.01348720503638,92.39108281555414,92.66590896579329,8505100
92.6497573852539,92.99733566998144,92.23751193894918,92.62550257441248,8618700
93.21558380126953,94.0804870833036,92.85992056368536,93.25600232081328,10976700
92.93268585205078,93.28834914010143,92.77910285639234,93.20751208954366,8314700
92.73867797851562,93.07817134382312,92.49617919358154,92.92458836889818,9265400
92.69827270507812,93.13476688013338,92.5123561211282,92.94077152466477,8845700
94.33914947509766,94.79989222921131,93.09433431186072,93.13475283136201,13768000
93.8783950805664,94.59780023608535,93.74098199850087,94.57355159419136,8302600
93.57124328613281,94.06431960319026,93.24791364375088,94.04814972922117,7221700
93.11051177978516,93.79758349833737,92.94076508463702,93.43383529416217,8991800
92.61742401123047,92.8275830363256,92.00309830887548,92.8195042663604,13065700
93.07817840576172,93.15092434656108,91.8495268471437,92.42343410356366,10174200
92.6255111694336,93.52274807682497,92.3506849577284,92.95692577801984,11462400
92.22943878173828,92.71443022151152,91.74444734196506,92.55276846392069,9877600
92.40727996826172,92.77102204394475,91.84953636301312,92.5527780319352,10955600
91.9141845703125,92.93267080583205,91.87377221857767,92.83567006106824,8276900
92.49617767333984,92.61742706381406,91.4857763643883,91.77677243472637,9333800
91.40494537353516,92.85991955632248,91.21902881945113,92.35067951739694,10800800
91.76060485839844,92.25368120287585,91.07353318450379,91.63936163188788,12470800
91.74444580078125,92.54468197131422,91.52620181499977,91.99502337093789,10337900
92.01925659179688,92.49616917263224,91.58276869340467,91.97884424335295,9561300
92.39111328125,92.68210939922254,91.79295116819469,92.41536192991418,7944200
95.07472229003906,95.4303793516292,92.50426115386458,92.50426115386458,16052800
95.89112854003906,96.38420489754559,95.44655564141877,95.78604901861983,15590000
95.26063537597656,96.37612238200768,95.17171956630742,96.2952853426719,24788200
94.34724426269531,95.7537213167798,94.11283039251443,95.1878989866886,12492500
94.08048248291016,95.35763116723884,94.02390025851584,94.60589237628587,9308300
92.97309875488281,94.4684978609448,92.68210880577469,94.37149709990798,14023600
92.56892395019531,93.57124649262684,92.27793404577993,93.29641412873426,13283000
91.21094512939453,92.34259584281386,90.95228263778442,91.86568937925158,15815100
91.74444580078125,92.64168272443969,91.37261883096794,91.63936627681248,10146300
92.12435913085938,92.24560853238816,91.18670367050422,91.63128275377619,13753100
92.98925018310547,93.49041143186506,92.53659238874192,92.90841931511197,17142000
93.82764434814453,95.08117659769724,92.9648259493065,93.24158288735147,16357400
93.29856872558594,94.50325795774961,92.81017482100376,94.2834856688368,13777600
93.86835479736328,94.24278557591,92.26481010411351,92.99739476222084,14370900
93.2171630859375,93.63229540955558,92.52528002003154,93.33926155878827,14069500
90.73452758789062,93.56718000457948,90.73452758789062,93.36368460986732,23086400
88.01583862304688,90.73454071915383,87.40535235055972,90.32754987082906,33705600
87.05532836914062,90.21358090570287,85.95645446716823,89.83915012037382,32075700
86.55882263183594,88.60191871230936,86.5425457281306,87.25884748474415,18903200
88.4146728515625,88.54490666239231,86.87624831188279,87.22626060563027,19302800
89.39959716796875,90.18916028312456,88.09722790027247,88.21932016741077,18794500
87.98328399658203,89.4077520529293,87.75537010119653,88.7402872692198,17582500
87.83674621582031,88.90305998833988,87.31579234499989,87.62510928800445,15234500
86.57506561279297,88.18674537060654,86.37157025477309,88.03209312143757,16199100
85.67156982421875,86.41229611665294,84.40989576553541,84.81688659605426,21407500
84.07615661621094,85.49248280083165,83.76684585709663,85.27271051070585,23168900
85.35411071777344,86.20065232347454,84.42617219444826,84.80060298366836,17464700
84.1819839477539,85.10992256715964,83.62034081086352,84.65409481311819,19174900
85.34598541259766,86.79487193680498,84.40990515622693,85.02853302629102,18445200
86.85181427001953,87.0797342821811,85.3540914512128,86.04597441012211,18019700
88.74026489257812,89.9286834077401,87.73907107456769,87.9751264667472,20860000
88.70770263671875,89.71703791274336,88.17047188984688,89.2286502766144,13065000
88.21935272216797,90.19732891214721,87.49490935560907,89.45660864069221,19009200
88.79722595214844,88.9600259546057,88.25185991683307,88.4065183666212,10276400
89.2123794555664,89.2693579174585,87.71465633715313,88.45537634175045,10825000
90.74267578125,90.94617119084985,89.0088909169395,89.83915566581167,12679600
91.4752426147461,91.92293494281176,90.35195033276258,90.36009188696003,11662500
90.5879898071289,91.4589496476445,90.21355911225339,91.35313430241398,10432200
88.68328094482422,91.1170900738213,88.39838866506136,90.6938162208714,13279700
89.2042236328125,90.44962046100234,88.8053744633634,88.8053744633634,13746100
87.36465454101562,90.1159103628431,86.26578052340275,89.72520263711678,18361400
89.59495544433594,89.60309699927735,86.94137366043644,88.10536760958547,19100000
89.52983856201172,90.15660790053714,88.35770922704052,89.09028773257737,13798600
90.21358489990234,90.5147541263346,89.15540630437494,89.50541865118598,13987000
88.27628326416016,89.93680612027589,87.8937172100689,89.35888005239306,18936200
87.61698150634766,89.22052629918075,87.61698150634766,88.7484154668385,10619600
86.8111343383789,87.41347895200015,86.33088199021799,86.88438969765511,6488400
88.93561553955078,89.52168318096103,87.46230488262064,87.68208335324232,13948300
89.31005859375,89.56239089245491,88.42281545573873,88.52863703404971,9238200
90.3031234741211,90.67755427643748,88.6181817586039,89.37518491833985,13977300
89.58680725097656,90.18915806827019,89.24493649101188,89.7577426309589,11144300
90.50660705566406,90.6124224174329,89.19609631368206,89.41586859125923,18652700
91.36129760742188,91.89038691588016,90.95430678709813,91.47525454029756,16034500
87.28324890136719,90.84034448628094,86.87625810509336,90.84034448628094,23555900
85.62271881103516,85.76109418017828,83.74241726076828,85.47620188777003,27213900
84.07615661621094,87.0797505791115,83.76684585709663,85.59830437882889,19248600
82.50518035888672,84.23895903389628,80.81209704017515,83.73429438652886,23636400
81.6993408203125,84.37734120629896,81.56910077482623,83.94592571326608,16860700
82.22840118408203,83.7586902443574,81.44697975785407,82.7493550117528,22621500
82.30982208251953,83.0017052043056,81.94352663438329,82.6598344208612,17250900
81.63420867919922,82.97727945051219,81.28419637164718,81.39001173525641,19879500
80.59231567382812,81.8539833606969,80.12834643488141,81.21093718563277,25113500
80.20975494384766,82.12261063672769,79.86788413103078,80.92605658168124,20837200
79.19225311279297,81.87025273034853,78.6306039456218,80.10391453904127,28767900
78.50852966308594,79.99811761106645,77.8899080646246,78.63876971130136,31825200
76.65265655517578,80.12022039739824,76.26194880996594,78.69575239718759,41313900
75.0002670288086,76.69335031275571,75.0002670288086,75.61075325242719,17009300
78.10968780517578,78.10968780517578,74.16187756879077,75.4479702212787,22542900
78.98876190185547,79.07830035958573,76.14796833530094,77.18172206066056,20304700
78.81783294677734,80.0306636861854,78.5003806472691,79.7294882847759,17963300
79.46088409423828,80.42951795174264,78.7689947829238,79.43645943027569,13237200
80.83650970458984,81.21908204546742,78.09339572118431,78.10153106574877,15670900
79.68769073486328,81.14834351358361,79.34304359259403,80.9431955107157,16286400
82.62540435791016,82.82234467033624,80.64777477942536,81.32886759148093,16935200
82.68284606933594,83.26546559857584,81.82122202348246,82.41204922513974,15430700
82.52693939208984,83.55267941946524,81.68993828442444,83.3967649319057,13578800
82.38742065429688,83.28186274031906,82.00174149404188,82.7238600477282,14230300
82.37922668457031,82.65823120757986,81.46016143196572,82.07560540436401,14376100
81.98535919189453,82.19870862888337,81.19758527158508,81.9689438440518,15439900
82.8305435180664,83.17519059324879,80.9595950977975,81.13191863538869,21258500
83.43778228759766,84.08605062157619,80.91035780437937,81.1483301999375,26504900
84.11067199707031,84.89023181864901,83.53626015597227,83.90552401658965,18533000
84.45529174804688,84.93123641116003,83.6347000919004,83.79061450996582,14247600
85.82572174072266,86.08010954007305,84.3814842027376,85.15283649261441,16428700
84.47174072265625,85.0051205030423,83.80705695928934,84.58662309941201,17083700
84.25838470458984,85.09538576899817,83.67576515042543,84.8820363619768,12146700
84.3076171875,84.59482312468073,83.6511473683183,83.80705558529077,11296800
84.84098815917969,85.59593113450357,84.30760222160261,84.93946143185536,14369400
85.24308776855469,85.53850136536167,84.18452342343294,84.43070350764529,12283100
85.48107147216797,86.25242999468175,85.12001523108061,85.24309902882605,9743300
85.67801666259766,86.35910328787766,85.16103967807605,85.45645330905401,12526300
84.9312515258789,85.17743157078107,84.29939859287065,84.85740126877943,17520600
85.24308776855469,86.03906294547241,84.9476741717477,85.34156105436355,13000800
85.54667663574219,85.54667663574219,84.52914477693257,85.16920524070987,9871500
85.16923522949219,85.79288683508578,84.75893927382103,85.76826381882518,12763000
85.1281967163086,85.85032155068299,84.90663967161034,85.103579962522,8745000
84.01219177246094,84.93125690291434,83.24083968679548,84.72610893938074,13177500
83.17520141601562,83.97937802941406,82.1084293656971,83.7660286278462,12892600
82.78131866455078,83.70859163088139,82.69105304374656,83.50344363098455,10978500
84.19271850585938,84.45530763479675,83.61009907167389,83.65933257690631,12852300
84.59481048583984,85.21846204241304,84.43890229216076,84.43890229216076,10754100
84.0450210571289,84.60302380062711,83.1669879728646,84.08605315645559,11518500
86.61349487304688,86.7365786741697,85.06257637269302,85.25951671511017,14716900
86.30986022949219,86.46577470100249,85.18564702138767,86.08830316105826,12764900
86.72835540771484,86.8186210128739,86.06367174603278,86.33446856150995,10030300
86.54782104492188,86.97452604053382,86.1293174599391,86.53140570242596,8400100
86.16215515136719,87.05659737593628,85.98162391982707,86.73656701479507,10647300
87.0647964477539,88.02488743633496,86.7283570354441,86.7775905444116,11230700
86.40013885498047,86.54784567638703,85.29234082474156,85.75187037550837,15465400
86.29344940185547,86.47397436552244,85.760063401178,86.30985848559992,9968800
85.63697052001953,86.33447237748071,85.48926372874146,86.17035650300254,15156900
85.69441223144531,86.9088909961907,85.50567334007229,86.24420730102426,13813300
85.49747467041016,86.91709519473416,84.74252534132816,86.09650326972205,12466300
85.43180847167969,85.79287084878962,84.73430672913226,85.44821755217637,10856600
85.11181640625,85.80931846201112,84.97231724722198,85.22669880316965,9070800
84.49635314941406,84.90664911983124,83.83167568073651,84.72611789114853,12705700
84.52918243408203,84.70971367313531,83.69217510040225,83.69217510040225,10582400
85.62875366210938,85.79287577960031,85.06254957346688,85.32513870083375,9763200
85.37439727783203,85.98984131276974,85.13642483304834,85.82571914708073,10219100
85.66160583496094,86.14575841262305,85.30054332013637,85.49748992492468,13022200
86.44113159179688,86.87605047646471,85.71901310852746,85.75183752966946,10926500
87.43408203125,87.63923003577135,86.35090081780204,86.49860763148223,24811700
87.95923614501953,88.45158996785592,87.3930258054175,87.43405789924492,12935500
87.63922119140625,88.95216703571916,87.434073207588,88.78804489229279,12889300
85.76825714111328,87.51612178298426,85.67799779766288,87.33559057484557,14920700
84.41429901123047,84.92306203067646,83.93014648879966,84.92306203067646,19751000
81.86225891113281,83.96297240818434,81.66531232531918,83.55267641200271,31115200
81.18115234375,82.52692248308094,80.49185193106251,81.72273971171538,21032300
81.9935531616211,82.3874400860178,81.09090319146145,81.91149521171936,15987100
81.71454620361328,82.42845717863965,81.30425023704838,81.96072002718046,12753200
82.64183044433594,82.71568698957786,81.84585509788688,82.05921079893798,12454100
83.06851959228516,83.69216491963469,82.54333502409824,83.32290107421406,14523400
85.86674499511719,85.89956942586252,83.79885594312107,83.82347270102507,17499300
86.27702331542969,86.52320336528194,85.61234594569486,85.83390298206689,10295400
86.44934844970703,87.27814795492378,85.98981902611858,86.8268199420288,11499200
87.28450012207031,87.42507298555215,86.36667281389943,86.44936496013288,11952100
87.0777816772461,87.73928099067393,86.81318321357996,87.48295300327003,9933700
87.3589096069336,87.3589096069336,86.74702692300829,86.91239857535865,8056300
86.71397399902344,86.98683666587905,86.20131164908192,86.88761617194093,9092200
87.10256958007812,87.41678453068222,86.38319600058718,86.928927464045,10882300
87.83851623535156,88.25195176890894,87.28450782590522,87.40853974767755,11183800
91.95631408691406,92.48551097005802,90.02970333281448,90.49275533695878,25834100
90.90618896484375,91.7826701020454,90.22815507769214,91.71651891585394,15163800
91.8653564453125,92.10514976520703,90.84003828769661,90.8731138809777,11583200
94.5113525390625,94.80902658710086,91.79094634414366,92.36148301244658,17791900
93.81678771972656,95.04882380659485,93.7092967552768,94.70153948281056,12501900
93.93256378173828,94.20543278226644,93.15530917064858,93.29587575569894,7975900
94.04830932617188,94.56924211330552,93.31239461305562,93.43642652944578,9193100
93.89118957519531,94.38731083423968,93.27930059080063,93.65139626647698,9245700
93.9408187866211,94.38732990252316,93.02299143313216,93.44469742734945,9311800
94.65193939208984,94.74289572119841,93.93255923692007,94.2219628711173,7889300
96.01626586914062,96.87621249373164,94.63538646039359,94.7594183760748,14242200
95.95838928222656,96.51239137979962,95.30516038613013,96.27259801476228,11389100
95.22247314453125,96.74391284841408,95.18112706862173,95.6855189137955,10412900
95.4291763305664,95.73511453487414,94.74287194986205,95.23072276674438,8613300
96.01626586914062,96.47931162525684,95.64417012209701,95.91703907489061,8185400
95.16456604003906,95.47878101020709,94.03175697797815,94.41211682371257,9387000
93.61005401611328,94.28808790310605,92.84933430066275,94.28808790310605,15017700
93.11394500732422,93.99042625982253,92.98991309403056,93.15529108126383,9575800
93.03951263427734,93.22142524504727,91.43538734803899,91.89843304198105,12205900
93.03125,93.30411261212602,91.40231326029905,92.40282632749326,13189000
90.50102996826172,91.32790098234734,90.11240589080263,91.02196274459179,13783700
91.22041320800781,92.3780339298696,90.54237920511419,90.58372528067281,10503600
90.87311553955078,91.69998646109624,89.8064512937342,90.30257258495658,10142000
92.03900146484375,92.75011097137525,91.44365338416394,91.46846481129607,9672700
91.59249114990234,92.40282744598485,90.81523675693197,90.95580330253543,9570100
92.07208251953125,92.45244241396195,91.26175249051256,91.435394639588,8518200
92.38629150390625,92.54339269033215,91.96458556450087,92.146498177912,7967900
91.63383483886719,92.43590063832741,91.57595412697441,92.11342148513559,7918900
89.83126831054688,90.78217125798015,88.88863583981137,90.65813934161488,14558000
90.71602630615234,90.92274407814936,90.28605611614985,90.55891878070636,8537300
89.7320327758789,90.81523801087138,89.66588789431519,90.294305274581,11665500
89.48397827148438,89.63281529990357,88.52480490866631,88.84728408548706,9966400
88.52481079101562,90.27777965237671,88.09484062952535,89.83953901416777,10367800
87.615234375,88.1361607386348,86.68913675334753,87.28448477380098,10952800
88.02869415283203,88.35944384553417,87.06952698337403,87.4829625221203,11680700
90.74081420898438,90.873116586047,88.58268057421567,89.17802865394836,12858600
91.06329345703125,91.2700111900016,89.83125753491481,90.84004108117408,8340500
91.2617416381836,91.67517707973073,90.0710455478001,91.07982903453897,8726700
90.2612533569336,90.97235670738438,90.09587534988904,90.70775820463905,10618900
91.2369384765625,91.95631848108302,91.13771799905952,91.57595859743043,11380600
91.51805877685547,92.25397327115098,91.26173085211893,91.63382018212509,9847700
90.35218811035156,91.69999182882098,90.03797941284067,91.53461384971668,9670500
90.57544708251953,91.08810935652629,90.17028207239113,90.50929589067513,8406900
90.80696105957031,91.20386186327326,89.82298267987757,90.60024333667852,9077400
90.31082153320312,91.26172412801901,90.17851918920095,90.70771594816367,8128600
91.54290008544922,92.12171364917315,90.11241659394882,90.13722171795361,11057300
90.88139343261719,92.27053063800722,90.70774497341843,91.63384275220346,13126500
91.11292266845703,91.85710156377985,90.15374922604695,91.6834594009695,13638000
90.49276733398438,92.33668619387305,90.20335742732915,91.11292060505932,27089500
89.84780883789062,90.76562987418058,89.74858204356387,90.36046483726561,13039600
89.10360717773438,90.11239065370778,89.02918551861752,89.8643268680171,18660100
89.69896697998047,90.38526510114964,89.43436851785471,89.55012995075192,10324600
89.99664306640625,90.5837270700136,89.66589968950562,89.99664306640625,10906600
92.44416809082031,92.96509448082018,91.6999830275889,91.81574444758887,21634700
93.99868774414062,94.69325629850056,93.50256644695146,93.62659834837989,12724500
94.09790802001953,94.4286513229247,93.61832139887328,93.8581147094464,10174900
93.94804382324219,94.82240770365271,93.48171980872362,94.38105807198255,6849400
94.5059585571289,95.15548304121012,94.03130556082438,94.5226166149291,7929400
93.98966217041016,94.4976248699364,93.68155166888523,94.06460436221559,6917200
94.38936614990234,94.50594712765424,93.39009881111842,93.49835076097753,8947300
94.11455535888672,94.78906677607128,93.88139342827917,94.40601412533228,9242300
95.01393127441406,95.23044157619645,94.19786424592296,94.40604551793227,11595200
96.01319122314453,96.05482365957641,94.87235573136431,95.03889818346643,10783400
94.84737396240234,96.23802311713915,94.53926344087432,96.21304238491554,12946600
95.86328887939453,96.17972204138788,94.03129036193236,94.49762060714836,16945000
94.92230224609375,95.71339465195005,94.70579836309781,95.28870320683504,13120900
95.48856353759766,95.82165477095366,94.55591570802508,94.87234888546051,9397200
94.5475845336914,95.86329138132629,94.4310035576414,95.67176186170887,10402800
95.15547180175781,95.30536253831715,93.90638444815897,94.02297177942674,9061100
96.89586639404297,96.97080858282315,95.61346933169398,95.66343079088077,12752200
97.2872543334961,97.3288867677573,96.19638036358627,96.24634817916147,10011000
96.35459899902344,97.62866710043724,96.0298367909449,97.33721465128815,10138400
96.779296875,97.02078787829593,96.20471461359976,96.40456682718741,12800400
96.47119903564453,97.5787249143791,96.4212375639744,96.9791618415848,8500400
96.25467681884766,96.66271663092701,95.5635199179617,95.92159191136942,7121100
96.59607696533203,96.74596768371603,95.6467711999621,96.67934817483736,13648000
94.0479736328125,97.2622929862526,93.76484379874971,96.038186088286,15664500
94.0396499633789,94.45601253182507,92.76558152044382,93.59830665733615,11025500
91.24166107177734,92.41580615351933,90.15911623129975,92.25758639984693,15855300
91.95781707763672,92.0161075703864,90.21741861721821,91.64138388173663,10203500
89.9592514038086,90.16743258593466,88.21885977076367,89.93427067846314,17320900
91.48316955566406,91.66637007327029,90.53386355823869,90.80866433464803,10903300
91.38322448730469,91.97445837636208,90.17577597986428,91.05846229969833,9980800
89.66783142089844,90.35899472007306,89.27644964056613,90.30070422214193,9393700
91.05013275146484,91.87453493361518,89.12654036615365,89.89264570929555,12124700
87.26956176757812,89.02661160758397,86.97810300440709,88.51864897024468,19491800
87.6026611328125,88.58527681598393,86.88651717627127,87.28622794281011,13365600
89.7011489868164,89.91765929218778,88.16060881904832,88.5769713699688,11830600
90.50888061523438,91.3915670659493,90.2840413115924,91.29163778064316,8265400
89.35972595214844,90.30070935490714,89.30143545090404,89.80939825597162,8374000
89.60954284667969,90.29237713132652,89.47630378958375,90.10917660441358,8189300
90.53386688232422,90.99186183996815,89.87601334185123,90.24241439051664,9343400
88.28551483154297,90.58383795216723,87.52773827252867,89.9343133721011,14762300
88.99330139160156,89.0932243012576,88.27715755753185,88.78512019223679,8209500
88.0523452758789,89.56790461736027,87.30289145796219,89.39303311871103,14331800
88.93502807617188,89.2764420053732,87.46943037086167,87.50274013157181,10585500
90.9502182006836,91.50814238104043,89.95094446915033,90.05087374825978,10002200
91.48316955566406,92.06607451787697,91.15840731197578,91.46651149777935,10170300
90.40062713623047,90.75869915291119,89.36804987892306,90.75037647691447,9868800
91.49147033691406,91.78292272803554,90.40059659702275,91.14172111438265,6929200
93.57329559326172,94.69747289309032,92.59900267043615,92.64064145506136,13224700
93.77313232421875,94.08124276136914,93.23185997925098,93.81477110197993,7836600
96.0964584350586,96.6460535865878,94.59755101600251,94.68915126678856,13985100
97.320556640625,97.65364150195697,96.37125080881862,96.84590372472181,14333100
97.58704376220703,97.59536643782492,96.079807207806,97.33722372354525,9919200
98.18660736083984,98.65293132573632,96.52948004394871,97.05410085764478,12283500
100.11852264404297,100.26008435951984,98.88608693359457,99.09426816924424,16257200
99.22750091552734,99.81873482488761,98.57797016482331,99.01099066529267,11993900
98.73619079589844,98.76950055416515,97.62866515798076,98.61128079069498,10735400
99.72712707519531,99.99359876574736,98.05334839378504,98.52800129111796,10665600
99.41068267822266,100.21009771050238,99.16919172786952,99.67715435564922,9382600
99.01099395751953,100.21011351850558,98.98601322650542,99.71047983866248,21862800
98.99432373046875,99.1941822603838,97.99505649363807,98.0783277045096,9135100
97.70361328125,99.31077257986752,97.46212229974732,98.88608110528097,11696500
98.26155090332031,98.56133241433122,97.52875518373123,97.65365885232943,9389400
97.45379638671875,98.30317936303966,97.38717686834319,98.16161129819487,9899200
98.02838134765625,98.79448677077322,97.66198033956242,98.22823355516782,10207800
98.00338745117188,98.90272544076036,97.61200576386139,98.56131156350601,9755000
96.22136688232422,99.09426531012448,96.10478590197903,98.59463162961839,11250300
94.30608367919922,95.68008087099032,94.03961199710288,95.60513233527064,12548700
94.17179107666016,94.7761569118994,92.76999560722687,94.23893785518008,12735200
96.21154022216797,96.48014659777355,94.23895514685069,94.29771259138687,9453100
96.00167846679688,96.95019320305482,95.74985722152046,95.85058700044708,6771600
93.8612289428711,94.9020778401845,93.72692895809571,94.9020778401845,10806300
94.54110717773438,94.9859921454241,94.07104777528976,94.574683764206,7273700
95.86737060546875,96.86625341771119,94.85170269903945,94.96921757058796,10994100
97.4874038696289,99.04028443922287,97.2607698768238,97.39506984187271,15076500
97.74760437011719,98.10015535066832,97.08448755421654,97.24396834600351,8779000
100.69389343261719,102.06210592831378,98.93955973698316,99.76216382256463,23379000
100.45885467529297,101.24788850228877,100.2070334612068,100.693884392931,11087700
101.02125549316406,102.04531911245131,100.6267385509062,101.35701500172905,10818500
101.19754791259766,101.5836691827814,100.60997345885745,100.7274883496055,10417400
103.70732879638672,103.89199044870072,102.39786730744612,102.44823539815012,12714600
104.74817657470703,105.00838715862461,103.34638747464497,103.62338315258815,12549100
105.02518463134766,105.0503654758586,104.22775493204527,104.2529357765562,8828300
104.94964599609375,105.47846939905719,104.14382687223831,105.16789067674661,8020500
105.78903198242188,106.30945958714014,104.71460658281819,104.9244554938058,9055700
106.19196319580078,106.77953768722212,106.09962914656576,106.24232489389928,9522200
106.12478637695312,106.95578623104298,105.71348432449575,105.8142076982762,9797300
105.53721618652344,105.98209484918007,104.85730136623793,105.80582253401879,8513700
104.85731506347656,105.53722997257758,103.96755762193658,105.33577038257955,11589100
107.27476501464844,107.43424583096974,105.7806354007422,105.93172687162799,11682600
108.1309585571289,108.63458828447786,107.91270748126549,108.34919682483061,9159900
108.36599731445312,109.37326966087188,108.14774622048448,108.60941644830723,13747600
108.53385925292969,108.98712726477348,107.9294933650306,108.02182739813077,11231100
109.12144470214844,110.20425955629369,109.0542915068907,109.48237871747607,13528900
109.44039916992188,109.45717785954709,108.4918780715363,109.02070138241109,9293400
109.05429077148438,109.20538866183593,108.57584186972272,108.78569080042712,8679000
108.41635131835938,109.64186186363345,108.29043427888917,108.81086832067467,9099000
107.84554290771484,108.13094714540334,106.95578562262106,107.55176213313956,8023300
107.9462890625,108.14773582752711,107.09849123247234,107.20761676896973,8483400
108.7269287109375,108.72692871093749,107.77840743019613,108.4751074283857,10163600
109.64186096191406,109.66704180796864,108.27365469635569,108.75210357955437,8749300
109.6082763671875,110.17066986877651,109.2725104503104,109.95243162892648,8824500
108.81083679199219,109.64183009416499,108.23165187947286,109.37323020914856,11782800
109.06266784667969,109.72579756566499,108.60939984294865,109.12143168858304,7705500
109.78456115722656,110.14550797895816,109.20538886625458,109.24734840594418,8167900
110.37213134765625,110.85898232951568,109.85169736944219,110.17067179400948,10068500
110.5232162475586,110.64913327146655,109.42361006949473,110.64913327146655,10490700
110.8505859375,111.16115822503961,110.50643065186038,111.04364334801157,6607900
110.5987548828125,111.14436968421522,110.33854430732252,110.69108890716312,5712000
110.35536193847656,111.42139814331055,110.2546385455723,111.06045130513216,8615600
108.93675231933594,109.08785017700465,107.93786957593774,108.92836297486082,10361300
111.08561706542969,111.19474259836285,109.1130449760513,109.44040876668966,10318200
111.68997955322266,111.8998284589842,110.95130730633055,111.37100511785366,9587400
113.35197448730469,113.97313183292056,113.02461072054395,113.05819371660978,10170600
112.82316589355469,113.70453383693349,112.82316589355469,113.0078339505735,8498200
112.89875030517578,113.12539078798542,111.53893302464823,111.84950541386374,7532900
112.63008117675781,113.33518312554132,112.4873854798332,112.72241519337477,9011900
115.85340118408203,116.23112669750398,112.65530553126072,112.89033530886381,13717400
114.83771514892578,116.53329792343122,114.34247479662203,115.7946256636148,10592100
115.2825927734375,116.54168621869084,115.26581408270995,116.15557140138324,11372000
115.9876708984375,116.39897932868828,115.19024768793138,115.60994546274087,11546800
115.87017059326172,116.69278755712763,115.60157064387623,115.96250462764824,10381500
115.29096984863281,116.02123978941846,115.08112098673735,115.63511224794125,9350400
115.19866180419922,116.57527013621079,114.91325755348778,115.85338937624368,29992600
115.16506958007812,115.76104607004615,114.89646965806656,115.50083549279248,9738400
115.48406219482422,115.52603454154813,115.04757284358699,115.27421326936658,3324300
116.70954895019531,116.75992344088998,115.65191519247554,115.74424921317674,6770900
116.79351043701172,117.32233379606662,116.39899345615508,116.92781681520998,7868200
116.36540222167969,117.58252313460933,116.23109586776995,117.43142528442117,6963000
117.01174926757812,117.0789024570056,116.08001957753406,116.26468764641929,7201600
118.43032836914062,118.43873052280593,116.8942328032374,117.33911147002149,10803700
116.86746215820312,117.6193197029765,115.80303853347255,116.15784640838274,10386800
116.77452850341797,116.80832709354864,115.31305529470504,115.36374028951579,10259000
114.78929138183594,116.46196063658971,114.73860638781083,115.97198421037193,10531300
115.68476867675781,116.22543013451137,114.55276076370913,114.63723146281646,9695300
116.10716247558594,116.77453643657483,115.76924100324855,116.6224814418126,9469000
114.94982147216797,115.94666089392479,114.73016927454297,115.91287518911405,10190900
115.90441131591797,115.90441131591797,114.6879197781839,115.05118375505081,12355200
117.25605010986328,118.91181993132247,116.31833912767527,116.52953517870515,24906000
115.49893188476562,117.08713078737144,115.01739855733767,116.45354244521118,16293400
115.94664764404297,116.49575229458179,115.60028297997475,116.11560192956371,10783800
116.74919128417969,116.825218779833,116.00578984270439,116.19163053528384,14697700
115.60028839111328,116.63938243195693,115.47357589363786,115.89596807240433,8474200
115.46514129638672,116.0733871782786,115.21171625425569,115.93823145260495,7549100
115.34684753417969,115.51581471364234,113.80934674608014,114.64568787903077,9345700
112.48303985595703,115.2539317097409,111.78188013408243,115.20324670723306,15166400
111.53687286376953,112.30562968952641,109.57697994216662,110.05005709943677,12860500
113.56434631347656,114.0205370502837,111.91701952030704,112.22114238138336,13062800
113.39537811279297,114.50204333824001,112.93920032237054,113.8853544894,9326000
114.79776763916016,115.00052056402674,112.09445975954947,112.09445975954947,9048900
111.81565856933594,113.90227697282953,111.06380100344782,113.61505338370068,12785200
112.66889953613281,113.40387078330251,112.06910978692106,112.06910978692106,10021100
114.29085540771484,115.39753360214046,114.11345793399015,114.51050756236305,9157100
116.23387145996094,116.35214074910974,114.89911068791825,115.37220073489922,10150700
116.25079345703125,116.82524071925002,115.82840121467453,116.78301180732495,8992300
115.87905883789062,116.30145098043177,115.14410063479231,115.50735168999279,6379800
116.36058807373047,116.45351485751524,115.52424701966748,115.6932012928076,5960700
116.58026123046875,117.27299070922469,116.39440760887025,116.7999005603631,6578600
116.58026123046875,117.67002756585218,116.41130690821244,117.08713708762619,7958000
116.4788818359375,116.86747545679735,115.22859159306347,116.36905573463962,7447500
116.12406158447266,116.74075054621267,115.68477011633576,116.44507086969269,6627600
114.58655548095703,116.3352653760463,114.08813577873441,116.02268638263615,8996400
116.14939880371094,116.90969952250659,115.17788911815482,115.65942235967478,7071200
116.14939880371094,116.88435702457244,115.33840019866147,115.87906163856594,7422800
114.73016357421875,115.66787474337015,113.97830599826035,115.35530865044852,9772800
111.64671325683594,112.52528339143403,110.4978059175077,111.03846743658055,13618400
106.66248321533203,111.70584081437227,106.09647275271149,110.66675958180575,20797200
106.98350524902344,108.9349553210869,106.73006732879965,107.2284935198547,24825600
102.53150177001953,106.12183605906489,102.47236711012539,103.83247073288518,23005500
98.0879135131836,100.09849798935026,95.17341002079658,99.27905612091634,45931400
102.65821075439453,102.70890220769462,96.6940341800284,98.52721501872247,27355400
98.80598449707031,103.86624134298259,98.1977386864724,102.19357180903197,32547700
101.24740600585938,101.5346360447213,96.8967651876699,99.96333659236399,25795900
96.28009033203125,98.35825942506375,95.1058403946494,97.71622140150431,25025600
91.3042984008789,93.19661362946896,88.71925378523345,89.76679106917574,38159400
78.93666076660156,83.82796348669613,78.56495354757038,81.58083376465324,40352000
85.06978607177734,85.55976256814627,79.89970969484305,83.63365517711637,31102700
81.0655288696289,84.52070121071016,79.87438594354897,82.53545225858531,38127000
74.38328552246094,81.91031284710327,72.9218053499053,75.6842481157019,49725200
87.78156280517578,87.84914066861148,77.7201760509709,81.09086449026618,38543300
74.64514923095703,79.392839823977,71.42652276687465,71.97562746432985,38589700
79.20698547363281,82.3157922576974,73.91863343681351,76.78245197663573,35239800
70.86897277832031,76.69798724805007,67.88688445769073,74.06225722868508,41525600
72.06011199951172,74.4339541043913,64.97237138915025,68.90061369852499,32175100
70.53950500488281,75.5744197982751,69.67782765987027,72.90490415797451,30150800
66.7633056640625,70.75068879831484,65.96920631837187,69.84676980819185,32536600
74.70427703857422,76.11506529410134,70.03262082002966,71.72218944562655,34363200
77.49209594726562,80.38125779779062,71.4180924733694,75.38857760512983,38111700
82.8902359008789,83.27038624892575,79.02112235037194,79.4773066351437,29826300
76.98519134521484,80.11934034134012,76.49522134697425,78.72545139513451,30041500
78.98733520507812,79.48575486829455,75.43924358142988,76.5797011429459,21656900
76.05594635009766,79.55335361143094,75.4730429914774,77.7624146235215,23379300
71.26602172851562,73.1245450711157,70.32831040746719,71.89116046081648,28029600
73.92708587646484,74.26500093111576,70.08331421454855,70.54794822034278,24018000
71.74197387695312,74.66969527323113,70.6494077496429,73.40641914811846,21199400
76.35973358154297,77.66568373091506,74.85746110668407,75.95855799062883,26820800
77.36693572998047,80.66168883180872,77.14500756693045,80.61900808470259,22563800
80.490966796875,80.96895983437639,77.29010660896374,78.61312491266703,22903300
87.71212768554688,89.10343290398536,82.70171098917369,82.72731683488601,42055900
83.81134033203125,88.01086809165741,83.0516698983164,88.01086809165741,26911900
81.5152587890625,87.06341776423429,79.92763123827065,86.2269232380082,46151300
77.49496459960938,78.55338061004447,76.93161004607911,77.80224771750459,30118600
74.54164123535156,77.30718289687172,74.30264469218119,77.01697466935553,32449600
81.24211120605469,81.68596101659602,77.6400749866515,78.5277811199018,30191900
78.28026580810547,80.84095493435885,77.2133120054999,78.92897554349703,23679400
76.0097885131836,77.99858537377659,75.39522210510532,75.64275615903512,23035000
76.25732421875,78.41684433170606,76.12075750909507,77.40963961334354,16662400
76.29998016357422,77.91321337672986,76.18901934105676,76.5987258489424,16638800
77.42669677734375,77.75958581703537,75.53178592853374,77.36694762950599,15809200
80.76412200927734,81.62621582888193,78.13514677728197,78.4765732315435,22870200
81.33600616455078,83.95644389888082,81.11407799630588,83.48698171839504,20238900
83.52967834472656,84.8868404318403,83.02607277245939,84.57102627963272,20462600
81.73719024658203,82.65903328706901,80.70437985435761,81.6006170481878,19127600
79.5947494506836,80.0129934957035,78.3912224993684,79.80814019988114,18547700
78.64727783203125,79.09966508536438,77.5035067773526,78.544847949097,15725900
78.52781677246094,80.4141907199911,78.44246175231629,79.93619739744463,18064100
77.0511245727539,79.17650100540455,76.76091629581471,78.66436453822635,20978000
77.85346984863281,79.30453065836929,77.3157275762283,77.96443067914447,16771900
79.12528228759766,80.3032033178623,78.62168327658249,79.2106437917148,20487800
76.79505157470703,77.76811271436878,76.24877186514843,77.76811271436878,31907600
74.28557586669922,77.49497409567338,74.17461503748294,76.94869437740135,27962900
71.72489166259766,74.14047630720151,71.1871493633526,73.7307632371803,35451600
74.70381927490234,75.20742475289727,70.33358156245542,70.60672141948335,35152500
73.32103729248047,74.49895147506517,72.80890097449436,74.13191925327791,26099000
77.20477294921875,77.80227097357779,75.01111623707973,75.70250671509278,30504400
75.68541717529297,77.8449301674916,75.61713058362501,76.8633380889779,19597300
77.95588684082031,78.86066126403928,77.13646738942384,77.42667559605373,20552400
76.96577453613281,78.32294309932097,76.53899303397549,77.0511295341305,14621400
76.36827087402344,77.1279413058895,75.72809872275421,76.82919560439743,13557900
81.78839874267578,83.22238470891614,79.04846255064243,79.28745912632111,41233900
86.52567291259766,87.55848323291852,84.33201653541724,87.12316433355416,39402000
85.23680114746094,87.87430767449237,84.84416295147092,87.86577673330937,24713900
83.06021118164062,84.65637629250527,82.60782384592106,84.21252640996023,26526400
84.16130065917969,84.93804602421987,83.11995287896536,83.43577349642699,15176800
84.44300079345703,85.71480803498554,83.58943766262745,85.59530971764298,21195000
89.00101470947266,89.55583198412896,86.26107815118812,86.70493457578081,25941100
90.8532485961914,90.99835274453628,87.73774231658845,88.61691117230833,26784700
94.94180297851562,98.81697276263068,93.49074216037802,98.09998306194022,42231000
96.83670043945312,97.46834162228868,95.54782525516906,96.80256365696737,24881800
94.35285949707031,95.28324008753103,93.04690908402478,94.44675195271653,17031100
90.52886962890625,94.32722804423952,90.34962222009962,94.28454729883285,24913300
82.97484588623047,86.70491797588205,82.4029603257339,85.38189292131918,36259200
85.24532318115234,86.32080767086697,83.07727278594034,85.96231284096208,24856800
86.4232406616211,86.57688223883957,81.83107476146306,82.30053043306495,22153600
87.11466217041016,90.20456344287885,84.76736326095161,89.93996092243451,22193600
84.91243743896484,87.52433774545361,84.68197181652883,87.51580029331984,15639800
84.45150756835938,85.80013187588845,83.76011725528238,84.22104195994454,16591900
83.48699951171875,85.86844119341175,82.56515637055472,85.80869204063103,40371200
82.58222198486328,83.60649500151335,82.40297453255798,83.00900349382898,16216900
83.58941650390625,85.3306856314971,83.52112990780428,84.47712271672717,15381400
80.79827880859375,82.65903994533741,80.4995265410837,82.58222239917932,22919800
83.61500549316406,83.82839617883839,80.45682595005096,80.53364347105358,25743600
79.0313949584961,81.40430556614594,78.52779591488301,81.1823773629792,41896300
79.38135528564453,80.65316227272776,78.68143391888151,79.72278177210252,18499700
80.28614044189453,80.79828349466084,79.01433328844224,79.23626151049635,19137000
79.60327911376953,81.69450564638227,79.40695677836636,80.99458431799813,18755700
79.86185455322266,81.84417586375986,79.23267886133095,81.65456109152875,27845600
81.87864685058594,82.05102031896821,80.56859139425214,81.38737523250747,18625300
79.56880187988281,81.10294800948085,79.29300040237784,80.86162253861724,25757200
80.41343688964844,80.44790631607135,79.12061640316293,79.54293592090652,18762200
78.67244720458984,81.12019112620504,78.2415069753135,80.60305759057259,25600800
82.97322082519531,83.46449237602225,79.18095243490859,79.29299451645669,28954200
84.16264343261719,85.55888582155661,82.93877453655536,85.09347607566164,32079200
84.64527893066406,86.14494908533793,83.29212687559532,84.78318296014609,42731700
85.95535278320312,87.29988437827339,85.0245201824805,86.95513083256573,22508400
86.19667053222656,87.23954514677276,84.93832579296522,85.1365546253524,16886900
84.60218811035156,86.25699699585024,84.58494681900467,86.18804498171464,16137700
83.86096954345703,84.80041606789035,83.82649353674032,83.97301163356693,14458100
85.6795425415039,86.23114552824457,84.15401039409122,84.21434176527767,17798100
85.05900573730469,86.30010943521283,84.0592210001502,85.88641039445268,14271200
85.3089599609375,85.62785163165272,84.43845855784666,84.89525430556286,12870200
84.70561218261719,86.01567418931432,84.4125759768929,85.84329414862987,12744200
83.51620483398438,84.14537378908294,82.88702930326077,84.04195235845032,11959100
83.87820434570312,84.36947593457877,83.17146264634471,83.17146264634471,11754300
85.9122314453125,85.93808680307875,83.60239190090176,83.66272326089803,12743500
83.61964416503906,84.24019918417689,82.78362559408409,84.06782571247257,14834800
83.2921142578125,83.54206034166525,82.09410112958302,83.15421682484637,14535000
82.82670593261719,84.09367118507298,82.61123583051588,83.61963433019983,12962800
82.35267639160156,82.69742329755351,81.90449489286284,82.66295386745891,13366200
83.78340911865234,84.86938047411383,82.4992089151564,82.62849231531581,15260900
83.80924224853516,84.55045986546496,83.20592864202258,84.10228498285922,10482100
85.65367889404297,85.74848627196205,83.22317622733591,83.54207436902972,14743700
86.7396469116211,87.94628084213518,86.21389931743728,86.28285133075258,14989900
89.48041534423828,91.49721873005335,89.21323454689474,89.51489134641568,31518600
88.72199249267578,91.72995399379448,87.66187644437916,91.49724912133424,19240800
88.23069763183594,89.0839573742494,87.60152205571256,87.91179952124936,13598600
88.26520538330078,89.04089275051354,87.41193875836214,87.48089079230972,12134400
85.93809509277344,87.91180202535904,85.78295635558601,87.48086181935237,14988000
84.74009704589844,86.11049056613153,84.56772356282754,86.11049056613153,13246500
84.93831634521484,86.69654658077009,84.75731567403574,85.25720788592186,13533000
83.92129516601562,84.49013279883377,83.43002361128045,83.82648779794168,13672600
83.87820434570312,84.95555489811692,83.55069214499467,83.8351076933562,12228300
86.23976135253906,86.3690447436039,83.96439734205318,84.85213321140449,17898300
86.61898040771484,87.894566296049,86.01566675651833,87.28262542403101,13648900
85.40372467041016,86.4207437934162,85.36925524136805,86.13632826225283,12052400
88.21348571777344,88.47205255036813,85.3261867733952,85.3261867733952,22163900
88.57543182373047,88.9891372436586,87.74802755949875,88.89432988858391,13756700
86.35179901123047,88.06693915872674,86.20527434638109,88.01522843914788,14219400
86.30870056152344,86.93787613099124,85.36063346046787,85.80019429459948,11595600
87.61013793945312,87.86008402730882,85.80880460822597,86.14493741501893,14475700
87.3343505859375,90.48882972230615,86.73965095074557,89.04949089936096,23281200
89.22187042236328,90.678450636141,87.3688325257102,89.6786726311417,26325500
86.11910247802734,89.26496778239456,85.73987950965449,88.75646141714671,22108600
86.9378662109375,87.64460777751343,85.80879857271124,86.87753485436241,13434000
86.04153442382812,88.27380182818354,85.87777501981114,87.39468658560236,15922800
87.11026000976562,87.36020613849755,85.834674003759,86.16219279515832,13784300
88.31690979003906,89.17016977818474,87.36884240591858,87.48950516886333,19017400
85.5675048828125,88.64441836059763,85.44684212490932,88.540996897039,23683000
85.92948150634766,87.16197085979732,85.11931832392794,85.6967766692633,19270600
84.94692993164062,85.61919559005145,84.21433290838846,85.0675926613233,18290100
84.76594543457031,85.74848867359039,83.9816376028312,84.36948119563469,20121600
82.14582061767578,82.78361686208528,80.86162063474444,82.05101324555075,28378800
81.24948120117188,82.44750128375279,80.73235415672725,81.84418091887811,19257000
79.93077850341797,82.18028664968996,79.86183307575203,81.68901513358601,19952700
79.86185455322266,81.27533812269326,78.75864193075319,79.56881174824002,18366500
80.5599594116211,80.77542950459082,79.18095213173993,79.33609086170314,13293100
82.87843322753906,83.54207832880223,81.31842502869063,81.93035940341099,20894100
82.18028259277344,82.76636144056371,81.30116760890033,82.76636144056371,12848200
82.97322082519531,83.77476983713669,82.10272638071494,82.18029245818084,16400600
83.57655334472656,84.26605380106365,82.76638356851345,83.70583673517301,15778700
84.36947631835938,84.9727900002051,81.95620843972462,82.09411246736133,15149600
86.15274047851562,86.33541410995804,84.83922249626495,85.5264270926307,13871900
85.26545715332031,87.73591466077771,84.8218240553781,87.04871009516987,19220400
86.7529525756836,87.29227279214865,85.83087720510122,86.08314267010483,16358500
88.53619384765625,88.6579762533266,86.90082537390921,87.43145155717716,15659000
88.03166198730469,88.82325425218384,87.08349803396325,88.72756712925025,13689100
89.11030578613281,89.59743534974561,87.7271962942428,87.94466579751888,16058000
87.66631317138672,89.78881784253393,87.21397948304285,89.59744360016582,21697300
87.17919921875,88.66669022886113,87.07481143962761,87.88379847705411,15204100
88.4839859008789,88.53617645401484,86.15271273560431,86.20490328874024,17171200
88.30133056640625,89.01463036537436,87.61412604939594,88.2143440809991,13275000
86.81383514404297,88.6144825063631,86.60505962620653,88.37961170795786,11725700
87.30966186523438,88.5274858203065,87.0921923537368,87.25746466955785,11257100
86.43978881835938,87.84898708691107,86.40499289811025,87.30096627543465,10730500
89.4930648803711,89.80622155649158,86.38760003937942,86.3963006794505,14837200
90.30204772949219,90.8587692090227,89.53655735429862,90.03238762940059,15087600
88.06645965576172,89.33648092386936,87.20528216891242,89.29299099953676,12410700
86.40499114990234,87.78809410944406,86.25711346931796,87.43144754823213,10391700
83.97804260253906,85.5090300996932,83.56919878483505,84.81312488190204,16389500
84.52606201171875,85.23066785755474,82.84719684189248,83.61269389547788,14208800
85.2828598022461,85.6134111301312,83.70838237884257,85.16977802506952,15194500
87.20526123046875,87.75328192930957,85.12625353854902,86.45716569047802,15011600
89.95407104492188,91.11100353373978,89.32775793530064,89.61481258000931,17482600
87.20526123046875,88.78843877487294,86.05702264482002,87.85766966860194,18886500
90.7717514038086,91.42415978472236,87.8576619630553,87.9098525098032,17837400
89.5626449584961,91.42418349045774,89.06681472590151,91.36329229124938,12552800
101.68876647949219,103.42852294060704,95.99106141468334,98.43542375546778,47792400
101.35820007324219,102.16718702583314,99.76632808758693,102.08020053734197,20539300
99.84461975097656,101.74095451175502,99.13131988517793,101.68006330260064,14443400
98.61808776855469,99.13131268893582,97.47854288475442,97.887386675102,22063000
99.2357177734375,99.91422178363695,98.79207798344375,99.7750380704449,11847900
102.03669738769531,103.17623550352869,100.67098912178105,102.46293577171315,19858600
101.0015640258789,101.28862544085366,99.67065136672512,100.37525062471374,14553200
100.25344848632812,103.17623935924709,100.20995192777228,102.07149048370194,12571200
100.52311706542969,100.74928724308398,98.78336076239826,99.32268760552971,10202500
99.66194152832031,100.60141154336574,99.24439708719666,99.5401591156267,12718900
102.53253173828125,102.79349118044682,100.53180949846319,100.9493538972284,13209200
107.27335357666016,107.42993188049418,104.13309349845278,104.44625010612084,20121600
106.1512222290039,106.45567823308399,104.79421453273666,105.57710614083051,11715600
105.44664001464844,106.42960002453792,105.3248575934814,106.12514397162032,5983600
102.5412368774414,105.01169434543915,102.4455497472621,104.3853809975906,14411800
104.1592025756836,105.75978174210854,104.06351545307238,104.6811281120627,12668900
106.15994262695312,106.3948068347733,103.75037615338016,104.12442406705259,10811300
105.46403503417969,106.02945721254851,104.69854457888673,105.99466128685643,12904400
106.42089080810547,107.24727904130967,105.85547531395545,106.5426798561024,13583700
106.02075958251953,106.27302507346721,104.56806448600702,105.38575217137918,9724300
106.12513732910156,106.41219871958954,105.04649025057424,105.29005507766327,9592100
105.29874420166016,107.25596988097247,104.76811804211515,107.14288148316065,13073900
104.6202392578125,105.06387896017965,104.00262658496274,104.37667444447946,13668400
104.00263977050781,104.40278296266308,102.96748918260508,103.46331951165013,9981600
102.9065933227539,105.62060904896586,102.74131434165727,105.55101720043633,12112400
104.66372680664062,105.16825766889818,103.18493677493987,103.76775347618076,12590200
104.96817779541016,105.32483096483186,104.26357873156267,104.64632717940206,11169400
104.09832763671875,105.64670984575508,104.02004178052096,105.48143749267832,11618000
103.58507537841797,104.28097380681619,102.88046967498747,103.63726593547113,28954800
107.47345733642578,108.73477810781881,105.33355106301704,107.14289936352574,28323600
105.83807373046875,107.44734699299813,105.78588316479392,107.33426522182144,11788200
108.7956314086914,110.05695174058242,106.42956239964947,106.80361017147068,14973200
108.31721496582031,109.21319495774246,107.49083344932714,108.81304520304482,4164900
109.0305404663086,110.17008552641046,108.55211139413431,109.44808496097275,8072600
108.74346160888672,109.84820386021639,108.63907384916423,109.7786120204014,8389200
109.04794311523438,109.47418161965979,108.64779989768168,109.16102490389774,7398000
110.5354232788086,110.76159347044037,108.57819731694019,108.81306151224103,8580200
109.49156951904297,111.22262524867816,108.54339884647756,110.90946857119269,16819900
110.08734893798828,110.65684311960928,108.44019612441132,109.50909145634377,13731200
115.25657653808594,116.32547171717007,112.04112770206311,113.79341981203267,24909100
119.04150390625,121.07416137937578,118.20917101827456,118.8838046379264,21940400
119.1729507446289,119.4620794810105,117.50827135657224,119.12914092962346,12035100
120.9515151977539,121.08293126909871,117.49951045573107,117.9112986377822,15937900
122.85272216796875,124.11436970979717,121.63488443195743,122.16933197762431,18033500
122.96664428710938,123.35213587972014,120.99532303585177,121.42462444115493,14816800
123.6850814819336,125.06938875508189,122.65999597696297,123.08931077567864,18565600
121.46842956542969,124.10561441363757,120.04031261382214,120.40829096225505,27881000
120.94273376464844,123.27327658098022,120.74999466788115,122.53731991336286,19843800
119.1291275024414,121.05663882552155,118.66477292725455,120.74999689280257,16028800
118.13029479980469,119.29556592828571,117.68346693789974,118.8837778840528,13411700
117.2191162109375,117.75356374828523,115.82605264221779,116.25536734234154,12933200
115.75598907470703,116.67594174106824,113.95113694256008,115.77351567499477,14212800
115.2828598022461,116.67592350764474,115.07258073829132,116.30794517238152,11307800
112.02361297607422,113.76714186800528,111.5767783002309,113.53933619605681,17603900
113.99491882324219,115.79977051309214,113.01364334966372,113.81092298750839,13761800
112.7332763671875,115.40551419921977,112.31273162655043,114.94115965106553,14808100
113.56562042236328,113.95989535998334,112.56681820940614,113.37286794539983,11080700
117.06141662597656,117.74480680376203,114.96743628760817,115.59826004692944,12253600
118.40192413330078,118.94512833013219,116.97380725196787,117.0964666954097,10600800
121.1267318725586,121.48595359875816,118.69105616372725,118.69105616372725,12419500
120.89016723632812,122.21315128290946,120.36448963228989,122.1255316644647,10051300
122.7826156616211,122.92280167728251,121.0653703919545,121.08289698613075,10136400
122.2920150756836,122.64246685228018,121.38081906632712,122.16058563280112,8614800
122.36207580566406,123.42220083980543,121.81885831578708,122.65996107402819,10323200
122.02043151855469,123.14189341703695,121.1004787538471,122.36212673185975,9201000
123.75515747070312,124.07056938025079,121.78383637824945,121.82764618741267,8324600
126.73406219482422,127.32108968880823,124.76274071559611,125.77031304852922,12130600
127.1283187866211,127.37363768790993,125.39354651037902,126.12074659951288,10810100
127.55763244628906,127.73285833993528,125.63887749399794,126.16456854381532,10587800
129.68663024902344,130.4050602228584,127.79415904122041,127.79415904122041,11969800
130.90451049804688,131.5879008727894,128.60900706882103,128.67910010326634,11488400
131.95587158203125,133.44531171271984,131.06220215606666,132.74439477801974,16234400
134.2776336669922,134.7157050439979,131.51778933940724,131.51778933940724,15061400
132.45526123046875,135.71451349490434,131.938340190342,135.16255262531052,18127700
128.94190979003906,132.18363486076979,128.36365244329977,131.68424051140448,19829200
131.8594970703125,132.630507045509,130.08968479491995,131.0008808326756,14845500
131.43017578125,132.98095227069587,131.28123311046045,131.49151219392232,14221700
133.97103881835938,135.78464800487262,132.13990302731918,132.49911152238715,14324100
131.91207885742188,135.2589513040169,130.21235941544472,133.70817455751774,20093900
132.21868896484375,134.47913857952094,129.64282746512148,134.24257632351816,18465100
133.97103881835938,136.2052063002259,132.07856659591602,133.58553373205993,17133300
133.02474975585938,135.14501351764076,131.2637077150378,132.73562105622415,16238800
135.91600036621094,136.81842613851634,132.74435519054944,133.0948202378219,14342200
135.2063446044922,136.8096739420259,134.36524175056962,135.02234875964538,11771500
136.8096923828125,138.10639334776394,135.86346992681177,137.43175965089253,12849500
136.1262969970703,137.48432095536938,134.89094585988298,136.98492653158675,12101100
134.4967041015625,135.4517101104994,133.34020231931143,135.00486863443436,12805600
135.8809814453125,137.4492845185137,134.0936560445326,136.10001714176914,13952400
138.12391662597656,141.66354126937128,137.65080536355958,138.08012017804987,21898500
135.92477416992188,136.6256909842395,132.46401327476923,136.2489426818823,54418800
132.2712860107422,134.89971453842116,131.95587405266556,133.87462901689184,19944800
130.9483184814453,133.2788483419302,130.5102470489579,131.71055849593208,17076300
131.96461486816406,134.20753813755087,131.29875120033898,131.42141064885618,13079800
133.6555938720703,134.02357226323772,130.8344128375747,131.4214269403093,15608300
135.8809814453125,136.19639338296517,133.6555846516193,135.1888345268158,16754400
133.7694854736328,134.6894381505867,132.33261171770982,133.27884761095848,17570300
135.34652709960938,136.5643649767628,134.82084947550763,135.32901387035344,13184300
133.3751983642578,135.35528940580846,133.27882213330733,134.2951508653531,16736700
134.6719512939453,134.7420309718701,132.77947913681479,133.08612117660132,16561500
135.3857421875,136.54906842732942,134.4868229450295,136.07315734826662,13508000
134.43389892578125,135.96737036208546,133.83461958482326,134.654224586006,13071600
136.54025268554688,136.80464624670302,134.5308831369443,134.9274802024861,16903500
136.7077178955078,137.0514255297119,134.2312586019326,135.72066283268921,12335500
137.73001098632812,138.39979632414276,136.5755063821146,137.31579756300678,12122400
137.43917846679688,138.58487487548112,137.10429252403523,137.11310071150297,12273400
135.7999725341797,136.77821937681134,134.33700636454745,136.38163572658038,16113600
133.2618408203125,135.5708505204266,133.01506359318446,133.49097477339598,19939600
134.1078643798828,134.13430239180315,131.59615911414338,133.29706730322334,17694100
135.10374450683594,136.17011354237428,134.56614917109334,135.6060801940227,13773400
134.53085327148438,135.61486528681556,134.15189956112545,135.20946012335955,11900200
131.55210876464844,133.73773654214608,131.0056917345611,133.72892835287362,13716700
132.67135620117188,132.7330538699798,129.3664697394809,130.2477727959318,12236700
129.87757873535156,132.459802721413,129.78063489735717,132.39810507559275,15256100
132.36288452148438,133.19131139796912,129.2783243757055,129.71015418964092,14041900
132.6890106201172,134.3634948062921,132.53038249541237,132.8828984042808,10799100
133.29705810546875,133.57908147664602,132.2923733789751,132.63608095783832,12821200
134.16073608398438,134.74239922273398,133.42925306663835,134.33699397364987,8943700
136.76942443847656,136.8487384866835,135.01562650273507,135.31526631659517,12976900
135.55320739746094,136.15250040864257,134.84816233332447,135.80879278892326,11705100
135.1566619873047,137.02502050535432,134.95396601259287,136.469808622655,11801100
137.02496337890625,137.16597506236067,134.08141508677002,134.72476240206123,12977700
138.82284545898438,139.49263086471402,136.27588045286507,137.4832611999092,10506700
141.6166229248047,141.7311966517816,138.5056234944886,139.30761268808592,13542400
142.10130310058594,142.33043704353875,138.38220329831384,138.55846121194037,14257800
142.0836944580078,144.2957605161909,141.9955587642461,142.33045826339801,14014300
139.72178649902344,143.11480878737748,139.28113495236022,141.9603038867387,15451700
138.76116943359375,141.695910349753,138.39102374790042,140.66478734368917,14381700
142.33042907714844,143.16766420572608,138.96384529056078,139.40449677377177,15395000
144.5425262451172,144.930301786639,142.76230354648558,143.11481943098596,10584000
145.1241455078125,145.28278702101846,143.678809303874,143.97844905951146,9886800
143.0795440673828,145.85564307311154,142.98260020175584,145.13296817523488,11098100
141.98670959472656,142.04839380446182,139.80989037373487,141.88976573861544,13278900
141.73992919921875,142.64766999627588,140.58542469699736,141.73992919921875,10426000
143.35275268554688,143.84628022590252,141.83691041295918,142.18942624246552,10249000
144.1282958984375,144.736397158853,142.87684717230903,143.96966780317297,9440300
142.63890075683594,146.03190935310656,142.38331534752007,144.4015068164935,12609100
142.62127685546875,144.30456893979465,142.16299549558775,144.1547490322142,13058300
144.8421630859375,145.19467893039374,143.2734447171575,144.4896337938638,15707500
144.7452392578125,145.3621487948575,143.88155245833016,145.13300136136982,10291300
146.34033203125,147.09825297405598,145.83798298244923,146.18169053513952,9445400
146.34918212890625,147.56538463946117,145.88209258886187,147.40674309791964,10498600
146.44610595703125,147.3979147331475,145.11534337666578,145.77632057277856,13354400
146.68408203125,146.8867779677455,145.44144150130873,146.48138609475447,8510800
145.9966583251953,147.26573679783766,145.538376999493,147.17760111871993,7267200
145.41500854492188,146.08479404616818,143.79341410130377,144.96554881419817,10370700
143.59951782226562,144.72758462456125,143.01785459518965,144.65707876846565,12377400
141.36099243164062,145.62650906955795,141.28167839097026,144.85095814491547,12119400
141.26405334472656,142.06604231005542,140.1800544093801,141.38743522803742,13683800
138.86692810058594,141.29931967844612,138.06493909732725,141.14067813661973,19917900
136.76058959960938,138.29406162166867,135.83523223128665,138.10017389080085,24485500
137.72122192382812,138.9109728909911,134.93630124979595,136.3640077894381,25321200
133.74655151367188,138.76998986284713,133.2970917808755,138.45272021392677,29722400
130.3623046875,131.93102254906358,130.04503515102573,131.5785068185869,43595700
132.57440185546875,133.25300892066804,131.33177486421295,131.38465089180474,18664800
132.3805389404297,133.05032442681446,131.01451650397595,132.7242465969139,14251200
133.18251037597656,133.99330755464524,132.27476932553137,132.37171319730788,12733300
134.40748596191406,134.94508121091863,133.27061126030827,133.88752053434294,13733200
135.7647247314453,136.16130837700075,133.66721936712557,134.47801648290576,15484900
136.01145935058594,136.14364938824858,134.06377429413968,135.45623429717654,14125800
135.84405517578125,137.7564812310609,135.3769656227581,136.60197635669732,14528700
137.07786560058594,137.55377676131098,135.4650929103979,135.50033911419163,12531000
138.43507385253906,138.4879498797741,136.97210767682716,137.7123989533502,10479400
138.3021240234375,138.5591822690405,137.49551349774717,138.23121187034394,11424000
135.97982788085938,138.08054830599832,135.04026538733922,138.08054830599832,15083400
136.13934326171875,136.75094871429897,134.33113079440767,134.7388587460548,12271800
133.79042053222656,135.19976381598372,132.99266909841674,134.3842944909461,17834600
138.07167053222656,138.40848635513726,135.24411096359202,135.6607114124253,13694500
140.0482940673828,141.07649997871405,136.4495869028335,136.81300660814867,19940400
137.9652557373047,139.50756420028057,136.05954118932092,138.31981640269902,22671700
137.49549865722656,139.41008600877203,135.57205235941692,138.23119695041603,14622800
137.796875,138.74529617923216,136.23683489194195,136.4141084882826,11539300
134.6502685546875,138.52375286728605,133.86138925812566,138.24011771155716,14002700
130.27149963378906,132.79769250299162,129.15466373141084,131.67198412889726,22172900
132.70021057128906,133.94999849215455,129.70423609018138,129.87265077759676,15385200
135.49227905273438,136.19251449920242,134.16270677897018,134.77431218891908,12356700
133.7815399169922,136.00636591544918,132.93062133619435,135.5099944891326,9913300
133.5244903564453,135.47452668471124,133.17880215973048,134.26904746858398,9666100
134.4197235107422,134.69451308459358,133.10788292716342,133.12561434082286,8208000
134.24252319335938,135.16436785513693,132.77999860847342,133.31181958247143,11218700
134.46409606933594,135.41253094430652,133.7372701360457,134.9870580064133,9217300
135.61636352539062,136.38751106838288,134.65021097898068,135.74045638891934,9063500
134.5349884033203,136.2102489647489,134.02088548961353,135.24409633688512,9805200
133.9943084716797,136.90163911627397,133.9056784243494,134.75659720929346,10203200
135.51882934570312,135.89998031787246,132.53172884857992,134.68562880315605,10394800
134.05633544921875,135.944318741803,133.76382794752652,134.06519439468545,10155000
135.7493438720703,136.2279975356676,134.73886933516673,134.97819616696538,9151500
139.60508728027344,139.88873585441874,137.4866360206438,137.5575481641801,13328800
139.45440673828125,140.5357932791384,138.18687412641054,139.62282139179143,9516900
141.1651153564453,141.8033111299167,138.55029258950182,138.93144367440405,8667000
142.84922790527344,143.15059433152473,141.0055529930373,141.8210222479502,9156500
143.4076690673828,143.921772003893,142.30856457045914,143.48745368821557,8844200
141.80332946777344,143.73564845542185,141.43992327833328,143.40767805504467,8980900
140.87258911132812,140.96123266118295,138.96687451541055,140.88146158137766,8755800
139.17076110839844,140.81057237194346,137.62846588063442,139.66714613325257,9347200
137.9032440185547,140.0571447062244,137.69050757620948,138.55029876699618,8065500
136.75096130371094,137.8855287455141,135.62525280946016,135.75821817341085,9517700
137.1409912109375,137.30053344059493,135.75823778678898,136.81303427767767,6974100
138.89596557617188,139.24165378838816,137.60185627920094,137.68162736084153,7934600
139.7557830810547,140.53580320498995,139.0466751070326,139.1619090412802,7670900
142.63650512695312,143.39879373535098,139.87099925700173,140.50032252927784,11335000
143.3722381591797,145.21591369484275,142.84040373587086,143.82428795141433,11027500
144.52452087402344,144.62202338987353,142.93789025474575,143.37222210264332,8780200
142.21104431152344,144.91451048294923,141.7146728554796,144.6663247549273,7937600
141.77670288085938,143.0353628516693,141.24488215346318,142.21103463790712,12340800
141.57284545898438,142.49467621061711,140.9080593753209,142.0160361814267,8729900
142.22882080078125,143.2481543978235,141.31583516002624,141.83881066883436,8813300
141.36900329589844,142.6099320998969,141.06762327911918,142.1667413091675,7959700
141.12078857421875,143.04423458824056,140.89919322432996,141.8121649838632,9285600
140.49148559570312,141.4487793603148,140.08374410286274,140.83717388360927,7852700
141.1030731201172,142.55673823881511,140.11918911431437,140.28760376329723,7904300
139.48098754882812,142.459229805302,139.35689468502122,142.31740552520614,8311600
141.69696044921875,141.86537511406553,140.11034336613898,140.518071320401,10052800
139.22398376464844,143.00882398489216,138.5060032077132,142.2199447921944,11685600
140.19009399414062,140.65987508269663,138.69210717304,138.91370253651385,11691500
140.12803649902344,142.57445789274993,139.3568889858395,141.29806647430257,10880900
139.7646484375,140.9435376242899,139.1619154232611,139.49874476951828,25581600
135.5809326171875,136.9991350321023,133.3915690295213,136.4052609956861,15819900
135.59864807128906,136.99027362084948,135.24410085521612,136.08616063722135,8999900
138.19577026367188,139.38351846273306,137.4778032705843,137.56643332306157,11236200
142.86697387695312,143.33676854859056,139.7557794588898,140.04828699778437,12336100
144.51565551757812,145.0031681208322,142.54790073508872,143.0974530196058,10102400
148.00796508789062,148.38024365967635,145.90724545956147,146.25293367087016,13220900
147.21023559570312,150.06438500015915,146.83795700274467,148.6461692435583,13387900
147.0950164794922,147.9370762524775,146.2884060176907,147.3254843400693,7777100
145.09181213378906,148.01687423706542,144.29406054647163,147.954821030504,13161200
148.14097595214844,149.17804090485586,145.01204967322204,145.36659693863763,11285000
147.9813995361328,151.07487606627808,146.90001294508417,147.99913095445916,14120000
150.39797973632812,151.7177257496521,148.62344635948992,149.1049843200802,12292900
150.71897888183594,150.79031833267277,148.0259724408329,149.80050556305105,8692600
151.67312622070312,152.93937095083857,151.18267596444397,152.66293906274976,10195400
151.78909301757812,152.78781844233936,150.9687094748652,151.61075113552982,8190100
148.5966339111328,152.74313801132314,148.436130395484,152.306202703209,12154700
147.45529174804688,148.6412847771938,146.92917852953678,147.8030631169989,13032600
143.56736755371094,147.4998682783772,143.21068388442018,146.30496301898236,22753500
145.76991271972656,146.25143699697023,142.72913500829483,144.23614856760418,15176800
148.56996154785156,149.06932422381564,146.36740476831446,147.44639552693235,14267400
148.5164337158203,150.35338049012066,147.94573167325507,148.45400658921304,12672900
150.31771850585938,150.38904435584257,148.54318524045345,149.27439085896674,8053900
152.34190368652344,152.36865427914998,149.32789019552558,150.07693400228655,8185600
151.14700317382812,152.778857407259,150.41578400193282,152.27056891851095,8415200
153.1801300048828,153.45656187508905,151.32534508722364,151.6196152219426,8817900
152.43109130859375,154.23237509999177,152.0208928506401,154.0094444092062,10159200
152.8412628173828,153.81325088537966,152.07438076376243,152.48457918590708,8015100
149.65782165527344,152.21706143787156,149.22087263599218,151.87821606599223,9847000
151.91392517089844,152.04767817327567,149.77379549318707,150.0769780363172,7212900
151.4947967529297,153.59035092503674,151.04893532112914,152.64511326006627,8140100
151.4145050048828,153.67056216592673,150.7100365088339,153.41195498402257,7435500
152.01199340820312,153.09989635999239,150.62982028683703,151.4145407390419,7173800
152.06549072265625,152.60052985489583,150.8349088824714,151.70880703890342,8402700
150.06800842285156,151.7712020593607,148.46291843501731,151.59286023922454,9574200
149.85398864746094,151.67309680092458,149.28328671631476,150.61194470865107,7975600
150.75466918945312,152.41327430453094,150.46932494088017,150.7457568589579,6413700
149.61322021484375,150.2285110001935,148.56099405357293,149.22978601910833,7990300
149.4705810546875,150.65657408823077,148.99796902863181,149.31898980167068,6999200
149.461669921875,150.4158063118274,148.8285407009222,149.3814181296251,5815300
148.79283142089844,149.5775516516244,147.77626821591568,149.4972862777679,8113400
148.52536010742188,149.62217543547843,148.02599747372494,149.10498814101467,6492500
147.45529174804688,148.98014381598173,147.24127336461063,148.97121787920673,9706100
146.66165161132812,147.6336262083905,145.69858934398377,147.3215313889373,9909600
145.39540100097656,147.00050471526617,144.95845194340032,146.59030625237727,8122500
143.4960479736328,144.55720040567232,142.18521421718538,143.83490703102,12193600
146.55465698242188,148.00815598675536,145.34191335270506,146.38522746254358,14549900
150.05909729003906,150.30877856154126,147.46418092556044,147.58010923254673,12354400
148.88204956054688,151.09351836726648,148.4183498794795,150.21963380444038,9629800
144.3966522216797,145.03869366284258,141.62340764972922,144.58391997810585,13619300
143.77243041992188,146.9380483587319,142.5151118999125,145.6272150533841,12104400
141.63232421875,143.23742786971184,141.15078632015687,141.92659435531044,18922600
140.7941436767578,145.59161776239026,140.7138918724869,143.56740274611818,12253400
143.754638671875,145.5737471981936,141.60558345683899,142.5240568529297,12969900
141.15078735351562,144.30749349128556,140.16990049774233,144.01322335257078,12681800
142.81832885742188,145.00304702583506,142.19412561024816,143.576285083772,11186500
144.9673614501953,145.6985669664648,143.71002921594464,144.35207062889782,9851600
143.30880737304688,145.5916160450244,142.82726933987516,145.04766447813813,11705700
143.08584594726562,143.50494314363885,141.47181625566503,142.36353905237672,11189600
142.51513671875,144.19156623957966,141.8998458429725,143.85272084640215,10405400
140.82089233398438,142.48840996389734,140.25019016713733,142.2298162848346,12069000
141.89984130859375,143.46926840317553,140.26798709221055,140.40174005805798,12563600
140.83868408203125,142.54187768849673,140.3125709595969,142.54187768849673,14014200
143.041259765625,144.29859219812784,141.51640776777535,143.02342149950582,19542800
139.78648376464844,142.1228071297828,138.37755988072212,142.06930593021548,28082000
137.2718048095703,137.94950921352105,135.3991815578562,137.78007971088095,15148000
139.18899536132812,140.16096985538925,138.29727264605543,138.58263044611493,11291300
139.73294067382812,140.05396138160395,138.43103318595428,138.88580685254996,7273000
140.23233032226562,141.89093536551516,140.18775506510846,140.5444387620308,8055200
141.0348663330078,141.07052925431128,139.41192447822218,140.53550379510722,6188100
141.46290588378906,142.8094024270783,140.9635432877774,141.0705456707484,6342300
141.39157104492188,142.34572101294867,141.02596141568108,141.65017828769635,6398900
141.32020568847656,142.88964630430962,141.222115649987,141.88199532769937,6948200
141.2042999267578,142.04250786452585,140.85652860585765,141.29346403591148,5805900
144.19158935546875,145.0298110535667,142.2387140389664,142.55082249476428,13120900
149.65782165527344,150.3266136770625,146.44761450804248,146.518953956493,20195800
146.92178344726562,151.03035618035662,146.87692731344697,150.5459455243577,17539400
148.482666015625,150.1422332319074,147.00249593345234,149.7295897094847,14047500
149.953857421875,150.28576812918556,148.07000955795544,148.61722146599544,13913300
150.09738159179688,151.88253764306427,148.49162266364252,151.66725014479462,12922500
150.24993896484375,151.17391800029452,149.19139150330906,150.94067153701818,11854100
151.10211181640625,152.13373437527682,149.97179755770478,151.12005700620907,12568000
150.91371154785156,152.33108030867018,150.6087117822518,151.01238955297717,13623400
141.63804626464844,144.45483884518694,140.7499441404792,144.21262668620088,40158400
135.69944763183594,139.7452184133184,135.04457829348732,139.7452184133184,32324800
133.6002960205078,136.56062239038292,133.2594195768705,135.96856806694217,22380000
132.46104431152344,135.10739177724707,132.19192121422608,133.6541462152785,14860800
130.1466064453125,132.32647476932985,129.41998367064005,132.31750901849324,20705400
130.0299835205078,130.5054283910756,125.20376774347633,127.6348139777881,28471400
131.44737243652344,131.73444076573537,126.29819720869814,128.8638122263015,18915900
132.69427490234375,135.07151292084316,130.93602957942716,133.41193192091282,20709100
130.35293579101562,134.90107666430532,129.29440222770756,134.0398854480491,17536800
131.5191192626953,131.65367396618265,127.53613578143928,129.34821668802778,14117000
133.30429077148438,133.47472216848456,129.77880692944967,130.64896385719052,13985700
135.59182739257812,135.87889573278292,133.03519171746692,133.38504770198412,14584900
134.50636291503906,135.40343081369807,132.82885032476105,135.00871874818094,12441100
133.39402770996094,136.04037594623622,133.0262264928322,134.5602190123695,12474900
136.85667419433594,137.69992019541172,133.45679293673572,133.7528269810391,16654400
137.31417846679688,137.80755481973785,135.3226868013496,137.49358929406347,12572300
139.89773559570312,142.16731627675307,138.866112990924,139.04552383242864,20411400
140.4808349609375,141.2253892529799,139.78112311219272,140.47185552174238,9131100
139.89773559570312,142.66070635701823,139.24287986453473,140.53465982443993,16455600
138.0767059326172,141.9071901534685,137.22449406398565,139.59275305387123,16830000
136.7938690185547,137.86136816557251,134.8472336024617,137.00915652268097,17026500
138.79434204101562,139.88876593825424,138.01389737377,138.60595176538595,9500000
139.0455322265625,140.03231244666443,137.91523153749446,137.91523153749446,9076500
135.8429718017578,137.90623050093004,135.16120519438138,137.25137483278107,11367500
136.4799041748047,138.27403990140297,135.5738705606135,136.47093842391266,11733300
136.23770141601562,137.46669378146026,134.9279899106364,135.09843500652676,11333500
133.38504028320312,137.52052422308435,132.73915024183813,137.35904486865755,11799000
129.6711883544922,130.0659004835234,125.39216995665416,128.22690825772185,25655100
132.7391357421875,134.6768056546227,129.99411021032242,130.29911000538084,18367700
127.20423889160156,130.12867550026303,126.37893801470638,128.77410781451724,31315300
122.4049072265625,126.02008962110743,119.83032683874998,125.62537757109381,36840400
124.943603515625,125.62537012366921,122.54843410485577,123.1584336455003,19405600
124.05552673339844,126.46864182475801,122.95213693465882,125.44598486023004,16640800
120.56591796875,121.48093104186084,118.77178220321402,121.05034229081969,21016000
115.91014862060547,119.0319410594169,115.6769022077085,118.56546192179273,27560100
115.09382629394531,118.22458483056577,114.16984051168656,116.29589411997249,19207800
119.70475769042969,121.31948284938129,118.80768967858674,119.22033329865842,17536200
118.28736877441406,119.71370338915295,116.90589029038762,118.28736877441406,15604200
115.62309265136719,120.27887770827775,115.20146960113092,118.85254288973613,20061800
116.77133178710938,119.23826861534666,115.92808573571372,116.13442121683083,15786900
118.84355163574219,119.80342085968103,117.63251818286528,118.23355203367143,15096600
124.1541748046875,124.2349213075882,120.59281463657466,120.98752664838082,20354900
125.72406768798828,125.75995807135548,121.92947409305869,122.77272015596984,17050500
125.67926788330078,126.35206907392194,124.20807649400288,125.76000074101326,23656500
125.27554321289062,126.27128926019448,124.45024227907948,125.90350177589993,12676100
127.93980407714844,129.11496069421545,127.13244853985348,127.62583856294182,13548600
125.39215850830078,127.01584932779477,124.87185744827899,126.46863732399346,12093200
126.20848846435547,126.22643365552976,124.79111950133071,125.85863252139285,10017600
127.31189727783203,128.44219810431576,126.3071854320687,126.56732914635661,8383500
126.36996459960938,126.45967687475002,123.70567154835436,125.58951982093696,10818100
126.64802551269531,128.81894163563788,125.80479327823062,128.59467468549798,11316500
126.07393646240234,127.49130560979737,125.50879290451562,127.29394954571882,8771000
122.2883071899414,125.90348986467261,122.23447161590136,125.43701070685138,17353900
121.38225555419922,123.26610362249832,120.02768795076085,123.25712418305515,15721300
121.92049407958984,122.84447286473839,119.21134535543628,120.31473497192229,17416400
120.50164031982422,122.36329542469122,120.20341200841894,121.16136376155222,12110300
118.82980346679688,119.79677389446677,118.35083435773585,118.9111347216262,12914700
118.46829986572266,119.21838689415645,116.33552644440243,118.34177999283213,12994200
120.63720703125,121.0077205817517,118.8297727355427,118.99243520313428,13126900
120.19439697265625,121.91145427069885,119.80580516537665,120.19439697265625,10466400
118.87496948242188,121.62227784070798,118.11585024775015,119.41720538697705,12989900
115.043212890625,116.80545883465285,113.87741676810822,114.71787411714051,30838000
113.9768295288086,115.94693353883649,112.98273497274542,114.32023962420212,18835200
116.0915298461914,116.79642823350373,113.45267010329815,113.57015086957827,11834400
118.49540710449219,118.67616159488745,115.88366467800672,116.08248358573627,15015400
118.91111755371094,120.65528522929962,118.69422044918124,119.7606139760803,13430200
117.98934173583984,120.02270588925519,117.44711956870901,119.48951593187158,12174200
114.60039520263672,117.95319264604935,114.49195353307734,117.73629551729815,14318800
114.56424713134766,114.88055372440961,111.25664516641041,113.87742689939034,17149000
111.17528533935547,114.23889294729602,111.03973327712289,112.63930966480197,17209500
109.72935485839844,111.66330936313132,109.54861415311751,110.55174092550332,17215200
111.46448516845703,111.74464221162738,109.47630992531687,110.98551611682517,13015600
107.86770629882812,111.7085051378511,107.45199713421772,111.2024256148152,14874800
108.85276794433594,109.08773642019474,106.83748182065943,108.33764925541057,18545000
111.1843490600586,112.21458633002966,109.15098493856574,109.82877297906336,15720900
114.86247253417969,115.13359049410413,110.92226438022381,110.97649210909837,17128500
111.9886474609375,113.95875147359433,110.39810995874578,113.19059313864258,15055400
111.80789184570312,112.32301036819086,109.51244935581293,111.88019087565597,14417900
110.12699127197266,111.45545681268602,108.89793518633415,110.35292059808538,14312300
107.44294738769531,111.8621243567012,106.24100174472149,111.25663543092608,16382400
106.7651596069336,111.05781671505078,106.584418907676,107.81347496811165,14630300
106.67478942871094,106.92782916600444,104.26186592618477,105.73492262246667,16318800
107.62368774414062,108.67200310019037,106.602489698181,107.91288389324319,10443200
106.87361907958984,107.95807717553483,105.94279128318739,107.12665884232258,10269000
110.41617584228516,111.13011330984578,109.17808070565741,109.38593871056871,11160200
108.52740478515625,110.22639768329066,108.02132531497953,109.62090876078413,12664900
106.91880798339844,108.12979293675538,106.30427984919123,106.81036630341985,12765800
106.04218292236328,108.14784585136711,103.94555909675869,107.95806604887714,13150100
112.60316467285156,114.38348870637573,108.8527368162398,108.86177591902336,24376700
114.1937255859375,115.21492371545938,111.25664418073296,112.3862908750424,19324900
114.98898315429688,115.54929034212526,113.11828868688272,114.12141540511509,12780400
116.97718048095703,117.65496851947651,115.86561195888231,116.01019626031209,15990900
118.63097381591797,118.63097381591797,116.70605155449836,117.62784706146951,11177800
119.49854278564453,120.32996110302054,117.22118496442737,117.64591943764148,17015000
117.40190887451172,120.0769041580333,116.28129454298582,120.0769041580333,10768000
119.29069519042969,119.29972740003987,116.2813146342788,117.39288316018329,8374800
117.62784576416016,119.08283115250005,117.47421547963128,118.57675167649165,8596000
117.23922729492188,119.6431183318285,116.99523358195292,118.4682832259273,11323500
117.54652404785156,117.77245338864657,116.23612283953442,116.42590955324057,6722200
115.67581939697266,116.98620678065254,114.68173170299315,116.5795367360115,8422100
113.24481964111328,115.76619878581485,113.20867011950584,115.1064820824074,13560100
108.03941345214844,111.51872391904678,107.83155542504012,110.78670816689691,12945200
104.82218170166016,106.59346701894229,103.98172422457466,105.60841833984232,16805600
103.07798767089844,106.02410784622846,102.31886848788942,104.42453134213635,13357900
104.29801940917969,105.68973801718992,102.2736876442601,104.4877992193629,14083500
102.50865936279297,103.25874641860864,101.09886250208206,102.89725809937562,16724900
102.14718627929688,103.5931328770825,101.3609564796226,102.60808412743447,30919900
104.67759704589844,105.76205526068478,103.96365941148419,104.71374657236694,11680500
104.09015655517578,105.01194514678221,103.37621907681064,103.8190386133303,9842700
102.95148468017578,104.09017053612834,100.74641890993237,103.93654023269491,11851500
106.02410888671875,106.47596751765342,101.96642031147374,102.3279085951846,14841100
105.17462921142578,107.09051259397519,104.50588026164075,106.69287472905708,11280500
104.66854095458984,107.80444119495111,104.46972203868671,106.34041663724126,11590900
104.19861602783203,105.57226340322173,103.68349740020885,104.8312154319951,9338400
101.76760864257812,103.09607421510097,100.24936325895432,102.27368813884739,15172600
103.06895446777344,103.40332543547426,100.45721218339673,101.80374894682188,10573600
102.67693328857422,102.7589839701268,99.65005192762612,100.99026175029019,12514200
102.0113754272461,103.01425645258415,101.00849440190805,101.86550523822852,10656200
104.59152221679688,104.7556305302339,103.3880635701938,103.47923330970208,10347400
104.26331329345703,105.43942180068538,103.57952976291537,104.99268517502378,8807800
102.8957290649414,104.14477594309285,102.31223443936231,103.52481203393948,7939500
102.99603271484375,105.01091397132377,102.34871848857415,102.64046584345348,11250900
102.02959442138672,102.54926947973827,100.63467056978683,101.88371730391073,12979900
98.4648208618164,98.67451752235421,96.69609870566313,98.45570180114818,26204800
102.97777557373047,103.82566725409747,98.16394162937758,99.52239630334259,18863900
101.92021179199219,105.61263855488106,101.46435612083512,104.63710769683716,13977900
104.44564819335938,104.7921029519822,102.72251432862689,103.14190070755488,11862300
104.42739868164062,104.60973813407874,103.46098706327098,104.02624353931168,11667500
105.13854217529297,105.33000070510592,103.3607080014549,104.33623877096178,11595900
104.62797546386719,105.98642315495934,103.63420667490144,105.06559292874054,7645500
105.04737854003906,106.17789861992284,104.63710427592753,105.6126351020783,9394000
103.40629577636719,105.37559555742885,103.05072891964305,104.46388424156075,10675100
105.06561279296875,105.52146846261728,103.29689752468018,103.94421174088444,9337400
104.6735610961914,105.74026849118914,103.50657186810258,105.07471625177361,10384800
105.17500305175781,106.21435324810757,104.65532795358294,105.38469272944357,12944500
104.12654876708984,104.94709034423819,103.08719842130371,104.39094588393793,14740400
102.50369262695312,104.29976484125143,102.35781549313182,103.86214039559214,14942900
103.57952117919922,104.02625776783941,101.84726832088568,103.43364403265252,14394500
102.43988037109375,103.315122368562,101.21818363417832,102.88661695238581,18033900
105.53970336914062,105.9317395113263,102.15725523809935,102.59487277237781,14174600
104.25418853759766,106.39670875843993,104.0991992818673,105.98644144484655,10332500
105.1932601928711,105.74940471055196,104.27243667510302,104.61888450750828,10233800
107.93751525878906,108.83099551757799,107.1260926454286,107.54547906704589,12847300
109.53300476074219,110.49941659877844,108.77628264509207,109.31419597692009,11684900
111.34730529785156,111.4567131645571,108.89480648250156,110.01620755405946,9906700
111.6481704711914,111.885217368511,109.95238681306967,110.44471177405394,8456200
112.7148666381836,113.27101109319032,111.11025974237243,111.49317682279519,9555000
111.76667785644531,112.28635994213667,110.94614330300683,111.50228771728254,8149300
110.90056610107422,111.65728817761779,109.90680408589245,111.44759151026271,9531800
108.15629577636719,110.30793473746677,107.68220901895063,109.9706060494718,13464500
106.36935424804688,106.81609778712179,105.30265371101682,106.44229282044341,8967600
105.32087707519531,106.93460982986656,105.19323806085804,106.38758448902047,7607000
105.57616424560547,106.13230865779181,104.34534850846225,105.11118956614703,9771300
108.08338165283203,108.25660207670461,105.4667676147196,105.90439211650425,10758900
104.5459213256836,109.39622461711923,104.48210182010435,108.91301879547576,11276200
104.29063415527344,104.71913949334864,103.44274253792148,103.93506737597782,8117300
104.30889129638672,105.37559182881495,103.3515916662762,104.84679761492905,10745400
103.68893432617188,104.87415490117446,103.333360502285,104.37271783491376,10738300
104.40005493164062,104.5094558275641,102.02960712396792,103.28776611772071,9979800
103.6706771850586,107.08047504214612,103.19659043319253,105.6399766677429,10666600
103.69803619384766,104.61886650900324,102.17548006742352,104.23594945130463,9751900
105.66735076904297,105.85880932493605,102.80457758049839,103.14190634077416,10647900
108.12894439697266,108.30217174677391,104.50944990479532,105.10206356208,11435000
108.64863586425781,109.45094627409702,108.19278020623292,108.62128563770517,9299700
109.93415069580078,110.81851177352989,109.2138979310091,109.97061998265413,8614600
106.11408233642578,108.42071091435533,105.55793786240258,107.64575766629521,12904600
105.86790466308594,107.43604204888304,104.73737779237537,106.39669186076198,9345700
107.46340942382812,108.84008842726139,105.53969809616963,105.86791470838278,10821400
106.74317169189453,107.03491905977778,105.18414604266165,107.02579999821101,14844100
107.72779846191406,108.24747356638485,105.31176239678322,105.758498936043,8201300
105.60352325439453,107.29930685625395,104.51858456400993,107.04402880105883,9619000
102.55839538574219,106.3055291366251,102.49457587720812,106.25082868811154,12606300
101.39141082763672,103.57040023496134,101.26377180463231,103.3698226400101,11684500
99.5041732788086,100.59822408455982,97.69898875373855,100.33383392188415,18138600
97.36164093017578,99.93266626360436,96.6960886864614,98.46481065934786,15753600
96.504638671875,98.61980858680523,95.41058790600958,98.23689151433285,12793600
98.45569610595703,99.1303674402746,96.31317605600384,96.59580431812306,12762600
96.78726196289062,97.80837403019432,95.18264834252217,97.50750767216194,12713900
95.2738265991211,98.11836823229466,95.1826568643499,96.69609393780543,15973400
98.21865844726562,98.7930340448525,95.23735869093113,96.29494710582061,12248100
102.81367492675781,103.01425251532025,100.16059879789464,100.84438223755487,16013600
101.54426574707031,102.05938977299623,100.10927337882613,100.9555505694297,10943500
99.47455596923828,101.36028876432013,99.29058511910067,100.68878182704552,11521400
97.48764038085938,99.0790085258361,96.83452774642812,98.90423131228088,11681100
96.57697296142578,98.71106718331806,96.14463372809632,98.17754889137375,8931700
93.78976440429688,96.16302613507425,93.68857833699754,96.00665021944351,12739700
95.30755615234375,96.3378111859489,93.16426130589896,93.64259675715924,13181000
100.60598754882812,101.09351657188562,93.60578998619681,93.80816211305934,22398700
102.28016662597656,106.00562932530556,101.84782736783814,102.98846218515489,33387100
106.57594299316406,107.63379295362031,105.15934495313265,106.16200506074296,22276300
109.31715393066406,110.51298562116061,107.58780391825927,110.07145273282006,21539700
107.17384338378906,109.30793727602675,106.40115046489,108.53524435712768,17072000
106.82431030273438,109.19757235991656,106.38277741928198,107.77178061030486,12207400
112.43550872802734,112.58268401100781,107.00828419362908,107.12786454967811,20593300
112.573486328125,113.23579266407968,111.60762876988987,112.28832938493728,12624200
112.86783599853516,113.39216064136113,111.2028766449723,112.08594935825614,11289100
114.16486358642578,115.16751673776746,113.03342240711233,113.14380913764298,11667000
114.61559295654297,116.08738088661299,114.2568448679021,115.16751255306443,10727600
115.97700500488281,116.16097587044742,114.10967334905133,115.25030815523692,11859500
115.79300689697266,117.21880541920488,115.52624427586944,115.6274303396685,13295200
117.8811264038086,118.00071378386194,116.20697326344913,116.70370302711085,13386900
116.79568481445312,119.91403794060878,116.49212657646382,117.42119556938326,16546100
117.00724792480469,117.90871495160084,115.82062396353767,116.18856567845296,12474400
120.20838928222656,120.34637795642053,118.16629445771177,119.11375773565304,14953200
120.84309387207031,121.68937102228881,120.02441164791836,120.50274709319883,12011200
120.91667175292969,121.47779191484196,119.71164665998892,120.72350729165854,9884100
119.34371948242188,120.89828513458521,118.8653840315612,120.79711309521187,9494000
124.25581359863281,124.4121895277581,121.91014658960025,122.00213903547468,16351600
124.45818328857422,125.25846421475916,123.05997954818707,124.35699721454469,10704700
123.1795883178711,124.85374160911512,123.1795883178711,123.9982706823095,11085600
122.28730010986328,124.8353393572774,121.0546798954175,123.88786204811832,14038300
122.4528579711914,122.85760225034396,121.45020493897532,122.3424782718137,7893400
121.9193344116211,122.24129392076719,120.76030544363178,121.42261172136165,8820200
123.11515808105469,123.87865038106855,121.68016591662382,123.7866719815467,9468500
122.38849639892578,123.7774926636639,122.11253306500956,123.02320785610965,7800500
124.21902465820312,124.4306044997528,122.97721071887543,123.26236768191932,9185700
125.54364013671875,125.56204143552921,124.05345776287514,124.12704892203857,7316200
125.7828140258789,126.15075578302252,125.15729619544081,125.54363925126508,3220500
123.58432006835938,125.75520996446024,123.43713776175792,125.16649477413172,9906900
125.61720275878906,125.6907939012344,123.639491686343,123.86945874295651,7925300
127.1073989868164,127.1073989868164,122.51726500736811,125.18487754751828,14761200
125.32286071777344,127.54894029231674,124.57775561354933,127.10739340772257,8858500
124.32941436767578,124.50419160671407,122.65524716854871,123.71310423364656,8931900
120.84309387207031,123.78668365587976,120.13480538826083,123.48312543307155,10154500
121.04546356201172,124.28340383678933,119.46328899797697,122.70122927275459,13966700
120.96267700195312,122.41607054683801,119.88643281485801,120.78789978560783,11739400
122.23208618164062,122.32406457643954,120.89826611435073,121.72615588398664,8907300
121.5698013305664,123.04158223049309,121.42261902975072,121.60658988773196,7957800
123.45553588867188,123.86026616731614,121.05467896369105,121.79056240564566,8841600
123.3359603881836,126.10475930072793,122.41609196109637,125.92078842252614,10025400
122.71965026855469,124.8353504587983,122.12172736909545,123.05999709514892,9966100
119.67487335205078,121.49620868498153,118.7090088144396,120.64072385358537,12087800
118.92977905273438,119.490899337199,118.13869166867077,118.80099803840206,21133700
119.63806915283203,120.80630582686874,118.74579577670399,119.26091978022608,9017200
120.21757507324219,121.4685963634736,119.76683461061833,120.47513704157737,8549900
121.5698013305664,122.32408605911253,121.21105324487613,121.58818859111081,8051700
120.19000244140625,120.77871762622489,118.12029864595483,120.59474676273354,8648200
120.76032257080078,120.90750488363216,119.25173895447388,120.11641749726087,5091900
121.18345642089844,121.62498928035671,120.08881088434272,121.02708049225855,5411000
121.84576416015625,122.71963625921501,120.51194386382389,121.28464392205296,8827700
122.54486846923828,122.59086469611543,121.70778486273859,122.27809877499747,6585200
123.3543472290039,123.56591301233534,121.82736245035154,122.16770923693821,9292500
124.29261016845703,125.78280647845155,123.16117599885622,124.40300391783875,11054800
125.45164489746094,126.64746247434609,124.70655381042198,125.09289681718009,11687600
125.4238510131836,125.7574502808693,123.894848478059,125.71111429984926,8381300
127.82391357421875,128.23164761109936,124.62692862468788,126.14665558230656,10029100
127.29572296142578,128.69499348356615,126.84166702966577,128.4355289112008,8482300
128.4354705810547,128.54666559306568,127.24006764292724,127.68486183072355,9048700
129.3899688720703,129.50116391564796,127.97217550743012,128.71349465095616,8703700
129.26023864746094,130.5297625475241,129.01003565570718,129.73283172987885,11001700
132.52206420898438,132.96687260835924,124.91416926068361,125.65550245322048,20200000
130.47415161132812,131.1598731733884,129.01928393227195,130.81701239235827,14292900
126.55437469482422,130.4092820894624,126.40610521894243,128.73202429534666,13392600
124.86786651611328,125.93352354290775,123.79293380785,125.39607132853446,13303400
125.17366790771484,125.5536032167624,123.7558743298139,125.24780266116986,13092500
127.20303344726562,127.84243317700324,124.93271193453094,125.21069952158626,10487100
128.29647827148438,130.00153464842344,125.0994940297851,126.41535367762422,6945000
128.9173583984375,128.9173583984375,127.18450302762814,127.92583629217025,8967000
129.7142791748047,129.78841390951436,128.2130896812595,129.19535017159177,7487600
130.0293731689453,130.90042460682147,129.50116841409078,130.2980992468447,7489900
128.92665100097656,129.81623972338787,128.72278397297444,129.01930883385893,6729300
129.6957550048828,129.79768849678175,128.11115511077284,129.6216202707968,9188700
129.35287475585938,130.54827785151784,127.99067912020439,128.0740895299568,8841800
128.7505645751953,130.1590963500424,127.87949905837876,129.7328251316886,11822100
130.7428741455078,131.89194131072503,127.99995969141533,128.04628152779324,11501200
131.51202392578125,131.80856290141585,129.76063125273973,129.94596104263303,8406200
133.1151580810547,133.7545579276728,130.82629893086755,131.01164287579172,10447900
132.17922973632812,133.47655247654606,131.84563044030673,132.18849127741632,6958000
130.12203979492188,132.82789453708943,129.6123722267593,132.6240275098244,6443100
130.69654846191406,130.91895268101243,128.4262268501719,129.52895812609816,6582900
132.11434936523438,132.26260469752583,130.41855439555908,130.9374834079669,7134600
132.6981201171875,133.2633850333121,131.21546800947365,132.0494589363281,9249400
133.25413513183594,133.3375314038536,130.9374777552037,131.2247410075454,6728300
131.41934204101562,132.87419547207415,131.28959565811144,132.4294012298099,8165300
131.80853271484375,132.35526041873317,129.79767596852335,130.64092844038112,7948800
129.3899688720703,130.97455480207697,128.5745008464841,130.372229463023,9996300
128.39842224121094,129.2046145216142,127.36056421220857,128.73202148478387,11107500
129.42703247070312,129.89036401708915,127.82390927933932,128.55596690113632,8068000
130.59458923339844,130.9930616133091,128.7412635253096,128.90807019170916,9126900
131.7344207763672,132.80007761336196,131.32668677759347,131.68808479655095,10014700
132.837158203125,133.21707931979367,131.49348542502423,132.45722294669986,11019800
132.0957794189453,132.93904592506237,131.40078234814035,131.67878400441268,7139200
130.72438049316406,131.98462883322537,129.3065728310793,131.80857470789886,11106800
133.12440490722656,133.19853964117584,130.7336127614423,131.13207104919564,9513100
132.3460235595703,133.4765394717512,132.1977540780608,132.92055012572462,9261300
128.4540252685547,131.87341412691322,127.70343047325758,131.59541238871836,11747600
127.69414520263672,128.42620264207423,126.85087860473483,127.87947494707315,10002500
120.7812728881836,127.2771906896225,119.7434146736431,126.73044867897349,25888100
123.8485336303711,125.34046197935763,118.44609243379001,119.50249500830982,37599700
121.62451934814453,124.0616475748519,119.91946281330038,121.58745904945458,42901100
124.74736022949219,125.59062689688803,121.66157094817605,125.35896116231253,29648100
118.85379028320312,121.38359043240389,117.43600410626735,121.37431475303909,34280600
121.16119384765625,122.27318668025714,116.77807450823371,118.62213199908345,24558500
116.58348083496094,119.05766958306614,116.249881557702,118.96501175812325,38396000
117.8159408569336,119.97506748303013,116.7688141445197,117.67693998398852,22875500
120.97586059570312,122.0693161768008,120.64226134151549,121.01292089516592,17807800
117.85298919677734,121.07777923487544,117.76032431973685,120.98510728795802,17250200
117.5379409790039,120.03066691183282,116.77807754068986,118.52020864551586,16677600
115.74948120117188,116.46300861569885,114.08148493751717,116.41667263675598,22311100
119.06694793701172,119.89167753823259,117.02828485577623,117.49161641016451,18853900
119.42835235595703,119.85460949047336,118.3719498512991,119.27082131583076,10820500
119.66928100585938,120.67007892453806,118.39974991994964,120.55888386904859,14595300
119.30786895751953,120.57739282481155,118.28854100564449,120.41986180140537,12134700
120.75344848632812,120.781247244047,119.40052847816081,120.15112321607968,13105200
120.61445617675781,121.80058365315669,119.91945894575434,120.38279043309,11775400
119.00205993652344,121.01291693578341,118.06613540333719,120.92952065990403,11579900
119.17951202392578,119.68383093333486,118.105484753136,118.42302653444963,9614700
119.04875183105469,119.61845302022154,118.47905064188782,118.60980103362823,8760200
119.44102478027344,119.7585594679973,117.8813540192135,118.18021312986788,9477300
120.02938842773438,120.42163960796621,119.11412854849803,119.82392148798569,10516300
120.0107192993164,121.8132080873547,119.5997853733505,120.64578863891776,11821000
120.46834564208984,120.51503101665217,118.45104153577316,119.9733609656406,12450200
129.56491088867188,129.92914528442344,125.98793502745556,126.2214189798791,43931300
130.59219360351562,130.80699476339154,128.56555541938278,130.70426129549892,16050500
132.0584716796875,132.4133717236845,129.84504914380517,131.0031342737207,13760100
131.89041137695312,132.15191225407602,131.12457720057253,131.89974560444716,9158100
131.50746154785156,132.0864970243593,130.6015429309586,130.6669252593258,10586200
131.2552947998047,131.78764489908252,129.61157337617786,130.5081577667996,11842500
131.43275451660156,131.77832038308873,130.78833666503863,131.1806021622107,7567500
128.57489013671875,130.71361027176334,128.53753898948895,130.37739294379983,10629300
126.29609680175781,128.70565216150288,125.14736009851921,128.52820213199345,14416100
127.99584197998047,128.79902694732172,126.69767241946961,127.01520701683833,9041100
129.10726928710938,129.18198584913924,126.70704782810371,127.53824998593628,9887300
131.87168884277344,133.8983271537462,131.52613727038226,132.86165818584794,20415800
129.74232482910156,133.0017650271843,129.28469127957604,132.0584810017057,14113400
126.99652862548828,129.5088170707474,126.79106170240756,129.29401592415317,12930900
125.25942993164062,126.753732494345,123.10204111664615,126.0439466149594,17089200
127.70635986328125,128.77104588383023,126.9311916004048,127.4261763314049,11261400
128.01455688476562,128.85509320709122,127.46352406161003,128.40680811856598,7484900
127.39818572998047,127.90250479099372,126.27746562160594,126.94988628604717,7343600
127.4635238647461,128.9391437900356,125.95988701213741,128.83641030628993,8133400
127.06195831298828,127.77174433415396,125.98792367815392,126.08132295100151,7057300
125.24076080322266,127.93983392631426,124.33484219523142,127.7810665956295,9988600
126.29609680175781,126.70703071204808,125.11000894791336,125.39952667996555,7639500
125.44619750976562,126.95916814968695,125.1099802285918,126.51088319169578,6477200
129.30335998535156,129.43411037810316,126.51090211500139,126.92182174170358,12711500
130.2839813232422,130.498782463537,128.65892868400402,129.13524483295998,10999600
129.98512268066406,131.2085900304391,129.0045019071009,130.55482384709921,13492200
128.91111755371094,132.28262532133834,128.56556597457688,131.68490716381527,11402500
127.56624603271484,129.8450509240399,127.44484410867604,128.4534819041472,9514900
126.3988265991211,127.34211057047519,126.15600850043995,126.454860448761,8578000
126.70704650878906,127.2674135928148,125.68906008184496,125.91320976560064,8472500
127.89311981201172,128.5095206147694,126.6696666812411,127.1179516965541,8579900
128.3787841796875,128.62160228714237,127.0339147368369,127.76238330992678,7399900
126.7444076538086,127.79974520053621,125.52094003650785,127.69701171360947,14219900
128.49082946777344,129.0978817558729,126.50154257636122,127.50086025913237,12248100
131.18994140625,132.13321127897007,130.13458956545355,130.34005654774538,12922500
129.9010772705078,130.8536954120118,129.00450722615906,130.8536954120118,8511900
130.1345672607422,130.8443673509023,129.07922985155474,129.51816641951615,9329500
131.3953857421875,131.93707003389363,129.65826516903496,130.33069985868914,9281400
131.43275451660156,131.5821876345027,130.26533500311115,131.37672066007025,7368100
131.69422912597656,132.43204609200288,130.94709218668604,131.07784257613426,7249100
131.6849365234375,131.98380279419482,130.52685110034514,131.75031886418873,7596600
132.63751220703125,133.43134876280965,130.8817090589414,131.19924368125277,7701600
132.1425323486328,134.12247094836258,131.40471536050583,133.5527697521183,9068700
133.63682556152344,133.92634328269568,130.7789852482786,131.30198684145745,9343100
133.79559326171875,134.45869373040634,133.0858074190779,133.59947478908592,13813500
133.11383056640625,133.55278140759413,131.72226149001006,133.1885471192388,8428600
132.91770935058594,134.50539687612533,132.3293254158356,133.45937940871084,9926500
130.3587188720703,133.17920807383072,129.7703349465135,132.90835879827526,10075200
129.67694091796875,129.98512707104325,128.52819007179585,129.3874089623591,9919500
129.9944610595703,130.7602806209539,128.59355806244997,129.6955949131713,8429700
130.00381469726562,130.60153282860406,129.38741386630664,129.8170304532332,8154000
129.43411254882812,130.01316222705987,128.8457428969404,129.96646260371023,7558600
133.95437622070312,134.075792408893,130.61089931451409,130.8163662865002,15423200
135.83160400390625,136.3546056908232,134.1691996773229,135.04710147353083,14212800
136.92428588867188,137.73680522331213,136.35458465672096,136.53203468399295,8021600
136.0121612548828,136.75503110193193,135.74886452312396,136.2942689956518,8934900
134.66741943359375,134.83667540753444,133.0029972802243,134.48875078426266,9709500
135.73001098632812,137.14053489962302,134.46994640077992,135.32566768517407,8981500
136.49171447753906,137.28161890628877,135.88049308545027,135.88049308545027,9100100
138.62632751464844,139.0024759399404,137.01833783588555,137.61074828925305,11260900
139.31275939941406,140.93016153305126,138.23136331698382,138.654517681909,11323200
139.9898223876953,140.4599971273314,138.9366355624607,139.82996469805036,11234900
140.83615112304688,143.7700370233772,139.5572752064884,142.5099721147579,27028400
144.23080444335938,144.57872915123014,141.38154673382755,141.38154673382755,17262400
144.49411010742188,145.18995956633063,143.70421995745224,144.23081339076532,13491700
145.04888916015625,145.95163086150293,143.13998110224063,143.63836511645943,12510000
146.83555603027344,147.24931207038827,145.1993572243928,145.3121945631174,9935900
145.70713806152344,146.82615615405976,145.4626523806658,146.50644079864747,10636400
148.5751953125,149.31806497568195,145.5002489615279,145.72593796800209,14381400
147.4656219482422,148.31193079594107,146.65692076881191,147.9169857104419,9944700
148.3495330810547,148.81030950504785,146.95781982809268,147.36217757743256,8728600
146.7133331298828,149.30869258655179,146.27136771662688,148.35894475625432,10778400
147.5502166748047,148.1990600076675,147.10825134223415,147.8981413350271,9103800
148.53758239746094,149.87287668752785,147.77588740827963,147.8040967395169,8892700
147.80413818359375,148.57523171653716,146.83557927662042,148.0392255755503,6853900
146.1302947998047,146.40300416806969,144.75739267551066,146.28075415135822,8299400
147.0236358642578,147.5596275662202,145.14293704590386,145.75415842243157,6084000
146.7133331298828,148.38715409339025,146.41241440230658,147.07065618313624,6209400
147.4091796875,148.29311049668297,147.25873467525594,147.25873467525594,7251800
146.58164978027344,146.6756760987481,143.48789262605476,145.11470720502925,8623400
144.61636352539062,146.24317871899208,144.31545910455927,146.0551116623979,6277800
144.4000701904297,146.1679318819675,143.95810476754525,145.1711636851966,5995100
145.2369842529297,145.30281560835894,143.5255555435083,143.90168962180442,5180700
145.5378875732422,145.6789342505091,143.79823536111664,144.44707877373204,5044300
141.83291625976562,144.1273713266908,141.268700822504,143.73242626004551,10300300
141.23109436035156,141.95516749633964,140.7515069300112,141.61664110081486,6978200
139.76412963867188,142.23723869259535,139.54783895539543,141.87991569368114,9953900
140.08384704589844,140.5822310649973,138.64511365512735,138.84257898796662,8517500
140.5634307861328,141.14645719810247,139.19052863393927,140.72328846968446,8327000
137.64834594726562,140.71387974078053,137.14996192697072,140.35654238713786,9673300
138.5792999267578,138.78617796270962,136.7832433034955,137.62015377672074,7858000
138.4476318359375,140.49760089579777,138.22195717332013,138.70153017997455,6534000
138.27841186523438,139.75475327933296,137.14999521237885,138.49468825612092,6695500
138.75794982910156,139.7453195308282,138.35360648998457,138.76736250583897,5094100
139.88636779785156,139.97101014649476,138.40061406417527,138.89901243341095,6337000
139.3221893310547,140.2531261794638,138.41004914219266,139.7547420781592,6277300
137.60134887695312,139.50085895109873,137.25342414131575,139.4162165882018,10933900
138.06211853027344,139.24695371806996,137.00891734808206,137.3756530739663,7903500
136.5387420654297,139.36920319243367,136.36007336787995,138.38183336553914,7854700
136.31307983398438,136.85846995723358,135.5137769609057,136.06857976294606,8629200
135.1470184326172,136.60456288869358,134.8367014053034,135.53256513460647,8373700
135.25048828125,135.52318335910877,134.1408682625153,134.81792114038134,7107900
135.8428955078125,136.3976982708832,135.11882237294367,136.11559055028286,6854200
137.61073303222656,138.53228581057203,135.4573391369855,135.88049351350259,8363200
137.67657470703125,138.88961925718172,137.12177194179168,138.55109286085687,8325900
140.34716796875,140.95838942649576,138.7203672923135,139.0212716819653,10034900
139.93341064453125,140.79853048647297,139.46323588161104,140.0368496663175,19863400
140.22488403320312,140.2436950369441,138.93661007448483,139.32215673392037,6512400
140.0462188720703,140.78910287820727,138.42883122468425,140.58222487765715,7943400
139.4538116455078,141.28749001053504,139.30335230566138,140.7232746604071,7332000
138.36302185058594,139.9710257740391,137.88344878149712,138.77677791737364,8052400
137.037109375,138.7109301020789,136.52932702968312,138.50405209324057,7071700
137.7141571044922,137.77998844520116,135.12819643580607,136.67978144617302,7044700
136.2848663330078,137.1405879484126,135.62662445523367,135.97456357881177,7468400
137.08413696289062,137.37564298659942,135.88988918481877,136.52933425011622,6717800
138.7861785888672,139.9898247951475,137.30042466423484,137.55432304561114,8868100
136.3695068359375,139.886405255515,136.21904745205276,139.73596022022684,11917800
135.1940460205078,136.93368391413614,134.12204820895175,136.1908141533554,9170600
134.197265625,135.02476331799002,133.85873927604274,134.65802763566907,9431100
134.7991180419922,134.9119554000495,133.4638090115332,134.64865866551852,8128700
135.36746215820312,135.55693133960906,133.40658332997998,134.55279382335263,8576200
137.45150756835938,138.1903911218125,134.64752846347048,135.37694433963748,10270600
137.13888549804688,137.7356670989599,135.93582571105355,136.0873952575736,6964900
137.97250366210938,139.03347614529983,137.62201169643586,137.75463145002604,11288800
138.4461669921875,139.46924000004523,137.3757411371047,138.78719132814007,8698200
138.1240692138672,139.21345915158898,137.47992027355335,138.58824556518886,10484400
140.1986541748047,145.03929747482982,140.04708459311027,140.67229827674657,29427000
140.0565643310547,141.6385338699526,138.98612405353973,141.57221675866873,12663500
139.75341796875,141.43958969955224,139.052419542389,139.7913175888073,11482700
138.2188262939453,139.706061268437,137.7072825656575,138.86297533908285,9620300
137.63150024414062,139.27031928529968,137.24312305617732,137.81148732012107,11143600
135.4148406982422,137.48940409847202,134.6285897844194,136.94945735914212,13332900
