close,high,low,open,volume
22.883405685424805,22.936500651214086,22.363087172884953,22.363087172884953,3522600
23.042692184448242,23.09047664849715,22.71350942083743,22.984288725569993,3153400
22.809080123901367,23.19135586604076,22.718821698877527,22.963052522859325,4139400
22.394933700561523,22.729424740145333,22.29936483210901,22.67102131771714,4796800
22.67104148864746,22.809084407362676,22.51176057463246,22.543615542215438,4514600
22.904638290405273,22.984279707694903,22.56483869065157,22.803760917155074,3762800
22.75597381591797,22.878089156241572,22.62323948617077,22.830304716517976,2911000
22.957735061645508,23.095777900464462,22.580767952038283,22.755978273803468,2955300
23.06924057006836,23.079859565777454,22.671037345125985,22.825009744858292,2891700
22.798458099365234,23.281611197995034,22.766603141996583,23.260375234871283,3364600
23.2179012298584,23.36125462629095,22.931194436993298,22.96305142243372,3661200
23.175413131713867,23.345312899648054,23.053295774731488,23.23912503834794,3420400
23.016143798828125,23.393111028357218,22.963050849784345,23.17542669669183,3899300
22.724132537841797,23.260380734485008,22.65511007161349,22.941816907915808,4979200
22.26220703125,22.4267983668557,21.9755003274332,22.299372490037477,5548200
21.800302505493164,22.405571154280388,21.54014214354724,22.26752621925061,4431800
21.529504776000977,21.76842694017341,21.242798178994057,21.76842694017341,4074700
21.518901824951172,21.625089757648766,21.051678161667944,21.52421233553755,4934900
21.508277893066406,21.66225025887345,20.839297513723164,21.15785921334073,5166800
20.55259132385254,21.513588983389653,20.483570903136627,21.513588983389653,6907100
21.49234390258789,21.529509355435007,20.61098797367788,20.61098797367788,6487100
21.63039207458496,21.821527850598258,21.386159314286616,21.386159314286616,4520400
21.8746337890625,21.917107752151455,21.46581151432745,21.625092420302593,5194600
21.810909271240234,22.246277775355917,21.688791887438978,22.166636355549088,4682200
21.354305267333984,21.66224794062682,20.918936712611423,21.635701472727284,7814000
20.711868286132812,21.407397049672383,20.68532181966364,21.35430411673403,6692600
20.839296340942383,20.945484243294228,20.60037406699218,20.60037406699218,3870800
20.382694244384766,21.10476970814336,20.218104883775766,20.892393856908637,4239300
20.393312454223633,20.82868110966103,20.334908996114642,20.499500375752152,4003400
20.653465270996094,20.7649616367536,20.186239800923396,20.329593139196795,3632800
21.16316032409668,21.195015264692046,20.84990724759732,20.98264156771798,5009600
21.36492919921875,21.502972079431775,21.163172350877115,21.348999694503526,3619100
21.264049530029297,21.364928965780955,21.168480604246735,21.364928965780955,3726500
20.8976993560791,21.31714044773843,20.89238884712022,21.264045484978286,3374900
20.91893768310547,21.195023392507924,20.807439272169578,21.025123559629904,4724000
20.616304397583008,20.929555582796304,20.488878504565275,20.918938614963533,4781800
20.62161636352539,20.695947303100976,20.09598725095114,20.308363100052418,5224100
20.303049087524414,20.674703684215537,20.191550683151426,20.621610749078418,3466700
20.292423248291016,20.483560990875382,20.122523482741567,20.3879921195832,4505100
20.345523834228516,20.435784257965764,20.228716941874094,20.36145131032567,5098000
20.234033584594727,20.520740393450676,20.18624911645207,20.425171457165362,3584600
20.202173233032227,20.334907619616363,20.06943884644809,20.06943884644809,5080900
19.803972244262695,20.20217544766757,19.24117967968485,20.20217544766757,8254000
19.98979949951172,20.101295898543842,19.65530827704934,19.671235755377925,5528900
20.44109535217285,20.44109535217285,19.65530803362675,19.67123551175808,5699000
20.053503036499023,20.38799411882173,19.96855314539415,20.38799411882173,5061600
20.016338348388672,20.403922367907718,19.963243398571873,19.97386238853523,5157400
20.112289428710938,20.18158757712592,19.77646213011406,19.856421688551045,5072000
20.71464729309082,20.783945446241514,20.24022569869891,20.378819971544118,3756900
20.789291381835938,21.13578038491631,20.661356386303222,20.79995280091848,4982800
21.535572052001953,21.615529636031212,20.65602439347732,20.65602439347732,5259800
21.434288024902344,21.535570470743256,21.06647828507625,21.535570470743256,4336500
21.567550659179688,21.599534907507834,21.22106378618218,21.359658128689745,5882400
21.40229606628418,21.562213183275837,21.157087651210073,21.295683977137585,4963600
22.121936798095703,22.121936798095703,21.40230834214311,21.754127014702235,4842400
21.36498260498047,21.887379616363464,21.263700203032,21.770106112404818,3438500
21.375642776489258,21.455602356417547,21.17841172171115,21.322337745508122,4301900
21.226383209228516,21.444937050102247,21.151755366021323,21.359647795943136,3406900
21.476926803588867,21.716803528026595,21.055810113293383,21.055810113293383,3197300
21.269039154052734,21.444947436314667,21.11978136189363,21.242384597035507,2969700
21.32233238220215,21.578200126773847,20.86390191063183,21.13576278724031,4621700
21.311676025390625,21.503577387686796,21.247709582444088,21.322337438124475,5131800
21.16240882873535,21.450260715956194,21.16240882873535,21.402285401419388,6608800
20.346837997436523,21.08245915321836,20.293532971223865,21.061136329350735,12744900
20.597383499145508,20.62936774644551,20.288210575740706,20.522755622235977,6397400
20.746627807617188,21.098448233456086,20.68266138176285,20.831919086697656,5524300
20.911884307861328,21.002505308511942,20.762628581444748,20.842586134829304,3349500
20.99717140197754,21.49291590855905,20.90655244420459,21.35432161036026,5458500
21.21039581298828,21.295685082039398,21.02382413893757,21.18907298736136,3400700
21.466272354125977,21.631521269784606,21.380983050373192,21.402305884675737,4603900
21.83940315246582,21.855394253652687,21.322335857222132,21.322335857222132,3733700
21.626171112060547,21.85538630180471,21.38096482694771,21.85538630180471,4032300
21.269039154052734,21.722138154944776,20.99717812675175,21.722138154944776,5201600
22.676301956176758,22.69762477750962,21.722127052820912,21.722127052820912,8825500
22.303157806396484,22.75625651658725,22.22852997492562,22.654976178656206,4065800
22.548362731933594,22.77224824602616,22.068611544802273,22.367122852318,4428200
22.9215030670166,22.921503067016598,22.71361069013378,22.857536651080892,5135000
23.097423553466797,23.230688165614314,22.78824867722539,22.81490119296357,4517000
22.734941482543945,23.177378895378826,22.59634516036212,23.04411429591129,2913900
23.16139793395996,23.20404156706116,22.81490901027268,22.889536893292757,3623500
23.156063079833984,23.246684092296544,22.809576236424753,23.054782685629508,3680800
23.070764541625977,23.25200446042709,22.804235368886467,22.894856345015132,6415400
23.326644897460938,23.37995198086298,22.71895838087883,23.012140222489474,4313000
23.150726318359375,23.28932060670274,23.02812313120198,23.070766745516707,3991000
23.070764541625977,23.18803802833735,22.82555819073512,23.081425952550305,3950100
23.129411697387695,23.39594099011345,22.953503421586404,23.0068084667487,2849500
23.08676528930664,23.374615345378405,23.00680569772972,23.16139315693476,5565900
22.974817276000977,23.23068710912958,22.857545805394924,23.172050357098296,3204000
23.289321899414062,23.342628962086874,22.921512317526016,23.017462996880553,3395300
23.283994674682617,23.459902916482964,23.19870539883405,23.24134902002997,2532600
23.172056198120117,23.310650528665363,22.97482306730589,23.13474226168651,2718000
23.11873435974121,23.209355314254825,22.900180571562846,23.16137999326661,3128300
23.33197021484375,23.433250595306916,23.140068834213118,23.182714489222924,3052600
23.08143424987793,23.577178852060477,23.08143424987793,23.331972413022662,2953700
22.91084098815918,23.1240650796445,22.76691503142494,23.086751168652913,4236600
22.9215030670166,22.974808074720404,22.591007545650466,22.910841658784697,3670600
23.08143424987793,23.15606211971927,22.873541745760786,22.921517095438354,3397900
23.310646057128906,23.47056318737659,22.92151362792543,22.92151362792543,3616500
23.22002410888672,23.3479569832467,23.10808030200127,23.252006310748527,2387400
23.550521850585938,23.58783577840633,23.081429857828326,23.188041951653677,4224300
23.214689254760742,23.619814713650086,23.134731727435604,23.57183938387256,4290600
23.315977096557617,23.571844904140487,23.19870358886925,23.268001755544795,3555100
23.561182022094727,23.77440416505618,23.385271771531485,23.438578832364186,4278600
23.50787353515625,23.875685115491017,23.321303917201174,23.838371191900002,3839800
23.577177047729492,23.710441671806727,23.427921319469164,23.582508771428383,2805100
23.918338775634766,24.04627373415804,23.45457836372013,23.56119049024666,2917500
23.731765747070312,23.907674002700766,23.571848596463475,23.758418266595303,4085900
23.614484786987305,23.790395020696735,23.470558786713113,23.731758276126925,5096800
23.465234756469727,23.694450067723178,23.353292962636203,23.54519230915507,2207100
23.657133102416992,23.71043813070418,23.38527217116547,23.465231747052737,2414900
23.76947784423828,23.769477844238278,23.53943321995992,23.571533181771052,3191500
23.860429763793945,23.91392971155636,23.51803826137185,23.801582882476797,2548500
23.935314178466797,24.04230992302027,23.79086747434399,23.806916427864408,2859000
24.341930389404297,24.341930389404297,23.849742886396687,23.860440840100956,4405500
24.01021957397461,24.299111032345163,23.946019658057907,24.299111032345163,5110500
24.053022384643555,24.23491810189243,23.785528802854866,23.785528802854866,3318200
23.865774154663086,24.22421452151608,23.790876289399105,23.95672097939399,2680300
23.76947784423828,24.015571429015253,23.63038005053728,23.91392461116752,5135800
23.630373001098633,23.780170737382186,23.42707942604993,23.71062186127958,3003900
23.507341384887695,23.603639262798392,23.352196617866774,23.544790332873568,3593700
23.298694610595703,23.764132952286378,23.229145695828088,23.36289250994266,3637200
23.625041961669922,23.625041961669922,23.0579546199589,23.16495250114407,4083000
23.45383644104004,23.83367682294129,23.432436465515295,23.78017892494342,4070200
23.80694007873535,23.80694007873535,23.250552674740085,23.400350539394218,5522200
23.74808120727539,23.85507905420284,23.41103870373889,23.673183326670433,4058300
23.78553009033203,23.903227925750375,23.625034340734224,23.87647897428644,3755600
23.55548667907715,23.83903129385864,23.416390899625583,23.699933473592786,2122900
23.737384796142578,23.892531595530023,23.619688983516323,23.78018475768994,3254100
24.138628005981445,24.20817693102356,23.737387504362268,23.737387504362268,4786400
23.83367919921875,24.192121682146862,23.66783447440183,24.020925942508246,4049700
25.117650985717773,25.139050964823166,24.074425473694802,24.127923380643946,12814300
25.369091033935547,25.48143989247939,24.97855063838883,25.133697410004604,6332300
25.181848526000977,25.443993164297922,25.11765063040727,25.358395289901548,4479900
25.40654945373535,25.411898429130375,25.058806869431887,25.197902678664438,4412700
25.545631408691406,25.588431351898596,25.160440083081145,25.17114006888294,6520700
25.026697158813477,25.668682119653663,24.96249927497364,25.57238427348694,5744600
25.315597534179688,25.369095445025167,25.042754923564587,25.310248559420934,4450400
25.176511764526367,25.331656584068824,25.090913848607485,25.29420762340527,3777500
25.171140670776367,25.28348746316126,24.82874928018602,25.176491684212028,4139500
25.149751663208008,25.288849501786416,24.989255883999085,25.14440268825402,2967600
24.967849731445312,25.454690005326672,24.91435183186985,25.149745447141562,3818800
25.213951110839844,25.23534905104883,24.62546387758065,24.823410640826264,3815900
24.812702178955078,25.22464248935071,24.716404338041094,25.06414472728486,4209200
24.609403610229492,24.973194957297974,24.44355689468506,24.85549715653653,4123900
24.796655654907227,25.342342838330445,24.609410953111404,24.87690455042783,4884700
24.64686393737793,25.10695332678112,24.5024171262294,24.860859666667864,4632000
24.261667251586914,24.598709738842533,24.208169351114506,24.341916143109614,4838300
24.106525421142578,24.234921214033285,23.806931836373703,24.127923359414808,4399700
23.881834030151367,24.325874492628756,23.8069361306527,24.218876618710073,3333600
23.946033477783203,24.074431342903885,23.726688740513787,23.88183556563028,3902100
24.069074630737305,24.0690746307373,23.753432106287672,23.80693000908354,3559200
24.320520401000977,24.502416151416455,23.99417784518369,23.99417784518369,3380200
24.186769485473633,24.395414155412187,24.05837370742564,24.25631838905785,3014700
24.395416259765625,24.42216725324609,24.06372475691343,24.261669455620385,3070000
24.058372497558594,24.50241076546437,23.994172570949043,24.44891286743707,2994000
24.074424743652344,24.138622638207423,23.76948219349789,23.84438007728119,3548200
24.20282554626465,24.20282554626465,23.94602985487512,24.074427700569885,1847200
24.23491668701172,24.23491668701172,23.924625211475565,24.101169903925765,2609200
23.91392707824707,24.23491856621786,23.79622924694453,24.23491856621786,3966100
23.64643096923828,23.929973488064036,23.6036310203063,23.892524553155496,3219500
23.55013656616211,23.75878124565849,23.38428980103756,23.71063231648131,4837900
23.282634735107422,23.630375064356393,23.24518580797005,23.54477722506904,3601700
23.384292602539062,23.394992592617456,23.191696862756856,23.191696862756856,2932600
23.576887130737305,23.635736052737087,23.191695670967356,23.357542447438156,3098600
23.55548667907715,23.715984477970714,23.48593980975851,23.57688665770486,2345000
23.951379776000977,23.97812873072742,23.42174149283396,23.66783718243473,3028900
23.82832145690918,24.06371500208904,23.576876913984854,23.758772575519025,2926800
24.04232406616211,24.111872973685134,23.673183632350774,23.72133256204914,3150300
24.053022384643555,24.23491810189243,23.839028743701046,23.913926620071628,4060100
23.951379776000977,24.069077625774632,23.85508190633425,23.940679785947516,3728600
23.715986251831055,24.004877821655967,23.59293738592528,23.806933106579866,3346500
23.98347282409668,24.02627073114385,23.598281456602965,23.694579298476395,2746600
23.83367919921875,24.106523812327556,23.817630236382065,23.983477002013185,2758200
24.010862350463867,24.12898237034035,23.83904955048886,23.83904955048886,3265700
24.010862350463867,24.15045948237976,23.946431014345638,23.946431014345638,2705800
24.257841110229492,24.316902139665363,23.978644819913562,24.021599040656003,3114900
24.241731643676758,24.327638027572903,24.005487551835053,24.29005411262895,2765000
24.606834411621094,24.633679772692464,24.112871165594864,24.145086827782364,3960300
24.36522674560547,24.590730279722433,24.354488189480353,24.590730279722433,2536900
24.547779083251953,24.569254148189238,24.38670278311578,24.42965700933082,3139300
24.569252014160156,24.617574490369783,24.445761696773353,24.54777695108815,3678900
24.322267532348633,24.537034514459638,24.193408981617814,24.435019276280528,3740700
24.53166961669922,24.537039918928198,24.134353274902583,24.230998233322346,2999300
24.316904067993164,24.628314000390723,24.252472731770105,24.563884712337803,3448800
24.435016632080078,24.596092875317563,24.284680989772568,24.31689664805397,3772100
24.499454498291016,24.59609945080262,24.311532846998418,24.53703841891552,3376700
24.81623077392578,24.977304986437083,24.263206511805002,24.63367945356771,3908800
24.606834411621094,24.832337902424328,24.472605558094475,24.70884760296021,4211000
25.063213348388672,25.068581601689317,24.800123876919233,24.896768821690056,4200000
25.186710357666016,25.267248515794538,24.912884306735826,24.912884306735826,3402000
25.342416763305664,25.669935607448103,25.186710747537873,25.471275360501412,5037000
25.503475189208984,25.600120101147947,25.369246372423675,25.503475189208988,2942400
25.44979476928711,26.244429440089583,25.143753107159473,25.825633969675422,7292200
25.664560317993164,25.712882794595416,25.482008967292444,25.503486078709017,5087400
25.761194229125977,26.029651862253385,25.562536154099067,25.664549317346573,5169300
25.771942138671875,25.83100316711352,25.610867909939163,25.771942138671875,2749400
25.94912338256836,26.035029768340955,25.771940309816863,25.85247844255296,2429800
26.0350341796875,26.04040243363359,25.82563540872732,25.949127779359017,2986600
25.723615646362305,26.0296572475917,25.594755054606424,25.975966529125696,4348400
25.782684326171875,25.814899995725227,25.567917292156665,25.67530080916427,3204100
25.7075138092041,25.868588043904165,25.5571760817367,25.868588043904165,2993600
25.85248565673828,25.852485656738285,25.69140934631744,25.707518206261746,2759700
25.70214080810547,25.92227605031599,25.680665747725513,25.825631110011877,3011100
25.621610641479492,25.73973066944739,25.428320716224395,25.610872084724175,2443300
25.782684326171875,25.782684326171875,25.43368840793972,25.584026151018456,2476600
25.761194229125977,25.761194229125977,25.481998044893164,25.691394671025474,2737500
25.541072845458984,25.77194669848655,25.48738210910526,25.766578444119297,3202200
26.040403366088867,26.040403366088867,25.45516535284171,25.637716716097803,4687300
25.841747283935547,26.08872795769371,25.691409529681135,26.0511440311727,2922200
25.77730941772461,25.852479299917118,25.42294530863939,25.83637044393379,3520100
25.675304412841797,25.90081003502581,25.42295341968054,25.890071477000806,4633900
25.675304412841797,25.788056199848544,25.55718232273729,25.669936157914556,2836800
25.63771629333496,25.72362269532299,25.57328700388648,25.675300216194085,2630200
25.43905258178711,25.66455606982405,25.106163554442475,25.53032721794404,4366500
25.75583839416504,25.766576950447337,25.06858512928922,25.261875046030227,3731600
25.498119354248047,25.739729703580362,25.37462698028105,25.728991147228008,3568600
25.455163955688477,25.508854686805616,25.28871941215317,25.422948288116128,2184900
25.734355926513672,25.755833034609076,25.39073038966622,25.396098642605192,3072800
25.80415916442871,25.89543381452816,25.616237514189173,25.718252768029796,3216700
25.503475189208984,25.745087469056386,25.369246372423675,25.680658210486815,3721900
25.412220001220703,25.637723602666693,25.235036844509622,25.503494683281,2815800
25.594776153564453,25.718268594542117,25.181352774599034,25.412226741028263,2874500
25.342416763305664,25.771948834242274,25.342416763305664,25.69141067486708,2679600
25.739734649658203,25.766582069783123,25.342418229124775,25.449801765112667,3545500
25.37999153137207,25.73972387089385,25.347775869615155,25.73972387089385,3275600
25.508852005004883,25.567913031926587,25.369254889874398,25.530329114461846,2397100
25.771942138671875,25.900802750560008,25.396100906182255,25.51422296306555,3685300
25.63771629333496,25.771945174451893,25.530332778807374,25.66456165992431,4542800
25.750465393066406,25.9008031170917,25.39610126557173,25.771942503380014,4333300
25.83637809753418,25.879332328654378,25.664565269394323,25.73436487087941,1512600
26.15315818786621,26.2390646012937,25.718257865964116,25.77731686105702,4545700
25.847110748291016,26.013555283587337,25.71825218072032,25.814897130483345,4493300
25.61086082458496,25.916902388960384,25.584015468584713,25.89005703296014,5457500
25.85248565673828,25.949130623722642,25.562550755785207,25.610873239277385,3534200
26.040403366088867,26.040403366088867,25.852483748694457,25.857852002832775,3968700
25.911529541015625,26.169250668150887,25.814886678551368,26.09408081130442,5731700
25.44979476928711,25.76657498687871,25.417579102895242,25.745097875950794,5686300
25.266630172729492,25.50905887422577,25.1858192354924,25.455186286139377,4684200
25.25584602355957,25.41207729401542,25.115774057501117,25.31510708188378,4222900
25.25584602355957,25.374366085101236,25.1049991327961,25.23968260894867,3713700
25.519826889038086,25.632962581540824,25.288171123833223,25.374368474483386,4347800
25.53599739074707,25.68684228246366,25.41747523005117,25.51444753332827,4703900
25.40131187438965,25.557543190666713,25.331275870819503,25.42824816649898,4057700
25.395919799804688,25.53060329645627,25.19658880019033,25.519828370111295,4090200
25.412086486816406,25.503672352386772,25.277402961942183,25.401313613321065,5093100
25.31511116027832,25.449794658129093,25.142714392330813,25.304336233837407,4012700
25.040361404418945,25.34743968538659,24.94877759137239,25.131947272573054,5374200
24.884117126464844,25.024189085838074,24.841019484808456,24.927216823227884,2039300
25.034963607788086,25.07267481429651,24.943377781191472,24.970314063682256,969300
25.191205978393555,25.212755835932995,24.88951619327146,25.03497464900141,4438300
25.11577606201172,25.158875764271606,24.94338136318601,25.008028861468922,3651700
25.11577606201172,25.2989456864024,25.040353638163836,25.115776062011722,3761900
25.029592514038086,25.428256759339767,24.916458815883786,25.288184704865643,3820700
25.45517921447754,25.514440277973854,25.191198673932202,25.255848227804695,5259200
25.616806030273438,25.864623222915057,25.482122505345494,25.509058799309585,6303300
25.28816795349121,25.616795953866248,25.153484481541224,25.58985967049759,7057900
24.787151336669922,25.288174139288728,24.663242758779177,25.158879125449342,8175200
24.657865524291992,24.905682772550293,24.458534438093615,24.652477031225356,7580400
24.6901912689209,24.878747431360864,24.6470915431586,24.808711404551147,4150200
24.587820053100586,24.754828337163413,24.436975186919437,24.663242486191166,4667100
24.641700744628906,24.668637040909932,24.512403645329243,24.571664730212103,3145000
24.512405395507812,24.776386050168416,24.474694167000273,24.75483618956187,4323700
24.45313262939453,24.60936596152481,24.404646493737097,24.5177801252355,4807100
24.808692932128906,24.878728906790208,24.512389731017038,24.512389731017038,5802300
24.884117126464844,24.91105546449507,24.67401124251165,24.7817584293126,4534600
25.072675704956055,25.115773347450947,24.841019968114256,24.91644238381034,4786000
25.078073501586914,25.169659372931243,24.83564273050795,25.051137205935387,5999600
25.20736312866211,25.26662419460037,24.85179878813957,24.85179878813957,4632500
25.024198532104492,25.336663231160752,25.002648675588215,25.336663231160752,5156700
24.916452407836914,25.535997451912625,24.851804890533174,25.535997451912625,3729500
25.331275939941406,25.39592345220168,24.981097976242495,25.126556420158625,5383900
25.460567474365234,25.5359919592884,25.2127503320818,25.29356125266022,6227000
25.826915740966797,25.95082435523382,25.358217581764084,25.58987344260046,6653600
25.670665740966797,25.966968912430495,25.670665740966797,25.92925771179546,4125500
25.643739700317383,25.95081794132362,25.509056189170536,25.509056189170536,4308700
26.155534744262695,26.20940937620497,25.46595589625816,26.10166216742749,9560400
27.049829483032227,27.249162512026295,26.34408936693436,26.397961936598982,11958200
26.904375076293945,27.04983350212898,26.785854994400555,26.936699855959656,6028000
27.362308502197266,27.610125722775837,27.006744038508266,27.05523019515257,6834000
27.52930450439453,27.583179133400854,27.152192376885065,27.20606495078443,5512900
27.43233871459961,27.4646634996477,27.286882319651827,27.340754906291192,3112100
27.216842651367188,27.329976301154105,26.958250571094023,27.28687864866216,4879400
27.475446701049805,27.534707797261518,27.173754781748396,27.2491793029048,4044700
27.620895385742188,27.739417536074185,27.34613986544662,27.367689720981044,4900300
27.65321159362793,27.922578538954024,27.556239328902002,27.771731652098854,4083000
27.87948989868164,27.917201121575605,27.690933784211825,27.744806372601055,4818700
28.062654495239258,28.07342942198766,27.734026422287897,27.77173763835374,6017300
28.068038940429688,28.24043364596338,27.85793302150469,27.96029379080138,6634700
28.068038940429688,28.127300005789454,27.90103272544161,27.911807651425843,3926500
27.874101638793945,28.003396664514625,27.847163291253707,27.933360660103286,3928900
27.96030044555664,28.08959547792657,27.707094762429925,27.9495255170079,4176900
28.100358963012695,28.191944790826263,27.911802927965134,27.965675493662538,2918600
28.1757869720459,28.283534179943285,27.933356268053544,27.933356268053544,4276500
28.245826721191406,28.272763012970614,27.987234620917853,28.175790718479615,3180200
28.170400619506836,28.202723343396414,28.07881477323656,28.12191447856541,2504500
28.1326847076416,28.251204767292773,27.981837819284276,28.17578235066747,5184600
28.165021896362305,28.25660777439439,28.019563423093306,28.073438073437995,2729000
28.418222427368164,28.46670857627318,28.019558308026074,28.041108164229946,4083500
28.22909164428711,28.63977429319117,28.121016612040847,28.418221404698233,5141600
27.937288284301758,28.36418350666645,27.877846916458612,28.15343627666993,5393400
27.856239318847656,27.86704703070405,27.310463268941596,27.775184571965116,4719300
27.748146057128906,27.9751037344942,27.683301889892636,27.748146057128903,4683300
27.667098999023438,27.82921049253329,27.35368165839284,27.694117237715165,4000200
27.785982131958008,27.88324944898374,27.613062915325525,27.71573511738583,3407900
27.785982131958008,27.95349852491558,27.60766009165061,27.785982131958008,3309400
27.52119255065918,27.71032224516155,27.494174317352993,27.613054956172025,3513000
27.445547103881836,27.532006707536233,27.169955700048753,27.299646136210125,4109300
27.53740882873535,27.645483845887398,27.4293338115833,27.55902424443766,5507800
27.445547103881836,27.694118206718283,27.32126155246361,27.548217239046572,3520500
27.677906036376953,27.721134804964766,27.348278172787236,27.559023315381467,3488500
27.591449737548828,27.694119878912876,27.526603484872894,27.55902661121086,2929400
28.212867736816406,28.212867736816406,27.850818894528935,27.96429670527346,4269900
28.79108428955078,29.180153664715593,28.71543236912656,28.737047792493545,9084200
29.099084854125977,29.174738804702464,28.666786871914365,28.774861882807112,4994900
29.261205673217773,29.3800863595209,29.01263246798056,29.023440177891732,4338500
29.099084854125977,29.45032812418756,29.077471501034932,29.31523487591147,5167300
29.439525604248047,29.439525604248047,28.97480441847627,29.07747662452709,4730500
29.563798904418945,29.62324024929588,29.288209650686383,29.34224611256057,4687100
29.63405418395996,29.704303248252092,29.531384060270945,29.590823356285014,4253300
29.580020904541016,29.720516986935603,29.390889105081154,29.709709278849935,4320400
29.725923538208008,29.77996208541329,29.542196600429676,29.558409195271157,5431200
29.585420608520508,29.828588861410353,29.482750484571167,29.709706146362134,4772600
29.671886444091797,29.6718864440918,29.33685570372639,29.34225852765626,4624900
29.617847442626953,29.97989639459672,29.45033105599879,29.671883922773024,5137700
29.607036590576172,29.85560767102954,29.536787524757834,29.774550898057658,5275600
29.758359909057617,29.850224449506577,29.51519149182297,29.558422348825005,4176600
29.29361343383789,29.752931620280258,29.288210612016687,29.693490273452273,4543500
29.54220199584961,29.66108476005349,29.099096134639016,29.180152939570785,4163300
29.66107177734375,29.72051313342809,29.33684882225006,29.342251644912604,3810000
29.693513870239258,29.850222625253526,29.531402289110282,29.66649561694453,3699000
29.553010940551758,29.77456388040276,29.498974442582348,29.720527382433353,3030200
29.525989532470703,29.850214669677886,29.45574044353847,29.580028086018586,3717000
29.120710372924805,29.50437483642713,29.120710372924805,29.50437483642713,3746900
29.23958969116211,29.54760220294832,28.96399824712612,28.99101855206444,3948200
29.444927215576172,29.796168447113846,29.299026250589318,29.396293560580556,4076700
29.6502685546875,29.688094503123562,29.40710027091311,29.58542436613419,3662400
29.39089584350586,29.650274712950807,29.244994842938073,29.61244875665842,4087800
29.461137771606445,29.644864683815825,29.320639629785408,29.34225504565934,3077500
29.639448165893555,29.71510209175868,29.450318504627504,29.450318504627504,2629000
29.37467384338379,29.736722729834412,29.336847901854895,29.477343961625188,3804300
29.07207489013672,29.585429791949387,28.839714272067408,29.34226146357918,4195400
29.061264038085938,29.180146777183655,28.6073505613198,28.882941990799104,3632500
28.985599517822266,29.023425452640154,28.537091121542044,28.93696587857657,3482500
28.7208194732666,28.90994915722825,28.439825327552896,28.747837705066985,3956200
29.0450496673584,29.12610644446226,28.63976990455805,28.693806381720975,3286400
28.920772552490234,29.066673556998143,28.58574176141286,28.758661012379253,3628200
28.77486228942871,29.05585649717687,28.74784405166357,28.87753241748001,3061200
28.585744857788086,28.818105512948232,28.547918896376927,28.774874664843882,3594700
29.07207489013672,29.16393939701434,28.45064700803504,28.45064700803504,3876300
28.888338088989258,29.223370810016103,28.75864973231244,29.18013998355099,3427400
28.866731643676758,29.169341338865394,28.726235536736258,29.04505576620575,2869800
29.082876205444336,29.18014351540445,28.6397704873414,28.758653213150318,3413600
28.8018798828125,29.153123149979223,28.499272328438078,29.10989232143467,4963000
28.926179885864258,29.045062662443538,28.639782718316418,28.893758809604737,4076300
28.839710235595703,29.01803433856186,28.796481461802486,28.936977553330028,3016900
28.888338088989258,28.904550679593306,28.612748785031574,28.666785256753702,3321600
29.320640563964844,29.417907877137033,28.801882934619552,28.845113767744785,3940000
29.16393280029297,29.450329843725346,29.163932800292965,29.20716157035847,6536800
29.36388397216797,29.547610968912096,29.12071558510068,29.163946436739515,3013500
29.54220199584961,29.55841459365207,29.353072199489056,29.36928273593134,2915300
29.693513870239258,29.70972440994398,29.43413492816078,29.4503454678655,3505100
29.628398895263672,29.769487672207653,29.541575828692448,29.69351774771098,3665500
29.818321228027344,29.85630618448143,29.574130743661854,29.617543305337886,3043000
29.660940170288086,29.823733061733847,29.574117156848754,29.682646441153903,2537100
29.94312286376953,29.953976001878214,29.66094748301707,29.78032993218815,3933100
29.96482276916504,30.029939513948232,29.812880937972263,29.98110143785484,2114600
29.812875747680664,29.93768368262993,29.77489081400148,29.79117154988087,2099000
29.84542465209961,29.953953883020915,29.715189160989457,29.74774855127272,3058300
29.791194915771484,29.964841054506145,29.73692920365112,29.812899130594378,1678500
30.14389419555664,30.230717211541098,29.63380923540096,29.639234768264497,3115600
30.11134147644043,30.16560509349402,29.87800419706626,30.089635201609273,2873400
29.915983200073242,30.035363547880593,29.856291991157626,29.991953076866253,2405100
29.30278778076172,30.035356647271396,29.30278778076172,29.845431998923974,4891900
29.39504051208496,29.568688591175828,29.253953905976783,29.30821750755138,4406300
29.140005111694336,29.411327315583435,29.015197146308246,29.340782962965513,4261600
29.23768424987793,29.2919478681753,28.982640689826717,29.221403508369235,3750100
29.058597564697266,29.487286995268985,28.977202173717757,29.28650921349142,3998400
28.890377044677734,29.112861075604936,28.705877940736404,28.95006616563891,2703400
29.03147315979004,29.194266053223323,28.695034237358055,28.733019176825024,4661600
28.955507278442383,29.06946211257585,28.830699307245123,28.879537389020072,3708300
28.857831954956055,29.16713912519337,28.825272542816858,28.8415532838986,3617700
28.78727912902832,28.884955266689516,28.608207589998585,28.868676600420546,3288700
28.798137664794922,28.87410754833114,28.50510919684887,28.7330209174816,3569200
28.857831954956055,28.868685092335785,28.597362867915383,28.716743239043836,2350500
28.982643127441406,29.23225910464248,28.803571515979606,28.857835138840873,3337900
28.174097061157227,28.83612391052216,28.04928909398623,28.629918453010692,7261000
28.380300521850586,28.42371306565081,28.103552800208266,28.38030052185059,4977000
28.29347801208496,28.407432836569765,28.22836126523994,28.380301031219677,2864600
28.03300666809082,28.190374024318906,27.946183656038066,28.119829680143578,3597200
27.739978790283203,28.08727084555687,27.701993851114143,27.9516097570891,4253200
27.419818878173828,27.669436857263154,27.332995863280487,27.64773058603383,4009400
27.604318618774414,27.750832847589383,26.790352060929482,27.29501149239526,7273700
27.973325729370117,28.033016960201053,27.604327275164945,27.604327275164945,5008400
27.67487335205078,28.065578108840604,27.593475837711306,28.000459269359112,4347900
27.777957916259766,27.870208513524684,27.349270539632734,27.669430724216568,3461600
27.07796859741211,27.777978615826918,27.050834709158202,27.777978615826918,4948800
27.132221221923828,27.159353029140913,26.860899009704593,27.105089414706747,4124800
27.718280792236328,27.767116807790437,27.007415784376835,27.007415784376835,4834000
27.783388137817383,27.891917410118264,27.6748588655165,27.6748588655165,3400900
28.195791244506836,28.353158554341306,27.560898544173913,27.593455870330505,4747400
27.951610565185547,28.18494780969794,27.859362015971993,28.1632436081338,3560900
27.593467712402344,28.04386357107868,27.571763508991083,27.946187410643432,5290800
27.56634521484375,27.67487454864734,27.436111670299336,27.51208158295439,2834100
27.723705291748047,27.729130825487935,27.349281362966327,27.550059231731222,2937400
28.09269905090332,28.108977719460974,27.636877701073185,27.701994445327784,3978400
27.74541473388672,28.027590131130374,27.56634104966448,27.891929001880033,3447400
27.615158081054688,27.739965976389787,27.441512133629946,27.653143002677417,2632600
27.609739303588867,27.620592436710233,27.137637327915186,27.620592436710233,3745400
27.30586051940918,27.58803579873821,27.132214512133423,27.522919063515726,3868800
27.27873420715332,27.36012962505158,27.105088164941442,27.284159740336897,3864500
27.229894638061523,27.295011382820988,27.132218485910325,27.164777893302055,3069100
27.126787185668945,27.349271247150696,26.980272988592144,27.26787378098907,4345000
27.067092895507812,27.197326342465892,27.00740170314231,27.10507782337253,3096700
26.790359497070312,27.148504799130723,26.654698366440996,27.067109362767876,4428400
26.589576721191406,26.795782181493138,26.26941642889038,26.790354578050774,6299300
26.81206512451172,27.007417479084044,26.676403997172553,26.703535808635483,4359900
26.7360897064209,26.87717633892437,26.69267716102038,26.844618999898085,3202100
26.790359497070312,26.974858717527162,26.670979109733228,26.698110921854173,2585400
27.132221221923828,27.143074358815504,26.77950151802914,26.77950151802914,3724800
26.991132736206055,27.20276371605778,26.817484627840887,27.164778774547166,2952300
27.46865463256836,27.5229203060567,27.295008617453234,27.40353789440613,3695100
27.58803939819336,27.71827495565406,27.43067203668533,27.539201322898588,2350600
27.701988220214844,27.783385684759665,27.457797896603896,27.457797896603896,2893400
27.091480255126953,27.685639554093,27.06422566110676,27.685639554093,6779700
27.418546676635742,27.598430786882044,27.336782873299697,27.364037474411713,3813300
27.434907913208008,27.483964959755376,27.21141472217243,27.336789661326684,3164900
27.625675201416016,27.636577453719326,27.38037972307157,27.43489098458812,2840000
27.543912887573242,27.838267499404125,27.473051357585724,27.625678750657023,3729400
26.98246192932129,27.22775745364814,26.84073678159488,27.200502857476803,7981100
26.693553924560547,27.026065335231092,26.600885821547983,27.009710917410068,5434900
27.091480255126953,27.173244037187533,26.742616461127113,26.808027902654025,5517700
26.797128677368164,27.145992510791245,26.791678589705135,27.091483316591066,3865400
26.677202224731445,26.824379523763906,26.617242951252006,26.797124930474677,4475600
26.540931701660156,26.74262030103246,26.448265652807365,26.540931701660153,4163300
26.44826316833496,26.628145161313242,26.344694874159124,26.491870105053927,3510500
26.33924102783203,26.524575175701894,26.2411228272308,26.410104634797857,4296100
26.1811580657959,26.366492189542225,25.821392070216778,25.821392070216778,3937000
26.219322204589844,26.49187234010281,26.219322204589847,26.43736314475722,4903800
26.219322204589844,26.241126714485087,25.903165128678918,26.219322204589847,5955600
26.519123077392578,27.036966555366174,26.45916172830712,26.791673151859545,10734700
27.29861831665039,27.342225250252305,26.797125064179177,26.92795002376929,6746900
27.11328887939453,27.620230227450076,27.02607291765037,27.5003095796722,5176400
26.900711059570312,27.46761612533157,26.873456448203502,27.336793159013467,6023500
26.873443603515625,27.053327695465843,26.791679808495807,26.98246407626795,5409100
26.715360641479492,26.88979462344618,26.61179234913605,26.660851451697113,3374800
26.600893020629883,26.835286305376748,26.551833912673736,26.699011236542177,2805100
26.562721252441406,26.698996244756042,26.442798593799296,26.57362350135354,1562600
26.322893142700195,26.579088861505006,26.317440975415007,26.519129577115834,3376300
26.192066192626953,26.44281180470519,25.97402734362551,26.366498103585066,3804000
26.083045959472656,26.322891398708904,26.061243529954066,26.07214578440957,2584200
26.328346252441406,26.421014392392625,26.164816564790026,26.24113028040115,4035200
26.704463958740234,27.195052969104825,26.573638975007462,27.047875642177676,3975200
26.818937301635742,27.026076014284172,26.742623586289685,26.791682700353977,4673800
26.617246627807617,26.927953608884614,26.464617141399774,26.82438322893064,3450200
26.63359832763672,26.758971134573706,26.35559603797401,26.530027950181335,3409200
26.42645835876465,26.835283522878072,26.404653850957775,26.709910722077034,2378500
26.290180206298828,26.371946061244003,26.164807420270414,26.273827867066622,2998100
26.410114288330078,26.426466634610055,26.115759578932654,26.284741448266647,4663900
27.064224243164062,27.096928922517943,26.246573989042997,26.382849031396507,4672500
27.004276275634766,27.22776737268508,26.889805682378224,26.922510377941148,3716400
27.026073455810547,27.15689636133554,26.86799387219131,26.884346215533785,3973900
26.873443603515625,27.19505285446907,26.74807078763785,26.98246407626795,2846500
27.058774948120117,27.396736506786922,26.388301918126405,26.388301918126405,3439800
27.331323623657227,27.560266788341092,27.200500740459788,27.255009928560014,3374300
27.91458511352539,27.936389623993456,27.17870056006503,27.364034740258447,4903100
27.909135818481445,28.159881457809973,27.85462454076266,27.936390417644525,4148300
27.729249954223633,27.925486382722053,27.603877142547972,27.800113571046396,3447100
27.811019897460938,27.87643135673923,27.64749020956882,27.74560843818265,2944900
27.974550247192383,28.14353210700137,27.685647722434837,27.811020555431373,3810900
28.094467163085938,28.159878610341583,27.718346662733037,27.745603338532604,4714100
28.465129852294922,28.61230713898129,27.94728430567073,28.121716183360057,3929000
28.307058334350586,28.49784260482347,28.192587772066858,28.22529245878073,3277500
27.936389923095703,28.33431288613171,27.800114850300112,28.192587725357036,4346200
27.958192825317383,28.257997552340914,27.631131421788787,28.181683848668648,3759000
27.92549705505371,28.12718364835931,27.876437929180103,28.12718364835931,3162300
27.718353271484375,28.116278375595297,27.685648579755142,28.045414744527104,3148900
27.920032501220703,28.06175763621613,27.783757453213017,27.827364387291528,3155000
27.99634552001953,28.045404619294487,27.680186418160442,27.85461830905092,3782600
27.936389923095703,28.12717419325249,27.8818807257345,28.02905597448826,2444900
27.94729232788086,28.09991974482239,27.843724020583764,27.941840160480034,772100
27.500308990478516,27.93093870209831,27.314974815818893,27.86552517264726,4362500
27.2059383392334,27.325860993276756,27.156879260705775,27.271349750806465,5908400
27.70199966430664,27.723804177395277,27.255017542953624,27.260467631529377,3118600
28.045408248901367,28.208937907851002,27.571171614129693,27.582071789252893,3323800
27.849172592163086,28.334311494790075,27.778308975559177,28.14352723400165,3216300
27.674734115600586,27.783754558526745,27.527556829559074,27.71834104513585,2435500
27.522119522094727,27.88188569522178,27.45125588938082,27.614785590003486,3098500
27.97661781311035,28.1189915389248,27.659011833273627,27.790435501563252,4365200
28.25040626525879,28.332546293053987,27.84518533112759,27.84518533112759,3649300
28.047800064086914,28.310645258749968,27.828761357413736,28.283265942642803,2990900
28.31612777709961,28.3216048951147,27.878052336773585,28.12994545384749,2716900
28.348979949951172,28.61182517457011,28.146370480977687,28.20112911943274,4001300
28.880155563354492,28.96777066263996,28.294227106303786,28.420175769878593,5158900
28.6501522064209,29.022516739244587,28.524205686334625,28.721340096524557,4422300
28.480396270751953,28.967757254409403,28.4749212434784,28.502300557661727,6272900
28.32160186767578,28.69396647437609,28.310649721724804,28.540638519970624,3051500
28.529685974121094,28.584446703108412,28.146371315750947,28.25588859590915,3078200
28.568016052246094,28.639203952017496,28.376358732370917,28.507782386648266,3595000
28.442075729370117,28.699445977070905,28.392792109361636,28.62278303237073,1954500
28.469449996948242,28.65563228259077,28.359930636762982,28.43659356222025,1877900
28.743255615234375,28.743255615234375,28.4366017363493,28.513264683843406,2207500
28.611825942993164,28.72134531175277,28.480402282699995,28.600873797226384,2340500
28.611825942993164,28.858244000475228,28.524210865767124,28.611825942993164,1650500
28.584444046020508,28.819909936507536,28.55158761168231,28.628250536230084,1742100
28.442075729370117,28.748729597079382,28.420173522961907,28.600878737053947,3513100
28.239471435546875,28.726830607359197,28.11352484757698,28.65016764850004,3295400
28.27231216430664,28.557061630960366,28.250407877123788,28.31064362242274,3450900
28.47492790222168,28.578970156011284,28.1408947599126,28.27231842319634,2961200
28.72133445739746,28.874660262371155,28.474916493041576,28.52967511227292,3734800
29.438692092895508,29.56464072043459,28.666583598569744,28.71039218013258,6645100
29.27989959716797,29.460604825625467,29.12109657685983,29.296326775507172,4540400
29.356550216674805,29.37845450453196,29.0225171380307,29.159415803776128,3587400
28.978721618652344,29.334659145520924,28.765159938094722,29.268948341251377,3662600
28.929420471191406,29.033462681498168,28.81442403053854,28.978701974304567,2718000
29.290836334228516,29.362022128849606,28.70490818521033,28.732289586580514,4336700
29.58654022216797,29.800101815526283,29.29631570697928,29.323695023503277,4078600
29.323692321777344,29.690581813901154,29.170366492243208,29.57011032560561,4214900
29.33464813232422,29.54820973270376,29.24155803530053,29.3291731044026,3987600
29.19228172302246,29.411318406057116,29.038953747098805,29.35108263932731,3594600
29.2360897064209,29.438699222950696,29.175853936636962,29.323704801858806,2933800
29.24704360961914,29.53179320910773,29.186807836220375,29.290852204421437,3574600
29.274412155151367,29.334647906365312,29.132038452297692,29.18679708672418,2624500
29.14299774169922,29.247040008179887,28.798012411292873,29.164899947494586,3321500
29.405841827392578,29.55369267732779,29.274418153369577,29.487979795862074,3877900
29.5044002532959,29.58653819724632,29.088227150545663,29.26893438727064,3250400
29.646785736083984,29.70154647607547,29.37846542130593,29.498934871469924,3843400
29.750816345214844,29.9698529372046,29.663199201729736,29.70700777347229,4352300
30.287464141845703,30.336747749269055,29.57011432021869,29.57011432021869,4580300
29.953426361083984,30.11770433056004,29.73986479187434,30.11770433056004,3093400
30.391504287719727,30.506498667470503,29.822005327656996,29.953428968020663,4746900
30.11223030090332,30.391502649372722,29.980806667624442,30.391502649372722,2638400
30.2053279876709,30.314847361475863,30.00271850392211,30.117712906408585,2225400
30.172466278076172,30.41888430386389,29.991761118437143,30.117707645193548,2293100
30.008197784423828,30.249140858715307,29.931534838570578,30.117717173746446,2411400
29.92057228088379,30.041043776115494,29.73439001048382,29.909620136871098,3037800
29.865825653076172,30.11771879988255,29.73987907967298,29.843921356247254,3189500
29.422264099121094,29.920575211513196,29.2963175640009,29.920575211513196,4187500
29.67963409423828,29.794628483528683,29.345600982473535,29.433216053681658,3599800
29.12108612060547,29.701537250775235,29.088229686815787,29.701537250775235,4640200
29.25798797607422,29.367507345040444,28.940382014962978,29.142993578668378,2913400
29.37845230102539,29.383927328125097,29.02251496122092,29.07727358784882,3889500
29.553680419921875,29.646770496693165,29.121080196448386,29.241551673594817,3210400
29.493446350097656,29.679628603082048,29.31273912415353,29.5591571191193,3494800
29.60297393798828,29.70154116343384,29.43869383630683,29.46059812838546,2856500
29.575599670410156,29.668691889770287,29.351085844658833,29.471557391274732,2602900
29.58654022216797,29.70153669382148,29.378455745459224,29.6796324050391,2151400
29.548219680786133,29.679643373140028,29.438700285309338,29.62488263094727,3595300
29.685108184814453,29.761771108586984,29.504403020051775,29.69058530160278,2462600
29.48249626159668,29.73438930115588,29.400356227914937,29.690582815058022,2216400
29.130552291870117,29.526510789176452,28.938070514604977,29.482516332974043,4775400
29.229530334472656,29.378013398294822,29.125039610761128,29.13054022667768,2839200
28.98204231262207,29.28451102096426,28.87205311926054,29.25701424709122,2863400
28.998544692993164,29.163527461043365,28.910553743508405,28.92705139095251,3076500
28.877567291259766,29.141542337592917,28.85007050247896,29.037051603207143,2725500
28.679582595825195,28.85006390600851,28.459604140135077,28.762072943306467,3779800
28.7620792388916,29.22953303508418,28.51460394653912,29.22953303508418,3826800
28.93805503845215,28.99305070163228,28.70707954670572,28.811568159942908,6513400
28.905054092407227,29.0920351149567,28.767568108117015,28.84455992366039,2668500
28.65207862854004,29.13602988641505,28.641081595790986,28.993045384111117,4486600
28.602581024169922,28.77306438666388,28.547587473878693,28.597082508288587,4373700
28.553104400634766,28.806080349552452,28.47611254143536,28.514608471035064,3207700
28.789569854736328,28.916058830940155,28.602588795923328,28.602588795923328,3000100
28.756568908691406,28.98754435476782,28.690574125924176,28.800563332666595,3802500
29.345008850097656,29.39450388840336,28.789564298237003,28.789564298237003,4510700
29.16353988647461,29.367020748372404,29.103045689579083,29.367020748372404,3825900
29.015050888061523,29.312021216759028,28.877564857872343,29.312021216759028,3469400
29.004056930541992,29.119544704671004,28.883068539814133,29.09204791528846,3430300
29.14704132080078,29.207535515805127,28.98205848761564,29.03705206605384,2719400
29.092023849487305,29.306501566267475,29.07002559703067,29.202010916032854,2619700
29.378000259399414,29.427495291160948,29.103028326917414,29.103028326917414,2971400
29.191036224365234,29.504504219194057,29.18553560810765,29.46600829687265,2268500
29.202024459838867,29.394506111303592,29.163528549119878,29.218524205768283,2466600
29.498985290527344,29.652968884222872,29.064529182178813,29.207515745926766,3201100
29.49350357055664,29.74647736078864,29.46600678429148,29.54299862498206,3148000
30.323902130126953,30.417393671131084,29.49348787866389,29.817954818850215,10346800
30.153432846069336,30.477897817068765,30.114934833068183,30.246922326282046,6445500
29.966445922851562,30.059935384766863,29.81796080874819,29.8344584554698,4944600
29.971952438354492,30.07644105859439,29.80146901787554,29.98295157172767,4962200
29.784963607788086,29.988442277510327,29.69697266159444,29.8784551681705,4042300
30.08745574951172,30.08745574951172,29.77948824730048,29.94447113746668,3949100
29.955474853515625,30.224946459123846,29.746495375176483,30.08196182523175,2951100
30.323902130126953,30.362398029990654,29.977436933484455,30.109424374352287,4833300
30.356910705566406,30.433902533676033,30.18642730198797,30.21942469883637,4975000
30.37890625,30.49439398182365,30.246918772294553,30.246918772294553,4624500
30.30191421508789,30.384406656016903,29.99944542813139,30.191927091009106,4340200
30.598892211914062,30.631889616192254,30.175434964094276,30.301921867021676,5031900
30.747356414794922,30.77485318400551,30.43938714517686,30.43938714517686,3254800
30.75287437438965,30.90135953945614,30.6043913071935,30.6043913071935,4366400
31.137815475463867,31.170812856690556,30.708860008861837,30.91783922755956,5440900
31.038846969604492,31.203831892363127,30.81887056904371,31.044347585894013,2844400
30.818864822387695,31.236821374027997,30.802365074466202,30.906855785778813,3879000
31.00034523010254,31.000345230102543,30.730873822852324,30.802365038237866,3035400
31.00034523010254,31.1763271566778,30.824363303527285,30.851860086204034,4325800
31.308313369750977,31.31381188691337,30.96184804816136,31.00034396190799,4653500
31.17082405090332,31.346805951573803,31.132328141248507,31.264313517816504,3299700
31.03333854675293,31.27531313950362,30.934348463839065,31.0608353258135,3615200
31.15984535217285,31.22033956354648,31.05535668571819,31.071854344139687,2277900
30.95636558532715,31.04985511066229,30.78588209469883,30.967364723226172,3761700
31.17632293701172,31.258815371746792,30.945347476345123,31.071834337834414,3078300
31.363313674926758,31.407310213163534,31.126837526580108,31.165333448602084,2945800
31.41280174255371,31.456798271001816,31.220322175268127,31.418302357544697,2989400
31.203819274902344,31.401797325992245,31.12682536307508,31.36330141901341,3196500
31.22032928466797,31.313818782104416,30.994852269701358,31.06084497953123,2674200
31.34679412841797,31.379791509049124,31.082821376975563,31.126815786614824,2864400
31.352317810058594,31.45680855033293,31.247829167654885,31.352317810058594,2364500
31.126834869384766,31.258822374957347,31.022346246797884,31.231325589841877,2581500
30.939861297607422,31.17633748312084,30.939861297607422,31.071848835191716,5173900
31.24782371520996,31.341315303464636,30.85736390618636,30.879362173760434,2930700
31.29181480407715,31.368806629315856,31.110332274983136,31.29181480407715,2171400
30.802371978759766,31.24782751082723,30.703383958393072,31.24782751082723,4401300
30.670381546020508,30.90685766788524,30.59338971059853,30.802366950209553,3097000
30.74188804626465,30.912369441269487,30.697891494088513,30.796881638613744,4173500
30.653480529785156,30.90763649762843,30.52087833250776,30.89658596324299,3648600
30.66452980041504,30.747407751053267,30.476674938952392,30.570603423520634,2763500
30.675567626953125,30.692142367145127,30.465611784604903,30.620314980191505,2049500
30.703205108642578,30.802657804697663,30.498775503495494,30.65347876061504,3933000
30.69214630126953,30.747398955113443,30.576118889707168,30.576118889707168,2941200
30.830272674560547,30.841323204576696,30.576116807208475,30.66451893966455,3589300
30.9628849029541,30.99603439386858,30.670051051276545,30.719777395321895,3133900
30.80817222595215,31.34411135016954,30.797123803389827,31.32201028969863,5452000
30.94078254699707,30.979458356566933,30.581647620792864,30.686626624774103,2464100
30.868955612182617,30.94078302005635,30.719776583986516,30.802654524431098,2406000
30.50980567932129,30.935241460198274,30.432454102374997,30.935241460198274,3868400
30.316436767578125,30.526392637404708,30.172784082543032,30.44351471025196,3382000
29.98492431640625,30.4214107262491,29.979397998084096,30.21145489113801,4751900
29.99046516418457,30.02914098320338,29.69763336084957,29.89653877733148,3738300
30.294326782226562,30.482179414377764,29.907566775804582,29.918617302579207,3027400
30.073326110839844,30.38825880621772,30.034650313700304,30.366157748517168,3625900
29.797069549560547,30.07332645092293,29.714191636082674,29.90204641331601,4037900
29.56501007080078,29.63683744902171,29.205877395041583,29.283228983430558,6087500
29.58711814880371,29.730772939339513,29.498716011425223,29.504242330577558,3360000
29.051172256469727,29.482132281347592,29.040121729207144,29.47660596388002,5448100
29.161684036254883,29.255612498687245,28.769399658720122,28.81912599584941,4411500
29.576086044311523,29.67553877428133,29.089875039653073,29.117500329605903,3777000
29.752880096435547,30.05676450340518,29.603703160962553,29.918635993936725,6911500
30.167259216308594,30.487718301882627,30.056758118346984,30.333015078597697,7928600
30.316436767578125,30.437990498689288,30.16725776330712,30.16725776330712,3346200
30.631380081176758,30.80266020610788,30.443525208168875,30.5429779119774,5710300
30.63690757751465,30.82476245772843,30.54297908357073,30.54850540492428,3916700
30.189359664916992,30.62584615907656,30.183835453200608,30.576119822935933,3746300
30.68661880493164,30.77502093394583,30.078852323745206,30.250132370817138,5380700
30.167259216308594,30.437991964730564,29.78050115809627,30.388265627578505,7962100
30.211458206176758,30.388262473773953,30.04017814983498,30.28328559853597,3877800
30.294326782226562,30.344050991203662,29.97386782877986,30.001493091880185,3219800
30.150672912597656,30.426929766924314,29.962818167348626,30.333003448136065,3550000
30.095447540283203,30.33302880220182,30.062295931291896,30.161748650591516,3500300
30.250125885009766,30.355102732058636,30.00149429181764,30.040170083239463,2830500
30.34958267211914,30.48218480150451,30.250130021243688,30.288805817953826,2712100
30.12859344482422,30.47667792081829,30.123069231155633,30.305397789655547,2516400
30.172780990600586,30.377210520242432,29.808121942308603,29.808121942308603,3003100
30.299863815307617,30.36064068445385,30.078857401625577,30.222512202820912,2950700
30.21698570251465,30.305387845924017,30.078857221707935,30.139634090490627,2736000
30.22249984741211,30.349577745642264,30.078845104944975,30.084371422248136,2770900
30.051223754882812,30.183827987684584,29.890994254985234,30.062274283255693,2800900
29.780506134033203,30.156215831364264,29.69762818904082,30.06228735319465,2600100
29.973878860473633,30.062280999533996,29.725247185718462,29.774973520669494,2600200
30.045705795288086,30.360638542579515,30.01808052244507,30.16173320583267,2990200
30.228036880493164,30.23356320014072,29.946255700996293,30.001506251431476,2792000
30.172780990600586,30.294334709255587,30.07332833127795,30.11752834226966,2727400
30.36064338684082,30.437995006212557,30.06228533411536,30.10096114380123,2959200
30.272241592407227,30.520873305946953,30.20593839701425,30.393793235280533,3155700
30.23907470703125,30.34405155182096,30.05674628106254,30.150672598873463,4415900
30.15622329711914,30.327501334585165,30.023618973837312,30.16727172535793,4033200
30.355104446411133,30.426931823539324,30.178300216305335,30.299853914880327,2558500
30.415897369384766,30.736356523097854,30.30539414025357,30.426947903065265,2773500
30.338542938232422,30.554023055908864,30.316441872913405,30.415894559175392,3042000
30.01255226135254,30.443512391303887,29.97387646034014,30.28880918725429,3474100
30.11754035949707,30.3330226124579,30.001512913215457,30.25014466072882,3294600
30.00702476501465,30.067799511613973,29.835744730945144,29.995974236267628,3838000
30.283281326293945,30.388258186722222,29.813643344259088,29.813643344259088,2628100
30.277759552001953,30.327485884440602,29.868900469882544,30.205932158996546,3863300
30.30539321899414,30.360645885716995,29.797081331186213,30.20594052656672,4304400
30.36064338684082,30.554022435270163,30.139636953487095,30.222514892913132,3829500
30.194881439208984,30.531913102682164,30.167254061765803,30.36063516550315,2638500
30.49324607849121,30.603749297044427,30.33301862464632,30.38274496761159,2526300
30.781898498535156,30.837410542503623,30.4932312110719,30.532090065379574,3215600
30.593154907226562,30.798552013256224,30.459923035587828,30.476578343073143,2822300
30.65978240966797,30.79301433617052,30.482141252764322,30.59316750524151,2345900
30.77079963684082,30.83741452172864,30.559850030772218,30.559850030772218,2520100
30.787460327148438,30.953998638754044,30.465486540397542,30.743051098956723,3756200
30.72638702392578,30.976195478926993,30.654221783985705,30.74859269051454,3012800
30.915136337280273,31.070573912815956,30.72639237371139,30.787456908637985,3180900
31.087236404418945,31.114992441964333,30.87073634685501,31.031724329328163,6248500
30.77079963684082,30.97619676720685,30.643120225118746,30.93733790788487,3406000
30.421083450317383,30.85408571918078,30.415533089405717,30.748609803008236,3516800
29.988069534301758,30.23787801366429,29.97696669992463,30.143504980283275,3564400
30.060243606567383,30.093549999481617,29.727164853877813,29.971423029380084,3694100
30.260086059570312,30.37111230218417,29.982521511860387,30.03248321515415,3002400
30.1712646484375,30.587611458402964,30.032482378449014,30.376663932728018,4301400
30.593154907226562,30.748590326097794,30.248975572162234,30.28228195183535,4419800
30.565414428710938,30.8096705136726,30.543208752537193,30.543208752537193,3801600
31.36479949951172,31.659017295045036,31.003964675908737,31.309287427103484,12705400
31.481361389160156,31.60904079006612,31.359234463486402,31.503567054791326,5536000
31.37034797668457,31.63681183766908,31.287079873070397,31.481374232486502,3806200
31.381446838378906,31.836652523613015,31.37034400244034,31.509126275198287,5313200
31.781147003173828,31.986544216191245,31.420312172671736,31.459171047630438,6237800
32.175289154052734,32.28076506138172,31.770045076675373,31.781147915217893,6354700
31.90328025817871,32.26966549665263,31.642368820084357,32.253010178324175,3711100
31.808887481689453,32.042042735051695,31.670105248246088,31.703413746626072,3740200
31.71453094482422,31.96433950170525,31.5646458106956,31.64791391788942,3470700
32.036495208740234,32.06425123618682,31.5868420582178,31.60349525115592,4988100
31.90328025817871,32.1974980976297,31.753395099123452,31.753395099123452,4237900
31.925460815429688,32.09755152981988,31.742269387019512,31.781128239035265,3400200
32.064266204833984,32.0809215231965,31.736739845706335,31.847766124972512,2972300
32.3751220703125,32.56386600895376,31.8977108068288,31.8977108068288,5138800
32.2696533203125,32.297409350186534,31.908818579002105,32.03094765162704,4654900
32.01431655883789,32.530587152127865,31.964356937859126,32.275228095865344,4857200
31.969886779785156,32.092015866408836,31.73118108373863,32.092015866408836,5434900
32.175289154052734,32.186391992595254,31.88662170489696,31.986545134129724,3871400
32.19749450683594,32.302968295452644,31.91992989901839,32.17528882997456,3517600
31.94767951965332,32.27520577580114,31.9421291603777,32.03650009160953,3384200
32.34736251831055,32.55831210147691,31.93101582707759,31.97542503963174,5044500
32.658241271972656,32.72485616144905,32.36402145129104,32.36402145129104,3953100
32.797019958496094,32.96910858072325,32.630479576451975,32.66378807639059,6672300
32.50836944580078,32.885857502930406,32.48061128934859,32.75262555196994,4469600
32.7359733581543,32.75817691928832,32.55833216318167,32.61939460336282,3915600
32.7803840637207,32.863654304059146,32.64715422035942,32.735974821817,2857600
32.53057098388672,32.78593203088144,32.20859714202798,32.71931500071766,4325000
32.50836944580078,32.630496440060355,32.35848429508902,32.46395808959729,3353500
32.364017486572266,32.43063236788807,32.04204379550511,32.214132415375026,5130900
32.364017486572266,32.53055574868624,32.241890557101435,32.336261462494754,3274300
32.69156265258789,32.78038325184564,32.34738309517035,32.46395973463675,3640300
32.58606719970703,32.7637082801823,32.48059135229134,32.7637082801823,1990800
32.53057098388672,32.59163553604524,32.39734115885893,32.425097195935564,2872800
32.58606719970703,32.6804380972382,32.44728497323268,32.475040994997805,4379100
32.574981689453125,32.66380227692174,32.519469616403924,32.61384056411753,3629900
32.33072280883789,32.58608171103214,32.16418236878544,32.574978873852004,4505100
32.48615264892578,32.59717888378444,32.20303564415372,32.569420736832804,4379200
32.4195442199707,32.54167119678466,32.336273997809165,32.34737683527402,3710400
32.958011627197266,33.030178997781285,32.46949958017287,32.46949958017287,4974400
33.08570098876953,33.180074058271174,32.84699525242118,32.8747534078128,2664900
33.25223159790039,33.30774365693556,33.191167062372124,33.21892309188971,1233200
33.0968017578125,33.357713155099056,33.080148559738824,33.29109824515455,3345600
33.1800651550293,33.36325664908838,33.15230912473542,33.15230912473542,3907500
32.86363983154297,33.357704341927395,32.83033132654598,33.25778094458568,4430800
33.23002243041992,33.29108695952235,32.99686714817874,33.22446995451111,4360600
33.25223159790039,33.33549968645315,32.99687062045041,33.10789685617006,2443800
33.23002243041992,33.29108695952235,33.091240179786794,33.252228098757,2987300
33.14674758911133,33.49647940465102,33.14674758911133,33.25222344011072,3955800
33.01850128173828,33.169041813264364,32.89583815377417,32.97947249136962,3047700
32.93488311767578,33.18578412676406,32.80107066410243,33.09099835581489,3198600
32.895851135253906,33.130023969876014,32.84567093827626,32.985060138001906,2590900
33.068695068359375,33.314019298341414,32.97948606410132,33.06311830920613,2426900
32.87913513183594,33.11888479858075,32.72301773426726,33.007372979434855,3492100
33.035247802734375,33.32517765893282,32.87913254436247,32.87913254436247,3091300
33.23038864135742,33.23038864135742,32.907006762360524,33.01851856187729,2730500
33.353057861328125,33.59280752919978,33.31402904348028,33.34190646667002,6020900
33.196937561035156,33.26384379193732,33.068699732259866,33.14675735613085,2735300
32.99064254760742,33.397660978440996,32.95161373263613,33.235968958182276,3008600
33.029666900634766,33.26941437609964,32.90142696055546,33.13002517131911,2764800
33.01850128173828,33.19691921682633,32.873535380160774,33.090982105617485,2422700
33.012939453125,33.25826581998828,32.856824221056016,33.17463144457388,1444800
33.00179672241211,33.23039499804054,32.85683284414746,32.907013057183505,2365500
33.07986068725586,33.20252179154765,32.90701723664337,33.00180091391027,2305400
33.196937561035156,33.2025121940642,33.040820186382454,33.17463477509752,3818400
32.94045639038086,33.19693200500621,32.90700221707349,33.14675180850035,2162100
33.319602966308594,33.40881199475866,32.85683179588357,33.40881199475866,4424100
33.3028678894043,33.43668245917611,33.090995706811604,33.20250749380305,3380500
33.10774230957031,33.38652086896771,33.001805095775865,33.23598019166372,3054100
33.23038864135742,33.30844838985663,33.02966995452004,33.23038864135742,3051600
33.063114166259766,33.23595752087507,33.00735934317621,33.23595752087507,4769700
32.95160675048828,33.11329873648593,32.80106828287442,33.06311853831116,2945200
32.817806243896484,33.174642393198205,32.65611419908439,33.05197916928403,3161000
32.806640625,32.86797221036669,32.57804243303072,32.72300625824356,2984500
32.72859191894531,32.97391620022789,32.678411710624914,32.89585857104302,2544100
32.57805252075195,32.695138968938295,32.416360495974075,32.449814678417724,3129700
32.55574035644531,32.76761253041428,32.360596332335966,32.56131711536863,3039700
32.52228927612305,32.58919549681691,32.29368894550739,32.52786390830153,3209400
31.93686294555664,32.494419922270474,31.91456228294051,32.494419922270474,4123500
32.05951690673828,32.24351167685919,31.90340167893421,31.925702335113034,2852600
32.36058807373047,32.555732048037974,32.08738438279017,32.08738438279017,4745200
32.1375732421875,32.44422905327959,32.00933543489118,32.39404885678013,3613400
32.00376510620117,32.315995591372854,31.97588556124456,32.137577563585985,3707100
32.44981002807617,32.49441347136469,31.223184497437565,31.842072959031764,7294100
32.1375732421875,32.50556064088009,32.09854443678907,32.34386866028067,3602800
31.881107330322266,32.115280233981245,31.752869483997916,31.953590331083337,5381000
31.931272506713867,31.947998527124916,31.669220176754,31.67479693483103,4635000
32.031654357910156,32.12086340476067,31.78075324898326,31.82535883586424,3478600
31.97031593322754,32.10970517218879,31.83650132798391,31.864380877304953,3346900
31.65251350402832,32.104135473371976,31.65251350402832,31.914565994168488,3285100
31.702686309814453,31.936859191591484,31.51869150820894,31.669232129455956,4960500
31.93686294555664,32.17661261569648,31.75287024923484,32.17103798177021,5287500
32.17660903930664,32.38290662913701,31.81419832087079,31.94801078933882,5398100
32.29927062988281,32.42193382561837,31.948009195583264,32.109701203250914,4216700
32.11526870727539,32.249083266274404,31.9703048846942,32.24350863448331,2854000
32.31041717529297,32.3884747874461,31.959155793693448,32.11527101799972,3227500
32.271392822265625,32.366176470984705,31.953585570697054,32.19333519934152,2519200
32.72859191894531,32.72859191894531,32.104128758555476,32.14315757314791,3396900
32.85124588012695,32.96275766634083,32.639375825922066,32.6561018494355,4136300
32.806640625,32.951604450212834,32.739734407741025,32.739734407741025,4428600
32.895851135253906,32.99063477015036,32.75646193552825,32.75646193552825,3959800
33.263832092285156,33.39764663393458,32.672821234274345,32.7620302197373,6065400
33.196937561035156,33.28614657787495,33.03524555335341,33.15790874909966,3984400
33.18021011352539,33.3976590906741,33.17463548037784,33.325176098291195,3548300
32.95718765258789,33.135605684768485,32.88470466235493,32.99621646419548,4638200
33.035247802734375,33.157911006832805,32.87913254436247,32.918161358955444,3496500
33.051979064941406,33.11888743790767,32.86798635656222,32.89586378184255,4228800
33.163482666015625,33.247117048020435,32.907007014003234,32.907007014003234,3865300
33.27499008178711,33.28056471396122,33.07426929295282,33.07426929295282,3505300
33.319602966308594,33.358633910234566,33.1523363038286,33.15791306449417,4036400
33.49880599975586,33.56040561735566,33.35320865141524,33.35880764564915,6006300
33.599613189697266,33.683613077153865,33.42041542358202,33.43161555098996,4640700
33.78999328613281,33.8179925218026,33.54919601420404,33.56599512836497,3656300
33.87400436401367,33.90760260347873,33.543608146639365,33.599606636551435,4221500
33.84039306640625,33.879592423934255,33.65559426417014,33.74519310083483,4281900
33.6331901550293,33.70598772818723,33.36999268470699,33.661189385951914,3607200
33.54358673095703,33.711584229641794,33.431587686432486,33.711584229641794,3011900
33.6331901550293,33.661189385951914,33.44839138577209,33.64998926634199,4085900
33.52119445800781,33.672392883603585,33.31959655721345,33.5715939332064,2759700
33.33639907836914,33.53799699977393,33.21880100295128,33.42599791719295,3005600
33.49880599975586,33.543606498448575,33.23560841044954,33.23560841044954,2094300
33.11240768432617,33.39800335548937,33.028407826581336,33.375603108596735,3006400
33.22999572753906,33.3419947919289,32.949999134666704,33.039597958937684,2171100
33.03400802612305,33.1348048618911,32.9556071642067,33.11800574529727,2911800
32.72600555419922,32.93320459978884,32.698006318261505,32.905203227646346,3856000
32.70919418334961,32.933192259326134,32.55239681188843,32.80999310391865,4185200
32.54121398925781,32.81001054156547,32.5020146255591,32.64201296339883,3924900
32.36200714111328,32.75960179551507,32.334007908699895,32.703603330688296,4488900
32.39561080932617,32.61400998574146,32.306011968824336,32.61400998574146,5097900
32.37321472167969,32.43481219270238,32.26681462330277,32.43481219270238,3549100
32.418006896972656,32.49080661311028,32.244410367373554,32.36200842991577,3505100
32.49081039428711,32.63640770730191,32.227612868839564,32.356411067023195,3452200
32.367618560791016,32.692415762866084,32.32841919312062,32.58041665400553,3924900
32.530025482177734,32.67562286559282,32.34522658486019,32.34522658486019,3203300
32.37321472167969,32.59721076881084,32.21641513886239,32.56921152994507,2902700
32.41242599487305,32.47402562473855,32.36202649191088,32.39002574106636,2186400
32.406803131103516,32.54680141920288,32.30040520118156,32.39000402011698,2567600
32.13801574707031,32.367612918921886,32.093217393057905,32.27801407469212,2696200
32.5244255065918,32.64202363613819,32.22762748071009,32.36202686891012,3285300
32.5244255065918,32.843621650335336,32.45162574897487,32.58042400555509,4554900
32.08760452270508,32.59719816333808,32.08760452270508,32.49080024231068,6195800
32.03163528442383,32.26123258169315,31.970035644828574,32.171633688519904,5696000
32.070804595947266,32.23320310511757,31.64520865027366,32.03720424143489,6023000
32.199615478515625,32.39001329027157,31.925217815377223,31.94761806057321,5627300
32.401214599609375,32.49641244087162,32.32281587475693,32.37881435359295,4331000
32.5244255065918,32.653223763172015,31.891632214518726,31.891632214518726,6510600
32.61402130126953,32.67561878981952,32.42922242700276,32.56362180248819,4987100
32.57481384277344,32.88281191029844,32.46841586975903,32.61961433848806,3901200
32.45160675048828,32.57480380332413,32.33960768192468,32.55240569857506,3267600
32.73161315917969,32.73161315917969,32.30601699838342,32.3396173698795,3961800
32.89400863647461,33.034006966814005,32.74281018336347,32.7596092994186,4345500
33.14040756225586,33.21320729795459,32.92760948509313,33.028408461843625,3899500
32.98359680175781,33.17959354628368,32.899596976272846,33.07319561871311,3695800
32.87720489501953,32.93880449749785,32.714806331432136,32.81560529254122,2878000
32.94999313354492,33.04519093240518,32.71479492754204,32.79319575367906,3168500
32.675601959228516,32.93320045154097,32.574803013585495,32.87160085851418,3133900
32.83799743652344,32.8603976748457,32.429202700061495,32.6812000406762,4834700
33.43718719482422,33.51558588634343,32.765195053481634,32.85479386324704,7062800
33.40918731689453,33.59958505096483,33.29158928190514,33.31958850887346,4452700
33.40359878540039,33.59959557175372,33.12920114830098,33.16280151290644,5313700
32.86599349975586,33.302789560138415,32.8155940364888,33.23558885164627,4429900
32.81560134887695,32.98920001352564,32.53560474304625,32.86600082337466,5633200
33.190799713134766,33.3643983872065,32.675604819614776,32.703606190681434,5482200
33.44839859008789,33.6723967581237,33.347599628092254,33.40360023820364,5006200
33.80120086669922,33.890799722337576,33.24120748490819,33.4708046859943,5498600
33.91320037841797,33.94679861455841,33.66120292633836,33.76760090112519,5509700
33.969173431396484,34.03077299981045,33.801175967851634,33.98037354712663,4104100
33.834781646728516,33.96358193795167,33.71718360991167,33.71718360991167,3523000
33.85719299316406,33.890793358796394,33.61079672047475,33.78439540526791,4409100
34.21558380126953,34.26598327491767,33.789989907510964,33.806789019992166,4681800
33.974788665771484,34.15958745937256,33.72279341806772,34.0867877404202,4373400
33.4596061706543,33.87960122718971,33.40920667842184,33.806801485919415,4318100
33.89079666137695,33.89079666137695,33.45960153999806,33.622000118739145,4488600
33.935813903808594,34.21157851381514,33.935813903808594,34.13841612392006,4118700
33.84014129638672,34.05962631579088,33.69381651888614,33.85702409884959,5256400
33.72758483886719,33.93581394452191,33.598145008495514,33.76697947650871,3212000
33.60940933227539,33.82326537671963,33.51936411702327,33.64317494621539,3964600
33.19858169555664,33.67694655369002,33.15918489671449,33.45746145062065,5054500
33.125404357910156,33.24921729232157,32.95094087277104,33.057871005888735,4012000
33.24921798706055,33.24921798706055,32.99033619635043,33.1985674352745,5154300
33.598148345947266,33.682564514915924,33.418057942597784,33.418057942597784,6195700
33.37864685058594,33.81198984096492,33.26608986725378,33.72757156675433,3811300
33.367401123046875,33.688187228014414,33.26610002181012,33.339262405335894,3960500
33.54750061035156,33.7332179151966,33.37866611135232,33.44619948158259,3471200
33.77824401855469,33.97521725705547,33.38429539470584,33.51373525812739,4305600
33.47996139526367,33.78386258166907,33.45744956016794,33.558750671251985,2952500
33.491214752197266,33.547494339241304,33.24359100974372,33.37865987180267,2877100
33.266117095947266,33.53625278894603,33.0072373251794,33.041002945024466,3501200
33.15355682373047,33.412436569536446,33.074767522558865,33.29425261777904,3054000
33.48558807373047,33.536238628959566,33.24359121506333,33.40679879822894,2972900
33.789485931396484,34.04836555092068,33.51372136496669,33.51372136496669,5366400
33.91893005371094,34.17780970614985,33.87953541733313,34.104647318513926,1810800
33.91893005371094,34.17218282103017,33.823255831902934,33.91893005371094,3799300
33.969581604003906,34.14404295684038,33.80637402173704,33.82888585656973,3481400
34.02587127685547,34.172196109026316,33.89643140030279,33.96396478223299,2493500
34.30161666870117,34.34101129821275,34.110270405282236,34.13278223553065,3276400
34.661800384521484,34.66742726915057,34.20594544309197,34.2228303906722,4243700
34.38604736328125,34.89255302398115,34.35790863698619,34.62241738722361,4395500
34.93193817138672,35.08388982827763,34.66742949307514,34.86440481727296,7825100
34.779972076416016,34.94880646503612,34.6167645704501,34.892529051111325,4958500
35.05012130737305,35.08951594197737,34.52110610922461,34.554873858962566,5653500
35.57350540161133,35.59601723210004,35.050117150403494,35.06137306564785,8060800
35.26961135864258,35.76486102474189,35.19082207816364,35.58477062740521,5856700
35.16267776489258,35.505975701117436,35.16267776489258,35.44969826596598,3361800
35.32026672363281,35.47784745288195,35.067016043871696,35.196455900394334,4319400
35.652305603027344,35.68044647319772,35.29212479205514,35.30338071075389,3850200
35.297760009765625,35.75924202304136,35.19645887057365,35.528501016403496,5030900
35.809871673583984,36.00684480314294,35.354016813516836,35.382155525332955,4796800
35.16831588745117,35.93369907885494,35.12329221021426,35.92807219262387,4194600
35.52849197387695,35.646675890572254,35.30337791144579,35.444073663753564,3117400
35.669185638427734,35.77048674590781,35.382165118285286,35.562255498950606,3922800
35.55100631713867,35.866165616435,35.37091590235422,35.56789126948209,3479200
35.56788635253906,35.59039818798683,35.10077542780844,35.427190601260705,4249300
35.36527633666992,35.67480649192729,35.359649452470904,35.57350540157451,3586400
35.55100631713867,35.663563363090724,35.202081406849686,35.34277717757798,3070700
35.54536056518555,35.59038421840886,35.30336379622515,35.517221855343955,2963600
35.80425262451172,35.91118276480717,35.64104719174186,35.731092382763634,3129900
35.36527633666992,35.98433664718466,35.36527633666992,35.68606240717164,3130300
35.56788635253906,35.72546490697985,35.3484013240403,35.3484013240403,3087900
35.641048431396484,35.71983770792512,35.43281717560307,35.44970212546404,1966900
35.989967346191406,35.99559423065119,35.62415759775879,35.62415759775879,4108000
35.787376403808594,36.01811738241581,35.691702163151064,36.012490496187525,4445000
35.61854553222656,35.78175315846573,35.52850031548208,35.708590748971055,3387100
35.263980865478516,35.61853473820988,35.12891200787006,35.567884184962544,4791500
35.46096420288086,35.511614770635,35.06701772795675,35.24147912489535,3300500
35.62416076660156,35.725461870660105,35.455326308786184,35.49472094404822,2342600
35.87179946899414,35.922450039135285,35.56789604814729,35.59040788973166,3142600
36.05751037597656,36.096905018312476,35.62979619625226,35.70858548092408,3815500
36.09689712524414,36.333264927574625,35.93368955877031,36.01810785780064,4266400
36.11941909790039,36.23197399907695,35.86616627655888,36.018117969363786,2673300
36.58090591430664,36.62030056431272,35.94496033344834,35.94496033344834,4664800
37.036746978759766,37.08739968028064,36.50210485890081,36.50210485890081,6725400
36.941070556640625,37.13804372006913,36.83414042776818,36.85665225983043,4616000
36.738494873046875,36.99174994623167,36.73286583754605,36.8060304179687,2498000
36.811649322509766,37.00299353991756,36.68783633774244,36.98611073175744,2725600
36.693443298339844,36.81163148558276,36.68218952958435,36.693443298339844,2634600
36.710411071777344,36.80652538925925,36.625602544894136,36.710411071777344,2888300
36.30899429321289,36.54079970163889,36.241146598444985,36.35987682913267,3956400
36.597328186035156,36.76694089045596,36.354212760846046,36.76694089045596,3109500
36.5916748046875,36.68213405513122,36.393791150397966,36.450328721117806,2529000
36.863067626953125,36.863067626953125,36.46164515009677,36.716070762892876,3480700
36.546451568603516,36.665181788940735,36.4220662958099,36.60864420500032,6456300
36.49557113647461,36.676494003615964,36.46730018610758,36.54645367088558,3392300
36.76694869995117,36.817835541564016,36.552104169968054,36.580370803272196,5788000
36.45598602294922,37.015715340650175,36.37682824280626,36.68779137127369,4116900
36.61994171142578,36.67648359611524,36.32594375332542,36.45032899797794,2760800
36.81783676147461,36.97048866428933,36.61429801536099,36.7669499181757,3859300
36.52949142456055,36.998761575983885,36.416416254513564,36.817838715783964,3634900
36.342918395996094,36.51818622718589,36.21288236432037,36.455997894781305,3657400
36.78956985473633,36.987453570321364,36.427724113797545,36.54645434314857,5095200
36.993106842041016,37.02702853063903,36.77260723907136,36.93091420391713,3804800
37.26448440551758,37.309711875016426,36.84044614499165,36.86305772297095,4217300
36.91960906982422,37.24187805786928,36.8630671697654,37.18533615781046,3404400
36.89699172973633,36.98745100191881,36.77826150862992,36.77826150862992,3031200
36.37118148803711,36.91960507637253,36.28071790856117,36.85741244386804,4931000
36.557762145996094,36.772606693162835,36.21287727189868,36.32595244124092,5275700
36.69910430908203,36.863061992894856,36.439023683251705,36.64256241696368,3626200
36.625606536865234,36.69345422847497,36.241144911492746,36.523837156221305,3998900
36.42206573486328,36.62560448474695,36.280719620418566,36.50121921386903,4038900
36.02629852294922,36.46729771209166,35.88495240778607,36.35422254537759,4414500
35.851036071777344,36.094151613313834,35.69838197661925,36.02630606772279,5210900
36.1054573059082,36.25810923474944,35.404379522738246,35.404379522738246,6152700
35.534423828125,35.9019247075247,35.14430920222892,35.9019247075247,10942300
35.30826187133789,35.41003125219335,35.02556962602177,35.36479945769285,6573800
35.43827438354492,35.51742780983297,35.20081194791169,35.206466996514614,3871600
35.263023376464844,35.47787004597759,35.18952495952306,35.296947215894306,3829300
35.726646423339844,35.76057027038954,35.25737840139149,35.42134042697557,6167200
35.51744842529297,35.76056389387199,35.31956474471487,35.6305257385249,3834400
35.51179885864258,35.726643401472884,35.29129710662638,35.60226028635286,4814000
35.72098922729492,35.95844965774621,35.40437316325606,35.44394990166461,4842700
35.732295989990234,35.89060293837462,35.44960377829216,35.590949884141196,8868900
35.98105239868164,36.12805350768855,35.5852830025157,35.78882167235931,6068000
36.08283996582031,36.173301402929894,35.84537950219671,35.87930119313106,4582500
35.92451858520508,36.048901663374394,35.83405718436834,35.96974820723849,2975500
35.91887283325195,36.07152689107783,35.80579767051024,35.98106546682218,2534900
35.86798095703125,36.037597980682484,35.65313646547445,36.02063498425533,3627500
35.817108154296875,35.98672523417444,35.77753141079764,35.82841610340676,3567000
35.737945556640625,35.88494670082348,35.647484143593566,35.73229266191215,3839700
35.75490951538086,35.85667672062014,35.59660042071584,35.67575388966321,3086500
35.77753829956055,35.8340780559964,35.647500094914854,35.8340780559964,3361500
35.84537887573242,35.92453236222361,35.67010890080856,35.766223232470495,4406600
35.91887283325195,36.04325810039241,35.76056587999717,35.79448972288197,3463600
35.44396209716797,35.90192442931817,35.35915569572838,35.84538682835845,5012300
35.36479568481445,35.50614179239306,35.31956605190992,35.398719527070675,2909100
34.720252990722656,35.302598183462955,34.578906902638494,35.302598183462955,8574600
35.019920349121094,35.099076002552025,34.646766610030795,34.67503756464164,7792800
34.6241455078125,35.03687590752303,34.57326081980597,34.969028219000606,7576900
34.940765380859375,35.11603537091805,34.73722659415148,34.771150444193104,6659300
35.21215057373047,35.26869032518532,34.92945828676918,34.94076623706015,5036800
35.33651351928711,35.4722066801798,35.07078224745579,35.155590742609924,4566300
35.370460510253906,35.56269135594766,35.27999906267867,35.29695991010808,5658000
35.35914993286133,35.46091932341935,35.223456693193675,35.325226083751694,3593000
35.246070861816406,35.466570478274036,35.05384003984321,35.07645593813906,2142600
34.77113342285156,35.20647957980372,34.72590164493815,35.08209434731171,4767200
34.95207214355469,35.00860973493255,34.60718722854545,34.68634071918281,5872800
35.31957244873047,35.34784124401194,34.8559573044477,34.95207163975886,4107600
35.0368766784668,35.336529760670686,34.997299937676495,35.279992175761855,5203400
35.031227111816406,35.116035659231315,34.74853482946133,35.053843012029844,5289500
35.55135726928711,35.715317039699634,35.099050363931184,35.15558791831213,5796600
36.28071212768555,36.28071212768555,35.562675912554134,35.562675912554134,6823500
36.18983840942383,36.354570577409014,36.01374734500631,36.354570577409014,4688900
36.02510070800781,36.30344129967473,35.91717387326807,36.155751832825565,3652400
35.939910888671875,36.2239310453705,35.7865397440264,35.7865397440264,3011900
35.65019607543945,36.002382501094225,35.513867663554606,35.90581455634984,3828700
35.70132827758789,35.843338337827944,35.44571190267705,35.70700989346236,4336100
35.65019607543945,35.96261986705272,35.49682715379426,35.837650350407415,3838600
35.502498626708984,35.70699336550292,35.44001388242189,35.553622311407466,4092700
35.71267318725586,35.98533211954709,35.2468805737291,35.485458493796784,6545700
35.82628631591797,35.979657391739686,35.638834223403116,35.84900843831397,3102600
35.945587158203125,36.093278840084906,35.644526512146506,35.67292809192327,4259900
35.95693588256836,36.07622377683045,35.83764798830626,35.96829694396011,3539600
36.008060455322266,36.07054521105344,35.80924729336031,36.00238100793805,3073700
35.84333038330078,36.20119626241879,35.75812566620673,35.78652723857141,3017300
35.695648193359375,35.92286515246042,35.54227707100139,35.746771900812035,2693700
35.72403335571289,35.871724961332184,35.55362179814491,35.82628072363378,2342600
35.928531646728516,35.99101639629651,35.650191080534924,35.75812007229809,2489300
35.530914306640625,36.01374977990726,35.530914306640625,35.843335985282906,2857700
35.62749099731445,35.98535485314411,35.4741198447152,35.6161299304291,6161600
35.87173843383789,35.928541585394186,35.50251144801797,35.61611991803189,5414300
35.75811767578125,35.91148873255989,35.61610767878998,35.61610767878998,4542400
35.837646484375,35.93989386570909,35.70699753420385,35.78652279370796,6122600
35.9853401184082,36.05350649180854,35.792206394242704,35.81492851870948,4916500
36.43976974487305,36.519295004450065,35.383214914719346,35.78652282651756,6427100
36.89421844482422,36.95670322909001,36.46818818872323,36.46818818872323,6909300
36.752201080322266,37.064624939772585,36.689716308432196,36.79764533875195,4982100
36.83740234375,36.916927616929726,36.6385891608007,36.6385891608007,3517700
36.922611236572266,36.922611236572266,36.67267217369249,36.735156939412434,4494400
36.87717056274414,37.2293570642837,36.479544136653516,36.587473166793686,4144300
36.82036590576172,36.92829493150228,36.73515900827194,36.92829493150228,5333700
36.81468200683594,36.9964546877651,36.66131306790925,36.71243460295062,5546700
36.831722259521484,36.98509553117224,36.723797575036635,36.7578785981579,3860200
37.03620910644531,37.03620910644531,36.63858280947552,36.774911206464935,3586600
36.5931396484375,36.96236655443345,36.54201812322971,36.96236655443345,3750500
36.61020278930664,36.81469768416023,36.58180336901301,36.61020278930664,8566800
36.695377349853516,36.83738732747199,36.58177110127897,36.610170496522315,4451200
36.97372817993164,37.04189455237905,36.58178345631467,36.74083399155658,5131600
37.058937072753906,37.12710344889983,36.85444227811841,36.979411800818134,4277000
37.13845443725586,37.144136050842214,36.74082816223867,36.92260079278958,4382800
36.9453239440918,37.09301556484787,36.71810706611357,36.72378867985844,3097800
36.82603454589844,36.92260030658797,36.604499290763016,36.92260030658797,3646800
36.57610321044922,36.88852701193771,36.55906270015025,36.831719532538195,4129800
36.638587951660156,36.75219424279558,36.479537410549675,36.58178480609244,4323100
35.96261978149414,36.41705143153089,35.67291811485125,35.928536595153496,13901100
36.30344772338867,36.439778319673245,35.53659434912921,35.53659434912921,7276500
36.19551086425781,36.354561376873406,36.10462454749166,36.348881930094585,4961100
36.246620178222656,36.43407218419426,36.01940339296631,36.23525912226985,4969500
35.9853401184082,36.33184493237288,35.9853401184082,36.240958601406824,6885900
36.40000534057617,36.64994000114746,35.92853108621001,35.934210532945436,4701500
36.706756591796875,36.894206550357644,36.42841379387478,36.50793906933753,6386100
36.701080322265625,36.78628722518681,36.48522659082798,36.59315128964524,3994700
36.93397903442383,37.04190808009744,36.58179681600026,36.58747843256298,5729900
36.72948455810547,36.922616162421846,36.485227077832704,36.87149462026863,5618700
36.68402862548828,36.74083176551853,36.4852154684815,36.59882174854201,3385000
36.63290786743164,36.8714880228671,36.57042310455597,36.837402667060665,4021600
35.65019607543945,36.922606865470584,35.50250660141403,36.57610205433662,8262000
35.87173843383789,36.04782950380321,35.50819089641307,35.54227408748764,7139700
36.030792236328125,36.19552442433756,35.502514645057545,35.64452470363778,8967300
35.74676513671875,36.16143416674715,35.695641438939845,36.01942413590587,6344400
35.6558837890625,35.90014124961367,35.65020217356983,35.7467701348326,6917500
35.93421936035156,35.9683025498389,35.72404510909937,35.76380774671732,5539700
35.81436538696289,36.054078022571865,35.73446117509324,36.014125916637035,4346500
35.985599517822266,36.094042846079034,35.71164120688383,35.95706260199626,5168700
35.8885498046875,36.04265166078072,35.74015445709003,36.04265166078072,6075400
36.0540771484375,36.13969004606586,35.78582761183974,35.85431662360657,3652200
35.477622985839844,36.35657362955034,35.3920100901594,36.23671731737883,6438000
35.78012466430664,35.957056998417954,35.323527550565736,35.90568968704543,5619900
35.95133972167969,36.20817402440847,35.734455341137085,35.80294434338302,6198200
35.71162033081055,36.396516796397734,35.54610326765869,36.396516796397734,6687700
35.8657341003418,36.07120332592228,35.814366793946675,35.848612390618946,5506100
36.185340881347656,36.24812118814279,35.76298737435034,35.78010907827393,4345300
36.63053512573242,36.6990263192967,36.05978824272285,36.08261864057761,4800200
36.590572357177734,36.7161373315681,36.24241651162331,36.39651838640441,4558500
36.57915115356445,36.619107599824076,36.39080588892948,36.442173175143694,3149500
36.46501922607422,36.550632132278146,36.13969366606194,36.539214755742535,5320700
35.928504943847656,36.24241519116057,35.88284416310534,36.24241519116057,6602800
35.894264221191406,36.14539419484513,35.76869923436455,35.81436002129291,7390100
36.293785095214844,36.339443702020205,35.711623162170895,35.93992272787575,4953200
36.27667236328125,36.52780020589522,35.899979510747016,36.49355460940063,5079200
36.179630279541016,36.356562527211146,36.025528420710714,36.04265230095344,4596000
36.185340881347656,36.413638250157,36.11114320230235,36.356564452261125,5588600
36.37369918823242,36.436481694747236,36.15110824857197,36.21389075508679,5054200
36.34516143798828,36.43077434075032,36.202474718202595,36.31662452947646,4372600
35.95133972167969,36.38510630553878,35.93421583819861,36.29949341981176,6847400
36.191062927246094,36.21959983844506,35.88285906095294,35.92851986065271,6447100
36.076900482177734,36.196756773612634,35.95704419074283,36.09402436468701,5395600
36.619110107421875,36.704718628265,36.32802807320009,36.47071474720759,8138300
36.7560920715332,36.86453099448276,36.527792497533184,36.7560920715332,4947500
36.847415924072266,36.92161580279445,36.70472920893326,36.75609869069885,6314100
37.55514907836914,37.67500540903661,36.77893291880072,36.9159109603559,12026600
37.623634338378906,37.65788211316632,37.395334709093554,37.41246077371388,5901300
37.68641662597656,37.68641662597656,37.412460555991025,37.60651240935968,5284200
38.0402717590332,38.13729766146633,37.81197218813892,37.81197218813892,8037100
38.00603103637695,38.2172089406193,37.983204994064266,37.98890932741597,4419700
37.903297424316406,38.16013174488112,37.74348466111669,37.988905961536275,4577300
38.22861099243164,38.37700198024683,37.84050311189346,38.108750368844554,5911200
37.903297424316406,38.46833554223032,37.846219260233084,38.46833554223032,6385600
37.834815979003906,37.99462442888675,37.543733814172334,37.58368592664304,4524700
37.72066116333008,38.08023450320919,37.70924814109816,37.77773933784974,5503500
37.89759826660156,37.96038077931822,37.652176904469265,37.75491152941892,4108400
38.25143814086914,38.29709891742875,37.96036048781713,38.125877537007206,5458600
38.41696548461914,38.65097376135562,38.26857445271319,38.2856961598983,5184200
38.47975158691406,38.582486194105485,38.36560395868044,38.48546027466161,3246300
38.51400375366211,38.63386008331972,38.411269134747954,38.54824717514903,2398000
38.32564163208008,38.58247590433565,38.29710255540646,38.354176354301956,3268600
38.337059020996094,38.519697810955876,38.26286350941789,38.32564600169646,3391100
37.86904525756836,38.337057409318476,37.85192355211258,38.24574019540365,4311600
38.125877380371094,38.154412099765125,37.77772158082427,37.86903877911699,3675000
38.120174407958984,38.240030698060465,37.92611825651948,38.07451362474358,4923000
38.496864318847656,38.576768510869385,38.182956237177116,38.262860429198845,6784700
39.17605209350586,39.267373653204096,38.39412756778336,38.49115781357564,8944800
39.090450286865234,39.21601528977341,38.88498107382511,39.067619890477125,5715700
39.65549087524414,39.74680810191157,39.2046003659822,39.25025680208959,8369100
39.39865493774414,39.6155415307811,39.033377296732674,39.09615979951148,7068300
39.19317626953125,39.38152373245055,39.021954865974344,39.284497834989786,6329400
39.20459747314453,39.3358667932527,39.11898458577484,39.23884088631147,4412100
39.067623138427734,39.415779091998424,39.02196669630866,39.23314026016242,6077800
39.27880859375,39.381543228524315,39.02767851886745,39.02767851886745,4080800
39.08473587036133,39.381522237934824,38.999122994605905,39.18747045037749,5001900
39.13610076904297,39.24454403470337,38.845018734847635,38.924922923928435,5645400
38.99913024902344,39.330164441147424,38.95917814683279,39.10186484814976,5697400
39.210304260253906,39.35869965068737,39.01054374685458,39.181769532312636,4965300
38.98769760131836,39.21028841981853,38.81076755442101,38.81076755442101,3721200
38.59390640258789,39.016257883398495,38.5767803380881,38.67951495282075,5889000
38.48771286010742,38.740243254368075,38.453278489520905,38.57954368665123,5435400
38.08022689819336,38.5451128372539,38.04579252446118,38.43032429358794,7122300
38.22945022583008,38.24666741288093,37.78178584756697,37.99987751476982,6997000
37.902305603027344,38.229445250625076,37.86787123340696,38.05152850260683,5067400
37.896568298339844,38.24666568164413,37.74734538609497,37.856393404127964,6423100
38.103187561035156,38.12040474923608,37.61534825415485,37.92527077797818,5708300
38.39016342163086,38.504947628491436,38.08024080862314,38.14911395998157,5174500
38.26963424682617,38.889479400863415,38.25815757896754,38.545122441532605,7758200
38.21796798706055,38.395889131405426,38.18927413578469,38.27536444708252,3496500
37.764583587646484,38.10320007678479,37.603879561268464,38.09745955258704,6368000
37.603858947753906,38.120396373973314,37.603858947753906,37.948220151056574,4750000
37.81047439575195,37.91952240342394,37.592382759142616,37.603859422654835,4326500
37.22505569458008,37.867858103264375,37.138965421645004,37.6382855016819,7719100
37.10455322265625,37.42021190695073,36.920895907457485,37.13324707828168,5993100
37.11028289794922,37.420200969035335,37.02419259876552,37.316893485761796,7752200
37.40299987792969,37.61535545678616,36.874985571230596,37.05864291176665,5194400
37.44889831542969,37.71290534898689,37.133235352081726,37.40872342725217,5104800
37.21933364868164,37.655521370310666,36.93810937099631,37.483340738981084,6917900
37.47761154174805,37.87936058432981,37.30543087850663,37.52352259037442,7159200
37.6440315246582,37.71290463683385,37.3283729460054,37.5809033119151,3470800
37.82770538330078,38.17206229800887,37.695699636982546,37.730134014832636,5679200
38.00563430786133,38.120418523165824,37.67849447763268,37.83345360616746,3851100
37.90805435180664,38.13188656038927,37.8793561184045,37.90805435180664,4156600
37.804725646972656,38.19499775726739,37.78750408934507,37.908033099072235,7152600
37.9424934387207,37.99988553391345,37.575178775003714,37.63831139333659,4928700
38.41883850097656,38.453272866527776,37.8793434207587,38.02856630270423,5630200
38.367183685302734,38.45327398040872,38.02856740428265,38.45327398040872,4891400
38.44754409790039,38.596767025457396,38.20075418563652,38.22945241819054,4474400
38.10893630981445,38.59677572200325,38.02284597149019,38.52790257559654,24336200
37.953956604003906,38.19501032403558,37.64977466683364,38.034306384436256,7537600
37.57518005371094,38.177803641846694,37.4489148127483,38.00562735040919,9939200
37.11603927612305,37.42022137084477,36.87498980997415,37.42022137084477,11559400
38.21796798706055,38.378671944892886,37.16193967943022,37.31689873677821,10956800
38.02859115600586,38.39590589105513,37.65553589670165,37.879368176536765,8252100
39.21086883544922,39.578183417333996,38.34997446314392,38.34997446314392,11364700
38.3614616394043,39.17070467290168,38.10893553187434,38.71155913036944,10338300
37.68421936035156,38.61398250311577,37.66699779434066,38.539373232009794,8881700
37.82196807861328,39.54375717737805,37.3800397578381,38.32702463790594,7404700
37.66127395629883,38.16633058925502,37.62683519176001,37.90806393826603,6964200
38.12614440917969,38.304061188212394,37.36281697214348,37.3685574943258,6558800
38.34423065185547,38.57954386189172,38.02283151496188,38.4475381428191,5264700
38.14909362792969,38.791891849740196,38.126135923045815,38.344227551340886,6114100
39.31991195678711,39.34286966263564,38.30979479312493,38.51640976702707,7561300
39.69296646118164,40.07749817663569,38.99850791045648,39.13625414362911,9067700
40.14064407348633,40.272645450599555,39.31992443849451,39.411750912303354,6706800
39.31418228149414,40.31855920109436,39.31418228149414,39.85941371492562,8567200
38.998504638671875,39.38877684244983,38.56805754827269,38.84354561277123,7648500
39.07312774658203,39.411744104695885,38.568066902296565,39.05591055938781,5473000
38.54511642456055,39.34287826766025,38.35571859393628,39.22808971331117,5052700
38.648433685302734,39.32567107798673,38.33851542209265,38.40164805538213,6099700
39.23958206176758,39.35436627044665,38.16633175779703,38.172072281852046,9704700
39.81924819946289,40.071778714255636,39.18792629121793,39.99142889204647,8667400
39.377315521240234,39.97420291125317,39.1133083950542,39.710195785067135,4963400
39.28547668457031,39.49783219840717,39.08460221404088,39.205126896358536,4848700
39.486351013183594,39.54374308694495,38.91242151810089,39.388779671181275,7342300
38.97556686401367,39.61262478353806,38.70581921247727,39.53227497823819,6499900
39.153480529785156,39.251047517161275,38.929648321693755,39.06739020850332,3995100
39.08460998535156,39.25105011652261,38.88373547488164,38.975566324659844,3175100
38.74599075317383,39.13052255642001,38.648419387716466,39.027215047321796,4927800
39.136268615722656,39.19366071140015,38.648424855623425,38.86078042623999,3789000
38.94686508178711,39.17643780976817,38.80338267414089,38.86077476145226,3953200
39.0444221496582,39.446175416251805,38.74024022331708,39.15921067385686,6216200
39.377315521240234,39.54375565315369,39.1247850619597,39.22235205623229,4591600
39.207069396972656,39.36865213433608,38.45108672888037,39.13781776547431,4537400
39.564857482910156,39.847631668926,38.849274920101195,39.03394152994865,4787700
39.23015213012695,39.599485348415705,39.05702525782942,39.2416918669738,5439500
39.507179260253906,39.72646964602595,39.25326083255809,39.27057705492124,4644200
40.32084655761719,40.390093795596115,39.83032180699997,40.01498844627705,6585900
40.15349197387695,40.378554304287476,40.03230490387129,40.19388766387884,5477900
40.32661819458008,40.67287202975333,40.165035419659446,40.32085052604749,6851300
40.1419563293457,40.55168538689447,40.04962519099715,40.09002088954982,4850700
40.28044891357422,40.43048752378243,39.88803177379935,40.02653064583761,5095900
40.90369415283203,41.03065328084549,40.2285072296327,40.39586204357775,6007600
41.036415100097656,41.17491393115166,40.44201969724249,40.972935551948225,6961000
40.99024963378906,41.23262370230475,40.874834668628836,40.915230346714786,5230100
41.226871490478516,41.544264965047894,40.99026499956648,41.238411230200896,7783400
41.117225646972656,41.4923310422069,40.94409872523362,41.23841273106978,8124000
41.09990310668945,41.39421703569826,40.82867305474011,40.88638054598905,5708000
41.68275833129883,41.861652872592174,41.1633821114802,41.18646598822762,6429300
41.907814025878906,42.04054079277382,41.68275176653656,41.72314744378266,5488400
42.27716064453125,42.29447245417487,41.83857572142609,41.913595030815124,6706500
42.709957122802734,42.842683881052785,42.4156432632943,42.43872713490264,7216500
42.56569290161133,42.84846266825447,42.32331441311819,42.773443375863145,6144100
42.398353576660156,42.53108040414488,42.242538462725165,42.47337289642106,5139100
42.629173278808594,42.634940945627385,42.132880958848524,42.132880958848524,4463700
42.55414962768555,42.8138399271791,42.265607785669886,42.78498398185789,5698200
42.652244567871094,42.675324033933734,42.35793074339769,42.4156382141499,2371900
42.248294830322266,42.525296928353654,42.08671210763687,42.35794213620121,7024100
42.47337341308594,42.81385519755929,42.18483146815628,42.39258202072969,5326500
41.417274475097656,42.761879879556666,40.869046995702156,42.58875749791457,12367700
41.42306900024414,41.82125817866123,41.20377877015325,41.399985122950454,5750600
41.174922943115234,41.5327164380134,40.85175746565845,41.348049821923894,7043100
41.474998474121094,41.57887369461928,41.001790114695616,41.00755778048007,5704300
41.61350631713867,42.00592341262579,41.324964464656944,41.561566494236345,4837700
41.48078536987305,41.80395531835065,41.38268217247822,41.59043270978512,3426100
40.62668991088867,41.46345944371767,40.59783396721918,41.31918853096792,7392900
41.07106018066406,41.09991613683659,40.38433333232564,40.413184885697405,5464300
41.27881622314453,41.307672183151965,40.8056075375115,41.1287731561483,4878200
41.43461990356445,41.49232740481842,40.93832746774013,41.07682635130967,5084400
41.53848648071289,41.76354877050004,41.3307359974018,41.55002621743053,4707800
41.74624252319336,41.81549416842242,41.26149421499074,41.81549416842242,4133300
42.531063079833984,42.62917064608269,41.64812580318738,41.83279239436314,5955000
42.61185836791992,42.88886048162784,42.18481766196948,42.30023704384746,4961900
42.54262161254883,42.877331298177744,42.040557084105444,42.7272882662061,4810900
41.77509307861328,42.64649078992412,41.77509307861328,42.40988433472859,4960600
42.11555862426758,42.49065940247552,41.76353731316333,42.49065940247552,5073000
41.98861312866211,42.4502774676958,41.90782175926123,42.4502774676958,6661600
42.409881591796875,42.64071596167275,41.98861293936285,42.02323655386444,4810600
41.74624252319336,42.311786618896676,41.65968347015736,42.311786618896676,4909100
42.415645599365234,42.55991650276444,41.55002017897003,41.78085450496846,6819000
42.40410614013672,42.8369188531495,42.01745677038504,42.473353356427666,6694900
41.878971099853516,42.52530653947197,41.83857541005236,42.24253230806391,4951000
42.32331466674805,42.369482417480455,41.60773214159186,42.236755637623574,5741400
42.73881149291992,43.25818763153573,42.046312909964584,42.646480403165235,6225000
42.461830139160156,43.20049675226558,42.34641072911224,42.65226886363899,5205200
42.790771484375,42.9292703857097,42.219459663918784,42.825395109008504,6092900
43.32746505737305,43.51213174967101,42.44452729723584,42.606110102646404,7842900
43.188941955566406,43.61598706319533,42.686881954812314,43.28127746082646,8165000
43.30437469482422,44.0257295416807,42.946581105775195,42.946581105775195,7706300
43.57560348510742,43.67947875598064,43.142790590269094,43.67947875598064,2283400
43.102386474609375,44.0949712239499,42.998511224031894,43.66215841367697,6032900
43.81218338012695,43.93337040094459,42.95810216594604,43.37360303891977,6342300
44.527793884277344,44.67206485294936,43.55252072715829,43.91030991167255,6729800
44.16999053955078,44.47584422112249,43.91030021162793,44.47584422112249,4523000
44.539310455322266,44.539310455322266,43.88143553262646,44.27385253939222,7287700
44.193084716796875,44.7297729028843,44.071897629977215,44.7297729028843,4424500
44.23347091674805,44.435449351421845,43.99686446270183,44.019948341350215,4260500
44.230567932128906,44.5321292971532,43.85362286251699,43.96380483195858,6580300
44.67131042480469,44.752499004492805,44.09718991859707,44.21317233973845,3788500
44.65391540527344,45.088856139740386,44.60172464087146,44.75250090988559,3359900
44.816322326660156,44.98450005324653,44.60175425350941,44.86851755016228,3942100
44.35234451293945,45.28601292586515,44.27115153084918,44.94386177927887,5377900
45.28602600097656,45.564390010735174,44.76989669644852,45.09465544524121,7472100
45.63397979736328,45.686170557786696,44.96126938893518,45.40781098663726,4995600
45.50059509277344,45.81375292216219,45.448404333431405,45.57598321997155,6740700
44.86848068237305,45.74995848508269,44.76989076886758,45.74995848508269,5968700
44.665504455566406,45.28022360008193,44.375544014107554,45.28022360008193,7384200
44.5321159362793,44.880067509304325,44.259552469668996,44.76408512644408,5039400
44.3581428527832,44.7814870035772,44.137774531152445,44.76988610933912,4365200
44.85688400268555,45.16424139419782,44.520528794279564,45.12944755348192,7732500
45.0656623840332,45.23384001244894,44.659719435751285,44.85689046078927,1444900
44.816322326660156,45.22226993635278,44.60755028154941,45.22226993635278,3244500
44.47992706298828,45.15263736724347,44.416135416052185,44.653905086349425,3429200
44.67131042480469,44.839488032571715,44.4045473166229,44.653913504078055,2418600
44.0160026550293,44.61332054821472,43.92901362434933,44.61332054821472,3707600
43.6622428894043,44.31175585744013,43.32588772250475,44.31175585744013,4899100
43.94643020629883,44.56114529574158,43.66227004176652,43.72026128001525,4728400
43.81302261352539,44.305954458182185,43.662241951525594,43.662241951525594,5493200
44.83949661254883,44.90908873321747,43.9000228935319,43.99281238775675,7584800
45.199039459228516,45.80795379128907,44.75249785793846,45.1468442739401,7153800
45.66295623779297,45.99931131714047,45.22221967634863,45.23381614398917,9288800
46.14430236816406,46.271885664487115,45.361410096889415,45.66296699547072,7874900
45.10624313354492,45.91233276338495,44.47413152897834,45.819547727832095,8061200
44.607521057128906,45.46000561208815,44.45094433810083,45.37881702822975,7762500
43.39546203613281,44.3929262329618,43.325869967362195,44.08556458089072,9342100
42.64738845825195,43.407083509451134,42.49660776793713,43.11712302585501,9636900
41.812294006347656,42.74016651710327,41.66151334071076,42.74016651710327,10016800
41.44115447998047,42.42702284299623,41.145393528631125,42.06747022715103,8986000
40.26969909667969,40.594453307316044,39.069263297283975,39.434611784249874,14039600
40.88444137573242,41.12800719865667,39.26646082439742,39.7303995175889,12136600
40.43787384033203,40.9829963096961,40.33348793352717,40.76262802841649,8466700
39.96815490722656,40.872834690542156,39.840571577243196,40.51908252084144,8446300
40.75103759765625,40.77423496339508,39.788371253943005,39.98554222605538,6940700
39.799964904785156,40.92501272896121,39.60859439377727,40.745238687778574,9401000
39.080875396728516,39.87536875059806,38.97068899214439,39.50421966872591,8292500
39.463623046875,39.718785260322726,38.44876136818405,38.94169329865907,13195200
39.91596221923828,40.06094246461592,39.42303026984351,39.63179775269702,7728300
40.14213180541992,40.21171949286865,39.74198490480549,39.9275594454122,5598600
39.4056282043457,39.805775090104305,39.092474773560404,39.515814604643495,8681400
38.6981315612793,39.654997703484064,38.460361819652775,39.654997703484064,14149600
40.83222961425781,40.90181728536635,39.31863582541699,39.840561056511056,15291100
40.48427200317383,40.9192126286465,40.30449796046747,40.81482670155526,6044800
41.15119552612305,41.29037533369428,40.188528922456406,40.55387757649826,6934800
41.731101989746094,41.893479112654695,41.151181165389794,41.354152569025544,6635300
41.539737701416016,42.18925078394881,41.41795482802472,41.96888240701874,6603300
41.50492858886719,41.835483244871554,41.29035631500867,41.63251186389419,7899600
41.59772872924805,41.62092167208489,41.27297001174192,41.46434497348645,5963300
41.25556564331055,42.04425829071962,41.226567833332204,42.04425829071962,4920800
41.24398422241211,41.73111575178357,40.652462308808225,41.73111575178357,5848300
41.220787048339844,41.56873877447879,41.07580679374477,41.46435281419248,5531400
41.39474868774414,41.45854033521137,40.907617297388946,41.40054913508979,4771900
41.51654815673828,41.713723625426006,41.151199467702284,41.36577186094695,4681000
41.365760803222656,41.49914013880262,41.12219507564098,41.238177491314474,4673000
41.290382385253906,41.59194384834619,41.18020037998105,41.18020037998105,4520400
41.20916748046875,41.29615647870468,40.79742427489254,41.29615647870468,4804800
40.33930587768555,40.98301858206958,40.21752299097051,40.8380383229641,5893400
40.693058013916016,40.73945275863996,40.11313697820584,40.333509803421386,5024400
40.61766815185547,40.803242698445516,40.20012431591633,40.20012431591633,5965200
40.976234436035156,41.232774611115545,40.229940597541834,41.0053883462078,6690200
40.88294219970703,41.33771464352858,40.7896532634045,40.81297549748014,6138800
40.57392883300781,40.993720179836515,40.399018737336945,40.719689470197686,7205600
40.241600036621094,40.69054534908041,40.130824962644375,40.69054534908041,4702000
40.78383255004883,41.06369498588462,40.218284902751265,41.06369498588462,7215600
40.55644989013672,40.999563599686006,40.463165368699606,40.795499538795845,6049100
40.3698616027832,40.66138285385409,39.79848244171058,40.01420532061582,6734000
39.909263610839844,40.667220759132036,39.664386789980625,40.667220759132036,7798000
40.31740188598633,40.842141183400244,39.617748006680245,39.6469019197498,9426100
40.82464599609375,41.0228828179611,40.329060613819244,40.99956057725538,7871800
40.917938232421875,41.68755444423101,40.65557078795217,40.81299036498141,6252600
41.50680160522461,41.640898904081574,40.81297952977468,41.10450081213021,7360200
41.65839385986328,41.932424605880676,41.314400845594456,41.62924439751259,4580400
41.71086120605469,42.10149861555357,41.50679721961955,41.68753897213906,4777300
41.48931884765625,41.83331189040433,41.431011021603105,41.57677169021079,3740700
41.50680160522461,41.92076129237806,41.36104096404684,41.652562246402375,5078000
41.72252655029297,41.97906671477152,41.62924204846748,41.62924204846748,3770100
42.095680236816406,42.183137529549526,41.559282032171865,41.862466720544994,6499000
42.054866790771484,42.078189031698535,41.41935240649433,41.914937793471836,6937200
41.64091873168945,41.938271826792096,41.535970842139335,41.804170015819885,5123100
41.62923812866211,41.92075939784285,41.4310013525232,41.4310013525232,4699100
41.70505142211914,42.0490489925763,41.570954067057244,41.687560849568776,4569600
41.89742660522461,42.01403330420978,41.483467041088666,41.92658050410112,5689100
41.55927276611328,41.79832234973446,41.47181549287964,41.62923947435254,5376700
41.37853240966797,41.5884280932908,41.174468397329626,41.50097081707098,4305200
41.80414581298828,42.025704811689614,41.24442554219664,41.30272890302177,6035600
41.62923812866211,41.87994659808801,41.46015525874589,41.798320998578326,4302000
41.36687469482422,41.90327731942474,41.34938412685314,41.629246559177865,4760600
41.524288177490234,41.66421713405211,41.26774805024237,41.541778741027805,3739900
41.46015167236328,41.79248571255133,41.04036036933392,41.79248571255133,7591500
41.261924743652344,41.55927772885,41.0287112515294,41.261924743652344,4670800
41.162811279296875,41.740022272413114,40.73136095250128,41.716704480272824,8110400
40.75466537475586,41.261909424893986,40.71385258396014,40.86544040790962,5314300
40.28824234008789,40.725524285417926,40.01421160929249,40.661389244241896,7486600
40.34071731567383,40.79548981389469,40.10749939528158,40.288241170661195,7170900
39.64690399169922,40.57393975869191,39.64690399169922,40.11916715992094,10145400
39.42534637451172,39.85096502640679,39.18629674811552,39.821815562287426,8427200
39.740196228027344,40.055035400559035,39.23294743092505,39.3845397924033,8480400
39.763519287109375,39.93843391568065,39.51864236572063,39.769350960932094,4848400
39.95591354370117,40.45733059677017,39.536122108735256,39.536122108735256,6561300
39.93842697143555,40.08418765381305,39.664396176843766,39.91510472846359,5720900
40.28824234008789,40.708033719326636,40.0958372165598,40.24159786500315,7120600
39.97924041748047,40.649740456684235,39.83347973279543,40.399031901095455,5009700
39.97924041748047,40.0666977179441,39.5711122796676,39.885955892378846,5332800
39.65273666381836,40.29991443938706,39.55361602066077,40.08418703144318,6699700
39.378700256347656,39.891776175788294,39.20378568585578,39.88011728027791,6329100
39.36121368408203,39.59443165232186,38.95308112759663,39.50697435819908,5910300
39.26791763305664,39.477813321778406,39.04053137831839,39.38452882026982,5120000
39.20962142944336,39.46032996744318,38.97640346065657,39.29124705127932,5474000
39.12215805053711,39.6352383917224,39.087176917551595,39.50113663484114,6229800
39.687713623046875,39.84513318375268,39.133824876262125,39.26792219681476,6554900
39.57109832763672,39.90343239361328,39.50696329312707,39.833465688258705,7180400
39.66438293457031,39.71685907580339,39.355371102818175,39.693536840617746,5414300
39.33204650878906,39.62356775873407,39.19211755432861,39.396181539637865,6275400
39.22126770019531,39.76932908317491,39.15713711647983,39.21544047784203,6132400
39.86845779418945,40.0375407091555,39.35538182510343,39.35538182510343,6295400
39.798492431640625,39.868454702571846,39.576933378325386,39.6760540092486,5411500
40.235774993896484,40.28824669784591,39.6760545771236,39.740189625236766,6181400
39.6060791015625,40.229934428538364,39.53028517430315,40.229934428538364,6476300
40.13083267211914,40.25327111314891,39.60609331894651,39.61192499183262,4940100
39.821807861328125,40.17163250094687,39.664383882129634,40.17163250094687,5569800
39.38453674316406,39.77517429032243,39.10467428581512,39.71103923651878,7186500
39.093017578125,39.50114571767396,38.906444078865036,39.50114571767396,6995200
39.119415283203125,39.34238767301356,38.97272480638598,39.15462404175314,5829400
39.48321533203125,39.518419619341735,39.00207067335324,39.27198065489078,5918000
38.44462966918945,39.336510077375195,38.40355652385439,39.23676164965249,9734200
38.35661697387695,38.679333248415844,37.957618807258235,38.679333248415844,9046500
39.65336990356445,40.058232566643994,38.30968462800148,38.30968462800148,10358400
39.60055160522461,39.929141248846875,39.44212789303884,39.51840531347833,7947600
39.87046813964844,40.03476522718373,39.48907649719574,39.80592397441905,6566500
39.6298942565918,40.017154733815836,39.15461861015946,39.87633314906505,8322000
38.74974822998047,39.758979201112005,38.28620588967531,39.318907869046775,10057000
38.65000534057617,39.06073685203571,38.45637285232908,38.87297323584882,7633100
38.174713134765625,38.62652213133478,38.15124213057431,38.60891999735038,8905200
38.66173553466797,38.86123687911603,38.11017799743569,38.215795302934694,6146200
38.186458587646484,38.790822518567246,38.086710157164596,38.57958791481901,10181400
37.92241668701172,38.32141492337336,37.76986182945995,38.27447737770078,5723600
37.56447982788086,38.010419946790066,37.14788182119763,37.85786066041445,6919200
38.44462966918945,38.67933527537713,37.62903115708104,37.62903115708104,8838600
38.00456237792969,38.532648928852154,37.95175596115622,37.95175596115622,8014500
37.511688232421875,38.35662679613379,37.45301293808366,38.116052269717706,9890300
37.31218338012695,38.00456025282694,37.20069944264108,37.74051923044889,9260200
37.7874641418457,37.863741570971165,37.13028925640366,37.13028925640366,9900000
38.5854606628418,38.72041338196117,37.81679959217265,37.85200834742621,9356000
39.17807388305664,39.26022463357314,38.55610795892389,38.55610795892389,5571800
39.0900764465332,39.313044340156466,38.77908890257123,39.14875173678799,7867700
38.62653350830078,39.1956932168291,38.48570744167435,38.966856454358194,9145000
38.344879150390625,38.820159208077236,38.19231984319265,38.7204063091573,6353300
38.4857063293457,38.57372149928396,38.00456180720571,38.43289991336525,6384100
37.940025329589844,38.344887982889546,37.5175538211861,38.145391092370545,9117700
38.086727142333984,38.44464787740878,37.73466632799029,38.227548782087936,6182300
38.47397994995117,38.638272575707106,37.62904132990542,37.763998544855404,8423500
38.77907180786133,38.80254280894422,38.16884368624898,38.591308275833896,5708600
38.450504302978516,39.013795156266816,37.758125123108734,39.013795156266816,10344500
38.380088806152344,38.57371678438419,38.028028169431984,38.40355533707254,7075900
37.8167839050293,38.608915658396484,37.70530224344452,38.608915658396484,5265100
38.8377685546875,38.93751699548962,37.623171695788386,37.91655262283298,8881400
39.735511779785156,39.81765807772169,38.43876867477276,39.01379276032849,9255900
39.547733306884766,39.9115226390955,39.277823504180226,39.81177424004648,5342500
39.44212341308594,39.86459256644559,39.154611424630424,39.7531064074655,9276000
39.14287185668945,39.489063582117865,38.896433020942304,39.43625270209408,4495300
39.30131530761719,39.459739056039595,39.04313863071145,39.16635809651514,8205700
39.26023864746094,39.682703431085294,39.06073728494259,39.459735533341515,7876800
39.054866790771484,39.5653512051595,38.9727204909809,39.19569285610185,7317600
39.09592819213867,39.54773718185356,38.937504512046125,39.20741434119699,7640100
39.706172943115234,39.87046554331402,39.09594008763575,39.14288210958901,9717000
40.204925537109375,40.36335376537596,39.64750349338802,39.888078033852736,12080000
40.21665954589844,40.21665954589844,39.87633658319127,40.16971752139306,5151400
39.87046813964844,40.193188965795386,39.78245743855191,40.163849081004614,5769500
40.69193649291992,40.75648065945337,39.81179365106886,39.864604549431675,8564700
40.644996643066406,40.76822058696431,40.34575128399501,40.69193867153815,6004500
40.850364685058594,40.98531741380489,40.45723081370679,40.72127635207484,5342300
40.9207649230957,41.14960165714793,40.60978189869842,40.69192818904347,6085800
41.03812789916992,41.56034562161244,40.56284772554535,40.93837497591665,5605200
41.190677642822266,41.325634830059805,40.93836988318134,41.190677642822266,5637500
40.96182632446289,41.454708401860394,40.80927152992376,41.343222264082286,4405300
41.13199996948242,41.36083670603441,40.6215200848528,40.72126851327041,6164700
40.98529815673828,41.29041670527319,40.72125721906866,41.29041670527319,4082700
40.71539306640625,40.87382122867103,40.28119067187255,40.78580608037242,5647400
41.01463317871094,41.19065895746528,40.715383535202605,40.81513192416026,3392300
40.51591110229492,41.014657823403134,40.33988074113294,40.838627462241156,3999000
40.31052780151367,40.668452803767195,40.16970624416958,40.574573257750004,4386200
40.603912353515625,40.609781224624875,40.052359338444965,40.24012292420802,2960100
40.598045349121094,40.75646904579032,40.416146169524026,40.703662639112814,3326100
40.18143844604492,40.76820007683238,40.15209857385116,40.592169796941754,4206100
40.75648498535156,41.3960578461661,40.404428706571444,40.42203084901468,6397600
40.847991943359375,40.91293346506564,40.42882680592652,40.706298893710624,5213300
40.375694274902344,41.225834629460266,40.32256275484149,40.72991792123546,5859800
40.68858337402344,40.824371403819335,40.22809227991082,40.22809227991082,6165000
41.52691650390625,41.639089036328826,40.86570032338771,40.86570032338771,6948600
41.91656494140625,42.14090549845484,41.308480283350384,41.308480283350384,11337400
42.40658187866211,42.50103941296012,41.574152055158976,42.07006874886673,10297000
42.87297058105469,42.914296589638774,41.934273380077435,42.22946044259151,8129000
43.18586349487305,43.21537949542686,42.5423534257257,42.63681543756982,6930500
42.71357727050781,43.427929592303,42.55417820043707,42.55417820043707,9174500
43.08549499511719,43.21537348705046,42.158608027698904,42.158608027698904,11410800
42.31801986694336,43.392500655385,42.22946284231738,42.87887351591224,13533800
43.233089447021484,43.84707443544938,42.22945095738382,42.49512195649207,13124400
43.20948028564453,44.42564944710606,42.69585321537645,43.4692418175645,14671500
41.96379852294922,43.20948842468201,41.80439496923496,43.050084870967744,7445600
41.76897048950195,42.7017627135964,41.66270296391908,41.99921604423198,7294600
41.385223388671875,41.98740749126896,41.03690483270049,41.53872191540012,9390100
42.09368133544922,42.501036461631344,41.4974021453944,41.56824866934666,6851600
42.335723876953125,42.58367990451281,41.50329878323227,41.50329878323227,6489500
41.12547302246094,42.6722506975457,40.62365129921469,41.81620982412237,11650400
42.075950622558594,42.32391111174791,41.25533116922621,41.25533116922621,10903100
42.29439926147461,42.60729680712862,41.715835178166344,41.715835178166344,7986600
41.86343002319336,42.64862416107216,41.78077350448282,42.02282904998466,10862600
40.73582077026367,42.27079282598477,40.53509569949761,42.25308232023457,10360800
39.342529296875,40.89521154388849,38.22672261861339,39.921097891327676,15854700
38.44516372680664,40.05688252735953,38.19130267892873,39.702658961626796,12900400
37.5536994934082,38.83481029919173,37.0577851245665,37.9905750968529,12963300
35.13905715942383,38.04959861006803,35.133152158852326,37.6422414024508,15361400
34.123626708984375,37.06368981682651,31.41380916800657,34.05278243889506,21549700
36.4674072265625,36.744883765098095,34.566401966481585,35.0268952807468,13334500
32.11634826660156,34.654956155755045,31.443319977835962,33.22624982611352,34963700
30.256675720214844,32.305274777455125,29.902452124817664,31.96876168619819,22994100
31.337047576904297,31.43741005852556,29.908341573106792,30.339314248258333,19697100
31.809364318847656,32.753962191230336,30.5518665714078,30.622710848811757,14242400
33.50962448120117,33.50962448120117,31.791636373189924,32.19899584088504,13080400
32.47056579589844,33.43287592189154,32.29345406924946,33.055036971147636,9079800
31.667661666870117,32.387918682716595,30.929694151321883,31.8742939224825,9405500
31.573204040527344,32.24623009968093,30.1444999152502,31.720797553573245,11878400
30.557754516601562,31.295721950612496,29.76075058870891,29.819787082590633,10365200
30.398357391357422,31.744409352624103,29.943769153959913,30.805714629083386,9168600
32.96059036254883,33.35613996788631,30.79391602894171,31.083200357639722,12930100
32.47056579589844,33.93469285607994,32.01007485619154,32.97828773049722,9255900
33.69856262207031,34.05278626440938,32.9546898202197,33.19084041651173,10030900
33.657230377197266,34.23579904455122,33.20854699976828,33.65132762643186,9416200
33.92879104614258,34.15903652236398,33.356127603778084,33.63360407619764,5567000
34.442440032958984,34.96787284967413,34.088216320056475,34.53099708723433,6680000
33.657230377197266,34.86159422222589,33.44469756816168,34.55459938415397,8610400
32.38200759887695,33.8874628494936,31.939227172718574,33.30889444413401,10154600
32.683128356933594,33.161330197331914,32.021909634989186,32.647705080863474,9906900
32.240333557128906,33.29119885166134,31.73261141416645,33.285296100926324,7633300
32.51779556274414,33.13178270846664,31.567293221370072,32.240319108477806,7532200
31.348867416381836,32.50600249712477,31.24259988598607,31.95104933792494,7447800
32.81889724731445,32.87793375816281,30.705356827885048,31.45513222657153,10991600
31.596826553344727,33.137703531746155,30.764399045163337,32.34069703321156,9990700
31.27212905883789,32.34661016195222,31.053688934681063,31.567316224574782,8527600
31.372474670410156,31.80935243067379,30.17401614545841,30.711256406860723,13268800
30.75848388671875,32.11634586136039,30.581372140664893,31.177651129967117,11360000
29.689922332763672,31.85069205297343,29.518713255378692,30.457408426983697,13542800
32.22852325439453,32.340693526277256,29.36520967736426,30.25077085608684,17891200
32.86023712158203,33.05506174337041,31.242610367813043,32.411553594344355,14416500
31.880207061767578,33.568677647967384,31.077297782839096,32.88974641155316,11302400
32.42925262451172,32.48828913937285,31.012353746857663,31.809360210075077,8115500
33.47420883178711,33.53915033713078,32.476475253504,32.57684001233464,3526300
31.667661666870117,33.29709520237557,31.60862516646551,32.801180941843235,7918200
32.1458625793457,32.37610806345965,31.354761382691336,32.181283575610664,7039200
32.17860794067383,32.267859371455785,31.22657679028837,31.82754686537332,10379100
31.1373233795166,32.434461795628,30.833862632633377,31.92869691057696,7775200
31.756132125854492,32.43445275477699,30.566095297621303,31.18491499305819,9936200
31.89297103881836,32.428488266745276,31.452658891246493,32.3630359089082,9974200
31.10161781311035,31.910843350480103,30.917161257740176,31.7858877382278,7472100
31.54193115234375,31.815641400125482,31.101618712974762,31.309874289728263,5651200
31.363426208496094,32.13100065785617,31.19682174624078,31.53598212715513,5699500
30.95880699157715,31.14326351489076,30.351887944025858,30.673198428579205,6984400
31.19087028503418,31.45862907777153,30.41734664920505,31.184921098446935,6148700
32.255950927734375,32.38090426250688,31.244419068066954,31.482427365570587,9408900
32.32734298706055,32.672452395760835,31.69067136394479,31.99413194606154,8002500
32.55345916748047,32.9521227131143,32.35710425739805,32.4999074156734,10270600
32.18455123901367,33.01757805944697,32.029847425409734,32.63081512071391,11422100
31.982250213623047,32.6367697751848,31.512184968053056,32.29760934985351,5738700
32.23214340209961,32.86881513415475,31.928685037873336,31.994137420502412,6249900
32.45231246948242,32.6308175816619,32.17265302285132,32.279756544122144,2051200
32.46420669555664,32.79741556714025,32.29165080430644,32.54155745799415,2855000
32.172630310058594,32.767648443804546,31.785867615198104,32.612944727748776,4708600
32.65460968017578,32.73791189109882,32.18454461017864,32.19644525028408,5010600
32.589176177978516,33.06519070894277,32.49397327178566,32.743880049360776,5024400
33.303192138671875,33.40434421228509,32.55941888040113,32.684372243034815,5182400
33.0830192565918,33.261526576928496,32.78551008245045,33.213924019554746,7122000
33.14253616333008,33.8744087620926,32.72602269327074,33.2793901676695,8081600
32.065555572509766,32.92833309284404,31.940602197308436,32.92833309284404,7364600
31.68472671508789,32.17264157399796,31.416968007194605,32.01198634926198,8210400
31.280115127563477,32.01198744088576,31.17896309547382,31.81563256161145,6910700
30.577999114990234,31.333672851802092,30.387593384277125,31.333672851802092,9240700
31.077800750732422,31.21465466627956,30.464932722452993,30.577985364909935,9295800
30.40545082092285,30.89336591169876,29.947288477241216,30.881467536640155,8619000
30.06629180908203,30.405452259699228,26.049915901421112,30.375701781013092,8860900
30.566078186035156,30.756483790373867,30.20311679344766,30.232869513349332,8964200
30.006784439086914,30.99451510116863,29.94728349443034,30.691056651715233,8057700
30.012731552124023,30.375693190973454,29.524816576239168,30.375693190973454,8982200
29.959177017211914,30.08413261246567,29.298708467115784,29.643817975919738,8916100
30.11983299255371,30.185285384548553,29.215404685511427,29.39391203452107,7818700
30.595836639404297,30.702940103587753,29.75091183286195,30.22097678457663,7619600
30.72675132751465,31.107562759116462,30.577996720181744,30.679151033472014,6763800
30.964763641357422,31.089716983040724,30.560150875112516,30.851708672373555,5803800
30.75054168701172,31.178955530300986,30.595835679239766,30.851693694558147,5372400
29.887765884399414,30.86954688706305,29.73901132459065,30.643439320605676,7582400
29.828285217285156,29.988940523316955,29.179714805445382,29.608126685047516,5659900
30.655357360839844,30.786262174126954,29.614074851041543,30.060338783812245,5319100
30.637489318847656,31.071852349513133,30.34592939068937,30.667239776052124,6898600
31.149206161499023,31.33961183019496,30.101974983671365,30.262630192223803,9224600
31.851348876953125,31.91680129423098,31.030224741511287,31.107575534825013,6908800
30.601804733276367,31.69068751815975,30.21504176121245,31.69068751815975,9006100
29.471267700195312,30.601803839504942,29.286813404598963,30.298343111563188,10779800
30.11387825012207,30.298332481000266,29.50101009237745,29.834218906771508,5917500
30.94095230102539,31.042104324806136,29.750915674062878,30.054374015219835,10423700
31.280115127563477,31.809681106891517,30.393539038746738,30.982605946384588,11981300
30.833852767944336,31.006408645686502,30.048428675245884,30.613696599337274,12454400
30.661300659179688,31.10161532033361,30.42329463596877,31.10161532033361,6145400
31.059968948364258,31.268224534174408,30.345946230162024,30.5066015119937,6862800
30.61369514465332,30.970705253528404,30.328086603590265,30.66129543325637,9897500
29.846126556396484,30.85170696003149,29.768773519250605,30.619650118409208,6899600
30.75054168701172,30.839795327635105,29.81636326636158,30.274527566587185,8221100
30.179344177246094,30.85171356229105,30.06034000305065,30.65535860421203,7180000
29.405811309814453,30.56014857906225,29.352261827243872,30.42329460514618,7448800
28.644189834594727,29.530768386173296,28.644189834594727,29.245159782462085,9237600
27.876611709594727,28.52518186982378,27.82305996169269,28.150321904324635,8637300
28.840538024902344,29.18564746215937,28.132464787915417,28.412124118141495,14962400
28.57341957092285,29.377797466140873,28.213251321079394,29.26374472133235,10631500
27.594959259033203,28.27928024831575,27.24679466314212,28.201242961324006,11778600
28.27327537536621,28.36331857250622,27.60096031703998,27.65498577734526,10849400
27.498910903930664,28.321296353330464,27.39085999351102,27.97313179977975,7985900
27.97313117980957,28.015150722942217,27.522919826336928,27.672990277494478,9347300
28.46536636352539,28.597429113199606,27.949125857303923,28.02716085493532,8048400
28.98761558532715,29.059648777337443,28.255270881891853,28.38132954038334,8257800
29.185701370239258,29.299756381270175,28.77150773989351,29.161691837821593,7977300
29.251733779907227,29.882029253745255,29.209714234310923,29.359784694267287,7482300
29.563871383666992,29.57587729150333,28.825525225928025,29.24572284062875,6697400
29.695955276489258,29.960078567737504,28.939598572173637,28.939598572173637,9202800
29.407814025878906,29.948066412230215,29.233731709100553,29.93606049832544,10284100
30.026113510131836,30.260223182968684,29.557894164458133,29.557894164458133,13268800
30.9925537109375,30.9925537109375,30.15215817368092,30.212187734852744,7535800
30.93252182006836,31.190643188932622,30.68640636253423,30.71641999591284,5903300
31.49678611755371,31.688876106329694,31.016558855720447,31.340711570489912,8705500
31.91097640991211,31.934988228486827,31.21464970049675,31.796923706521795,7122900
31.44877815246582,31.87497788440257,31.286701714286828,31.59884867412477,5875700
31.088598251342773,31.586831007160526,30.782453218704976,31.25067462922862,7584800
30.90252685546875,31.514814963839292,30.90252685546875,31.37074623073659,9179900
31.346712112426758,31.47277072389664,30.614367682166034,30.620369491805683,7010900
31.730918884277344,32.13310687720096,31.520818730899144,31.772938456973993,7436500
31.62885856628418,32.037050519937644,31.36473530387659,31.81494681541549,5591400
31.616853713989258,31.838959715871667,31.36473635820175,31.538818698089834,4506700
31.364728927612305,31.598838499636372,31.232666178309007,31.55081713891298,5547000
31.382734298706055,31.532804760792285,31.124612920726264,31.370728386951935,4920600
31.27467918395996,31.86895914158818,31.13061284203951,31.424749625898148,7165400
30.90850257873535,34.18603977588195,30.788445793038093,31.226651114424268,5863200
30.350265502929688,30.818484834429288,30.182184948372573,30.698427949715526,7731600
31.23867416381836,31.274689616365663,30.158167079413627,30.158167079413627,6727800
31.19065284729004,31.358733368065522,30.71042769484755,31.358733368065522,6115800
31.29269790649414,31.496793855949285,31.034576491303987,31.214660613789388,8820400
29.930063247680664,30.96855091482365,29.725967259982983,30.806474487249524,18459600
29.6239070892334,30.34424573578815,29.113668454949387,30.116138001568903,13960700
28.80153465270996,30.134161636810997,28.741507359148162,29.930065632848624,20499500
28.747499465942383,29.089659961481843,28.5133898942463,29.05364451346318,12256700
29.12567901611328,29.365790410036244,28.77151259192515,28.99962036256169,11306900
29.47985076904297,29.713960393640093,28.91558419704559,28.981615586525642,9540400
30.038118362426758,30.1761829776665,29.23974202964239,29.23974202964239,11569100
30.28421974182129,30.74643704036587,30.110137456026536,30.110137456026536,15118800
29.870027542114258,30.614378135712307,29.725961162639678,30.560352670935888,10978300
29.888044357299805,29.94807164742306,29.311774128496936,29.87003433834736,7617400
29.473827362060547,30.11612852830862,29.335762860799935,30.11612852830862,13087000
29.852022171020508,29.98408493753036,29.485849801984287,29.49185390404055,11609800
29.84602165222168,30.19418402007056,29.527870636378662,30.19418402007056,7561900
29.707962036132812,30.05012264878466,29.557891511640094,29.930065771211588,13254900
29.864013671875,29.97806636706444,29.467827853451872,29.942050931685085,10686200
29.761980056762695,30.038109203043387,29.58189364059416,29.743970041209497,8192800
29.57589340209961,29.894042118439987,29.305766053370032,29.846020750829187,15410500
29.80999755859375,29.942060302697637,29.497850711553227,29.533868448097998,11299700
30.53634262084961,30.710424938577997,29.71995879002099,29.83401382779184,10200100
30.20618438720703,30.506325330871565,30.03210209030712,30.332243033971654,8205900
30.71642303466797,30.752440772221583,30.224192070903634,30.386268455054378,6461700
30.980546951293945,31.274683778362707,30.674401922425663,30.788456940585576,7584800
31.250673294067383,31.514796478285646,30.938526463685715,31.13661827937604,8536000
30.90850257873535,31.136607952678144,30.60836175943857,30.998543450588752,6096200
30.95654296875,31.184650772955802,30.7344392669648,30.962547071170597,4565800
30.782453536987305,31.0285690119009,30.560349886429577,30.620377157425633,8835100
30.020097732543945,30.91451879854042,29.90604499240624,30.842485609500493,8811400
30.62638282775879,30.79446102707496,30.11014002712343,30.16416548974559,7960400
31.244672775268555,31.298698238449173,30.524334029491598,30.650394970175533,9341500
31.89297103881836,32.0490432912576,31.36472244075139,31.376728350922598,8262500
33.237606048583984,33.45370788522723,31.90498187243991,32.09707188503534,13707800
32.84422302246094,33.225499886493196,32.61424624478128,33.225499886493196,11515700
33.17709732055664,33.225514477606986,32.559792420107456,32.84423744613544,12602700
33.213401794433594,33.5825744433428,32.983424973879956,33.509948726121735,10394100
32.7716178894043,33.27998655518348,32.40849609461495,33.09237351244278,6846900
32.366111755371094,32.886584382569666,32.202707397390895,32.80790769717418,8065100
32.29349136352539,32.747391630497006,32.06956787824311,32.51741484880767,6291700
32.05747985839844,32.668731512229094,32.03327127780029,32.190622434373616,8817200
32.4690055847168,32.59004382972541,31.833543255138874,31.984843370056183,5958400
32.00299835205078,32.402430530614396,31.94247692581002,32.34796240132589,6089700
31.676193237304688,32.25718514442618,31.591465539431546,32.111938321974115,6477900
32.05747985839844,32.57795279797202,31.537006918824854,31.658047513158273,9395200
32.97736358642578,33.12261035775449,32.002990786527114,32.15429085337707,7047100
32.6263542175293,33.31628231991682,32.49320938771543,33.12867166916787,9530500
32.372169494628906,32.61424826257645,32.18455654482815,32.46294816686314,5314100
32.08168029785156,32.58399786498326,31.95458873580266,32.52952972286846,6528600
32.10589599609375,32.57795410202421,31.894076679024405,32.27535375840663,4730800
32.67477798461914,32.91080582449198,31.809341032647495,32.00905600921035,8050400
33.104461669921875,33.22550220919678,32.37822074292867,32.511365566996695,8836600
33.18919372558594,33.588625941736,33.04999789511844,33.485742970429975,6368100
33.26181411743164,33.558363335369975,33.116567311276974,33.24970983214269,8815400
34.205936431884766,34.30881942044429,33.35865471194668,33.35865471194668,9715200
34.10303497314453,34.38747984450367,33.75202001002478,33.909371067563455,8161900
34.57509994506836,34.59930620680226,33.93963997859069,34.05462722495983,8886600
33.89122009277344,34.77481206254327,33.84280295591452,34.53878429199644,11953500
33.19523620605469,33.96989417568153,32.995521303497625,33.9456856091122,12094700
33.09236145019531,33.4917936628094,32.92290605958829,33.35259783357412,7263600
33.11051559448242,33.213400870020436,32.86238350585793,32.89869636345778,5945700
33.69151306152344,33.80650264203201,33.05605295422009,33.134729671095926,8829400
33.9456901550293,33.963845428059614,33.51599842983234,33.667298528168416,4569900
34.665870666503906,34.68402824445826,34.07277467997472,34.21802376033052,7676100
34.653778076171875,34.92006776189358,34.39354399668586,34.49642696896445,6302300
34.2906494140625,34.653768675983905,34.169608890536715,34.45405377452392,6188100
33.93964767456055,34.42985863851067,33.503902543354336,34.405650062631025,7828900
34.13330841064453,34.30881479740028,33.558367485919895,34.18777654685332,6075100
33.82466506958008,34.13331870406125,33.50996044420943,34.02438239879229,7498900
34.193824768066406,34.39959300945944,33.66124773587448,33.89727553745487,8862400
34.13935089111328,34.35117008543513,33.721763490026184,34.23618285261128,6741600
34.09699249267578,34.32696930367404,33.873068978856026,34.072783921274606,5825000
33.87307357788086,34.29066110229393,33.709669161721806,33.92148841860016,7151400
34.09095001220703,34.13331386840358,33.739932565256176,33.75203685397762,5395800
34.25434494018555,34.87770298073555,34.218034390308425,34.33302164601351,6718600
34.34512710571289,34.67193591771268,34.181722699713,34.284607981412165,6003000
34.012264251708984,34.484319843120126,33.86701513430596,34.484319843120126,6493600
35.743133544921875,36.094148547841066,34.79902016667501,35.11372462609063,27850100
35.337650299072266,36.009423099387014,35.27713118371228,35.81575915984752,10093500
34.99873733520508,35.59183340093842,34.9140073469665,35.470792869253714,7550400
34.94427490234375,35.22871754317211,34.82928533962102,35.16214512447085,6869400
34.74454879760742,34.974525555826624,34.460103920564094,34.974525555826624,8127700
34.44195556640625,34.82928346308346,34.42985128105304,34.59930665868523,6785300
34.30276870727539,34.82929256005128,34.09700041983952,34.36328784119189,6911300
34.18777847290039,34.44196158375697,33.90938447845114,34.40564872135313,7187200
34.230140686035156,34.53274093227736,33.939644726681436,34.19382782536969,6395100
34.00017166137695,34.363291116803545,33.80650764399514,34.13331653907339,5760100
34.03647232055664,34.35117450441679,33.842806063991084,34.02436803523027,9730700
34.16357421875,34.32092535842052,33.89123348791924,34.02437835824918,5845000
34.399600982666016,34.59326498314063,34.01227298171678,34.07279211611873,6064000
34.792972564697266,34.938219370157825,34.375382804521394,34.538787192156775,8890100
34.768760681152344,34.96847559679404,34.53273291327754,34.91400747277247,5690000
34.67194366455078,34.98059496129779,34.53879879095236,34.70825422378153,5822700
35.02899932861328,35.216609972557,34.57509903470101,34.70824155102901,7396800
34.95637893676758,35.16214719365463,34.799027826751185,34.85349596265237,5854300
34.35117721557617,35.101626804445615,34.26039853144826,35.07741823188222,6603800
34.296722412109375,34.484335459412435,34.12121596445016,34.23015227467033,5522400
34.04252243041992,34.67798238738983,33.84885848750826,34.25434164652445,7964700
34.3780632019043,34.54278535013657,33.97540983753906,34.158435998202236,8902900
34.55499267578125,34.65260555740254,34.1645411492961,34.49398549749595,7820200
35.10406494140625,35.20167781844487,34.36586741334698,34.43907648930731,8841700
35.555519104003906,35.59212480096684,34.97594402937351,35.177269544483984,13031000
35.40909957885742,35.59212340192935,35.299284819559425,35.59212340192935,10094900
35.2993049621582,35.41521957321667,35.10407912917788,35.33590835129482,7601400
35.878868103027344,35.94597506495352,35.226081552705764,35.415205192517426,8195300
35.8117561340332,35.92767068934951,35.51281541194724,35.68363967911395,5949000
35.56163787841797,35.836174916079976,35.3298063435839,35.836174916079976,6339500
35.592132568359375,35.671443765450285,35.183377008529085,35.592132568359375,5747600
35.872772216796875,35.9886891281853,35.51892634950186,35.5982352257124,7034500
36.51946258544922,36.604873584783014,35.9703885507674,36.01919616597253,14645500
36.00699234008789,36.39744393178558,35.87887584792616,36.3120329370111,7785600
35.73854446411133,36.11679401519139,35.567720209370165,36.05578452161446,6801900
35.67144012451172,36.04358994140563,35.592128935516,35.80565637441847,6122400
35.71415328979492,35.884975277638645,35.53112939892306,35.73245498069959,6157700
35.79955291748047,36.07408983026124,35.57992338725585,35.689738152368164,6758800
36.013092041015625,36.29373115823598,35.76295884523394,35.964286755808864,4085900
35.69585418701172,36.18392106624459,35.38471376241235,36.05580223044451,7086400
35.78736877441406,35.90938549921967,35.39081500061472,35.83617639524649,8898400
35.66532516479492,35.988669590881415,35.54941064360841,35.81174558964383,9010200
37.153934478759766,37.36136211546764,35.952074143075244,36.067988697277684,17530200
37.123435974121094,37.361369570658276,36.690278928680655,37.11123639947544,7892000
37.13563919067383,37.37967258317283,36.86110220593119,37.24545398457089,8128900
37.31866455078125,37.446783366923256,36.8794076850551,37.12343875995296,6441900
36.84278869628906,37.36135890716515,36.482840837831226,37.36135890716515,17263400
36.96482849121094,37.03193781098869,36.488965790642325,36.836711968331024,6360200
37.16614532470703,37.43458254026931,36.75739204068276,36.86720684209004,6178100
36.970916748046875,37.21495013888394,36.922111466244395,37.14174105254278,7502000
37.59320068359375,37.629806391262036,37.03192712966313,37.17834530578636,8462200
38.239891052246094,38.28259655146013,37.45288571997283,37.56270052574469,10518600
38.001956939697266,38.23988822552317,37.89214214204301,38.111771737351525,6588400
37.85553741455078,38.172779912963236,37.76402663231789,37.99585580912792,5557300
37.56879806518555,37.85553462108624,37.28815896946536,37.825031029259556,8068000
37.727420806884766,38.032461401271846,37.35527090936852,37.44678401859466,7445000
37.519981384277344,37.7640147144344,37.13562970382599,37.7640147144344,5428100
37.23325729370117,37.62370891453056,36.95872259780724,37.465088816296834,6505200
36.89161682128906,37.51999981327098,36.73299438059284,37.30037017370727,5113000
37.2149543762207,37.42848187205945,36.665880347956566,36.99532476491505,7262900
37.208858489990234,37.532200825389566,37.062437958006804,37.141749176467634,6321900
37.452880859375,37.49558635304676,36.95261451012734,37.22104937424625,5245300
36.94041442871094,37.60540299801401,36.83059963177833,37.42847889992535,7794100
36.970916748046875,37.257655633189195,36.70248187994602,37.086833655968185,6618800
36.641475677490234,36.84280125214062,36.37303847492312,36.78179406643443,5797000
36.83668899536133,37.19053474177631,36.4767411360763,36.702470439510385,5552100
37.35526657104492,37.46508135845273,36.861100027709796,36.873301929341196,5578500
37.678619384765625,37.678619384765625,37.08684211698092,37.20885884023642,4831000
37.995853424072266,38.020257228712524,37.47728537547869,37.70911686501136,6921800
37.873836517333984,38.39850431828995,37.78232341970314,37.92874158318279,7094100
38.19108200073242,38.23988961358374,37.87384182629911,38.03246191351577,4714300
37.379676818847656,38.28259674976837,37.27596180073691,38.12397665576244,8474900
37.78841781616211,37.90433470026185,37.42846991864994,37.599294188040496,6411100
38.08735656738281,38.123962264770235,37.788415856904656,37.953138004236585,4966800
38.19108200073242,38.2093860191892,37.8433359046295,38.08126719909202,4362400
38.008056640625,38.13617312850399,37.70911816890735,38.093467632544325,3952300
37.751834869384766,37.88605118483188,37.42849016894127,37.88605118483188,4390400
37.873836517333984,38.014154893699796,37.47728286396665,37.62370102744631,5314600
38.12398147583008,38.42902212594873,37.98366072877309,38.105677454275636,5009400
38.13006591796875,38.22157900708169,37.90433657937124,38.20327499289438,4139700
38.551021575927734,38.59982917811368,38.12396669317352,38.14836816699193,4672600
38.008056640625,38.16057693398808,37.67251246068122,37.97145325967385,3416000
37.959251403808594,38.33140129243809,37.91654590779619,38.21548437988301,7252700
38.96588134765625,39.00248705348768,38.12397105900691,38.23988563656085,6887700
39.10719299316406,39.16248998063134,38.81227416414665,39.01503056612264,6195800
38.56037139892578,39.0703328349234,38.50507440398373,39.06418976605792,6406200
39.230072021484375,39.322234445982275,38.75697845083943,38.818418504646154,8907000
39.46356201171875,39.61716453370686,39.05190603402061,39.13792307132779,6259700
39.002742767333984,39.3775308625036,38.79998870560537,39.3775308625036,6161600
37.97053909301758,38.333041101679264,37.3315521042261,38.14257549386959,20222300
37.995113372802734,38.48049782099186,37.89066245711445,38.18558131094719,8512500
37.64490509033203,38.32690063978041,37.58960809054464,38.00126171045981,8249600
37.46672821044922,37.95211275964994,37.392999653541686,37.90910423947151,7437800
37.47286605834961,37.71862864635177,37.11036407304244,37.48515219552984,7656600
37.28239822387695,37.902951279899874,37.24553278086831,37.58960321758472,8127400
36.889183044433594,37.25782816769691,36.889183044433594,37.25782816769691,8336100
36.54510498046875,36.81544452532574,36.10887446133996,36.81544452532574,18604200
37.159523010253906,37.31312553708719,36.618841459539944,36.69257235994768,7973000
37.25168228149414,37.34998779651776,37.01820580439242,37.21481683443965,6026000
37.28239822387695,37.39913527772219,37.018201741785234,37.39913527772219,3829000
37.454437255859375,37.454437255859375,37.11036911713254,37.270114703857374,1502900
37.57732391357422,37.632620919697565,37.39914441120025,37.59575546768578,4364200
37.54045104980469,37.84151298898945,37.54045104980469,37.657190452899364,3787000
37.66948699951172,37.75550404518412,37.399145034497074,37.479019009959465,3779400
37.35612487792969,37.749346874994,37.33154791716617,37.63260982704928,3316300
37.626468658447266,37.79850270490161,37.257821259746116,37.59574628404776,6585900
38.081119537353516,38.15484805789576,37.41755816489843,37.47899820805241,8886000
37.700199127197266,38.38219462304647,37.62032516849548,38.08727809528783,9998000
37.460567474365234,37.712475406806696,37.19022565354881,37.69404151843174,10792000
37.33770751953125,37.36842756026687,37.030502424597266,37.331562105110805,8674700
37.2946891784668,37.36227465657124,36.926041755293916,37.28240069664888,6461200
37.816932678222656,37.89680662951347,37.17180268712113,37.1840911676111,9081800
38.12413787841797,38.30231733086554,37.730915875628845,37.730915875628845,7380100
38.58494186401367,38.65867039692398,37.94595499535679,38.10570288441491,7211600
38.2716064453125,38.652540058554635,37.98283294261245,38.4682174936819,8361200
38.29616928100586,38.34532085306697,38.07498134726157,38.23472688619483,5615800
38.062705993652344,38.185588481860876,37.74935553153116,38.14872303226176,5606000
37.442134857177734,38.191715613017585,37.31925476403927,38.099553199376196,7121500
37.104217529296875,37.6264674074799,37.05506595071039,37.325405492406105,7229000
37.00590896606445,37.29468237664837,36.913748884920615,37.29468237664837,4903800
37.01820755004883,37.19024162350563,36.75401102650391,36.9260450999607,5001700
37.042781829833984,37.10422189624523,36.61883740271619,36.89532238914338,6145900
36.7048454284668,37.1717958826685,36.55738603336819,37.048913444050925,9285900
36.631126403808594,37.08579087057448,36.32392137982278,36.76629736437462,8127200
37.2946891784668,37.325409211117474,36.569685157727214,36.82159317552397,7303200
37.57118225097656,37.65105388431129,37.07350917722236,37.28240872553772,6296700
37.65719223022461,37.72477771019809,37.20867317851409,37.429858825988674,4863000
36.64341735839844,37.436006936268036,36.63112887535529,37.374566864840766,6920300
36.563533782958984,36.73557015656978,36.21946572331314,36.563533782958984,7347800
36.225608825683594,36.65569624443667,36.09658330319403,36.61883080495913,7047700
36.89530944824219,37.1595058599635,36.4283590134484,36.4283590134484,7940200
37.09808349609375,37.276260648626135,36.563545007130806,36.84003002835498,10917200
37.59574508666992,37.90909548277548,37.171803052643135,37.39913408447303,14391100
37.42985534667969,37.61418021812366,37.16566120810542,37.51587471378799,8566800
37.66948699951172,37.75550404518412,37.171813936107334,37.497450564378205,6930800
38.16100311279297,38.21630010312154,37.63261017049504,37.77392418049295,6703500
38.419063568115234,38.5358029894648,38.07499540528767,38.07499540528767,6942900
38.498924255371094,38.658669798167224,38.08112533570396,38.290024795537526,6416500
38.345333099365234,38.6279611743954,38.1548651303031,38.517367172202995,4709500
37.95823669433594,38.388324023097354,37.90908512910492,38.22857850636234,5159400
38.142574310302734,38.19172589202938,37.835369307199606,38.08113190340921,6888100
38.27775192260742,38.30232889114649,37.49130767966721,37.79236734101019,8074100
38.38218688964844,38.45591542078592,38.03811650469394,38.40061843648587,14785800
38.972023010253906,39.064185439546044,38.382190025390464,38.492784003025854,9016500
39.1993522644043,39.3222347166514,38.965875839513586,39.08261522385286,9527200
39.58919143676758,39.76863424425448,39.477811840155105,39.49018761316064,8486300
39.66963195800781,39.910953625515376,39.576814842610766,39.86763960111337,7830600
39.83052062988281,39.89858621001269,39.54588253475447,39.78720659897065,8448600
39.69438171386719,39.8862002817315,39.477809241184104,39.76863162613756,5086300
39.82432174682617,40.003766893770084,39.47780722449692,39.52731031073127,7655400
39.86764144897461,39.96664291467879,39.60775729051694,39.78720246303528,6450000
40.201778411865234,40.22034089078258,39.53968991219041,39.72531942223849,7536900
40.28220748901367,40.37502458165193,40.022323406325306,40.170827922022454,6896400
40.93192672729492,40.999992287672974,40.46784593610308,40.64729107520213,10468000
40.882415771484375,41.02473593056458,40.73391126874162,40.9937953287597,7474500
41.191802978515625,41.1979920430621,40.851475241555285,40.931918918040296,6922300
41.1608772277832,41.2908240257796,40.93812275334231,41.1918178408061,6961900
41.18562316894531,41.44551200869428,40.99999367869502,41.18562316894531,10947400
41.03092575073242,41.18561933865812,40.931924309314276,41.10518037245127,6763000
41.371273040771484,41.457901113188676,40.987631062298306,41.08044820299554,6412800
40.99998474121094,41.45787638239593,40.99379567662284,41.22274385765187,7661200
41.1794319152832,41.45787846438122,41.05567422167152,41.06805235146933,6246600
41.20418930053711,41.340320437986094,41.04949568450408,41.23512991209352,5313400
41.1794319152832,41.3774395041886,41.02473833892357,41.216556862930055,6825600
41.31556701660156,41.457887214073374,41.06187195268351,41.160873407593826,5733800
40.9381103515625,41.27843338734336,40.87622914426297,41.25987091350283,8123900
41.259864807128906,41.259864807128906,40.993791706088444,41.037105712263745,5074100
40.82674026489258,41.259880491295704,40.733923153270645,41.259880491295704,6732600
41.08042907714844,41.22893360059913,40.70916540808487,40.70916540808487,6734700
40.832923889160156,41.16087358634084,40.68441934571263,41.080434608822245,8204200
40.8205451965332,40.95667631077951,40.603975115174855,40.6844140822869,6646300
41.06188201904297,41.10519605134864,40.75249472518091,40.795808757486576,4757700
41.037113189697266,41.25368326003533,40.99998824074601,41.05567566417289,5074000
41.08042907714844,41.14849463391202,40.85148086613696,40.938113619096356,5190800
41.0185546875,41.02474375321572,40.73391903593793,40.96286253780637,5202300
41.00617218017578,41.148492351206365,40.71535221480619,40.8205427163786,5968500
40.92574691772461,41.24132324895351,40.81436731381294,40.84530792857312,7374400
40.913360595703125,41.08042758842155,40.65347178799051,40.88860905587938,6354600
40.77722930908203,41.0866164742179,40.66584974079817,40.94429630107106,6780900
40.82674026489258,41.030932245411535,40.59779201900841,40.727734086929345,6534300
40.071842193603516,40.709179240887174,39.91095948468837,40.68442769175598,9689700
40.040870666503906,40.127498661150995,39.70673209249159,40.127498661150995,9008900
40.23271942138672,40.49260832191567,39.979024309117634,40.12133981283865,8096900
39.743892669677734,40.344100036459416,39.64488647255375,40.17703297990685,8615300
40.06563186645508,40.10894587423255,39.354040549362786,39.774807219575145,10229300
40.344093322753906,40.52972755103211,40.11514979153526,40.189399706146915,7714000
40.356468200683594,40.826738079082496,40.33171665751795,40.42453376417057,8274200
40.647300720214844,40.83911931541024,40.152279203799246,40.39360089481121,5807900
40.48640441894531,40.82673218726659,40.251271874115545,40.405965455920956,8383100
40.344093322753906,40.80817417257489,40.232713729961894,40.28221682028602,7658800
40.03471374511719,40.96287562224549,38.308334447591214,40.319354208473584,14046200
39.95426559448242,40.24509033802364,39.391180945786715,39.8862000280845,13221500
41.09280776977539,41.14230613101992,40.6287269968825,40.71535503015261,10833800
41.1794319152832,41.45787846438122,40.85147756786721,40.93811031383204,7240800
41.42076110839844,41.83533883601714,41.34031741258867,41.60639060152849,13170400
41.13613510131836,41.50739889562826,41.123756966345375,41.47026921158458,7800500
40.882415771484375,41.21036537877477,40.69678160240116,41.09280147783689,9731800
41.30319595336914,41.433138025818614,40.882429124110324,40.907180669463735,6943800
41.16705322265625,41.6435120750189,41.08661426356338,41.408374820808106,7237500
40.86386489868164,41.07424594388151,40.52972613200446,41.02474757616495,7867800
39.514930725097656,40.36265329175869,39.514930725097656,40.36265329175869,11587400
39.341670989990234,39.37879593718149,38.450634490414096,39.11272280027324,14586400
39.18080139160156,39.607757309901544,38.73528299352763,39.0384835389807,6334000
38.91471481323242,38.93327728663698,38.14743601364714,38.3206920599206,9156900
37.88755798339844,39.01991632085005,37.76999169171103,39.01991632085005,15152900
38.92091751098633,38.93947999089284,38.06700802872522,38.34545702951009,9428400
38.91471481323242,39.26741597053861,38.81571102101379,38.93327728663698,7546700
38.83427810668945,39.34786196262114,38.302134135585455,38.77240161436758,7180000
39.5700569152832,39.5700569152832,38.55368305741963,39.0338093011997,10023900
39.513946533203125,39.6885403112484,39.28323612988512,39.59500784520167,6448400
38.31050109863281,38.94651557667959,38.21697102689679,38.94651557667959,10309800
38.4913444519043,39.00888675891465,38.216986136261795,38.26686838518317,7694100
39.06498336791992,39.15851342298491,38.2855543492354,38.310494270075566,7538300
38.96522521972656,39.32687912798929,38.86545837827866,39.195935594581876,7056300
39.80701446533203,39.84442792912944,39.301943407899905,39.301943407899905,6567800
39.63240432739258,39.63240432739258,39.245805853419625,39.59499088127727,5466100
39.81325149536133,40.05020106983957,39.43289195867955,39.844430573243,4941800
40.05642318725586,40.08760225743754,39.807007276206114,39.83194958089982,6249100
39.85066223144531,39.9379603134516,39.63242297300342,39.77583768264088,5960000
40.21230697631836,40.25595481799555,39.750886256122655,39.881829781154224,5179300
39.956642150878906,40.32453028867231,39.92546309363096,40.28711922577975,8947600
39.91923904418945,40.39937003808485,39.74465006404098,40.243484216711124,5158800
39.47029113769531,40.06265775927813,39.39546660634001,39.925477469602605,5978900
39.1148796081543,39.4204169395888,38.85299250574997,39.4204169395888,6509700
38.90910339355469,39.276994040636396,38.81557094584805,38.89039547683599,6185400
37.892723083496094,38.96521822037991,37.892723083496094,38.96521822037991,22934200
38.63475799560547,38.765701570940884,38.03615675524653,38.11098131563393,8532400
38.179569244384766,38.51628331429401,37.967564353548916,38.322983967798756,9054500
38.00495910644531,38.49132204884383,37.72436418635825,38.210727128756766,8760700
38.360382080078125,38.44767775689755,37.61212968378066,38.117200586472926,10852500
38.36661911010742,38.753217674990495,38.273089040767815,38.372855875240774,5987800
38.43519592285156,38.59108169630805,38.00495204441778,38.49755165941104,6950100
39.23958969116211,39.33312216057245,38.204507654232806,38.41027575685425,7296200
39.90678024291992,39.90678024291992,39.22711779676251,39.41418035342531,6660800
39.595008850097656,39.97537073301789,39.470299685080114,39.92548611555908,5020500
39.744667053222656,39.750901442145846,39.31442047999631,39.43912966612901,4205300
39.551353454589844,40.06889555816953,39.50146884664669,40.06265879286212,7312300
39.63240432739258,39.71969998969988,39.32063274565024,39.426633941701,5687500
39.38300704956055,39.72595549608902,39.277005797151425,39.64489655435134,8124100
38.94029235839844,39.613718106831826,38.80934879323496,39.314417509902576,9510200
38.690860748291016,38.983926856354564,38.659684059452715,38.90286556247188,5969400
40.36195755004883,40.44925322638094,38.47885422972469,38.516267681850785,11243100
39.8755989074707,40.51785019475398,39.70100514675206,40.39313866664839,8690200
40.03772735595703,40.44303158030157,39.90678379250898,40.19361323014652,7032800
40.18735122680664,40.374416061267176,39.9379377905344,39.9379377905344,5187700
40.517845153808594,40.54901946401272,40.025245382908636,40.131246600666685,4029100
40.96056365966797,41.02291704241841,40.34948909129401,40.717382136860515,6032200
40.655025482177734,40.96056515615665,40.530318712120696,40.84832716020198,4321400
40.46173095703125,40.898209435331815,40.3494929544313,40.736091576110816,5579600
40.47419738769531,40.642551983427126,40.10006760649967,40.187363286843244,5337400
40.69867706298828,40.823388601750416,40.45549550897558,40.823388601750416,6479700
41.01045227050781,41.10398474323919,40.53032588780022,40.59891605065261,5577200
41.25986099243164,41.37209898208952,40.76102918293068,40.97926839691598,6663800
40.89197540283203,41.072803551252846,40.567730185919416,40.9543287884665,5143100
41.09150695800781,41.13515480141186,40.6113759233052,40.6113759233052,5500700
41.41575241088867,41.52799041568479,41.11021747009983,41.15386531878396,5492700
41.48432922363281,41.67139409054347,41.15385208171353,41.18503114528437,7411000
40.810916900634766,41.19751555225784,40.810916900634766,41.14139892524073,5544600
40.64257049560547,40.74857176183951,40.39315211362071,40.47421582319023,4924700
40.879493713378906,40.97302615179432,40.44301534378354,40.57395885466215,4516700
40.79844284057617,40.84209068613361,40.40561223055919,40.71738391518617,3564500
40.873260498046875,41.1538530477422,40.66749009106641,40.95431940507374,4357200
40.854549407958984,41.05408304673415,40.68619483287817,40.941849834851745,3857900
40.318321228027344,40.854564211267274,40.06890289986945,40.8420954356259,4549600
40.40561294555664,40.70491110403008,40.09384125541271,40.09384125541271,5655000
40.41808319091797,40.779739506388836,40.3931408839277,40.61761688958144,3263900
40.39314270019531,40.67997210759261,40.03772313480531,40.21855130067164,5442800
40.2621955871582,40.436786971229715,40.03148282548747,40.13748881489525,5322700
39.98783874511719,40.41808523727994,39.813247344604434,40.41808523727994,4604900
39.98160934448242,40.199848609361744,39.5201861262138,40.031489206984,5227700
39.6573486328125,40.174890657493556,39.6573486328125,39.96288348468437,3697900
40.019020080566406,40.11878456195595,39.39547661078959,39.58877594272705,6624800
40.766624450683594,40.86714547496007,40.53417317687395,40.53417317687395,6382100
40.8168830871582,41.03048306427074,40.534171314201814,40.8168830871582,4158600
41.1938362121582,41.28178972678107,40.9048454079535,40.9048454079535,5862600
41.13727951049805,41.47024693270954,40.898544533738814,40.898544533738814,5284700
41.10587692260742,41.27550016466214,40.99907692601348,41.11216068508542,4318900
41.52678680419922,41.59589379360693,41.09958213927202,41.40114034696979,5835800
41.72154998779297,41.7780894623144,41.376014999809755,41.558205739554936,4234800
41.621036529541016,41.79065977699642,41.3697387465904,41.74668302446305,4469200
41.45140838623047,41.690138615628356,41.41999436965702,41.570771104376426,4145400
41.77808380126953,41.80321405090906,41.31318616570075,41.35716290429367,4745000
41.847206115722656,41.878620137553476,41.57077806155316,41.71527585162543,4174900
41.53936004638672,42.029388007412926,41.52679252306997,41.94143451661877,7908400
42.023109436035156,42.079653711732774,41.495388426091345,41.627318678577296,5057100
41.752952575683594,42.03566428269137,41.41998516367647,42.03566428269137,7455500
41.87861633300781,42.029393079263215,41.65872778638186,41.85976504575784,5225800
41.332035064697266,41.58333278264057,41.250365343435455,41.58333278264057,5877800
41.545631408691406,41.72154315117925,41.35716173139749,41.526784920272505,6366300
41.6964225769043,41.94143656940942,41.501664300808585,41.50794806277451,5230300
41.95399475097656,42.03566926835927,41.34459932022319,41.683850533006684,5305300
41.93516540527344,42.092225949862474,41.60848158149551,41.80323512299154,5553200
41.74039077758789,42.286958129056984,41.62102329020727,42.060790675654246,7002300
42.09221649169922,42.09221649169922,41.63988145802573,41.94143974484351,5397000
42.01054382324219,42.08592979486065,41.79065529107225,42.08592979486065,4890200
42.569671630859375,42.60736461030844,42.03566698520841,42.111052944106525,7246100
42.7895622253418,42.7895622253418,42.343510988625745,42.4377482455333,7204100
41.52678680419922,41.9037309689926,40.948805431975686,41.84090774037789,20029500
41.30690383911133,41.5582015511262,41.00534562607245,41.545634029317604,8810500
41.16239547729492,41.31317694146625,41.024186324793796,41.300609422899996,5283100
41.51422882080078,41.75924279557687,40.835726370756696,41.01791710973737,7807800
41.71527862548828,41.96657643752456,41.58962732291659,41.65873434105425,5990500
41.866050720214844,41.99169721564828,41.746683194378484,41.746683194378484,6162300
41.89118194580078,42.0922192190031,41.75296792176669,42.02311220698605,6272100
41.77808380126953,42.1047674603734,41.765521073002276,41.97912100528076,4820100
41.09330749511719,41.60218193147299,40.80431198549435,41.50166092062929,8357700
40.8168830871582,41.350887823045575,40.75405984642546,41.27549705830266,11569400
40.94880676269531,41.13099748677224,40.72263929784847,40.848285759161044,8670700
40.842002868652344,41.14984002447603,40.74148187477248,40.98649580597365,5043200
40.86714172363281,41.04304870686332,40.76033694686646,40.94881145353103,6580800
40.703800201416016,40.82944668555107,40.55302346183273,40.71008396355461,6900800
40.37709426879883,40.52787573649259,40.0692571601895,40.52159197706267,7961700
40.842002868652344,40.91110985366855,40.427360958555106,40.43992847934249,6436100
41.024208068847656,41.024208068847656,40.747780031122396,40.87971028737132,5549400
41.18125534057617,41.39485526969409,40.92367388041109,41.14355757012216,5916600
41.338321685791016,41.52679139245902,41.250368197391495,41.31947040132915,4670800
40.96136474609375,41.30689966433003,40.57185788528708,41.28805317662709,7577100
41.055606842041016,41.35716506033125,40.52160219040097,41.300620797418276,9981300
40.885990142822266,41.05561337233085,40.68495289635363,40.99907389353,6940900
40.90483474731445,41.030481223141905,40.67866725634039,40.83572774767761,5521500
41.024208068847656,41.09959404778619,40.71008704165313,41.04305456358229,6301300
40.9927864074707,41.08073989524135,40.596995712502796,40.86085617581473,7065800
40.77290344238281,40.973940674307336,40.64725217673893,40.82316394864037,4743500
40.60956954956055,40.77291383999964,40.43994628906731,40.60328578639949,4914000
40.47135543823242,40.81689051480021,40.43366244555481,40.747783499486644,5533000
40.23261260986328,40.83572427006388,40.100682383548026,40.38338932663708,8021500
40.16979217529297,40.35826429390879,40.031580566469636,40.28287832232608,5016700
40.69123077392578,40.82944477587346,39.96247257243696,40.2074865602148,6984000
40.653533935546875,40.653533935546875,40.377105957853935,40.47134320416794,5511800
40.647254943847656,40.74149220121946,40.31428745515918,40.684952722659986,4630100
40.13837432861328,40.35825803346415,39.94990223923358,40.27658831254962,7198400
40.414794921875,40.465055414699805,40.14465076432216,40.33312042275858,5270200
40.1446647644043,40.42108798513198,40.12581587474551,40.41480901616745,2386800
40.21377182006836,40.29544155466796,39.84939030919737,40.056708923288795,5782100
40.603275299072266,40.747773055813106,40.06298923788997,40.238898612662496,11252100
41.5400390625,41.597006432197865,40.88177789437552,41.00836936649805,9970600
41.267852783203125,41.495712490031714,40.98936134183255,41.45773748188311,8829800
41.24889373779297,41.54004693539942,41.16028210499848,41.191931186270146,5679100
40.97038269042969,41.248874191975275,40.938733624154956,41.24254824189595,4502700
40.93873977661133,41.18558707794904,40.894433974549955,41.128624544857374,5630100
40.907100677490234,41.06533641327826,40.805832317651046,41.014704647844376,5431600
40.96405792236328,41.008363724267525,40.685561550982165,41.008363724267525,6173400
41.077980041503906,41.14127334239064,40.8817645310949,41.0400001977964,5426900
41.47673797607422,41.59699864483393,41.014692468996365,41.17925410849177,9261700
41.51472091674805,41.69194897835428,41.35015924585577,41.54636999213475,5751600
41.29318618774414,41.445095933909364,41.20457458363288,41.3754718408262,4526400
41.615989685058594,41.64130797689097,41.26154325734611,41.29318750040878,4830000
41.75524139404297,41.77422890727458,41.43243918219311,41.60333645921925,7334800
41.97042465209961,41.99574293701844,41.61597832117417,41.66028411253985,5549500
41.39445495605469,42.097021763307886,41.217231766652034,42.00841016860656,7830800
41.57167434692383,41.59699263294933,41.27419052233579,41.43242618826821,3977600
41.57801818847656,41.72359234264744,41.46408828005244,41.55269989449666,3297400
41.4071044921875,41.590658429028956,41.40077854292907,41.54635263937543,2358500
41.31850051879883,41.47673620082791,41.255207211781155,41.26786394159677,3071200
41.35015869140625,41.62865026939717,41.35015869140625,41.419782793146695,3248600
41.21724319458008,41.53371464310703,41.19825085133276,41.33749906131999,3507400
41.35015869140625,41.48940689488713,41.16027389957398,41.17293546114725,2977400
41.615989685058594,41.831187922178195,41.521047297929776,41.7172628523881,6787300
41.400787353515625,41.89448192299595,41.21723337761167,41.83751456476441,7897100
42.147666931152344,42.33122095832715,41.49573649299738,41.590678897256254,10381900
42.305908203125,42.37553232010274,42.014754999841685,42.223627350774905,7648900
42.02107620239258,42.29324182608531,41.932464588071305,42.29324182608531,4899100
41.805885314941406,41.97677779297216,41.67296304106324,41.85651708278318,5220500
41.983097076416016,42.24893189342174,41.780555573606364,41.989423027556384,4686400
42.236270904541016,42.45146911690868,42.122341018884654,42.22360934559595,5265100
42.35020065307617,42.69831625942082,42.18563419011206,42.217278429432575,7943000
42.26791763305664,42.50843897747838,42.13500023012522,42.50210819763303,5986100
42.13499069213867,42.50209857654524,42.02739160397542,42.06536661651091,6066000
41.710933685302734,42.21095910314661,41.578016269770146,42.198297542255546,7872400
41.710933685302734,41.983099296813435,41.653966319234144,41.73625197811426,7131000
41.691951751708984,41.97677413325205,41.56536027071222,41.89449329233258,5564400
41.88816452026367,41.88816452026367,41.52105645122106,41.641317156693646,4713700
41.62865447998047,41.93246921184766,41.61599774609787,41.780564260399736,4986100
41.68561935424805,41.799549268242416,41.470416259382674,41.7046068684186,6797600
41.495731353759766,41.74257867687808,41.426107254524275,41.603335307377776,6819700
40.76152038574219,41.67295480335772,40.58429716089947,41.426107478902395,10455700
40.70454406738281,40.93873460812384,40.5652958987784,40.72986235521722,8666100
41.17292404174805,41.22988656611654,40.69821702279924,40.843791137720615,7138100
40.91975402832031,41.052671440230256,40.533658524166,40.78683661641037,8221000
40.622257232666016,40.93872854023463,40.51465814704523,40.831129454613844,6693300
40.40707015991211,40.68556413449231,40.2931402579281,40.60328330543685,8423900
40.30580139160156,40.49568376610921,40.03996413570255,40.476696253004064,8157900
40.61593246459961,40.67922576968546,40.19819037337248,40.267814457657806,6064800
40.77417755126953,40.98938063298747,40.48935519816985,40.74885925759855,6132000
40.1032600402832,40.62860377361737,39.837422783256706,40.179212507511316,15759300
40.42605209350586,40.52099205573449,39.59689865007846,39.63487366917594,9016500
40.09059143066406,40.71720577722974,39.98298991421003,40.483015235617664,9108700
40.7298698425293,40.79316315926561,39.91337543289572,40.05895199297745,9487900
40.4830207824707,40.81215374166926,40.407068322763045,40.56530160778518,8043300
40.951393127441406,40.95772390691912,40.01464058147344,40.05261560040002,10851000
40.134883880615234,40.83112208021109,40.001966534918544,40.83112208021109,14023700
39.970333099365234,40.21084959071854,39.60322516863942,39.66019010911464,9637500
39.83110046386719,40.36277264414906,39.81211294779897,40.001995351938405,9527000
39.894378662109375,40.00198017948358,39.69183718591836,39.780448779941324,9120900
40.25515365600586,40.438707613474676,39.80576493074198,39.86906064770608,6523300
40.1412239074707,40.48301353670845,40.10957725613048,40.369083660295864,8022500
40.00830841064453,40.47668708182485,39.99564926661427,40.312120623916286,8086400
40.142242431640625,40.1741336720248,39.887129539287606,40.14862165290148,7061400
40.658851623535156,40.80554209037857,40.18051219267004,40.30169063929021,8445800
40.43562698364258,40.73538470186243,40.199644449200406,40.67798387361435,7662000
40.48027801513672,40.55681165356101,40.30807550396169,40.454765991341795,7018900
40.684356689453125,40.754513516594834,40.37821979798361,40.37821979798361,7520000
41.23286437988281,41.347666050361966,40.53767756774148,40.62696721523406,7746100
41.09254455566406,41.36679267945253,40.89483248941661,41.03514129602828,8663100
41.23286437988281,41.3859316518814,41.02877306191109,41.207352356896244,6875600
40.9076042175293,41.09256278921629,40.55682231351127,40.98414030903083,5896600
40.1868896484375,40.58869545826391,39.98917757082529,40.46113778799011,8730100
39.74043655395508,40.12948387254825,39.574610873148906,40.11035107590134,8406300
40.231536865234375,40.346336092122385,39.89988789600181,40.12311199406209,6753400
40.33359146118164,40.569571621896834,40.116744103698274,40.49303797600881,8427000
40.8820686340332,41.009628713045785,40.499398128834414,40.722622184707085,6524500
40.780033111572266,40.85019238889882,40.70987870016639,40.83105472286384,5038200
40.945858001708984,41.047906094230946,40.658856256852495,40.78641393954451,3908000
40.945858001708984,41.12444216362242,40.92672520084134,41.047906094230946,4146500
40.805545806884766,41.118062000682606,40.78641300645482,40.939482708775486,5048600
41.03515625,41.30303011605168,40.805555292586305,40.83106488810275,4971000
40.92035675048828,41.20735853676742,40.8374414468669,41.07980326862593,5163800
41.48796844482422,41.66654769117437,41.092539495106365,41.20096191383046,5794900
41.07978820800781,41.60277240112665,41.04151774885877,41.51347790705875,7403500
41.59638977050781,41.723944981429106,41.118050430673854,41.37316571843584,6350000
41.51347351074219,41.532611171249904,41.3667855082846,41.411430317630725,4210300
41.82600402832031,41.89616087252924,41.40506296306678,41.44970778520694,5762300
41.934425354003906,42.01733577407511,41.78135809159533,41.78135809159533,3815300
42.04285430908203,42.119390385104175,41.806876590042684,41.8323837494621,6105100
41.921695709228516,42.093895869506596,41.6793338006374,41.940828519712376,4076700
42.119380950927734,42.31709302063181,41.883398418824015,41.90891043845038,4385100
42.45740509033203,42.54669472268823,41.81324000040232,41.95355367008206,7492900
42.38087844848633,42.62324024664942,42.29796801885854,42.46379374403522,4203200
42.540313720703125,42.64874101195664,42.17040163039287,42.31071042827893,4207700
42.80182647705078,42.820959281913105,42.37451094871929,42.53395747713449,5398300
42.827335357666016,42.94213704432382,42.37450783416063,42.5594663774383,5668400
42.610477447509766,42.89110482053051,42.412765361565484,42.89110482053051,4973900
42.94212341308594,43.04416662110017,42.71889933375482,42.89747859721971,4292200
42.9931526184082,43.06968381713896,42.76354929037479,43.06968381713896,3876100
42.75080108642578,42.903868386470954,42.62962017151574,42.82733716940923,4197500
43.184478759765625,43.273768388334524,42.63598254660249,42.66149456418215,6600000
43.32479476928711,43.52888605505496,43.15259472370052,43.19723954040223,5939200
44.46645736694336,44.594012668389475,43.28655379783688,43.32481941508615,12755900
43.937076568603516,44.60675380609936,43.78400929308939,44.40266248344021,8034200
44.20493698120117,44.31336427692714,44.026357716598426,44.160292165050485,6235200
44.383522033691406,44.383522033691406,43.930694591991504,43.930694591991504,6107500
44.53660583496094,44.60038347364414,44.198579970610204,44.35164727663429,8129500
43.89881896972656,44.44731541173369,43.662836358097785,44.262356856552515,7642700
44.17943572998047,44.61313042082448,44.12203732347758,44.421797533226986,6792600
44.53021240234375,44.6322604844123,44.31336752682865,44.415410742976825,5763100
44.664154052734375,44.72155732462148,44.52384035025607,44.52384035025607,6118300
44.77256774902344,45.142484734840394,44.5174572845209,44.54934365962362,6167300
45.25730514526367,45.31470842970931,44.619518987862676,44.85550161783304,6333900
45.00217056274414,45.454997957930736,44.78532569712809,45.091460197517826,7501700
45.10422134399414,45.34019902179057,44.836352423615274,44.90650926456028,5928900
45.35295104980469,45.57617511854432,44.84909965698109,44.925635708800286,6453900
45.45499801635742,45.49326847839544,45.12335149618889,45.2700443911743,5556400
45.78028106689453,45.85043792040617,45.391231194119584,45.499653652848,5163600
45.47414779663086,45.81854798529518,45.42312374426524,45.710125523459325,5916600
45.30831527709961,45.49964814594746,45.142489564694884,45.23177921000803,5546300
45.27003860473633,45.42310583556282,45.065947341661165,45.34019056667884,5267600
44.93202590942383,45.19989975229962,44.79809142094666,45.04045323755231,5954400
44.91289520263672,45.02131766990466,44.54935732668056,44.86187114771474,5896200
44.90011978149414,45.301923070235276,44.82358373633993,45.03405421107452,4358200
45.359336853027344,45.359336853027344,45.03406466799283,45.104221509194794,6547100
45.15696334838867,45.52957852957797,45.1505375965992,45.343270938983316,7748200
44.65586471557617,45.221208365281356,44.53379993269158,45.13769319359927,6139800
44.3089485168457,44.553073186125616,44.14191326870005,44.3089485168457,5721400
44.257545471191406,44.61730911806035,44.18687691178328,44.34748638290864,4933900
44.283241271972656,44.52094504138573,44.225419316640036,44.456697335146856,7363600
44.225440979003906,44.32823343820612,43.949197273079996,44.148351536016484,5477100
44.65586471557617,44.938534089722395,44.16761048545054,44.30894762323002,6047000
44.12907028198242,44.59804730369089,44.05840170587623,44.520957876239216,6987200
44.36676025390625,44.53379548198968,44.08409090800997,44.161180319885204,4796400
44.69441604614258,44.829327451804524,44.48883606112245,44.63017321983881,4832000
43.99416732788086,44.69442256919551,43.83997864055216,44.4310254724838,7750700
44.257545471191406,44.463125398175386,44.02626744065792,44.03269319189832,6250500
44.148338317871094,44.64301340078537,44.04554588944524,44.52095351879563,7575900
44.31538009643555,44.495261971286624,44.09052285145821,44.09052285145821,5061200
44.283241271972656,44.546638242187086,44.19972611583868,44.508093539573224,5653900
44.18689727783203,44.4246011691653,44.16762491664016,44.28326398520576,5429900
43.67293930053711,44.032703027768804,43.33886878118209,43.85924201541554,8321100
43.974884033203125,44.10980034146076,43.65366499745609,43.67294225678826,14860400
44.36036682128906,44.540248762059036,44.026296158646026,44.026296158646026,7453200
44.726531982421875,44.82931950600657,44.44385771509191,44.56592249442305,5162800
44.94496536254883,45.13769873799718,44.81005396030032,44.822900564670654,5512200
45.246917724609375,45.28546244398473,44.91927290567702,45.0541843249047,5280400
45.09273910522461,45.201952423560314,44.72012377058156,45.02207051067457,6466900
44.82289123535156,45.259749214216455,44.75222757390249,44.88713894807089,7317900
45.07986831665039,45.10556642198847,44.81004556271924,44.84216941974494,5989600
45.304718017578125,45.452480889458485,45.13126194324323,45.285445665031155,5695000
44.925682067871094,45.22120291057587,44.62373547383888,44.9770782756664,6016400
44.52095413208008,44.636593164945715,44.27682456191214,44.546647338127705,5248800
44.334659576416016,44.67515102299876,44.238292870432495,44.456719496008496,5376300
44.257545471191406,44.63016062054114,44.090510248825645,44.57233866220173,4955500
44.071250915527344,44.37962334780511,43.96846337237711,44.16119185381387,4460000
44.02629470825195,44.02629470825195,43.68580320280942,44.02629470825195,6760200
43.6857795715332,44.07766710392025,43.28746628740191,44.07766710392025,6165000
44.032711029052734,44.15477584500696,43.5251843065338,43.74361092306865,6550200
44.00057601928711,44.2447055893763,43.86566463122284,44.23827983716005,5707000
42.5101318359375,43.2425109456227,41.62356894037494,43.2425109456227,26300600
42.24672317504883,42.56151641462556,41.9126526787768,42.51654595182888,10477200
41.3537483215332,42.00260736859985,41.28950058098729,41.88696829759742,14148600
41.1610107421875,41.53362603346647,41.12246602288759,41.53362603346647,12524600
41.02609634399414,41.39871160821456,40.98112587427192,41.173854358189885,12889200
41.04536056518555,41.37300529472965,41.03893726394439,41.21239580593134,6831700
41.14173889160156,41.25095219857862,40.82694312608433,40.993978414140656,8711600
41.02609634399414,41.39228585499322,40.76269682817538,41.25737444582657,7997200
40.589237213134766,40.96185001711334,40.589237213134766,40.86548577762029,8047800
41.42441177368164,41.49507545696585,40.58924026438507,40.69203026466215,11800200
40.69845962524414,41.81630073830374,40.602095364163716,41.392294068418195,15201200
41.546470642089844,42.06684883469131,40.78197018734213,41.20597923420583,18775700
40.45431137084961,41.70064234279588,40.39649186750462,41.22523481450834,20127300
40.53142166137695,41.04537167449565,38.93817539535552,40.80124449924915,27337100
38.75185775756836,40.40292312750681,38.61052062138945,40.20376892729799,21692800
40.39008331298828,40.85263953668346,38.809686149638964,38.809686149638964,14654100
40.589237213134766,40.839787666806124,40.19092629834201,40.666329094870555,8808000
40.839778900146484,40.95541792328048,40.582802748580676,40.78838514025705,7026800
40.96184539794922,41.15457630590827,40.37722692173976,40.58280688365694,6746300
41.51436233520508,41.61714990858801,40.910468799304844,40.968288341024916,7568700
40.53142166137695,41.475804044636625,40.152383067194364,41.00040120151695,12016800
39.876121520996094,40.56995565132921,39.734784394289825,40.19734048117857,13212600
39.77976608276367,40.33868899577746,39.68340183792834,40.33868899577746,8212500
40.78196716308594,40.78196716308594,39.89540196694957,39.927525830048914,7631200
40.923316955566406,40.95543837787816,40.49288205432516,40.711311157035475,6789100
40.48644256591797,41.064635288522496,40.31298401392467,40.9682710601083,13773400
40.57640075683594,40.80767892456267,39.83117246677617,40.69846314504394,12274200
41.21882629394531,41.250945254547894,40.82051295145051,40.929726240043,18839600
41.45010757446289,41.700662964035494,40.89118951691593,41.096769530312976,7969600
41.72533416748047,41.93256828414645,41.453340315765935,41.53105002148376,8353600
41.54400634765625,42.016756876374636,41.51162400860376,41.692953249254714,5986200
40.993526458740234,41.51808906739475,40.915814303155265,41.20723797463,5790000
40.44308090209961,40.52727055223431,39.840805848109184,39.989755247316076,8216000
39.90555191040039,40.79277548503164,39.62060565361695,40.78629803009041,14915300
39.72422790527344,39.82136997872192,39.56880108184098,39.77603519946722,11827200
38.8499641418457,39.63356840469243,38.64920498366415,39.549378761529084,14838300
38.94709777832031,39.01185998251373,38.37072774833908,38.46786981941646,11253500
39.206146240234375,39.45871269006799,38.93414989165724,39.05071940241519,9470700
39.87966537475586,40.25527638681484,39.03777376792388,39.413387250409066,10606900
40.941734313964844,41.18134832334762,39.491092874359964,40.203462386918694,18666400
40.18403244018555,40.838117196123804,39.879658689307846,40.838117196123804,16669100
39.21908187866211,39.62707252108024,38.85642105942128,39.58174022747822,13587000
39.109004974365234,39.75013729692036,39.04424523167014,39.283859244153,9630200
39.3680534362793,40.15813276426781,39.33567356118918,39.918518724089616,14350400
39.452247619628906,39.62710194066097,38.59093093131528,38.85644990686177,16341000
39.076622009277344,39.3680457691846,38.62977389103664,39.23852382362297,11139000
40.080421447753906,40.17756354557785,39.32919696525078,39.34214940965572,10312400
40.430118560791016,40.88344410459916,40.3005966239279,40.617925245721246,7991500
40.13222885131836,41.000022811704675,40.060991646518396,40.546697166053434,7054300
40.527252197265625,40.876958142468595,40.11925904569971,40.630869231108164,6609100
40.08689880371094,40.792790964223286,40.054516457567466,40.39127259996499,7405600
39.044246673583984,40.2811765799768,39.01186680104064,39.88613571184059,10573100
39.14784240722656,39.2190795702438,37.8850083030403,38.67508960861393,11390500
39.044246673583984,39.07662654612733,38.422544227218424,38.95358204229225,9194000
39.22557830810547,39.251483195876965,38.519686174101764,38.83053741608146,8023900
39.51699447631836,39.866702982316674,39.24499814817781,39.49108959355724,7909800
40.06747055053711,40.106327885252384,39.74366683918867,39.93147358467307,5985600
39.4716682434082,40.03508594286056,39.18671943001889,39.87318410631699,10261900
40.60496520996094,41.200762549493554,40.151639750945904,40.39125368354706,13796200
40.38478469848633,40.46897432476955,40.15812070009694,40.27469019174282,6887300
40.30707931518555,40.63735795018376,40.01565553699549,40.624405507772444,8736600
40.080421447753906,40.55317455161632,40.02213668314478,40.06099401635959,5095000
40.41716003417969,40.67620386889994,39.937929681074756,40.16459365406125,7361200
40.22288131713867,40.64382449112591,40.16459657361117,40.41068798744119,5719700
40.22936248779297,40.449549056040674,40.080413113746815,40.332979551060966,6210700
40.332977294921875,40.721543113260594,40.15164806195244,40.520783983597646,10698900
40.216407775878906,40.4754516546388,39.98974623478314,40.345929715258855,7490100
40.03508758544922,40.52079311500782,39.96385037917912,40.39127114637365,9199100
40.15812683105469,40.25526891239877,39.82784820125116,40.19698415767747,7588900
40.72154235839844,40.838111854696635,40.261739358366455,40.740969784306316,11217200
40.928775787353516,41.10363002888657,40.64382703651798,40.95468066841592,8076100
40.76687240600586,41.174865620433614,40.53373342633286,40.53373342633286,9351500
40.300594329833984,40.540208293614256,40.08040779082836,40.222882160310036,11377900
40.41716003417969,40.66325143012141,40.248783270909094,40.59201425205209,7002600
40.66972732543945,40.702107187898626,40.235831733551144,40.45601825686876,7680100
40.145172119140625,40.49487813575122,39.93793553871428,40.47545070994659,6312800
40.47544860839844,40.5013534884099,39.866698750681245,40.14517003474106,5022500
41.226688385009766,41.284973151805836,40.3588943407273,40.54670108600645,8745400
40.332977294921875,40.88344491996202,40.1969803701948,40.76039796579661,6851500
40.773353576660156,40.96763526572096,40.33945788677188,40.57259690181513,5707900
40.98060607910156,41.123080534482014,40.870513978436165,40.98060607910156,4932500
40.66972732543945,40.948198589353645,40.475445680259234,40.92229371121624,3989700
41.770660400390625,42.04265421254257,40.857534434640954,40.87696185824461,14947300
42.15275573730469,43.16302645996439,41.62819541841987,41.72533749917485,17887600
41.505149841308594,42.152757146861994,40.92878220506002,42.02971511858596,13519700
41.37561798095703,41.537519758920034,40.82515292405285,41.47923749046143,10355300
40.89640808105469,41.278496543843254,40.831645859142796,40.935262943775655,6964200
40.91582489013672,41.14896388764128,40.72154321569142,40.72801820098854,4745100
40.41068649291992,40.77334490996735,40.313544433824966,40.689157760538585,5386100
40.468994140625,40.74098810736509,40.41070936626261,40.60499112399504,2893500
40.792781829833984,41.155440309342545,40.52726295572567,40.60497513413099,5459000
41.226688385009766,41.45335246496171,40.799267585314,40.85755235211007,6408900
41.78489685058594,42.183159547184914,41.569442280724616,42.039523167277366,10022600
41.843658447265625,42.09175948382784,41.673910874105346,41.96117868007185,7686200
41.967716217041016,42.24192848058653,41.88284241579575,42.07218087809599,6571600
42.04604721069336,42.28761292181745,41.84364825943747,42.23538559417938,5601300
42.20928192138672,42.46390827557559,41.88283736666779,42.176635473455384,5992700
42.379024505615234,42.5487720476718,41.93505981649148,42.07869120258224,5638400
42.0003547668457,42.529193315779075,41.92853657116978,42.137460872822935,5170100
42.561832427978516,42.69893851033198,42.0591051448684,42.07216571336725,6351700
42.21580123901367,42.59447303843106,41.7130739659181,42.50306898534956,5834400
41.967716217041016,42.59448923992328,41.87631212919251,42.40515077762303,4946400
41.77184295654297,42.22233552424127,41.73919900072266,42.052587950205336,5665500
42.339847564697266,42.50306980278874,41.74571871766727,41.804478823003144,6417700
42.24843978881836,42.69893472024055,42.189682179231276,42.62058625964414,8619400
42.02647399902344,42.548782300759115,41.9154790641352,42.1962215819845,4943000
42.783809661865234,42.901329865423534,42.189683341371165,42.30720354492947,4800400
43.116790771484375,43.25389686569828,42.58142198310957,42.58142198310957,4979700
43.116790771484375,43.364886801802704,43.038442297155925,43.11026048667004,3537200
43.46281814575195,43.54116661466581,43.16902010433309,43.27347974840408,2625700
43.33877182006836,43.59992842710411,43.29960007241479,43.397534422696694,2544000
43.031917572021484,43.417119701732474,42.986210558854516,43.338771226350694,3179800
43.44322967529297,43.50198728760321,43.064552903247424,43.07108318721985,2840300
43.31919479370117,43.54117969842128,43.247376587569576,43.36489683568046,2632900
43.35183334350586,43.86761628392959,43.3257171841131,43.65216170480043,5348800
43.573814392089844,43.63910230174395,43.169026363545484,43.35836478834613,6042400
43.23430633544922,43.528104365525934,43.16901843778187,43.46934675196951,4909100
42.692420959472656,43.26696161609862,42.62713304094794,43.26696161609862,6533000
42.91441345214844,42.97970138222374,42.44433238576666,42.607554701529786,5859600
42.868690490722656,43.12331678060905,42.74463999728922,43.07761475373578,4996000
42.44432067871094,42.54878034178924,41.86977509776088,42.43779039315967,10470200
42.18968963623047,42.555305888008895,42.09175528846186,42.50307357171259,5745700
42.04604721069336,42.254971464687046,41.98075931528542,42.072163365085956,6677900
42.20928192138672,42.496549742358326,42.176635473455384,42.28110012191677,7457600
42.339847564697266,42.49001421544627,42.11786771184362,42.222327354025516,5373300
43.031917572021484,43.123321636059615,42.405139731263006,42.52919023866386,8195800
43.273475646972656,43.35835439220479,42.80992512408252,43.12983929148475,5538800
43.155967712402344,43.188614159255536,42.69241705774789,43.03844747733864,5551000
43.22126007080078,43.2996085626185,43.05151247691915,43.064568068314294,4148700
43.54767990112305,43.61297276444112,42.87520525057436,43.012311297479286,5131300
43.43017578125,43.71744854641549,43.31918584239896,43.4954686687134,5345900
42.96663284301758,43.364895618147706,42.87522876162531,43.253905659478356,5832500
42.70547866821289,42.8295242107472,42.54225639227167,42.8295242107472,5712300
42.875221252441406,42.888281822437925,42.620594930137024,42.76423131321088,5834300
43.33877182006836,43.41712029652348,42.99927171772546,43.0841454980242,6351200
43.35183334350586,43.5476970672294,43.22125254654208,43.482409159321556,5124100
43.5215950012207,43.678287009236186,43.286554498622905,43.665226436231244,6295300
43.43017578125,43.58687273378461,43.17554945981621,43.36488787493456,4917700
43.58686828613281,43.73050465405875,43.18207533844587,43.266949109880535,5597800
43.573814392089844,43.691334621926515,43.39753653790895,43.62604671227241,6021900
41.9611701965332,42.3724934187695,41.66084437090975,42.34637726329836,25593100
41.75225830078125,41.90895278009975,41.54333398873941,41.86325074250149,10702500
41.582515716552734,41.908962834330914,41.380121641654576,41.791442569291725,9295900
41.47151184082031,41.77184019946318,41.32134766149888,41.47151184082031,12623200
41.17771911621094,41.52374957397884,41.0797847459948,41.35399948825529,9099000
40.955711364746094,41.32785775641785,40.955711364746094,41.262569877047454,11449400
40.9230842590332,40.9753140859,40.69457409666475,40.85126606783913,14646300
41.223419189453125,41.38664147163536,41.11242923304491,41.164659068244546,6581800
41.19729995727539,41.32135047645945,41.132012045496346,41.23647419868733,5506300
41.21687316894531,41.288691339841186,41.02100701504863,41.24951711283254,19031400
41.334407806396484,41.47151391298748,41.22994565510228,41.22994565510228,16088000
41.3409309387207,41.6216734056439,41.164650611310286,41.249526877968755,25483800
41.3409309387207,41.582499169361405,41.15159253254946,41.47803702984862,6407500
41.429805755615234,41.55487350922674,41.34423598956214,41.40347794890514,7013800
41.17307662963867,41.50219794963738,41.10066953747953,41.50219794963738,7660300
41.15332794189453,41.25864665819319,41.07433953241959,41.16649309530639,6011800
41.331058502197266,41.45612370750616,41.094090735509624,41.14016752225483,5646600
40.995361328125,41.35081304751265,40.955868366635514,41.041438123860765,7231200
41.21915817260742,41.29814910644459,40.90978580356692,41.02826969332598,7509000
41.436370849609375,41.54827088275948,41.29155667871284,41.40345922285911,4398300
41.56803894042969,41.67993902492335,41.403478220176204,41.44297118599876,4096100
42.088043212890625,42.160452832760875,41.47587721550367,41.673352061884216,8098100
42.35134506225586,42.502743136384055,42.19995201012236,42.33159857910755,7450800
42.167022705078125,42.54222081606082,42.09461812255221,42.25917627465332,6930200
42.23944091796875,42.35134099305405,41.99589177555002,42.127540842883455,4734500
42.436912536621094,42.456659016365506,42.246021529102045,42.278935676671956,8870500
42.60804748535156,42.70677986187684,42.30525145736504,42.338165597535266,6555900
42.970088958740234,43.1543961382701,42.344760310764755,42.39083710564722,7676400
43.02275085449219,43.1675650775278,42.818697188575186,42.970090223934854,6555500
43.042503356933594,43.15440344602672,42.80553550826883,42.87794262991611,5149000
42.98325729370117,43.286048382195965,42.97008962524823,43.081989697127895,5356000
43.29920959472656,43.31237726274343,43.081988270393275,43.09515593841015,5211800
43.45061111450195,43.56909502614527,43.187312975072985,43.34528984993264,5274800
43.39793014526367,43.46375339377653,43.180708905378495,43.41109278616946,5833300
43.45717239379883,43.45717239379883,43.1346349396764,43.345272361836884,6320700
43.67441177368164,43.773149204858385,43.470358098712225,43.6283349753984,5949300
43.931121826171875,43.93770566014442,43.58225395553544,43.615168103404265,5203800
43.8126335144043,43.983778026505576,43.661240502232424,43.8258011810239,5108400
43.667816162109375,43.786300043168175,43.53616963737427,43.59541408890018,4556500
43.54275894165039,43.582251899634876,43.24654669078583,43.47035183734974,5755800
43.01615524291992,43.239960350516654,42.950331983741854,43.2004623774156,4526200
42.687034606933594,43.01615593007416,42.64754165519444,42.910839718105464,5715700
42.884525299072266,43.062248669740896,42.75945754290137,42.904271782258256,5376900
43.03590774536133,43.11489868063281,42.548809532837545,42.82527027329752,5843100
42.825260162353516,43.11488850130823,42.825260162353516,43.01615111102891,7412100
43.43743896484375,43.70073707711341,42.871349781161804,42.871349781161804,7862600
43.70732116699219,43.871881860375446,43.457185698973596,43.59542110077009,6748100
43.58226013183594,43.64808341490791,43.476943883319706,43.5098530138584,5408000
43.54275894165039,43.68098931658973,43.444021524695536,43.57566806597291,6531200
43.858707427978516,43.93111452365884,43.509839615333135,43.555916401493974,7302500
43.5625,43.74022331080906,43.4637625953314,43.555916167157285,4944500
43.77973937988281,43.99695573353685,43.62175745832249,43.66125544971011,5512500
43.885040283203125,44.01010800517742,43.77314022774893,43.87187763867636,7056700
43.68757247924805,43.95086555775885,43.58883506380972,43.773142227564705,7989100
43.509849548339844,43.89821542492229,43.50326571395867,43.865301275010594,6248000
43.44402313232422,43.60858382600727,43.292625084458535,43.42427665260127,5367500
43.76655578613281,43.931116461393344,43.29262023786356,43.39135764741854,6591700
43.9903450012207,44.04958441232626,43.713884372078546,43.78628642276597,5812400
44.04302215576172,44.10226158913062,43.9179544337696,44.003524178189124,5821300
43.37819290161133,44.03643557076479,43.35844642505561,44.010105261359485,6971200
43.852142333984375,44.08252633685239,43.62175330912175,43.7797352156552,6910300
43.78630828857422,43.904792191944736,43.555924315907646,43.60858494451542,6917600
43.4045295715332,43.66782266018324,43.233385046315675,43.52959228204384,6013300
43.96403503417969,44.22733314551984,43.555922710502756,43.555922710502756,8106700
43.970619201660156,44.266826440419344,43.83896763399422,43.87846561529091,5114000
44.20098876953125,44.39845852371555,43.65464624116959,43.81920688065258,7482800
44.6617546081543,45.15543650512429,44.04301004557309,44.10883329410403,16062300
45.25419235229492,45.46482984672766,44.9184871192323,45.00406189702917,12660500
45.267333984375,45.53721581676554,45.1356874947158,45.14885013488505,10532100
44.83950424194336,45.05672056326683,44.470884835163154,45.05014175067733,11275700
44.74734115600586,44.90531799855499,44.530119858755,44.88557152098551,5500800
44.81317901611328,45.08963983610698,44.642034451452695,44.701278925448435,5514200
44.76050567626953,45.02380377288158,44.35239337542118,44.68151474068787,5530300
45.29367446899414,45.35291891805346,44.69467627779722,44.87898341355012,16245700
45.18178176879883,45.48457282989003,44.96456045693114,45.14228881100238,9372400
45.63597106933594,45.642549881001464,45.05013542351125,45.08962838147896,10044700
45.25649642944336,45.508582973488885,45.143721269838835,45.508582973488885,7549600
45.01103973388672,45.501947235702296,44.89162925384862,45.20342356624072,10839300
44.78550338745117,44.851841438995784,44.360933784042956,44.460438330725424,10514100
44.76560974121094,44.87838495326114,44.48035151814473,44.75233909198755,6034400
44.44716262817383,44.73242074002924,44.22161229200655,44.69261893041566,5607400
44.77224349975586,44.88502378188012,44.47371966543133,44.65946827890171,5743100
44.898284912109375,45.09730415607493,44.573224870817285,44.97789362194952,6389200
45.31621551513672,45.38255863183579,44.84520874193468,44.94471835571409,3851800
45.143733978271484,45.654542531686445,45.13046333148373,45.47542929020215,3874200
45.37592697143555,45.442265032221364,45.137105903590914,45.276417349622015,5537800
45.475425720214844,45.69434076233917,45.216703802121046,45.30957807726916,4964900
45.953060150146484,46.21178711526256,45.495324122482955,45.55502684124719,5879900
46.092376708984375,46.2648546043838,45.90662310727494,46.10564229275813,8815900
46.1719856262207,46.271495230367705,46.03930952820384,46.05257511349804,4337700
45.979610443115234,46.264868662980106,45.91327238155194,46.258238399712546,5340200
45.71424102783203,45.93315604264539,45.30293710258274,45.86681800599687,8799900
45.442264556884766,46.10565528034294,45.41572832059409,45.833662654315695,7056100
45.57491683959961,45.80710752038078,45.535115036616276,45.535115036616276,5330600
45.51523971557617,45.60147869093034,45.17690901626871,45.203445253593785,5120700
45.73414993286133,45.8601907061612,45.309580350520534,45.47542800178705,6461800
46.27150344848633,46.38427865795715,45.740788839623086,45.840298461443645,7553700
46.1719856262207,46.317932370800484,45.84692564319128,46.118913162506466,6067200
46.87517166137695,46.87517166137695,46.31128572944232,46.41079530927005,8886700
46.94152069091797,46.9614215992921,46.43734241327575,46.662892789874135,6248000
46.94152069091797,47.02775964762876,46.715965253050925,46.715965253050925,3377200
46.55012893676758,46.80222066760864,46.47715554744726,46.76904910472853,4417100
46.58330535888672,46.76241865782139,46.17863654363275,46.371020493611724,4578900
46.43071365356445,46.72260718103059,46.23169948042158,46.523587946618335,4289200
46.351112365722656,46.629735259052,46.251602743456566,46.543496285765194,5074800
46.523582458496094,46.62309206396364,46.17198623894372,46.27149584441126,6239200
46.33783721923828,46.51695553418612,46.26486384074385,46.41081059773271,5637500
46.70933151245117,46.76903423312724,46.337829359149715,46.43070363215801,4183800
46.669532775878906,46.80221394707718,46.54349198982701,46.6628974520017,4543400
46.656280517578125,46.99460621292675,46.15210204553563,46.855294739323675,5872300
46.68943786621094,46.729244751768796,46.30467508846219,46.55012641993248,4221900
46.715972900390625,46.74914446062342,46.50368807420138,46.67617107712685,4110900
46.410804748535156,46.64962576418734,46.211790609670665,46.463877210073086,7628100
45.99949264526367,46.37099474919586,45.73414050694189,46.15207467993954,5070600
45.63463592529297,45.86682160240232,45.415715832046374,45.86682160240232,5930700
46.63637161254883,46.7358761757408,45.80049785284804,45.81376344085039,8688300
47.24666976928711,47.43241828985014,46.8818029887043,46.91497453649095,9457100
47.93659973144531,48.04937490358614,46.77566633745129,46.82873373175596,10795700
48.26166534423828,48.38771117573982,47.66461280195276,47.730950848591476,6198600
48.248409271240234,48.32801291839256,47.92997949882234,47.969781322398504,6838800
48.029476165771484,48.36780675873174,47.16043111566841,48.28819807177987,13038300
47.63146209716797,47.936621261868794,47.3992712650678,47.83711162829304,6331400
48.34126663208008,48.36116753689644,47.89016089826096,48.075909424903934,5431800
48.082550048828125,48.39433936077719,48.06927940330875,48.334636639744915,4092200
47.956504821777344,48.26829919888946,47.89679703873093,48.18205518574111,4924900
48.142250061035156,48.228489006985455,47.797289215965904,47.82382038297521,3521400
47.856998443603516,48.09581946931818,47.73758793074618,48.04274700554409,3992700
47.85036087036133,47.87026683929216,47.558472455866074,47.77075723971193,3590200
47.757476806640625,47.870257029062266,47.6181654202853,47.70440941750582,3949000
47.923336029052734,47.96314290713254,47.545203585540875,47.85699798061127,6920700
48.17543411254883,48.21523593465883,47.68452135393526,47.77076538353271,6502100
48.812286376953125,48.83218728711293,48.029485189296416,48.05602142326586,8715500
48.686248779296875,48.85873179868563,48.50713549624431,48.80565932175525,6204700
48.64645004272461,48.75258994205842,48.347921136978265,48.60664315186292,3356800
48.43415069580078,48.74594509772765,48.42751537243012,48.626534583399675,3917900
48.35453414916992,48.48057996640598,48.06927602576639,48.2682952044267,4331800
48.201969146728516,48.42088422414844,48.095824208720735,48.39434798964649,3832100
48.467308044433594,48.599989180466224,48.14888344049092,48.201955894903975,3989900
48.540287017822266,48.86535204274648,48.381074697437356,48.43414715798846,3472200
48.507118225097656,48.65969521535941,48.361171496138994,48.44077512192141,4387400
48.28157043457031,48.58672952455812,48.24840393901212,48.447418096168185,3770500
47.88352584838867,48.148883057073036,47.81718781153453,48.10244592514835,3881300
48.04938888549805,48.26830903248774,47.89017653371891,48.056024209692424,5234100
48.082550048828125,48.215226136412056,47.74421944584031,48.12898718560933,4925900
47.813873291015625,48.1814636055107,47.693569801025724,48.02106065189681,5277300
48.2215576171875,48.34854092391832,48.001000417278455,48.027735086884114,5226400
48.18815612792969,48.45549782541087,48.121321978339076,48.221575752284366,4609200
48.014366149902344,48.18145401389691,47.96090190875296,48.121304830434994,3953300
47.84060287475586,48.10794450173759,47.76039885692612,47.97427113868802,4270400
46.82471466064453,47.93418083995589,46.75788051590589,47.80050745136022,10485400
47.37275695800781,47.499745386717606,46.784609418147774,46.965062096577384,8461200
47.092063903808594,47.473024199048346,46.9583955928582,47.392825252125796,7448100
47.04526901245117,47.359395082289026,46.93165046352372,47.07868863230893,6596600
47.27251052856445,47.392814019554365,46.99848392720823,47.04526833486441,4725400
47.35271072387695,47.57326797978134,47.11878867933509,47.346025779999145,4902500
47.613380432128906,47.84062269389509,47.29257442614309,47.312624164127264,4790100
47.15221405029297,47.787146119931265,47.09874469098566,47.787146119931265,8268300
47.252445220947266,47.36606884216436,47.05862778871364,47.165561368597125,4526800
47.01854705810547,47.47302647590098,46.958397845028735,47.412877262824246,5642400
47.06532669067383,47.44628696542597,47.058646844868996,47.20567993935947,3758200
47.21234893798828,47.34601719660277,46.97174199318843,47.10541535092013,3373400
47.299251556396484,47.31930639234846,47.01854504249958,47.199002872232754,5021800
47.21903991699219,47.606685055293674,47.138835892100126,47.25245443635881,4794000
47.198978424072266,47.49304957716139,46.95168656661594,47.35269639291319,4219000
47.252445220947266,47.4262180247644,47.11209202909695,47.30591456044744,4276000
47.36608123779297,47.49306457844114,47.25245758684074,47.30592694033376,4630500
47.51979446411133,47.713617026643156,47.38612619297378,47.52647940740351,5491700
47.57994842529297,47.72698658199442,47.35939119024079,47.45295999921123,3023600
47.52647018432617,47.76707710497528,47.5064204574582,47.57993952205191,4673200
46.97844314575195,47.700264229215655,46.84476974189628,47.57327577033251,5150900
46.6643180847168,47.34603461301009,46.6643180847168,47.28588540424263,5258200
46.818031311035156,47.232406036868156,46.74451222759033,46.851445831344066,6158600
47.01185989379883,47.04527952112164,46.61753480680949,46.81135742721956,4700700
46.985130310058594,47.379455397041006,46.94502573744807,47.118798621109086,5802400
46.85145950317383,47.40619271318345,46.751205714755784,46.9383484993919,9153200
47.29256820678711,47.39282198264332,46.838088842141985,46.87150336801482,8081400
46.704402923583984,47.38612433739619,46.52395025470281,47.1989867254846,9572400
46.517276763916016,46.70441442189965,46.1229517130389,46.57074612308813,5820400
45.795448303222656,46.29003214686803,45.688514701297926,46.229877852752054,5692900
45.71525573730469,46.13631545823036,45.60163717597661,45.822189354107984,5619700
46.04274368286133,46.17641197008522,45.80213668656367,45.8756557742723,4805600
46.10287857055664,46.243231742783586,45.9023711250232,46.203127194207205,5200000
46.27666473388672,46.57074107835904,46.096212040126645,46.229880324458684,5490500
46.41035079956055,46.564068858636006,46.196478426715,46.283362325361146,4420100
46.14969253540039,46.630901534644664,46.06948848596663,46.57743726747492,4352400
46.11626052856445,46.16972988050185,45.66178123533272,45.828869135798534,4759100
46.350196838378906,46.52396973611268,45.9558717194626,46.13632446390642,4800300
46.10957717895508,46.38360379276969,45.808820987365685,46.22988067541448,5913100
45.97590637207031,46.31676710986389,45.84891793857275,46.0427405110782,5531800
46.0160026550293,46.21651015731186,45.82218009592084,45.86896449990443,5598700
45.855613708496094,46.096220745025015,45.82887902675742,45.9692322815461,3906400
45.835548400878906,46.22987334954756,45.788763998509445,45.92911720561782,3791000
45.5615348815918,45.92244541716078,45.47465099490846,45.82219164076069,4711100
45.57489013671875,45.65508905279097,45.26076411778988,45.52810573597087,4668900
45.65509796142578,45.78208640214226,45.30755735935732,45.46127537790209,5178400
45.969234466552734,45.98260435761715,45.55485962770512,45.8288812050928,5512100
46.056114196777344,46.069478986033985,45.66178407560833,45.84892171991157,5457000
46.32344436645508,46.38359865758414,45.902384725022316,46.1028922299623,4106000
46.911598205566406,47.02521674837672,46.45043399177213,46.45043399177213,3427900
46.78461456298828,46.81803418446632,46.517272888518974,46.64426133119352,3855800
46.85811996459961,47.065307279716734,46.57741358299895,46.73113155901591,4794900
47.01854705810547,47.178950058762865,46.657636482286726,46.72447574008681,4434100
46.99180603027344,47.212363313348774,46.898237200929735,47.045275389646626,4284700
46.92496109008789,47.01852989791518,46.61083504990303,46.9917952243763,6664600
46.69773483276367,47.05864536047907,46.650950418010865,46.99849105630045,4769200
46.6910514831543,46.79798510662012,46.550698234101006,46.67768159327173,3644900
46.95170211791992,47.207641267000795,46.67555792267715,46.81026165616854,4841900
47.16048812866211,47.16048812866212,46.97863759894815,47.0190476858585,4086200
47.32212829589844,47.32885988315098,47.045979060057135,47.18741947160406,3891300
47.28844451904297,47.369269804584555,47.14700412330693,47.160472434922696,4124000
47.42991638183594,47.746475870290176,47.207650553097544,47.288475892262156,5840800
47.308677673339844,47.65217891777947,47.254799256238854,47.48379666011948,4483400
47.28844451904297,47.45682667662621,47.21435595861709,47.36253307946885,4325200
47.254783630371094,47.45010246268562,47.15375328145933,47.21436840763619,5068300
47.396217346191406,47.53765775917548,47.21436171620025,47.32212877673075,5934100
47.50397872924805,47.66562417959391,47.1470093378685,47.328859827180565,5549700
47.06618881225586,47.584808845145425,47.045983771242426,47.51745699556174,6275900
47.22110366821289,47.31539728730465,46.924749357572026,47.167220131984216,6478200
46.89781188964844,47.207634543446545,46.62840446103604,47.13355109761026,8748000
46.76309585571289,46.87759449657049,46.480215047023776,46.69574401630348,2071300
46.36572265625,46.76310734202131,46.19060885849594,46.74963902627762,3731400
46.25122833251953,46.42634728534304,45.921200610312596,46.30511187779103,4748100
45.81343460083008,46.26470287985532,45.80670301147557,46.0289636483842,3764500
46.0895881652832,46.10305648384975,45.38911741160198,45.65179330190515,5899600
46.695762634277344,46.79679300298106,46.231026021411054,46.594732265573626,8055900
46.7159538269043,46.79677912562252,46.507161561819494,46.662070294425476,5200100
46.78330612182617,46.89780477547928,46.5408353619628,46.66880746817306,4512300
46.776588439941406,46.93823910474168,46.581269545890336,46.83047199487483,5658400
46.91801834106445,46.944954970890095,46.64186906849106,46.64186906849106,5072500
47.15376663208008,47.17397167985967,46.85741222833012,47.11335139790243,6280900
47.692569732666016,47.76665830717114,47.25478015064779,47.274985191218896,6923200
47.73973083496094,47.74646756337403,47.52420177330538,47.63196887344224,4668900
48.015872955322266,48.103429857054586,47.66563507115819,47.746460384107756,5631800
48.224666595458984,48.31896022720821,47.73299339256912,47.93504897262422,5546100
48.143836975097656,48.359365968049275,47.995659828952824,48.042806635579225,5001000
48.78370666503906,48.81064844221975,48.02262072950438,48.25161812761234,7495700
48.81736755371094,48.85777763558929,48.581628373109346,48.642248634543584,7741200
48.62877655029297,48.797158747681266,48.50754116262872,48.756748664665466,7042200
48.3661003112793,48.68939638843426,48.31895350196678,48.54795596049672,4812000
48.64900207519531,48.75002731459999,48.43347300010119,48.43347300010119,5136300
48.8241081237793,48.86452335170954,48.648994311012984,48.763492989810416,4153600
48.90493392944336,48.94534401915953,48.696141614419545,48.77023020464433,3741000
49.127197265625,49.13392885449897,48.803901148063424,48.803901148063424,6654600
49.309059143066406,49.47744139876816,49.0598515547251,49.08006174184897,5179600
49.06657791137695,49.41681580682478,48.95207923497259,49.41007907920759,5677900
48.945335388183594,49.241689696823876,48.87798353766084,49.221484655528734,5964900
48.79716491699219,48.94534209160628,48.763491556427404,48.81737509967208,5449500
49.26864242553711,49.27537915367314,48.918404503114566,48.918404503114566,5558500
49.0127067565918,49.248446035222955,48.992501707250575,49.10700555121557,4782800
49.03963088989258,49.187808049903126,48.80389683470172,49.04636761678861,4146400
48.898193359375,49.08004902604362,48.8106364589973,49.00596044164045,3721400
48.73655319213867,48.92514046806227,48.62878609811497,48.83084683010047,3744000
48.60857009887695,48.79715733230311,48.53448152308572,48.776952291381264,6398000
48.157310485839844,48.74328240738788,47.807077761479796,48.655720372335054,12029800
48.68267059326172,49.30231598011246,48.15731884620922,48.57490863575714,8160800
49.62562942504883,49.652571208469034,48.81065974641176,48.82412806881198,9345800
50.8514289855957,50.91204411652562,49.490902947899905,49.67275347930706,10825700
50.79753494262695,51.09388922444631,50.709978058733206,50.709978058733206,7637900
50.75713348388672,50.811017024026185,50.32607544000542,50.69651321657551,5645200
50.89858627319336,50.90532300199975,50.608968597940304,50.79755589557141,4971300
50.64263916015625,51.41046168786203,50.57528215989412,50.9726668792465,7600400
50.93227005004883,51.033295299508325,50.51468017734659,50.7840928326829,6176900
51.20155715942383,51.276170456338704,50.557125369277216,50.94378237321752,4655800
51.39826202392578,51.52036448215069,51.174411829986816,51.174411829986816,6007400
51.506839752197266,51.52040440234693,51.12696744354216,51.24906999637731,4282100
51.9613037109375,51.97487352944357,51.24225859119706,51.40506018568427,5558800
52.164825439453125,52.280143054955055,51.88670100461453,52.12412114693348,7424800
52.09697341918945,52.293689199385746,51.97487093557537,52.232640545263266,3940800
52.32761001586914,52.34795956780613,52.0087865678716,52.069840399051834,4461600
52.368309020996094,52.510766235024924,51.99522182699317,52.34117973537744,4297000
52.13089370727539,52.49720120094004,52.09019459976923,52.31405004179258,4023100
52.15803909301758,52.35476011277509,52.02237192267417,52.11733997698872,4608300
52.19871139526367,52.30046430843752,51.99521074428413,52.158012300141394,3544000
52.36151123046875,52.38186077534985,52.137655886041706,52.27332296882736,4149900
52.25978088378906,52.33439936413356,52.02914053307795,52.130893476763156,6650900
52.01557159423828,52.2258571985536,51.96130267203779,52.0020069513728,4176900
52.0088005065918,52.19873660940024,51.89348289779676,52.083419000605204,5040200
51.77136993408203,52.2801294677013,51.60178342287561,52.198726079189164,7579800
51.65604019165039,52.06304668768565,51.554287273799474,51.751008201546334,3998200
53.34513473510742,53.772490897711265,52.002012409569716,52.05627616209652,14228500
52.79569625854492,53.345155131313646,52.63967432503051,53.32480556941433,6873800
53.535064697265625,53.54863451537593,52.76853558584875,52.84315405934774,5183700
53.10771179199219,53.351916779039264,52.84994216138451,53.25016383854139,3601600
53.66395950317383,53.67752414778811,52.95847894972253,53.250167974944034,5338100
53.65718078613281,53.74536910009886,53.42654557348121,53.42654557348121,3639000
54.09130859375,54.18627661972547,53.772485145674096,53.826754067765584,4034100
53.56220245361328,54.18627956548463,53.45366977889935,54.17949983138157,3895400
53.94887161254883,53.97600608116812,53.11450869783114,53.11450869783114,5299000
53.31121063232422,53.643603904678535,53.182328409214584,53.55541561082686,4244000
53.92851257324219,53.93529748304677,53.080579985612594,53.29765052103098,3726400
53.731788635253906,54.07774656107385,53.69108952940551,53.996343174007535,3921900
54.30839920043945,54.33553367152474,53.76572530484719,53.88104292543129,3540200
54.240535736083984,54.59327849053971,54.13200308689107,54.28801974048745,5389900
54.26090621948242,54.29482559658678,53.41297354557653,53.541860968128724,5540000
53.535064697265625,54.28124425688628,53.5282849635797,53.948856168353025,5356600
54.267696380615234,54.28804593869864,53.65039885010774,53.745372080114976,5148600
53.48757553100586,54.3694273099156,53.43330661453199,54.09130299451359,7532300
55.11562728881836,56.6079868191058,54.342313055349514,54.41014663847701,18895600
56.146705627441406,56.48587868473635,55.536198264606625,55.6311663066196,8368300
56.56047058105469,56.73005702997585,55.65827460607355,55.82107614793491,6664800
57.04890441894531,57.198141384934154,56.64189780512022,56.75721539688619,6670800
55.85501480102539,57.177792787303304,55.77361658212026,57.0217709087852,6398300
56.18061828613281,56.36376943801091,55.746477238732595,55.90249910359651,5602800
55.97032165527344,56.295924789050616,55.82786963732486,56.10598876511918,3076000
56.06529235839844,56.24844348301837,55.909270516755065,55.97032434187421,2849600
55.943199157714844,56.05851674327306,55.63794033225123,55.902500051134204,4116100
55.76683807373047,56.19419429814978,55.67865493467046,55.868591034412376,3532100
56.00425338745117,56.25524331218956,55.6786501516842,55.71934926231254,2727000
56.187408447265625,56.472312565869494,55.936418528284115,56.27559157672777,4777200
55.963539123535156,56.099206239141694,55.77360309153852,56.099206239141694,3032100
56.53334045410156,56.53334045410156,55.87534932924698,56.02458106840792,3706700
56.47229766845703,56.74363707070653,56.17382380844572,56.506217034501454,4110700
56.200965881347656,56.696160745703736,56.0313793788841,56.54013888627476,3711900
56.302734375,56.47232092432228,56.01783021422754,56.28916972821735,3161800
56.32307434082031,56.54014487997006,55.97711639001702,56.11278871159178,3010600
56.641876220703125,56.65544086000129,56.248434401273414,56.34340240246432,4538500
57.15066909790039,57.28633627190133,56.465537965842465,56.56050602271731,4087900
56.8046989440918,57.510179484039014,56.75721492579583,57.00820483700017,4496300
56.84540939331055,57.00821102007269,56.37734889407768,56.9200278837787,4505200
56.02458190917969,56.872514231394184,55.94318371848273,56.838600043726515,3958200
56.051727294921875,56.25523316208537,55.705774566260814,56.05172729492188,3982600
56.282371520996094,57.16421826392211,56.01781698058134,56.02459671468563,5239900
55.70576858520508,56.11956000873851,55.29197716167164,55.82787105731935,4687000
56.017818450927734,56.15348559174822,55.31912284249979,55.49548909049249,3579600
55.91606140136719,56.62832677679296,55.73968999095683,56.36376707349278,4052500
55.027435302734375,55.78039985776442,54.89176298291781,55.78039985776442,4346000
55.095272064208984,55.27842323735099,54.74252918763681,55.04100313314094,4959800
54.78999328613281,55.35980650441564,54.75607909807451,54.959579752529045,7813300
55.21737289428711,55.27842155835682,54.084536163342904,54.722177970229666,5758100
55.37337112426758,55.665060053376905,54.95957973238299,55.386940939780516,4543000
55.467647552490234,55.69307151732468,55.13976288694266,55.255888488839396,6998200
55.781890869140625,55.781890869140625,55.13294341263317,55.460833366986854,6031600
56.362510681152344,56.362510681152344,55.665746649968824,56.00046897607764,6448200
56.59476852416992,56.738218732919535,56.08927656786653,56.42399372161562,5036600
56.37617874145508,56.56744569241242,55.89117891248936,56.27371281440406,6505000
56.08928298950195,56.827031471793035,56.041466247777564,56.56745040674581,4277900
56.0004997253418,56.17810184430322,55.50183479346239,56.05514372491074,5410700
56.10293197631836,56.69723012002943,56.007298511118826,56.01413096195679,4034300
56.38984680175781,56.649422648071145,56.07561655143927,56.41716618630967,4655200
56.40349578857422,56.48546956157256,56.01412948718955,56.266878045209815,3355200
55.255889892578125,56.47180554716939,55.255889892578125,56.19173760538394,5487200
53.903350830078125,55.24905163805188,53.807712164308164,54.975816175734444,7031200
54.73674392700195,54.93484334539597,54.115126286609794,54.347377542333426,9417000
54.73674392700195,55.16026736063405,53.41836209617097,53.74625204666582,6787400
54.675270080566406,55.02365219227447,54.42252145652186,54.934845945419625,5929200
55.535972595214844,55.72040710452956,55.071464884324136,55.071464884324136,4519100
55.83652114868164,56.383002534611364,55.68623850696933,55.857013288618276,4464300
55.87068176269531,56.198566445915766,55.7408912526193,55.99363982181125,5996000
56.041465759277344,56.35569080381771,55.850198794047024,55.98681656588756,3804900
55.79554748535156,56.171254161120224,55.54963133605457,55.973154751318,5056000
55.1465950012207,55.63159475762525,54.86652185662544,55.63159475762525,3862500
55.19443130493164,55.52231608475454,54.84604916618952,55.3993579894123,3343200
55.86387252807617,55.904856827603034,55.37887254101244,55.54964740455468,3749900
56.540122985839844,56.60843708057748,55.986814257574274,56.15758907115093,3834500
56.69040298461914,56.984135858596794,56.47181144200555,56.540120321891024,5654100
57.75602722167969,57.81067118527401,57.14123702946177,57.14123702946177,4746500
57.59892272949219,57.73554048102953,57.27103282951616,57.41448824375347,4349300
57.87217712402344,58.00879490785448,57.60576879740882,57.67407768932435,4215000
57.39399719238281,57.58526936182308,56.90899734604943,57.332520760930876,4480500
58.22737121582031,58.411810908411184,57.3325129796908,57.41448675546818,7280100
59.29299545288086,59.47059744100988,58.26834694997369,58.288839086170746,9202600
59.0265998840332,59.32032751452437,58.6577257186937,58.97877794050256,6146200
59.01975631713867,59.388630413002076,58.767007803778945,58.876306148463776,4780500
58.88315963745117,59.040274775072376,58.72604971146421,58.99929048336,6321200
58.500606536865234,59.22468991551162,58.500606536865234,59.22468991551162,5939800
58.439144134521484,58.60991895056435,58.25470441468027,58.5006205667127,5084900
58.27519226074219,58.29568440329455,57.6262500922946,57.96096724779458,4189800
58.23420715332031,58.47329083244422,58.036107758722395,58.24103960461909,3406300
58.13856887817383,58.73969425196711,58.13856887817383,58.45279386072256,4354700
57.066097259521484,58.514269172390314,56.99095594446121,58.26152063885737,8016500
57.51694869995117,57.65357166252394,57.291529932064094,57.40765554152609,5790900
57.578433990478516,57.61258582456445,56.97047610043418,57.38033459089963,4442800
57.708229064941406,57.81752223892933,57.223223993287,57.61259037170539,3590200
58.09757614135742,58.35715190351844,57.46229381798637,57.680885304972534,3837800
57.89949035644531,58.05660025584419,57.62624963079071,58.015615971067675,3832600
57.844852447509766,58.12492046747888,57.68091006480506,58.04978433461644,2707900
57.61259078979492,57.906323688742766,57.503297615013864,57.844847255109784,3753900
57.250553131103516,57.40083581743775,57.05928615272694,57.33252692682245,2868600
56.96364212036133,57.448641929087856,56.874841100160694,57.318856624430516,2953000
56.52646255493164,57.06611158417537,56.51280286314291,56.92948860811981,3080600
55.26956558227539,56.20540826611711,55.214916388751135,56.17808366935498,5350200
54.77090072631836,55.16026710921214,54.606958357635165,55.05780117442242,6032400
55.24907684326172,55.36520770052237,54.524993156847636,54.723092605545496,4945100
54.84603500366211,55.3037102136179,54.82554286166906,55.3037102136179,3452900
54.01947784423828,54.757226119826775,53.9716611159112,54.688912040817364,5453900
54.13561248779297,54.43617780844472,53.766738288347646,53.958005233622984,3821500
54.54548645019531,54.634292708296954,54.14928754447918,54.32006239573942,3026900
54.43617248535156,54.71624042450849,54.422507583949056,54.62743941192368,4079000
54.00581359863281,54.23123755417921,53.69842108589323,54.09461981776886,5179700
54.217594146728516,54.429353265245574,53.92386123476898,53.937520927858984,5057400
54.190269470214844,54.470337477043486,53.99900249742764,54.13562027466589,5617000
54.463504791259766,54.53864091308507,54.12195517067692,54.25174048258754,4362700
54.7845573425293,55.18758860696828,54.67526417342231,54.975829508825385,5966600
54.71437454223633,54.838209626685845,54.34975047380335,54.838209626685845,5335000
54.39793014526367,54.838231678404895,54.21218006829809,54.714396544158404,4025500
54.52865982055664,54.81760678828839,53.881964489034516,54.42546297527828,4443600
54.61119842529297,54.679999802866675,54.20529759141062,54.5217639827786,3757100
54.64559555053711,54.900146984058786,54.37040580461245,54.872627484585536,4682500
54.934547424316406,54.96894811399256,54.446088074003136,54.67312002872585,4437900
54.94829177856445,55.07212687245335,54.735017020373995,55.01708788654571,3322300
55.25790023803711,55.31293924720141,54.96895331313774,55.10654558723969,3416100
55.73945617675781,55.8770536446946,55.45739055289915,55.5812256496389,4083900
56.179771423339844,56.303601290224336,55.705069271719246,55.7325887695183,4139300
57.01909255981445,57.053493244309344,55.89770057930194,56.20040980667287,4916800
56.28984451293945,57.060374709643376,55.95961578612133,57.01909283828639,5351700
56.234806060791016,56.41368017491419,56.055937195475444,56.41368017491419,5330500
55.73945617675781,56.124723838174106,55.69129837518162,56.11096146697707,5384600
55.40923309326172,55.88393517516134,55.35419410574735,55.698179904502034,5686200
55.18220520019531,55.835781414416005,55.092770775616685,55.50555271423615,5174300
55.40923309326172,55.42987140137792,54.93453101136209,55.23035900824339,3941600
55.175323486328125,55.50555218334947,54.96893514339597,55.285401468270926,3429200
54.69375228881836,54.982699154403925,54.52175935709251,54.9414225304082,5231400
54.91389465332031,54.91389465332031,54.36351525624532,54.611185460048375,4135500
54.735008239746094,54.74877060841853,54.12271405396637,54.71436993554319,5448300
54.65247344970703,54.975820988055276,54.54927664509264,54.74190788100882,3987600
54.77629089355469,54.989560371827245,54.43918109065222,54.748771404615354,2841500
54.39103317260742,54.755657281845636,54.322237062171176,54.521749456601036,4867100
54.301605224609375,54.59055207215717,54.25344741668474,54.54927545073818,5526500
54.69375228881836,55.16845446000016,54.260331990440015,54.425443735230665,5298600
55.512428283691406,55.512428283691406,54.907009936085075,55.01020672250039,4663300
55.60874938964844,55.78761823841506,55.347316805008255,55.539953274829955,4111000
55.78761291503906,55.808256471441155,55.27163422992561,55.34731152364678,3642800
55.45051193237305,56.090325753657645,55.31291970687813,55.842655548721226,5427700
56.59940719604492,56.68884684111629,55.98711304368836,56.413657219552505,7383200
56.812713623046875,56.84023312544607,56.159137250885045,56.44808940167232,4469200
57.108524322509766,57.10852432250977,56.571907311153716,56.86085412514439,6371200
56.668216705322266,57.080998572757224,56.544381620211155,57.080998572757224,3997400
57.40437698364258,57.60388946438853,56.62008943798418,56.72328102387946,5125900
57.328678131103516,57.40435543155354,56.957172814932605,57.28739626343536,4665200
56.78517532348633,57.38371249272062,56.78517532348633,57.38371249272062,5510800
57.34244918823242,57.35621156373498,56.716397571883014,56.79207489072205,4065100
58.209285736083984,58.2780818560615,57.2598866832563,57.34932111434632,5402000
58.8147087097168,58.82158989749981,58.13361808583314,58.30561103874981,4349400
58.28496551513672,58.814701435123105,58.209288205308994,58.800944310067024,3556100
57.851539611816406,58.40880027609789,57.851539611816406,58.23680734551387,4572200
58.17487335205078,58.26431301396095,57.679532989739364,57.89280774222739,4170000
58.044158935546875,58.470697918002365,57.88592317673503,58.216151815261156,3572800
58.21616744995117,58.41567987385807,57.67266917423394,57.830899726734465,3207600
59.63338088989258,59.66778157079513,58.25055644876055,58.44318766467805,6017100
58.683963775634766,59.63336243838648,58.53948515959364,59.55768516286221,5870000
59.06235885620117,59.08299716370929,58.00976318283466,58.67709645256548,5208100
58.787174224853516,59.24811921028779,58.65646318313965,58.993567815275256,4309200
58.91789627075195,58.94541576875022,58.498233111691576,58.75966571827135,4561000
59.13115692138672,59.17243878657595,58.60830228451955,58.80093349271343,3228400
59.43388366699219,59.59899543011733,59.08301657764398,59.15181795702041,2897300
59.186187744140625,59.564574171469296,58.862840296933584,59.39258129519372,3324000
59.069244384765625,59.28939509571663,58.752778065823996,59.17931711583764,4157500
58.6771125793457,59.034855588356905,58.42944232356562,58.897263334615985,4026200
58.56702423095703,59.227476380093556,58.463832683285,58.80781850567738,4471100
58.90412902832031,59.11051735464511,58.62893934441392,59.02108293811836,3137000
58.98668670654297,59.02796857396564,58.55326646465781,58.86285160188906,3380100
58.73213195800781,59.24811061036025,58.6426922990307,59.03483586486631,2536200
58.057926177978516,58.99356802664384,58.05104499192459,58.75277900282712,4633800
58.07855987548828,58.20239497059023,57.837770870791886,58.14048004744257,3611600
58.10609436035156,58.395041240536855,57.92722023265247,58.21617236164577,2698100
57.583213806152344,58.147350239481504,57.47314109294004,58.08543532245073,4495900
57.65202713012695,57.762099866199435,57.32867961055188,57.46627184284428,5767500
57.2488899230957,57.50517315775865,56.87484936168426,57.50517315775865,6819800
56.729393005371094,57.20732934399145,56.722464859992094,57.082654434928635,5321600
57.59521484375,57.664480429984046,56.9648858543816,57.15883160968711,4841200
57.276615142822266,57.62987137973789,57.04803384743363,57.43592553563647,5371700
57.075740814208984,57.359731431499654,56.87486682411175,57.110370980663625,4888900
57.26273727416992,57.53980492619601,57.020305060381816,57.020305060381816,6606300
56.2999382019043,57.2488933092788,56.08521325537766,57.186550569709624,6327400
56.057518005371094,56.68784197418821,56.00210339931772,56.47311698151601,3798300
56.10597610473633,56.31377813008537,55.82890849914596,56.14753439595613,4245600
55.73193359375,56.27914064152721,55.655739872880716,56.140609486105696,8210200
56.39691162109375,56.5285199622478,55.38561904942077,55.81507423107366,7416900
56.56315994262695,56.65320470269834,56.119848434433514,56.299943239203316,4075700
56.66706085205078,56.86793482855431,56.431556711436144,56.48697131556695,7496100
56.70170211791992,57.06188651246708,56.41770620608454,57.03417920755914,3718700
56.826385498046875,56.94413758696256,56.660146944011295,56.840236508954696,1115400
57.1103515625,57.11035156249999,56.805581892036095,56.89562663575537,1799000
57.29045867919922,57.56752639947059,57.11729201460801,57.311237833409805,2361300
57.42900466918945,57.55367961504988,57.26968898620987,57.290468143853275,2006900
57.44976043701172,57.71989994564884,57.17269278377145,57.47746773079834,3009500
56.8679084777832,57.484381130359004,56.673962737821164,57.44282283883144,3275900
56.964881896972656,57.40126510071956,56.8817653131162,56.8817653131162,3287200
56.99259567260742,57.22117687347701,56.85406449399746,56.93718108731315,3888400
57.82380294799805,58.177059065415214,57.22118117799786,57.228109322837255,6332400
57.6575813293457,57.92079808809873,57.35973440234443,57.719924087597576,5653300
57.387428283691406,57.7614688918229,57.054951266214694,57.726833447048406,4565900
57.837646484375,57.93461936109972,57.31814666565307,57.62984444303605,3712000
57.05493927001953,57.88613692357318,57.02030383252738,57.53287554273127,4487100
57.05493927001953,57.394344362014266,56.97874553523744,57.23502874802648,4389200
57.415138244628906,57.6298632152311,56.99261116499888,57.13114766589316,4189100
57.394344329833984,57.609069245212694,57.00645279634321,57.269664153408264,3724700
56.93718719482422,57.47747153245977,56.82636329697358,57.44976423684054,6259600
57.4359130859375,57.53981413264984,56.90256213026672,56.944120435100956,4790700
57.387428283691406,57.491329333387974,57.12421687113677,57.37357727655776,3920400
57.09650802612305,57.3874267296941,56.70861642136165,57.3874267296941,5429100
56.403846740722656,57.235044624847994,56.40384674072266,56.84715298353981,5906200
56.8401985168457,57.33199098709759,56.39689247930528,56.40382062244257,5811000
57.020294189453125,57.2627263570215,56.59776728970899,57.0687806229668,3867800
55.565711975097656,56.70861284957181,55.482590085901315,56.70861284957181,7539700
56.16141128540039,56.355357095074496,55.79429881928484,55.84278527170336,4589100
55.66267395019531,55.98129986933314,55.34404803105748,55.55184478634281,6728600
54.422828674316406,55.766603918130784,54.388193221477174,55.65577469674776,7073500
54.595985412597656,54.83841768437552,54.221944785585876,54.69988646753879,5431700
55.01158142089844,55.15011791499165,54.332771096035856,54.42281585372626,4829600
54.990787506103516,55.55184562384547,54.61674699940038,55.54492276446937,6113800
55.565711975097656,55.59341927149644,54.90075271540622,55.19167140065377,4553800
55.828922271728516,55.912044159298695,55.52415258655721,55.53107544705164,4742000
56.27916717529297,56.33458177743766,55.64191510451098,55.74581616237545,5068100
56.44540023803711,56.694760638944246,56.092144073941,56.43847737690905,4471200
55.198604583740234,56.01595140590883,54.27735671175005,55.94668051627649,11197000
54.09033966064453,55.28865536789203,54.0695605053408,55.24709705728456,13206500
54.152671813964844,54.464369651779144,53.87560413333743,54.464369651779144,9800200
53.40457534790039,54.32582287585263,53.34223791206337,54.055683417975644,10353400
54.034908294677734,54.630601831931614,53.59160221364583,53.633160507297156,9580300
54.180389404296875,54.6583311120683,53.95873627460806,54.03493003337241,7488400
54.63753890991211,55.1293315563957,54.24271916360124,54.24271916360124,7747000
54.879974365234375,55.24015865442254,54.67217228152388,54.734509735861124,7509200
54.478233337402344,55.330210361545596,54.42281873682941,55.06699893576496,6586200
54.76915740966797,55.03929700804623,54.30507197497993,54.47823865520332,7809200
55.46181869506836,55.69039995887195,54.616764532856685,54.783003049883305,9870600
55.080841064453125,55.21244939844151,54.78992238528269,54.8384088318111,5767200
56.0020751953125,56.057489773457746,55.27477867450002,55.2817015332994,7518000
56.57967758178711,56.830802206490155,56.021621677554684,56.07742833238103,6398300
56.73313903808594,56.80987185231005,56.47503727005798,56.621525736663536,5874500
56.8935661315918,56.94239561155606,56.523856451574616,56.85869097276827,4032200
57.01218032836914,57.08193599709529,56.64944233576694,56.88661799585552,4313500
57.76555633544922,57.884146841558156,57.0540399088809,57.088915086663604,5837300
57.30514907836914,57.5841770351105,57.10285394278204,57.34002424670205,5674500
57.06098937988281,57.695772656426485,56.94239893132928,57.346989115771976,6119000
56.5029296875,57.33303616002754,56.40527072861607,57.01215596340689,7763000
57.23540115356445,57.29817965825595,56.705248496321076,56.83081082772039,7762000
57.1656379699707,57.353984120850924,56.91451331680783,57.2144674679737,3488300
56.761043548583984,57.19353179558809,56.635481242869666,57.18655995561498,5106000
57.10287094116211,57.13775144189386,56.6773543779173,56.75408722191339,3241100
57.29815673828125,57.59811078097114,56.85171425455873,57.35396337925011,9206700
57.12379455566406,57.59814060548904,56.872669863285125,57.430725917908745,5253600
57.479557037353516,57.549312715635715,57.13077332392542,57.13077332392542,4170500
57.80739974975586,58.41427984934253,57.542320789462146,57.59812744657827,6388200
57.57719802856445,58.04456678097844,57.54929470158244,57.793442160155756,4352000
57.86320877075195,58.04457776946249,57.688816935611634,57.688816935611634,4078100
58.246856689453125,58.456128962053555,58.016658253995644,58.41427131432449,6620900
57.81437301635742,58.086423823988895,57.70974218420369,57.946912499773326,4676800
57.709747314453125,57.86320765592613,57.507452150945916,57.77252581932622,4919200
57.83531951904297,57.96785371484931,57.619069991749114,57.84229136165255,3362700
57.612056732177734,58.02362403503095,57.60508489393614,58.016646874775425,4404100
58.53287887573242,58.75610021478565,57.40979501680372,57.4586245184086,8976500
58.2259407043457,58.59565050481784,58.00271939149369,58.54682100894446,6552700
58.53287887573242,58.595657382645896,58.093408039272,58.22594753877804,4926400
58.33057403564453,59.16765258781965,58.31661971063275,58.491011519170534,7665500
58.002716064453125,58.74911278542763,57.19353552551934,57.19353552551934,6703700
58.281742095947266,58.532866715462795,57.93295849351076,58.29569109835795,4617800
58.56773376464844,58.623540410586834,58.27475685649387,58.57471092589441,5673800
59.13278579711914,59.27927963360416,58.85376309642755,58.888638273005554,5578400
59.67686080932617,59.94891152190992,58.93743614767573,59.92100820241235,11168400
59.92798614501953,59.95588414286723,59.30017475316464,59.43968603045947,4889800
59.3908576965332,59.87218065990642,59.39085769653321,59.87218065990642,4483300
59.57923126220703,59.78152111489626,59.33507842658559,59.48156693474847,4805300
59.65596008300781,59.76059625456393,59.29322738656561,59.55830107542658,3749700
59.46757507324219,59.84426181791951,59.36991613817912,59.61406347583679,3749300
60.56277847290039,60.68834077013299,59.60710958162926,59.669893391253005,5978500
59.82337951660156,60.64650923124523,59.82337951660156,60.6395320673368,4869100
59.9140510559082,60.03961337458346,59.59317075751939,59.802443062650084,4387500
59.69082260131836,60.08145851397938,59.25832903943283,59.9907766976874,3848700
59.65596008300781,59.89313576000279,59.3629830602641,59.53737490551871,3438000
59.92798614501953,60.046571262921546,59.39085655120487,59.411782710597684,2989800
59.551307678222656,59.97682405238494,59.516427192990406,59.63501232755633,3141100
60.5488395690918,60.77206087672835,59.50946053233231,59.50946053233231,5500600
60.4511833190918,60.751132141744385,60.28376333926558,60.54186514998565,3507900
60.806915283203125,60.862721921560684,60.2837400231324,60.38837613954934,3330100
60.63949966430664,61.162674915526814,60.43022743501303,60.91155036918002,3218600
60.84878921508789,60.99527768848793,60.55580694627241,60.65346592853911,2259400
60.57673645019531,60.99528105100059,60.53488411892105,60.855764410060274,2726300
59.80941390991211,60.61859446616018,59.774538740980134,60.576736812619814,3877100
60.36747360229492,60.42328026248948,59.690832482980085,59.7047814870207,3672600
60.060508728027344,60.13026435327912,59.60708918087119,59.94890079202711,4201400
59.746620178222656,60.15818219198214,59.54432509074255,59.96286426531565,4510200
60.060508728027344,60.09538920165976,59.66289580987784,59.83728753401382,2647100
59.697784423828125,60.06051691780697,59.572222152448184,60.03261359949879,2970600
59.87218475341797,60.02565036510282,59.54432736882115,59.54432736882115,2750700
60.36048889160156,60.43024454711426,59.74663167226824,59.858239656685484,4400100
60.73719024658203,60.799974076869226,60.227963728537674,60.234940892351055,4030700
61.197566986083984,61.27429447454344,60.60463066477964,60.681363475253974,4647300
61.616119384765625,61.720755541618985,60.974358761688514,61.11387008948232,5181600
61.29521560668945,61.65794811329279,61.21848280917479,61.469607360674786,2876100
61.53938293457031,61.553331937722,60.90459418984665,60.995281337387574,5174700
61.44450378417969,61.8802324925817,61.38125033468706,61.50775187184732,3872400
61.67643356323242,61.788876412388234,61.29692889390816,61.69751626233503,2937800
61.7818489074707,61.894291750232675,61.51478710248818,61.746707503080735,3675400
61.84507751464844,62.07699784216609,61.71857600525916,61.71857600525916,2280100
62.14025115966797,62.351088813716295,61.61316238637144,61.73263455481416,3420600
61.69047927856445,62.19648544174526,61.662367229296066,61.95051171292825,3747600
61.29692077636719,61.64128399369928,61.107165785921374,61.55694784663168,3856200
61.27582931518555,61.395301485073226,61.01579692029088,61.24771727018415,3047500
61.528839111328125,61.66236463745912,60.93849682515583,61.050945017502904,3894500
61.33910369873047,61.82402729975868,61.19151942055375,61.59913620513323,3393100
62.477596282958984,62.526791025344735,61.21961031415235,61.38124788406632,5314400
63.32094192504883,63.32094192504883,62.491655220709575,62.51976727056475,5380400
62.61814498901367,63.41931949283958,62.61814498901367,63.34904206232971,5697000
62.11918258666992,62.73060763293101,61.662371140278914,62.688436875441134,4187700
61.88024139404297,62.24568735295028,61.73265177793776,62.006742949400454,4309700
62.252708435058594,62.35109792483861,61.77481432963064,61.83103842716923,3965300
62.2738037109375,62.64627904917956,61.838074909730594,62.611137640662854,3539300
62.37921142578125,62.491654261651036,62.09809629336903,62.15432039221651,3646100
62.78683090209961,62.89927911441632,62.09107501432401,62.16838181983529,4473400
62.639251708984375,62.74467057609761,62.428419336584234,62.63222771651613,3541000
63.01874923706055,63.032807944048706,62.55491378113973,62.7516927843683,2829600
63.26470184326172,63.34903797152205,62.920338702723846,63.18037107682529,2216800
63.152252197265625,63.20847627668575,62.88519586275504,62.97655597044524,2534500
63.0609245300293,63.30689830174955,62.88522821282539,63.29283959375063,3128700
63.08900833129883,63.32092867269677,62.98359486868534,63.1803738146627,2603300
63.32094192504883,63.40527807461435,62.653298166920514,62.70952226663087,3145600
63.1452522277832,63.39825534107044,62.86413706170564,63.201476333363885,3655300
64.0096664428711,64.22752810212421,63.299852009988015,63.39121214023053,4496100
63.4896240234375,63.91832350290653,63.37718115899113,63.46854132146796,3959100
63.602073669433594,63.86913017005317,63.29284640210706,63.69343383394976,5121600
63.243629455566406,63.72152353658764,63.229576112812005,63.35607764490071,2823800
63.31387710571289,63.44740792726895,63.03276748828031,63.3419891398206,5273200
63.18740463256836,63.34904218687643,62.81492406266764,62.98359633041206,3024100
62.66735076904297,62.9976606486493,62.55490793277869,62.97657795196382,5304400
63.82695770263672,65.42227789872767,63.78479230242209,64.13618493574685,10953700
64.5929946899414,64.89518719910026,64.20646065897509,64.3891863246888,5614700
64.3399887084961,64.76165876598634,64.15726305091424,64.64218656603214,2925000
63.9323616027832,64.5156745244267,63.700441232227384,64.33997824888286,4653900
63.34906005859375,63.932373084999924,63.34906005859375,63.89020768708046,4268600
62.4846305847168,63.63719780775713,62.351099689739186,63.595027052496974,4250200
61.915374755859375,62.484634411218124,61.89429205785081,62.01376425444967,4825900
61.92239761352539,62.49868119988493,61.46558621123216,61.64128249197379,3987700
63.032798767089844,63.05388146267694,61.93645034013645,62.07701058042531,6488900
62.688446044921875,63.0257853450563,62.47058431968843,62.814947612244,7678800
63.609073638916016,63.78476989385361,62.14727951099746,62.14727951099746,6589900
63.180362701416016,63.84800620237749,62.92735971199787,63.80584082474886,4625600
63.45447540283203,63.496640798417516,62.90630381291879,63.18038960787541,4739900
64.50865936279297,64.55785411629418,63.742620644758745,64.02373581983393,5231100
64.10104370117188,64.57893789826001,63.967512784362725,64.27674001830978,2776000
64.47349548339844,64.56486096650296,64.00966016374332,64.3469939667972,3690300
64.50865936279297,64.71246773067682,64.276738941219,64.52974206260406,3624900
64.55082702636719,65.18333485201342,64.1572689845545,64.72652334672303,3844600
64.76165771484375,65.02168480913231,64.65623886172581,64.79679375799932,2974700
64.55784606933594,64.9092386539233,64.50162196896389,64.81084915918487,3086300
64.81786346435547,64.96544767220063,64.31888139167663,64.52971903821204,5709300
64.69139862060547,65.49257355268588,64.66328656100984,65.05684467169436,4060300
64.3751220703125,65.07087790427704,64.3751220703125,64.84598685886297,3865500
65.49256134033203,65.67528165089118,65.0638618946355,65.0638618946355,5031800
65.07791900634766,65.71745621578708,65.04980695036748,65.50661847684901,3143400
64.81786346435547,65.16222661599414,64.69838593834591,65.16222661599414,2955100
65.0638427734375,65.14817354988872,64.522695269361,64.7194742301799,3234300
65.00057983398438,65.29575359391825,64.66324605380817,65.16925208589623,3657700
64.99356079101562,65.45739611451278,64.92327799979178,65.09195026453999,5130300
65.64828491210938,65.65536440633026,64.98295285721433,65.40055661509692,4929600
65.01127624511719,65.93141624426084,64.95465108207729,65.7898533366611,4466800
64.94048309326172,65.0112618313327,64.68567531614892,65.0112618313327,3148000
65.01835632324219,65.29439724544474,64.68569023749222,64.74939489650126,3534300
64.70690155029297,64.96878879352148,64.62196923362393,64.76352669478632,3259200
64.96880340576172,65.0608152362047,64.78477434480354,64.8838656699182,3720500
64.86970520019531,65.0820414171742,64.74938080390011,64.89801777580682,3670600
64.317626953125,64.97587952148248,64.11236481889827,64.83431663577166,3587700
64.55119323730469,64.6290514707765,64.25391929136049,64.45918141596148,3770700
65.52088165283203,65.8889343548148,64.37424658114585,64.50872997228952,5155400
65.71905517578125,66.04464166700444,65.15281991281225,65.59165129660077,4997200
66.08711242675781,66.17912423835774,65.61288358217223,65.80399209866506,4753300
66.38438415527344,66.68165805995,66.1224969153988,66.43392980605286,6259500
66.23575592041016,66.37731339839046,66.03049379728856,66.1225056179686,3790600
65.77568054199219,66.23575040724148,65.7119759021534,66.21451732731894,3386300
66.17912292480469,66.56133455013294,65.88184901623971,65.90308209541278,4227300
65.5916519165039,66.12958001146887,65.45717394281608,66.10834693141666,4372400
65.91724395751953,66.05880683656511,65.42886687500942,65.47133303868725,3536300
65.93141174316406,66.10128182061406,65.47842126991578,65.47842126991578,2973500
65.88893127441406,66.1295854683638,65.76860687747502,65.78983995927936,4219300
65.57750701904297,65.98095179370654,65.41471105028626,65.59166060759611,4842800
65.5279312133789,65.76857990857718,65.3509817374733,65.69072170717317,3513800
66.17912292480469,66.20035600397776,65.57749561459339,65.83230336481222,4084400
66.08711242675781,66.28529503640141,65.67658822102688,66.17912423835774,3733100
65.89601135253906,66.20744428862133,65.75445387254078,66.03049473858763,6799900
66.49056243896484,66.49056243896484,65.65536037455969,65.78983835606735,5715200
66.22866821289062,68.10433426390587,66.22158871984811,67.48854797091016,9094000
66.99309539794922,67.87784307779516,66.2923767475312,66.2923767475312,8350900
66.49056243896484,67.55933379759763,66.41270420753179,67.0355646589247,5194500
65.83233642578125,66.90110821474977,65.53505696785167,66.85864203507714,5869000
64.9546127319336,65.5137737366521,64.23974072089854,65.00415837032284,8580700
64.26099395751953,64.43086399957251,63.574428895796636,63.8929358996549,7226400
64.77061462402344,65.11743422909309,64.09112900181542,64.47333527674917,6260100
66.21453857421875,66.33486299910358,64.82724903998663,64.87680010913407,6883100
66.34192657470703,66.50471713399878,65.23775772875526,66.00926056214786,6982200
66.85862731933594,67.25499264256948,66.27823292457002,66.4268699207826,5148200
66.36316680908203,67.4673303739708,66.17913774824316,67.1983689774157,5805000
66.95772552490234,67.09220894483835,66.21454046753432,66.36317747900793,4005800
66.97189331054688,67.41072490678503,66.75247211235401,66.87280195655285,3135500
67.42485046386719,67.42485046386719,66.7453649162661,67.02140575122682,3368300
67.02140045166016,67.59471515584946,66.58256370767003,67.59471515584946,3274300
67.70092010498047,68.01942723466605,66.63922247259733,66.8515587590299,3567200
68.0689468383789,68.47239156816586,67.65134852161317,68.23882228255229,5259300
67.82830047607422,68.25297830149698,67.67258401340251,67.90615870741007,4330400
68.46533203125,68.54318487629273,67.94155740046172,68.04772822562542,3944500
68.57855987548828,69.26512492051182,68.21050722664708,69.0244707500582,3804100
68.52193450927734,68.79797534503889,68.30959831257599,68.62810530766359,4198500
68.51486206054688,68.52193615389025,67.59472231920977,68.52193615389025,5273400
68.63516998291016,68.64932356627277,68.06185535549984,68.23172535620105,3345500
68.44407653808594,68.92537947916342,68.40161037860211,68.6281055626344,3263600
68.76966094970703,68.93245147674064,68.10432905642907,68.44406909549869,3247500
69.74642944335938,70.04370336648219,68.32375366831268,68.32375366831268,6257900
69.1660385131836,69.7535122943503,68.91123073822145,69.71104073180892,4335400
69.66148376464844,69.75350096848766,68.55024102652361,68.55024102652361,3745200
69.32174682617188,69.71811202948433,69.26512168282127,69.66148688613373,3908600
69.65442657470703,69.67565965764685,69.18727714974328,69.32176054179138,3396800
69.40667724609375,69.80304783865486,69.27219928439636,69.37129058251897,3727100
69.99413299560547,70.16400297739358,69.53406328652954,70.09322426832098,5259800
69.84551239013672,70.24895706610042,69.71102903145861,69.9870698413248,4540700
70.02245330810547,70.20648229211481,69.71809996535038,69.72517945706188,3640900
70.31974029541016,70.52500239282857,70.07909153296366,70.24896156528301,2685600
70.85057830810547,71.27525602562262,70.44005417447515,70.58161701369431,2504300
70.54623413085938,70.88597958911089,69.71103217106489,69.76057782121919,3658500
71.05584716796875,71.18325103541092,70.50376554240958,70.76565276994923,3888000
70.04776763916016,71.03094224504036,69.9480255241667,71.03094224504036,4943800
69.64165496826172,70.01925079559054,69.39229974601967,69.84826513398689,4582600
69.6487808227539,69.76989543967711,69.24980703239486,69.5490387340482,5308200
69.66300201416016,69.89811061007381,69.46351790933676,69.72712501101579,4233800
69.19993591308594,69.6416547594015,68.54448634929084,69.2640589332051,3459700
68.52313232421875,69.53480545919535,68.44476274265347,69.27120362623727,3972300
68.60147857666016,69.10731497213001,68.40199441343664,68.60860456407123,4784700
67.49717712402344,68.94344259011282,67.47580459958431,68.15263200818931,3935900
67.06970977783203,68.19537649701977,66.87022563732486,67.77503025620668,4555200
65.96542358398438,67.66104985503142,65.92267853027253,66.64225106912474,6962800
66.77052307128906,67.04125093136048,65.85146593545566,66.1079472494342,6189200
67.93890380859375,67.97452831049986,66.78473843458738,67.47581246149352,8122800
67.99590301513672,68.5373584998071,67.83203791087068,67.89616092924818,7678700
68.83660125732422,68.86509977723532,68.01728647537509,68.24526919912697,3623000
69.36381530761719,69.46355741675724,69.00759193624921,69.27831974169546,3065800
69.17141723632812,69.74137652122594,69.14292416406435,69.46352286461027,1604100
69.14295196533203,69.51342184460138,69.08595492681773,69.19282301514784,1492700
68.91497802734375,69.17857985186879,68.40913604050051,68.83660844828565,2453800
68.3663558959961,68.95056172661111,68.33785738773017,68.5444674960072,2134400
67.36894989013672,68.38062821016611,67.35470334953294,68.1597660642854,3727400
67.283447265625,67.92464474876844,67.00559357345342,67.63254451864192,3545700
66.77761840820312,67.7180476492461,66.77049242065866,67.29057536515175,6441000
66.27176666259766,67.41168533575988,66.2147750773676,67.0269635988979,6195000
68.20963287353516,68.55873560531394,67.27632960916648,67.77504003237051,6526300
69.44929504394531,69.75564729091633,68.8793356054526,68.92208066090194,7131600
68.97907257080078,69.58465103203066,68.81520747785038,69.49916092747884,4061500
68.69408416748047,69.34953358514922,68.53022453083076,69.0716799094954,4192700
68.64421844482422,69.4564070111895,68.26662267359734,68.8722011049349,5371300
68.8722152709961,68.96483681278713,68.01015549027832,68.01015549027832,5127800
68.8722152709961,69.33530667334175,68.66560509347153,69.2070660609312,4424000
69.31393432617188,69.41367642102725,68.63710675618297,68.8650948993227,4404400
69.4706802368164,70.05488632178637,68.98621625643617,70.05488632178637,7029500
69.39228820800781,69.97649410392458,68.82232885004915,69.12155506698657,5031100
70.46097564697266,70.53221922574993,69.13582442667624,69.44930269594019,7620400
70.1973648071289,70.52508960103661,69.89101254219877,70.07625018589839,4857700
70.31137084960938,70.4966030893173,69.5846721273982,69.95514747788864,4298700
68.90782928466797,69.85538447455558,67.8605320153749,69.57040477531038,7365300
68.19538116455078,69.65589325638945,68.15263611309796,69.25692494806833,6280100
68.41625213623047,68.73685639570577,67.58981683413656,68.1953954102077,4600300
66.81320190429688,67.91749565773456,66.65646287497974,67.76075662841741,7741500
67.91751861572266,67.99588815687228,66.68498391580698,66.87022150720927,6889500
68.537353515625,68.79383469941111,68.0956401489655,68.40911292373194,5090400
68.8223648071289,69.29970289337759,68.41627031896333,68.41627031896333,5064700
68.8294677734375,69.27118663065421,68.6869806249347,69.27118663065421,4466200
68.90070343017578,69.15005862916992,68.64422224391447,68.87933090390995,4629200
68.37350463867188,69.0432062169812,68.1027714378048,68.8080975221871,4217100
69.81265258789062,69.89102216195272,68.66561293356767,68.91497363405823,6797400
71.5296401977539,71.78612141028438,70.6747010108069,71.28028497322045,9736400
71.43700408935547,71.60086916664594,70.80292717535933,71.28027043414366,9062300
70.62483978271484,71.35153846440733,70.48947860517369,71.35153846440733,5643000
70.07623291015625,70.32558807931561,69.81975175458233,70.14035048128221,5877800
70.767333984375,70.8813226330671,69.93377262671302,69.99076423329052,3472500
70.33271789550781,70.95966884575242,70.19735132393528,70.7459381614927,4186300
70.57495880126953,70.58208478925447,69.69865252289051,69.97650626340446,3945500
70.8528060913086,70.87418405331712,70.34696970115436,70.64620137838092,3075700
70.94544982910156,71.22330363129997,70.63197151460595,70.85282827134381,3389900
70.88841247558594,71.11639509225691,70.46807173428468,71.01665303718426,3366100
70.58210754394531,70.78871777782686,70.51798993801894,70.63910459512739,5722000
70.51797485351562,70.79582862417008,70.51084886475769,70.68896053494834,6461700
70.5322036743164,70.74593979905882,70.3398455104766,70.51795713591679,3613600
70.10475158691406,70.49659398387355,69.90526739420208,70.40397787598201,4148100
69.82862091064453,70.18005758753122,69.65648944244951,70.0868208489174,3884200
69.7353744506836,70.16570579716183,69.72102697169035,70.07246359958559,3537200
68.97513580322266,69.67801472512261,68.81017805295528,69.5704304907961,6466100
68.88188171386719,69.21180260332034,68.83167648007996,68.85319222713733,4810500
67.7271499633789,68.56629685725746,67.7271499633789,68.40850742997233,5390300
67.15338897705078,67.87060985654406,67.02428899986354,67.74868362030087,4637300
68.64519500732422,68.68105823239695,67.30399028021874,67.39005873721734,4455000
67.64824676513672,68.55911451936727,67.3757049070741,68.0570622882101,4703800
68.45873260498047,68.51611159015792,67.76303292955829,67.82040644277454,4687400
67.51199340820312,68.34397218091021,67.46178816998533,68.0929459898212,4507400
67.87775421142578,68.17181727125171,66.15642375145883,67.41155974719075,7692100
67.490478515625,67.834746919173,67.20358909132845,67.72716270106672,4386400
68.37981414794922,68.4802300731569,67.49046207405243,67.56218304466424,8810400
68.74561309814453,68.93926577988617,68.3798289552685,68.47307116201834,4739400
68.7527847290039,69.68517393613376,68.71692150105264,69.36242130045328,7118600
68.32245635986328,69.16877714032792,68.30094061092987,69.16160340002993,4965600
68.58781433105469,68.83884595640389,67.98535156291999,68.31527243194039,5077700
68.81732940673828,68.96795058094865,68.26507183182072,68.33679281308845,4245600
69.22613525390625,69.34089318531466,68.53043581459038,69.054003828753,5021200
68.58065795898438,69.27635756991457,68.58065795898438,69.0109893640008,4397600
68.20054626464844,68.33682001367117,67.54070421920768,68.25075699067769,4241200
68.630859375,68.80299083302512,67.97818582738246,67.97818582738246,3586200
69.19747161865234,69.63497131308324,68.51610851219176,68.51610851219176,4861800
69.0038070678711,69.47717538506957,68.98946506066508,69.33372795320942,3376600
68.87471771240234,69.28353338017509,68.6308652486604,68.92492295328809,3879100
69.10421752929688,69.30503846192684,68.59499145813945,68.73126515040694,3487000
68.99664306640625,69.22615351781536,68.9607853073503,69.05402204724872,2704900
68.51611328125,69.05402896865262,68.48025551859996,68.86038172885067,3772900
69.20462799072266,69.42697014208443,68.41568626746353,68.6165072000793,4501700
69.30504608154297,69.78558819112273,69.21180934455975,69.3839408097444,3508700
69.17594909667969,69.51304377316977,69.00381762407484,69.23332807820158,3699000
68.71691131591797,68.939253446732,68.39416420003498,68.73842706071557,4991600
69.21178436279297,69.52736316169154,69.02530548417485,69.03965295973859,4468600
69.41263580322266,69.97206721340237,69.24050432438915,69.71386725917156,4184300
69.77125549316406,70.02945548162747,69.34092400304566,69.74973973945241,5293600
68.6595687866211,69.88601604086018,68.45874231002983,69.33375280616768,7827700
68.25786590576172,68.64516558833208,67.7845032750363,68.64516558833208,5381700
67.77017974853516,68.32961099704464,67.74866400389394,68.2578900242541,5348500
67.71998596191406,67.97101214507244,67.43309655032145,67.94949639679606,5065900
67.69131469726562,67.7558674314339,66.88803069490045,67.57656218491141,4963600
68.22203063964844,68.37264632048857,67.24661011157576,67.53349946782527,6714400
68.53760528564453,68.58064224665857,67.9638320343985,68.25072139600124,4622300
68.81732940673828,69.03249782250155,68.32245080561894,68.45871902843957,3729400
68.43721008300781,68.97512570391756,68.30811011511103,68.86754148534348,3502800
68.48026275634766,68.83169951044523,68.1001310339591,68.79583627204343,3376400
68.24356079101562,68.6165132025043,68.1001133466273,68.24356079101562,3157400
69.24766540527344,69.29069689912441,68.53044465730359,68.78864456432953,5231600
69.10421752929688,69.64213308682429,68.9392598226194,69.04683855655688,3070300
68.99664306640625,69.12574303732143,68.13598024161232,68.85320108626087,4229900
69.14725494384766,69.54172307208661,68.97511802450988,69.04683900492059,3739800
70.28764343261719,70.28764343261719,69.38394362776307,69.45566461850623,4018500
70.44544982910156,70.60323932984244,70.10835507242099,70.16573406759261,3809500
70.323486328125,70.52430723291765,70.05093898136991,70.29479684573188,3328300
70.25180053710938,70.53151631234981,69.97925850460808,70.24463226633264,3323900
70.06529235839844,70.52431317142185,70.05811861920627,70.28762902571798,2789800
69.71385955810547,70.13702267544532,69.49869660132221,69.85730700125477,3406100
69.0396728515625,69.72103039427064,69.01815710397638,69.72103039427064,3311100
68.70259094238281,69.0540276526391,68.49459622391568,68.8962381784943,3806200
69.125732421875,69.26917985195236,68.64519584302572,68.84601677317409,4028200
69.61344146728516,69.8501256186149,68.80298402201768,69.2476628391863,5321700
69.1615982055664,69.7425452709782,68.81016156480767,69.72102952366075,5731700
68.83169555664062,69.27636904429342,68.59501132949288,69.27636904429342,4407000
68.8890380859375,69.10420097422657,68.40132787840673,68.58780128719886,3959800
68.8550796508789,69.36083352373463,68.74670224603732,69.23078174038547,3248800
68.0169677734375,69.08628306221793,68.00252002502191,68.64555231944057,4793700
67.22944641113281,67.90137981928514,67.12106898808153,67.82190340986784,4741200
67.07771301269531,67.48954831232118,67.00546323659246,67.41007190491666,4466600
67.24390411376953,67.42453134148593,66.99102709742768,67.04882913325025,3411900
67.69184875488281,67.97362673557066,67.28724009334542,67.46064616784908,3892000
67.98086547851562,68.12537057806502,67.83636589127214,67.91584231794783,3020100
67.72797393798828,67.96640316694604,67.51122460354874,67.88692675729345,3748500
66.93321228027344,67.49676824116506,66.86096250544455,67.38839082276948,7203000
67.59071350097656,67.70631206490755,66.8898789476322,67.02715189778114,2728700
67.95196533203125,68.11091266222584,67.37395599790449,67.60515862909409,3108900
68.80451965332031,69.01404236729387,68.00253439533522,68.15426059112902,4035400
68.53721618652344,68.86234308855283,68.43606534978953,68.55166394363948,5463300
69.07185363769531,69.27415525914944,68.6383493756785,68.6383493756785,3626700
69.07185363769531,69.17300444842238,68.73950018640556,69.0790802705489,3679900
68.84786224365234,69.19466337083931,68.82618786224123,68.82618786224123,4742000
68.51553344726562,69.3536410655673,68.51553344726562,69.18024043976463,4426400
68.57331848144531,68.96346841463523,68.5155164497486,68.71059141634356,5119600
67.69184875488281,68.4649329220554,67.6412733612287,68.2048293226044,3625600
67.43896484375,68.42157719587568,67.38116833244595,68.28430428018615,4188500
68.29154205322266,68.32766970486449,67.59071301720019,67.77134025079793,4808600
68.39270782470703,68.6239104951636,68.06757545192636,68.34935353428573,3209600
68.204833984375,68.5805361468697,67.92305598442775,67.94473036714602,4952400
69.64987182617188,69.83772571804263,68.3060045849166,68.47940520924766,7724800
69.0790786743164,69.56315833051097,69.0068288843674,69.15132846426542,6055100
68.34210205078125,70.33622780358117,67.97362654617277,70.32900117242086,9932300
69.0357437133789,69.55594561246133,68.64558815483704,68.94181400657953,7233600
70.24231719970703,70.4373921802357,69.47645951809037,69.57761032463198,7263800
70.17728424072266,70.43016675392111,69.88828510387619,70.37236472162975,4479400
69.61371612548828,70.32899823596806,69.59204174521682,70.13392330122056,5464700
70.0111083984375,70.3290085428485,69.9894340149896,70.14838133104257,4253000
69.92440032958984,69.9533013428794,69.39697199589315,69.75099976215712,3573300
70.30731964111328,70.43015030912892,69.9388441739781,70.14114572745716,3391800
70.03277587890625,70.43015791063222,69.96774722266723,70.43015791063222,3065400
70.20619201660156,70.43017353522016,69.93886723804896,70.09781457369652,3371300
69.98941802978516,70.35067237088847,69.69318682417463,70.08334217404266,2742900
69.49089050292969,70.0038710444115,69.425861850241,69.8449182403994,3631700
69.11519622802734,69.66429896126292,68.87676699495397,69.38252096301431,4783400
69.44035339355469,69.52705647416997,69.10077321819558,69.52705647416997,4937100
69.74378967285156,69.91719028141208,69.39698845573054,69.4909126369704,3851100
69.81602478027344,69.99665198394906,69.46922363610693,69.49089801857923,3380700
69.61371612548828,70.20617307289355,69.50533871182668,70.20617307289355,5049600
70.40851593017578,70.43019583546585,69.48370508086815,69.49815835106153,3711100
70.66858673095703,70.8058651722694,70.21340815356506,70.30011119738944,3955000
71.66565704345703,71.7812555970071,70.72639330145078,70.82031747072931,4320400
71.6367416381836,72.69160372186246,71.600613996784,72.00522263370358,6224000
71.60062408447266,71.8535010729847,71.32607271298886,71.53560093555738,4608300
71.59337615966797,72.03410685669623,71.44887664129617,71.9040550852403,4753700
71.25383758544922,71.34776176841036,70.91425748291161,71.23938431895915,3581300
71.08040618896484,71.11653383003885,70.08334613558904,70.83475586903472,3743300
71.37666320800781,71.69456892498224,70.82755483659001,71.09488514516451,4190600
71.69457244873047,71.72346795868826,71.31163803796022,71.4055677383953,3375600
72.14973449707031,72.3159084463591,71.34774922930586,71.3983246285205,3253100
72.08470916748047,72.55434104608048,71.88963419357557,71.88963419357557,4578500
71.52114868164062,72.01968154624808,71.26827168955894,71.80292668886094,3903500
70.79141998291016,71.2393719447843,70.79141998291016,71.02984371552168,3956800
69.54147338867188,70.51685918568839,69.43309596404674,70.22785455745633,7514400
66.34798431396484,66.70923871334963,55.25747535531253,66.16735711427245,13366900
64.76569366455078,68.01698352928649,64.70067051316254,68.01698352928649,8258100
66.8248291015625,66.92597988006463,64.80180801921605,66.26849981980084,7614100
67.62683868408203,67.90861674220815,66.3696746161112,67.55458888933539,6690000
67.57624816894531,67.80022413627886,67.03436656103143,67.1933193813216,6002300
67.14276885986328,67.43177359361431,66.93324056570147,67.14999549409143,5328000
65.98673248291016,66.58641613218288,65.66160020342626,65.83500629073963,8367800
66.72430419921875,67.10292623644779,66.1636593870567,66.53499318060423,5935400
67.08108520507812,67.53251751063274,66.89905685599285,66.98643246337696,3774100
66.20008850097656,66.6515209418166,65.99621757771527,66.25833892335581,5653600
67.25582885742188,67.27767136804577,66.68061867238288,66.93545722143466,3638200
66.1345443725586,67.7727995948257,65.8942656067439,67.7436743909332,4474400
66.30201721191406,66.76800943336983,65.8433076812807,65.89427540690664,3928100
66.70974731445312,66.72430713726591,66.032601674846,66.20006463498117,4062600
66.40394592285156,66.72431762573271,66.25104276149418,66.70975780063125,4383600
67.03010559082031,67.23397641679578,66.36752540640003,66.74614186105971,3725100
67.76551055908203,67.94753890006538,67.09564759747866,67.2412680482397,4152000
67.98397827148438,68.71209197258388,67.43061030323008,67.94028767197305,5300800
67.75096130371094,68.17326289881349,66.83353676663855,67.12478326865288,9622400
68.23151397705078,68.63925575081667,67.88202261527002,67.94755016245452,3654000
67.25582885742188,67.77278864408797,66.950017043496,67.70725555715252,4547900
67.27767181396484,67.4961024767154,66.88448995493734,67.18301352721555,3401600
67.32865142822266,67.61261522854952,66.58597260039492,66.90634429514922,4064000
68.05674743652344,68.5737071855452,67.47425460533826,67.67084829676517,4897200
67.32865142822266,68.18782551910165,67.13205768641807,67.69270815223808,4659200
67.74366760253906,67.9766636552666,67.21214240612653,67.38689361197027,5632200
68.66109466552734,68.73390489326687,68.10044424629795,68.48634345287532,5873600
68.33342742919922,68.8067021529038,67.8091850001765,68.58826595578992,5061800
68.55917358398438,68.6028586187578,67.37234495869563,67.83833717983026,5163700
69.76053619384766,69.88431968148419,68.8722370446764,69.10523864255042,5700200
70.67797088623047,71.35511660272421,70.43041498485614,71.3259913987276,7094300
71.73371887207031,72.07593300711129,70.68523951212549,70.76533241841437,6528200
72.0614013671875,72.09052657677947,71.06388377015887,71.06388377015887,4683300
72.42544555664062,72.53466368484644,71.94488801456092,72.01042111351032,5607000
72.18516540527344,72.88415363533394,71.85751658198605,72.04682207518715,4581300
71.29685974121094,72.1997243181885,71.27501722895673,72.05409831138688,5989400
70.98377227783203,71.50801480332238,70.92552742893865,71.18764313661956,4238400
71.55896759033203,71.71187070252604,70.94007245381442,71.43518967404114,5763900
72.59291076660156,72.67300369273946,71.57355635223747,71.97401542786196,5550800
72.94239044189453,73.0079179723074,72.46183299861237,72.59289361450172,4902700
73.00791931152344,73.09529490874031,72.57105243556649,72.77492327400881,3613600
72.99339294433594,73.46666792481372,72.62205342979907,72.73855427948368,4332000
75.05394744873047,75.2723781847118,73.051635149374,73.29919109449929,5934800
74.5806655883789,75.31606177447017,74.21660884052098,75.22868615516083,5015800
74.66075897216797,74.85734717298027,74.15835887944242,74.55154083613218,3770700
74.95201110839844,75.14131663299838,74.27486528023483,74.36223535156849,3995700
74.80635833740234,75.14128978633586,73.88893958578325,75.07576225624746,5164800
74.85006713867188,75.06849784721845,74.19476390290225,74.33310168512894,3008100
74.40592956542969,75.17044550215434,74.40592956542969,74.7262957676956,5425800
73.83069610595703,74.68987009634535,73.6122598750706,74.36949843906234,5007300
73.4812240600586,73.6923776731989,72.68758289297195,73.65597532580188,4174900
73.26277923583984,73.78701626715967,73.10259338388174,73.45936742820166,3345600
73.25550842285156,73.4957872397458,72.94970204956753,73.26279111413903,2834100
72.60746765136719,73.02249205867382,72.19244324406056,72.86230622514069,4660400
71.995849609375,72.52009213611633,71.52258035251644,72.43272208503564,3959900
71.95945739746094,72.24342121355413,71.63180299461607,71.71917861305438,3367800
72.39631652832031,72.7822157465425,72.14875508045839,72.28709840588313,3147300
71.62451171875,72.32349986306201,71.60266365215502,72.010410902635,3892800
71.38424682617188,72.04682720972495,71.21677828018173,71.49346496007284,4001000
72.49097442626953,72.56379021644827,71.10028060388045,71.17309083899433,3446600
71.95945739746094,72.72397322730217,71.762863644741,72.47641730765788,3446500
73.00791931152344,73.08801222020631,72.0176903183841,72.13418555960955,4074200
73.48848724365234,73.80885892407133,73.17539825280592,73.18995807688654,3496000
72.88414764404297,74.37678228313023,72.81133741763817,73.91806730215802,4800600
73.43022155761719,74.04183958796206,72.98607202220701,73.1608232051989,4604000
73.27002716064453,73.53943103654156,72.81131785796194,73.05159654010826,3405400
73.1754150390625,73.49578679297397,73.13900713791227,73.19725755772633,2906000
73.35014343261719,73.53217178527758,72.87686860468725,72.87686860468725,1463400
72.92784118652344,73.51761126594431,72.90599311815667,73.35014273885233,6083300
73.58316040039062,73.62685099488166,72.89145468585352,72.89145468585352,4473200
72.94011688232422,73.60000487777806,72.85212920574074,73.58534306200305,4361600
72.65412902832031,73.31402235159706,72.41217280476512,73.0427369143434,5661000
74.09860229492188,74.32590243037643,72.25090554497042,72.7348238581092,6422700
73.8126449584961,74.42854756829742,73.4093806535582,74.07660242069976,3408000
73.44601440429688,73.91527072105933,73.05007833815796,73.61465601530989,3385200
72.68350219726562,74.02528516704047,72.58085268423159,72.97678891763952,4195100
72.51487731933594,73.02812496385098,72.18492761016503,72.81549219855768,3926600
71.6936264038086,72.43417372152126,71.5176567024626,71.80360956489082,5429700
71.81830596923828,72.30956357950407,70.98244249275672,71.92095547729892,6633900
72.8741226196289,73.07942159841079,72.00159636582828,72.24355827395448,5554200
74.11327362060547,74.29657712346966,73.06477736046313,73.20408421873421,4994500
73.46800994873047,74.1352370958108,73.44601443293249,74.0545831419005,4303600
71.7816162109375,73.14539402384256,71.76694880556478,73.1380603211562,6926800
72.30955505371094,72.32421687000003,71.68631877885407,72.14091339950753,3089100
73.17474365234375,73.37270892828799,72.31687920597822,72.5221837806322,3882100
73.7906494140625,73.87863709943078,73.33605476396063,73.46803349502386,2929600
73.7173080444336,74.03259016764021,73.40202592122697,73.6953125278805,1044300
73.8199691772461,73.90062314666422,73.42403303482374,73.60733649368719,4017700
74.38453674316406,74.56784019062773,73.88595114230381,74.13524673972258,2362200
74.16458129882812,74.45053424992793,74.03993628813902,74.42853872968604,2333000
73.26273345947266,73.98861926710104,73.18207948084728,73.70999439767583,3041500
72.41952514648438,72.58816678318932,71.70831245371132,72.2655509185246,6689000
72.91813659667969,73.2114233417572,72.37555975437289,72.44888004214742,4893800
72.94011688232422,73.14541586704122,71.94294559028927,72.13357716525346,5483400
71.53965759277344,72.57349155308258,71.27570022392754,72.19221731187123,5440000
71.27572631835938,72.31688876888433,71.07776101623696,71.73032097424051,4853500
71.44437408447266,71.79631367250654,71.02644232744561,71.37104820915161,5638000
71.57633972167969,72.15557934797853,71.22439460411383,72.15557934797853,5185800
70.75511932373047,71.81094880112076,70.64513615417292,71.46633748036274,5161500
70.24920654296875,71.18039112411854,70.13922895730113,70.68180555784336,6592500
68.87076568603516,69.33268832078473,68.40884305128559,68.88542749924349,8229400
70.21990203857422,70.46186400016407,69.2593934924785,69.40603964828091,6828900
68.75343322753906,69.96323672328485,68.40882755243801,69.54530521682454,7558100
69.26670837402344,69.41334889599423,68.37218664566046,68.9514262172066,6076300
70.27854919433594,70.60116509121929,69.01009231609538,69.56733083655833,6946600
70.34454345703125,70.99710338144955,70.0439230724903,70.32987604638245,4407000
70.62315368652344,71.2830472318062,70.21988385496803,70.32253893443638,3735200
70.34454345703125,71.32704739933183,70.06591859448537,70.30788052438739,5795100
71.45170593261719,71.78165560687637,70.44720627835457,70.70383007345892,5169900
72.80813598632812,72.80813598632812,71.54700729624813,71.75963997948045,7340600
72.61017608642578,72.88146725993833,71.50302146303811,72.24356911388482,3648100
72.0089340209961,72.35354543741907,71.85495977846246,72.33154991619682,3809900
72.38285827636719,72.61015273617525,71.56165690812827,72.49284145155636,5146000
71.40770721435547,72.51486186178077,71.12175421708342,72.35355389532401,5212000
71.35636901855469,71.64232196195822,70.97510029200917,71.59099721811597,5574800
71.5030288696289,71.77432007124297,70.68183274622035,71.22440955546944,4729500
72.06024932861328,72.434189922339,70.71113865992182,70.89444210473167,4994200
71.57633972167969,72.39020756169649,71.50301385978581,72.00893321816865,4505500
71.04841613769531,71.81095913734879,70.45450917419011,70.67447554496644,5898500
72.21424102783203,72.28756130470506,70.49852305429313,70.68182654346498,5110600
72.2948989868164,72.80815214111375,71.92829198830925,72.73482626622923,4709700
72.99143981933594,73.24072983917688,72.4415294407693,72.58816997079602,4493200
73.04277801513672,73.29940178692978,72.56618781381891,73.0061150788897,3729100
73.0134506225586,73.4607116049313,72.19224893817386,72.19224893817386,4531300
73.2260971069336,73.73201105224366,73.01346433815927,73.30675110867489,4731500
72.98408508300781,73.32136268005895,72.86676821761122,73.24070873359281,3721100
73.0867691040039,73.138093858391,72.14825611293783,72.58818337825272,5691200
73.8126449584961,73.83464048135001,73.19674794267313,73.19674794267313,4668900
72.1189193725586,73.71732589213501,71.73764501340564,73.68066295968556,6506200
71.72297668457031,72.60283104368747,71.70098116468903,72.1189128243663,5955300
72.65412902832031,72.69079194393728,71.89159184806222,72.22153571271284,5160200
72.6120834350586,72.63423612319744,72.0287049002895,72.40531750049723,4180000
73.2249984741211,73.27668995614401,72.38315691354231,72.62684774334278,4856600
73.84529113769531,73.84529113769531,72.78930324906833,72.96653037029319,7067200
73.29146575927734,73.54992320191558,73.08469980516675,73.29146575927734,5967100
73.65330505371094,73.93392081624502,72.92223811743195,73.08469868859386,4871200
73.99298858642578,74.27360433306353,73.65330088139787,73.84530023952645,5085000
74.4212646484375,74.49510879407302,73.86003900050264,74.17757389728783,5502800
74.8126449584961,74.8864947393301,74.28095808659587,74.58372641296299,5912400
74.32526397705078,74.91602274551731,74.30311129790098,74.67971811134133,3580500
74.69449615478516,75.00464495500319,74.0298875586413,74.04465413457903,3860300
74.45821380615234,74.83482076182393,73.85268260026679,74.5394440830107,4176600
75.22618865966797,75.41080185941138,74.42865828462895,74.5837326963397,5635800
74.79789733886719,75.2778928661981,74.59113142160432,75.07850742173127,7273900
74.9825210571289,75.41082516504802,74.081607462523,74.51729767821989,4420300
74.41390228271484,74.96036152942925,74.16283098066955,74.79051486973175,3457600
74.44344329833984,75.14497701147536,74.23667736485119,74.35483254624423,3407900
74.34745025634766,74.52467740358792,73.95607105729859,74.3622168378054,3183100
74.5689697265625,75.03419298419985,74.45081456871605,74.55419751485769,3785500
74.85697937011719,75.05635919247499,74.40652260906728,74.62067464579174,3356700
75.83171844482422,75.97940674853791,74.88649977958227,74.92341903853686,4673600
75.67664337158203,76.39293783564943,75.5437216458272,75.72094873551777,5367700
76.63662719726562,76.71785745228722,75.28525728257615,75.30002949291507,4128600
76.66619110107422,76.76218796393738,75.89081318873168,76.65142451984502,4220400
76.13446807861328,76.74738513823365,75.96462712191399,76.62923000840226,3589200
76.7400131225586,76.79170459286301,75.96464106799226,76.24525110193802,4196800
76.50373077392578,76.77696041607868,76.0828127832277,76.31173141365755,6220900
77.59662628173828,77.72216191320351,76.72525169953875,76.79170975127394,6154500
77.02064514160156,78.10616624844586,76.91726217904495,77.65571513099148,5354000
77.4710922241211,77.62616664860171,76.8877137888188,76.92463305143902,3777200
76.88771057128906,77.79600439580157,76.62186710217614,77.78861829000734,3802400
76.17878723144531,76.86554286987268,75.84648011864947,75.8612523284345,5593300
76.62926483154297,76.65880362742433,76.06804461164485,76.23788564552612,4553500
76.59234619140625,77.23479669676892,76.42988562969867,76.9172673148214,7736900
77.03540802001953,77.24956004186751,76.62187618966404,76.65879545511798,4996200
75.64713287353516,77.05757528110293,75.61020796714843,76.9689645200943,4778000
74.57633209228516,75.57324205029845,74.1554143040597,75.57324205029845,7145600
75.30744934082031,75.36652130680169,74.53945744356217,74.70929850092742,5660200
75.9129638671875,75.93511655377523,75.03420307288232,75.17451093320298,3501300
75.76527404785156,76.35603868096057,75.46251125799628,76.20834470570877,3222900
75.78741455078125,76.32648761436886,75.25573322720416,75.853878237446,3730900
76.03848266601562,76.1714043900394,75.4403377248824,75.44771819614384,4350200
76.0311050415039,76.18617946450443,75.61757324683582,76.00895235735356,4604000
76.37818145751953,76.70310252696089,75.7948030073627,75.86864716843164,3998100
76.47417449951172,76.74740407921891,76.060642710937,76.36341108039211,3945400
76.8138656616211,77.12402015125718,76.1566430528763,76.43725875140666,3852600
76.95415496826172,77.44891692368286,76.50369837184934,76.70308375528273,3401400
77.50801086425781,77.51539697030182,76.56279211275864,76.56279211275864,3547700
77.74433135986328,78.0766385920336,77.47110735411022,77.47848782770673,4432300
78.6968994140625,78.74120477060997,77.78121969708619,77.85506383598083,3885500
78.06922912597656,78.97014242273494,78.00276544584888,78.46799430489983,3424900
78.34986114501953,78.57139929569198,77.96586806899637,78.37201383329693,3195200
76.9320297241211,78.34985805749479,76.45942027966319,78.0914006478614,7811500
76.89511108398438,77.27910981009323,76.52588457331403,76.78434763794283,4243200
75.59542083740234,77.07970702035064,75.32957735873588,76.92463259678655,5443300
74.51728057861328,75.32219148925232,74.04466556642878,75.28526659278614,6970100
74.8274154663086,74.90864571622063,74.06681006617508,74.39911153658096,4722400
73.91913604736328,75.16712328303723,73.84529188227074,75.10804569738374,5704000
74.15544128417969,74.41389868081869,73.84529240821288,73.93390878732427,4185900
74.65018463134766,74.86433660158826,74.3548080431028,74.51726854700584,3446300
74.65018463134766,75.02679710549131,74.5541878035628,74.70926220257553,3223800
75.24833679199219,75.29264215438822,74.59111429136323,74.73141648359979,4543100
75.29269409179688,75.60284311040677,75.02685046614518,75.41822979447926,2877000
74.70926666259766,75.59541338207559,74.45080931548029,75.42556676314267,6368700
75.56708526611328,75.58940406418178,74.62222019864625,74.81565356603645,4741400
75.88699340820312,75.89443489885204,75.26948023681054,75.38852138241624,3618200
76.28131866455078,76.50451800780579,75.82748416247533,75.82748416247533,4511700
76.40779113769531,76.67562806332879,76.0581205123022,76.28875565752196,2944200
76.25157165527344,76.76492682845956,76.09533435825941,76.4970898403795,4078700
76.7649154663086,76.89139244857178,76.0134837122942,76.15484367846791,2860800
77.1220474243164,77.24108293644082,76.28877613466048,76.55661313218573,3552200
76.86164855957031,76.99556706236757,76.46733454472181,76.81701095070336,3462400
76.6756591796875,77.1443768278575,76.61614425354598,76.80957769685078,4368300
76.80211639404297,76.84675399288662,75.69356682906745,76.33339890140392,4363600
76.52684783935547,77.05508030660332,76.44500844677664,76.83188093117086,3434400
77.26338958740234,77.32291017220066,76.26644533490979,76.26644533490979,3520900
76.93605041503906,77.27084382641634,76.18461851753882,77.06996323863291,5577900
76.90628814697266,77.88091373501707,76.89140516060162,77.42707914603544,3567000
77.43450164794922,77.68001977709098,77.19642501016793,77.2336211145806,3214500
77.18156433105469,77.73955714424432,77.09972493102448,77.43452402465613,3398900
77.7023696899414,77.74700730358913,77.30805563286116,77.71724700242497,3068100
75.87214660644531,76.96580777136934,75.73822810189593,76.25157763917147,8654800
75.98371887207031,76.1399561366065,75.36621130543534,75.71588193966687,6381900
75.99114227294922,76.13993801055295,75.51498910118501,76.00602525242572,5195100
76.72027587890625,76.87651314874664,76.22923959409779,76.4970765355942,4898700
78.8183364868164,78.86297408972986,77.02531708718352,77.1889958661271,7973200
78.58769989013672,79.16057564751372,78.40170229964735,79.034098648268,4115700
79.17543029785156,79.59206864112245,78.58767739897182,78.61743768607649,5365200
78.80345153808594,79.40608754337947,78.58769366905436,79.30192367885083,6126500
79.97151184082031,81.09493872813186,79.65903729241163,80.74526239606702,9912800
80.55183410644531,80.72295438746572,79.8450455320565,80.38071950162092,6052800
81.02799224853516,81.1916653585516,80.17983802214405,80.46999948255434,6446600
80.93870544433594,81.17678211336515,80.62623088052175,80.66342698981646,4175800
81.77198028564453,81.88357429472121,81.01310696674842,81.14702545383622,5232100
81.8092041015625,82.53831737288952,81.66040825493953,81.71248736887733,4834300
81.58597564697266,82.20348325651482,81.07262054483003,81.66780935448692,5230600
81.25118255615234,81.61573622536781,80.97590409300025,81.58598160747717,3688700
81.4892578125,81.51157661362689,80.87918598485079,80.99078566668084,3987500
81.0354232788086,81.77197777325927,80.85686719357614,81.73477598724618,3021800
80.78248596191406,80.99824387766711,80.43280953556247,80.87920267882538,2765400
81.2363052368164,81.39998401617262,80.93126647961698,80.93126647961698,2693100
81.1098403930664,81.30327950901643,80.63368693549477,81.2735192083936,3053100
80.49976348876953,81.26607841141447,80.37328647601908,81.09495811236646,3386100
79.96407318115234,80.38070589754655,79.37632021269907,80.38070589754655,4724200
80.44766998291016,80.63366755996171,79.73343996817563,80.01615991805919,3446500
81.0354232788086,81.17678325422358,80.44023443596852,80.54439262537042,3995300
81.0428466796875,81.16188215120444,80.60388954274507,80.88660943046219,3880700
80.88663482666016,81.28094881891752,80.55927724386711,81.28094881891752,3431600
80.38069915771484,81.08005173833237,80.11286224072067,81.04284995911863,3691900
80.66342163085938,80.76014399622997,80.33606978031436,80.47742406815613,3226900
80.84198760986328,81.3627785422169,80.62622974468951,80.90150251913552,3189400
80.45510864257812,80.8122264754694,80.10543230184167,80.66342501334995,3304200
80.55927276611328,80.90894913262493,80.39559398381458,80.53695396419906,2378200
80.96102905273438,81.0651872468575,80.68575058186848,80.68575058186848,2189900
80.70805358886719,81.22884442093313,80.6857291164692,81.10236745831631,2786800
80.7898941040039,81.05029521821699,80.62622102596016,80.82709588494716,2563400
80.88663482666016,81.08750973124926,80.82711423411666,80.87919333354318,2357800
80.3509521484375,80.86430727021285,80.28399574622098,80.53694972285517,2677200
80.70062255859375,80.745260156787,80.05334900381614,80.31374445360193,2963900
80.55927276611328,80.96102822915671,80.49975217687815,80.65599514266933,2373000
80.4774398803711,80.54440196772245,80.0087279736966,80.38072317219275,2846600
80.32120513916016,80.50720274433871,80.1798451428416,80.41048603307658,2304600
80.26168823242188,80.76016615112208,80.12776972348993,80.53696674416994,2473000
80.43279266357422,80.56671114608136,80.01615990741674,80.21703479307963,3422600
80.26168823242188,80.63368345987762,80.19473181605426,80.41792554680968,2129500
79.94174194335938,80.72293389670857,79.85246675522431,80.29141823340721,2868900
80.34351348876953,80.35839647391715,79.90456192224168,79.97895981939268,2576400
79.76319122314453,80.39558177822029,79.62927275579479,80.29142360096994,3708100
79.98273468017578,80.08013548419714,79.61560241664668,79.67553829493555,3995000
80.38731384277344,80.42477304376071,79.63806122690232,79.7654327996779,3799000
80.8219223022461,81.10663638131186,80.54469663733047,80.60463824861169,3671200
80.85935974121094,81.00921372904828,80.4697508055241,80.7619589363755,2913300
80.32738494873047,80.89681862730686,80.00520604436623,80.73947623908406,3260500
80.08013153076172,80.42478710837422,79.7879234167784,80.24496804969483,3491400
77.95974731445312,79.5631476679071,77.95974731445312,79.43577036188267,6134500
79.43577575683594,79.58562973988198,78.14706580070975,78.14706580070975,4569400
78.36434936523438,79.38333365338958,78.13957695000167,79.37584524099023,4597700
78.70899963378906,79.15105598975214,78.37183248378945,78.53666899494331,4007800
79.03117370605469,79.2109927452755,78.44675182498472,78.63406499144011,3598600
78.88135528564453,79.04619186101283,78.35688046978788,78.67156535930187,4934100
79.17353820800781,79.51070538164906,78.61159863495068,78.82888262249416,3439300
79.64556121826172,79.95275184088977,79.39081233760857,79.49570725424685,3561700
80.2674560546875,80.44728085511066,79.33088998877959,79.64558053134732,3913900
80.78443908691406,80.8743514834913,80.40231854689254,80.5371842835857,3869400
80.4248046875,80.91182022270488,80.20003224410655,80.67955364962783,3235900
80.1925048828125,80.45474214960728,80.07262743928217,80.34984724288937,4440400
80.53719329833984,80.82191306119789,79.96776520531583,80.4472866080445,3779300
80.45475769042969,80.85186644696101,80.06514877826879,80.85186644696101,5030500
80.73948669433594,82.20052742870375,80.70202176623606,82.04318502010611,7249100
81.49620819091797,81.84835785088441,81.19651170411969,81.19651170411969,7173300
81.10662078857422,81.54118881229738,80.52220448180302,81.4962297543065,4566000
80.24497985839844,81.1965341881432,79.85537088786815,81.15157512959865,5830100
79.42829132080078,80.53718226912326,79.18853065227063,80.3498690681983,6297000
79.72049713134766,79.817897935103,79.01619768718496,79.21849913943576,4886000
79.41329193115234,80.11009716956654,79.15854875745084,79.99021971027892,4398400
79.58563995361328,79.8853422418231,79.28593766540347,79.75796491080058,3119300
79.09860229492188,79.5781235352092,78.67152851165523,79.51069354033008,3814400
79.48074340820312,79.54068500790606,79.04617538487518,79.32340099624209,3419800
79.36085510253906,79.5481683022994,78.88882789702727,79.30840763525997,3582600
80.04266357421875,80.21498848601675,79.25594598942767,79.47322994823992,4788600
80.05767059326172,80.22250714458308,79.84038656800593,80.04268805057157,4104400
80.1325912475586,81.0541747823574,80.12510283471279,80.50721767829303,3850000
79.6156005859375,80.17754016093299,79.4807348592848,80.02768617779388,4330600
79.32341766357422,79.66057922914243,79.1061336062548,79.50323678412082,3751600
79.13607025146484,79.42827833984464,78.87382723995205,79.42827833984464,3615400
80.40231323242188,80.84437534094191,79.51070631976603,79.51070631976603,5126000
80.34236907958984,80.64206558481105,80.0276786029565,80.46224653840943,3756300
80.22248840332031,80.8818287382273,80.13257601914657,80.53717317341152,3440700
79.892822265625,80.57464504261698,79.64557319143375,80.37983771828425,4205300
80.22248840332031,80.5671439681361,79.81039712128806,80.0951168129993,3378900
80.31988525390625,80.49221588602221,80.11009541748287,80.19251366984125,3141700
79.95275115966797,80.39481320431501,79.5106948313651,80.27493003412457,4289600
79.95275115966797,80.49970812005957,79.87782703647103,79.93027449434331,3679200
79.892822265625,80.27494278587704,79.81040400211289,80.22249531967343,3447700
79.27842712402344,80.14756300826927,79.27842712402344,79.84036665445477,2897600
80.14006805419922,80.31988710150645,79.70550011655766,79.91529567415128,5469100
81.4587631225586,81.61610552033217,80.14757075810034,80.14757075810034,4671000
80.35735321044922,80.432277338239,78.6715346116286,79.75794875544186,6515800
77.3603515625,80.08763129587035,76.72348782607776,80.08763129587035,9095200
77.31539154052734,77.74995378233031,76.85085278702348,77.17303169167162,5888400
75.96671295166016,77.4277530869346,75.26241374986472,77.06811507656386,7248800
76.3114013671875,76.46125536648027,75.5396718489528,75.9742398723835,5672300
76.20648956298828,77.0981020833624,76.02667051997263,76.69350494931896,3962900
76.13908386230469,76.37135043849972,75.80941074795342,76.2814380301277,4212600
75.90677642822266,76.2739143051799,75.80937565150491,75.97421213236841,4919200
76.61857604980469,76.66352937867117,75.90678261680286,75.90678261680286,3870800
77.09062957763672,77.17304785303986,76.7534680628754,76.8208980792893,4540300
76.07162475585938,77.09060887230063,76.01917729617539,76.81338331891703,4658400
76.55115509033203,77.10560626279097,76.22897616657428,76.42378348977189,3644900
77.01569366455078,77.36034925614702,76.34885915006205,76.62607901920194,5556900
76.82838439941406,77.21050493595585,76.64856532424248,77.01569760331853,3886800
75.55502319335938,76.92875067837929,75.55502319335938,76.6192875391869,8123500
74.74742126464844,75.5173161448382,74.34738044354187,75.39654606220667,7123000
75.93241882324219,75.96261133136551,75.02666661407115,75.02666661407115,4594600
76.01545715332031,76.1664197145359,75.57013055465832,75.94752831974797,3961800
76.64949035644531,76.69477624665349,76.0909375035903,76.29473552679316,4828400
77.60053253173828,77.69111007537386,76.35512441889077,76.35512441889077,4873400
77.10237121582031,77.4495764986412,76.98915072479247,77.09482164744955,3993900
78.17416381835938,78.53646816487725,77.01932771169652,77.16274068866038,5040200
79.04219818115234,79.15541867578362,78.24966047736699,78.36288097199827,4858400
79.72906494140625,80.0158909829437,79.0120113548306,79.11013271930533,4508600
78.85348510742188,80.4083619611584,78.65723666923306,79.91774374500261,5007500
79.47997283935547,79.68376510180286,78.6723418401337,78.6723418401337,4179400
79.91023254394531,79.94796887835106,79.35167951184532,79.66869812093596,7499300
79.56300354003906,79.91020881007805,79.351655943872,79.60073986323687,3683800
79.17806243896484,79.28373336607409,78.77802167796075,79.17051287027601,4903400
79.02708435058594,79.77433602103723,79.01954054201107,79.11766188117677,3245200
79.51771545410156,79.5931938625133,78.6874414443056,78.91388242817425,2605000
79.32147979736328,79.44224987723564,78.9742744556818,79.23090799609338,1769300
79.3516845703125,79.49509762264726,79.24601361342434,79.32149204568228,1505000
78.96671295166016,79.32901159283314,78.89122878933547,79.15541184020573,1878600
79.24600219726562,79.32903018837895,78.86106052061416,78.87615390143729,2438100
78.97425842285156,79.36675534412025,78.74782320701182,79.03464345052878,3484000
78.9893798828125,79.32148611162957,78.6572678953606,79.2082713510299,3741200
79.14030456542969,79.72904411576411,79.09501867959858,79.336553001752,3029700
79.03462982177734,79.34409871628326,78.64213872682312,78.89121684543244,5087200
78.92143249511719,79.37431449876041,78.58932632004841,79.23845104939423,4109700
78.09114074707031,78.69497944285357,77.93263438511954,78.61950104553881,5603500
76.96652221679688,77.98549530993427,76.80046623328933,77.98549530993427,5399200
76.84573364257812,77.26087350144769,76.54382002736361,76.8683765878559,4650300
76.86837768554688,77.38163890082728,76.67213498458169,76.77025633506427,3126000
76.64949035644531,77.07217402140974,76.40040644303427,76.89856851122333,3478600
77.13256072998047,77.23068208044958,76.27963805490093,76.28718762297798,3745800
77.54769897460938,77.74394744465403,77.23068620205272,77.29107123262546,4340400
77.26087951660156,77.74394824891384,77.11746650716609,77.20049448540415,3923100
77.92506408691406,77.98544909215431,77.32123131040474,77.58540851004201,4750800
78.50629425048828,78.66480064005984,77.6156351862527,77.66847064944321,4584800
79.03462982177734,79.20068573993835,78.3326698323172,78.49872575047821,4992300
78.95916748046875,79.39695030668062,78.90633201927997,79.03464588807654,3566100
78.60441589355469,79.04974830660576,78.55158043017238,78.88369234779464,3634600
78.10626220703125,78.80822244410358,78.06852011826966,78.78557373566609,4248200
78.26475524902344,78.28739819495998,77.74394445795026,77.7514940261402,3462600
78.33267211914062,78.62704188860809,77.90243893617799,77.90243893617799,3846600
77.75149536132812,78.33268543200145,77.72885241500276,78.20437156373549,3515600
78.5213851928711,78.79311206902972,77.9628380623821,78.31759291506884,3213700
79.3365707397461,79.8347328711644,78.54403300871188,78.83085903945717,4287100
78.92896270751953,79.43467429444812,78.89877019743884,79.32900338848192,4355200
79.71397399902344,79.93286544212957,78.97427168236705,78.97427168236705,3980400
79.77433776855469,80.18192802719328,79.44222590774561,79.63092478163574,3407100
79.98568725585938,80.37817841738897,79.26862801113758,79.77434541821782,4012400
80.08383178710938,80.27253073371361,79.69888432361898,79.88003945857614,2475500
80.40080261230469,80.52912220548933,79.91773402217373,80.38570923826452,3463700
80.70275115966797,80.76313619497,79.75925657795104,80.1366544106378,5665000
80.55934143066406,80.95183263083288,79.07993690426513,79.51771975883963,7617200
81.60852813720703,81.6538140447568,80.24989332436174,80.87637525243125,5559900
81.6311264038086,81.74434686933819,80.92161686121317,80.98200187731322,5498400
82.54441833496094,82.65008922121993,81.48015414796927,81.57073166131902,5370700
82.58219909667969,82.86146981608063,82.40104398510522,82.55200657808395,3815300
82.6802978515625,83.02750308250799,82.36328513095563,82.36328513095563,3382700
82.89920043945312,82.96712927792376,82.52180264714966,82.65011651446083,3991800
82.47652435302734,82.93695019489283,82.44633759235172,82.79354292646377,3475100
83.31432342529297,83.48037935310332,82.31044980844119,82.31044980844119,4684700
83.39258575439453,83.84097105191684,82.96699312490823,83.29378466985281,4750700
83.681396484375,83.84099158519875,83.16460986343695,83.45340016994842,3880800
84.02340698242188,84.10700526621332,83.331828032552,83.67381679483434,4111300
83.31661224365234,83.74220502182419,83.1646185502831,83.44581326102272,4491000
83.08100891113281,83.4229975735117,82.83781555610659,82.95941513271318,4361100
83.0658187866211,83.08861725958833,82.43503397631963,82.96701767284651,5244500
82.85303497314453,83.30142628520646,82.76944248939249,83.29382486006953,4066900
83.28621673583984,83.37741643558171,83.05062475924176,83.27862110950238,3488900
83.14942932128906,83.44582110996924,82.86063315926036,83.08102809410764,3131200
83.09622955322266,83.39262715581278,82.92903878519735,83.05063259814199,3630000
84.4413833618164,84.5325830546698,83.21781502409121,83.26341197142409,4973400
84.46418762207031,84.50978457252702,84.00059929846708,84.42618629789771,4580700
84.6541748046875,84.75297012092122,84.30458468779804,84.72257602222427,6444400
84.4717788696289,84.69217376726382,84.2133826523997,84.4717788696289,3382100
84.94298553466797,85.3533755439191,84.71499495054324,84.76819333332456,5587700
85.13297271728516,85.40656603149422,84.79098397361797,85.3533676536307,3882200
84.9505615234375,85.36855283312326,84.86696326150036,85.07975672890869,3208400
85.2089614868164,85.30775680155539,84.9581666899551,85.10256474842447,3913200
84.98858642578125,85.33817661898848,84.79098995198977,85.01898632930215,3514600
85.45975494384766,85.69535270388134,84.84417295415318,84.97336817205662,3945400
85.4445571899414,85.52815545923431,85.09496706298367,85.1633624843028,2683700
85.25457000732422,85.53576473878763,85.11777335393501,85.33816828429475,2104900
85.0113754272461,85.47496375743108,84.98857695169406,85.35336415690278,3744400
85.0113754272461,85.3913654816149,84.70738222411342,85.07977085390219,3587100
85.1785888671875,85.28498563965094,84.83659427153565,85.11018762878143,2360700
85.07217407226562,85.56615649768653,84.88217904766127,85.14817092246976,2992000
84.79859161376953,85.3305754313962,84.67699199934701,85.20898161516243,2740600
84.82138061523438,85.08737249432968,84.69218538798638,84.88977604206399,2799600
85.13297271728516,85.23177384630907,84.66939016629634,84.88977930445357,2873200
84.91256713867188,85.17855897648914,84.62377103059553,84.89736429183249,3031500
86.34130859375,86.46290235099138,85.04174378559674,85.15574191926336,6260300
85.63452911376953,86.16651268566736,85.61173064614334,86.06771739322521,3257300
86.12094116210938,86.12094116210938,85.63455438194583,85.68015133065249,2917700
86.85050964355469,87.10130442406354,86.18172936038474,86.21212925482706,4574200
86.34894561767578,87.0101246288154,86.24254886190185,86.95692625092845,3044700
86.32614135742188,86.61493752158937,86.17414764863038,86.27294297952602,2973000
86.20452117919922,86.48571583245037,86.08292161081388,86.29572085548821,3885300
86.88092041015625,87.00252000314232,86.56933159995796,86.91132030840276,3221500
86.75934600830078,87.07093488814718,86.63774638813408,86.79734154096111,3643600
86.12854766845703,86.45533934924244,84.61618306765186,84.92777769736759,5343900
85.60415649414062,86.21214288271973,85.50536117022638,85.95374663820783,4096200
86.09053802490234,86.2045361905682,85.26216256422633,85.37615493170463,4872000
85.33057403564453,85.96135897921893,85.32297261032026,85.82456231432555,4074300
85.33818054199219,85.79416751938997,85.17098396403557,85.68777075127012,3082400
84.95816802978516,85.65734826401211,84.88976681220454,85.4141548869685,3342600
85.84734344482422,85.87774334178965,84.97336525117736,85.24695852567876,3488800
86.04495239257812,86.09054934556532,85.68015937411562,85.90815573542822,3046100
86.04495239257812,86.20454752622162,85.71055927550319,86.02974954279019,3097200
85.66493225097656,86.18932021900312,85.5357370640729,86.06011923391316,2708200
85.75615692138672,85.7789611962529,85.4825694030647,85.64976016476473,2160100
85.90814208984375,85.94613761190179,85.52055065645239,85.60414892244243,2277200
85.8093490600586,86.10574081166725,85.664950997105,85.82454610964908,2383500
86.59213256835938,86.6377295179487,85.70295146405238,85.80175258574643,3500300
86.47815704345703,87.1393419765955,86.32615750803987,86.68334916853344,2444300
86.44013214111328,86.85812350180333,86.12094190105242,86.4781334641534,2999300
86.66053009033203,86.85052511580349,86.09814643842915,86.47053506486057,3439500
86.40213775634766,87.01771977004312,86.22733978551956,86.7669249503198,5750100
87.16969299316406,87.39768928448517,86.40211746196854,86.40211746196854,3324000
87.43569946289062,87.73209119274283,87.17730325331938,87.17730325331938,3261300
88.20328521728516,88.4084830835158,87.48890789305007,87.63330016382548,2816000
89.3204574584961,89.43445562960248,88.27168704033053,88.43128216060435,3596200
89.60924530029297,89.67764071771047,89.06965439356972,89.10765571314874,3104800
89.68524932861328,89.76884759983686,89.2976578709574,89.48005146354167,3231600
89.42890167236328,90.24766521518089,89.42890167236328,89.45951036456343,5232900
89.70439147949219,89.72734654359606,88.80910311335614,89.37535527197504,4404900
90.04106140136719,90.06401646188107,89.5589876165418,89.88037013975872,3162900
90.2017593383789,90.27063036302867,89.5666478777852,89.8268130335445,2968800
90.06403350830078,90.24768570319429,89.8803871514197,90.12525090659861,2643200
89.56664276123047,89.96454410554716,89.39064423096775,89.65846300483587,3681100
88.67900085449219,89.58959044871163,88.44943858834934,89.56663538969954,3956700
88.71727752685547,88.86266153678271,88.27346018747109,88.50302249074215,3197700
88.93919372558594,89.2376212422942,88.71728503710834,88.71728503710834,3492100
89.0080337524414,89.21463511404862,88.35761513936897,88.35761513936897,2760000
89.81153106689453,90.33951512623537,89.39832234348886,89.45953974799629,3597200
89.68907165527344,89.89567887930836,89.15343410779663,89.5283803910304,3372700
89.42124938964844,89.83445798357114,88.99273936840024,89.8115029235773,5156200
89.75027465820312,89.75027465820312,88.93916483402187,89.5436674672823,2436600
90.25531005859375,90.40069988228774,89.66610880753709,89.75028124883245,3703500
89.84976959228516,90.47723326793343,89.71203337870324,90.12524201944896,3767100
88.87796783447266,89.84212132447762,88.80144901355425,89.78090393253818,3288100
89.49777221679688,89.8115069521487,88.83204625705784,88.92387233916334,3453400
89.62023162841797,90.16352296136033,89.57431565573778,89.84978813976673,2704000
88.71727752685547,89.81916140372566,88.71727752685547,89.712033885669,2884300
89.05396270751953,89.42891486377103,88.91622649130738,89.16109022701654,3110600
88.13570404052734,88.91620518671107,87.91379542102153,88.81673132473009,3474400
88.3729248046875,88.84735079062462,88.227540810006,88.40353349778131,3313300
88.33465576171875,88.76316572810488,88.25813112085514,88.41882819626038,2250800
88.2275161743164,88.41881607422776,87.90612790557802,88.38055375904163,4023100
88.09744262695312,88.31935124874524,87.88318763708783,87.9750137061775,4007000
88.38825225830078,88.503033424116,87.86791603288272,88.31173342709484,3972500
87.43937683105469,88.7631750273425,87.38581307964483,88.70195764344237,5771200
87.03382110595703,87.2174732560257,85.89367507149957,86.7277400271869,6368500
87.82198333740234,87.98268044174526,87.44703704929569,87.60772831562711,3885200
87.24808502197266,88.02859214446482,87.17156620396658,87.95972112165124,3089400
87.94441986083984,88.08980970193657,87.42408372419072,87.43173735740939,2956400
87.94441986083984,88.12041839679965,87.87554883789501,87.95207349405851,2481300
88.0056381225586,88.11276563663502,87.53121210449748,87.88320334189314,2694800
88.25814819335938,88.26580182652833,87.71485699859495,88.00563667889955,2578200
88.38825225830078,88.80910874893976,88.0821710954644,88.2581638234368,3518100
89.24527740478516,89.2758861065493,88.28877736720402,88.59485854683257,3476400
88.86265563964844,89.27586425530772,88.8320469453761,89.14578168315892,3681300
89.1075210571289,89.36003841118831,88.87031096950366,89.24525726497843,3075100
89.67376708984375,89.84975977585216,88.87795859142808,88.9927397298747,3305600
89.78855895996094,90.33950385576772,89.23761990216646,89.78091116386139,2954800
89.22996520996094,89.88803762348087,88.91623043323092,89.76560283119241,3276300
89.22996520996094,89.4212651944025,88.90092900320097,89.16874781381671,3098600
88.70195770263672,89.36002998497464,88.686656275657,89.29116480654933,2946100
88.46475219726562,88.74787823407802,88.1051073455884,88.55657827791025,2626400
88.99274444580078,89.26821685746607,88.51831843948577,88.55658076699932,2986200
89.04631805419922,89.13813830957291,88.66371808877636,89.00805572245207,2955200
89.49777221679688,89.69672580901971,89.05395491030418,89.10751866536286,2569600
89.30646514892578,89.49011146050734,89.04630002735283,89.37533616452573,2412600
89.24527740478516,89.29884117336918,88.73259478576477,89.1381498676171,2513800
89.05396270751953,89.4059539627257,88.82440623917392,89.03100764448617,2236000
89.15343475341797,89.71968099885281,89.03099997710153,89.33708107988114,2759700
90.17115020751953,90.43132120003479,89.53603874999139,89.80385753786612,3191700
91.03582763671875,91.17356384406854,90.17880169787435,90.20175675943071,2749800
91.13532257080078,91.33427621360549,90.921067496094,91.02819503344739,2373900
90.59201049804688,91.35721035415877,90.48488298523213,91.05878287731606,3096900
89.98751068115234,90.62262802474521,89.83447303021987,90.51550050149005,3776500
90.49252319335938,90.64556080667312,89.94923207668162,90.14053201232917,2119500
90.23236846923828,90.82922344169373,90.02576707031594,90.48488583081921,2313700
89.75027465820312,90.38539181842567,89.70436454378094,90.21704694819701,2616300
88.93153381347656,89.75795111125876,88.78614396349305,89.72734241452476,4760000
88.6484146118164,89.45187690876837,88.61015811644542,89.32944211235144,3442500
88.41118621826172,88.9850860723233,88.05919500833195,88.85500350652536,2932700
88.6407241821289,88.83967772471316,88.38821273586005,88.4188214222584,2348700
88.72938537597656,88.93743258288411,88.54445387218469,88.71397098798845,2491800
89.17630004882812,89.26105565920201,88.55985392324129,88.79872400444486,4709500
89.26102447509766,89.45366308718535,88.72934590336308,88.90657013431998,2591900
89.28416442871094,89.43056580641141,88.9297100149578,89.34580432933292,2711400
89.6540298461914,89.74649851799876,89.10693676544471,89.515329777913,2617500
90.14720153808594,90.37837032227846,89.6848698485673,89.8852157362764,2623800
88.64461517333984,89.75421584485633,88.28245351644955,89.69257005669077,4818300
89.14545440673828,89.29956295937697,88.42883846712596,88.67541567866652,3247900
88.61378479003906,89.34580935632364,88.50590760929956,89.14546938001624,2998500
88.18997955322266,88.74477985575844,87.84323230357059,88.51361698227892,5141500
87.9896469116211,88.26704708602827,87.61207085937095,88.1822855950224,3456900
88.4981689453125,88.59834477670746,87.9279603529127,88.41340749360752,5543000
88.60607147216797,88.79100880825003,88.36720142830991,88.744771534797,2441200
88.2208023071289,88.70625551051931,88.12063231666474,88.66001823280344,2568300
87.51959228515625,88.34408546640792,86.87232336853778,88.10520954440032,4059800
86.9185562133789,87.7045192733014,86.71821038286349,87.23448052412947,3630900
86.18653869628906,86.97250775215075,86.15571580401355,86.73363180673189,3746300
86.25589752197266,86.41000611493357,85.85520577408873,86.33295181845311,3885000
86.15573120117188,86.53330728987555,86.09409128447058,86.47936868847026,2953800
85.60860443115234,86.20963600514612,85.02298136057651,86.08635034120951,4016200
86.02472686767578,86.86463455383691,85.67797960168278,85.81667968385315,11581100
85.8628921508789,86.32522369654039,85.6933692124013,86.20193802783412,5122300
84.08293914794922,85.16171112964516,83.95964756211747,84.69167812554414,8306400
84.09063720703125,84.49132896660379,83.90570571431032,84.31409878854936,6064400
84.25244903564453,84.8843095405516,81.8252064060948,82.40312243767633,9092400
85.10774230957031,85.52384244569951,84.4142479615526,84.49900942699732,5670400
85.06922149658203,85.27726863349231,84.69935273457378,84.89199136754662,3240300
84.76873779296875,85.47764681977489,84.59921479115276,85.21565512273199,1977800
85.3620376586914,85.42368343762718,84.97676035864036,84.97676035864036,3032300
85.92455291748047,86.15571579121412,85.35433822876654,85.45451409836348,4051100
86.64883422851562,86.69507148710125,85.82434130990701,85.9245171377899,3287200
86.77985382080078,87.05725392362271,86.44080794427074,86.8646152899333,3090500
87.51187133789062,87.55810272507344,86.83378551746493,87.01871694506029,2675900
86.44850158691406,87.50415737160935,86.04010868811689,87.24217169270686,3825200
86.2635726928711,86.6411486252671,86.13257984066718,86.2635726928711,2590500
86.81837463378906,86.9108432907444,85.99388154891305,86.0092959311711,2673700
86.0016098022461,87.08808886294965,85.82437963605993,87.08038754879885,3772300
86.0632553100586,86.64887264237423,85.83979374422799,86.0247252239663,2263200
85.33891296386719,86.20193614138282,84.97675139938416,86.17881456757087,3351100
84.81493377685547,85.1693881422151,84.12914074057164,85.09233386780896,3836900
85.3235092163086,85.71648781005085,85.07693199168286,85.27727194497174,2865000
85.22332000732422,85.41595861759342,84.70704994273007,85.07691866114703,3343200
84.4913101196289,85.04611035290188,84.26784858795702,85.03840316108841,2206100
84.93822479248047,85.35431904746711,84.72246459507075,84.94592610466833,4379400
84.8611831665039,85.28499058393218,84.46049732727988,84.576081702839,2822400
84.7995376586914,84.89970764216301,84.40655315930027,84.69166048299425,2169800
84.9305191040039,85.2618577787362,84.76099617104353,84.8688733322248,1725700
84.19080352783203,84.76101232832204,84.13686493695954,84.73789662921462,3331800
85.1231460571289,85.20790751198416,84.10601447772932,84.10601447772932,3882000
86.3021011352539,86.33292401969447,85.14626942362104,85.200208001676,3685300
85.90140533447266,86.64113683781656,85.54694514435259,85.8012295020574,2856900
86.88004302978516,87.05727319871984,85.77044237282401,85.87061824699546,3699500
87.87403869628906,87.98962305075912,86.79526118600937,86.83379126378755,3194500
89.19940948486328,89.53074822529325,87.52730139728004,87.60436156671558,4998900
88.69084930419922,89.33041114864903,88.08211035478065,89.11465676229635,3861500
88.79100036621094,89.2610332171844,88.56753884884007,88.91428603301225,3058100
88.36719512939453,88.7216495133217,88.25161077229848,88.40572520804808,2646400
88.54444122314453,89.26875862571788,88.39032675961194,88.42114965231846,3594300
89.42288208007812,89.63863647185063,88.59068152992735,88.60609003839699,3179300
88.67543029785156,89.38433916304456,88.05898422793958,89.2071090073136,3598500
89.30730438232422,89.61552748460852,88.94514267805516,89.11466567825487,1183000
89.2687759399414,89.692583448274,89.12237451977208,89.38436034029273,2818900
89.9776611328125,90.02389840802219,88.84495077031696,89.58468250615425,3600400
90.03160858154297,90.44770882618724,89.60780702266023,90.03160858154297,3276300
90.40790557861328,90.94327871085565,90.06651345223614,90.40790557861328,5984000
90.6096420288086,90.66395481658431,89.25957707577659,90.39239087770574,4956600
91.13724517822266,91.71140972161946,90.48549179160726,90.78033176369766,4403000
91.2381362915039,91.5097062002541,90.92002016703083,91.26917302163682,3198600
92.2545394897461,92.26230014962847,91.27690353228365,91.42432647180352,3203500
90.57083129882812,92.0527975755829,90.43116902858931,91.95968742220748,5409500
90.44670104980469,90.46997711251403,89.92684925046387,90.40790366552265,3127500
91.08293914794922,91.12173653225919,89.66304012515998,90.26048669349522,2429400
91.09070587158203,91.84333018795111,90.87345471214562,91.72694394692442,2664600
91.40106201171875,91.71917807148034,91.15277414081345,91.17605020376554,3193900
91.57176208496094,92.0217857351294,91.34675617952695,91.50969455224651,4057800
92.50283813476562,92.61146370721166,91.90539156666273,91.99850173718063,7173500
91.59503173828125,92.90629920496548,91.55623435586391,92.56490710222049,3472700
92.02953338623047,92.63473466210212,91.73469340865566,92.13815895268695,3942500
92.34766387939453,92.42525865585084,91.21484999500632,92.06834517882307,4273400
91.75797271728516,92.77440023351916,91.43209008673377,92.68129006484024,2790000
92.02178192138672,92.1381681598344,91.68814452831668,92.02178192138672,2045600
92.24678802490234,92.5183519513641,91.87435918851185,91.87435918851185,2156300
92.56491088867188,92.64249973703097,92.17696072722673,92.23127351304306,2465100
92.60370635986328,92.74336866081252,92.37093980471451,92.58819095738001,1999300
93.04598999023438,93.55032651786975,92.65803972584582,92.68907645735506,3116400
91.60279846191406,93.24770942540512,91.5019335419437,93.05373432724274,4165800
91.36227416992188,91.92092341772279,91.27692465041616,91.4864210781667,4224000
91.81228637695312,92.41748768000664,91.24587653814812,91.40106015409111,3147000
92.07610321044922,92.40197997246747,91.75022644843096,91.87437335947631,2714200
91.5484848022461,92.13041009120967,91.30019691574098,91.71918383415277,5730400
91.61833190917969,92.31664353890609,91.51746105621027,91.75799423512497,4573600
91.15277099609375,91.83556113761502,90.5475637819697,91.65710146172275,3363900
90.68721008300781,91.43983419791047,90.29925999653416,91.27689587194936,3685200
91.07518768310547,91.56400872830915,90.66396141435656,90.74155027116102,4335500
91.44762420654297,91.82781375580443,90.80362543559467,90.93552708661286,4936500
92.47180938720703,93.23994912137233,91.71918505630809,91.78125850867404,4554600
92.3709487915039,92.81321180092937,92.06058743479382,92.40197959948945,6221800
93.23995208740234,93.6356629592603,92.05282539147892,92.7045848227538,6002600
94.2796401977539,94.54344343897964,93.10802917315661,93.18561801353776,4308600
94.11672973632812,95.05556859823587,93.76757097171149,93.93827002290395,3536900
93.9925765991211,94.2563858206835,93.74428870099493,94.07016545735105,3445200
93.80634307861328,94.2330846719195,93.38735622579773,93.58133129175035,2712900
94.47362518310547,94.53569271014122,93.58133862586374,93.58133862586374,3993900
92.85198974609375,94.7839858023867,92.83647434436091,94.17877858111261,3854700
93.02269744873047,94.03912506714752,92.72009676966509,92.85975907689912,4945200
93.34081268310547,93.68996546605072,92.72785070800067,92.98389331965728,4018100
93.34081268310547,93.89170121068453,92.54939102627658,93.04596676718305,3485600
92.07610321044922,93.32530338450306,91.86661269762334,93.03822401209912,3348900
88.80955505371094,92.84424050287258,88.77076358725698,91.9985060269363,5347600
88.11124420166016,88.41384487265859,85.46542701581352,87.24223957505951,6642600
88.06468963623047,89.82598082430914,87.48276437431706,88.42936374750687,4931400
85.46541595458984,88.23537968268137,85.4188579130119,88.2198583622723,4907900
86.26461791992188,86.89309543131208,84.48004440013474,85.97753260353755,5301700
86.84652709960938,87.48276515485871,86.17149165869303,86.82325103606914,4759200
87.00946807861328,87.4206943325809,85.87665423496567,86.90084249906147,5274700
84.65850067138672,86.82326369089982,84.38693669108596,86.64480397833029,7702700
86.10166931152344,86.15598210335332,84.35589339172661,84.98437082856536,5125200
86.17149353027344,86.66806929541671,85.16282659717305,86.17149353027344,5578500
84.94557189941406,86.10942241039463,84.83694040564471,86.09390108857765,3835500
83.7972412109375,85.22489507161771,83.75068908233058,84.8447055421442,4501900
84.77488708496094,85.3257757087919,83.81276623915824,84.05329941043432,5394700
85.10074615478516,85.38783140027968,84.23949633795117,84.85245829261271,4760400
86.07838439941406,86.25683816009237,85.37231225854407,85.44214636637669,5355400
86.03961181640625,86.96293536841925,85.89994948013245,86.27238435007973,6385800
85.13955688476562,86.62928429133311,85.10075949536159,86.12494782733303,4638900
84.51033782958984,85.8860104763946,83.82249554278853,85.36231670868828,6896300
85.22945404052734,85.44831081685821,84.33839090066603,84.34620891793496,4903600
85.53428649902344,85.66716296842239,84.4321786961979,84.77609987666537,3781700
85.65153503417969,85.68280113894734,84.76047192020057,85.47957443965745,3380800
85.854736328125,86.02669688370649,84.89332916868068,85.11218588909406,4612600
87.6056137084961,87.64469186327122,85.65152706776446,86.00326027773649,5437700
87.96517181396484,87.98861990134348,87.26169937560763,87.75412710075787,3680600
88.12930297851562,88.3950558855981,87.60560921686567,87.93389432446126,4509600
88.79368591308594,89.02817866932324,88.10584963866755,88.5357450739046,4590000
88.01986694335938,88.92655991823713,87.72284796188876,88.77023539396804,4055700
87.5352554321289,88.52011667816741,87.27732055147482,87.85572847414566,3906800
87.26170349121094,88.48105179960625,87.21480731424187,87.80103337995499,7730800
86.26119232177734,87.53525453438546,86.01888751139998,87.2695016408617,4216700
85.90164947509766,86.9959391809293,85.84693528797602,86.56603773683143,3319000
84.99494934082031,86.04234286255449,84.83080678153193,85.89383037221778,3867600
84.36963653564453,85.72186098848277,84.26020817402983,84.76826586864163,4325500
82.97050476074219,84.99493528730105,82.80636222859401,84.48687166109114,4873300
83.48638153076172,84.00226317860405,82.92360371980577,83.38477118954951,4119400
84.13516235351562,84.8386348073209,83.25191725025998,83.81469521330419,5036300
85.33885192871094,86.06577222652385,84.41652301281282,84.5259513618687,6413000
85.31542205810547,86.49569203300418,85.17472758451888,86.0736086122444,3829500
83.67398834228516,85.37013403415703,83.19719074766327,84.90115445547619,4325500
84.56503295898438,84.8307858092556,83.31441306966832,83.93972301432635,4699000
86.12049865722656,86.55040006355424,83.8224910732179,84.24457446395819,4694200
86.42534637451172,86.9021440066344,85.78440617511066,86.31591799632614,3275700
85.43267822265625,86.74582480526047,85.01840680723609,86.0267163227536,3579100
85.49520874023438,86.33155770309857,85.02622907231614,85.62027316549258,2620000
85.51082611083984,86.13613021044712,85.13563888035651,85.77657901140823,2817000
84.94804382324219,85.56553583837078,84.74481716883822,84.86206354497122,4000200
84.65884399414062,85.59680911850916,84.62757789365511,85.16690769108205,2691700
85.4013900756836,85.55771459569854,84.82297623215231,85.08091705723534,2828300
85.91728210449219,86.48006002502719,85.60462704159505,85.78440564086569,2769800
85.09656524658203,85.26070780507123,84.40091089533774,84.95587077310572,5022000
83.61927795410156,85.47956628480534,83.21282459429791,85.17472924665219,6525500
82.51716613769531,83.58800770798615,82.13416684576893,83.40822912248666,6320200
80.10189819335938,82.54059377351348,79.93774971694371,82.42334741752974,8650000
80.18006896972656,80.35202951500372,79.60165514226738,80.15662088871568,6670600
79.28900146484375,80.39110295156175,78.9216323148052,80.21133036541373,5695500
79.06233978271484,80.0081169187525,78.82784702091435,79.10923594971548,4828300
80.71159362792969,81.35253378650496,79.06234408024227,79.92214098124828,5978800
79.50005340576172,80.50054472647146,79.45315723866553,79.89868871627529,4765900
78.89820861816406,80.03157654912405,78.61681964876443,79.6094930950246,5479900
77.48343658447266,78.89038126496315,77.04572311205287,78.44484977670763,4543900
75.99832916259766,77.66320859067334,75.84199867611744,77.50688406759143,5927700
76.28753662109375,76.67053590962844,75.58406428054107,76.19374428461927,6668200
77.37401580810547,77.98368990833805,76.20938179706118,76.24846591667584,5937000
76.77996826171875,77.62412908521986,76.65490386511196,77.36619420316603,3475400
75.6544189453125,76.59237814560885,75.37302999254376,76.52985190541514,5333700
75.16197967529297,76.22499715553785,74.99001912361567,75.96706229142013,6201500
76.02958679199219,76.39695596887124,75.34956857924836,75.37301666059841,3100600
76.1546630859375,76.80342126726457,75.72476164929932,76.27190947442055,3507300
75.935791015625,76.38914044578344,75.6075059648473,76.35787435093826,4307900
75.66223907470703,76.00615427727435,75.3183179087404,75.51372657787611,6555700
75.96707153320312,76.24846047683508,75.46682584750165,75.53717010171016,5544700
76.53765869140625,76.59237287493508,75.93580267258909,76.24845770563903,6531100
76.21720886230469,76.95194149841403,76.06869634621658,76.84251310658071,6894000
77.78044128417969,78.14781040854514,76.64706781928653,76.77213218647361,6678100
78.1087417602539,78.5230071225968,77.71792448054953,77.99149538366291,6807600
78.51520538330078,78.63245178419673,77.85863507972292,78.10875795204777,6249900
78.30414581298828,78.61680081111591,77.97586074848341,78.40575615293557,4696700
78.4057846069336,79.03109483011822,78.08531744101666,78.3041742301112,5324300
79.02324676513672,79.17175922843876,78.16345000773127,78.16345000773127,8302600
79.59385681152344,79.91432391291208,79.01544288435528,79.4609803539574,6256600
79.07952880859375,79.90779560740266,78.61412599164426,79.7894709192523,8270100
79.07952880859375,79.61592884573092,78.60623607423594,79.30828826748615,4414200
78.97698974609375,79.74214327998307,78.90599252070034,79.48972006860089,3932000
79.04800415039062,79.63962178989202,78.78769094463101,79.24521003022443,4851900
79.53705596923828,79.56071970567203,78.74034273925129,79.19786170445128,3946700
79.79739379882812,80.07348083972738,79.14266880309123,79.28465728387458,5052900
80.84650421142578,80.94116518087787,79.81314753911342,79.81314753911342,4795500
81.41446685791016,81.5722351575117,80.67297089539602,80.94117399559603,3984500
82.416259765625,82.47147715504677,81.10681021898871,81.43023065577626,5075900
83.03944396972656,83.29975715898871,82.16385545554148,82.16385545554148,7553500
82.92899322509766,83.11042523620023,82.37681930999297,83.03154410807731,4812600
84.88528442382812,84.9957192155953,82.68446647090548,82.90533605443983,10573000
83.12620544433594,84.56975367110181,82.69235619718832,84.41199140272899,5964400
83.58370208740234,84.15165573079412,82.99997462869108,83.21295423584142,5504400
83.46538543701172,83.70203481726881,83.11041738486982,83.40228415142107,4601400
84.59342956542969,84.7433079546924,83.85193957563318,84.06491927036569,6550700
85.48478698730469,85.72143037687681,84.5145316371501,84.59341276700748,5709400
85.97383880615234,86.44713152208121,84.96414607397253,84.96414607397253,5183000
85.23238372802734,86.1158622185917,84.77486464213031,86.02120724788601,5034100
85.40591430664062,85.95020442587274,84.89318386659087,85.48480146810563,6229200
85.72930908203125,86.21838165236788,85.42955842048252,85.52421335663283,4297400
85.87920379638672,86.37616036066075,85.03516301806714,85.7608790853944,4721400
86.39982604980469,86.77057401076989,85.43746053876605,85.74510118334463,4711900
85.82396697998047,86.43135819887401,85.24023347603834,85.65042491222705,3769100
86.41559600830078,86.47081339926494,85.19291747063745,85.9107495714158,4870400
86.4234848022461,86.7863428231648,85.95808191179968,86.36826740815509,4387300
85.00361633300781,86.2184051635655,84.81429437259303,86.08430060371039,7866400
89.0502700805664,89.13704113304044,86.51814777587914,87.25964367220469,16107200
88.774169921875,89.08970042781516,88.42708576351643,88.85305104379908,5521400
87.97749328613281,88.9083053551948,87.53575400530555,88.77420679040742,5500100
88.89250946044922,88.9713905955478,88.04846867658026,88.09579615399045,4417100
89.10547637939453,89.23169099209156,88.15100093928815,88.78994586589593,5413600
90.62003326416016,90.73835798203802,89.50779535989653,89.50779535989653,6783800
90.58058166503906,90.71468018266961,89.83908583162084,90.6515728738161,5379000
91.32209014892578,91.96892515129437,90.51749286041674,90.53326668173261,9241300
91.51139831542969,92.12667956414448,90.88822714812395,91.30630255977658,27559700
90.23348999023438,91.48772207198961,89.59454509133181,91.12485808534173,7769300
90.50958251953125,90.65157095231989,89.80753027358857,90.03628974965049,5095100
90.88032531738281,91.24318328782617,90.32026153572608,90.66734568929962,4762300
90.71469116210938,92.21345682843669,90.62003018737204,91.61394935825678,5096300
90.146728515625,90.99076923168593,89.94952268459913,90.53325025932727,4563700
90.0678482055664,90.39126264190155,89.66554662150835,89.75231766940803,3621800
90.71469116210938,91.10121294369151,90.01263881631438,90.44649409438766,4892100
89.61821746826172,90.34393347505691,89.31846677456222,90.2571624287831,4169000
90.47016143798828,90.65947737676066,89.2080391308519,89.61034076670775,4167200
91.74015045166016,92.05567495106101,90.21772127089928,90.53324577030011,3934500
92.59207153320312,93.42822827616062,92.2134397409057,92.48952667659003,6704800
90.09941864013672,91.85849162625081,89.55512851435698,91.85849162625081,6919600
89.5235824584961,90.59638296141408,89.50780863562055,90.33606974712235,5172900
89.689208984375,90.02051935229963,89.43678576296462,90.02051935229963,4115400
89.03448486328125,89.90218925869674,88.79783547442068,89.6024325637075,3711900
89.15282440185547,89.24748538319982,88.35611704396061,88.98717219818687,3170100
89.21593475341797,89.52357543043097,88.43500119009617,88.90040415646358,3836700
89.49199676513672,89.72075623355786,88.54541125699204,88.94771280616328,6513300
90.1230697631836,90.50170762772179,89.42890736614905,89.72076816053264,4504600
90.68313598632812,90.78568086022716,89.92586625583677,89.92586625583677,3391600
90.5884780883789,91.38519142262464,90.39916215389057,90.706802804276,3676000
89.70496368408203,90.9118620613266,89.64974630794151,90.9118620613266,4667700
88.53753662109375,89.78387903592692,88.31666703228684,89.68921806147613,3860900
88.29298400878906,88.52963338410596,87.96167969794028,88.48229989809641,4508800
88.4665298461914,88.76628051853727,88.1904429087355,88.24566029622667,3677700
88.67164611816406,88.95561702086411,88.21412707683604,88.80574465909788,3155700
87.69349670410156,88.70318970205359,87.47262711308018,88.52176368867674,5229400
88.38765716552734,88.44287455829222,87.7329323525692,87.7960396637989,2403200
88.31665802001953,88.52964368623846,87.99324358891079,88.24566681010944,2119100
88.35612487792969,88.80575404725171,87.76450723312462,88.16680289845502,4248800
87.55937194824219,88.41918631555379,87.12551679705723,88.20620670749047,4576300
89.23168182373047,89.27111937246318,87.32272512141489,87.37005860543485,4392100
90.27201080322266,90.29587027572285,88.63359563261484,89.07898863401707,4808300
89.66754150390625,90.27200774822754,88.6892667563583,89.75503027879581,3833800
90.32768249511719,90.66172723717024,89.63572747112924,89.81070502211638,3289700
90.13682556152344,90.4708703958897,88.95970739105644,88.95970739105644,2807300
90.55037689208984,90.85261304334749,89.9061468947657,90.12088820453233,3651400
91.45706939697266,91.47297975586199,90.42312058605363,91.05939537707519,3808100
91.12303161621094,91.37754276560709,90.44698694450474,91.37754276560709,2698300
91.78317260742188,91.82293637189046,90.84466160001541,91.14689169567956,3092600
90.65377044677734,91.84679248279481,90.4231187916511,91.84679248279481,4081200
90.48675537109375,90.8605699684107,90.24019938904416,90.62991827925715,2844900
91.64000701904297,91.87065869108686,90.75717016219453,90.85261411656506,3375900
91.39342498779297,91.87858159706528,91.33774481260652,91.67179552361235,6989500
89.29373168945312,91.24233824449692,89.23805756319614,90.74922022048887,3387400
89.05512237548828,89.67549288531883,88.8881000126896,89.58800411413513,3538700
88.68133544921875,89.7630096226513,88.53021733045178,89.29375097028193,4053500
88.32341766357422,89.39713649111367,88.21206940400866,88.6256477869629,3841500
88.91992950439453,89.11876655063153,88.21207010523284,88.71313727726103,5945300
88.05300903320312,89.46077891379804,88.02119437323209,89.19831252005649,5064700
86.47026824951172,88.37115020332571,85.65900958445432,87.84621741205022,6702200
85.51583862304688,87.25765318043649,85.23746795744304,86.8599790672809,6107500
84.79207611083984,85.42040194681702,84.14784598003908,84.98295798885016,4930300
84.69660949707031,85.11019386823139,84.29098637323109,84.50572767008575,3438100
86.0487289428711,86.16802632571992,84.55347035222617,84.59324019185951,3994100
85.9930419921875,86.64522721600659,85.51582825981161,86.43843500317868,4105600
85.37267303466797,86.97132461869839,85.2613247719022,85.57151008503904,5796200
83.55927276611328,86.27936798794867,83.4320202204271,86.06462059431774,5755100
83.73424530029297,84.11601505048739,83.1377342373809,83.75015566006424,4543000
84.01261138916016,84.82386978910081,83.64675201845075,83.67061148879772,3805700
85.41242980957031,85.6510366607348,84.17963785859423,84.55345242700727,4061600
86.1441421508789,86.51795669136426,85.25335625153387,85.26926054201196,4495900
85.84194946289062,86.97134268730773,85.53971926802627,86.27939349179763,4093700
87.71895599365234,87.96551200031384,86.28732676910899,86.36686037757798,5109000
87.01107025146484,88.19613704297046,86.88381166197573,87.55985623157194,5477700
87.5916976928711,87.90983819596082,86.15211934972119,86.63728225162731,4484100
89.84252166748047,90.79694303912709,87.44852216026358,87.64735918752022,8222900
89.75503540039062,90.08908015919876,88.61768732995131,89.84252418027246,6712900
87.84620666503906,89.12671775834457,87.24174639924938,88.77676867499929,5872800
89.78684997558594,90.12089473410306,88.39499074707324,88.51429418026498,5706000
90.48675537109375,90.85262085597506,89.55619950204394,90.4708510781977,4900400
89.38121032714844,90.26404713478219,88.43475028817207,90.26404713478219,6449500
88.68927001953125,89.98568526273849,88.26773648938517,89.07898889690834,5736700
88.41886138916016,89.15853548675481,87.19402438518485,88.67337258037416,6705700
90.97987365722656,91.01964349161483,88.50634044529014,88.83243609680464,5270400
91.63204193115234,91.74339016519924,90.55832334968655,90.69353105274013,3913400
91.9501953125,92.07744785449192,91.01963948184675,91.82293670248357,4219600
92.30810546875,92.6580606007698,91.66387540119072,91.76726847745799,2925100
93.43749237060547,93.6204190255521,92.3240038776259,92.3240038776259,5026300
93.03186798095703,94.10558669950225,92.82507577645906,93.05572745300978,4781900
93.16708374023438,93.6522466072511,92.42740970265356,93.6522466072511,3609900
92.77737426757812,93.437514769209,92.47513805004682,93.40570011115173,4423800
92.89666748046875,93.04777950455531,91.94224604801074,92.60238647688983,4045700
94.12944030761719,94.23283943743698,92.92846305557472,93.09549148558762,4484300
94.65440368652344,95.06002695399216,93.82724071933019,93.91472951851584,4673900
92.26040649414062,95.66449638355749,92.08542889025031,95.28273258236607,5087800
91.68775177001953,92.96826302847388,91.40142589433867,92.17291472225509,3245000
91.7911376953125,92.71373844209596,91.29006445112243,91.29006445112243,1444700
92.14900970458984,92.60235777237224,91.45705483564913,92.16491399292299,2972500
92.6103515625,92.68192999187681,91.38551453739493,91.75932918331976,2884700
94.24874877929688,94.26465307118545,91.91837863004983,92.24447425999699,3989400
94.06583404541016,94.54304784571039,93.40569961530916,94.16923320055379,2878700
96.98475646972656,97.0324754175082,93.9544758570704,93.9544758570704,8051100
94.63052368164062,96.16554582344213,93.46136095342592,95.82354588299854,6112600
93.69202423095703,95.92695082287759,93.41364749511636,94.94072071346422,7018200
93.66635131835938,94.099250300312,91.46979525396858,93.24147068316697,5191700
92.84867095947266,93.77860360166545,92.49593704468127,93.2895883529619,4615500
93.145263671875,93.48997914621009,91.75838342874847,93.31361223614947,4150600
94.027099609375,94.74859788255988,93.5380844528945,93.71445137702926,5545100
93.79463195800781,95.06927402063202,93.32165341639224,94.86885814037987,4889700
94.87687683105469,95.30977586790891,93.88281577394908,93.90686470107309,6181200
91.34955596923828,94.23554954405226,91.12509116146548,94.05116424269187,7404200
90.48375701904297,92.24741418625617,89.9466378520093,91.68625221019929,6015300
89.65802764892578,91.0128406905909,88.78421751838381,90.76432700506174,5846200
88.21504211425781,90.74028307166836,87.88635718133288,90.29134740435124,6915400
88.35132598876953,89.73018806856092,87.54164421099313,88.3433076419224,8468300
87.71800994873047,91.51789896320868,87.22899477323271,88.95257234947834,13263600
85.00038146972656,89.05679689619109,84.94426526835598,88.28720065616267,3354000
86.84420013427734,86.93238360015748,84.19870839028637,85.15268982142246,4537000
87.71800994873047,87.75809556621317,85.00037144422016,86.39526408248584,5175900
88.47158813476562,89.06481743761037,87.55769219495896,88.2551355554282,5410300
88.56777954101562,89.05678861249824,87.63784701485024,88.64794466177311,5019100
87.60575866699219,88.19898775732564,86.76401592723631,87.50154464670008,4835400
86.7880859375,88.30322935347945,86.61973734863635,87.30916839800555,5975900
88.56777954101562,88.66397523944194,86.77204903177349,87.81421395024068,6293900
87.80618286132812,88.48759546319364,87.10072133834589,88.19098394781302,5220300
88.64794158935547,88.82430851863327,87.71800909542027,88.29520773079985,6407700
86.17080688476562,88.8804333971369,86.17080688476562,88.44753437830467,8521300
86.69990539550781,86.85221729559699,86.0665905210536,86.10667614098631,7905000
86.70791625976562,86.98047887992365,86.29104786678629,86.46741479333859,5939000
86.0345230102539,86.547587139697,85.74592367291632,86.45940366905457,5804600
87.373291015625,87.43742555460592,85.56153616096113,86.14674700959475,4508000
86.85223388671875,87.42142044070026,86.33916965784667,87.37331646435047,4953500
87.55768585205078,87.7581017211074,86.6518022095424,86.6918878298365,4612200
88.23910522460938,88.42349052914963,87.5176068184631,88.15894009419476,5142700
88.11083221435547,88.36736427221966,87.20494860673605,88.07074659560521,5298200
88.76819610595703,88.81629395555215,87.79016572281155,87.9264470408022,5197400
87.7821273803711,88.43147266682102,86.90831735866468,88.43147266682102,4478000
87.66188049316406,88.65594127105487,87.41336682774276,88.30321357863235,5074800
87.23701477050781,87.86231127134704,86.579650998317,87.34924716213503,4055900
87.38131713867188,87.87835068569878,86.98850375581576,87.32520094112101,4301500
88.84034729003906,89.17704448633066,87.01255552021956,87.33322213791932,5023800
90.32342529296875,90.50781058954053,88.35133381220062,88.96059978619466,6183400
89.9386215209961,90.81243171762227,89.34538618340083,90.54788131973844,5010500
90.66011047363281,90.90863028529188,89.66604957561553,89.95464888733125,3665000
90.50780487060547,91.02086899011596,90.17911991980922,90.61201891743497,4593400
90.6280517578125,91.05293239032079,90.02680419493326,90.91665107729105,4209400
90.66011047363281,90.71623278288351,89.9145693872746,90.44366404794918,4227700
90.60399627685547,90.62003297019653,89.73018609216824,90.5318495054401,3868300
90.56392669677734,91.05294192173906,90.2993762735278,90.7162447191708,4851100
91.22130584716797,91.79048629461316,89.96269418367181,90.77237616832852,6765300
91.48585510253906,91.97487040316966,91.09303552255182,91.47783675374943,5528000
90.25929260253906,90.5879775808686,89.69011223840944,90.5879775808686,6359200
92.92081451416016,93.21742607976365,91.47781784076788,92.87271054757588,8889500
92.93685913085938,93.77058998851395,92.35164202597024,93.6343086477205,5596100
92.85665893554688,93.50600423337973,92.51996182675988,92.79252440543353,6038900
93.07311248779297,93.73849452743224,92.56806678576876,92.59211570735955,4825900
93.60221862792969,93.61023085811827,92.66426781833331,93.08113620397754,4865400
93.04108428955078,94.03515165156962,92.76050322616179,93.9309314593048,3755900
92.96890258789062,93.39378319809585,92.53600363139677,93.28956916116825,4074600
92.48792266845703,92.75246698220923,91.71832642183541,92.62420399920927,4175100
93.45612335205078,93.92486014687573,92.30044810456423,92.72877421625425,5586300
93.89250946044922,94.04606261917176,93.12475599844261,93.63389718385513,3629100
93.88440704345703,94.49861338792121,93.34293866260921,94.19151329859001,4383100
93.7712631225586,94.40971338969929,93.47224640401286,93.73085862411274,3785400
94.28041076660156,94.4177971603493,93.40759220784827,93.56922253392774,4770700
93.82785034179688,94.8218948931411,93.50458347013519,93.91674888564891,4858300
93.12474822998047,93.95715623314692,92.34082809781711,93.6096454374189,5003300
94.22386932373047,94.32085125586524,92.92273052096239,93.18134284085103,4821600
94.20767974853516,94.72490422907991,93.75510986950903,94.353149519051,4356400
94.21575927734375,95.00775653337784,94.11877737901631,94.45820477445949,5968600
93.34295654296875,94.53904216227352,93.3025458703519,94.44206024747487,8986600
93.47225189208984,94.17535063118558,93.23788359045724,93.48841245925668,18194200
94.77338409423828,94.87036598832667,93.78742925044718,93.88440497873391,9476000
95.43608856201172,95.96947978820918,94.75723372772654,94.84613226542612,6751700
95.62197875976562,96.5594521017667,94.83805857414819,95.41993772907259,5733500
96.52710723876953,96.71298150034713,95.37143250678942,95.37143250678942,4305600
97.56156921386719,98.02222249514747,96.53519737426555,96.57560804478945,6668100
97.66661834716797,98.02221248088117,97.04433477897189,97.18980454587256,4275400
98.61219024658203,98.7253389039952,97.99798991092973,98.15962028014279,4583000
98.50712585449219,99.55774169559461,97.94141342670042,98.9677791644949,5318500
98.46671295166016,98.97586029094607,98.26467192262362,98.50712362378862,3694700
99.04049682617188,99.21021051969524,98.00604176700766,98.83037246789458,5758800
98.59603118896484,99.31529682486597,98.26468091144905,99.07284510152253,5025700
98.33740997314453,98.806146640654,98.24042805944512,98.51520706535867,3242600
98.24042510986328,98.78189973784075,97.5777308006547,98.3374070206509,4534400
98.1677017211914,98.70108686176616,97.9252500063281,98.44247457662014,3022500
98.2889175415039,98.32932204598625,97.6423838117603,98.07070978724933,3971500
98.59603118896484,98.62835849646419,97.95758073891037,98.36974620227282,3140100
98.73341369628906,98.75765763449888,97.66663725443443,98.38590286174079,3864400
98.62835693359375,99.16174208437239,98.32125676592139,98.87888585548953,2681100
98.3293228149414,99.20214150718012,97.9252407721423,98.88695800706103,3399700
98.78187561035156,98.86269076670077,97.90905712385722,98.21615718430469,3501100
99.93757629394531,100.21234913036257,98.88696048996717,98.95161509823104,4419800
98.9273681640625,100.06687631262264,98.50711938888375,99.58197909694168,5263700
102.64493560791016,102.72575079383574,100.08305043686443,101.02052385785095,7318200
102.70958709716797,103.65513774867104,102.41865365238549,103.63089380875613,6331200
102.18426513671875,102.83079268155025,101.73168907295404,102.450954588988,3707000
102.70958709716797,103.07326469330243,101.92567298810364,102.37824297532488,4464100
102.57218170166016,103.42883980373725,102.37014068530841,102.96818653308736,3517200
101.93373107910156,102.15193882903074,101.16597768532701,101.5458157815869,4433700
102.15193939208984,102.83887761648543,101.9256544396586,102.24891513410181,3033800
102.38629913330078,102.60450070034842,101.84482456728998,101.94180646697893,2793400
103.48541259765625,103.7601854244408,102.10344659912533,102.67724852009799,4963600
102.8307876586914,103.44499403721194,102.64491338787998,103.32376820166417,3810800
102.49946594238281,103.08134514710159,101.9660746161228,102.83081005485667,2875900
103.17829132080078,103.59045050113299,102.57216835063987,102.71763811011056,2854900
102.85504150390625,103.14598107093546,102.44288225545048,102.87929160599428,2883900
101.81250762939453,102.5964215624317,101.16597393642532,102.3458926851622,3558900
101.84484100341797,102.42672016385367,100.98010563049354,101.66705007399862,3844700
101.8691177368164,102.26511653782104,100.89931682730116,101.6428265418663,3127200
103.45307159423828,103.67127933213612,101.5215662486148,101.94180882538515,3720400
102.7661361694336,103.39650309658633,102.33780407445362,102.65298753802998,4297200
102.96819305419922,103.85716618348373,102.87121114051948,103.08941273904526,5150300
104.53600311279297,104.95623945285405,102.71762821173603,102.71762821173603,3751900
105.27955627441406,105.66747164672982,104.05922041135123,104.55220107826376,4812900
105.4734878540039,105.76442741113769,104.77846626371796,104.99667401446955,4011700
105.05323791503906,105.42498643205677,104.69764379851539,105.09363624787758,3965600
104.2935791015625,105.53006918246467,104.13194874861162,105.53006918246467,4080800
105.1178970336914,105.57854409965573,104.21274497134776,104.33397696988865,3588000
105.03706359863281,105.7886501102496,104.66530277685504,104.73804690023937,3901400
104.6572494506836,105.44924680448793,104.22084626884192,105.32802712386672,2702700
103.1459732055664,104.9805028456286,102.92777162983477,104.65724216540428,8806000
103.58240509033203,103.69554758622135,102.50754521357993,103.10559116705615,5502700
103.93798828125,104.18043998430547,103.2672105798258,103.56622735901753,2710300
103.44499206542969,103.80866339933891,102.62874469848884,103.44499206542969,4191200
104.23698425292969,104.38246017836579,103.03282167727936,103.33184456258387,3588700
104.30975341796875,104.9077870005149,103.46117858879214,104.8592991242659,4242400
106.1846694946289,106.35438936377595,104.14001552210884,104.4309550609293,5084200
107.44243621826172,107.67852672893915,106.28644237346785,106.7097680871044,5528000
108.65541076660156,109.66487585224124,107.93901538828358,108.14253567331552,6332700
108.75312042236328,108.82638475981737,107.75180387813857,108.41934410032334,2957900
108.43563079833984,109.36368301874856,108.02045379143698,109.13574123983382,3553600
108.38677215576172,109.44508021658947,107.9960166518184,109.09501883576401,3302800
108.22396087646484,108.9159224699332,107.33661531560284,108.63913783254586,2851400
108.05298614501953,108.7123898803733,107.91459384196067,108.28092787028028,3291800
107.88204193115234,108.46818137710855,107.36916681046739,108.04485568349727,2725800
107.50755310058594,109.42878508320969,107.34473935735863,109.42878508320969,4378200
108.15069580078125,108.50888110569117,106.91328885961242,107.50756467623098,4349900
109.21714782714844,109.4532259334089,108.54959521307649,108.9810572989934,3847500
109.05431365966797,109.54275488461879,108.78566539609352,109.21712740131824,7696300
109.20085144042969,110.09634572729522,109.0380376851523,109.61602837967101,3685800
108.93219757080078,109.4776304550639,108.71239218040164,109.07058987678761,4176300
107.7192153930664,108.89963048482406,107.70293029319696,108.32162744742863,6024100
107.20633697509766,107.81689777121503,106.9539738335384,107.66222038202936,4750900
106.75047302246094,107.79249597731574,106.44925452792937,107.68666144502951,6318500
107.3528823852539,107.69479499390108,106.70162737176965,107.45058057479106,3544800
107.80875396728516,107.98785280279859,106.9295573117178,107.53196937490685,3233300
109.07875061035156,109.16015128180541,108.08557049659905,108.25652060197793,2859200
108.28909301757812,108.67171220471067,107.09239256793283,108.18325847844531,3356000
107.91458892822266,108.59027773372635,107.4912632769172,108.35419967970304,5854500
107.2470474243164,108.59841259504238,106.41668123318019,108.27278512732588,8233200
109.42063903808594,109.46134557575517,107.35286617464467,107.78432814577783,6141500
109.37181854248047,109.68930972624298,108.55773731007464,109.2578476668194,3944200
108.500732421875,109.43692075614908,107.95529955334489,109.0868718314371,4481200
109.208984375,109.21713313674039,107.90646195150501,108.7612496674225,3077900
108.924072265625,110.09635123732082,108.31351133635792,109.15201401879986,4019700
108.09370422363281,109.3148260629616,107.84134103100786,109.02175632464694,4105100
108.17510986328125,108.43560937834194,107.06795897501439,107.9553044692133,3698600
105.9038314819336,108.42748843651574,105.83870348844626,108.41120333267025,5022000
106.05850219726562,106.48996425763784,105.52935436379595,106.22946472208001,4411700
106.4329833984375,107.65410523100469,106.16433510464549,106.75047457802923,4145800
105.18743896484375,106.80745262820106,104.70712160868317,106.80745262820106,4669700
105.00833892822266,105.44793731255022,104.5198852372868,104.71526919803982,3335200
106.82374572753906,106.98655949789845,104.78040620245561,105.3746820541199,4580800
107.07608795166016,107.50754994841338,106.7911545929475,107.05166651198674,4533400
106.22132110595703,107.52385611253317,106.01780078754791,106.92143149816017,3367900
104.04769897460938,106.22129392846126,102.76959195045104,106.22129392846126,5757600
103.50227355957031,105.34209242705967,103.20106130789208,104.98390716705835,6199400
104.13727569580078,104.8699562998739,102.98128177050624,103.46972929560772,5573300
101.27169799804688,105.1385773143539,100.8483723148281,104.48732232096226,6192800
102.94056701660156,103.38831416863972,101.255419152212,101.58105287997186,6258600
104.02330017089844,104.47918367918665,101.45894301488335,102.89987029221095,6149000
105.39909362792969,105.62703536946493,103.3883120764705,104.28380636242558,3702100
104.69084167480469,105.61889369616298,103.64881257748738,105.59447225522403,2929500
104.48733520507812,105.13859027877466,104.09657346553419,104.56873587834305,2920800
105.77355194091797,106.1398983754417,104.15353849303898,104.43032308730379,4088200
105.11416625976562,106.26202379516383,104.85366672104698,105.43980621053142,6232700
106.41668701171875,106.82372757941293,105.34209395049778,105.55376299570986,3701800
107.26334381103516,107.71923975725427,106.35157676238572,106.98655916010864,3405000
107.9227523803711,108.15069412628169,107.4098772411255,107.51571177383167,3101200
107.50755310058594,108.35420444039565,107.40171857763663,108.10997761460852,3160300
107.73548126220703,108.79378909278815,107.14934192286644,108.19951341497283,2936900
107.99600982666016,108.21580279642265,106.90514405190021,107.2551929887097,2484200
106.05036163330078,108.55773322539359,105.45607341224215,107.8250526906605,4239500
108.87523651123047,108.8833728522719,106.31087298718032,106.49812062818582,3954100
109.70557403564453,110.19402770657231,108.82636488111024,109.24969056778812,7187800
110.05564880371094,110.17775602536987,109.31483186726176,109.4939307402911,3972600
110.7313232421875,111.07323583993639,109.5102014979875,110.39754698418524,3045200
111.309326171875,111.61868102281912,110.51966636322912,110.8045997703507,3742800
111.90361022949219,112.07456032983302,110.61736040824587,110.99997957629544,2989800
113.2793960571289,113.30381749981849,111.73264671795111,112.18853021068168,3201700
111.46375274658203,113.77533245688063,111.11128474539048,113.77533245688063,4994600
112.6031494140625,112.64413726663861,111.49655244092668,112.24247632377117,3051600
111.80803680419922,112.03755377796473,111.01291996374833,111.80803680419922,4062100
111.36538696289062,111.89819147842354,110.39812625582206,111.26702613115789,4175000
111.77520751953125,112.12767540125755,110.5620450904227,110.88173020713819,5005100
112.53754425048828,113.35725107366471,112.08671550392806,112.08671550392806,4146900
111.8408203125,112.25886636189006,111.21783501411205,111.54572530477299,4008200
110.56207275390625,111.88999395440645,110.1522192961978,111.7998256934012,2953600
111.23424530029297,111.73426710612289,110.25879189976108,110.62767008215435,4013300
111.07028198242188,111.4801354214714,109.92269735617694,111.32438911339509,2647800
111.05389404296875,111.34898904516957,110.72601626618358,110.9965210605123,2804500
110.42274475097656,111.283427167101,110.23420311956548,110.66045429754467,6671100
111.02110290527344,111.27521003930062,110.62764710122279,110.62764710122279,3346500
110.95551300048828,111.8489904110525,110.31614269680625,111.68505155252204,4798500
110.73418426513672,111.20142312651504,110.2587528388638,110.83255758253527,3579500
111.2506103515625,111.7506320109057,110.66861300731709,111.37356137118238,4309600
111.1522445678711,111.67685640769052,110.38991075710042,111.67685640769052,3559400
112.3818130493164,112.8982198545543,111.3735646280161,111.53751600261484,3705200
112.6031494140625,113.07038841950441,111.55392542834402,112.24247632377117,3638900
109.79155731201172,112.61135138633493,109.42269166446347,112.20969045453484,5728600
113.06216430664062,114.5540368365972,111.88998946830425,113.48022282169201,8829700
114.98845672607422,115.12780536638918,112.8080338671256,112.98837034464658,5278700
113.39824676513672,114.43927800479027,113.09495922204437,114.17696579950601,4273300
112.4966049194336,113.48844348857877,112.36544878389353,112.83267531861594,4074900
112.99658966064453,113.25888933791019,112.16048520562678,112.56214604850658,3065300
113.0294189453125,113.3245140210113,112.00478500298871,112.39004836592154,2191000
112.82447052001953,113.6933579352417,112.37362917030912,113.18514359978786,2761400
112.66871643066406,113.36547233293882,112.4965849775512,112.98840163703753,2371500
111.7506332397461,113.07855429717662,111.61128458006678,112.69329108782,3369300
111.82441711425781,111.88180260267276,111.13586629968881,111.59490017606815,2812000
112.26707458496094,112.80807169118603,111.97197956895815,112.35724285395446,2322500
111.68505096435547,112.60311857347779,111.66865332626884,112.52115539851077,3630400
111.57849884033203,112.0867256218371,111.20144067196514,111.75883535832826,2829400
112.02115631103516,112.58675611545837,111.73425387154245,112.01295123647297,3248100
112.66871643066406,112.70970427922174,111.980165602742,111.980165602742,2323600
113.0294189453125,113.20975551978059,112.12773607297216,112.87367258484112,2292500
112.00474548339844,113.05396926951232,111.66866266704194,112.93921080877281,2520000
111.9473648071289,112.75067397705371,111.60307694085643,111.93096716879847,3212600
111.54572296142578,112.3982126837638,111.43096448903921,112.16050317229713,2550300
112.21786499023438,112.53755016777306,110.99650976443144,111.36537535270928,2653700
112.439208984375,112.73430400808395,111.56212898829384,112.13592139335671,4492300
112.24248504638672,113.39827503707482,112.05395591916943,112.75071194390019,3054900
110.79157257080078,112.38180574223452,110.43909214761237,112.1358912040596,3202400
109.84890747070312,110.74239741872005,108.69313034959298,110.52107307308891,4300800
110.20140838623047,110.5620814586479,109.471869674381,110.25058880378995,3645600
109.28333282470703,110.2505809887768,109.11938143414909,110.17681036766675,3338700
109.12757873535156,109.94728559881491,108.66854489304954,109.25872232762777,2604000
108.52100372314453,109.04561567621535,108.17672830154201,109.04561567621535,2227200
108.1849365234375,108.75872897580669,107.8652512637077,108.75872897580669,3246500
109.25873565673828,109.48826511362505,108.20951174412296,108.717738566731,3166600
109.29153442382812,109.76696597872241,108.7997052269758,109.51285881318526,2141900
109.68497467041016,109.77514292674584,108.85707523149833,109.56202364255888,3648700
109.88990783691406,111.22603412072738,109.76695680184812,109.84072742288768,3619700
110.30797576904297,110.70962418963259,109.89812227359329,110.37354132150719,3019100
109.62760925292969,110.82437436565509,109.348899391024,110.09483569871738,3047700
109.76697540283203,110.01289002237134,109.09480960994041,109.37350700847429,3391200
109.89810943603516,110.27516760347127,109.03741469458416,109.77514589712237,3014900
109.70137023925781,110.48008925232965,109.19315599008685,110.38172843190534,3612400
111.23424530029297,111.37359399926366,109.73417988280323,110.07845534633147,4947400
111.4063720703125,111.90639379887412,110.9309405490789,111.23422811128121,2476100
111.34081268310547,111.82443685195813,110.87357365006199,111.52934180680889,2978400
111.38176727294922,112.01293252200476,110.20138744488315,112.01293252200476,3866300
111.03751373291016,112.02115961372976,110.10304826997113,112.02115961372976,5000000
112.5457763671875,112.60314935457453,110.28337698664133,110.61945986675674,4228200
112.5416259765625,112.70671312890292,111.65840278410293,112.41781376114277,3351800
113.38358306884766,113.65598252908354,112.54162224587691,112.8140217061128,3216900
113.21849822998047,113.94488421007522,113.086423471657,113.21023568549639,3882900
112.4838638305664,113.58996173090387,112.40131394741248,113.58996173090387,2940200
113.16896057128906,113.53214722267317,112.52511194130976,113.12768563955382,3339100
113.23501586914062,113.82933977936862,112.88007907029721,112.92135401315775,3502100
113.86235809326172,114.11824509050628,112.41782334528062,113.02864712054998,3557900
113.13597869873047,113.51569058190852,112.39308002577438,113.04517885244957,4701000
112.40131378173828,113.44963683859785,112.00510205293975,113.12771244732208,5491800
112.2362289428711,113.33407691422173,111.9555794872806,113.12771479769742,5370500
112.64896392822266,112.87183856203855,112.21972715818526,112.44260179200114,3641700
113.84584045410156,114.01919015797792,111.56760743168995,113.42486630946308,10311300
113.11945343017578,114.01920184005428,112.95436625430571,113.65600249593366,2992900
112.9956283569336,113.40010259789564,112.48385439128823,113.1607155140441,1220600
112.8305435180664,113.36707993853501,112.34353198621423,112.97086823426062,2934700
113.53214263916016,113.56516762135138,112.78099433140348,112.98735638640767,2554000
112.9295883178711,113.88711144006199,112.6571888471439,112.83878849429536,3024700
112.81403350830078,113.30104505088008,112.285747025851,112.83054600331762,3229400
112.11239624023438,113.2762687924559,111.55108483620049,112.97910689510658,3784100
111.95555114746094,112.91306155329332,111.54282701888705,111.81522645518672,4000100
112.38479614257812,112.52513345637894,111.60062267103582,111.68317255029004,4085100
110.61831665039062,112.31875064395737,110.5687917701069,112.26096322006578,5718100
111.18792724609375,111.73272636136745,110.66790317728382,110.98982763715529,3681400
111.26216888427734,111.74919294528537,111.04755686432452,111.67489302711519,3954700
111.04756927490234,111.78221782744374,110.93200700580627,111.57585573296197,3099500
112.698486328125,112.74801122446539,111.13013916573613,111.14663906761963,5127200
112.96260833740234,113.03689566378542,112.0133352062538,112.40954687563881,4159700
114.90238952636719,114.9436644563711,112.921318839582,113.11941835105637,5002600
115.24085998535156,115.69485915734526,114.4071615752133,115.02624792011089,4977900
116.60285186767578,116.6523893583141,115.48024139142309,115.6453411695281,6908700
117.09810638427734,117.31271842635977,115.84342133397854,116.06629592078814,4440000
118.352783203125,118.50962039792213,116.98253598002998,117.0568233053523,5366100
118.57565307617188,118.74075282611706,117.51908017230387,118.11340400514744,3915700
117.97307586669922,118.98837380358523,117.58511413721538,118.72423688296301,2791500
117.3292236328125,118.3362715902547,116.42948798741732,116.92474942192446,3895300
117.57684326171875,117.97305486980525,117.01553193786793,117.32095633575996,2908300
116.99080657958984,117.5851304777594,116.5285574577566,117.21368119023941,3263200
118.72421264648438,118.83152493985585,116.81742937548445,117.47779043524649,4058500
117.23017883300781,119.40109944051413,116.85872959255056,118.70772584561497,4753100
117.63463592529297,118.09689756605925,117.08158706056429,117.84926055019848,3977800
118.2207260131836,118.91409967655073,117.29622779536074,118.20421351776716,3494300
119.1122055053711,119.35157999714183,118.3940568393731,118.60041893740897,3504900
119.13695526123047,119.93764112396273,118.92234323645313,119.3928422202877,3571400
119.99540710449219,120.28431902779904,118.72422235169142,119.07915905056609,3138500
120.23479461669922,120.86213074976159,119.79730805365008,120.45765657462492,3775600
120.58152770996094,120.81265230019464,119.58272940582238,120.68884005376427,3870500
120.58152770996094,121.1263267849456,119.9789537850906,121.07678929102794,4217400
120.90341186523438,121.4482107587111,118.46834193240163,119.89636394529546,5041400
121.3326644897461,121.46472666089294,120.46594115325323,120.98597767421754,3555600
120.18531036376953,121.50602044750359,120.02021058237597,121.43173310308343,4938700
120.12749481201172,120.91166820875901,120.09448242066469,120.20178213904902,2978800
119.82208251953125,120.35036894653774,118.82328449899892,120.3256065042829,2805900
120.3916244506836,120.44939927483931,119.53315127326823,119.7395133223127,4271800
117.741943359375,121.4647106059199,117.67590598485877,120.39988785578151,5027700
116.47077178955078,119.17824147607386,116.03328515452583,117.70068181825222,7585800
117.19713592529297,118.65818281605378,116.52027492767579,117.57684765225412,6157200
112.56637573242188,118.15466400645944,112.51685085183587,116.72664203641904,8605000
108.98395538330078,110.4037276928475,105.94631120170358,109.98275352718348,14164000
113.56521606445312,113.72205330841226,108.72808692798449,108.95921152055195,8504500
111.91429901123047,115.2903800477531,111.22092535687565,113.24327147974888,8728300
117.53558349609375,117.79973299912274,112.26921928636253,112.41780653065172,7635700
114.76415252685547,117.52313919554052,113.57578437722175,115.35417109341712,6579100
114.06608581542969,114.82231894939906,109.23784957305547,109.3292625088143,6754900
108.16580963134766,110.81677142523648,106.52037719903825,108.182420938867,8716300
111.47329711914062,111.83064319392855,105.42345761829024,109.73646408043722,8258600
107.82511901855469,110.14366513137348,106.06334985886397,108.5148688930756,7465100
95.85009002685547,103.8777668958616,94.3958012903134,101.46780143583847,12808300
105.91376495361328,106.0301075413255,95.6257135560336,100.28774808143025,12007700
93.98027801513672,102.89714715690451,93.07446704875932,95.30991833084636,10733300
106.13813018798828,106.25447276004219,96.7226494654615,96.98026425498162,14242300
100.4871826171875,106.13813497251847,94.54537381861043,100.42069933296126,15250800
97.5121078491211,101.4594619205287,96.44840081904651,100.91099075698136,9393500
86.36812591552734,98.43456385143622,84.28225869803828,98.26004997366636,13093200
87.40689849853516,93.79746002068042,85.48723961329048,88.08833631833333,13926800
94.6035385131836,95.09384477493296,90.88887561374098,91.35424589049738,11447000
93.48998260498047,96.69772829313142,92.27669114710815,93.68942612594977,9485500
99.93870544433594,101.21848005889606,93.55645636170316,93.6644869370161,10376800
100.10491180419922,103.5868960981076,98.0522863996335,98.53428069305275,9852500
104.27665710449219,104.5758192309746,100.97749831487936,101.06059925780201,6916800
99.80574035644531,104.45946226157133,99.33205807278452,103.82789011015339,7091700
98.16030883789062,101.63398062385242,96.12430138442801,97.45393515269699,6873000
102.93037414550781,104.02732281166871,96.79743474018017,97.41238917752342,6181800
103.53701782226562,104.18522024470685,101.75032576896177,102.37359220807542,5552000
108.9968490600586,109.8029414181636,104.11874761535601,106.91929405058991,8242200
108.4317398071289,112.25444582536905,108.27384360875455,110.28492787391497,6253900
110.20182037353516,110.76690920821476,107.30986756227038,107.73368418828008,5241100
111.04944610595703,112.25442516809828,109.28767128451976,109.7696654454535,5502400
108.77245330810547,110.8167727111882,107.55915578458054,109.43727334782922,3785000
115.01344299316406,115.20458718847117,109.9857698947361,110.7087549975376,6278700
112.21292877197266,114.31541396327036,111.10766770344027,113.96638615432214,5773100
112.71981811523438,113.82507884336775,111.23229438662707,113.82507884336775,4564000
114.30709838867188,114.68105581721491,112.11320043677561,114.45667628793245,4866500
111.81401824951172,114.16581214922628,111.7807702668245,113.80016042200705,3995400
108.81401824951172,110.47606218139885,108.52315548927592,109.81124207256622,4359500
110.21012878417969,111.08270438226923,109.04670310698623,110.0605509172786,4084600
108.2489242553711,111.47329376544349,108.057792740406,110.11041815362553,5527700
111.6561050415039,112.03838070189411,108.57300815651978,108.75583399230796,4063100
111.73922729492188,112.36249381497738,111.26553865309259,111.70597931283396,4009200
113.284912109375,114.41508972633602,111.90541270459546,113.6671750844323,6674200
110.82510375976562,113.83339959536875,110.44282802820297,113.65889206169159,6706800
109.9358901977539,110.66719358485977,108.3818831805428,110.03562145624308,6783000
108.14921569824219,109.88604884573833,107.63398605343629,108.96361380657204,4488000
108.79740142822266,109.15474749092573,107.46777380333862,108.17413491269865,5245300
109.42066955566406,110.80016917363932,108.67275479817334,109.39573990910704,3580000
108.68104553222656,109.88602477847539,108.60625660282359,109.34586560338086,4192200
109.3209457397461,109.6949031006021,108.13257769568713,109.3209457397461,5528000
111.54808044433594,112.32093750461547,110.07718062188921,110.58410455335314,4209100
111.67273712158203,113.18519052313783,110.66719495189038,110.88325610057291,3591100
110.47608947753906,113.33480777557168,110.40960618219039,111.9885432354472,3914600
110.4926986694336,111.74753741500747,109.2378472434694,110.67551185666203,5168500
110.59239959716797,110.99128657172875,108.15749875658759,110.2849255418178,5522200
112.97744750976562,114.39850082417524,110.3514147338874,111.16582548969662,20338200
112.62010955810547,114.67273499578609,112.23783384322996,113.72537038457887,8480300
109.4705581665039,111.98855458623741,109.19631930054172,111.71431572027522,6640300
109.07992553710938,110.25997506486796,108.3153869422399,110.14363251087451,8213100
108.20736694335938,109.2295203276308,107.70874873228716,108.84724467509038,4886300
108.4317398071289,108.5564007070822,107.34310308830175,107.70875477287636,3429200
107.82511901855469,109.73647241199457,107.5342562072345,109.64505947247032,5579300
108.70596313476562,108.73089277513866,106.8527880115113,107.80015238684712,5686500
109.9358901977539,110.30154189130684,108.1242684001911,109.03839763407345,4974400
109.3209457397461,109.89435294390698,108.29879223863585,109.70320875559382,13337900
110.51763153076172,111.31540563048877,109.02178924328514,109.3625113410641,4049200
110.21845245361328,111.1990523317941,108.9636011120629,110.56748017366355,5327500
110.37635803222656,111.58964316009381,110.19353216138784,110.72538578190306,5421200
109.34877014160156,111.8528042729044,109.02214365962587,110.20298273213939,5229700
110.91484069824219,111.81931237475274,109.51626339938663,109.70887846289479,7075700
110.72222137451172,110.93995957797726,109.90987219942485,110.02711781341608,5613000
111.35871124267578,111.5094501478733,109.75076569315918,110.40399317331232,6446900
112.33016204833984,113.19275748244198,111.52618302939914,111.6183054922068,7069900
107.06246185302734,113.17601254642766,106.74422466111766,112.40553952007348,8541000
108.03394317626953,108.81278640022069,106.7191117203207,108.15955892890194,7039500
109.27338409423828,109.67538000622478,105.96537100541475,107.43931767959174,5481000
110.26998901367188,111.43407513470969,108.97190424215705,111.11583153453047,5197700
110.34537506103516,111.4173388684703,110.11926668050971,110.45425057827697,3309700
111.1995849609375,111.4927054143382,109.39902440094683,110.0606219785,3417200
109.94336700439453,112.90802622340739,109.89312070895596,112.5646594994922,8310100
109.75077819824219,110.34537654157951,108.82955329879692,109.33204193100647,3379900
110.0103759765625,111.11583290964168,109.69213237244486,110.22811420217124,3625600
108.50291442871094,109.76750584175129,107.76593467959147,109.30689349855162,4853500
110.05224609375,110.32023060445182,107.23833844790325,108.15118025504044,4442000
107.97531127929688,110.85621840341675,107.2467143745719,110.27836039809081,7372700
109.77587890625,110.04386341750173,108.39404183962442,109.02214611205038,4173900
110.76409149169922,111.23308675494874,109.58326515725133,110.40398450501299,4626700
110.84783172607422,111.9030422007303,110.49609490118885,110.99020048051737,3633000
111.25820922851562,112.36366610957232,110.9985820601659,111.83605442837809,2769200
111.63505554199219,112.17940740301813,110.80595339881117,111.45081062128529,4221600
111.86117553710938,112.7405111841907,110.68870670964674,110.77245904689853,4424500
112.40554809570312,112.79916115141985,111.51782938410875,112.35530179562267,3798200
111.14097595214844,112.1710635013896,110.32024373939848,111.30008498557649,4005200
112.6065444946289,112.96665149269536,109.94337561840325,110.8562174672279,5932800
112.98338317871094,115.62979852902427,112.614893347805,114.54108205920552,8960000
113.4942626953125,114.69184208788097,112.43066917421828,112.71540672197118,6766800
111.96167755126953,114.05535837082708,111.59318768241722,113.35188468237101,5561300
112.12078857421875,112.52277167491435,111.42568507540012,112.27152744492496,3788100
112.77401733398438,113.10900112567359,111.84442261641239,112.76563443296399,3229300
111.4759521484375,112.7321607537709,110.69709616814714,112.7321607537709,3620300
112.58140563964844,114.23961014881915,112.04542382888606,112.22129865094271,5435400
113.90460968017578,114.10560764447301,111.95329757195391,113.52774967858068,3522300
114.80070495605469,114.94307371426504,113.46912705972264,114.39033892675668,5011400
113.94647216796875,116.10715210410486,113.38536729452908,114.72532800461441,3300000
115.2948226928711,115.37019214124847,112.93315719201136,113.50263228483762,3607700
115.05193328857422,116.06526748002474,114.80905919789465,115.55440893413937,3787500
115.5125503540039,116.40865186550404,114.76720050429098,115.0519508034861,3179000
115.31157684326172,115.75543619312072,114.29822961620843,114.93471681888526,2817600
115.28646850585938,115.31996178349661,113.22628051372064,114.95147183540541,4304100
114.48247528076172,115.15245576095202,113.89624715265073,114.82584203394629,2819200
115.12730407714844,115.22779665168504,113.91297194585523,115.16918024280923,2553500
114.10559844970703,115.69679067436127,113.70361533231879,115.69679067436127,2924000
113.77901458740234,114.13912162928662,113.2849088783357,113.2849088783357,2692900
114.51598358154297,114.53272382923569,113.36863767383991,113.84600308819816,3692100
113.87950134277344,114.63323422280553,113.37702553490097,114.16425169059832,3052000
113.15927124023438,115.11058354572914,112.74053502305907,114.70860035530912,3301200
115.40367126464844,116.14063810817571,113.26811460723401,113.3434840380246,4424600
115.65494537353516,116.08205170389043,114.81747296034175,114.81747296034175,2393500
115.20268249511719,115.7135410868835,114.90119196917621,115.66329479569542,2461700
115.50418853759766,116.31653776443387,114.77559165986771,115.15245167321719,2862500
115.66328430175781,116.08202039541723,114.76718292749716,116.08202039541723,2638600
114.27310180664062,116.23278407653741,113.97999414577346,116.14904450721002,3682200
114.49922180175781,114.85932878184724,113.58637999850347,113.61150314693697,2263000
114.28147888183594,114.44897079076495,113.2681317477731,114.20609666082638,4295600
115.26970672607422,115.30320000116855,113.98837490855848,114.28149537559923,3177800
114.98497009277344,115.88944187342702,114.48248151058297,115.78893648969964,2597400
115.96479797363281,116.1239197656306,114.21448381928528,114.38197573445672,6019700
115.90617370605469,117.18750544090919,115.49582041324878,116.16580088125204,4159300
117.19591522216797,117.21266825188437,114.93474180551897,116.00670568865357,3355400
117.29637145996094,118.10035051234321,116.4086528426059,116.67665011967117,3828700
116.56777954101562,117.64811326003127,115.99829169265882,117.4554981957817,3421700
120.00140380859375,120.44527589728573,116.70177358279147,116.84414234456253,4918200
117.55783081054688,121.49694879766326,116.50346262757016,120.42571999066678,6642400
117.04328918457031,118.350708200178,115.50813592671099,117.80244193752203,4836400
114.33566284179688,116.93362700984724,113.3740797881622,116.66370263725383,4901500
115.65149688720703,116.79021927057387,114.20911605965577,114.2934706327573,4282300
113.66930389404297,116.02266054354635,112.9270375533327,115.22134341524476,6050500
114.55498504638672,115.03578308538262,113.2222622028299,114.05732638443642,3411900
115.28038787841797,115.98048983426568,114.54655180681924,115.16229916723307,2779000
114.39469146728516,115.76116096887677,114.21756487401495,115.12009707136171,4080800
113.85487365722656,115.22134337509881,113.68617734670134,114.95141898169568,3353500
112.35344696044922,113.49216950266191,111.07977510143046,112.51371294927795,5186400
110.89421081542969,113.69460555636574,109.66270331701769,112.78364292222379,8473000
110.70021057128906,110.75924848699374,109.11443696803182,109.96636168536511,4402700
111.46776580810547,112.091956219142,110.03382808239063,110.49775251824877,3951000
110.49777221679688,112.0329382835482,109.52775875401491,111.93171019814126,5909900
110.98697662353516,111.60272383147095,109.58677305857341,110.86888794159266,4316600
112.64867401123047,112.88485140165953,110.08444395699722,110.404975931452,4576000
116.37690734863281,116.89143937650411,114.43686792203444,114.74895668837065,7487500
115.69368743896484,117.70119522781023,115.66838363827326,116.95892895635325,4330500
116.90831756591797,117.40597612432619,115.4743669294576,116.39378551736147,7060700
118.76399993896484,118.80617722807845,115.97203586704435,117.6168471768629,6483900
116.45282745361328,118.01329714339002,114.88392745382183,117.48189158630996,5130200
116.34317016601562,116.72275292219317,115.54185310318987,116.49500584262714,4519800
114.46221160888672,117.09392344314095,113.99828701705458,116.40225171155379,5031000
115.56716918945312,115.99735959333141,114.5128011339927,114.66463682674497,4347300
116.27568817138672,116.51186553307247,115.35626965193052,115.79489026821872,2977400
116.77337646484375,117.46503523735159,116.31788224353237,116.9926803935503,3194000
119.88584899902344,121.03300176205626,117.90363224538898,119.03391151862235,6167200
121.0751953125,121.46320844703811,119.70030802451898,119.96178926116859,4293200
120.2148208618164,121.5559738171942,119.46411138955753,121.08361903069907,3641000
119.29540252685547,119.75089669407978,118.61217414672164,119.06766831394597,3306800
119.54846954345703,120.46788831221353,119.04238057577629,119.56534303692439,5076000
117.81929779052734,120.2232621048321,117.45660135745113,119.21950165689925,3223200
117.8446044921875,119.11827636171861,117.59155360619582,118.93270657003823,2750900
117.75182342529297,118.49408974544815,117.3300762251604,117.81929165109543,2560100
117.76026153564453,118.25792017579441,117.25415971368275,117.92052754162256,2909000
117.71805572509766,118.53624617902197,117.27943511035348,118.274765020269,2758400
116.45282745361328,117.31319529109952,115.06106692974929,117.02641030217154,3431100
117.34695434570312,117.99644873456045,116.65529552710727,116.88304265293867,3390800
113.17164611816406,116.15762360768232,112.97764600307899,115.68525591553494,5196000
113.01982116699219,114.4031514911446,111.5605665638441,112.8258081848629,3856500
112.42936706542969,112.89329157670521,111.09665719042528,112.12570855538604,4303900
113.99826049804688,114.90923597444416,112.84267731415258,114.38627357660053,3126400
115.59246826171875,116.90833035246393,114.95141714369156,115.23820215406926,3293900
116.28414154052734,119.52315703228305,116.1154452302553,117.24572466685181,4576300
116.44438171386719,118.31693994519071,115.95515351309162,117.54092679348825,3667800
116.72277069091797,117.89522750760797,115.83709890951515,116.87459351993904,2867000
116.78180694580078,121.1679756212352,116.5456295235569,119.77621489224781,6111300
119.54003143310547,120.14734845126361,114.87550827329609,115.55030639021665,5284500
121.37882995605469,121.66562781239205,119.44723358727393,120.5016015086111,4389800
121.32823944091797,122.08739217360801,120.41726388411232,121.67407525678664,2570100
122.06206512451172,122.21388791971472,120.84743128008151,121.26917842769191,2580400
122.94773864746094,123.36948584587242,122.04520633562598,122.3066875393286,3399000
122.50914764404297,123.23455343971051,121.55599472617502,121.6909569371608,2924000
120.94022369384766,123.63097272236746,120.87274260154626,122.71999728235214,4335200
120.88963317871094,121.21015232406648,120.06299933421005,120.51849355394795,4263500
120.97393798828125,122.00300195358065,120.6196719647569,121.16793805268026,3469100
120.63658142089844,121.16797417927118,119.67499825014768,120.88118915148854,3443300
121.48847198486328,121.76682662311106,120.46785118198846,120.77993992606913,4472300
121.59815216064453,122.23920325204222,121.2101390851257,121.84275986622835,2278300
121.96929168701172,122.54286168366872,121.6150127235439,121.98615230759383,1596000
121.65719604492188,121.99460153382444,120.5184863054721,121.85120902755462,4906900
123.20924377441406,123.68159861969525,121.88495127466821,122.33200231543108,3999200
121.98616027832031,123.94307353274063,121.37041294856891,123.04897149676374,4432900
122.7107925415039,123.14404767383994,121.49600861432572,121.49600861432572,4757900
123.90006256103516,124.01048917656342,122.20105594634775,122.21803667957255,3592600
123.49232482910156,124.50323611050526,122.85519717736598,123.75566885116902,4217300
123.61974334716797,124.16342502644109,122.57484479040744,123.45833562072234,3623800
123.76415252685547,124.11245203213059,122.56634962084678,123.65371293679428,3842000
122.8976821899414,124.27387385083343,122.68530629351258,124.0614979544046,3985000
123.15251922607422,123.26295882526878,121.82729588531653,122.01418768592536,2975500
122.5239028930664,124.42679565916504,122.37099846415313,123.39040021076448,3952400
122.98262786865234,123.40737962743931,122.23506062522087,122.80422642650801,3183300
123.08456420898438,123.57727780492962,122.2435510596717,122.31151289660157,4915800
123.78117370605469,124.19742216889736,123.33092487830058,123.39039635150444,3312500
124.81752014160156,124.9619471170211,123.6027365813415,124.30782591251597,8980400
123.51782989501953,123.73870914776818,121.8782940144644,123.17803360795656,3946900
122.34548950195312,123.17799924670194,121.88675038374899,122.8382030544272,2653700
122.67682647705078,123.68773790499617,122.387998344037,122.74478832524176,2645100
123.22895050048828,123.27142825930285,122.44740899538996,123.03356836481171,883300
124.80056762695312,125.38672714097466,123.63673896781063,123.8406244829819,2493500
125.23381042480469,126.38064538980213,124.74109681567073,125.45467667894252,3186700
125.14038848876953,125.71805774759717,124.88553478523963,125.27631219230518,2224900
125.98138427734375,126.11730796195047,124.57120521494001,125.28478511553129,2076800
122.557861328125,125.53961364871736,120.57851681541962,124.88549238960857,7486900
122.92316436767578,123.33092245306932,121.39405534445524,122.38798593134545,4126000
121.41954040527344,121.98871921049039,120.28120871963138,120.34917056148409,4843300
121.02880096435547,121.6064572955775,119.90744978624411,121.31762912996648,4473200
122.48139953613281,122.6682913295869,120.34066020412106,121.02875591529582,4312000
120.70597076416016,122.59186990800532,120.36617448842465,122.35400992251107,3902700
120.1452865600586,120.62950982850342,118.46327308065318,120.31519764804378,5150000
121.13070678710938,121.68289186613683,119.77999926804038,119.88193554498285,4361600
120.42561340332031,121.00328253292659,119.8394668674364,120.18775345653975,4724700
120.11129760742188,121.13920253099259,119.380724089504,120.16226574270075,4309100
120.68045043945312,121.12219583512753,120.15376248155992,120.9522977482968,5158600
120.0603256225586,120.44259958728759,118.86252263233281,119.81396236008396,5019300
118.59918975830078,119.60159771372349,117.86012582634012,119.1768459436504,5684100
117.73268127441406,118.53970696800292,117.42685951067159,118.50573253309557,4014900
119.08340454101562,119.21083785429593,116.87470303051111,117.28246111573728,3829000
120.45960235595703,120.70595267458647,118.71811753840657,120.04334096252651,4242500
117.26544952392578,120.9098265519583,116.84920113294523,119.36372406433387,6659800
118.24239349365234,119.60159130764794,117.02759675586447,117.93657171708428,5514000
116.01668548583984,117.62224639231853,115.54095269373346,117.32491501755118,6778100
116.36500549316406,117.19752839697743,115.44754000241255,116.36500549316406,4185700
117.5543212890625,118.53124531867407,116.04220580263218,116.76427614031114,3581600
117.24847412109375,118.03850613677092,116.44144840631976,117.01910455166723,3609600
118.65865325927734,118.72661510083657,117.01911757974706,117.01911757974706,3860300
119.74601745605469,120.73143165140709,118.70111883215658,119.34674977942264,4437900
119.27029418945312,120.46809731551296,118.50574617329333,119.94140925826491,4112200
118.59071350097656,119.90743377496901,118.49726758194515,119.89045303507011,3179300
116.97663116455078,119.88193162394387,116.17809578823203,119.88193162394387,6966600
114.65747833251953,117.40987409654001,114.12228702669492,117.10405234498218,7528000
113.72303009033203,115.19268048721577,113.36624017364427,114.9038394440349,5659300
114.15628814697266,114.52156844176338,113.32376535729101,114.30919255993757,5180100
114.22425079345703,114.74244846727711,113.71454348850784,113.8844416026925,3353000
114.9972915649414,115.27762929229308,113.75702363927148,113.89294731842298,3935200
112.56770324707031,114.78490788340112,112.3808114415256,114.69146198062876,5414900
112.12600708007812,112.64420489740206,111.08110811180931,112.1684718985876,5792900
112.79707336425781,114.12229674641225,111.53981181739266,112.68663376161338,6264300
112.21090698242188,112.38080507900874,111.45484943457556,112.0070344514752,4944000
110.43547058105469,112.21093003557493,110.26557244956314,111.58230565281656,5702300
109.74736022949219,111.17451990042335,109.22067220270495,110.9196792180391,8329000
110.9621353149414,112.10897014524365,110.72427538845402,110.95364494699322,5287300
111.34442901611328,112.15994511020807,110.75826953213569,110.86020580329888,5614000
109.70487976074219,110.88568908883259,109.56895609188707,110.26555517297362,7505800
110.3154296875,112.81578556823916,109.8787281245081,110.67506857453444,9102800
113.91181182861328,114.2372049361988,110.6236742334979,111.00900061222437,10186500
113.14116668701172,114.89654398224701,113.021287070763,114.08307422442364,8634900
113.2439193725586,114.66535847176515,113.02984769132502,113.83475930330701,8930200
114.38276672363281,115.1448612825106,111.77964811706599,113.47510500922743,7791700
114.07450866699219,115.23905903473798,113.97175844998142,114.18583011268544,4458900
113.92040252685547,114.56261769678098,113.5778929959223,113.98890704622232,5275100
113.91181182861328,114.42558904418016,113.00415007155618,114.36564270714184,5389200
114.75096130371094,115.23905093198803,113.67204490326705,113.9546210460754,5544700
114.41703796386719,115.22194964591134,114.21153749417057,115.05069489919761,6199500
113.48367309570312,113.95463338471109,112.52463619146718,113.33810592744574,6476700
115.17054748535156,115.60724894681488,113.18395630542369,113.29527774430312,16114400
117.99630737304688,118.33881681943045,115.67576471621989,116.13816684132536,7813400
119.4177474975586,120.02570373035802,118.32168851408892,118.55288957876516,6978400
118.86113739013672,119.97431255086214,118.83544983815734,119.03239209196457,5082300
119.5633316040039,120.09422524574921,118.45871430088242,119.17799208632442,5827600
122.19214630126953,122.44903500186645,119.13520865528221,119.55478090255184,6785600
123.9988784790039,124.12732932721252,121.95235373017226,122.33768014300111,6105800
122.05509948730469,123.94749882807912,121.69546064410507,123.03126579481736,4372700
121.12175750732422,122.73158076954687,120.88199826391644,122.72302260581759,6257900
120.97618103027344,121.8495971017844,119.97432718320107,120.8991183649366,4823400
122.58602905273438,123.5964412679837,121.0104643784979,121.46429536546927,5980700
123.022705078125,123.47653597078313,122.07222634586219,122.4832402915738,4751900
122.8000717163086,123.39091159585251,122.46612044516168,123.30527770442106,4849200
122.05509948730469,123.4422928149581,121.63552736985415,123.03126579481736,6725100
122.08080291748047,122.56887954951713,121.25876192418404,121.79822673434414,4950800
122.46614074707031,122.8514671905949,121.63554151290197,121.76397930544366,4386700
122.4918441772461,123.27962656067623,121.48141883669575,121.65268667014246,5283300
121.68692016601562,122.20925564736291,120.94195481582685,122.08081785108895,4685300
121.858154296875,122.53462808518564,121.09605968083618,121.31013134900323,4777100
123.44229888916016,123.57930790261551,121.98661405241837,122.84290078766634,6481400
123.94751739501953,124.67536641955408,122.67164532743662,123.72488752518426,6621200
124.76957702636719,125.57447578267333,123.24537423726771,123.41664207970496,4999700
125.85702514648438,126.5591865658915,125.19769374443521,126.17386013456036,6316000
125.07782745361328,125.57446233260137,124.48698743183373,125.22339465137193,4904400
124.87229919433594,125.30900073616861,124.21295473376976,124.59828116078673,4354700
122.75729370117188,124.82094831969104,122.43190048961574,124.63256415151659,5817700
122.35478210449219,122.60309944991948,121.70400904352415,122.12358108226982,4693700
121.44715881347656,123.03985278937884,121.36152490683355,122.86859804199251,4962700
123.25390625,123.67347835911995,121.56702045278898,121.67834190177072,4699900
123.44229888916016,123.51080339588783,122.02085977283288,122.72302116736756,5051100
124.83807373046875,125.6858025489112,123.39095970191507,124.18730032592563,6109800
123.27103424072266,125.67719768270025,122.86857846225334,125.00072389935924,6603800
123.21111297607422,123.79339482197294,122.87716163086328,123.0655457810746,5305200
124.64108276367188,124.98360526343075,123.31383584213823,123.70773345038657,4472200
124.64108276367188,125.01785098045794,123.79336734180063,124.35850660108234,4181000
125.6343994140625,126.7218873004885,125.11206394728146,125.43745710996788,5270600
124.7181625366211,126.42217790871645,124.17871075757617,126.01972208247231,5266100
123.50223541259766,124.79523677898355,123.17685532946196,124.05882964467801,5651700
125.3346939086914,125.97690900445785,122.94565950143605,123.51081192152643,4849400
125.5230941772461,126.64482793143968,125.37752697140965,126.04542971155394,4224700
125.1634292602539,126.21665827552906,124.76954468291781,125.87414881124563,3747100
124.59828186035156,125.83133688644807,124.43559835115468,125.56589008114378,4527300
124.52975463867188,124.70102241231379,123.37377556196903,123.85329397001436,4432700
126.07107543945312,126.49921874957302,124.25575198563178,124.37563158982948,3964600
125.95979309082031,126.99589279849843,125.46314518055078,126.61912451719743,5194200
126.60200500488281,127.03014839270331,125.8827141832609,126.42217903300251,3627800
126.9873275756836,127.04726085388668,125.88271035182385,126.60200115155301,4649300
126.9873275756836,127.30414949194004,126.45642090613363,126.65337626598391,4462600
125.45457458496094,127.38979111854093,125.39464130312334,127.20996514122875,9203600
126.67903900146484,127.15855739672728,126.07964100738681,126.22520815838459,4913700
126.4135971069336,127.4582678221202,125.95119501810183,127.39832148746183,5530300
126.9188003540039,127.18424710832423,126.07107191990978,126.90167096362619,4546900
127.37164306640625,127.44926872882398,126.06920869421305,126.54360967791038,4651600
127.5182876586914,128.16519457233494,127.1991511262608,127.65629762566051,4427400
127.44064331054688,127.87191452310371,126.54360497942392,127.44926399671095,4724100
126.2503433227539,127.5441570912965,125.86220182446196,127.39752644355752,5997200
126.01751708984375,127.30269752776252,125.94851208169193,127.00943611413699,4008000
127.311279296875,127.66491172211342,126.0433407586853,126.19859209249424,4698200
127.38890075683594,127.75978770514507,126.61260462936544,127.69941657555339,4364600
128.1479034423828,128.19965386956474,126.61256618833707,127.19910173954833,3831900
128.15655517578125,128.66545204816362,127.71666327680965,128.4325619080714,4256500
126.88001251220703,128.7517282389453,126.5781173595844,128.398082639897,5492100
128.10484313964844,128.51885994287508,126.71614889166376,127.00941024555944,5316400
125.43096160888672,127.63906888116001,125.26707638516437,127.63906888116001,10661700
126.41429138183594,126.56955595519072,125.45686819045727,125.71563370514139,4904300
126.60398864746094,127.2250203079743,126.18133807919777,126.56085888966196,3518000
124.93929290771484,126.04334631240579,124.92203837163552,125.98296201680554,3901700
125.64656066894531,125.8794508222169,124.73226775188,124.94790337048423,3818900
126.28485870361328,126.61261592496672,125.27568549308775,125.72419814575139,6387600
126.82823944091797,127.30264043334616,126.46597318161471,126.58672860138246,4282800
126.74198150634766,127.39750898783613,126.27620124313411,127.18187338929161,3197700
127.80293273925781,127.92368817423038,126.96626538217808,127.16464649077116,4943700
127.82881164550781,128.58785335082885,127.60455530591554,127.7253107443661,3997600
128.44122314453125,129.19163100319255,128.13932796665182,128.43258929516824,3835500
128.6309814453125,128.88111300694644,127.45792298928139,128.57923099541276,4313800
129.2002410888672,129.98515795785787,128.5188382742481,128.76896981949054,4225000
129.2606201171875,129.95927743929352,128.68271821913245,128.8810993097832,4216000
128.93287658691406,129.64878859326268,128.66549046096537,128.87250544300156,4088600
128.958740234375,129.20025111105178,128.32908781742165,128.94149885843785,4873700
131.9345245361328,132.75393739031483,130.02829956086094,130.37331134324626,8750800
133.2973175048828,133.81484829017995,131.79650191795932,131.87412758734752,6390300
133.9097442626953,134.00462447912636,132.19327967866337,132.89195026948616,4920600
134.4014129638672,135.28119706219468,133.78900184159696,134.28064434814968,5852500
134.38414001464844,135.88495571875785,133.48708833827087,134.5480252148341,5750200
134.4014129638672,135.70384773313373,134.17714343337173,134.7291702477832,5213500
133.90110778808594,134.66013626869204,133.32320586935845,133.952858234337,4905900
133.85800170898438,134.34964419669683,132.80569857787577,133.85800170898438,3333500
135.57444763183594,136.10059917565286,133.9011259436317,134.17713274817893,3588400
135.47958374023438,135.82459554431787,134.5825319914466,135.2380596837479,2999800
136.22999572753906,136.85102752254994,135.44507871421183,135.68658961656527,4043900
134.97926330566406,136.24720167146342,134.4789871402631,135.93668588470945,3556800
135.25527954101562,135.790051648629,134.72912811981902,135.61754579082017,3055600
135.37606811523438,135.93672874212717,135.09142745752385,135.73833445376872,3757300
134.8326416015625,135.51404434354077,134.13397116411602,135.4191641479384,3425900
135.13453674316406,135.54855347283646,134.82402090557113,135.41917735773714,3359900
132.87469482421875,135.12593161565826,132.71943030686634,134.7205355265264,4846300
133.09893798828125,133.85797963937304,132.71941716273537,133.67683991396078,3733500
133.1161651611328,133.48705206172414,132.52100882171692,132.6331435411292,3430900
133.1334228515625,133.5129304467443,132.58139624969982,133.383554353086,2636600
133.20245361328125,133.96149534831773,132.66768138797258,133.09895270808764,2670200
133.72857666015625,134.57387774367157,133.23693430387198,133.44394923151205,3058000
133.7544708251953,133.95285191358155,133.34907480021863,133.8924676215683,1958700
135.0051727294922,135.1345488561884,133.6078447543947,133.7803638051306,2113800
136.32484436035156,136.38521549127168,135.1862819462166,135.35878781344354,3224000
136.19546508789062,136.669866128609,135.6261970003836,136.20409893676597,3736300
134.7981414794922,136.45422150789915,134.72913649980597,136.00569572061576,3419200
137.066650390625,137.50654238709274,134.36688778848173,134.40139686351208,4745600
136.58360290527344,137.687656193888,136.49734339530062,137.083865946785,3484100
136.15234375,136.73024566626785,135.6951972615888,136.1350892142049,3102100
134.4617156982422,136.0660448678288,134.28057602818453,136.0660448678288,3760800
133.86660766601562,134.27200373722428,132.96956916119876,134.00461763948144,3346700
133.3749542236328,134.27199265440808,132.90917389197008,134.1339826923336,3220700
133.64236450195312,134.04776061311765,133.0127120328205,133.55610496969638,4166500
134.55662536621094,134.70325600679888,133.70270358253038,133.84933422311832,2540300
134.89305114746094,134.96205614222063,133.98737868810588,134.63428570745134,5291200
136.2041015625,136.44561243127518,134.99653405726886,135.28117468718716,4231400
136.303955078125,136.59922647963927,135.3660224631093,136.16499915333014,2862500
136.425537109375,136.7121287326371,135.3920739607661,135.65261300478315,2035100
134.2022705078125,136.13892029893745,133.4640788949321,135.89575410326094,4609900
136.10423278808594,136.1302853710937,134.00257383219406,134.31521807985547,3199100
135.24441528320312,136.32130363144623,134.95782370863284,136.24314590698995,3560400
135.0099639892578,135.6960373232752,134.61914880051387,135.46155086034204,3851500
135.27049255371094,136.69475766060137,134.94916857124107,135.42682128272764,3367200
134.74070739746094,136.06076191873404,134.45412908016885,135.8089159499864,2808600
135.4962921142578,135.80893630427028,134.41940362608912,134.80152577516722,3702400
135.09678649902344,135.5831189225298,133.57699104978371,134.94915081699935,4589900
133.85488891601562,135.0446672746554,133.59434993012485,134.8101808621974,8127400
133.4033203125,134.567046371812,132.36985715103395,133.65516633219102,5484600
133.342529296875,135.58314402128943,132.84751700687244,134.27178219003892,4479800
133.7506866455078,134.688619192967,133.2643541953213,134.28044447551073,3001000
133.85488891601562,134.54964187630662,133.34249071819056,133.4727668369176,2712500
133.91571044921875,134.28045982856253,133.35122020176058,133.5249084893195,2366100
132.63038635253906,133.872270058368,132.3437947469865,133.56831890210228,4482000
131.18008422851562,132.4393408849774,130.35505491921768,132.3264375342134,5910900
132.26564025878906,133.0211915318755,130.86742780128293,131.43191799931395,3326500
130.624267578125,133.24699108986073,130.5895219711172,133.064623033552,4949200
131.09323120117188,131.66641446993464,129.8513473704193,131.44062102386147,4274300
130.44186401367188,132.87353927822676,129.81657570988452,131.032419967944,5404900
131.21481323242188,132.34380695651,130.3289990079727,131.44929970433685,6103100
134.5757293701172,134.74941763815647,130.23345641130754,130.99768744099356,5499200
135.81764221191406,136.9987412401486,135.0620907954972,135.0620907954972,4605100
135.5049591064453,136.09551507700803,135.0359994914505,135.97393197300462,4186000
135.6873779296875,136.5471396703143,135.18367257329163,135.8176408444588,2738100
136.2865753173828,137.0855652183826,135.66130019085816,135.66997996637738,3195400
137.2071533203125,137.25925847845286,135.4962966196846,136.7468734213178,3599900
138.31007385253906,138.50982795026115,137.745583667136,137.75426344251133,3677100
137.91928100585938,138.65747275984018,136.79028730923955,138.65747275984018,4313000
137.29400634765625,137.82376426788974,136.17370556634552,137.3895368988973,3274200
139.0395965576172,139.09170171703812,136.8163414936474,137.77164692158624,3125800
140.09042358398438,140.58544911683626,138.6748382022152,139.45645537226022,3716500
138.24063110351562,140.1946544374433,138.0669427908136,140.1599220755304,4164700
138.92669677734375,139.36092411908663,138.49246943560087,138.58799998084697,3240300
138.27536010742188,138.90932833583824,137.90191769097987,138.90932833583824,3281200
139.96884155273438,140.16858242207394,138.1711472255443,138.23193216335767,3684700
139.48252868652344,140.55072440097953,138.57064847837216,140.47256664782714,3751800
140.35968017578125,140.45521074721142,139.36096231665985,139.69097942734052,3589600
140.34228515625,140.91545518842972,139.74304929156622,139.84725961531396,4558200
140.0469970703125,140.25543096429098,139.10906442475957,139.9948919097096,3017100
141.33230590820312,141.39309083918846,139.76908498304823,140.29884281736278,3464500
142.68710327148438,142.7652610104992,140.81991780176472,140.81991780176472,3595000
142.69580078125,142.9129144732065,141.86209162501513,142.617643032522,3310100
144.1634521484375,144.53688123602285,142.87814315297382,143.77265025979378,3754300
141.06309509277344,144.2503356055623,139.9514741011811,143.9984763135922,5766400
142.0010223388672,142.3049867825941,140.6896605206279,140.95887935569445,3778600
142.4613037109375,143.295026056867,141.58416923109297,143.06923260455366,2683500
141.28892517089844,142.40922612449282,141.1673420189458,142.40054634634254,2453000
141.25416564941406,142.3657867154248,140.7591533121846,141.5668099024526,3540900
142.2528839111328,142.32236187800504,141.11521036318044,141.13256991622308,3357100
141.82730102539062,143.28631146335147,141.75782307581497,142.66102316873452,2899400
141.87945556640625,142.139994655124,140.7591547119589,141.2281144703961,3332200
141.9228515625,142.0097023246076,140.47253394595072,141.39309371740165,3498900
142.26158142089844,143.32109735752843,141.9402573791819,142.86081736474625,5242200
142.55682373046875,144.858236475392,141.71442167028155,141.73179447350486,4157200
143.5121307373047,143.9203054824317,141.82732659811083,142.0444402603458,3878000
142.20074462890625,143.72921977864786,141.1933342283301,143.37315025320152,3309500
139.94276428222656,142.13127343716616,139.72565064685935,141.30624427308368,3402900
142.5481719970703,142.93029423375813,139.9428075668193,141.27154236612182,5305800
138.76170349121094,142.4265837177317,137.554551878788,142.27894799552956,7610000
139.09170532226562,141.77522711453219,138.99617477699562,141.09783352136913,5385600
140.43377685546875,141.36930900819618,139.74306745293669,140.0053670601293,4619800
144.009765625,144.15839895308324,141.06328766606646,141.17695393976445,6465900
145.50485229492188,146.26550914155374,144.9540244591611,145.18135700908758,5403100
145.33871459960938,145.97698002175633,144.84035740625836,145.50483811109663,5460100
145.59230041503906,145.740933755467,143.4152308828844,145.26005333578067,3891900
145.40870666503906,145.90707735243592,144.13220211124562,145.06772110986248,3644500
147.73439025878906,147.86553340064603,145.92453485448422,146.48410116159582,5025700
148.4687957763672,149.73656153739455,146.9299920029746,147.69938721911535,5411800
148.10159301757812,148.9759161390801,147.14858401700786,148.06662596280736,4985000
150.0076141357422,150.19121450772118,148.16279194146628,148.4338299560808,5507800
150.2261962890625,151.7475098925303,149.5267351648499,150.00761552156553,6909900
147.14862060546875,150.7158614291237,146.93003977074318,149.60546705320556,10159600
148.12782287597656,148.19777032721194,145.79338172308314,146.15185740774746,5263600
147.69065856933594,148.2852052232414,146.69393075468474,147.96169659964545,3401400
148.6087188720703,148.62620907199405,147.12237206527905,147.72565722206878,4362900
148.44261169433594,149.18579185023881,147.9792214036109,148.61747368951453,3241700
149.92018127441406,149.99886715062883,148.4338346899851,148.6261868370289,2868800
150.69830322265625,151.07425568499636,149.68408540533832,149.91141790918059,2332100
151.23165893554688,151.6600820325912,150.3223554930673,151.07427384926308,2299500
150.96934509277344,151.79994924310145,150.58464085276222,151.7300018048167,1988900
151.87867736816406,152.14971540493147,150.47975501832371,150.78577345144888,2914900
151.2404327392578,151.42404649268542,149.1333238363945,150.55846166843665,5488900
151.45901489257812,152.52569033916802,150.55846300029367,150.96065757077602,4717600
151.97486877441406,153.32132066551867,151.45900793445028,151.57267422240878,6564600
152.00982666015625,153.5311537766583,151.45899879465998,152.0535454868185,4288700
152.20217895507812,152.73551662214422,150.91692282856005,152.21091738397294,4916000
152.2808837890625,153.74100206297112,151.8000033177478,152.5169548097287,5055900
152.21090698242188,152.33331168414875,150.0513278339382,151.8524313055389,6452300
152.04476928710938,152.4207351266613,151.21416507843458,152.04476928710938,5268000
152.2896270751953,152.73554049968553,151.46777437387675,151.8787073950935,4310300
153.5661163330078,153.82841594418176,151.60762768950306,152.6305975071927,4474500
152.09725952148438,152.79670736159238,151.3890465705396,151.79997951421487,5789500
153.19015502929688,153.8458973491953,151.75626569009674,152.09725116279947,6424500
152.07974243164062,154.65025414695506,151.9923047965321,153.36499828929786,6284200
152.32456970214844,154.9650291676406,152.22839362867023,153.2950688650243,6753200
151.5464324951172,154.31803526696717,147.7256446163035,153.4349736923193,9263900
149.8065185546875,150.80324636703622,148.40760958252213,150.45352245927285,6536900
148.2240447998047,150.21750108270103,145.53112712932167,148.0754114228739,6841800
148.08412170410156,151.502728747,147.5682741984987,149.31692066449926,6543500
150.96934509277344,151.02180233620956,146.19554916454987,147.33215834862517,5796000
151.7125701904297,152.22841769285242,149.15079619615275,149.3081813145017,5908000
150.68084716796875,151.6338561913723,148.2502298992467,151.38904677877528,5952700
153.41751098632812,153.56614434684778,150.88197874503877,151.0480889660091,5767000
153.3300323486328,154.45791657871854,151.98358069239805,153.24260804639545,4632700
150.81199645996094,152.91036656543858,149.6753737606973,151.345334085094,4592400
150.2174530029297,151.24916122115457,149.69286713597998,151.03058044131419,4813300
150.40106201171875,150.94313805956833,148.90596365440538,150.93439963144905,3957700
150.33114624023438,151.06557459035454,149.51801865601144,150.82076514031448,6780200
147.2097930908203,149.90271015097306,146.2742742030809,147.46335429014687,7899800
147.3933868408203,148.90596203795238,146.61523983108182,146.93873510243367,7299600
145.7496337890625,148.3551124569274,144.35072506708363,148.1277932916471,6822500
145.10269165039062,147.1048860119038,144.4906547058303,146.20433413659404,4943800
145.39996337890625,146.1868489903836,143.86114587576557,144.814168385275,4161700
145.79336547851562,146.84255044792,144.26330017364364,145.14636163251276,5156800
146.6327362060547,147.09612639198892,145.32998995551367,146.10813699803646,5181600
147.19232177734375,147.70816928352593,145.33874744934417,147.38467395610894,7733900
145.74093627929688,147.86553525064,145.592302936295,147.86553525064,5812800
143.20538330078125,145.43491000823522,140.145252266542,144.8840954940287,8888800
147.2185516357422,147.28849909597818,143.61633080971458,143.75622573018657,6535600
143.16168212890625,144.44693826929517,141.12450752095043,143.42396840970972,7677000
141.8764190673828,143.73871827580413,141.0283245578561,142.57588024466733,5107900
143.84364318847656,144.980265910728,142.0687683252433,142.49717811498869,5452100
143.6896514892578,145.37939155501647,143.2760157335457,144.30570045663958,5352200
145.87217712402344,146.53223222413214,141.62142066786075,142.57190162347993,6340300
142.9679718017578,145.3441681379394,142.6863551969775,144.39370034655406,6319500
138.93722534179688,144.30568007546157,138.77881852778305,142.90636616957235,6163700
138.52359008789062,140.86458926966097,137.64351641915215,140.64457085247636,5764900
135.98019409179688,137.511527294134,134.97691052581328,137.10668744908162,6103700
135.29371643066406,138.07475234599065,135.07369802145516,136.80744416033002,4762600
137.19467163085938,138.8756154134163,135.97136987592603,136.5434123388126,6075600
139.93170166015625,140.3717384578297,138.02194356971637,138.453184465825,6203400
140.5477752685547,140.80300417636016,138.20677586930708,139.4124860391122,6299000
141.6390838623047,142.2463369515366,140.19576332321677,140.66220137720572,3587600
143.26719665527344,143.3904064403683,140.8645991314936,142.02630290141053,12123000
143.06478881835938,144.16488102252228,141.75348750546755,142.80957333569194,5122600
144.63128662109375,145.00972523749917,142.77433085958216,143.31117627202457,5779200
143.87445068359375,145.45858609507286,143.12639606488105,144.5521112207825,4533700
144.74574279785156,144.97455715752818,143.68965689562438,144.38490930735853,3160300
145.4233856201172,146.00422406656003,144.71051463014152,144.71051463014152,4146800
145.85459899902344,145.88980946439816,144.0768599344795,145.30016174352176,4308000
148.0195770263672,148.36280518415506,146.4178366707857,147.22750274995565,4440400
147.81719970703125,148.06361929397232,146.1978537271695,147.94040950050177,3871500
147.30674743652344,148.99648741203265,147.2099387876154,148.1780118478359,6076200
149.40130615234375,149.55091706955497,147.29793055107746,147.7555726341616,3239600
149.0141143798828,149.0757125678846,147.36836710842329,148.82929295815427,3759900
149.17251586914062,150.82705898545572,148.13403518386954,148.13403518386954,4480700
151.71591186523438,151.98873257667103,149.16370338465845,149.54212864791324,4294800
151.85671997070312,152.49917001310305,150.29898575803307,151.39907788556806,5041600
152.36715698242188,152.85999608317613,151.0118360264893,152.2439472072333,3883100
151.90069580078125,153.98646575799276,151.65427628806665,152.78956522672632,3825100
152.5167694091797,153.70486080412428,151.92712166285457,152.93920100990275,3924300
152.25277709960938,152.97444410743785,151.13507954232298,152.76322154759166,4394000
151.28466796875,153.36164249708,151.16145818439395,152.6751860658307,4834300
149.9821319580078,151.64547042124258,149.57730564738497,150.68619347992262,3086000
152.1647491455078,152.40237282299523,149.47172556351708,149.47172556351708,3642000
154.42654418945312,154.86658107072955,152.88641510498567,152.88641510498567,4197600
153.8721160888672,155.98430148745808,153.70489990073176,154.68178245822537,3701300
151.5047149658203,154.25055463739747,151.31990696887087,154.00413502222364,5864000
152.9040069580078,153.06241377555065,150.4926002252722,152.43756897898672,7369900
152.5167694091797,154.3209231150494,152.01512097237352,153.1064171555048,7386600
153.8809051513672,155.50023767676717,152.41997945984193,152.6223926683019,5180300
156.21307373046875,156.31867827181244,152.9744091265848,153.59925390134606,5235800
151.11749267578125,156.13391113363693,150.8534678245548,156.13391113363693,6505600
147.6411590576172,152.65758989002504,145.44978413938367,152.2527500793819,7692100
147.8435516357422,149.005241669094,146.60264478170834,148.8556307860259,5564900
153.00961303710938,153.2384273632516,147.5091524474124,147.5091524474124,6231500
149.9557647705078,152.53438782459557,148.8028703139664,152.34077052651966,6534300
149.97337341308594,150.31660164404468,148.4860466026447,148.94368872020968,5824600
151.10865783691406,152.15594773172842,148.52123890357495,149.31331332356052,7269100
150.9238739013672,153.60808848135375,150.27261439842744,152.35838518830312,5936700
150.19337463378906,151.73350354489307,149.5421152884189,150.33418964287316,5376900
149.9645538330078,151.36388122870144,147.99319732995298,150.71262185316567,6473500
152.8863983154297,153.27363287704551,149.13728933306086,150.22857208431444,4714600
154.42654418945312,155.15700702383515,152.62239029044787,152.87761920174972,5317200
153.5376739501953,154.61135158194844,151.88313098554062,154.28572858825527,5012200
144.02407836914062,153.01843407730104,143.38162822680377,152.86002723214716,8875400
141.86788940429688,143.2584075759481,140.5213776070312,143.01198799402104,6423800
142.7567596435547,143.50481422525442,140.47735857285852,142.78316078003473,5768800
145.7401885986328,146.9282798611047,143.95364032541121,144.51688687319256,4657800
147.6939697265625,148.08119086107237,145.3529705417327,146.10983443499126,6327600
148.7060546875,149.16369677319372,146.93711137865367,147.72037643726034,5781000
149.70933532714844,150.57180377971977,148.69725595935566,148.69725595935566,5193800
151.1702880859375,151.20548513103165,149.78856570370647,150.72144183060482,6713500
147.6323699951172,150.47500441735679,145.5377901951198,150.47500441735679,13610000
146.52346801757812,148.18680669248596,144.1736729643819,148.01078121796417,5613900
147.71096801757812,147.77300815486555,144.1396034450016,146.77160353259933,4677300
146.0892333984375,147.6312038567279,145.65499303321477,146.98428537160905,4222000
146.7007293701172,148.54401678151316,145.98291351018582,147.5160407531837,3447800
147.60464477539062,147.87050599378233,145.53095161200935,146.82478880737855,4168300
146.8690948486328,147.8261870796773,146.31965827095016,146.87796545295845,2646800
144.25477600097656,147.93247869437968,144.15729404050703,146.39050852982666,3522900
144.0244140625,145.2650816439148,141.30378894304133,142.6508091187649,5203300
141.560791015625,144.33457210871765,140.95817139746808,142.26087910023935,6300700
138.35276794433594,141.8355215492337,137.23616704075175,141.79120909193978,6159200
139.83273315429688,141.64943599921128,138.18440955913402,139.94794285618278,5940100
139.15919494628906,140.42646078395427,137.45770222791808,138.80472236747673,7207900
139.18577575683594,140.89613903052566,138.3970627974771,139.15919099029387,9881800
142.42041015625,142.64195891520473,139.44279429500799,140.16946719280267,4449600
143.59014892578125,144.4409019224637,141.4012465879449,142.08362040136913,4706500
145.42462158203125,146.34625853790263,144.58272541769668,145.14103265883136,5810700
147.2235565185547,147.276726046629,145.28278761027963,146.78931616884708,5951500
147.4185333251953,148.10976429496057,146.52346778368937,146.9931500189847,4595800
145.34483337402344,149.27954123720522,145.20305245456004,148.12748506214336,4372900
147.75527954101562,148.4908229687708,146.5323397108336,147.16153054994473,3653600
147.69326782226562,148.50856563203595,146.78048801772584,148.10978057062027,6295100
150.112548828125,150.2277584886091,146.89565711562156,147.7641378262146,3918700
149.77581787109375,150.1125763112341,146.5146266357288,149.4390729532165,4971600
151.27346801757812,152.38121165203938,150.19230914856306,150.65313428673207,4209100
150.97218322753906,151.5747893467785,150.10371589946814,150.22778266062113,5150200
152.31918334960938,153.04585613417535,151.1405425129521,151.15827019713984,3482900
151.0696563720703,153.13449225781665,150.67087134331084,151.90268180056373,4921300
150.21006774902344,153.59533948337545,149.65176051522118,153.31175056390003,5201600
150.74176025390625,151.92925819311557,148.8630178414176,149.3592848296089,4533100
151.52163696289062,151.68115911515378,148.6149180677322,149.13776994019193,4218300
151.64569091796875,153.24084469442448,150.6708844873248,151.8406549085502,4659100
149.1111602783203,151.7520310159898,148.74783061877213,151.67226319204119,3479700
150.70632934570312,151.3178060990653,149.43907690390546,150.87470857022473,4201600
149.1111602783203,151.15828201077554,148.40221512253513,150.69745684170553,3460700
149.3327178955078,150.13030152656282,148.49083533127992,148.87190622131197,3088300
150.30752563476562,151.15827873443476,149.3149916203698,149.89101292752557,3757800
150.52020263671875,151.4152545788321,149.80237344019523,150.9278447005484,3357200
152.27488708496094,152.41668152901175,149.97964530122096,151.15828626315127,3732100
152.06216430664062,152.38119497934937,149.82009251758674,151.08735812832919,4479000
154.9423370361328,155.1904705647316,151.70773055972927,152.3103366942512,3134200
155.04869079589844,155.50950248259394,153.65735808659994,153.8966345346332,4215500
156.8122100830078,157.467999282544,154.68534738968137,154.68534738968137,4034600
155.5183868408203,156.98946046654257,155.27911037162625,156.80336706337505,3781100
156.70584106445312,156.90966209907413,154.41059958800517,155.1550000362163,4401300
155.85508728027344,156.62608601142264,154.71190184908474,156.3424971626642,3822500
154.6853485107422,154.81827235918973,152.78002104199305,154.54355405755592,3295600
154.06500244140625,155.9437314689496,153.59532018452043,155.78420934122224,2846100
154.6410369873047,155.28795559075994,154.16249760774159,154.89802760327566,3228800
155.91714477539062,156.3513716553011,154.83598583305246,155.80193510246968,4041100
155.1195831298828,156.9628705460059,154.79169527259526,156.28936714333676,2743800
157.14894104003906,157.19325348887102,155.42086371367938,155.9082600840484,3756200
158.87704467773438,158.94794190315451,156.6792847787628,157.5388950438701,3043100
159.79867553710938,160.13542041383076,158.30986102994564,159.3201227046326,3395700
159.7100372314453,160.46330826418261,159.26693980566108,159.6036981763804,2666200
159.86956787109375,160.3392501254458,159.46192575559604,160.24178165969553,3010600
159.66574096679688,160.41014147221807,158.912483379976,159.30239779548592,3704000
158.14149475097656,159.9316124338756,157.76043739237238,159.63916646174886,3385000
158.07058715820312,158.5048275469204,157.1134950001045,157.58319075889673,2575000
158.8592987060547,159.07199035783418,157.84017994275032,158.07058575714865,3340600
158.8681640625,158.93906127741823,157.20211331757434,158.6554724177453,3401800
155.1195831298828,159.49738905289212,154.79169527259526,159.4796748870621,5246600
154.63214111328125,155.3410861611172,153.49781281003172,154.68531063964295,4184500
153.30287170410156,154.80940043858405,152.7179797824663,154.49922679225148,4026300
152.66481018066406,154.56126686206466,152.60277004252018,154.0295444749474,5597900
154.20823669433594,154.32420701543163,151.8797230832203,152.4863789570679,4846100
152.25440979003906,156.09957632231834,151.56745008346678,154.98438818125652,5801500
151.2284393310547,153.9762647404196,150.88943136889736,152.53990176764106,4900100
154.56509399414062,155.03793273087254,151.60314741908084,152.21873352131544,6074600
154.04763793945312,154.72566747478956,152.16519968427093,154.14577504709342,3888100
154.53831481933594,155.7248766495483,153.15547878483963,154.02978248647207,3662000
155.1449737548828,155.62674267075286,154.11900607719244,154.53831792083838,5953300
149.3549041748047,154.19035778834322,148.94450899431075,153.89594651795008,6926200
150.48793029785156,150.9429357365115,149.497656374028,149.98832822751828,5156900
147.9899444580078,150.38090150865972,147.5081755152935,150.35413807996866,5461000
148.96238708496094,149.14081448270937,147.42788696067626,148.4181746732886,12012600
150.53256225585938,150.60393593522144,148.54307029126446,149.0426724336616,3720900
150.7020721435547,150.90726296228553,148.86424415364286,149.50659365093168,3872000
150.2738494873047,153.47666687937766,150.18462898190398,151.558548531503,5134500
150.41656494140625,151.567432983359,149.92587949207177,150.2381239684592,4290600
150.34523010253906,150.55042093865816,148.5698454230363,150.2292461627968,4565100
150.28277587890625,151.67452872970517,149.46199890569505,150.1757221559644,5326400
148.10589599609375,151.66558130510126,147.41894992928735,150.09540136408327,5400700
150.47900390625,151.3265440499469,147.41893461793288,148.90882412831542,5480900
148.6411895751953,150.89832916346032,147.20482678146888,150.59500127239653,5167700
145.65248107910156,150.09540022871298,145.42944346122238,149.60471474675157,5971900
147.4278564453125,147.82040480699013,145.43836482659367,145.88444003520277,5093400
149.08726501464844,150.532544414304,147.69551246488595,149.33706605623988,4596800
148.09701538085938,149.06945637132725,146.07182949138186,148.96240264412396,3538600
145.2421112060547,148.11483704520782,144.9744633203743,147.9096326187419,4623400
144.18045043945312,145.42945575994858,143.61839123866167,144.79603649496053,4779200
144.36781311035156,145.45622429175745,143.80575388983593,144.51947707508137,4839200
145.0547637939453,146.5535838911831,144.13584975861642,144.74251924966012,5222600
151.12135314941406,152.2900679754985,148.63225956539262,150.53253062824442,9795300
155.7783966064453,156.16201478038482,148.82855032360416,149.07835137015454,8412700
151.83511352539062,157.2504606147124,151.65668612715646,157.000659534557,5937900
154.10116577148438,154.86841581431082,152.6202061556322,153.69078412830834,6401800
156.1798858642578,157.83036996185152,154.70784278175176,155.9657784271737,4547400
154.66322326660156,156.87575286719093,153.74430926910586,155.96576908779772,5200200
152.96815490722656,155.55538632106715,152.65589673759754,155.4126389513431,4314000
154.3955535888672,154.9576127245296,152.1830243004522,152.73615321927207,5071500
158.5172882080078,158.78493607033946,155.83192020703495,155.95682072770495,5316500
159.04367065429688,159.57895277701698,157.56269758314608,158.9098399137648,5220000
159.75741577148438,161.39003940315905,159.08830281605978,159.92691295182277,5136000
159.587890625,161.4167883148296,159.31132613973355,160.9171861978145,5424100
162.57659912109375,163.20110181498896,160.12318498475437,160.31945920471256,6715300
161.99668884277344,163.2456940930409,161.0688447027437,161.63982047617114,4877200
161.26512145996094,163.09403273005125,160.4889548716315,161.42571563076424,4084500
159.01690673828125,163.78098704278776,158.9544496702651,161.28296297172506,4970600
158.60650634765625,159.6057104981978,157.49131828209272,157.71435589520544,3753800
159.49868774414062,160.39975497520146,157.4913488366863,158.73143766165478,3922400
160.7744598388672,161.14023122573963,159.5432876989013,160.15887376888426,3246100
161.22052001953125,162.46952525238902,159.51650932723985,160.9796355770744,3724700
159.2935028076172,161.54172627885453,159.1596720409507,160.54250828433865,4723600
162.103759765625,163.1921845763913,159.302407452621,162.9513001049889,6704100
158.84738159179688,162.09480850632107,156.51886850108482,161.59520645995346,7390500
157.66976928710938,159.85553550066717,157.46457846396234,159.40054360243568,5633000
158.08016967773438,159.42731220589144,156.5010592772282,158.83848953273483,5153600
159.0972137451172,160.25701221576801,158.55300134959612,159.0704503169061,4701100
160.61386108398438,160.72984501071807,158.29426422813196,158.34780469571925,3920300
161.77366638183594,162.2286582771226,160.60495129958267,160.77446208796522,4498100
164.88729858398438,165.16386312233809,162.45171737631466,162.61231158083126,4397600
164.9051055908203,166.49313249228652,164.4857937402283,165.7704927196475,4109600
165.1192169189453,166.0113674229726,164.60176799303312,165.04784324504675,2511000
164.2538604736328,165.0478740257718,164.10219649323986,164.6731723777764,1837000
164.0575714111328,165.4850178000447,163.71854983081025,164.51256331119384,6411400
162.89776611328125,163.63825270543023,161.4970968246922,163.53119899533448,4375400
165.50282287597656,165.6723336373221,160.8011998685114,162.28215924981725,7915600
166.8853302001953,167.27135504422748,165.3233137701653,166.5082912792207,4683300
166.6968231201172,167.25340244601682,165.03604366966618,165.17968146281896,3547700
164.38966369628906,165.1257970069663,163.671502229743,164.66795331928347,4083200
163.05209350585938,165.44000666009023,162.21721085083445,164.95524624927666,5835100
163.5458221435547,163.7882091920627,162.20823466049666,163.21367175348843,4241700
164.98216247558594,165.1617028457496,162.71991545697753,163.2136617484668,3800800
164.37171936035156,165.36818414862347,164.32683084414884,165.36818414862347,3116100
165.15272521972656,165.34123780791427,163.70740268539666,165.34123780791427,4691400
165.06297302246094,167.729189612379,164.22810403877642,167.40601142881152,5634900
164.60513305664062,166.86738020536973,163.5009467034735,165.24251716014297,5392500
161.813232421875,164.02161876390198,160.1434809041627,163.3662765314402,6127800
161.89404296875,162.65710677844658,160.2242912506122,161.66064182249252,15708100
162.79176330566406,164.7039021483087,161.90303352092866,162.36086360100282,4447800
162.69297790527344,163.60865156015922,162.16332904235043,163.22264046624804,3249000
163.8330841064453,164.89238185601386,162.8455915449391,162.9802570931728,4236900
162.56729125976562,163.42910413855864,160.6192503326132,163.25853600748133,4304700
163.61761474609375,163.87795990030324,161.99275195579966,162.40570709438504,2197800
164.34481811523438,164.8295785611974,163.62664282287244,164.53333073942107,3045000
163.15980529785156,165.6644257179217,163.0610560369569,165.26944237239556,2694300
163.36627197265625,164.1562660401254,163.28548086067934,163.3124112313383,2549200
162.18130493164062,163.348337960952,160.9514252347414,162.8276612648576,3136200
161.05917358398438,162.26210930875416,158.50966433798013,162.1184715122895,5137400
160.6641845703125,162.07359113707594,159.38942988322057,161.05918168142222,4771300
158.9854278564453,160.4846111667726,158.76997119521695,159.75746376994852,3647100
162.5763397216797,163.23166843176227,160.51159060571476,160.52056283257255,3713200
160.98733520507812,164.07547896510934,160.52051927208322,161.9838000381341,3319200
159.65870666503906,161.1668621253535,158.97643412037655,160.50254772609037,3817300
159.8382568359375,161.32846794037485,157.71066166218702,161.04119238855702,4369900
157.80043029785156,160.1255101671611,157.3874888366572,159.48813982982372,4246600
157.31570434570312,157.75557627235762,156.35514197074303,157.4593284473154,4720400
158.0518035888672,159.38940474084677,157.54011282877545,158.13259470392597,5032600
154.06594848632812,157.76454611135958,153.80561698677172,157.31568830670483,5032600
152.27947998046875,154.55967125343014,152.14481444076586,153.76070503084335,4720400
152.50393676757812,152.5129089926471,150.33146657022277,151.669054102341,5779100
151.8216552734375,153.29390828415526,151.462574518844,152.62062159575288,5440400
153.23106384277344,153.39264606082594,151.22017615268152,152.26152944030332,4125600
154.34420776367188,154.3890962749154,152.01912808059194,152.9168435132607,3852800
152.8091583251953,154.11084327200544,152.64756238596206,154.08391289847552,4558400
152.2705078125,152.8181148480974,151.33688966393427,152.40517336436628,5451400
152.1448516845703,153.92233861779522,151.8396316367434,152.41416913185176,5191500
153.52732849121094,153.57221701162376,152.00121468354766,152.79119511098975,4665500
154.0120849609375,154.69435757844906,152.17176525546725,153.40164493269333,4147700
152.58473205566406,153.1143810083282,151.27406116294796,152.1269019996745,5653800
151.8216552734375,153.7696964481154,149.96339113643435,153.47346235950477,5308200
154.24549865722656,154.74821719400984,152.24358303660728,152.37824859342243,5640000
154.0120849609375,154.4340123855398,151.9473363571917,152.87198232224281,6044700
153.65298461914062,153.80559460675084,152.8270880225172,153.50934685501886,5687300
155.10733032226562,158.43786187065785,154.44301571826387,157.3875360589367,9619400
158.177490234375,158.5275987798686,154.9905970290569,155.41252446824834,6176000
159.58692932128906,159.99987088660194,158.03387124419606,158.2313698008431,5205100
157.79147338867188,159.12008862893398,156.91170224620723,158.98543676940002,5203000
158.0069122314453,158.0428285250836,156.73215776833644,157.10022443884003,4125500
157.55804443359375,158.8058684461936,156.6872592919178,156.86681335259246,4973200
158.2493133544922,158.37499299730663,156.94762840433106,157.2438762119766,3952100
158.15953063964844,159.2637307098418,156.80398499089188,157.6209094889218,5797300
158.10565185546875,159.28165698647462,157.7914596445723,158.6442866427936,5299500
158.27622985839844,158.88668356861314,157.09125242970907,158.59043578692766,3801400
157.9620361328125,158.29418650698915,156.4628390917313,157.51317835233493,2959100
157.91717529296875,159.12011106795214,157.68376043945673,158.86875176267367,3208500
155.78057861328125,157.15408231173754,155.48433083741097,156.99250008747316,4317100
153.8056182861328,154.82004131659951,151.8216607456547,154.69436167815655,5359100
156.6434783935547,157.04113082732601,153.44408289051756,154.1038397860977,4476300
156.48983764648438,156.76097498704414,154.84496168415976,156.3542758715135,3627100
156.80618286132812,156.95079129648204,155.6493429613356,155.6493429613356,3611400
156.02894592285156,157.4930685562422,155.3330298233791,156.95984041082474,4094900
156.4536895751953,156.67963505642626,155.25165796017242,156.06505617635682,2920200
155.26976013183594,157.5834399909753,154.727485381454,156.91463630425355,4042100
155.4776153564453,157.47497963146708,154.51057579378883,155.92950635353796,4129900
156.99595642089844,160.17725870881296,156.0017908367895,156.13735260252386,8265100
156.83328247070312,157.08634031634267,155.06187755122644,155.89335529984464,6480800
159.63499450683594,159.6621068594141,156.52598269878143,156.83326522174534,7099800
159.5265655517578,159.96942372329852,158.45107649050706,159.6169492734991,4734400
158.27935791015625,159.68925572909853,157.46594577495267,159.52656778580985,8854600
160.5026397705078,160.58397683959384,158.62277158256902,159.51752071437153,4367000
160.88221740722656,161.02682582668496,159.31867851985905,160.56590200410645,3812000
159.5265655517578,162.11138278049353,159.4452284765625,160.72859733969426,4380800
158.74929809570312,160.16824241329715,158.17992483013822,159.11985201450878,4655600
161.8583221435547,162.08426765342864,159.4181133950399,159.54464232894455,3713800
162.21983337402344,163.26820999524756,162.0571454456802,162.30117044288573,4078600
162.1656036376953,163.09651181949144,162.0752337087246,162.0752337087246,2850000
163.2863006591797,163.50321331492674,162.6717354871591,163.2682211568792,4496000
163.43089294433594,163.88278392285017,162.75305647656455,163.58453422215658,2743000
164.75946044921875,164.93118123477046,163.87375795547808,164.6329315215415,4479800
164.94021606445312,165.1751944213468,163.04226833595703,164.39794134470597,3902300
164.35275268554688,165.71745846178575,163.67491622485414,164.65098859250776,3306400
165.97052001953125,167.16351883655545,165.44632482331926,165.61804560370473,3826300
166.62123107910156,166.964672612952,165.48247085352733,165.66322447480013,3389700
165.57284545898438,166.20549004666856,164.20813972050723,166.142232483209,2408100
165.31982421875,166.1874611243592,165.17521576937835,165.77171528007088,3586700
164.99441528320312,166.09703026319127,164.71424511118622,165.11191133880385,3620900
166.63934326171875,166.84720927742077,164.58775409181604,165.0486779850562,4303600
165.85299682617188,166.3139343803734,165.3197688621114,165.6993555716434,2572900
166.70260620117188,166.9737435902951,165.8259364576917,166.46762781892934,3224400
167.04603576660156,167.39851020985625,166.060916654764,166.99181105081152,2438600
166.94659423828125,167.48886889637004,166.53084849499754,167.41656468925038,2209900
167.4979248046875,168.13960232143978,166.47664670065555,167.05506664660743,3868200
167.57022094726562,168.44689057491183,167.31716309501917,168.09441615281006,3781800
167.65155029296875,168.61860359070516,167.21773882204732,168.5553322352489,3540200
171.45648193359375,171.88124676800493,168.32035742486195,168.60956048133534,6231600
170.39906311035156,171.19439573421676,169.79353078649777,170.34483839338253,4481700
171.4384002685547,171.67337861088632,169.46814844681762,170.07368069832532,4574500
172.52293395996094,173.1826909147305,171.39320653505925,171.62818487481633,4608900
173.23690795898438,173.82437446830895,171.97161881533006,172.12526008344398,3137800
173.75209045410156,173.97803595534228,171.49263544169452,172.94772502130942,3712200
173.68881225585938,174.65586558259233,173.32730498435495,174.05033331798225,3389600
174.7733612060547,175.28850975616615,173.67074610297314,174.50222385780836,4267600
175.5777587890625,175.7675453141905,173.8786439665098,174.26727745471152,4146500
174.74623107910156,175.33368378171102,174.11357273399355,174.79140914036614,2249900
175.46023559570312,175.93923894881544,174.16783396501637,175.20717774087467,3087600
175.5777587890625,176.7617111764545,174.13170186042774,175.43315033807482,4352900
176.5447540283203,176.70744194235553,174.42990768018439,175.5867474154357,3690200
177.24972534179688,177.34010906004067,176.19230203331657,176.54477646947666,2741000
175.5777587890625,177.9366307071426,175.33373375184843,177.6564604524921,2946400
174.8185577392578,175.76753166305772,174.01419225521445,175.76753166305772,5803100
173.58038330078125,174.96316877373772,172.4777680648706,174.71011089572085,4878800
173.12847900390625,173.2640545792881,172.08913521240711,172.9115801482857,3709400
173.38153076171875,174.3033922375253,172.71274092626294,173.94188496379883,3883000
168.6818389892578,172.97480265095516,168.47397303122185,172.79404904437536,5787000
168.16671752929688,168.67283322525125,166.82911028642502,168.54630430126267,6382300
167.10025024414062,168.7722524285268,166.630279751723,168.3474737933718,3721000
166.11512756347656,166.49471433307596,164.4431254156193,165.1209618878936,4712700
165.91629028320312,166.52182252843235,164.84982042234745,166.03378634845976,4449300
164.13587951660156,165.4734732592591,163.313434436806,164.54257873267605,4331800
164.80465698242188,166.8562322400596,164.00029153566499,165.26558084833226,20414600
165.810302734375,166.26535048812786,164.54527053442033,166.0196208127538,5277400
167.5121612548828,167.72147931372498,165.3643355021579,165.65557270311575,4288300
167.63047790527344,169.43246295146702,167.1026208943775,167.32104879483742,4311700
165.23690795898438,168.47684515238362,164.2084957794004,168.3494323600686,3975600
163.9173126220703,165.400772835529,163.54417010788217,164.46337551536791,5162700
165.72840881347656,165.91042515004324,163.2074401968115,163.54417111380764,4036100
165.95591735839844,166.39275930315077,164.72728289802345,165.373456803077,3200100
165.54637145996094,166.30175241678725,164.44516364463942,166.08333837709677,4207100
165.2187042236328,165.81027453507656,164.8000681380725,165.7556710358255,2838700
166.70217895507812,167.13902087498735,165.12771774283453,165.63736896388764,3559300
169.01382446289062,169.43246057420578,167.02071329589018,167.69417501068946,4326100
169.31414794921875,170.72479864529478,169.00471883540843,169.40516304714143,8925700
168.64981079101562,170.97965326886566,168.58611132122388,169.76922447325708,4154800
168.75900268554688,170.07865227625962,167.63049314794026,169.02293815847156,3832400
170.50640869140625,170.71572678182244,169.15945726422987,169.94214000117327,3185800
169.3414764404297,171.09795409062147,169.23225553724225,171.09795409062147,7592600
168.26756286621094,169.66910387948008,167.56678541609847,169.42338808370317,3706100
169.4779815673828,169.83291824946238,167.42117077981342,168.06733079456995,5763000
167.1845245361328,169.95122236744385,166.89330122528392,169.505270615916,5193900
167.348388671875,167.35748462885863,165.0822455568001,166.77502398188994,5770400
168.56787109375,168.8409024911323,167.34834659065655,167.49395130056723,7635100
168.91372680664062,168.95012451561576,166.97521898853455,167.73059990410192,2389000
169.80563354492188,169.9057446133524,168.34037911805137,168.36768087426367,5277100
169.82383728027344,169.96034605967546,168.26756776030967,169.1048540102064,5592100
166.6202850341797,169.16855519975996,166.57477748199955,169.11395169192588,6309900
167.7306365966797,169.19589119691685,167.25738295474474,167.52131847863382,5508800
167.4393768310547,168.12194849938578,166.01962998283904,167.8034233863383,3914300
166.70217895507812,168.01271860176004,166.52925860073063,167.43935403459815,6080100
170.67019653320312,171.1525460048277,166.7840851210434,169.09573531237103,8223100
171.28907775878906,171.6713161969843,170.26976136998005,170.97053878348217,4467600
168.9410400390625,170.196962444887,168.74991386483055,169.58720009769885,5637400
167.86712646484375,170.024062426294,167.29377569424355,168.76812608572473,5684100
169.5143585205078,169.82380150021635,167.8397863735288,168.36764335426304,4140800
172.28109741210938,172.90906558910936,170.01495440096957,170.64292257796956,5056500
173.0637664794922,174.2559893823273,172.28108378104966,173.01825892634736,15022100
173.7554168701172,174.2195605375518,173.04554354959168,173.4550837134404,4225800
174.15586853027344,174.74742502703637,172.97274164979285,173.29128061694504,3521600
174.37429809570312,175.08417145333712,172.97274329127868,173.93744227027076,3898900
171.58033752441406,175.00229228360382,171.4620206421289,174.73837064653463,4141800
173.20028686523438,174.16498595398488,172.7270332773158,173.04557228373255,5602300
170.60650634765625,172.5450002946135,170.05134754431285,172.41758748172919,5687700
170.02406311035156,171.64403213359594,169.64181074580492,170.63382548319464,2853900
171.38009643554688,172.89085843110766,169.6418105450025,169.81473092710308,4285900
170.29705810546875,172.20826412708215,170.16054934119123,171.25266111627545,2857400
168.00363159179688,171.107046632436,167.77610772121588,170.29706220864583,4651100
170.0877227783203,170.37895996183204,168.45865817978046,168.62246868029086,3323400
167.85801696777344,170.62470118947698,167.4848744782906,170.36987555933146,5017900
167.4393768310547,168.3676781883327,166.21075616023245,167.3483756074509,4413100
167.2300567626953,168.90462923632035,167.0298346313971,167.6578027807455,3727200
167.4939727783203,167.71240070162594,166.80230518495247,167.4575750679138,2873800
167.11175537109375,168.24027895318076,166.66581739942112,167.81253289552438,3385600
165.0458221435547,166.96612417685097,164.84560002543242,166.68398291080226,3331800
164.9184112548828,166.50196853329098,164.6817775378203,165.2733479435214,2633700
162.4065399169922,165.10042871918515,162.28823694459774,164.91841239576993,4503000
162.16082763671875,163.40766805411343,161.33265119330207,162.41566718118173,6020300
161.13243103027344,161.96062137082527,160.38614596200733,161.7512893812636,4284100
159.90377807617188,160.923094488886,159.54884138331263,160.340620031932,3489300
162.106201171875,162.25181978039268,160.51353409446946,161.31442255436178,4042700
161.25070190429688,164.21762189894787,161.17790649028896,162.00608277895537,5709800
163.28932189941406,163.5532573532576,161.85136944023603,162.05159154765033,4710700
164.04473876953125,164.89112104723506,163.21654840598035,164.56349994899412,3189800
164.66357421875,164.9275096937621,162.92530234598945,164.09022348967372,4368600
164.8001251220703,165.8740313438811,164.47249012632236,165.1459659195148,3153400
163.0633087158203,164.63052631675956,163.0083210780064,164.3647340877943,5566700
160.68043518066406,163.8790042327324,160.0572092721059,163.8056827149815,4801400
159.61729431152344,161.19367198313736,159.14987138347016,160.63460764629,5081800
160.13966369628906,160.37796208490613,158.9940413960831,160.31380052346393,5933800
161.67022705078125,162.27511903263803,160.57960627607682,161.16616438388232,4934300
161.5511016845703,162.3576103915891,160.94620966581928,161.12950646356677,2995000
163.98898315429688,164.447232161917,162.0643457130824,162.0643457130824,4512700
163.3841094970703,163.97982762917582,162.95335429952314,163.81486469461746,3331100
164.67636108398438,165.0979563355522,163.32912183131282,163.43909712100432,3781400
166.096923828125,166.51851904919698,164.35558327226738,164.91464759550996,4118300
164.822998046875,166.63767416774851,164.6122074211916,166.26190662896312,11661200
164.4014129638672,165.8861352239328,163.53072869071815,165.8861352239328,3182600
163.42991638183594,164.17227746210315,162.49508458444643,163.92481910713127,3369300
163.4849395751953,164.43809146939853,162.73340440207323,164.1356454107995,3695800
160.73541259765625,163.43907871372446,160.50628811350387,163.2282881040059,5351000
160.63461303710938,161.66108635180842,159.80975642238332,160.33216701017483,4542300
159.77308654785156,160.79039981420337,158.71910553272835,160.09385243403358,3553600
158.1142120361328,159.21400665251497,157.30768945795052,158.55412708575622,5213700
155.4105987548828,158.27006852153397,154.91568192009964,157.92179474777188,5729900
155.346435546875,155.96964757271925,154.1366512830806,155.74052303651442,4841600
155.29144287109375,156.57453463846412,154.00833711907197,156.27208858230154,5194200
155.04397583007812,155.3372619232308,153.34846280223496,154.9614943606229,3838800
153.69671630859375,155.80466456731688,153.08266430875116,154.759857376075,4873400
154.80567932128906,155.0073099984785,153.11015244073693,154.38408409135218,4134000
146.73135375976562,154.7140445075303,146.5205491244321,154.67739073618833,10556400
146.90545654296875,147.48285475128145,142.81788334233605,145.52154961368134,12774700
147.88612365722656,147.94111130184584,145.39324788038485,146.6396857688057,7244500
150.67225646972656,151.3871237476067,148.50016081652527,150.53478737192222,11456400
149.04090881347656,151.62544003400296,148.10609086893126,151.23133859943349,7371500
144.8800048828125,149.06839345242724,144.28427279463517,149.02257974034788,9024100
146.63970947265625,146.85967407134012,144.76088539810735,145.3749375033658,6757100
147.62948608398438,148.42683479633834,146.45636986950905,147.55616457249863,5605000
146.97879028320312,148.13358679586284,145.86983545539732,146.63969047407005,6411300
148.50015258789062,149.7557502270915,147.43701167495146,147.57449474978645,6650600
147.15292358398438,149.13256271368425,147.01545447135953,148.38102760560085,6336800
146.63970947265625,148.6834965077287,146.37393115248415,147.89530750992708,5486500
