close,high,low,open,volume
0.7290042638778687,0.7353107222958359,0.7279953344550545,0.7315269482823368,1266000
0.7290042638778687,0.7312744994181735,0.7221934850874674,0.7290042638778685,3025200
0.7315270900726318,0.742878342143831,0.7310224809244442,0.7365718825034964,2779200
0.7353107333183289,0.7373285200247175,0.7290042748058261,0.7302655809422242,2565600
0.710085391998291,0.7340492675305691,0.7063016183790113,0.7302654939112895,3720000
0.7302656173706055,0.7332926223438814,0.7113468182452583,0.7131125170192174,3808800
0.7163922190666199,0.7327883393042668,0.7126084434967658,0.73152724917652,2390400
0.707563042640686,0.711094656330147,0.7020135701843438,0.707563042640686,2796000
0.7214367985725403,0.7214367985725403,0.7083198485380973,0.7100855473999678,1078800
0.7060496807098389,0.7189144717676624,0.7037794446906647,0.7189144717676624,1422000
0.6999955177307129,0.7126081458076983,0.6987341394518365,0.7100854614194316,3720000
0.6931849122047424,0.6999956926533552,0.6835992864898567,0.6999956926533552,2732400
0.6757794618606567,0.6896531070034438,0.6757794618606567,0.6858693331139679,7286400
0.6823384165763855,0.6881399799354715,0.681077037709016,0.681077037709016,2756400
0.6596356630325317,0.6835992571908928,0.6596356630325317,0.6835992571908928,5157600
0.6485365629196167,0.6573654918755886,0.6485365629196167,0.6573654918755886,8997600
0.6520681977272034,0.6578697603301843,0.6492933522213814,0.6508068911937369,2284800
0.6586263179779053,0.6586263179779053,0.643743742836106,0.6470229078259854,4042800
0.6598876118659973,0.6598876118659973,0.6503019896328254,0.6520679045892214,8971200
0.6873830556869507,0.6873830556869507,0.6669507145116625,0.6672031634351822,10950000
0.6974732875823975,0.6987343053131759,0.6886444313988698,0.6888965194738202,6362400
0.707563042640686,0.707563042640686,0.6929325562080245,0.7037792687748486,2073600
0.7090767025947571,0.7093288628400198,0.6936895149209595,0.7050407674499847,8556000
0.7113468647003174,0.7226981882185275,0.7015091520218297,0.7100855584186301,7749600
0.7201756834983826,0.7224459189916768,0.7075630556015686,0.7075630556015686,2432400
0.7302656173706055,0.7302656173706055,0.7179054372749263,0.7237069983409374,5710800
0.7239594459533691,0.725220535642003,0.7100855108021344,0.7138692850544743,4087200
0.7360677719116211,0.7403557957614396,0.7252207661117712,0.7277434514771679,4594800
0.7277431488037109,0.7360674657760227,0.7216891394617484,0.7360674657760227,1618800
0.6977252960205078,0.7184097206851668,0.6924279834629447,0.7184097206851668,4497600
0.6810768842697144,0.6936895153896027,0.6810768842697144,0.6936895153896027,3087600
0.710085391998291,0.710085391998291,0.6856171961461226,0.708824302520649,2820000
0.6916713118553162,0.710085501627369,0.6896531642304272,0.710085501627369,2475600
0.6964641809463501,0.6992390266229154,0.6878877723098188,0.6979777200118376,4759200
0.7138693928718567,0.7138693928718567,0.6954551279112394,0.6974732758670099,5280000
0.7252206802368164,0.7252206802368164,0.7138694273860701,0.7138694273860701,3597600
0.7302656173706055,0.7302656173706055,0.7113468182452583,0.7113468182452583,6158400
0.7353107333183289,0.7365717507767762,0.7290042748058261,0.7290042748058261,4755600
0.7189143896102905,0.7204279282297744,0.7100855346124574,0.7126082192607531,8096400
0.7315270900726318,0.7317792503077244,0.7151306847230651,0.7189144594699649,7203600
0.7441393733024597,0.7491844540133903,0.731527032372608,0.731527032372608,10880400
0.7403557896614075,0.7476711802284564,0.7393469320321033,0.7441395650850273,5103600
0.739094614982605,0.7466620920551942,0.7353108403615612,0.7403556326246256,19236000
0.7375811338424683,0.743887305087308,0.7373286849180639,0.7398513699245113,4482000
0.722193717956543,0.7312747352153942,0.7189145519360673,0.7312747352153942,6561600
0.7088242173194885,0.7194187677461034,0.7065539822885961,0.7191663189385864,9090000
0.7189143896102905,0.7189143896102905,0.705040670502321,0.705040670502321,1640400
0.7229504585266113,0.7282477003400621,0.7214369196259071,0.7239596047429258,3015600
0.7239594459533691,0.725220535642003,0.7179054360174216,0.7201757438705203,6338400
0.7063018083572388,0.7264819878677,0.7012570160728682,0.7262298276399298,3862800
0.710085391998291,0.7196710143806814,0.7047880800635078,0.7063016183790113,4666800
0.7042840719223022,0.7113469404004931,0.697220842596593,0.7113469404004931,3122400
0.6921761631965637,0.7055452050941042,0.688896636073521,0.7055452050941042,5360400
0.6997432112693787,0.7007521404748029,0.6911665191590904,0.6949502923573158,2216400
0.7012571692466736,0.7020138666037631,0.6964641752956593,0.6989868606668623,2182800
0.6911666989326477,0.702517949310331,0.6883921428960644,0.702517949310331,1837200
0.6967164874076843,0.6974732567856436,0.6936894820653472,0.6936894820653472,4149600
0.6835991740226746,0.6989866479861365,0.682085707599484,0.6989866479861365,3433200
0.693941593170166,0.70251799944536,0.6810768033336377,0.6835991993527589,10131600
0.6924281716346741,0.696211946727059,0.691166865157541,0.696211946727059,3644400
0.6798155903816223,0.6909147562251806,0.677797802980245,0.6886445198689043,5796000
0.6977252960205078,0.7025179273514524,0.6810767334400718,0.6810767334400718,7011600
0.705040693283081,0.7065542319514692,0.6987342340517996,0.6987342340517996,10683600
0.6858694553375244,0.7085720305505482,0.6823382018441437,0.7085720305505482,4002000
0.6823384165763855,0.692428292803025,0.6770411016522642,0.692428292803025,4879200
0.6962118148803711,0.7075631380078433,0.6873829598904525,0.6873829598904525,8106000
0.7025180459022522,0.7045361937933915,0.6999956497163272,0.7012570282330391,1630800
0.7088242173194885,0.712355541676439,0.705040444155021,0.7063015334810792,1459200
0.7138693928718567,0.7315271049423172,0.7100856180480443,0.7100856180480443,3625200
0.7063018083572388,0.721436834735837,0.7063018083572387,0.7201758170884905,1084800
0.7113468647003174,0.7113468647003174,0.7050406941393608,0.7050406941393608,792000
0.7189143896102905,0.7214367855806119,0.7128603794713423,0.7146260061319217,2389200
0.709328830242157,0.7239595365077983,0.7050407350491851,0.7239595365077983,4260000
0.7214124202728271,0.725268881295102,0.7147281771539962,0.7147281771539962,3036000
0.7275828719139099,0.7316965582295708,0.7198699491286655,0.7214124895521845,705600
0.7160133719444275,0.7275827542513269,0.7118999069616333,0.7273257500374993,4282800
0.7160133719444275,0.7198698327133939,0.7149851344215035,0.7198698327133939,3616800
0.6903039216995239,0.7160134674391947,0.686447460416221,0.7160134674391947,10215600
0.6993024945259094,0.6993024945259094,0.6926178820842973,0.6941604962717298,4054800
0.7070152759552002,0.7085578898319432,0.6915895049671607,0.6980168176006628,2776800
0.71986985206604,0.7288683098061196,0.7121569303207564,0.7121569303207564,3292800
0.7188416123390198,0.7247549902352194,0.7108717591374833,0.7198699235475687,5949600
0.722440779209137,0.7229547874952198,0.7147279333514108,0.7211552436029736,2212800
0.7154994010925293,0.7237263314901698,0.7134425581593067,0.7237263314901698,859200
0.7232124209403992,0.7250119656664105,0.7172991162351674,0.7172991162351674,1908000
0.7370955944061279,0.7412089862795247,0.727582833224289,0.7288683693240593,2875200
0.7378668785095215,0.7417233399621131,0.7363243380620154,0.7404378037739932,2931600
0.732724666595459,0.7412088204654012,0.730153815638675,0.7352955175522431,1572000
0.7414660453796387,0.7471224193482987,0.7350387321846491,0.7350387321846491,2089200
0.7520070672035217,0.7558635284131773,0.7414659947708585,0.7414659947708585,2511600
0.7530353665351868,0.7604912110379495,0.7494362038489533,0.7532926649978473,1560000
0.7368382811546326,0.7597199700231759,0.7332391185045447,0.7558635089130115,3934800
0.725011944770813,0.737866865082791,0.7198699472236687,0.737866865082791,1785600
0.7352954745292664,0.7412087770964303,0.722440852718171,0.722440852718171,5764800
0.7406948804855347,0.7491791120648508,0.7291255674030657,0.7301541730904456,2618400
0.7522640228271484,0.7648619375058413,0.745579706259673,0.7648619375058413,7483200
0.7514926791191101,0.755863442542129,0.7430085242664274,0.7458366739584832,2990400
0.7543207406997681,0.75586335425054,0.7507212845626793,0.7532925032962662,2188800
0.7661473155021667,0.7661473155021667,0.7532926897693983,0.7543209274274343,3271200
0.7602342367172241,0.7610054700580314,0.7455796999037729,0.7455796999037729,2889600
0.764862060546875,0.7661473761100681,0.759205759975831,0.759205759975831,2186400
0.7738603353500366,0.7784881046137819,0.7674330210646346,0.7674330210646346,3157200
0.7712894678115845,0.7751459298618215,0.76589046507479,0.7751459298618215,3418800
0.7532927989959717,0.7720607318212558,0.7507215792530708,0.7712894247430988,1498800
0.7653759121894836,0.7653759121894836,0.7540638282574489,0.7558634462111462,1404000
0.7725749611854553,0.7748888086441162,0.7664046522584365,0.7687184997170974,1350000
0.7815729975700378,0.784144143089874,0.7674327637710885,0.7674327637710885,2010000
0.7918571829795837,0.7946850389162937,0.789028959263457,0.789028959263457,3552000
0.7815729975700378,0.7931423065167682,0.7784878436138516,0.7913427620984362,1394400
0.7795162200927734,0.7905712231342727,0.7764309934864375,0.7838866145244455,2674800
0.7802879214286804,0.7838870849244284,0.7730890059900248,0.7738603131044598,2264400
0.7710325121879578,0.7751459787970943,0.762805358301984,0.7751459787970943,3132000
0.7584341168403625,0.7648617215902798,0.7545776569686078,0.7622905767121172,4099200
0.7679470777511597,0.7689753888625076,0.7520070050754176,0.7597199268575149,3963600
0.7777165770530701,0.7838868852853146,0.7746314229369478,0.779002186657571,8696400
0.7823441624641418,0.7828584650789977,0.7772024603211696,0.7828584650789977,6325200
0.7802879214286804,0.7941711552649285,0.7802879214286804,0.7844013877419116,874800
0.7723175883293152,0.7774595854958879,0.7669185133711772,0.7774595854958879,759600
0.7754027247428894,0.7777165719257573,0.7689754123215204,0.7723175706471068,2701200
0.772831916809082,0.7761740017668156,0.7687184513391611,0.7687184513391611,1700400
0.7710325121879578,0.7784881382363114,0.7687186642340996,0.7782311339208718,1390800
0.7707750797271729,0.7715463867630781,0.7610056074224015,0.7687185306696794,954000
0.764862060546875,0.7736032214478239,0.7638334550280647,0.7707750711623019,1809600
0.762548565864563,0.7692328866002699,0.758692102499328,0.7674332674449581,706800
0.7692325115203857,0.7712893547273867,0.7620338912973642,0.7648620415125048,1069200
0.7856869697570801,0.7890290552812317,0.7666616646486347,0.7666616646486347,3214800
0.7933998703956604,0.7957137182479452,0.784144405430624,0.7867152575870664,1048800
0.8005982041358948,0.8065115076836177,0.7951992032352722,0.7967417433972198,4335600
0.8090823292732239,0.8131957940729992,0.802140714909109,0.802140714909109,5340000
0.835563063621521,0.8365916687381295,0.808567916667461,0.8090822192257652,5509200
0.8263076543807983,0.8394195753010663,0.822708492477548,0.8329922640442755,5649600
0.8137103319168091,0.8224514931155169,0.8137103319168091,0.8214231817852247,1759200
0.8162809610366821,0.8214229576202355,0.8137101098566435,0.8137101098566435,1304400
0.8214230537414551,0.8275933620967131,0.8160240523195739,0.8175666661863272,4444800
0.8203946352005005,0.8252793328483736,0.8191090258538927,0.8252793328483736,1452000
0.819880485534668,0.826050793679985,0.8155097218756201,0.8209087231138038,2149200
0.8185951113700867,0.8227088719843436,0.8137104114063558,0.8157672549355361,2392800
0.8214230537414551,0.8214230537414552,0.815767048082952,0.8188522022605809,820800
0.8124244213104248,0.8211659470522897,0.8113961839166959,0.8211659470522897,2119200
0.8149958252906799,0.8175667505928572,0.8121676750576915,0.813710289083706,4768800
0.8461043238639832,0.8484181710074495,0.8111393182630622,0.8124245600578229,15772800
0.868728756904602,0.8689860553664446,0.853560210819915,0.853560210819915,6512400
0.8741276860237122,0.880555292349897,0.8677003739210155,0.8687286850127494,6567600
0.868471622467041,0.8805552332096857,0.8677003156441714,0.8741276273151942,3781200
0.8738706111907959,0.8741276153870892,0.8671860011877204,0.8702711548812325,5355600
0.8954666256904602,0.8967522350307696,0.8702710952526409,0.8702710952526409,6526800
0.8905821442604065,0.9049793100044045,0.8895535388490815,0.8928959915447353,3208800
0.8736137747764587,0.8777272402686206,0.8661578565290918,0.8766989290624904,4203600
0.866414487361908,0.8741274065307642,0.8635866327638165,0.8741274065307642,5250000
0.85844486951828,0.8589591721503844,0.850988952470135,0.8561310225648893,4948800
0.8527886867523193,0.8599872303158093,0.8522743842274543,0.8584446905204796,2805600
0.8692430257797241,0.8702712633606658,0.8497037901744452,0.8497037901744452,3540000
0.8856968283653259,0.886982437655851,0.8674432065815573,0.8712996666738413,2164800
0.9006087183952332,0.9011227267657983,0.8877538015558712,0.8877538015558712,13227600
0.9065219163894653,0.9139778344422381,0.8977807564743342,0.9024084510046619,2678400
0.9456008076667786,0.9461151104357483,0.891610565199379,0.8972665716520614,13743600
0.9551132321357727,0.9576843780837133,0.9384021442580247,0.9456007644651813,2131200
0.9638546109199524,0.973110073598789,0.9563986928169905,0.9563986928169905,7651200
0.9782519340515137,0.9833939317586202,0.9602552363001815,0.9702820067840344,4514400
1.0026755332946777,1.0142448369488193,0.9589690952425372,0.9666819398266853,9672000
0.9859644770622253,1.0219580820457175,0.9833936261194639,1.0091031653291498,13468800
0.9533134698867798,0.9828794739242636,0.9533134698867797,0.982108167034311,7224000
0.9448294639587402,0.9602552364142365,0.9445724596960051,0.9533136204202919,5287200
0.9422587752342224,0.9643688690225933,0.9396876288237666,0.9409731652510455,5175600
0.9417441487312317,0.9430297582725615,0.9294035328731246,0.9371163810065053,5184000
0.9776027798652649,0.9943541157440758,0.9514287754319717,0.9514287754319717,5118000
0.9802199602127075,0.9815287950729588,0.9723677747829463,0.9749853696187447,2953200
1.0077028274536133,1.0077028274536133,0.9880722509477713,0.9880722509477713,5661600
0.9914751648902893,1.0160786869220924,0.9914751648902894,1.0011594805533164,7072800
1.007964849472046,1.010058551138065,0.9899047536818819,0.9940924565527689,5602800
1.0341393947601318,1.0521995000012485,1.0058713746452204,1.007703430085835,5680800
1.0422528982162476,1.0550784803436315,1.0370183060093452,1.0409444373763401,4245600
1.0299513339996338,1.0367564090341084,1.0228843121765223,1.0299513339996338,5088000
1.0268102884292603,1.0333537152243422,1.0205285088443181,1.0299511782217312,6018000
1.0247163772583008,1.037541584767782,1.0173877086485188,1.0268103788557434,5257200
1.044346809387207,1.0519374236822918,1.024716230544909,1.0260249907165202,3325200
1.0325684547424316,1.0600512960760688,1.0325684547424316,1.0446084946126872,2755200
1.0338773727416992,1.0378035039448292,1.0236694615674513,1.0317833711999358,4971600
1.037803292274475,1.0430378831952538,1.0304743258154807,1.0338771618721188,7610400
1.0809909105300903,1.0809909105300903,1.0425149105747658,1.0443470404278554,6296400
1.0888426303863525,1.1019294805197455,1.083869387704624,1.0980033505950277,4483200
1.0673799514770508,1.0893661793571683,1.0569103940379025,1.0888428849527683,5206800
1.0592656135559082,1.0692118725621294,1.0446080593545193,1.0679031128881942,6403200
1.0629302263259888,1.080990393152548,1.058480502795573,1.0639771143782804,4293600
1.026548147201538,1.0603127622374633,1.0234072580041058,1.0603127622374633,3678000
1.0299513339996338,1.0325686302288075,1.0103207511064267,1.026548496943473,4662000
1.053507924079895,1.0600513510921927,1.0312597480450285,1.0312597480450285,3679200
1.068427324295044,1.0757559184208034,1.0603131144642484,1.0626687634236722,5652000
1.107164740562439,1.1097820364025792,1.0705208764519214,1.0705208764519214,7165200
1.156895399093628,1.16736525655858,1.1069031083550893,1.1071647555694581,9645600
1.189612865447998,1.2024380691543364,1.17652571504725,1.1830694400170318,10899600
1.2061024904251099,1.209243379402075,1.1804517847861777,1.1898744517170732,5023200
1.21055269241333,1.2197134162821166,1.2095055043532217,1.2197134162821166,8403600
1.1843785047531128,1.2241632680504047,1.1843785047531128,1.2170962456104633,8730000
1.1804523468017578,1.203485768253191,1.177835050401904,1.184378478613378,5265600
1.1731235980987549,1.176526135608306,1.167627058864187,1.1739088393850448,2690400
1.2265188694000244,1.23541794659391,1.1752177341049508,1.1765261950708852,5886000
1.2456258535385132,1.2550485247533731,1.2275657524312154,1.2301833483138453,5724000
1.2348943948745728,1.2498136016324846,1.2304446702623835,1.2498136016324846,3376800
1.2372759580612183,1.2438926094927103,1.2322475937352257,1.2438926094927103,2058000
1.2253667116165161,1.2385997151920505,1.2224556840452692,1.2385997151920505,4642800
1.2094868421554565,1.221396496734296,1.204987906855932,1.218750033026647,7496400
1.2187501192092896,1.2213965831040807,1.2081638850338194,1.2094869276830622,6054000
1.1843446493148804,1.2174266973509253,1.1830212280699983,1.206840463180784,4131600
1.1671422719955444,1.1671422719955444,1.1496748152043008,1.1618490390242513,4983600
1.1552321910858154,1.1631718856950968,1.146498428580566,1.148615842010799,5022000
1.1626427173614502,1.1626427173614502,1.1433227920033397,1.1539090286167784,4238400
1.179051160812378,1.179051160812378,1.160260294499596,1.1615837154550683,10520400
1.2007532119750977,1.2015472041278585,1.1764048512432732,1.1764048512432732,7788000
1.2280129194259644,1.230659382640634,1.1922841137834717,1.2007529323650492,6304800
1.2108104228973389,1.2348942225896922,1.2015473065244864,1.2319831954187737,5420400
1.2147798538208008,1.2213962007848946,1.2108099699231072,1.2121333907544007,10362000
1.2253667116165161,1.2436280808820328,1.2123985740689238,1.213457053830101,5479200
1.1962544918060303,1.226160653445095,1.1909612599792412,1.2200737321494706,7390800
1.1644949913024902,1.2041936807460187,1.1644949913024902,1.2041936807460187,10054800
1.1655539274215698,1.1740230515813994,1.1528503547607243,1.167406399259228,11413200
1.1314131021499634,1.163172036133131,1.1195035208360935,1.163172036133131,7126800
1.1226788759231567,1.1314125596510118,1.1128866372893653,1.1314125596510118,7048800
1.145969033241272,1.1499388425408508,1.116856795500659,1.116856795500659,4378800
1.1607898473739624,1.1705820882765285,1.13935259117723,1.1525855906366924,14011200
1.153644323348999,1.1615840944801368,1.1454400648105,1.1615840944801368,5851200
1.1221495866775513,1.1515266091116874,1.1157978021360755,1.1515266091116874,7023600
1.1131514310836792,1.1380291423541913,1.112092875958275,1.1380291423541913,4666800
1.111563801765442,1.116857033397553,1.10362403003655,1.11182836491199,8264400
1.1155335903167725,1.1173860622159344,1.1078583824039725,1.111563704798638,5414400
1.1134161949157715,1.1221499583424248,1.111299159858501,1.112887144379445,3902400
1.1155335903167725,1.119503475834907,1.1126222601695877,1.1168569359689962,4104000
1.151262640953064,1.155232527272621,1.116063244746509,1.1181802801965175,5530800
1.1499384641647339,1.1652888730087916,1.145968656171382,1.1515264479374618,3412800
1.1589374542236328,1.1592020173100677,1.1486157836090405,1.1502036921624543,2125200
1.2174268960952759,1.231453891497341,1.1697884180967457,1.1697884180967457,5709600
1.226159930229187,1.2290712590202502,1.2155737756966647,1.2280127798616174,4922400
1.2200736999511719,1.2227201643561696,1.2161038140454858,1.221396818574757,3349200
1.2600363492965698,1.261359770144576,1.2251015371380212,1.2251015371380212,5704800
1.2838557958602905,1.3058225564017791,1.253420215662802,1.263741885396877,7675200
1.347109317779541,1.347109317779541,1.295501035868385,1.303440806494377,6984000
1.411421298980713,1.4222720208182036,1.3748984153124713,1.3894545350079086,18734400
1.3656350374221802,1.4177727346346811,1.3651056084656097,1.4153907586455807,14535600
1.3743692636489868,1.3793976294864214,1.348168121757535,1.3643122290970038,11044800
1.4238604307174683,1.4423866683510491,1.3632538058073043,1.3788687883440776,10234800
1.4299472570419312,1.4887013175346762,1.4265067250968353,1.48737789622792,13120800
1.4368278980255127,1.4503254572999709,1.423859464760602,1.4423856898258538,10450800
1.4344468116760254,1.4458269653369171,1.4262421732335089,1.4302121351510875,11704800
1.4542956352233887,1.4558836194098155,1.4315350333462937,1.4331228660942135,6907200
1.4913476705551147,1.4939943613987334,1.4511198475696387,1.4542956645680667,12937200
1.5522196292877197,1.5667757534914877,1.4852613670872437,1.4887017485899767,13371600
1.531311273574829,1.5760383358749843,1.5220480825365423,1.5667751448366976,12786000
1.54507315158844,1.5583063024467128,1.5291937642986249,1.531311177471672,1432800
1.5606883764266968,1.565716741340366,1.5456028273701021,1.549572788405274,1569600
1.577096700668335,1.5847717550812168,1.5508955692927757,1.5673043846436758,6994800
1.5416330099105835,1.5784203057253536,1.5252240396336039,1.5495727805019024,7218000
1.54824960231781,1.5641291459939264,1.5302527962474484,1.54824960231781,1646400
1.6091209650039673,1.6183837033381676,1.5548658362652719,1.5548658362652719,5176800
1.6639050245285034,1.6766085964506716,1.6461726335802824,1.6554358251418684,16708800
1.6435269117355347,1.6805790872499808,1.6281767939657599,1.6805790872499808,8653200
1.5993281602859497,1.6646988704256978,1.5829196448530287,1.6541124090192152,9655200
1.6329395771026611,1.6567588828083517,1.599592670265486,1.6011806542668965,9116400
1.6101791858673096,1.6382327153645175,1.606473788426392,1.6329397880325935,4206000
1.621030330657959,1.6403502513419084,1.5982695753510399,1.6289701008462294,6345600
1.6223535537719727,1.6726387177319295,1.6170606257022109,1.6726387177319295,8698800
1.606473684310913,1.6276464523359666,1.5561888334967215,1.6223532224700785,10122000
1.5601588487625122,1.6051507785412913,1.5530130707891854,1.6051507785412913,5815200
1.551425814628601,1.5715395833665282,1.5395160792868137,1.5469264231080802,7291200
1.5876833200454712,1.5942996685994826,1.561482186031457,1.561482186031457,6624000
1.54824960231781,1.5638645828437405,1.54824960231781,1.56280572448879,4486800
1.5291932821273804,1.5638636024669004,1.5257527518233986,1.5638636024669004,6598800
1.5085504055023193,1.5217834047552012,1.5006106362382907,1.5045805965895565,9417600
1.4887011051177979,1.524429992216028,1.4754681054466345,1.5151668015831092,7044000
1.5297236442565918,1.5395158122971542,1.4924067626759914,1.4966412873933665,10675200
1.4873780012130737,1.5546012661967137,1.4767918415200443,1.551160885447311,6733200
1.4445033073425293,1.488171816641397,1.4283592037150739,1.488171816641397,14830800
1.4204195737838745,1.4299473293307103,1.4077160006804514,1.4291533370819292,7258800
1.4439740180969238,1.463558499853536,1.413273495772272,1.4220072572212588,11110800
1.540309190750122,1.5482489592905921,1.4490022311309387,1.4490022311309387,12080400
1.558835506439209,1.5720685078054737,1.5456028079499986,1.5614823490141052,10012800
1.4887011051177979,1.5641286883525025,1.4887011051177979,1.5591001727076217,8316000
1.5019344091415405,1.5231068797410827,1.4593242990619133,1.4622357049605048,6778800
1.5366042852401733,1.5389861103223927,1.510138586167257,1.510138586167257,8085600
1.558835506439209,1.5760384687907638,1.5336932278711821,1.5336932278711821,7898400
1.598004937171936,1.598798777783565,1.545602521932973,1.5508956003491619,11074800
1.6144139766693115,1.6361161807222226,1.5985344333631215,1.5985344333631215,8034000
1.578420877456665,1.611767804868215,1.5575131152513801,1.6077979938538856,7268400
1.589006781578064,1.5927120284318315,1.5458675436451415,1.5720686833191762,8192400
1.5456024408340454,1.5892710926687708,1.5376628236263599,1.5879476716956655,8740800
1.5111970901489258,1.5540716059974415,1.50458074132452,1.5458672728797713,11565600
1.5053746700286865,1.5149024249066962,1.455618936480414,1.455618936480414,8470800
1.475468397140503,1.5006109803354897,1.4717634533196005,1.4953177491328733,5432400
1.484995722770691,1.490024389392248,1.4683221931766406,1.4688516221505898,3826800
1.5167548656463623,1.5191366906193333,1.4953175322585308,1.4953175322585308,5590800
1.519666075706482,1.5244300283916357,1.4818199259353755,1.515166837538896,3768000
1.5323693752288818,1.538191730637463,1.521783219417467,1.5231063374554095,5137200
1.5993281602859497,1.6038275502503019,1.563599420933534,1.5654521198270037,11032800
1.5903301239013672,1.5998577279787634,1.5853016073010884,1.58794814716275,8319600
1.5665109157562256,1.6144139567904212,1.5508960872248778,1.6144139567904212,6013200
1.56280517578125,1.5707449448316215,1.5553948357224692,1.5694218266681415,9549600
1.534751296043396,1.569421621410252,1.5291935038665652,1.5641283922561169,9394800
1.499287486076355,1.5567185799455068,1.4990229229641339,1.5548657295287778,6973200
1.4717631340026855,1.5109324003619395,1.4680577366701015,1.4966408457979936,8689200
1.3828381299972534,1.4794380360395045,1.365370756779901,1.4717632832822307,13642800
1.3386402130126953,1.3828381515296206,1.3365227995924795,1.3828381515296206,13600800
1.3876020908355713,1.4423863446977976,1.3696052864858987,1.373575096306095,18948000
1.368281602859497,1.4159200687640492,1.360606699253521,1.3934241812174721,8740800
1.3603417873382568,1.3868077859269357,1.3603417873382568,1.3762213259160627,5583600
1.4251832962036133,1.4331229145270552,1.3921009474352224,1.3960707565969432,10999200
1.428624153137207,1.439739743650723,1.4087747978267495,1.4270361683671153,8077200
1.4217424392700195,1.4516486612755328,1.4217424392700195,1.4516486612755328,8676000
1.3881312608718872,1.4185672276461367,1.3788685224377872,1.4185672276461367,6087600
1.3801912069320679,1.404275381999004,1.3682816280958983,1.4026873977705785,10328400
1.3484323024749756,1.3788682635344132,1.340227969552849,1.3762214211907013,8169600
1.3222311735153198,1.3351996106961588,1.3145562696054125,1.3232900316080207,9736800
1.3788684606552124,1.3836322626639723,1.3179969841497912,1.3230253492799326,10604400
1.4106274843215942,1.4209490812477186,1.397394481363738,1.3987179028103598,5415600
1.442386269569397,1.4582658109001523,1.413803155749449,1.4148617110709503,4531200
1.4529720544815063,1.4542954754504722,1.423859670495578,1.4542954754504722,4762800
1.4683223962783813,1.4728216345483338,1.4423861276300576,1.4529722855574478,11238000
1.490553855895996,1.4966410789786402,1.479438116481896,1.479438116481896,6568800
1.5032570362091064,1.512255511212433,1.4818197066143424,1.5059037266775201,5925600
1.5109325647354126,1.5122558345332906,1.4966410086166966,1.5032573576060866,2990400
1.4887011051177979,1.4889656681905763,1.470175178167483,1.4847312960795533,2802000
1.464087963104248,1.4900245335513442,1.4450326070378046,1.4887011124269243,4867200
1.4646174907684326,1.4693812922462488,1.4582657049851715,1.4622355143102652,2598000
1.4145969152450562,1.4714982675359634,1.4053338762323961,1.4714982675359634,4464000
1.3921010494232178,1.4029520739408061,1.3815147394445428,1.4026875108404162,9838800
1.4021618366241455,1.404844845493628,1.3804290963205177,1.3884782764543067,9974400
1.4220170974731445,1.4348957296752436,1.3925033734365764,1.4021624243508537,7170000
1.4147729873657227,1.4241635232722596,1.4064552871017793,1.4193339205755353,6321600
1.3670142889022827,1.410211577927414,1.3557455243459717,1.4086017105549689,6422400
1.3165733814239502,1.355209282217234,1.3138900640882605,1.3549407662531578,14785200
1.307987093925476,1.3313297065246352,1.2886691491151605,1.3173779342576522,17558400
1.3321352005004883,1.3428673978135799,1.3160369812935813,1.3160369812935813,11582400
1.301279902458191,1.346891536334684,1.2878645444366972,1.3409889446126775,11157600
1.31201171875,1.3171095293618675,1.2892059824765152,1.3026210311518645,8829600
1.2253493070602417,1.3066456933621695,1.211934256869436,1.3066456933621695,22266000
1.2154217958450317,1.2535209579759132,1.2006650910922565,1.2315200820175276,16042800
1.2207883596420288,1.2368866509790488,1.2156903179065044,1.2342034105161084,7182000
1.1832257509231567,1.1971775293007767,1.1700789064558526,1.1805428170017902,20632800
1.2274959087371826,1.2422526185084997,1.20603136634871,1.2073730249873929,14464800
1.2489607334136963,1.2513754585158845,1.2342037132561836,1.2503020085419836,10023600
1.1979819536209106,1.235008053355555,1.1966406023748872,1.2347398445165023,9007200
1.1563951969146729,1.1875184087773536,1.153711956267535,1.1671273151133759,17115600
1.1335886716842651,1.1461990922693677,1.1080999287387647,1.116149033739386,13713600
1.1853721141815186,1.1966408796931178,1.140296821846998,1.140296821846998,14840400
1.1644444465637207,1.1872502661772868,1.1421749680586888,1.1786643562031123,11120400
1.2288371324539185,1.243593760239717,1.1518334919454927,1.1537114909715884,19934400
1.211934208869934,1.2613022210710192,1.2054948929181357,1.2613022210710192,14638800
1.1808106899261475,1.190201454936254,1.1408331358927684,1.1738346491970966,9026400
1.2682782411575317,1.2731076896613134,1.2073728727234079,1.2140803974438268,11226000
1.2838400602340698,1.3348179490694412,1.2798154678420703,1.2945721786748765,14686800
1.261838674545288,1.2811566182467566,1.2570091502385787,1.2811566182467566,7308000
1.2704246044158936,1.2792786455943947,1.262375497007086,1.262375497007086,9960000
1.3023526668548584,1.317646096865155,1.2824979980190243,1.2824979980190243,5044800
1.3146947622299194,1.325427108496453,1.289742433297447,1.3020846468565002,9211200
1.3409885168075562,1.3415252414954895,1.3093286688610772,1.3149630498814284,9505200
1.3820397853851318,1.3997478693957492,1.3428671570709296,1.3428671570709296,11317200
1.3603066205978394,1.392503197024192,1.3522574381099044,1.392503197024192,7642800
1.3442087173461914,1.3522577481542135,1.3286470735535094,1.3482332327502025,6968400
1.3200609683990479,1.3629897404379376,1.3187193099381085,1.3442085178149725,10650000
1.2784736156463623,1.3203291680933429,1.2779371979063534,1.3203291680933429,11401200
1.324890375137329,1.3307931194880867,1.2945718732678875,1.2945718732678875,4251600
1.3900890350341797,1.3935768259819172,1.354940920782263,1.3603070954893794,3295200
1.3683561086654663,1.3764052929509356,1.3589652657279017,1.3589652657279017,2514000
1.3104019165039062,1.3683557519036287,1.2999379336033712,1.3683557519036287,11222400
1.3321352005004883,1.3337450684788172,1.3133539703466734,1.314695322294667,4348800
1.255935549736023,1.2878639866724355,1.2513746186118049,1.283839396361549,6004800
1.2167634963989258,1.281424932998827,1.2167634963989258,1.274448893163691,18397200
1.180542230606079,1.207640839990656,1.1684685349994457,1.1966405170024854,25042800
1.218641757965088,1.229105665785791,1.194762493166962,1.1979821512069706,13284000
1.232861876487732,1.2387645440563435,1.2079095477990298,1.2113974144524535,6314400
1.2181049585342407,1.244935670845605,1.2076410513544908,1.235544906184088,14083200
1.2207883596420288,1.2207883596420288,1.1993238176672527,1.2113975937420487,5733600
1.252448320388794,1.252448320388794,1.203348434831736,1.2127392009279019,7204800
1.2959132194519043,1.3012793912575131,1.2548625348014772,1.2548625348014772,10708800
1.3146947622299194,1.31898779285177,1.2870594234935113,1.2892060155671339,10266000
1.2422527074813843,1.3079875374173007,1.2347402476039664,1.3079875374173007,12934800
1.254862666130066,1.2717658864749857,1.2376912369582784,1.247618417873288,7813200
1.2757904529571533,1.278473385564048,1.238764355613084,1.2422522217359266,5509200
1.2570096254348755,1.2822302453092251,1.240911332931233,1.2811571025716961,5234400
1.2690831422805786,1.2859863651356933,1.2623753106813973,1.2744490083938942,2374800
1.2449355125427246,1.2824980290735515,1.2395692632950333,1.2811566778590213,5906400
1.3146947622299194,1.3283783271655454,1.2610339520496225,1.2610339520496225,9801600
1.2757904529571533,1.3106700353377998,1.2757904529571533,1.299937844334111,5580000
1.2771326303482056,1.2849132997405028,1.27230318052434,1.2757910482747132,4224000
1.2878648042678833,1.2905478150033218,1.2706933666830835,1.2905478150033218,4570800
1.3146947622299194,1.3200609353631862,1.2985963963555143,1.3039627230141762,5565600
1.3281102180480957,1.3409888503047114,1.303962820948293,1.3146948609700662,9505200
1.39545476436615,1.4314074939748065,1.3388421228797711,1.3388421228797711,27421200
1.4475058317184448,1.4585065410470726,1.4126262415618553,1.4220170834996886,16167600
1.4153095483779907,1.4475061353198027,1.4153095483779907,1.4475061353198027,9339600
1.4434820413589478,1.4434820413589478,1.4120902255821617,1.416651621162723,9093600
1.3871370553970337,1.4944592862834238,1.3871370553970337,1.4461643437947043,15657600
1.3777470588684082,1.4005528013228552,1.3549408558376628,1.3874059579426343,10449600
1.3495746850967407,1.3790879470731285,1.3388421850838226,1.3670142491814163,7225200
1.3299882411956787,1.3629897542250724,1.3251586391484014,1.3629897542250724,3079200
1.3710392713546753,1.3723807766305023,1.331330223908797,1.3366963985375426,4522800
1.408869981765747,1.4201387468206192,1.371039017991955,1.371039017991955,4977600
1.4389203786849976,1.4389203786849976,1.416650904754683,1.4209436285717822,5048400
1.4461647272109985,1.4555552637015765,1.4381156959333605,1.4501893963752484,6178800
1.4469695091247559,1.447774442873095,1.4115533453503286,1.4273830437908652,2120400
1.437042236328125,1.452067463071678,1.432749358265804,1.43409101699503,4251600
1.4005526304244995,1.4407983965489128,1.4005526304244995,1.408601814354465,5535600
1.3831127882003784,1.4367739132410766,1.3737222525199444,1.4005526615148762,5276400
1.3946501016616821,1.4139680518486215,1.3683561098742825,1.3683561098742825,5378400
1.3898203372955322,1.4228218472377376,1.3898203372955322,1.4139677311714043,3308400
1.4271143674850464,1.4340904065107294,1.4018938347492227,1.4018938347492227,4808400
1.4126261472702026,1.4268464369058222,1.397332868654682,1.4139678056899132,3408000
1.436773419380188,1.459579151719093,1.4343586189200062,1.4461641053581868,10533600
1.4394570589065552,1.4501895624151862,1.4335544659988873,1.4501895624151862,5318400
1.4751412868499756,1.4823855356385736,1.4485790924669106,1.4488473013134686,8792400
1.5153874158859253,1.5266561818577091,1.4770197241587522,1.4770197241587522,7356000
1.5395350456237793,1.544095979086544,1.5011671984598334,1.509216383208699,5667600
1.569852590560913,1.5835361528504968,1.5387294679181003,1.5387294679181003,7695600
1.5518765449523926,1.5698528327563008,1.4998251435233647,1.5698528327563008,11029200
1.5097525119781494,1.5521445509642697,1.5030446815563765,1.5516081333250298,5433600
1.4839959144592285,1.5384616732871679,1.4818493217943745,1.526656334783095,6732000
1.522362470626831,1.5325582428713163,1.4636037121209844,1.4772872733439553,7832400
1.5116311311721802,1.5279975554905574,1.5025088039933345,1.5159238555574392,4689600
1.5234363079071045,1.5266558889132111,1.5025084940285387,1.511630819325465,4484400
1.5266557931900024,1.5349731843325434,1.5105575821180628,1.511093999805822,3021600
1.5499986410140991,1.5516085084224764,1.5320220441628958,1.5333635491614082,3776400
1.5414127111434937,1.561535592890864,1.5266560028406106,1.5414127111434937,3792000
1.5427541732788086,1.5583158132938677,1.5239726453764166,1.5239726453764166,4704000
1.5513396263122559,1.5561690738720493,1.5438271693887298,1.5454370364171175,2307600
1.5985615253448486,1.6299531668372973,1.5655600167180745,1.5945368575090348,3122400
1.5905125141143799,1.6074156602650629,1.5800485301421885,1.5937320952036258,2942400
1.6033912897109985,1.6251240397380153,1.5864879885148486,1.6033912897109985,8817200
1.5768293142318726,1.6066110986875153,1.5760243803917968,1.6066110986875153,6381200
1.5840734243392944,1.6098306908284832,1.5840734243392944,1.593732322510031,4882400
1.638806939125061,1.64122158579516,1.5736087155761265,1.5784383159670201,4809600
1.638806939125061,1.6685887072421663,1.6267330916731746,1.6484658328561528,9315600
1.6275393962860107,1.6541016067133996,1.6251247475815518,1.6541016067133996,5318400
1.6645647287368774,1.6798581611723848,1.6500762299585436,1.668589243497349,13020000
1.6693942546844482,1.7104449519544025,1.6661746734316267,1.69112700386126,5228800
1.6710036993026733,1.6967609569101698,1.6557102700262103,1.6742232797409278,5645200
1.6541013717651367,1.6790538640204646,1.6428326033436695,1.6742242602465884,7414400
1.6235147714614868,1.6653704195107046,1.6186853208482592,1.6653704195107046,7559600
1.6581252813339233,1.678248160589128,1.6259287052306735,1.6331729540445779,8872800
1.6122454404830933,1.6468566702657297,1.611440506740416,1.6323683234737816,4690800
1.7506910562515259,1.785302444226545,1.6500766277313232,1.6822732141527013,25660000
1.8239376544952393,1.8311819028765612,1.7466658764616394,1.7708132687157956,19795200
1.8086451292037964,1.8271583029560723,1.8005960967750576,1.8239385671642145,8680400
1.830377459526062,1.8488904754472573,1.8271578780084448,1.8311823932868205,9776400
1.867403507232666,1.8867214554905398,1.8472806252733718,1.8513051402550684,15578800
1.9028195142745972,1.9317965110687543,1.875452384752425,1.8835015675869566,11332400
1.8754525184631348,1.8907459515865537,1.867403488580139,1.8682082687481154,6983200
1.8464750051498413,1.8690125263097286,1.812668569884662,1.8690125263097286,5233600
1.803815484046936,1.8553300229442558,1.8014006824640856,1.8513055071649411,4336800
1.805425763130188,1.8344027746249818,1.7901323233384392,1.8223289174851705,1646000
1.7506910562515259,1.8062302637817993,1.6903223991394043,1.8054253299305856,10675200
1.6774438619613647,1.7635697932109637,1.6323686383544185,1.7627648593130165,14973200
1.6716842651367188,1.6864925172233958,1.6651028371997088,1.6700388689240613,7701600
1.7811005115509033,1.7893273352797394,1.7243356004269073,1.7243356004269073,8742800
1.7498390674591064,1.8172987510711127,1.744902878233615,1.8140079582541182,3938800
1.6906065940856934,1.7728745579227332,1.6757984924025244,1.7728745579227332,6044000
1.7087048292160034,1.711995464600331,1.6741522946556926,1.6741522946556926,6954800
1.7728742361068726,1.7967320166074698,1.711995972747856,1.7185774023835967,6056400
1.7564204931259155,1.7991998581906432,1.7514844608226432,1.7975544617850066,6924000
1.7473708391189575,1.7687605200515415,1.7292719507515215,1.7564203617594885,5910400
1.793440818786621,1.804135737603286,1.7588882817645775,1.786859390635452,9966000
1.7917957305908203,1.8214120813127188,1.7720514444716755,1.801667795193574,5766400
1.7095272541046143,1.7284488360532269,1.6864921824409198,1.7276261381102105,12984000
1.7407898902893066,1.7465486219505568,1.71528686854077,1.719400203466329,5952800
1.752307653427124,1.7555984474615527,1.730095421349514,1.752307653427124,2853200
1.7268040180206299,1.7547751297890184,1.7202225891876937,1.7506617956110486,4422000
1.786037564277649,1.8049593167474987,1.7506624687693415,1.7695840643254899,6363600
1.7967324256896973,1.8164767190923243,1.7852149604332557,1.7893282960495003,7479600
1.8510288000106812,1.857610229467506,1.8131856198623506,1.8230576855907605,9239200
1.8510288000106812,1.8592556260601263,1.8098948266771102,1.8107175249734204,9294000
1.9003899097442627,1.9127300723768612,1.848561007008196,1.8510291023001881,12398400
1.8839362859725952,1.9308289988966478,1.8839362859725952,1.9135528023093373,6377600
1.8814678192138672,1.917665599112112,1.8691275029297512,1.8962759163102547,4831600
1.9875940084457397,2.004870362574375,1.900390010069538,1.901212708543634,7696800
2.0089833736419678,2.011451468665734,1.9826576543764531,2.0065152786182017,4100400
1.8987443447113037,1.974430867578354,1.8987443447113037,1.974430867578354,10894000
1.9777220487594604,1.9949982469193623,1.9250704419332638,1.9415240984877686,12477200
1.9456367492675781,1.978543893878935,1.9151976993446889,1.9777213525630886,3667600
1.974430799484253,1.9826576258648365,1.9168431717338308,1.9374101592284585,4604800
1.953040599822998,1.9760756762454623,1.9275375859752264,1.9752529781324863,11699200
1.9538636207580566,1.9867707661459892,1.9522182242602484,1.9579769550889308,8224400
1.9793671369552612,1.9793671369552615,1.943991887917934,1.9456372848298298,6109600
2.048470973968506,2.0632792232097494,1.9900608318653674,1.9941741646930065,7157600
2.0139193534851074,2.05423062965795,2.0073379238428815,2.0484718983352095,8368800
2.0418901443481445,2.052585063888961,2.0163871281497627,2.0163871281497627,6084800
2.0353095531463623,2.0772662365559484,2.019678594955254,2.0772662365559484,3824000
1.9900617599487305,2.060812090443434,1.9694947723917553,2.060812090443434,9190000
2.007337808609009,2.0237914602268607,2.001579077616856,2.0188554275069657,10328400
1.9719624519348145,2.044358326515377,1.962090387073419,2.0254367381030005,10437200
1.9546864032745361,1.9629132292045939,1.9374100531300498,1.9620905309202228,5572400
1.9497504234313965,1.9703174103582524,1.9193112137376405,1.9209566103510667,5546400
1.9834799766540527,1.9843026748393262,1.92506966080871,1.945636644699644,3858400
2.0295498371124268,2.044358089602087,1.9596220653077119,1.9843025384283532,8568400
2.087137460708618,2.087137460708618,2.050116829308956,2.052584923706808,5260800
2.068215847015381,2.081378704134384,2.0451809255139426,2.0805561628638762,5762000
2.0838468074798584,2.097009664654404,2.0558756967555407,2.085492203855085,10058400
2.160356283187866,2.180100571420146,2.0978326253288198,2.0978326253288198,8675600
2.1776323318481445,2.1883272520010024,2.130739630798222,2.180100426555799,7415200
2.19655442237854,2.2097172823924165,2.1636471154301806,2.176809975444057,7014800
2.2878711223602295,2.2977433431446026,2.218766047610495,2.233574300330242,10699200
2.3092610836029053,2.3240693381201196,2.274708542033954,2.278822033240761,10605600
2.2878711223602295,2.319133024082723,2.268949535846609,2.3117288977228494,5131200
2.291985273361206,2.319956390575843,2.268950189503954,2.319956390575843,3016800
2.384946823120117,2.3874149170446266,2.28869335685457,2.297742877664177,4461200
2.381657123565674,2.3857704581418355,2.3569766453677374,2.3857704581418355,3854000
2.3536863327026367,2.3824799925219775,2.336409979897355,2.3824799925219775,4279600
2.386593818664551,2.4063381125532928,2.3413463412033635,2.3545093607095575,2328800
2.3035025596618652,2.399756065752854,2.2821128742067947,2.3981106691223886,7932800
2.194908857345581,2.291162361887498,2.1792779034350387,2.2878715686795283,11647600
2.1430797576904297,2.208071505107256,2.138966423487641,2.194908647361962,11262000
2.1430797576904297,2.16940563009466,2.0920737231558255,2.1554200741260794,10172800
2.194908857345581,2.241801562163551,2.159533614928191,2.220411877052719,13410400
2.1784558296203613,2.2319299792697875,2.175987890920569,2.221235212105383,5614400
2.1628243923187256,2.1842139203594724,2.140612009068347,2.1784551892012978,5912400
2.1940860748291016,2.2006675040787727,2.109350035940145,2.1957314713699323,11988400
2.2549643516540527,2.2936302291737976,2.188327360383462,2.2212345068804416,9980000
2.3882381916046143,2.410450414633452,2.2862259718003033,2.291162003927419,13966000
2.384124279022217,2.3981098316699083,2.3577985697827044,2.3857696750780875,8870000
2.333941698074341,2.3800117039185,2.33229630149435,2.3660261468158876,7323200
2.3018569946289062,2.365203348044504,2.2418014342334867,2.3035023911389954,8262400
2.442535638809204,2.5132859737243134,2.378366577133309,2.3816573706665882,24743200
2.5091726779937744,2.56182412004094,2.4927190238971977,2.4927190238971977,14048400
2.4614570140838623,2.5585332179738924,2.4606343157730044,2.554419726419602,9486000
2.5248031616210938,2.5412566557276164,2.4721515725047425,2.5132855431415178,10521600
2.4927186965942383,2.5001228242741416,2.4532301202438567,2.4960094897469305,9766000
2.4614570140838623,2.474619873230274,2.4515847912672246,2.469683840278784,4389200
2.488604784011841,2.5577098550300525,2.4622790725598778,2.507526369503737,6846400
2.521512508392334,2.5494836225285757,2.4894280597299145,2.4894280597299145,9588400
2.4968326091766357,2.537966589041445,2.489428480247876,2.537966589041445,6449200
2.4565212726593018,2.490251122839069,2.4351315847795534,2.488605726022086,7775600
2.442535638809204,2.4828469181098414,2.4096284880447727,2.472151996040356,10649600
2.466392993927002,2.477087914824206,2.4507621970982494,2.4598115644955127,5567200
2.4680380821228027,2.4861369715694615,2.454052526714228,2.4803782411506896,3424800
2.414564371109009,2.4803786685405123,2.401401511622708,2.4598116809789596,10168000
2.3939969539642334,2.434308223521709,2.368493937900042,2.4310174307838084,12990000
2.385770320892334,2.424436197190297,2.385770320892334,2.414564132009971,11805200
2.4672164916992188,2.475443320382823,2.3981113818188717,2.410451546387425,6762400
2.5067038536071777,2.5248028992311498,2.477910202684729,2.484491631026093,6379600
2.499300241470337,2.5083497661447347,2.4836694440137643,2.4844921423399513,8313200
2.569227695465088,2.5914400766384054,2.507526741259412,2.52562578825114,12158800
2.631751537322998,2.6391558218273707,2.570873276954357,2.5832134373010076,13200400
2.7485718727111816,2.8810233067988986,2.7329410770329075,2.821790289361587,25673600
2.8711516857147217,2.8958320088534135,2.8259040604952292,2.8374218375321316,19398000
3.006892442703247,3.0077152976545487,2.92051118862212,2.9616451490252484,17227200
2.9262702465057373,2.9986661128147714,2.871973425230774,2.9904391315141723,20283200
2.879378080368042,2.9912625359889975,2.850584425095284,2.9616460255214148,34404000
2.756798267364502,2.8843138132172697,2.7551531848900233,2.880200165549305,14524400
2.8045146465301514,2.830017825994734,2.709906371129056,2.714842561491431,13755600
2.852229595184326,2.9205121423899922,2.8217905424169802,2.9106400765408855,15214400
2.969871997833252,2.969871997833252,2.879377404923686,2.879377404923686,20829200
2.9081716537475586,3.011829437465127,2.8966541919627837,3.0110065822934735,11015600
2.843179702758789,2.9081711273266775,2.797932091327219,2.9081711273266775,11281200
2.818499803543091,2.867037906159231,2.8061597994505734,2.858811236764219,9818000
2.7280049324035645,2.768316361893748,2.664658579677443,2.755976045116043,18725200
2.7452805042266846,2.81932176050041,2.725536378438505,2.7477487553206226,10517600
2.6745307445526123,2.7436358306650637,2.614475339484669,2.7436358306650637,9902000
2.6416234970092773,2.7123739727664975,2.602134768148482,2.677821276170688,11854000
2.6251702308654785,2.6391559453368236,2.5832135581924214,2.634219755436234,11971600
2.770784616470337,2.77983414129821,2.5996672845628743,2.616120780624677,12779600
2.7674944400787354,2.792997623567605,2.7189563255853373,2.7724306312200193,12030000
2.714841842651367,2.7929964433113295,2.7000335893125422,2.7888831093454924,10408000
2.690162181854248,2.775720930073493,2.6589002711919583,2.684403450130582,14277600
2.514108419418335,2.710728919686913,2.4951868292447767,2.710728919686913,19662400
2.5996673107147217,2.6416239850019347,2.5568879380790928,2.5585333347759245,22084800
2.5445480346679688,2.6268159948865843,2.5173996140723727,2.6021355126727905,8722000
2.435953140258789,2.5897940614512316,2.4334850461913238,2.5725178737197867,18598400
2.537142753601074,2.550305608705822,2.460633560233722,2.468037685844344,14418800
2.6004905700683594,2.6572553561319583,2.5725194478426587,2.6531420204161726,9696000
2.6325743198394775,2.714842267334461,2.603780506833502,2.710728932725175,11469600
2.5503063201904297,2.5832134671327367,2.5379661597012713,2.575809339456511,8190400
2.5338525772094727,2.6235246474759633,2.521512417163753,2.5832133743059997,8335200
2.5330300331115723,2.58979480064291,2.528916541825038,2.554419560146957,8156800
2.5889716148376465,2.5914397091447823,2.518221304082891,2.542078921397396,7915200
2.591439723968506,2.6218789262761604,2.5626459178750207,2.591439723968506,7700800
2.5684056282043457,2.5955540484476187,2.5511294321012086,2.5708737234677996,4997200
2.5256259441375732,2.566759916146891,2.4828465755886064,2.562646424797769,13349200
2.4195003509521484,2.5297394144095944,2.4088055866974676,2.5256260797532537,18125600
2.2878711223602295,2.418677145499825,2.270594932129609,2.418677145499825,24384000
2.253188133239746,2.3651789546374147,2.2439949663000367,2.28160372430525,15355600
2.284946918487549,2.323391449749682,2.2297872766027695,2.235637517498563,20411600
2.3894147872924805,2.4019510343960686,2.3275691634286853,2.3275691634286853,14974000
2.3610002994537354,2.433710821292852,2.3543142872828935,2.432875049845609,12472800
2.436217784881592,2.436217784881592,2.3451207765793955,2.4027877266530546,6525200
2.3610002994537354,2.4403968334636934,2.335927793664856,2.4403968334636934,7407600
2.462125539779663,2.472154634832394,2.365178311700515,2.3735358643432813,7492000
2.3935940265655518,2.4646329888219456,2.386072244714459,2.406966047765924,7848400
2.354313850402832,2.377714968361883,2.3233909502214822,2.377714968361883,7858000
2.2231016159057617,2.3217204334841632,2.1913429325802762,2.3192131186720033,20443200
2.252352237701416,2.291632533626597,2.18382042355347,2.2648884887918284,15444000
2.2582027912139893,2.2740819704105895,2.2147436326181174,2.2690675011594053,6410000
2.260709047317505,2.310854198113818,2.2322934671798285,2.2356365516228682,7089200
2.340106248855591,2.3568213572531085,2.274917517393776,2.289961083070125,10513600
2.3141982555389404,2.3860728478058224,2.2899613613578578,2.3526427863552835,10174000
2.348464250564575,2.3986094259054256,2.3334206820216083,2.3693580603393363,11716400
2.3877439498901367,2.394429960945832,2.33843455857673,2.3568212085352003,6312000
2.3033335208892822,2.3785512034117393,2.281603939821529,2.3785512034117393,7165600
2.3033335208892822,2.3108553050822396,2.2398163207082624,2.3033335208892822,7191200
2.1854918003082275,2.288289274616239,2.1595835287671097,2.288289274616239,18815200
2.1395256519317627,2.202207066581675,2.0910520309787803,2.181313261698371,18668400
2.239816188812256,2.2490095154860845,2.1395260044904707,2.1395260044904707,8546400
2.259037494659424,2.265723503635782,2.2038778807527146,2.2180856697533535,9100400
2.39443039894104,2.4078024234984747,2.3091836228320637,2.319212720953693,14076000
2.405294895172119,2.415323832329944,2.354313959830748,2.4069662784270354,12583200
2.358492612838745,2.3994444508470463,2.345120590607752,2.3994444508470463,4976800
2.3919224739074707,2.399444095818289,2.3626711198276347,2.3693571299538494,5744400
2.451260805130005,2.451260805130005,2.3660140560732517,2.381893389973719,6666000
2.4236814975738525,2.44457530358742,2.3852369710242907,2.44457530358742,7364000
2.482184410095215,2.491377577055172,2.4186672157740188,2.423681684971005,5341200
2.4746615886688232,2.502241396795322,2.440395771281568,2.4596180279803628,6686000
2.4261882305145264,2.486362320032988,2.4094731259447615,2.4754976136475766,7146400
2.4537689685821533,2.488034802430554,2.394430468405849,2.398609325830722,7572000
2.4947197437286377,2.5239710955144523,2.453767914991314,2.454603686117428,12293200
2.501406192779541,2.5323289328430727,2.495555953276012,2.5323289328430727,7517200
2.435382127761841,2.444575453983675,2.391087358308492,2.424517418105481,9628000
2.38189435005188,2.447083094913547,2.358493225366561,2.377715651797093,10208800
2.3735358715057373,2.434545734990037,2.360999622207287,2.4027872261401595,7866000
2.307512044906616,2.340106332093361,2.2648886604432072,2.340106332093361,11537600
2.333420753479004,2.355150335439044,2.2941404472861167,2.3300776672972487,8342000
2.340942144393921,2.371864889340445,2.3208841088971526,2.348463927631096,6246400
2.390251398086548,2.3910871694413443,2.294139923984192,2.3735362898047963,13041600
2.41448712348938,2.4236804451536575,2.3233901560741463,2.365177749956106,8852800
2.5264787673950195,2.5406865606373614,2.4646331260480827,2.4738264509128554,16663200
2.5707738399505615,2.6067112108052832,2.563252057241104,2.599189428095826,13030800
2.544865369796753,2.5699378706253913,2.5114351561491386,2.569102099343494,10360800
2.493884801864624,2.540686884640247,2.475498309197403,2.540686884640247,12829200
2.458782911300659,2.5064207598882153,2.4236813134876583,2.4888700406852533,8036800
2.3701932430267334,2.444575136335744,2.3442848105693948,2.444575136335744,11672000
2.3384344577789307,2.3693573572080187,2.3258982075157597,2.360999803896881,11114400
2.411144971847534,2.4395605575494406,2.307511724925846,2.3233909009185627,12819200
2.4713194370269775,2.503078112556777,2.4278602807267755,2.432039137721273,8402800
2.4796764850616455,2.515613850837578,2.4713189321870233,2.486362495479931,5508800
2.447082757949829,2.503078167651844,2.447082757949829,2.472155262840302,7819200
2.504749298095703,2.504749298095703,2.474662327147387,2.4805125670704737,4760800
2.4663052558898926,2.5064213312765533,2.4512616877681164,2.491377763154777,4287200
2.508092164993286,2.525642883234026,2.4320387338026115,2.448753680783258,10656800
2.5222995281219482,2.5256424531860415,2.4412314831743935,2.4512605771807556,5303200
2.5950098037719727,2.629275621798452,2.5465361958754626,2.549043509172658,13116000
2.646827459335327,2.691122387263981,2.6409772189198075,2.6484990021417882,10546400
2.6301114559173584,2.6459907883660025,2.614232282875756,2.6326187692746315,8002000
2.6585276126861572,2.670228251482995,2.6351266539066347,2.6351266539066347,8039600
2.635126829147339,2.6819289092258836,2.628440817707547,2.671899812362652,11250000
2.586653709411621,2.611726217335192,2.5808033087828113,2.611726217335192,6407200
2.595846176147461,2.615904208949956,2.5624161214766357,2.5824741542791307,6265200
2.6317834854125977,2.6484985920750224,2.568266303265283,2.580802553558566,7110000
2.7161943912506104,2.721209018746007,2.6184113867893055,2.6326191792121296,17390400
2.7663400173187256,2.768011560195671,2.6785860885713966,2.7412675117929464,13470800
2.7763681411743164,2.778875295059129,2.732073070053487,2.757981495848158,11947200
2.6660499572753906,2.733745852804943,2.620083641914841,2.715359517949255,10392000
2.6568567752838135,2.673571726501885,2.6125618437120623,2.640977436130603,8158000
2.6660499572753906,2.6927941663037007,2.6342914382019926,2.6877795374443934,6985200
2.732074022293091,2.7579824571179117,2.6927938828793008,2.6994797351737856,9444000
2.7212088108062744,2.7638320254106503,2.695300382281036,2.7629964136323366,8696000
2.757981777191162,2.7705181855222194,2.7245515675177474,2.754638692460999,5333200
2.829021453857422,2.8365432374319837,2.780547985454629,2.780547985454629,13173600
2.8749873638153076,2.8983883206948193,2.829020743067515,2.8708083482461437,14742800
2.8490796089172363,2.8833454405303915,2.829021413400515,2.873316502179132,9037200
2.8231709003448486,2.883345162273704,2.788069460095797,2.866630054091892,9431600
2.8641228675842285,2.9167753461861823,2.850750844950386,2.8574366968602236,8554400
2.9502058029174805,2.983636025249748,2.913432813403369,2.925133295575394,12291600
3.0028576850891113,3.026258644707419,2.9560554470383327,2.9710990121684344,16628000
2.912595272064209,3.044644226568467,2.8917014743627036,3.042137072864783,15566800
2.897552728652954,2.904238899293637,2.79976987413919,2.8206636791700794,11052800
2.948533773422241,2.9527127896349237,2.899224378965841,2.91677541814225,5233600
2.8549294471740723,2.971098949714686,2.84155742498553,2.971098949714686,7908400
2.8549294471740723,2.870808623893542,2.8332000306730003,2.8390502704546026,6091200
2.78389048576355,2.8549292899503493,2.7746971612375577,2.854093678090777,8472400
2.7705187797546387,2.8490793748788277,2.7195378425344257,2.8156491580351606,16584400
2.89086651802063,2.9075816237335443,2.816484632352989,2.8256779564357983,11996400
2.821500062942505,2.8691382447538625,2.7955919416578423,2.8691382447538625,10370800
2.714524030685425,2.7872344075498345,2.693630218578412,2.7663405954428213,13580800
2.8256781101226807,2.8323639614830114,2.7203731615737334,2.7253877892045875,10208400
2.7939188480377197,2.83236336196102,2.7538027919246146,2.8206628854464566,11380800
2.830693006515503,2.845736573716566,2.768847513634873,2.7872338478028995,5525200
2.838214635848999,2.8708089234082843,2.8031131934972118,2.857436899824624,6606400
2.874152421951294,2.8917031456487856,2.8591088534065188,2.8825101371507444,8858400
2.9176108837127686,2.9176108837127686,2.866629949091966,2.8958814670422455,9306800
2.9903221130371094,3.00202259612711,2.9293122234862086,2.93349092190203,8892800
3.037123441696167,3.0471523786107357,2.995335832602281,3.0296016593067012,8473200
3.009542942047119,3.0454803051084784,2.9861419870542716,3.0270939771058556,6230000
3.029601573944092,3.0396305105760835,3.010379312560213,3.028765962063987,5629600
3.1081619262695312,3.1115050111646383,3.0421377530688383,3.0463164497806607,8778400
3.1089980602264404,3.1382492579363275,3.0672104527470907,3.1081621295409327,9094800
3.0446457862854004,3.1064912806283145,3.0421386312973464,3.0839262481073964,7979200
3.058852434158325,3.0906111019355635,3.0337799359401316,3.0362874089318295,8816800
3.187559127807617,3.220989346353933,3.1089985286822257,3.1089985286822257,20289600
3.3304717540740967,3.3363219928528323,3.2285102219203416,3.232688918360281,10874000
3.284505605697632,3.33047190626568,3.28199845148192,3.33047190626568,8797600
3.277820110321045,3.317100245488188,3.26361215765826,3.28450596189271,9571600
3.5018014907836914,3.531052687294801,3.310414179856345,3.3346510677164822,18841600
3.4984583854675293,3.505980167214388,3.3931534410114983,3.5018014704248284,12015600
3.6045992374420166,3.618806871454802,3.485086650335009,3.498458672446988,11356400
3.6681156158447266,3.686502262561253,3.518515925666312,3.6054342134719484,11257200
3.643878936767578,3.668951754187862,3.5486032507756744,3.668951754187862,11421200
3.6806535720825195,3.74834931107977,3.6647740727608076,3.6689530897281424,10986400
3.742497444152832,3.7541979214244945,3.5820332093173,3.7090675546358103,19127200
3.665609836578369,3.746677916072723,3.6539093547573733,3.719097935653903,12436000
3.660594940185547,3.7032184852058267,3.6045996901879267,3.650566002045444,11171600
3.560305118560791,3.660595470945794,3.5444259376354106,3.64805937615657,10270800
3.3538732528686523,3.4992939391387536,3.3455155406143153,3.4733858281856187,16888800
3.1783652305603027,3.304563980019096,3.108997969942336,3.2636119856003405,28308400
3.2886850833892822,3.3496952801838384,3.2268395934099297,3.238540074280932,21871600
3.408198118209839,3.4366137120040543,3.3555459475906835,3.3639033439007684,16368400
3.460014581680298,3.547768507696743,3.4332705341098424,3.5101595911713535,13306000
3.2903566360473633,3.485087070256351,3.245226255240479,3.4600145656271497,13107600
3.2677907943725586,3.2895205289108724,3.1800368819718807,3.226003186675651,14008400
3.3329789638519287,3.3388292021687906,3.1591424001106727,3.3137567066945146,17644400
3.356370210647583,3.4082553582543516,3.3487150196159488,3.406554168639684,10174000
3.2517495155334473,3.3971978221271577,3.2517495155334473,3.3895426310186076,9460400
3.301084518432617,3.3155441500690506,3.1335209961228268,3.2330382005916185,13115600
3.1343698501586914,3.352967676262569,3.121611415342182,3.3342552403046097,14969200
3.2925782203674316,3.3002334140964207,3.1471298639854925,3.1683942549583675,12205200
3.3827388286590576,3.3920952111465965,3.3002329006894593,3.3010836578985843,10467600
3.3402090072631836,3.478002105326885,3.317243436841116,3.4150597192534,11342000
3.364877939224243,3.4337743704963044,3.3257512063207124,3.3470156010528624,9822800
3.2925782203674316,3.3852909779879203,3.2551530090639598,3.36487734435652,8414400
3.388692617416382,3.413359383423602,3.3172442663922586,3.3172442663922586,8836000
3.515427589416504,3.53584121328096,3.423565308620348,3.4278181198863846,11000000
3.594531297683716,3.6464164461125463,3.582623294661115,3.5851752413579203,13330800
3.652369737625122,3.682990496284317,3.5554042181834604,3.5979329775504127,5988400
3.7000038623809814,3.7629465995877758,3.670233846149361,3.691498236163045,11005200
3.6498193740844727,3.7246701072246107,3.535842246711297,3.7246701072246107,8797200
3.6608762741088867,3.7204166117109394,3.6200486974737256,3.6991522286008305,7236000
3.6659798622131348,3.7034053876569106,3.6157959003879716,3.658324670596796,7902800
3.630255937576294,3.6829915230418986,3.6021867928239204,3.6574743252016884,8921200
3.5128772258758545,3.5511531934535543,3.44908405473597,3.52563598989137,22847600
3.576669216156006,3.5936807877372674,3.5154280127196995,3.528186448054091,8666400
3.512026309967041,3.55965833020657,3.4643939652587097,3.4694975350567177,7336400
3.5205321311950684,3.601336872917887,3.5026701226106365,3.5137276955543033,7206800
3.6030375957489014,3.6055892182247233,3.502669668428698,3.536692815627295,8064400
3.671083927154541,3.7000035077803117,3.6532219191274264,3.678739119804563,8240000
3.6319570541381836,3.6693822552513837,3.593681095915156,3.6472674374273946,6324000
3.674485921859741,3.692347928014153,3.6481179667255317,3.682991546370763,8574400
3.7246696949005127,3.7255201275206544,3.5520026708233714,3.586025816066715,13638000
3.7399795055389404,3.819083030327216,3.7093587443991294,3.723818368010312,10747200
3.792714834213257,3.8003700240009546,3.741680451941062,3.7595424532894612,3250400
3.7076573371887207,3.853105619591506,3.6872433894715813,3.8275884282966,9648400
3.709360122680664,3.7833601066188,3.695750926502744,3.746785331052735,9909600
3.688095808029175,3.7170153910512593,3.6353602123308466,3.7170153910512593,8249600
3.822486639022827,3.822486639022827,3.7008543019652036,3.705957872386579,13034800
3.8343942165374756,3.9083941885275983,3.786761875371045,3.8607618473611676,10624400
3.751037359237671,3.834394033415186,3.746784547159739,3.834394033415186,8217600
3.7408313751220703,3.7918661047837032,3.708509412116586,3.7680497678207403,13174400
3.5724165439605713,3.7476351864969124,3.5647613526733344,3.721267233292262,13656000
3.555405378341675,3.580922577394583,3.495865030905697,3.580922577394583,12536800
3.591127872467041,3.6072886811922316,3.529886366613901,3.5860243054897385,8651200
3.594531297683716,3.6396120120148088,3.5468992855933124,3.6362096327315663,7734800
3.589428424835205,3.6149456231637815,3.5468996527979844,3.5511524651079505,6866000
3.5468997955322266,3.6226009608898395,3.538393846101218,3.61664695852253,7241600
3.5069220066070557,3.5298875791910533,3.453335670577729,3.5171288195992543,8335600
3.5009679794311523,3.523082794828821,3.4822552186932336,3.4856575978217155,8212800
3.4125092029571533,3.4899115692746525,3.359773606815377,3.4278195896545784,12468800
3.42781925201416,3.4516355870136,3.410807676862791,3.415911246748844,7496800
3.528186798095703,3.5664627568338254,3.4831064047312323,3.495864841331425,12118400
3.5026702880859375,3.5179806745869877,3.4788542755148977,3.5086242912286973,7444000
3.500117540359497,3.526485167384255,3.4703472097438666,3.5043703520278067,4023200
3.4677956104278564,3.493312805074151,3.4490828496018313,3.4882092363573984,13465600
3.4780020713806152,3.5077723991788194,3.4303700660534098,3.444829689250968,8077600
3.518829584121704,3.554553911982207,3.473749201421939,3.4831055807298967,6251600
3.4992668628692627,3.5324392488921807,3.4916116719048405,3.521382003197034,4441600
3.657474994659424,3.6744865711562573,3.5366934180226877,3.580923062658088,10802000
3.752739906311035,3.779107869881399,3.6753375304090627,3.703406684319664,12361200
3.774852752685547,3.7986687539775517,3.7408296155809553,3.759542373435349,10270400
3.827589273452759,3.8446008462285235,3.784210071119883,3.785060503747728,10731200
3.8786230087280273,3.878623008728028,3.8097266211643697,3.8488530047769047,8924000
3.8701183795928955,3.878624004485803,3.7714516382787293,3.801221649872697,10219600
3.929658889770508,3.9526244672937065,3.870118539651342,3.870118539651342,11306000
4.046186923980713,4.094669693092895,3.994301775587632,4.039382489887664,28237200
4.024922847747803,4.059796426870049,3.9747388851603005,4.044486043404793,11889200
3.995151996612549,4.066600329581447,3.9551748565975986,4.061496761344846,11551600
3.916048049926758,3.938162860955811,3.891381292821094,3.914346860698574,10631600
4.077658653259277,4.0870150352683075,3.973037910235088,3.989199051693881,15295200
3.9517717361450195,4.108277563540299,3.939013304650944,4.087013186581531,14889600
4.01301383972168,4.01386427215973,3.942415942021976,3.98494470223567,9453600
4.068301677703857,4.159313205760494,4.062347352294518,4.1380488239814905,16176000
4.047038555145264,4.2392684834728165,3.9977050183230536,4.108279773085035,16635600
4.219704627990723,4.219704627990723,4.08276193613454,4.08276193613454,27510400
4.235864639282227,4.252876209012016,4.189083065876836,4.207795825026474,16525200
4.253726959228516,4.3039109152221995,4.2333133336028945,4.278393720955809,18090400
4.360899448394775,4.38811783107833,4.184830393455469,4.229060346433424,25141200
4.285199165344238,4.345589943821275,4.269888781438964,4.337934751868637,10876800
4.1933369636535645,4.329429232283635,4.104026605018424,4.315820037867507,24328400
4.1550612449646,4.179728012676994,3.9891992797542493,4.080210833550783,16555600
4.2188544273376465,4.231613189858412,4.17207283887619,4.20864761200232,6806000
4.0274739265441895,4.157612168432924,4.013864734686337,4.133795839330136,14728400
4.032578945159912,4.048739764905576,3.88542940388989,3.976440968002165,13297600
4.021519184112549,4.122737834087462,4.000254805474951,4.078507887585019,12482000
3.983243942260742,4.090416278055478,3.921151665181063,4.08276108803666,15416400
3.900739908218384,3.9390158766301773,3.8590615593991298,3.8913835243322947,13334800
4.001956462860107,4.022370411506485,3.870117364777898,3.9126461270282045,14156800
4.056393146514893,4.0887150960380305,3.9994047619699375,4.052991092198273,12081600
4.07425594329834,4.109979951262627,3.956876457402313,4.035979988716077,23295600
4.018117427825928,4.066600188754208,3.9560251520713456,4.065749431843218,14384800
3.9806933403015137,4.057245266342792,3.9534749498132387,4.040233691170418,12005200
4.081910610198975,4.107427801821798,3.984094330431341,4.013013900795526,13571600
4.120187282562256,4.150808050079522,4.0062101615084185,4.0878656497107215,11412400
4.13634729385376,4.1729220534590254,4.075956207978678,4.099772534248494,7330400
4.041083335876465,4.167819205503956,4.025773278122594,4.167819205503956,8425600
3.9492204189300537,4.064047933564576,3.921151283437496,4.02322036559522,10209200
4.082762241363525,4.123589824840906,3.9585783010612277,3.9585783010612277,13725600
4.079359531402588,4.115934299478276,4.030876759668537,4.102325106087469,10600800
4.07425594329834,4.085313188924198,4.006209657610434,4.080209944625721,9313600
3.9602785110473633,4.0912668539513035,3.909243800976464,4.073404851437409,12453200
3.8054745197296143,3.9041412541196054,3.70850865062381,3.895635305354832,22620800
3.7119109630584717,3.766347736294318,3.593681035348975,3.751037353263141,34836400
3.596234083175659,3.8105792061056434,3.5605100582551072,3.755291978328281,24503600
3.6787381172180176,3.7170140700365737,3.5613586367306858,3.6021862115809054,22026400
3.6846923828125,3.7552902924651406,3.6685315680038357,3.710209578367296,13042800
3.75443959236145,3.768899542225368,3.6447152928959134,3.6447152928959134,10960800
3.8369455337524414,3.8548075385929947,3.7935660083182374,3.8216351511837523,14837200
3.827589273452759,3.89478480745921,3.7680489309719634,3.875221612331148,13212000
3.8207848072052,3.8522563328149713,3.7850607936617258,3.8514055756532,8528000
3.8190841674804688,3.865865755609672,3.7918657771337028,3.8488541805257417,6953200
3.7552905082702637,3.830991666702932,3.7221177952270734,3.8182329059579536,10723200
3.761244535446167,3.7978193037282937,3.7331753914055157,3.7416813401157585,10474000
3.742530584335327,3.8241857192119824,3.7340249627947575,3.814829340836158,12442800
3.8514063358306885,3.8718202936481885,3.7808087275024063,3.8190846956171867,15496800
3.8990373611450195,3.9339109370133065,3.822485450961588,3.8726694088665616,12824400
3.8326923847198486,3.9339107277161283,3.8029220548018436,3.8531060100368633,16418800
3.9585769176483154,3.9840941078455288,3.8573582647942657,3.8760710223576047,12870800
4.104877471923828,4.164417825468299,4.05299263579631,4.082762650334134,24356000
4.127841472625732,4.137197852037327,4.041082760539172,4.06830146631322,10900000
4.190785884857178,4.280947012355549,4.176325931400149,4.24862504974763,16312000
4.163567066192627,4.225659037694536,4.146555491589781,4.218854278065878,9615200
4.206095218658447,4.248623986643935,4.125290494592272,4.218853654372843,10880400
4.235864639282227,4.242669396961625,4.156761115837107,4.206094635606624,10705600
4.1423020362854,4.240118007253031,4.0912673203960415,4.235014762792218,10028000
4.102326393127441,4.16101599720034,4.065751613576994,4.098924012595105,9262400
4.0725555419921875,4.189084293414588,4.064049592400421,4.174624665811785,7601200
4.0989227294921875,4.103175866060663,4.027474383023236,4.072555099792718,6547600
4.121716499328613,4.151821054081295,4.025382645965249,4.083011158821749,6173200
4.181926250457764,4.219771947710044,4.135479765456887,4.150961708382821,7022000
4.336747169494629,4.343628322350253,4.223210772268249,4.23181221333778,10941200
4.3272857666015625,4.347928567467317,4.252454711156843,4.330726014671586,9144000
4.253315448760986,4.339327893313842,4.175904117418842,4.324705607121909,13186000
4.449422836303711,4.5500575471215505,4.276538001354893,4.276538001354893,18842000
4.445121765136719,4.448562340585364,4.368570766016688,4.387493274761572,10290000
4.404697895050049,4.468347258333567,4.364272262909378,4.445123855302208,9980800
4.451143264770508,4.550057690787739,4.420178737387326,4.4261995812550134,21906000
4.341047763824463,4.442542464878566,4.295460949482647,4.365131140985977,17519200
4.431360244750977,4.462324770733576,4.355669217694772,4.408136850264026,10996400
4.552639007568359,4.588764079097231,4.457165135511399,4.471787422638412,8528400
4.66961669921875,4.67047667948046,4.492430907159165,4.52425542662658,17214000
4.623169898986816,4.675637554059206,4.5423183016642135,4.674777245684392,10161200
4.710041522979736,4.723803501578723,4.6145679810119615,4.6145679810119615,12447200
4.81325626373291,4.834759374626762,4.73498495320375,4.739285509760233,10868000
4.857982635498047,4.865723768323963,4.764229061544803,4.854542059106212,14396800
5.004202842712402,5.00592313056169,4.8424993941043475,4.876904494867375,15380400
4.965498447418213,5.0016238452049215,4.910450534706506,4.955177045812628,15623200
4.806375503540039,4.995602947574485,4.75562814802323,4.980120681273666,20272000
4.62747049331665,4.730685515643911,4.538877760473912,4.690259552605452,20726000
4.429642200469971,4.50275266865059,4.355671423847773,4.3866359655139515,20861600
4.399537086486816,4.573281952188398,4.306643480084971,4.516513746535538,25612400
4.218911170959473,4.375453824640804,4.092473075670091,4.3436293057569735,33788000
4.107093811035156,4.267076994182728,4.089891258246237,4.216329643916685,28576000
4.1036529541015625,4.158700856770854,3.9428098019688442,4.150099745020545,31322000
3.9359290599823,3.966893590486387,3.752722801352145,3.8791608634286128,34122400
3.872281074523926,4.161282999036556,3.8714207661623923,4.076990825738956,31076400
3.774226427078247,3.9187273704453913,3.621984350026739,3.8060509419533144,38220400
4.086450576782227,4.105373417173649,3.827553295963591,3.861958400655013,28706400
4.182784080505371,4.238691956692486,4.128596163981932,4.236111689085628,24738400
4.01248025894165,4.124296359793243,3.9496908921067475,4.089891254249029,23614800
4.00731897354126,4.106233395502255,3.9574316085560284,4.043444035265984,22612000
4.045164585113525,4.056346293181061,3.9299079127344174,3.9574318648149753,19406000
4.076989650726318,4.142358958568399,3.990116905492863,4.137198094221099,16735200
3.953131675720215,4.072688915187337,3.9264680292301324,4.072688915187337,16646800
3.8748607635498047,3.9015247408717784,3.7776666042654017,3.8705602067201843,28393600
3.679612398147583,3.8946435168445936,3.658969594495081,3.8327147777756396,19287200
3.667570114135742,3.6796118023351214,3.478342694700287,3.5609148802743333,24572600
3.736379623413086,3.7553024619063575,3.6727306126634014,3.750141598286912,27799800
3.533390998840332,3.741540934727078,3.529950422682352,3.698534717086537,18902600
3.4525396823883057,3.509307886130436,3.3768486346949804,3.4456588570224347,22361800
3.560915231704712,3.607361701041681,3.4439382580323477,3.4663013485937455,22428400
3.8309943675994873,3.8567980354000966,3.6383263470061586,3.6417669235426233,22728400
3.748422145843506,3.7725055231043494,3.6142426265800753,3.6899336626859647,16384800
3.621124267578125,3.7707860854377118,3.59360030789775,3.7449824142512953,12084800
3.6056408882141113,3.741540684357811,3.605640888214111,3.689933357887083,13741200
3.8464772701263428,3.868840365089441,3.6004815849747986,3.6004815849747986,17807000
3.844757318496704,3.8688407041230497,3.7639053899885093,3.8671204154195222,11384400
3.7862675189971924,3.8533571149126407,3.7346598598910403,3.751862412926424,13724000
3.8361544609069824,3.9221668957085862,3.78454713127058,3.8155116602969814,10286200
3.7518632411956787,3.918727615931404,3.738101261351529,3.8378756972494816,9268000
3.844757318496704,3.846477607200232,3.7381017156586362,3.78454852631932,10054800
4.059787273406982,4.092472092798481,3.870559837930326,3.870559837930326,17289000
4.13547945022583,4.163003412614063,4.0787109086746485,4.13547945022583,13388600
4.202568054199219,4.221490896820222,4.126877011826641,4.15612125582663,5719800
4.054625988006592,4.137197843898896,4.003018660101749,4.137197843898896,11060600
4.076989650726318,4.128596981753676,4.0408642565180415,4.068388210147487,8729000
4.020220756530762,4.089030628643395,3.999577630841296,4.047744705375815,8914800
4.033985137939453,4.070110219311834,3.990978901194306,4.051187370148274,7065400
4.035703659057617,4.042584811975743,3.932488990177168,4.016781144755631,12200000
3.970334529876709,4.082150645058179,3.956572551517627,4.052906400031199,9159800
3.849916934967041,3.9221674026634896,3.806910712007523,3.9221674026634896,11956000
3.837874412536621,3.8705592267671722,3.767344248431107,3.849916099855411,9824800
3.7415401935577393,3.8327134750150895,3.7088553827543365,3.770784428884713,13361400
3.7673449516296387,3.8189526144862507,3.679612220073688,3.7845475059151763,12277800
3.9995787143707275,4.023662094106761,3.781107024129323,3.7879881772604413,13862800
3.844757318496704,4.0030202699945185,3.8189536441668315,3.999579692587463,15168400
3.693373680114746,3.879160518508392,3.655528328481158,3.8550771427516892,18432600
3.8086302280426025,3.8206719155318045,3.703695288414285,3.7363797749960126,11566800
3.8929221630096436,3.9118450012713697,3.7845466532182988,3.861957966005944,9318000
3.8963632583618164,3.9307683637695927,3.82239251141308,3.886041857984045,6381800
3.9273276329040527,4.006459240980281,3.908404792864031,3.9479707609578396,9787000
4.070108413696289,4.106233807153968,3.9290480722484213,3.9634531776260777,11350200
3.990978479385376,4.070109789139469,3.9686150548990367,4.068389500478095,10119200
3.970334529876709,3.9772156831119725,3.8740006813631367,3.972054818185525,9104800
4.040864944458008,4.107954551837572,3.999579006985086,4.008180120916812,10098000
4.082149982452393,4.15095986307873,4.018500965914803,4.04086405407659,15305000
4.137197971343994,4.207728141438587,4.099352618255387,4.154400523879324,16446000
4.068389415740967,4.142360186081776,4.051186857597044,4.135479359691111,9512000
4.039144039154053,4.104513676252591,4.015060661334283,4.085590834759106,10314000
3.9582929611206055,4.083871058509253,3.930769003559024,4.05290652422461,11821800
3.937650203704834,3.9634542034725326,3.8705605917763855,3.9582933378966954,17193600
3.8550775051116943,3.929048255444642,3.837874951620778,3.874000346762844,15392600
3.7862675189971924,3.8963633334453966,3.7690649659618085,3.85507740302732,16899400
3.753582000732422,3.841314709544254,3.7432606020814263,3.7879871003842043,21851800
3.8430354595184326,3.887761963200218,3.7862672679437415,3.8017495318378742,28246600
3.887763023376465,3.9445312304316023,3.858518775614032,3.886042734906736,17671000
3.8808813095092773,3.915286417716442,3.8413156647490387,3.8963635753913586,10887600
3.8292737007141113,3.887762183605245,3.801749747366684,3.861958518355958,10902200
3.7518632411956787,3.8447568512272965,3.707136724674323,3.8292745828886936,12757000
3.593600273132324,3.7226189559277283,3.5695168906728547,3.708856976220678,20504200
3.6039199829101562,3.6211222018133205,3.5247883978881696,3.6159616673868884,17937200
3.5953195095062256,3.6452068764153474,3.57467671004212,3.6125220611339017,11748600
3.66068959236145,3.6950943717562637,3.5798376881552234,3.595319953721887,14407400
3.672731399536133,3.71401733300301,3.6176834882469633,3.71401733300301,13319000
3.68133282661438,3.724339051990977,3.6555291570107142,3.6950948056104327,10024600
3.688213586807251,3.7484223615353014,3.672731321073997,3.7002552761305756,11139600
3.8292737007141113,3.839595101191545,3.6985347582581296,3.6985347582581296,12630200
3.934208631515503,3.942809743137473,3.865398426094237,3.8877618412895614,13703800
3.806910991668701,3.8946437323244654,3.7965895892713957,3.874000927529854,6885800
3.738100051879883,3.8086302167748713,3.7157369649105787,3.744981203631284,7849400
3.7277796268463135,3.7759467173633987,3.7191785130200117,3.7398213174477193,6835400
3.5093064308166504,3.622842791217239,3.500705320648338,3.597039132600982,21575600
3.5144693851470947,3.581559003094787,3.4439391898401572,3.5781184257355423,15899200
3.621124267578125,3.655529381234335,3.505867563374748,3.5505940798832283,15174400
3.5781171321868896,3.679611830811982,3.5695160200097384,3.6469273420496893,13467600
3.5867199897766113,3.626285646404209,3.547154333149014,3.5953211053525145,6758000
3.607361316680908,3.6538081091804453,3.564355100243128,3.595319628576153,9440600
3.533390998840332,3.6280045464049615,3.485223916962821,3.6280045464049615,9290200
3.4473788738250732,3.5781174984808266,3.4370571444221736,3.5333913168473186,14810200
3.4886651039123535,3.5419927312519732,3.4232954579115025,3.4232954579115025,16156000
3.4473788738250732,3.498986208393848,3.4095331889039695,3.4886648071023796,13891400
3.3992116451263428,3.414693910470285,3.295996652203868,3.375128267085285,20718600
3.547152519226074,3.5746764687277537,3.4009313324288013,3.4009313324288013,21041800
3.6314444541931152,3.657248114405978,3.584997668943157,3.6073607536312804,14841000
3.6692910194396973,3.689934151333709,3.640046773988192,3.672731596107274,11421600
3.7088568210601807,3.7535833352648256,3.636606348592903,3.671011460476926,10758000
3.755302667617798,3.7948683065334903,3.736379828087953,3.762183819487334,10924000
3.5953195095062256,3.7277787304945336,3.583277821800267,3.7071356029190463,15022600
3.739819049835205,3.739819049835205,3.5574728567679466,3.5746754021013696,18126000
3.827554225921631,3.877441607033893,3.767345442138771,3.779387133273048,17558600
3.820673942565918,3.8447576584331595,3.77594774476579,3.8258348091328016,11749600
3.925607919692993,3.9858166965452013,3.8533574530926313,3.8533574530926313,14008400
3.990978479385376,3.9995795945807298,3.927329111360617,3.927329111360617,12688000
4.023662090301514,4.063228064545146,3.922167378493585,3.9651736011880825,15260800
4.1148362159729,4.154401869945835,4.0253831762946515,4.0253831762946515,15491000
4.1027936935424805,4.163002470685609,4.076990025655836,4.116555671622787,12991400
4.193966388702393,4.212889230311576,4.113114814019239,4.133757943784841,18602000
4.109675407409668,4.142360235461594,4.08387173394194,4.094193137706729,18066800
4.137197971343994,4.212889005632606,4.10107290632006,4.171603076414653,17824800
4.204288959503174,4.22149151640056,4.068389120936453,4.068389120936453,14637800
4.174199104309082,4.240290444163671,4.1620244099992,4.195070245794264,13157600
4.222897052764893,4.240289278864755,4.115063459574324,4.1568053993378005,8258200
4.412476062774658,4.412476062774658,4.217679975666833,4.236811826041716,21165200
4.492481708526611,4.508134981482862,4.35855940956115,4.400301360199306,19243800
4.482046127319336,4.4959601103175215,4.337688429312337,4.476828259294195,15265000
4.438563823699951,4.501176566296576,4.403778708685371,4.426389132965481,11130800
4.334211349487305,4.403781288536933,4.332472059544109,4.391606590670203,12742600
4.4246506690979,4.431607494356777,4.349862890085819,4.367255450836269,8611400
4.527268409729004,4.572488954934096,4.489004692851652,4.5220505396814605,23512800
4.54640007019043,4.575967337858433,4.461176847320459,4.539443241658014,12610000
4.600315093994141,4.640317753171528,4.569008549686439,4.609011208863827,8938200
4.7133660316467285,4.729019303088777,4.610750288520184,4.617707113752482,13961600
4.655971527099609,4.718584290727274,4.6298828479434535,4.697713480096571,13600400
4.680320739746094,4.680320739746094,4.577704984775139,4.588140389695844,10494400
4.774237155914307,4.92033405310905,4.7464092070901005,4.765540714572169,27555600
4.668145656585693,4.791632211113201,4.6542316739384315,4.774239981605759,12275600
4.553356170654297,4.572488025202863,4.487264490433207,4.522049620205947,17085600
4.607272148132324,4.657710545738456,4.535962941109233,4.635100115178626,12557800
4.689015865325928,4.735975675158721,4.546397478487492,4.565529326582809,11030200
4.558572769165039,4.725540893260874,4.548137365076397,4.709887621260155,10374000
4.530744552612305,4.544658534537684,4.426389854039708,4.471610046495568,13634200
4.529007434844971,4.635101465721087,4.4820476023706926,4.609012780480588,9123400
4.70119047164917,4.70640800667725,4.572486077101298,4.600314036369192,17397000
4.692495346069336,4.739455164934759,4.5985760400740245,4.704670040204326,9390400
4.722062587738037,4.730759034761099,4.617707545610044,4.617707545610044,4002000
4.643795967102051,4.7394545500979035,4.58813970840639,4.697712604877777,14128000
4.67162561416626,4.682061021298183,4.5603133883951665,4.598577100771572,9196000
4.802069664001465,4.831636929166356,4.692496721205135,4.695975301044682,11479400
4.828156471252441,4.838591874976251,4.715105324327254,4.784675235378485,10021600
4.796850681304932,4.8698991823089886,4.708148906390322,4.861203066463373,12287600
4.970775604248047,4.979471720009945,4.7411946980842,4.7655440876059565,14304800
5.181225299835205,5.182964257703337,4.99338600346203,4.998603872273142,24812600
5.137744426727295,5.15513666055173,5.078609902864546,5.129047978079481,13428000
5.068171977996826,5.1690484166425845,5.055997286877839,5.1029570941100335,11880800
5.08904504776001,5.111655149610222,4.982950701862637,5.0107786726331645,12931600
5.125568389892578,5.156874935392289,5.05425918369236,5.089044307966602,8208000
5.057738304138184,5.101219548269954,4.984689800727385,5.096001679549338,14354800
5.062954902648926,5.097739690186087,5.00208110978954,5.097739690186087,11064800
5.222967147827148,5.222967147827148,5.111654937625668,5.111654937625668,12000600
5.203834056854248,5.235140598162048,5.167309648083319,5.222965905816901,10326600
5.061217308044434,5.216010443989064,5.055999438885911,5.184703892509118,11355000
5.136004447937012,5.136004447937012,4.695974157461218,4.695974157461218,13341200
5.054258823394775,5.123828735248372,5.026430858653336,5.123828735248372,11318200
5.075129508972168,5.146438703712176,4.988167043997965,5.125567566154758,17822000
5.082089424133301,5.129049263392598,5.0194766368565835,5.129049263392598,5213400
5.123828887939453,5.139482160039921,5.064694709903316,5.096000922368736,3835200
5.276884078979492,5.2873194852084415,5.1203516586029245,5.148179629703844,6401600
5.207313060760498,5.297753782031447,5.19687732498132,5.29601482447043,6126600
5.172526836395264,5.235139910789787,5.1203494955567885,5.217747353265148,4984400
5.012519359588623,5.429939369244236,4.975995262171504,5.242100348312427,19475000
4.951643466949463,4.981210723270644,4.875116723782725,4.981210723270644,20641000
4.784674167633057,4.953381205750653,4.715104272107008,4.951641916895573,20187600
4.951643466949463,4.969036029209369,4.798589648880454,4.815982211140361,21989000
4.807285785675049,4.941208084419993,4.7064093221983905,4.941208084419993,21337600
4.935990333557129,4.99338555842167,4.718584128504241,4.739455270152956,18589000
5.019473552703857,5.127306822817649,4.937728623834671,4.970774453201693,14584200
5.165572643280029,5.1742687606036055,5.028171733765361,5.038607140900775,12997800
5.104696750640869,5.163831253249891,5.0855649022275164,5.106436039745309,9092000
5.14470100402832,5.174268264523593,5.010778686977053,5.104698337398123,12717800
5.123828887939453,5.226444635382292,5.083826228898486,5.214269941912043,13814200
5.238619804382324,5.2838400008743465,5.113393624141261,5.132525475397095,15401200
5.325582027435303,5.355149281718772,5.25949036174966,5.297753730695999,12977200
5.706477642059326,5.727348449532953,5.410805105053738,5.417761930299779,37741800
5.819528579711914,5.863009816554001,5.654299747017778,5.736044684591629,23145200
5.696043014526367,5.892578424921639,5.675172202993151,5.856053675399589,22207400
5.739521503448486,5.756913727464549,5.652559056426539,5.73604292595111,15769800
5.643864631652832,5.7447407553504,5.635168517045096,5.680388711087934,12959600
5.671694755554199,5.704740269031613,5.576036131512196,5.6734337137493185,16388000
5.90127420425415,5.913448898909511,5.683867994735419,5.704738805077309,15094600
5.930840492248535,6.029977660046309,5.901273569400895,5.97084381435103,18333600
5.916927814483643,5.916927814483643,5.805615935033059,5.91344923531692,14202000
5.916927814483643,5.93432004684612,5.821269209547744,5.911710277469127,10993600
6.024762153625488,6.063025867586167,5.937799649875764,5.943017187789947,13783200
5.899535179138184,6.073460164326991,5.854314974916407,6.061285468441468,14772800
5.863011360168457,5.909971187938024,5.73430723677441,5.840401588757003,17278800
5.7864837646484375,5.9395379222516675,5.74474148040352,5.835182543374924,11154600
5.736044883728027,5.835182054092018,5.69604222406107,5.803875509401174,13106200
6.083893775939941,6.109982779988505,5.791699849868132,5.826484967442573,19295000
6.22303581237793,6.379568565810552,6.099549231042845,6.113463548446265,26987600
6.282168865203857,6.322171523176605,6.243905828235281,6.322171523176605,14962000
6.2439069747924805,6.2821700187872285,6.214339383531257,6.2543420488496215,11162200
6.322173595428467,6.343045073493588,6.122160240005306,6.24390787483358,12672600
6.43870210647583,6.45783395825396,6.2091212120804125,6.264777146268934,19849000
6.452615737915039,6.61784458228414,6.377827952184511,6.5204470294972685,22835600
6.3813066482543945,6.464790550807664,6.299562366873468,6.459573014232797,18457400
6.4160895347595215,6.47174545037507,6.360433619143973,6.445657113132634,11465200
5.741262435913086,6.130854624549293,5.492550030511195,6.012585602827822,47479400
5.930840492248535,5.989975001414841,5.7621337429716535,5.922144377497525,35037400
5.826486110687256,5.913448589951245,5.6525611521592785,5.69952097057836,37086200
5.687347412109375,5.850836666918773,5.621255728900812,5.810833998086831,23615400
5.539510726928711,5.6734327105599975,5.414284527942314,5.459505062939005,26879000
5.936060428619385,5.9517137051393725,5.716914557339557,5.741263951154822,27291000
5.9604082107543945,6.0630239594225435,5.916926972564011,6.009106985216892,25763400
5.963886260986328,6.160420962493438,5.8856199064843455,6.023020766224383,28580200
6.080417156219482,6.1395516761008295,5.969105274906626,6.078678198342596,15836800
6.1986846923828125,6.275212089825702,6.061283831947611,6.1343326510093705,20794400
5.943014621734619,6.231730646455247,5.91692627995679,6.1395499811215535,24183200
6.101287841796875,6.104765757100454,5.80561528066303,5.915187526444436,31557800
6.247385025024414,6.308259166710159,6.111723751591233,6.132594563626072,27720800
6.167377948760986,6.325649610836772,6.104764866889957,6.31173596123819,25426000
6.339564323425293,6.349999395414106,6.207380994818275,6.296083087549223,16148600
6.329129695892334,6.403917487768609,6.2578204831115976,6.348261549182236,19297400
6.454353332519531,7.638781511281101,6.216076398374397,6.372608414835879,21509400
6.42652702331543,6.508271298504032,6.393480858255051,6.454354988725151,21683000
6.431745529174805,6.461313120082835,6.360436315594546,6.391742864334282,14199400
6.539577484130859,6.546534640969769,6.393480507868717,6.47000790615474,16294200
6.436962127685547,6.492618722252798,6.414352361814043,6.478704407743227,9494800
6.264776229858398,6.426526472267696,6.210859261231642,6.3586958538646305,17451800
6.43870210647583,6.450876800612628,6.278690798080529,6.3413038899103835,16301600
6.433484077453613,6.466529578513481,6.322171554127228,6.428265877886567,14338200
6.499574661254883,6.511749353676051,6.412612193405983,6.45261484899996,9893000
6.744809627532959,6.767420057739607,6.574363249102895,6.645672455012116,20989400
6.911777019500732,6.922212090693473,6.763940430717669,6.7865508574202,24154800
6.913516998291016,6.977869046213905,6.845686371632963,6.90134230445347,18941200
6.967433929443359,7.042221713099059,6.962215729638068,7.017871662106815,15482000
7.009175777435303,7.026568671572857,6.950041264309759,6.988304967941308,11756600
6.997001647949219,7.165709085607699,6.965695099446179,7.061353702773857,23257000
7.11700963973999,7.118749261029227,6.916996317100841,6.979609414090879,16084600
7.174405574798584,7.188319891955259,7.08222554578467,7.183101691285926,15864200
7.2874531745910645,7.299627863843811,7.240493374557271,7.290931088545446,15401200
7.325854778289795,7.420540474864231,7.276758788458322,7.313580780831926,15553600
7.27500581741333,7.3416358997796936,7.199608020472125,7.278512100584014,19226200
7.203115940093994,7.210129176260136,7.048813373431284,7.120704227975933,17484600
7.322348117828369,7.374951730607942,7.301307074046172,7.364430874275484,13660200
7.362678050994873,7.4854180357667515,7.322348434418113,7.3504033836349345,14586600
7.339882850646973,7.42755464643801,7.253964196463358,7.387225700640059,11868200
7.4398298263549805,7.502953636374676,7.327610016934554,7.411774873999874,15653400
7.27500581741333,7.40125274692198,7.2504571530395685,7.40125274692198,14804800
7.138239860534668,7.250459689978212,6.990951167169281,6.996211931531472,19274400
7.120701789855957,7.322346474349117,7.106673984561179,7.246949361978682,10269000
7.061086177825928,7.264484707642997,6.985688383516932,7.217141859899021,14585600
7.304816722869873,7.37144749980803,7.145254021776922,7.145254021776922,14930400
7.499446392059326,7.508213438913808,7.357417825038636,7.4205416326033875,13921400
7.69407844543457,7.772983210390864,7.527501868056359,7.538022726344814,27297600
7.618678092956543,7.764212905232387,7.566075156819282,7.741418723198569,17832800
7.527502536773682,7.555557492485686,7.415282713925663,7.522242441603589,14654600
7.8396124839782715,7.853640293558238,7.562569933601698,7.5836109790888715,26524000
7.611663818359375,7.820322411371512,7.504704141065874,7.794021279027554,26629800
7.809802055358887,7.860651846548537,7.716869516902697,7.727390370939975,16616000
7.666022777557373,7.872928289095159,7.592378114169335,7.8203246714396535,16920000
7.739665508270264,7.834351201929822,7.6590076220636805,7.6888157095772405,22655200
7.958846569061279,7.96060037978372,7.713365909661387,7.8641608565337116,25161600
7.883448123931885,7.934297928647342,7.725639284691756,7.872927935978862,20449400
7.906243324279785,7.925531228212268,7.78174952293003,7.883448467915689,13590200
7.9044880867004395,7.992159867597032,7.89396723219511,7.97462511008815,15337600
7.806295394897461,7.943063158065554,7.78700749621835,7.907994312183771,14364200
7.704598426818848,7.969367667758756,7.676543474356621,7.864161094363288,23219400
7.387225151062012,7.778241250934186,7.313580500257373,7.629198807847911,27478800
7.606405258178711,7.659008202347475,7.520486603226309,7.541527647117269,18977400
7.6099138259887695,7.802791551852194,7.543283059157661,7.750188596515157,14215400
7.8255839347839355,7.853638880011589,7.434567843037355,7.4626227882650085,18151000
7.969366550445557,8.027229589150204,7.872927706682655,7.934297697563756,18444000
8.244657516479492,8.244657516479492,8.011450168827798,8.055286076081167,16866000
8.258684158325195,8.258684158325195,8.118409397394696,8.14997130221441,12621600
8.118409156799316,8.223615726041428,8.048272112854043,8.186793058921149,16316200
7.91150426864624,8.037751894219607,7.8325995026628865,8.032491799448335,18131800
7.56607723236084,7.951832649110376,7.502953424126826,7.886955699039999,25990200
7.788763999938965,7.806298764890947,7.557310453635917,7.6818049437048765,23292200
7.864162445068359,7.915012264165711,7.711613656659245,7.822080343588645,17448800
7.606405258178711,7.837858747627449,7.583610403781915,7.837858747627449,20269600
7.85013484954834,7.860655708754873,7.6590102550351995,7.68881835279602,22872600
8.025474548339844,8.109639374009602,7.925528776051845,7.927281917283838,20503400
8.232382774353027,8.258683915006019,8.174519060927404,8.174519060927404,21144000
8.337587356567383,8.365642303491466,8.209586619421087,8.295505270622606,18276600
8.03073787689209,8.281479313705253,8.02898473495367,8.267452171549367,40420000
7.8904643058776855,8.128931778587706,7.881697257092189,8.118410918715341,39022400
8.067559242248535,8.08158705218262,7.785256590594395,7.893969442052383,29435600
7.920270919799805,8.058792538828078,7.839613015890742,8.051778633562206,18824200
7.771231174468994,8.006191712178572,7.729149069469576,7.929040740424307,22188400
7.6519951820373535,7.907996697078936,7.592378326723839,7.888709461465777,26906600
7.785257339477539,7.788763623415545,7.459118084848638,7.536269040259069,23668200
7.716869831085205,7.86065216658496,7.702842694013646,7.820322558908044,17392400
7.811557769775391,7.844873484093262,7.729146727092249,7.741420726404265,18132600
8.116655349731445,8.116655349731445,7.890461946726752,7.890461946726752,19277200
8.135944366455078,8.17101255591304,8.074573697137968,8.144711413819568,9302400
8.32356071472168,8.342848617299579,8.176272067351865,8.253423008780727,18731600
8.42175579071045,8.493646664682773,8.325316911315815,8.365645872921462,19236800
8.518192291259766,8.59183628117757,8.428766681922152,8.463835535213711,16108400
8.393699645996094,8.490138511766327,8.281479826271976,8.34986373711118,20920800
8.656712532043457,8.676000433254,8.362135258186976,8.363889068596674,23012000
9.168717384338379,9.20729252309605,8.832057310573482,8.847838261982506,48206400
9.10734748840332,9.233595110320776,8.940771582563476,9.231841968408737,23072600
8.900440216064453,9.065263616563696,8.826796230304735,9.051235808486014,20065400
8.951289176940918,8.977590980176789,8.846083301762722,8.92498804258769,17411000
8.97934341430664,8.986357317134763,8.802246715633398,8.898685538431009,16849800
9.084551811218262,9.172223607883197,9.051236100400642,9.12312694691058,20223200
8.937265396118164,9.079293314069629,8.893429486847634,9.03019730972916,17729600
9.310744285583496,9.324772093732902,8.988112055856977,9.077537660602662,19714200
8.89693546295166,9.223074030252024,8.779454891187168,9.196772888907367,24188400
8.7706880569458,9.03019653736531,8.472603765625136,8.968826537188777,32941000
8.320054054260254,8.546247461523917,7.932544854112054,8.414739759935662,46592800
8.26569652557373,8.511177813186906,8.09911998532784,8.507670861205838,40056800
8.512933731079102,8.600605552550324,8.346357136507196,8.435782768982275,24034200
8.593589782714844,8.833811003047877,8.52520588381813,8.795235195923466,29313000
8.502412796020508,8.670742517972506,8.313041357162367,8.451562983488282,34396600
8.60937213897705,8.674249764980384,8.45507022306261,8.642687857433595,21665200
8.199067115783691,8.591837106383965,8.12542311879272,8.565535296668441,26258400
8.162245750427246,8.206081657431563,7.7168727747315,8.000929933715131,40614000
8.283228874206543,8.388434727482055,8.013199670214892,8.097364486611802,25208000
8.591836929321289,8.660220830513008,8.427014175964768,8.456822268737449,29578200
8.220108985900879,8.407726603348372,8.079834225503147,8.171012318099558,34070600
7.950078964233398,7.981640866194527,7.660761752550632,7.822078214672267,40849400
7.995667934417725,8.151724301098406,7.906242992256726,8.08509354546148,22098000
7.446845054626465,7.957095051089872,7.434571052595757,7.890464276578209,37965600
6.945361614227295,7.4117756649566555,6.854182842122237,7.234678215848578,55074000
6.699878692626953,6.810345346218493,5.961682308489913,6.3825072095834745,100596600
7.031279563903809,7.210130153598337,6.666565147397963,7.129472241250674,55187200
7.069853782653809,7.276759280774399,6.845414192373605,7.1925944344193224,32367800
7.14349889755249,7.267992698932829,6.915551671621097,6.964648336792965,17782000
7.764214038848877,7.785255751482082,7.4521026591662665,7.494185415549955,40021200
7.893967628479004,8.046516347610021,7.666021120481275,7.929036476374648,42480800
8.334081649780273,8.451562217434406,7.797530626081176,7.897476431236216,31448800
8.472601890563965,8.640931569980621,8.246408507601322,8.328820205785235,27668800
7.897477626800537,8.381425774030726,7.846627811179434,8.355124629624669,36150000
8.40422248840332,8.437537546220687,8.071069234697461,8.09386409998463,26747000
8.411232948303223,8.656713594043916,8.171011727788777,8.241149437361988,25644400
8.649699211120605,8.767179089861056,8.547999612614529,8.679507298962445,30296600
8.960058212280273,9.065264779713667,8.644439847745675,8.644439847745675,24967000
8.791726112365723,8.909206647001376,8.661972250754376,8.791726112365723,26839800
9.13189697265625,9.165212023022052,8.823291795723865,8.921484473635605,27065600
8.886414527893066,8.996881193452964,8.714577864179233,8.825044529739131,24937200
8.83731460571289,9.05298707774732,8.547997499708222,8.944273602309464,34545000
9.188005447387695,9.231841349963242,8.968825934509962,9.038962977301162,22332000
9.30197811126709,9.380882867291893,9.170470407520007,9.18800516934928,25027600
9.643898010253906,9.777158852087187,9.408937559248773,9.465047457797812,20690400
9.556225776672363,9.731569368904884,9.398416276110007,9.63688366856747,19829800
9.440499305725098,9.503623107776594,9.349320554859906,9.391403312521817,12930500
10.380339622497559,10.41540847076301,9.64038953273885,9.700006374125323,29404000
10.453986167907715,10.776618447154785,10.299684267876845,10.69946749713935,31529700
10.468015670776367,10.64335931461221,10.373329942573113,10.482042814464117,19821400
10.678423881530762,10.731026819744269,10.552176294712222,10.678423881530762,15512900
11.137825965881348,11.158867011375559,10.811686750748569,10.944947597388946,21133900
11.236016273498535,11.236016273498535,10.808177535114941,10.934425119409463,18395600
11.565664291381836,11.600733815848074,11.274594596022713,11.488512675321687,23511100
11.916353225708008,12.018052854659066,11.544624239420918,11.649831490206571,22759800
11.898821830749512,12.137289334532813,11.748026164011069,12.13378171190202,26909100
12.673833847045898,12.677341467821808,12.028569414110752,12.074159119840047,29630500
12.431862831115723,12.70189216439635,12.116243782407029,12.70189216439635,33596100
11.327193260192871,12.256514626522664,11.29563136713127,12.17234913243668,48317300
11.239523887634277,11.73399275951568,11.053660109720797,11.460457186319926,39607000
11.769062995910645,11.98648868685702,11.449937695189242,11.558649871779673,27435600
11.667364120483398,11.712953834246033,11.369279176977669,11.572678409329738,19233800
12.046103477478027,12.19689906413277,11.716458026851457,11.719964309854085,22812000
12.011035919189453,12.312627108137116,11.88478832030295,12.095201431035598,25165700
11.958434104919434,12.484464954187425,11.642816398018015,12.27405314958648,29618400
12.596683502197266,12.642273212483246,11.821665116163055,11.905830632247522,20970100
12.344186782836914,12.624736208813054,12.133773710030917,12.463420456097422,19178600
12.004023551940918,12.16183307075354,11.730487944509438,12.126764883357666,23684900
12.154823303222656,12.302112683506936,11.853231973000323,12.246001424148313,25229400
12.445890426635742,12.449396710331639,11.979475766909903,11.99350357722473,15569500
11.720324516296387,12.492048527122476,11.579371322748283,12.488523924344568,27364100
11.533563613891602,11.639278870022045,10.92393758115556,11.265750869957115,30479600
11.966994285583496,11.974042146897379,11.667467573075054,11.854231193045582,20883700
11.565279960632324,11.86833139017268,11.350324814365672,11.811949822647213,30641200
11.801380157470703,11.942333421584987,11.568805994651505,11.762617572960375,22233000
12.50966739654541,12.633001607828602,12.069186150188177,12.199568222722133,24648300
13.098150253295898,13.270819500675293,12.742241982574724,12.78805241053124,24013600
12.851483345031738,13.13339111928444,12.81272077402656,12.971294317119424,23583600
13.277868270874023,13.492823358023749,12.890245268770807,13.143961580737068,25347300
12.83738899230957,13.10167781096391,12.685863295408353,12.96777109979116,27849800
12.819769859313965,13.101677660458355,12.513193865342162,13.038248237170563,20042300
12.523768424987793,12.629483700053468,12.259479565202279,12.403957421448654,21060400
13.302535057067871,13.327201901952195,12.826815798021938,12.911387453556125,22073000
12.629480361938477,13.267297792232487,12.576622066255359,13.172153666548255,21818000
13.024153709411621,13.503397687573779,12.414527613269115,13.306061536494493,37654400
12.580147743225098,13.126344353516215,12.541385168981565,12.728148832981404,27357800
11.57585334777832,12.604818836604654,11.484233786726959,12.597770971255645,33036800
12.425098419189453,12.446242009771309,11.836615929207605,11.98109377091065,24255500
12.590720176696777,12.992438998430918,12.389860765829706,12.791579587563849,22288300
12.15728759765625,12.583673303825375,11.861284019769695,12.583673303825375,20332600
12.474431991577148,12.699958220862307,12.255952280745085,12.583670502750818,22395400
11.854235649108887,12.42509918770265,11.716805662432852,12.407480199915932,28456400
11.854235649108887,12.312336052776537,11.438421084977877,11.98814237592462,25163100
11.427848815917969,11.575849911585655,10.952128800016354,11.498326104244592,31411100
11.47365951538086,11.695661163921093,11.417277952288378,11.628708477824553,12275500
10.923938751220703,11.84013952814219,10.60679227673855,11.618137869762347,36298500
10.994413375854492,11.241082497418496,10.53631242645657,10.976793720807775,31658800
11.970523834228516,11.981094958445965,11.480708696594402,11.480708696594402,26828700
12.107950210571289,12.456810648003358,11.878899396475374,12.125569193753533,25895700
12.185480117797852,12.668247435956115,12.086811353732509,12.668247435956115,21179400
12.298240661621094,12.344049757265356,12.051570820086438,12.26652594850603,13571700
12.129095077514648,12.234811687970428,11.981093973664622,12.065666993180738,13000600
12.527287483215332,12.62947946400782,12.336999245375981,12.481477053163147,21828600
12.869102478027344,12.981865589035325,12.456811261207529,12.544907525697658,20613300
12.862052917480469,12.904338742465209,12.64357458677682,12.886719760741746,15721700
12.749293327331543,12.869104317937321,12.587196500112697,12.696435023383328,14520800
12.11500072479248,12.957200941147267,12.055094555768068,12.791579505644972,23260800
12.298240661621094,12.756341027761172,12.005760380199682,12.650625765458459,21143800
11.836613655090332,12.033949763213425,11.558229148338718,11.956424623550378,28854800
11.59346866607666,11.663944600581798,11.427847262656561,11.445466246282846,25830700
10.945080757141113,11.325656629192578,10.768888211337266,11.325656629192578,23094200
11.19527816772461,11.434900215596508,10.79003531482193,11.297470200190572,20866200
11.251655578613281,11.452514964293814,11.19527402025107,11.304513877683899,13327000
11.438422203063965,11.635758380595233,11.322135796910755,11.586424672273099,16844000
11.734424591064453,11.854235589349784,11.61109033293658,11.64985291241751,15335300
11.938806533813477,12.037473923138778,11.808423090213774,11.90004396108072,4419200
12.072713851928711,12.153763614020995,11.77318703186491,11.935283867564317,8240700
11.84366512298584,12.111477245890066,11.808425801391422,11.995190845235161,10489300
11.762613296508789,11.995187374772645,11.755565434229,11.900043250358937,8645700
11.512418746948242,11.642802181135954,11.424322485912242,11.639277577918845,7935800
11.526517868041992,11.787283469019266,11.434898321032101,11.762616616199578,12307300
11.66042423248291,11.822521072820502,11.558232220175144,11.642805244488411,10542100
11.191749572753906,11.526514976077381,11.064890736228165,11.452514436184806,21463700
11.110700607299805,11.300988180323984,10.606789890105151,11.156510366989716,28644400
11.004983901977539,11.498323462684368,10.878125753103024,11.300987369553205,22818300
11.064892768859863,11.20584668415897,10.793556061833277,11.071940632655139,29498300
11.47365951538086,11.68861330050422,10.923938267047308,11.28689449543999,29703800
11.276323318481445,11.466611597099018,11.117749752966802,11.360896334836752,20281500
11.382033348083496,11.54413009864776,11.262222414135591,11.315080693087442,16775700
10.941555976867676,11.28336991937127,10.751268391662578,11.124796371599379,26625800
10.21916675567627,10.744220415227165,9.873829557655599,10.645552356312189,50144400
9.968974113464355,10.64202955423394,9.7610668650464,10.571552270250459,44157000
10.159261703491211,10.381264005403981,9.76106686376408,10.29669166790763,37409100
9.461541175842285,9.701163179402712,8.880105827274381,9.049250533744804,60436000
9.362870216369629,9.556682387732245,8.457240789379608,9.035152028241791,54841100
9.979544639587402,10.08173662804831,9.524968268617465,9.655350362442789,39790900
9.764592170715332,10.370695058055727,9.620114313179851,10.282598770674515,27061400
9.796305656433105,9.965451017753713,9.317062370368253,9.637732762354174,27563700
10.116974830627441,10.328406002737058,9.902020399356362,10.152213471332571,22393200
10.27202320098877,10.571550602483349,9.94782895562777,10.145165050801308,28028400
10.57507610321045,10.716029997743972,9.743447117280889,9.93725931037052,33207400
11.1459379196167,11.195272279603998,10.782981778107725,10.849935120298358,34775300
11.03317642211914,11.364418578172998,10.892222527666814,11.24813153123468,16539300
10.462315559387207,10.997940490279719,10.409457919959037,10.92393992950455,24071300
10.557455062866211,10.99441308684281,10.501073512441057,10.747743299641932,23884600
10.529266357421875,10.737173617528976,10.236786755052414,10.483456590741891,31315500
10.694889068603516,10.846414785424543,10.518696499671403,10.560982339827175,19198400
11.244610786437988,11.364421798705681,10.691366173854373,10.864034827505723,22653900
11.276323318481445,11.706233575156148,11.068416053527244,11.522993159921725,28849600
11.515946388244629,11.55470896840538,11.18822810319433,11.452516956025693,22045400
11.350322723388672,11.621659387194658,11.329180479613111,11.611088265306877,19295100
11.286894798278809,11.286894798278809,10.92746249195063,11.145940886765672,19562900
11.804901123046875,12.11147579075004,11.752042819127274,11.96347469056317,32278700
12.351096153259277,12.351096153259277,11.544134038725947,11.61108806081566,30465700
12.259478569030762,12.611863686777602,12.167857685640758,12.57662436845739,22019000
12.55548095703125,12.55548095703125,12.055093437241762,12.50262265657547,21703300
12.587198257446289,12.668246682371105,12.375766356377344,12.523768821549874,19528900
12.759862899780273,12.830340181732298,12.435669284740252,12.513193085069366,19587300
12.91491413116455,12.995962540837654,12.661196435323568,12.717577996150181,21502400
13.11577320098877,13.228536319850933,12.830340800232557,12.830340800232557,22274300
12.277094841003418,12.98186492063796,12.171379597906688,12.9536734722163,31201800
12.333477020263672,12.435669009621156,11.95642511604071,12.160807750513362,24967200
11.966994285583496,12.421571258513145,11.75203922035744,12.192520470659327,25294500
12.477957725524902,12.551958282139992,12.129095846243922,12.241860327493152,19720800
12.019855499267578,12.530814142847042,11.963473939273856,12.47795584224687,21776800
11.678040504455566,12.01632983454571,11.621658949440542,11.752041043367353,19619700
11.160039901733398,11.678045931194594,11.061371798545876,11.678045931194594,24080900
11.822517395019531,11.84013637753304,11.318606698528406,11.579372210151824,23202900
12.062140464782715,12.25595197929243,11.875376812795105,11.959948474575699,22173600
12.044523239135742,12.13966738071199,11.456039402921734,11.702709250240614,23910100
11.917664527893066,12.354622663651217,11.628708840013942,12.326431209105673,28076300
11.332704544067383,11.73794793896314,11.082511450501979,11.27632298292247,31097200
11.917664527893066,11.94585598243861,11.459564145468297,11.699186132135262,22225700
10.941555976867676,11.829566500147923,10.923936992502432,11.801376394011998,33165600
10.864030838012695,10.934508115391134,10.437645259024414,10.659647540160577,33109700
11.188226699829102,11.424324066841088,11.0120341533751,11.015558084958727,23137900
11.632232666015625,11.713282429658628,11.311562248282483,11.463087963235324,26326900
12.220717430114746,12.266527877204398,11.945857436062239,12.181954847519094,34555400
12.083284378051758,12.411002600830377,12.048045064491367,12.365192165323053,24240200
12.033952713012695,12.160810230499392,11.850712284319568,12.10795326760725,18150600
12.206618309020996,12.312333558568312,11.984615344001998,12.005758931608394,19505100
12.481477737426758,12.527288169990378,12.037473169035781,12.192522106011209,22165200
12.54490852355957,12.618910413241785,12.263000723615773,12.516718415686402,21181800
12.668243408203125,12.809196628243024,12.354620914129587,12.361668776767935,23876900
12.921960830688477,13.02062957169615,12.61538617342339,12.671767735038149,27974600
12.957201957702637,13.552732369502916,12.802152977653567,13.08406082512581,33502500
13.084060668945312,13.295491215965049,12.67881721887441,12.823295072994512,25773200
12.91491413116455,13.140440374471005,12.717577996150181,13.122821388758146,19276800
12.812723159790039,12.86205686144004,12.520242865375662,12.837390010615039,18487100
12.712987899780273,12.933033655952254,12.624259619433461,12.66684881491182,17105000
12.56747817993164,12.663304920291385,12.397119981698745,12.56392964312718,14238100
12.805269241333008,12.883349226735756,12.656204989406945,12.691695768782154,15528900
13.444113731384277,13.483154403886605,13.021766114917153,13.110494423736425,25975300
13.479604721069336,13.539940676017183,13.192124508665854,13.280852818852372,19132800
13.461857795715332,13.486701611425465,13.145985264069562,13.344735789750631,20565500
13.930350303649902,14.097160027154045,13.4867085742343,13.515102294782713,19933100
14.043915748596191,14.331395938903956,13.752887021863799,13.763533985024154,32659000
13.923250198364258,14.125550694327416,13.759990386514508,14.008429995874144,20787100
13.24891185760498,13.841616316684647,13.24891185760498,13.841616316684647,28779700
13.458312034606934,13.486705749207786,13.028867255420261,13.220520767315527,29787800
13.493803977966309,13.657063772842257,13.408624189312398,13.476058583547063,15132900
13.075008392333984,13.334094985754355,13.000476910778886,13.334094985754355,17474300
13.870011329650879,14.033271109956079,13.071456467073682,13.185028605884838,30199300
13.582530975341797,14.161039983251255,13.312796132561513,13.862912782954808,23935800
14.16458797454834,14.210727076857129,13.948090672045515,14.171686402125587,26074900
14.30655574798584,14.409479577021697,14.09005841628189,14.09005841628189,18105600
14.515948295593262,14.558537494267581,14.161035147572752,14.224919622527342,18747700
13.862909317016602,14.569185787998954,13.813220334484631,14.491105808935677,24834500
14.200078010559082,14.260413964844167,13.9835820733468,14.05456363760706,20243500
14.047468185424805,14.086507508718622,13.823872441318784,14.047468185424806,16878800
14.402379035949707,14.430771389368036,13.923245379329655,14.125545805273738,16443300
14.51949691772461,14.590479818528156,14.288802828584638,14.47335782911937,14371800
14.373985290527344,14.892158262487673,14.310100803147414,14.583384142742336,23833000
14.977340698242188,14.977340698242186,14.498206957543388,14.498206957543388,22639100
15.58423900604248,15.591337432712999,15.119302213271931,15.19028512609066,21282200
15.424528121948242,15.669419108738118,15.275465220325257,15.665869218383392,21833800
15.392584800720215,15.438723894896599,14.828272769716815,15.11930147965453,24757700
14.82827377319336,15.428077976417867,14.79988141985399,15.367742025506178,25185100
14.707605361938477,15.243525155648314,14.57983772251985,15.002184024713113,17486500
14.554994583129883,14.718255738449821,14.373989386564842,14.693411914487696,20859900
14.06875991821289,14.423673140585109,13.862910953257984,14.423673140585109,25818000
14.43077278137207,14.505304239406838,13.799027625652702,14.10070334849054,29207600
14.040369033813477,14.476912180550558,13.95518925581975,14.427224540840317,28952300
14.118449211120605,14.515953041667819,14.040369213670015,14.107802246442493,21804800
14.171686172485352,14.480460320715704,14.026171794226302,14.121998534136399,22266100
13.671258926391602,14.143292857781256,13.490252405764359,14.143292857781256,30757600
13.213418006896973,13.568331199735095,13.1495335238752,13.451210550119436,26497000
13.738693237304688,13.756438631164686,13.27375769029361,13.344739265733601,27793800
13.287952423095703,13.806126829435339,13.23826478161209,13.788380082716886,28734400
13.067903518676758,13.302146169404839,12.769776385578618,13.291499206971954,34022900
12.510692596435547,12.805271256373244,12.130935511039073,12.656206980990394,45908500
12.223210334777832,12.524887372395712,12.180621129119775,12.372274585410695,37425400
12.251605033874512,12.489396251443601,12.113189088855307,12.404217833225573,34260400
12.26934814453125,12.453903154885309,12.088343024043663,12.336781159244998,33030200
12.365174293518066,12.514237167778171,12.067047191111625,12.16642244061836,20531800
12.840761184692383,12.982727022834977,12.61361692677349,12.705893773845576,31079100
12.787525177001953,12.96498181883162,12.642010784857098,12.837212820092383,24723700
12.805269241333008,12.957880675755563,12.642008136102282,12.908193043075691,22027000
12.354527473449707,12.791070493771128,12.301289958384503,12.741382868449604,24852500
12.443260192871094,12.567479300401262,12.159328483282032,12.407768052229097,23065700
12.659753799438477,12.936587029317534,12.31903743608046,12.41841405747474,27308700
13.018218040466309,13.30569825864645,12.63136254612411,12.74493467713406,29643100
12.610065460205078,12.954331694648989,12.45035560461305,12.883348784448973,31409800
12.59232234954834,12.741386623328308,12.390021898900748,12.461004821944226,19708700
12.712987899780273,12.879797500075835,12.617161194539383,12.617161194539383,17197600
12.2445068359375,12.425511993454311,11.907338985619878,12.308391327740274,38033900
11.474343299865723,12.41486237687824,11.424654319390603,12.311937233866345,40494600
11.38561725616455,11.623408474323332,11.137177043343925,11.456598820226752,27162300
11.453052520751953,11.889595723661774,11.293341262641821,11.541780847047937,33893000
11.328829765319824,11.442402561904439,10.910032066434795,11.332378978676521,32870500
10.892287254333496,11.49918923165484,10.821304337321003,11.467246986693544,33265300
11.18686580657959,11.364322431644839,10.853247161912801,11.009409181514343,36579800
11.183318138122559,11.421110075645101,11.005861488536882,11.144277458591823,26963200
11.2684965133667,11.463698544395712,11.2684965133667,11.428207758349238,24362900
11.112330436706543,11.357220697541347,10.860342427412535,11.12652728751116,42360300
10.87808895111084,11.03070172849825,10.771615266718458,11.00585791393624,46188800
10.27828598022461,10.629650645068121,10.02984714558908,10.601257616054253,93514900
10.338619232177734,10.533821860846771,10.16471187881715,10.203752539939574,39293500
10.61190414428711,10.629650209783579,10.398956096931736,10.50188124598172,28930800
10.374114036560059,10.611905938880614,10.239247300695299,10.519628413523337,30632400
10.23924446105957,10.540920772421165,10.21794986171143,10.296030510616681,26096600
9.813352584838867,10.413156249868896,9.710428080109253,10.363468604616214,46474300
9.859492301940918,10.115029649383603,9.327122320394412,9.58620888228062,32708700
9.898527145385742,10.104376737166548,9.863036373343911,10.044041476975117,24820600
10.068888664245605,10.175362362799182,10.00145496079193,10.136321690756013,26460300
10.899386405944824,10.927780117955354,10.349271097664518,10.469941665935858,39688500
10.65804386138916,10.89583573741301,10.54092253003074,10.88873731079899,25130200
10.036944389343262,10.491232800032614,9.941117673859802,10.46283977436453,33416800
9.355511665344238,9.799153141478648,9.2632341570751,9.767210901041516,40366500
9.284529685974121,9.540066958057938,9.099974650997522,9.391003380106568,40809200
9.469083786010742,9.614598136197753,9.355511676298264,9.426493906396976,29533000
9.373259544372559,9.58265843090711,9.284531225567864,9.58265843090711,28316100
9.139018058776855,9.277434037996622,9.028995118293025,9.121272663420685,22342100
8.787652969360352,9.20999996572482,8.695375434536151,9.142566252402643,39736900
8.737963676452637,8.943813314670871,8.674079189256766,8.69537379267431,36504200
9.195804595947266,9.256139890895227,8.698926054757658,8.72022066563827,37848500
9.199352264404297,9.469086439015904,9.178057657102775,9.37325969074401,31706300
8.99350357055664,9.20290248322343,8.85863613005425,9.15321483511383,20980500
8.80539608001709,9.174506123625502,8.698922393484073,9.096424788354312,21253300
9.018342971801758,9.142562708098879,8.482424040934765,8.521464703556372,25028500
9.547165870666504,9.568460475187939,9.241940949381705,9.316472403678361,31623200
9.745916366577148,9.8488415218281,9.67493413114432,9.760113219829648,24986300
9.451337814331055,9.813349425330266,9.341314916575945,9.813349425330266,23172100
9.224194526672363,9.536518540041339,9.135466221478966,9.490379442252554,19311100
9.199352264404297,9.270335191333853,9.078681694790069,9.124820123433928,13037600
9.490376472473145,9.540064091211091,9.234839277179796,9.32001834227758,17968300
9.547165870666504,9.73881934218923,9.359062289664502,9.696229456203088,16470300
9.422945022583008,9.603950832615201,9.373257392083532,9.536517813206828,11853300
8.95446491241455,9.103528567373786,8.83024508712459,9.03254629359637,27967400
8.869284629821777,9.327123181135647,8.69182795292992,9.08933120702282,39457500
8.365304946899414,8.901224019790122,8.177201363203721,8.826692564426157,40018700
8.347557067871094,8.418539288451884,7.889718800422592,8.166551288433995,44440700
8.067177772521973,8.791201106138262,7.999744744406495,8.75216043316583,40302100
7.438980579376221,7.967801859600591,7.396391373134414,7.790345254058869,50239800
7.836482048034668,8.017487829372337,7.399939051425455,7.588042581035573,49244600
8.123963356018066,8.123963356018066,7.438980735903083,7.488669046821674,50320000
8.610194206237793,8.610194206237793,8.084922839231497,8.205593379887429,37231700
7.641280174255371,8.209140658659528,7.60933793738975,7.900366604882654,37905500
7.861327648162842,7.91101595903491,7.023732913487337,7.158599638555542,48020700
6.988242149353027,7.619987307194116,6.839178555839554,7.595143487765756,59331700
7.297016620635986,7.5915946068096885,6.7681959310925155,7.194092124643009,54683900
8.432741165161133,9.043191875348516,7.964255657698317,8.187850767371575,45750400
8.351109504699707,8.571155353483093,8.244635117305481,8.51791849825765,40090000
7.527707576751709,8.198493889698366,7.378644703811463,8.099117964128425,46874300
7.506415843963623,7.666127093025062,7.399942129218243,7.651930236689214,29350200
7.900367259979248,7.978447913823476,7.616436317290588,7.793892902617319,36709000
7.41413688659668,7.552553501549736,7.190541857739036,7.549004288146504,51167700
5.927050590515137,6.885315804905641,5.856067681178125,6.810784359350652,57642600
6.79658842086792,6.79658842086792,6.367143724752631,6.374241475086446,40556900
6.604934215545654,6.746899346119925,6.232274986227162,6.729153281708678,38641500
5.618276119232178,6.388437816397873,5.575686574406118,6.335200969983203,66239500
5.596982479095459,6.143548567643495,5.490508429474128,5.795733722481713,65342400
5.132045745849609,5.195930240869803,4.2092711357716,4.766485183340896,121264600
4.42931604385376,5.2349690739760915,4.383177631226235,5.107200459105082,85102100
4.518044948577881,4.919096911855904,3.815316963372013,3.9359875075317947,89338600
4.326393127441406,5.110751561060291,4.1986244568799975,4.855214219937474,77668000
4.2802534103393555,4.510946858691815,3.7265886604332006,3.9075944766017137,72235900
5.497607231140137,5.497607231140137,4.610323933468518,4.9155496044894536,54926700
5.188830852508545,6.019327441647452,4.972333926149952,5.880911512693433,83206200
3.9537341594696045,4.844566257206498,3.9537341594696045,4.844566257206498,88619300
4.131190299987793,4.241213216562466,3.616565823170948,4.070855021167496,81975700
4.358334064483643,4.660010424250734,4.092149160620306,4.262507675098078,67627400
4.901352405548096,4.947490832773451,4.507398459393365,4.507398459393365,52560200
4.760919094085693,4.938727728747482,4.56133781110851,4.6085115940714445,61790800
4.0714569091796875,4.4452179991488325,3.8138156888558274,4.289181664764598,58855600
4.154918670654297,4.394416114699893,3.8210736437832944,3.955337351928111,51833900
3.8101861476898193,4.125887244113528,3.62511988031799,3.6287487120855424,54191300
3.668665647506714,3.897276909253711,3.6323783598725297,3.8101870036542422,41055800
4.281924724578857,4.292810876804598,3.7303546028614174,3.937193571537727,53500700
4.506905555725098,4.702857956145127,4.238378256272542,4.260150552950091,58042200
4.811722278594971,4.880668371964013,4.6266559572495,4.6810870653795575,64809800
4.760919094085693,4.862523978740358,4.445217942931751,4.684715344078569,52220700
4.855267524719238,4.978645079662447,4.706488830604628,4.7464049558831976,31393400
5.4794111251831055,5.497554593320791,5.105649729237876,5.160081171844347,37288300
4.6375412940979,5.363291120544842,4.630283975786964,5.225398611992185,44193700
4.347242832183838,4.648429435086209,4.289182880899152,4.6085129590295315,43042700
4.626655578613281,4.731889299499944,4.398044320259942,4.593996777982159,33322200
4.724632263183594,5.022189627066562,4.546823265338479,4.938728204230768,32427000
4.492392539978027,4.7173749983726685,4.365386151596013,4.4742487207713735,31076700
4.056942939758301,4.383530327818676,4.009769144404763,4.347242686449925,34843500
4.597626686096191,4.60488400678729,3.828331659286819,4.183949024765615,50968600
4.162175178527832,4.456103652222585,4.133145214362041,4.310953831393629,32722300
4.1077446937561035,4.383529763685936,4.013397461255519,4.140403497572077,28442800
4.024283409118652,4.2020920585552,3.8755047291384987,4.115002150186018,25978600
3.6360061168670654,4.024282090688235,3.628748453848447,3.9117907363505884,29416600
3.1932990550994873,3.712209904982228,3.1932990550994873,3.5452877902145805,42815800
3.639636278152466,3.6468939445128172,3.2985339187012883,3.545289037919957,40109800
4.075085163116455,4.2456364714781705,3.723096741815337,3.7484978753352456,37640300
4.151288986206055,4.365385247144548,3.9625942053198453,4.354499096301852,31567500
4.554080486297607,4.57585278851942,4.046055371573758,4.075085338579178,38223300
4.332726955413818,4.445218347496409,4.227493228785057,4.401673392967046,12006500
3.7956717014312744,4.031540262521027,3.7738990538230004,3.9879953133689723,24660500
3.828331232070923,3.904534994178925,3.6396360702550843,3.8755050225248824,24567200
3.6795520782470703,3.784785798779491,3.4872281076366503,3.6287494612069473,35031300
3.5017428398132324,3.6940667965927942,3.4001379591043546,3.5670604361583282,26382300
3.5634310245513916,3.5924609857484526,3.1969276779223854,3.280388729847828,42007500
3.8718760013580322,3.9698520644121245,3.6650373768603037,3.6759235291853045,44509900
3.9299354553222656,4.038798003288834,3.723096856430936,3.7666418064046634,33922600
4.372642517089844,4.401672480759887,4.049683738680041,4.056941402629783,50022200
4.336355209350586,4.699230128058828,4.242007647430966,4.3472413600137765,43783000
4.329098701477051,4.361757505645894,4.118631236905124,4.17669117939882,31894600
4.350870132446289,4.5214214387927045,4.289181369428745,4.39078659443675,27013900
4.924211025238037,4.953240982142296,4.390785307573988,4.41255760221999,42399900
4.691972732543945,4.782691460730398,4.58673902169024,4.612140154841812,37285500
4.347242832183838,4.746405516362964,4.2637817387282535,4.746405516362964,37713700
4.354499340057373,4.5468229640118425,4.300068236732462,4.398044291930205,24832700
4.115001678466797,4.387157870470532,4.013396797016794,4.347241407495375,21448100
4.0424275398254395,4.24563734176857,4.002511069181047,4.122259788985104,21903600
4.0932297706604,4.11863125516241,4.035169827909333,4.11863125516241,5794600
4.173061847686768,4.187576831575272,3.9589655757829503,4.067828127978986,8978900
4.0787129402160645,4.216605414914894,3.9662219385304405,4.191204287966088,13954500
4.292810440063477,4.314583088364396,4.147660604939029,4.212977857712778,14082700
4.394415855407715,4.459733462135023,4.2274933518214635,4.292810958548771,11674800
4.786319732666016,4.85526615679855,4.408929854140758,4.4343313322201245,26118500
5.1165361404418945,5.3632908328748625,4.731888600787921,4.735517432780993,58189000
5.4830403327941895,5.533842950033461,5.330632827140893,5.446753045678582,46697900
4.964129447937012,5.272572949115324,4.873410710049651,5.229027996457134,31307400
5.098393440246582,5.120165744832077,4.808093392611828,4.935099771597202,34575000
5.033075332641602,5.283459232867203,4.884296663901654,5.265315416811585,25613000
4.626655578613281,4.913326773171053,4.554080658357742,4.909697940642147,32195600
4.7391462326049805,4.855266087079338,4.554079954988125,4.554079954988125,27240800
4.376271724700928,4.575852655547334,4.296439144723669,4.532307706304601,40725600
4.57222318649292,4.608510463362737,4.173060718473987,4.441588020781201,44490300
4.702859878540039,4.826237430360764,4.496021245231503,4.760919821499308,34092500
4.318211555480957,4.626655386328669,4.281924269893551,4.5939965870548525,27807000
4.673829555511475,4.684715707481381,4.3472418818335195,4.48876324170042,29175800
4.6230268478393555,4.662943314406871,4.358128296559964,4.4815058367422385,37971100
4.728260517120361,4.804464270713047,4.394415534339501,4.437960486954675,37906400
4.775434494018555,4.97501579439893,4.735518372368293,4.789949478806334,32605700
5.040334224700928,5.080250352890385,4.833495225009326,4.833495225009326,48960800
5.4286088943481445,5.501183810168742,5.181853834493617,5.221770297743317,54823900
5.221769332885742,5.341518008379173,5.152822916047445,5.290715403659608,33395400
5.12016487121582,5.316117309374055,5.0330749756042685,5.221770095493781,37436000
5.109279155731201,5.210884042594259,4.887925565691984,4.945985501042302,30191500
5.352405071258545,5.432237650575374,5.11653651162888,5.1383088130378844,43455300
5.6318206787109375,5.925749261667723,5.533844253682276,5.537473087068064,68429900
5.925746440887451,5.980177531505516,5.559242748936804,5.602787690644144,61465300
6.422885417938232,6.477316509521665,5.929375377706828,5.951147675914425,72902100
6.157987594604492,6.473689102681674,5.994694283912735,6.397485003988962,62821200
5.729793548583984,6.070895736320774,5.64996098913156,5.9910635229327545,72599200
5.704394340515137,5.994694371235271,5.526585351082922,5.878574497373026,48762800
5.715281009674072,5.7406821478653,5.40320864737987,5.446753604021069,50027100
5.842287540435791,5.878575178252982,5.639077391575733,5.686251182312256,37312000
5.3124895095825195,5.544729261215944,5.294345692470026,5.541100774645068,49477000
5.341518878936768,5.417722625403541,5.160081420307735,5.406836128719367,47329500
5.341518878936768,5.610046234652258,5.294345098165481,5.5229563375658,35560100
4.93510103225708,5.062107097621311,4.797208465754628,5.040334787474132,80031000
4.354499340057373,4.967757844847066,4.310954388184541,4.920584406533218,58749800
4.691972732543945,4.724631530061386,4.300067854463631,4.437960016770292,48334100
4.662943363189697,4.75729058955331,4.448847081935273,4.695601818816797,41354200
4.695600986480713,4.927841043737755,4.681086004531177,4.79357737418843,41085600
4.677456855773926,4.771804052044222,4.510534413975744,4.5359355422718535,43478800
4.332726955413818,4.539565922008965,4.289182000884455,4.517793271712015,43632200
4.452475070953369,4.579481074944264,4.303696075207435,4.408929779572217,42029900
5.0004167556762695,5.102021991687487,4.74640435777727,4.760919342055369,65075800
4.764547824859619,4.909697656984677,4.648427959159572,4.750032841647113,49112900
4.65205717086792,4.967758364519539,4.506907316107825,4.880668451663482,50970900
4.543194770812988,4.699230771912575,4.499649470064994,4.517793287699235,25037200
4.953243255615234,4.978644739113693,4.691973523557562,4.702859675877162,44307500
4.982272624969482,5.062105206502481,4.880667741423077,5.036704072132005,44830200
5.029446601867676,5.054848083284732,4.764548058721128,4.967757833670491,36667900
4.8951826095581055,5.102021550203661,4.786320063860101,5.072991238094966,32411000
4.8806681632995605,5.152824384443378,4.8625243460103995,4.967758071010095,29160700
5.004045486450195,5.014931637921151,4.739146942248348,4.797206878179464,34994200
5.025817394256592,5.152823398859124,4.695600951735291,4.938727157139339,58338100
5.1310505867004395,5.261685410233384,5.054846853123448,5.203625488663187,47892000
5.054847240447998,5.160080942873556,5.018559613653892,5.1165359983593035,30147500
5.4286088943481445,5.4286088943481445,5.196368817657736,5.207255314579197,33908500
5.19999885559082,5.334262567504251,5.152825062854008,5.239914982030626,36636800
5.218141555786133,5.381435205725964,5.098392856092623,5.239913857877043,38971800
5.392320156097412,5.428607779588328,5.254427671322128,5.3415178984874405,33761100
5.109279155731201,5.214512875069782,5.062105371742939,5.185482907394622,35148700
4.735518455505371,4.920584774347003,4.68471583482398,4.909698276016643,43593700
4.826237201690674,4.985902037263646,4.771805748196937,4.884297141899028,30274300
5.014933109283447,5.0294480975248685,4.753663320937861,4.786321784932596,24848100
5.44675350189209,5.5483583988164185,5.283459831033282,5.319747121188269,48306100
5.566501140594482,5.624561070467704,5.424979801980147,5.479411245784651,32427600
5.4140944480896,5.4794120518378095,5.297974571261253,5.457639401900229,27741600
5.2435431480407715,5.359663371566811,5.236285828731694,5.305231919458331,32942700
5.356034755706787,5.424980849224548,5.265316011251311,5.3741785738107914,24062200
5.7951130867004395,5.8059992383743255,5.541100689234468,5.584645641994532,34501400
5.9402618408203125,6.052752855102902,5.708021456719926,5.711650288423091,33379600
5.856802463531494,6.085414108345512,5.831401323469749,5.918491243165371,33832300
5.903975009918213,5.93663380750996,5.787854802251503,5.809627449334163,24312700
6.021834850311279,6.139693276575624,5.918708376084162,6.077080899811237,32462700
5.926072597503662,6.040247819563337,5.881875703360011,6.01078322346757,26279200
5.495153903961182,5.749286200776605,5.495153903961182,5.749286200776605,31536400
5.635110855102539,5.719821502224583,5.369929072760621,5.414125977943311,27410200
5.697722911834717,5.867144548005007,5.58354731629236,5.605645943290988,33807400
5.848728179931641,5.903974563265167,5.7529680631500915,5.786115822901066,29100400
6.051297187805176,6.117592703342759,5.9481707522476714,5.981318510016464,28561300
5.789800643920898,5.948172811854666,5.745603735340838,5.892926763941041,24503000
5.73455286026001,5.782432920806775,5.635109927774976,5.686672799713245,23286500
5.915022850036621,5.985001526116484,5.786115335606133,5.800847633005208,22460000
6.080763339996338,6.183889801954184,5.985003204426528,5.992369530814563,44452500
6.415921688079834,6.511681797154621,6.084444819738716,6.095493603772228,37187300
6.8799920082092285,6.9499707092004535,6.360677900966752,6.449071716828067,40590200
6.887359142303467,7.0162663664843095,6.73266977079477,6.997851249456099,26989000
7.012583255767822,7.108342698438047,6.931555062366158,6.964702831941089,30931800
6.747401714324951,7.108343346501464,6.622176951734457,7.034682176001675,36155100
6.927871227264404,7.00889941281177,6.728985331585025,6.920505603344095,29249500
6.975750923156738,7.112024435188642,6.728984633878219,6.806328945708519,33618700
6.784233570098877,7.104661847791314,6.684790238833109,7.0899291902000385,39345200
6.393825531005859,6.552198044422352,6.298065390277478,6.5374653908526374,44884000
6.489582538604736,6.544828557835561,6.345942045615094,6.401188064845919,31189500
6.397507667541504,6.611126192573581,6.323845816499488,6.52641485312782,25090300
6.931553840637207,6.994166205188306,6.50063361460705,6.530098215425715,33000200
7.1414899826049805,7.2851305418302905,6.905773150530831,6.946287244477915,30962100
7.163588523864746,7.55399467870646,7.1157081062240986,7.274080606511345,35957300
6.876308441162109,6.997850018649518,6.714252770348378,6.979434904860223,35494900
6.894722938537598,6.964701629165376,6.798962809913138,6.920505079025778,21589000
7.0936102867126465,7.141490004943133,6.6884714534492735,6.780548429077696,24398400
6.9094557762146,7.218834445484769,6.887357500550021,7.1488557529735,28664000
7.1414899826049805,7.170954586614249,6.9020899872182255,7.0088996158090575,23254100
7.053096294403076,7.362474993177711,7.019948526499252,7.329327225273888,30867600
7.528213024139404,7.601874176298528,7.3698405283846,7.402988292728234,30647800
7.391938209533691,7.5024309826269535,7.285129301617469,7.46928322094812,33783200
6.905771255493164,7.233564972956664,6.839475739041808,7.193051592618576,30858400
7.134123802185059,7.263030995616784,6.79896299178802,6.868941684287755,26515200
7.182003498077393,7.4287698002135585,7.082560204121434,7.38089008598931,34011100
7.207786560058594,7.270398940448385,6.920506805027989,7.008900629844457,27101900
7.288815021514893,7.395623966904023,7.1451744363478555,7.351426701662235,28486900
7.325644493103027,7.480333851595762,7.167271971016225,7.461918736117046,30938800
7.671854496002197,7.833910189128321,7.336694320951761,7.355109437276513,40268300
7.388255596160889,7.498748377469228,7.292495466690262,7.432452849182525,32392200
7.086244106292725,7.218835178731042,6.968385687454926,7.200419361730393,31679500
6.924188613891602,7.2667150918352625,6.868942566398794,7.233567322841257,34136700
6.850525856018066,6.968384250553109,6.677420724364709,6.854209018658717,31874600
6.813697338104248,6.964703547235872,6.747401792145644,6.868943392239188,23251000
6.82843017578125,6.997851506640742,6.795282401918878,6.927872794876655,18916200
6.253866672515869,6.625857658435862,6.250183509983027,6.611125710795916,41811900
6.467486381530762,6.522732424787249,6.224403229208973,6.316480202133637,26105400
6.412238121032715,6.673736999012559,6.312794856061874,6.585342517377604,32539000
6.659006595611572,6.670056085162917,6.25755094096948,6.364360565824509,34852100
6.577979564666748,6.688471657800055,6.537465469355124,6.647957562488432,21853700
6.56324577331543,6.647956410200878,6.4969502479297825,6.611126187201274,20239400
6.493268966674805,6.640592711328865,6.364361743840019,6.60376177516535,29713500
6.596394062042236,6.765816051815281,6.559563133614049,6.611126714410123,24064900
6.42697286605835,6.544831276709545,6.054981818383299,6.419606539769765,24833600
6.305431842803955,6.320163794175864,6.143376162763353,6.224403651537853,27258500
5.848728179931641,6.257549730620352,5.841361854988888,6.217035645926624,51912200
5.937123775482178,6.043932703316325,5.738237168320437,5.981320330968176,51300500
5.992369651794434,6.1102280664162425,5.933440444483529,6.047615695836961,24282000
5.937123775482178,5.970270840850884,5.833997308528877,5.863461913016737,18127200
6.058664798736572,6.088129400510419,5.786116705459851,5.95922150431552,27050700
6.029199600219727,6.158106781164455,5.992368676024897,6.117593396792447,26592100
6.655322551727295,6.655322551727295,6.290697874682348,6.290697874682348,48276000
6.64427375793457,6.69215346794565,6.467485461183274,6.552196798112804,28315100
6.622176170349121,6.717936312942121,6.559563796441838,6.703204361577137,28531000
6.99785041809082,7.0052167450236364,6.806330132787192,6.810013296253601,30421300
7.019946575164795,7.141488122863386,6.861574106423002,7.086242092544279,27664500
6.887359142303467,7.060463630840374,6.8615769949756125,6.957337149004014,31614800
7.1157097816467285,7.21146993698361,6.931555798881579,6.968386735932948,31358600
7.145172119140625,7.244615406816027,7.056778319815202,7.089926082373669,20971900
7.240930080413818,7.28144415643317,7.112022231481456,7.211465489442815,19983000
7.218835353851318,7.285130891678728,7.071512326730191,7.167271767490219,29788500
6.994167804718018,7.089927954901399,6.905773982046817,7.089927954901399,29991800
7.163588523864746,7.285130095772616,7.152539034603474,7.159905360777655,31767400
7.2667131423950195,7.355106935168442,7.119390154439316,7.145171589520136,23161100
7.649753570556641,7.686584492961321,7.476648446002068,7.520845693385968,28987600
7.712365627288818,7.804442578465887,7.565042645903787,7.587140917488695,29286800
7.686583995819092,7.782343404389885,7.498746935946162,7.712365429087488,23550000
7.51716423034668,7.752881063040285,7.414037764797441,7.71605083480059,29777300
7.6571221351623535,7.7418327897260895,7.520847893153699,7.657122135162353,20910200
7.546627998352051,7.612923525825224,7.4250864321484,7.5871420879171,20492200
7.369838714599609,7.439817389046166,7.274078608117832,7.406669632860499,24812000
7.465601444244385,7.49874921207707,7.29986260508096,7.347743026391097,16853600
7.6681694984436035,7.690267773246973,7.476649243503765,7.605557134424483,22658200
7.627655506134033,7.756563398692472,7.487698827279284,7.730781960679084,23985500
7.237248420715332,7.355106809059117,7.152537791904662,7.355106809059117,27029300
7.288815021514893,7.366159357573397,7.255667248206476,7.255667248206476,20917900
7.310910701751709,7.369839899446627,7.0825595338153144,7.112024132662773,22022700
7.355108737945557,7.410355486650216,7.303545855145573,7.329327296545565,17867700
7.557678699493408,7.557678699493408,7.425087623276875,7.4987494883953065,22078000
7.594510078430176,7.7528819035075855,7.568727932379218,7.7086853438321015,19042300
7.4435014724731445,7.727098691711635,7.421403197692278,7.635021727217955,31281200
7.388255596160889,7.4214033603042395,7.29617862964969,7.414037034385383,28236600
7.377205848693848,7.406670446039211,7.178319289744083,7.362473198775459,26188900
7.388255596160889,7.506114000896581,7.336692719711899,7.447184798528735,21390600
7.075192451477051,7.233564916771525,7.045727855782128,7.233564916771525,33582700
7.038361549377441,7.355105746677545,7.001530632717065,7.134121651697898,33279300
7.089926719665527,7.167271037593215,6.957335657513452,6.986800259937077,22884000
7.1893696784973145,7.21515111659524,7.071511274340228,7.159905077458043,21047000
7.428770065307617,7.428770065307617,7.163588641120302,7.255665612330118,22108400
7.708683490753174,7.723415439606394,7.579775601452963,7.660803076374376,24488500
7.671854496002197,7.745516366284524,7.587143836921682,7.712368594906643,17040900
7.8670573234558105,7.874422947894271,7.609241500836466,7.697635316522401,23827100
7.804444789886475,7.95913413979545,7.752881204922425,7.903887391441711,20668700
7.881789684295654,7.900205502577539,7.638706502907882,7.6460728302206356,17346600
8.036478042602539,8.1027735751616,7.815493168236185,7.885471863992033,32859700
8.268511772155762,8.297976372977827,8.076991515566588,8.150652666376004,30628000
8.10645580291748,8.312708000696306,8.076991203234792,8.191166439193779,24296100
8.124872207641602,8.19485090646184,8.032795231164503,8.146971187790044,21513300
8.202215194702148,8.220630304424276,7.944399443643936,8.095405591337876,27033200
8.57420539855957,8.636817749458308,8.283241914238573,8.364269373199328,30432200
8.474764823913574,8.684700213539275,8.474764823913574,8.52632770487664,28469400
8.272194862365723,8.548425779537194,8.158019613299148,8.530010666055716,29345300
8.301657676696777,8.371635648920101,8.165383489356785,8.26482675829478,17351800
8.474764823913574,8.500546264395108,8.30166036461502,8.342173755732473,16521700
8.430566787719727,8.530010079663235,8.36058879930748,8.493179152740657,14647400
8.518960952758789,8.636820064416465,8.35322282830322,8.533693605150322,23951700
8.213265419006348,8.563158184980665,8.194850306056765,8.511595306728609,21910100
8.441615104675293,8.518959408233384,8.069624129131062,8.088039238790207,29566100
8.65155029296875,8.710479485827031,8.489494661362784,8.511593635553181,18491100
8.791509628295898,8.913051203687475,8.633137123469272,8.791509628295898,23694000
8.990395545959473,9.049324752207728,8.710481465034485,8.78414332409058,27650100
9.196645736694336,9.310821663264003,9.049322753610857,9.137716543460945,35096600
9.28872299194336,9.296089316960682,9.14508316656267,9.185597251666524,19331300
9.310821533203125,9.520756868975965,9.222427744587792,9.340286129408236,16318600
9.207695960998535,9.285040269875026,9.126668489438671,9.211379123681908,19213200
9.830140113830566,9.944315390130681,9.39553658808544,9.4876135824385,40586900
9.911164283752441,9.94431204677434,9.741743008299604,9.811720994686743,28153800
9.877717971801758,9.877717971801758,9.606433937999947,9.706772101344646,27554000
10.141571044921875,10.197314237923031,9.855421756352614,9.892584121291103,20993500
9.829411506652832,9.959478762970539,9.472653679687928,9.90001924327862,44501400
10.007786750793457,10.308800558128988,9.859138000801416,9.929745714039417,33957700
10.108124732971191,10.201030288572717,9.885151257764903,10.104408425689554,26257500
10.015217781066895,10.479745494310944,9.98177172900828,10.319947847544904,28209200
9.9297456741333,10.327382053382058,9.829408211300132,10.078395132341095,24695000
9.606433868408203,9.966907141856236,9.58042042820649,9.907447647448583,31584800
9.000688552856445,9.494946002401479,8.944945370044138,9.480081484430942,37681700
9.914884567260742,10.041236224951916,9.29427520465294,9.327721273383744,42711800
9.472650527954102,10.015219350636471,9.324001778182613,10.004070428598677,41559300
9.703054428100586,9.885149194005393,9.45406756271789,9.569270229144811,29495500
9.900016784667969,9.944611767768702,9.271975675290694,9.279407581796473,29271300
9.978057861328125,10.23819301904563,9.922314663875317,10.122990316468066,30024200
10.238194465637207,10.27164053059725,10.067248541453267,10.18616756850528,21174300
10.215898513793945,10.26420981716272,10.044952569722021,10.11927661586979,20163800
10.606097221374512,10.769610468131551,10.409137213328428,10.438866958994529,30795300
10.513193130493164,10.699004243788725,10.327382017197602,10.572652630042692,25815300
10.424003601074219,10.6804231464358,10.323666134465928,10.643260780485644,25199100
10.078393936157227,10.442583506152484,9.918596283719106,10.312515600064732,25780400
10.323665618896484,10.353395368409252,9.952043395580294,9.952043395580294,28395600
10.66183853149414,10.743595140499453,10.386838255225806,10.394270158725982,30593200
10.821642875671387,10.855088234234158,10.502047435772045,10.639547304928717,22686200
10.687858581542969,10.899683201894884,10.55407431234666,10.829074758839793,22131600
10.568934440612793,10.624677622912136,10.301366031475114,10.546636600642639,21098000
10.476030349731445,10.531773539742131,10.245624266523999,10.450016908314002,15703200
10.643259048461914,10.81048931361692,10.55778611685516,10.76217803309967,16781400
10.713865280151367,10.75102763248802,10.464878440952594,10.602378931954329,15918200
10.974006652832031,11.04833068672225,10.732451593452302,10.765897656787548,20477800
10.721299171447754,10.840218146061911,10.420285428354044,10.464879689427852,17530200
10.65440845489502,10.80305719247028,10.494610796196705,10.743597697440176,22121800
10.918262481689453,11.08177648645974,10.869951896250617,10.914546882574609,23421200
10.92569351196289,11.055761435317493,10.851369490626801,10.955423262259957,22769600
10.736166954040527,11.122654447891335,10.684140064027233,11.014883651362977,21500600
10.487178802490234,11.048328440243454,10.442584532986201,10.974004421465686,27002700
10.483463287353516,10.639544660037316,10.357112375002998,10.479747688625043,17698200
10.212179183959961,10.357112342375391,10.08954387072425,10.334814497195673,21746700
10.412858963012695,10.431439797961449,10.119276950891141,10.171304564611805,17741400
10.494610786437988,10.665557366100398,10.37569179648836,10.58380002890021,17155800
10.624680519104004,10.661842887038032,10.524342338326093,10.617247903754556,14593500
10.85136890411377,10.87738234561604,10.684138624723287,10.743598122103654,12693000
10.777046203613281,10.89596522072579,10.728735618716295,10.736167525675887,10197900
10.765894889831543,10.91454433703396,10.73244883509231,10.791909039261133,15216200
10.208462715148926,10.539206991957547,10.160152135649152,10.505760933529562,22122600
10.208462715148926,10.364544084875137,10.08211109637946,10.182449271663419,23918100
10.201033592224121,10.405425597215507,10.17130383315604,10.316236320011264,18001600
10.416570663452148,10.457448624017594,10.212178025372502,10.308799883749828,14012000
10.602381706237793,10.762178658116875,10.468597486344224,10.476030100518999,16947500
10.751030921936035,10.810490420342086,10.639543830814842,10.64697644531888,4732300
10.791911125183105,10.940559892304107,10.747316140640189,10.877384077676027,10694500
10.684138298034668,10.90339545372547,10.665557471476369,10.858800477647215,10873000
10.68042278289795,10.832787840175563,10.62096328292684,10.63954411086288,12854900
10.788192749023438,10.85880045686029,10.554070365483696,10.721300639440654,9848200
11.241576194763184,11.25272512054238,10.974008355382962,10.996305498127967,19384000
11.360494613647461,11.527724947129487,11.182116063808865,11.200696896945379,24200200
11.542584419250488,11.680084934236909,11.319610975149475,11.36048964073169,24190900
11.576032638549805,11.583465253467736,11.360491767622037,11.527722059209603,16064900
11.69866943359375,11.847318206744808,11.620629093494419,11.66150706310267,14727200
11.642921447753906,11.87704308065587,11.531435090907824,11.817583595829563,16855300
11.572317123413086,11.587182354266725,11.334479100260634,11.382789682908518,22897600
11.605762481689453,11.728397793557724,11.457113726214757,11.683803521321904,21610100
11.464543342590332,11.694948676109293,11.42738098623834,11.605759446152309,19893600
11.271302223205566,11.47197856791466,11.15609953021321,11.47197856791466,22851800
11.594614028930664,11.635491992834975,11.427383739462051,11.431100046873928,15052700
11.237854957580566,11.36420655907718,10.777043526339483,11.360490252113976,28516700
10.66183853149414,11.178393037434788,10.606095356771748,11.16724411896514,30627000
10.271638870239258,10.546639253047955,10.212179366324577,10.479747842753838,37256800
10.234477996826172,10.598667663438075,10.2270453810635,10.424004737081544,18854000
9.93718147277832,10.163871331247064,9.885154571023543,10.111843720678912,37365800
9.85542106628418,9.907447948267292,9.636163908193772,9.781096341611358,35027800
9.729070663452148,10.004071044667716,9.554407751503081,9.978057600457396,27665800
9.584137916564941,10.01150335110261,9.49866426260687,9.937178619525115,28250700
10.126705169677734,10.17873205198616,9.706772386445932,9.706772386445932,22629800
10.241908073425293,10.319949107359987,10.07839480874778,10.267921515132482,23324300
10.033802032470703,10.264208168797875,9.996639660958156,10.149004746227648,19602300
9.364882469177246,9.847991187292699,9.357449852882965,9.844274879145559,36700900
9.565556526184082,9.576705448735899,8.99697423467879,9.32771851558415,47144700
9.357446670532227,9.762514906238986,9.350014056765685,9.569271201187254,28774100
9.78481388092041,9.944611562921002,9.639881429251593,9.766233051818888,29374300
9.736502647399902,9.847989032163285,9.550691533585502,9.769948704591547,27706400
10.070964813232422,10.089545645337116,9.338868403769194,9.36859816042469,51087200
10.007786750793457,10.041232808143311,9.736502693456336,9.821975636100117,27703900
10.468598365783691,10.546638694735503,10.234476670115098,10.27163832648463,26887100
10.490897178649902,10.587519060047521,10.301369723848413,10.554072996917066,24890100
10.658126831054688,10.710153722103012,10.386842743712384,10.405423573711577,25589000
10.71015453338623,10.881101159343403,10.565222063736996,10.587519203187659,24686000
10.45373249053955,10.825354701787944,10.45373249053955,10.78447674054354,18176900
10.227042198181152,10.46859646478493,10.11183881615334,10.38312353655503,23592400
10.279071807861328,10.42400426459789,10.204747071229992,10.312517868464107,19156500
10.375691413879395,10.401704853369981,9.963190562491347,10.052379801664669,25148100
10.353395462036133,10.524341346077156,10.253057290718239,10.44258471138099,20848600
10.576366424560547,10.628394009401989,10.438866621110297,10.479745285882924,17444100
10.840219497680664,11.026030595886494,10.643259478409771,10.691570760878617,32171300
10.829071044921875,11.133801145747483,10.791909390724113,11.04461189980924,24244300
10.974006652832031,11.018600931403508,10.672992082814815,10.8848173868758,28031800
11.39765453338623,11.419951670109342,11.141234980224265,11.17468103971553,30989500
11.31218147277832,11.494276289968182,11.252721969565842,11.453397615704658,22312100
11.412521362304688,11.512859561064776,11.167250682322255,11.167250682322255,24546000
11.293598175048828,11.471977365701266,11.200692627155862,11.379071817808299,26758500
11.204410552978516,11.219275783019445,11.018599430345992,11.208126860488749,21938500
11.159815788269043,11.31589715274879,11.141234251537435,11.301031923363503,22845900
11.208125114440918,11.2267059402843,11.052043767392066,11.118935874529155,16559100
11.471981048583984,11.501710805101439,11.256440136629113,11.304750725164986,26219100
11.41623592376709,11.87333185634848,11.386506170403631,11.535155646034163,25427100
11.167247772216797,11.445964445821009,11.144950636796144,11.35677519532524,21910100
11.06319522857666,11.286168733962985,10.962857044830828,11.06319522857666,21863800
11.163532257080078,11.215559143054772,10.814207158418027,10.888531179979996,22304400
11.7321138381958,11.817586782077136,11.471978699146536,11.490559527359641,47992600
11.639209747314453,11.750696857092102,11.538871561158544,11.5686013153366,26587600
11.44225025177002,11.8547504973447,11.40880419012704,11.787858374058741,28579000
11.44225025177002,11.613196159000145,11.382790035327757,11.47198000558453,24858500
11.891910552978516,11.891910552978516,11.61691020649846,11.709815757693605,23304100
11.999680519104004,12.137180328615992,11.891909746793422,12.07772083658707,32744000
11.962517738342285,12.100018968788142,11.839883153293934,11.977382966113645,27202600
12.248668670654297,12.252385686919126,12.111168839008746,12.185493570415597,25037100
12.230084419250488,12.382449438058721,12.189205757536532,12.3378551787462,18580000
12.259819030761719,12.352724596137636,12.11488515796909,12.133467405145414,18418400
12.296979904174805,12.415898906847815,12.17062828663144,12.244953017708655,34861700
12.512523651123047,12.53110590243796,12.129753090165106,12.159483558167574,30514200
12.616575241088867,12.631440470812635,12.441912335900433,12.55711573982013,30469800
12.583130836486816,12.768941979571084,12.512521694833824,12.624009514785598,18788800
12.627721786499023,12.742925175200833,12.460491518262895,12.523668027430386,21318400
12.839546203613281,12.88042487076878,12.742925059303483,12.84326321933258,20753000
12.723540306091309,12.989237422814126,12.719798716473045,12.787157322401232,22401300
12.521458625793457,12.820835721478092,12.39048159253849,12.742249501525112,32388300
12.341833114624023,12.491522385288508,12.139753027489773,12.390482341721384,31870100
12.162208557128906,12.495265732286498,12.147239342448302,12.424164103867952,20963900
11.94890022277832,12.162206499489024,11.814180168531005,12.094846472365367,24666800
12.113554000854492,12.124781620703306,11.701910770801794,11.866567777314422,25312300
12.087359428405762,12.169688651072601,11.937670905972205,12.102328637534706,18893900
12.094846725463867,12.319379202212899,12.08736211923321,12.24453599499167,19167200
11.398792266845703,11.945156302150062,11.342659156434538,11.900249385558395,45591400
11.372596740722656,11.567192187577183,11.103157385381078,11.544739086408189,43769200
11.75804615020752,11.821663869422967,11.567192992561177,11.600873003544136,36015200
11.458673477172852,11.724370650754887,11.413766540658324,11.698175235192888,25748400
11.264076232910156,11.638298029925302,11.181746980753108,11.529773366180622,25840600
10.657835006713867,11.039541353636238,10.564279571513561,11.028314444454525,53218300
10.627898216247559,10.826236013003532,10.205027926586121,10.369684992880611,50093200
10.257416725158691,10.796296172240286,9.479035618828052,10.560536101867168,61203100
10.175092697143555,10.466985294683719,9.84577705662188,10.29110127529999,53358600
11.069478988647461,11.14432362180439,10.856172712052933,11.054510490278869,44726800
10.82997989654541,11.088192443815688,10.766362157267626,10.7962998749412,31989100
10.837461471557617,11.03205695168067,10.803782170931838,11.005861543543208,20817400
10.699000358581543,10.927275864494598,10.665320342503506,10.803782710132255,22442800
10.3472318649292,10.534342751144091,10.126440962093918,10.481951931410764,43650900
10.100244522094727,10.336004614392094,9.823320524392967,10.216253059860161,39813900
9.74847412109375,10.373424332332725,9.696083316221284,10.347228929896492,37522200
9.49400806427002,9.647438956225704,9.198372478353976,9.426648021212111,57195900
8.973836898803711,9.232050091919689,8.824148349813036,8.981321504696071,62817200
9.617501258850098,9.643696672589613,8.824150669946908,8.839119885667483,56835800
9.419161796569824,9.759703543556206,9.419161796569824,9.673632709432477,38505100
9.5314302444458,9.568852572129058,8.854088897087836,8.92893355245435,44405400
9.57633113861084,10.160116655329938,9.482775735313565,9.819575044429541,55252300
10.30981159210205,10.350976223650035,9.894425827588364,10.017919008460789,47419300
10.175092697143555,10.403367549158274,10.044114901794515,10.33226590880809,34816000
10.044114112854004,10.336007401238229,10.029144896837195,10.17509189791506,44228000
10.39962100982666,10.433300304940133,10.092758627347084,10.118954744968352,27977100
10.09276008605957,10.62789728926983,9.853258400505288,10.448271025104118,38717800
9.557621955871582,10.017914446442434,9.490261939930246,9.946812128085336,37168700
9.258245468139648,9.617498698299938,9.243276970175758,9.595044880697149,32013400
9.50897216796875,9.53890987172824,9.232048229750683,9.359283649171303,31506400
9.595044136047363,9.935585825109989,9.580075639245145,9.7147949655501,33586500
9.969267845153809,10.040370182171078,9.857001598302448,9.875712401520543,29579700
10.115215301513672,10.137668409192758,9.84203285070385,9.84203285070385,19244500
10.081536293029785,10.444531210919061,10.044113967301566,10.354718057434235,34471500
10.395879745483398,10.448270558415448,10.14140885906266,10.223737381351778,21694100
10.231224060058594,10.496921195213462,10.163864021914701,10.373428029873471,30928700
10.06656551361084,10.30232562943843,9.935587750792333,10.272387916260318,24529700
10.059080123901367,10.18257327037012,9.943071583587404,10.059080123901367,19553200
10.377168655395508,10.57176413105996,10.317293234232803,10.459497894822718,32052600
10.182575225830078,10.504406214577216,10.175091332009409,10.40710845719386,23174700
10.24619197845459,10.276129692175505,10.014174875560338,10.182574247576218,21422000
10.021658897399902,10.212512078893598,9.965525062900133,10.186315956367073,19864800
10.234966278076172,10.257419386012469,9.961784537908374,10.13018391808774,20074600
9.96552562713623,10.279871977538892,9.958041734047706,10.227481157062249,20777100
9.321863174438477,9.57633406332865,9.254503149288572,9.57633406332865,40852000
9.112298011779785,9.460324286894627,9.074875701185604,9.325604254264054,26940000
9.220820426940918,9.261985033273326,8.928928022099742,9.138491928047191,32755800
9.276957511901855,9.396708357527942,9.10481513598585,9.36677064612142,19833500
9.217082977294922,9.505233945771932,9.089848217031642,9.449100816349889,26195900
9.538910865783691,9.54265316836501,9.179658383231907,9.18714227462331,35568700
9.624979972839355,9.864482299069573,9.39670526612843,9.643691482419666,22723800
9.845773696899414,9.886938316360705,9.538911986878597,9.550138895942037,17974200
9.437874794006348,9.673634959067629,9.351803939866562,9.624985718886682,21519300
9.523941040039062,9.628722642607407,9.43786952022361,9.561362633087109,24190800
9.475296974182129,9.531430108017787,9.336835291638943,9.404194623978817,19535900
9.351800918579102,9.445356350794304,9.228307776605886,9.44161404785314,20353300
9.108558654785156,9.321864966246459,9.097331743845086,9.239536427333578,25386600
9.269472122192383,9.29566752823775,9.14223668102521,9.213339007270696,16299100
9.89442253112793,9.91687563459558,9.321863039418142,9.344316142885795,47202200
9.913134574890137,10.2349655246283,9.838290649354983,10.152636278636837,36566900
10.249933242797852,10.377168691656024,10.111471598539524,10.130182400054002,22823700
10.373427391052246,10.40336510463129,10.145152592676316,10.182574199321575,21353400
10.32477855682373,10.403364784889138,10.231223115543175,10.39213858874915,13304900
10.26864242553711,10.46323714390755,10.148891609994942,10.429557851586083,16761500
10.395879745483398,10.463239056208335,10.242448895807005,10.253675090708848,18770200
10.313549995422363,10.594216274321447,10.309807692717825,10.50814545343083,23460300
10.403362274169922,10.560535406140371,10.219993739166263,10.27986915003394,21397000
10.878626823425293,10.919791446848965,10.575507387248283,10.665320527086976,25044100
10.878626823425293,10.949729160128529,10.728938257027473,10.815009093484797,18920600
10.871138572692871,10.904818578064377,10.67280155636194,10.89359238545464,17734200
10.908564567565918,10.919791477741786,10.762618304136573,10.818751427473138,14518700
10.852431297302246,10.95721364954424,10.751391248401543,10.833720494367174,15010500
10.908564567565918,11.00586231444261,10.863658354405223,10.938502280930177,10448800
10.732681274414062,10.777587490435158,10.57176578716703,10.721454363523073,19357400
10.29858112335205,10.478207364001262,10.283611913079001,10.470722758864738,21379100
10.369683265686035,10.410847882288893,10.118955404621412,10.130181599133996,15193300
10.38465404510498,10.541827215960128,10.380911741778503,10.444529470785858,11216900
10.627898216247559,10.669062839706875,10.395881116572877,10.470725042950901,14270700
10.72519588470459,10.79629822095078,10.594218122284152,10.717711277989963,17055100
10.80378246307373,10.856173280765338,10.665320098611309,10.788813250149639,16162500
10.710225105285645,10.927273657409543,10.650348978085148,10.841202126055146,16251600
10.538084983825684,10.68028965610699,10.452014148049377,10.68028965610699,17274300
10.175092697143555,10.590478481436456,10.137670367933605,10.586736890909865,23479000
9.980493545532227,10.096502081719166,9.924360428910889,9.965524333755175,17839500
9.886940002441406,9.916877717944722,9.71105601308086,9.894424609760096,20993800
9.785898208618164,10.0927599165228,9.75221819543143,9.995462179957935,14903500
10.163862228393555,10.171346834371347,9.82332050788846,9.894422837134858,18633900
9.883196830749512,10.122698533740808,9.868228331198244,10.070307714654305,13014100
10.010432243347168,10.09276077493289,9.88319678576927,9.928103711761446,16834400
10.616671562194824,10.63912466776317,10.268645213914356,10.27987140981285,27776500
10.631638526916504,10.639123132282863,10.466980777712859,10.553052311883487,15092900
10.538084983825684,10.818751311265157,10.508147270782995,10.796298204925986,17233000
10.313549995422363,10.534340858591342,10.126439142822974,10.444527734996187,17936300
10.264902114868164,10.433301464232038,10.242449011040575,10.354715243949824,14805200
10.332262992858887,10.46698234071431,10.302325280694198,10.463240037472303,14498000
10.264902114868164,10.373426044844265,10.190057483747797,10.358457546882972,10529500
10.612926483154297,10.635379582850021,10.395877949372506,10.455753357741886,21000100
10.541827201843262,10.743906584802767,10.489436382885495,10.545569505164726,18584000
10.508146286010742,10.508146286010742,10.37342623305826,10.481950878774718,16199300
10.504404067993164,10.526857172409791,10.41833323958666,10.474466357513888,15342200
10.422077178955078,10.526858825198318,10.384654856537594,10.496921110018617,19397900
10.504404067993164,10.519373280118462,10.339746303471484,10.44452864703461,17788700
10.669061660766602,10.721452474819129,10.410848465932428,10.463239279984956,22280700
10.815008163452148,11.02457213838772,10.751390438982433,10.777585846627964,32275400
10.848688125610352,11.03579899506987,10.732679586401419,10.773844206089336,30419500
11.241621017456055,11.264074121211634,11.095674058616542,11.140580979899,33677400
11.40253734588623,11.548484325018721,11.215426456440152,11.279044187402675,26195300
11.548484802246094,11.612102535837542,11.30898236849341,11.454929353656986,26102100
11.518547058105469,11.638297917793116,11.481124736010223,11.514804754518803,21836100
11.701913833618164,11.716882331868417,11.526029161221308,11.686944621596595,21772700
11.862829208374023,11.952642338541267,11.731851459215884,11.82540689236151,23819700
11.855347633361816,11.8628322412321,11.716885242847543,11.776760678266825,21488700
12.098589897155762,12.16220690961634,11.84411827845672,11.889025202643927,25308000
12.184659957885742,12.289441584742617,12.09858913189008,12.109815326898287,21446200
12.046195030212402,12.248275074401603,11.93392881484364,12.222079671733637,21660200
12.042455673217773,12.199628118351129,11.963868736879775,12.020001854966162,20068300
12.158465385437012,12.252020823705081,12.087362338725953,12.124785370558799,11213700
11.990063667297363,12.091103698080165,11.832890524003425,12.091103698080165,17794700
12.274477005004883,12.311900048392086,12.19589075520646,12.240796979727968,21230900
12.259504318237305,12.442873610083657,12.19588730379724,12.29318433398285,24724500
12.22585678100586,12.316587335560333,12.070859891981614,12.286343336671095,24667800
12.437561988830566,12.49804855199459,12.116225950304539,12.184273514128243,15565800
11.99903392791748,12.199396129137968,11.919645580167337,12.199396129137968,25405600
12.433780670166016,12.528291014502472,12.101103854309935,12.10866485491046,26412400
12.135129928588867,12.513171377356292,11.980133713335611,12.448905023280396,24791700
12.123785018920898,12.25609890409625,11.949886357800956,12.203173350026109,14620100
12.263663291931152,12.395978655777673,12.229639506040744,12.263663291931152,16462800
12.414878845214844,12.44890262673853,12.051958749314412,12.142688593025344,17436400
12.108664512634277,12.316588417987813,11.976350611148726,12.316588417987813,21376000
12.02171516418457,12.350610749190574,12.02171516418457,12.259881628829852,26759000
12.150252342224121,12.195616913813591,11.991474899547242,12.036840192193578,20335200
12.256101608276367,12.354393180762079,12.116226692784323,12.120007914402587,18073700
12.482922554016113,12.607675419675147,12.335486693640455,12.422436010218075,16531900
12.271223068237305,12.445121760041307,12.093543876038861,12.422440199788099,23441900
12.777800559997559,12.815605569787712,12.471587912322482,12.475367692244664,28520700
12.785357475280762,12.87230680683538,12.64926236776459,12.698408143726143,19489300
12.785357475280762,12.819381252159806,12.630360589968058,12.690847144184888,13863600
12.592562675476074,12.993285735882381,12.4942710795212,12.87987357618463,24064500
12.577438354492188,12.690850493314183,12.282566505132285,12.603901138813534,24660800
12.619023323059082,12.649265887526136,12.441343389681721,12.46024517273783,19574700
12.237198829650879,12.558534861691426,12.150249486989571,12.411098957086885,21750400
12.240981101989746,12.4640255887026,12.222079320155812,12.448903586390047,12760200
11.91208553314209,12.104886748763601,11.753308103868894,12.082203743826856,28145000
11.896963119506836,12.078423547457934,11.840257051234458,11.953669908835991,18519600
12.316590309143066,12.392197440393439,12.112447593694448,12.184274945227738,20024500
12.320367813110352,12.433779931150642,12.161589694163284,12.203174473937834,16161200
12.354393005371094,12.422440572398692,12.161591084755074,12.309028441390526,19372500
11.983914375305176,12.097326523035898,11.855380223313372,12.070863736635854,21915200
12.312808990478516,12.34683277611904,12.127569501412893,12.131349281100249,14879100
12.02171516418457,12.161590065973478,12.014154884858966,12.097323725894082,7613600
12.195615768432617,12.21073777158013,11.806233561122498,11.980132992034921,17876100
11.976353645324707,12.191837163543825,11.889404282018198,11.976353645324707,23606600
12.414878845214844,12.475365407688798,12.233419157792978,12.263661717973253,17982900
12.690849304199219,12.728652866226547,12.422440264310216,12.452682825509388,18440300
12.974377632141113,12.981938631387878,12.619019320222023,12.637921097282362,16807400
12.95169448852539,13.031084258665686,12.906329935668888,12.9214519339921,14832500
12.826942443847656,13.231446551628379,12.804259444884103,13.201202553010308,19702400
12.69841194152832,12.887432660251806,12.592560800519532,12.834507089747412,17723000
12.630364418029785,12.774020568627096,12.498050491238606,12.770239346653838,17793400
12.819379806518555,12.819379806518553,12.588774393911876,12.668162716972622,13263000
13.099135398864746,13.201205310236158,12.92901647638984,12.94791825841738,18611900
13.053771018981934,13.23145096484336,12.985723441507927,13.163403387369353,15509500
12.898772239685059,13.015965593531671,12.796700888034172,12.970601029058,14977100
12.887432098388672,12.959259449211176,12.785360741674436,12.849628533137581,14834100
12.826942443847656,12.84962544281121,12.728650890452151,12.758894889070223,14959700
12.724873542785645,12.902553463329731,12.717312541686589,12.864748457834446,14660600
12.9290189743042,13.049992133188956,12.90255618593027,12.925237751900033,13353900
13.06132984161377,13.068890842528477,12.789141019251614,12.925234709375957,12415700
13.00462532043457,13.00840510007425,12.868530179589072,12.868530179589072,8066000
12.690849304199219,12.796700431566498,12.630362739687422,12.792920652209146,12379400
12.539631843566895,12.690848971944142,12.418658717710462,12.554753844827303,13190000
12.766460418701172,12.789143425713432,12.490490322897175,12.501831105346435,12948700
12.95169448852539,12.970597707485972,12.78535683330946,12.815600829955885,14592100
13.068889617919922,13.140716956708932,12.910112939929482,12.947916498847205,8089600
13.28059196472168,13.405344850322592,13.193642634245121,13.20120219157944,20408500
13.541438102722168,13.545219322984977,13.265468150169736,13.394002238958416,24545200
13.57546615600586,13.62461194013123,13.386445462415072,13.409128464806807,18532000
13.28059196472168,13.58680451072322,13.273030965274172,13.552780734266028,21172200
13.223889350891113,13.363764279399453,13.0537704150763,13.318399710553383,21429000
13.133156776428223,13.242787668941155,13.038646441498038,13.204984111814387,17869100
13.356203079223633,13.394006641599898,13.257911509663801,13.38644564070195,20663100
13.840092658996582,13.840092658996582,13.507415900742524,13.556561675079786,29276000
13.605707168579102,14.006430027957688,13.598146169443808,13.896797703665642,24364900
13.7383451461792,13.768747367848295,13.567328118894139,13.635734929808164,16817300
14.091776847839355,14.15638246118947,13.863753710172194,14.08417593161113,18846600
13.825752258300781,14.095578293411666,13.711741400480506,14.084177642547653,18845600
13.555925369262695,13.69654016815705,13.33550456108596,13.662336764335015,32129400
13.483717918395996,13.77254696446492,13.460915167476868,13.749744213545792,17762000
13.696542739868164,13.802952705193617,13.536926342152936,13.559729098891411,17615000
13.491318702697754,13.609130740031361,13.327902613701028,13.540723937673352,19645200
13.753546714782715,13.821953531578865,13.574930204016736,13.666138326593625,23488200
13.491318702697754,13.791548396410498,13.460915035104566,13.753543811919013,17575400
12.997271537780762,13.434313414582448,12.868058841655316,13.400110011204337,34414600
13.236692428588867,13.2632949086857,13.07327636529322,13.10367857837827,21240600
13.5369234085083,13.639533617003767,13.354505743314158,13.407710714446608,19074200
13.259495735168457,13.631931962685416,13.21389168376733,13.55972542715641,19363900
13.187292098999023,13.37350952883596,13.096082526416767,13.362108875910794,18908500
13.07327938079834,13.194891160642594,12.811052802606165,13.175888142138929,24021800
13.0504732131958,13.164484045747962,12.940262113513944,12.982066423719228,15549500
13.069478034973145,13.118883272961211,12.894661284832905,13.08847960351417,19625000
12.731244087219238,13.008671023212342,12.643835719692092,12.970667889409802,21634100
12.852855682373047,12.936464315287255,12.613431883399294,12.67423776650237,21121400
13.061877250671387,13.126484324041122,12.780650554055175,12.875659847454905,18433600
13.350706100463867,13.411511989276006,13.11888319632798,13.122682930123288,20780600
13.354503631591797,13.419110693269817,13.23289187402594,13.259494355385565,17756700
13.419110298156738,13.453313694572955,13.22909175133919,13.365903887277597,16792900
13.517922401428223,13.52932305293657,13.316503159571177,13.369708132912525,24081300
13.312700271606445,13.441912954490641,13.259495305076472,13.407709554617572,21285400
12.708438873291016,13.137881160690693,12.678036662088447,12.890856489685468,28361100
12.898463249206543,12.96687006756536,12.579231913441065,12.704644897007897,22684600
13.001070976257324,13.035274378858414,12.754047690562091,13.035274378858414,20591800
13.023873329162598,13.28229870763075,12.940264692091526,13.175887319614835,20142100
13.008673667907715,13.115083623969536,12.807254408297288,13.04667825916331,16135900
12.83005428314209,13.08847967596546,12.79965206325351,13.06947810731925,17281100
13.042876243591309,13.111283053763001,12.7578483511182,12.78825202218421,15870700
13.251895904541016,13.259496822018676,13.122683206874344,13.20629184940183,14947200
13.111284255981445,13.236697236038037,12.93646748050283,13.175889888330383,15326200
12.628632545471191,13.12268048108322,12.529823538239375,13.084677351315554,25031400
12.651435852050781,12.807251010543778,12.370207750276657,12.624833370092942,17092600
12.495619773864746,12.708439613863648,12.419612066839525,12.632433356564858,20022500
12.126985549926758,12.313204393631597,12.03957717830259,12.225794572280735,30747000
12.225794792175293,12.320804082570413,11.967370131185787,11.978771506984012,24429200
12.328407287597656,12.332208471765826,12.06238166004197,12.17259208042352,15519600
12.126985549926758,12.134586466988862,11.70134434253573,11.758349770774824,24754200
11.796353340148926,12.172589302216055,11.659539735860276,12.157388193330277,33371800
11.974967956542969,12.092779243253238,11.902760711524273,11.94836547807902,24028000
12.214395523071289,12.309404824214939,12.153589628328428,12.225796175295923,19732300
12.320807456970215,12.48422359718407,12.260001552453,12.476624127630645,18922900
12.25619888305664,12.279001635438384,12.062379836992138,12.21439456188683,18915900
12.427215576171875,12.507023032827904,12.244797911075207,12.309403533208163,18347000
12.29800033569336,12.518421091729543,12.206790797167965,12.472817047330063,26086900
12.290398597717285,12.442414001846883,12.134583460861299,12.252395471548054,16685100
12.240999221801758,12.385413779743326,12.1459899112636,12.202996077477307,17046200
12.529826164245605,12.605832439710365,12.271400768430446,12.301802988670994,24697500
12.510820388793945,12.643834241000171,12.453815694756813,12.624832676321127,24610700
12.674237251281738,12.719842749050091,12.431013728756717,12.537425107156325,19678200
12.708438873291016,12.822451152048101,12.54122308736102,12.811049054336586,21832200
12.87565803527832,12.921262083768182,12.560226529717584,12.723642607343365,22935600
13.023873329162598,13.130283267451832,12.83765448742976,12.947865609073139,21059000
12.769247055053711,13.149284187046101,12.727444188304899,13.141684720165669,29402600
12.795852661132812,12.868060661658701,12.68944270211819,12.837656987810545,18933400
12.894659996032715,13.004871112172696,12.799650713096858,12.989669278968572,17045500
12.906060218811035,13.027671980964787,12.784448456657284,12.91746231819996,21195900
12.529826164245605,12.74644723871908,12.442417787679709,12.735045137617945,23399200
12.309402465820312,12.651436464296905,12.305602732382399,12.651436464296905,26541500
12.55669116973877,12.59514905330084,12.295172720171767,12.372089220833018,22522600
12.606684684753418,12.633605493586249,12.46823397242797,12.610531352914709,12846800
12.325942993164062,12.364402354802227,12.125959447406837,12.333634865491694,17344000
12.55284309387207,12.591302440196785,12.364397431640162,12.410547180155763,16031700
12.775904655456543,12.86820416516041,12.706679289641514,12.77974985707993,16795000
12.898970603942871,12.972041165475686,12.845128983121414,12.8566660541334,11261200
12.91050910949707,12.945121793453133,12.752829430824848,12.82590000047685,13587300
12.9912691116333,13.36047149356791,12.87974067721589,12.945119364044233,12200000
12.864358901977539,13.02973044540273,12.675911747699677,13.01819190643927,17659500
12.725910186767578,12.7720599487087,12.575922360153077,12.683605627040517,18067000
12.84512996673584,12.94127614472915,12.695140696723907,12.695140696723907,14731000
12.63745403289795,12.86435907456686,12.587457608916862,12.810517448929197,15442300
12.306710243225098,12.479773649435288,12.256714555618316,12.422085358340496,22270400
11.8836669921875,12.295172500666794,11.852900245764856,12.241330877811437,35569300
11.887513160705566,12.02980982416632,11.733679425570367,11.84520860846697,24846500
11.929818153381348,12.19133587953472,11.860592786630498,12.087497829408445,21851900
12.04519271850586,12.08749727034967,11.833671426361011,11.933663536650043,16105600
12.102880477905273,12.13749316025453,11.983659424000676,12.122110153397703,13655900
11.66830062866211,11.906742747656752,11.579846317858843,11.887513804799399,25066000
11.65676212310791,11.783675045544863,11.318327907788404,11.518312129063938,25865700
11.418320655822754,11.610613017736402,11.260640977736536,11.552925455869737,24550400
11.306792259216309,11.641381336841869,11.299100387653136,11.349096819276513,23684000
11.483699798583984,11.564462236452972,11.226028010776963,11.28756150635442,20875900
11.66060733795166,11.741370501898079,11.53369442335334,11.610611652489258,17978400
11.710604667663574,11.814441981474122,11.645225237874724,11.768292227233239,19597400
11.695220947265625,11.814442001718838,11.572153957696228,11.779829319210306,20088000
11.618303298950195,11.633687038867992,11.349094452222614,11.38755306848001,16161900
11.814438819885254,11.856743361232807,11.710601533861961,11.814438819885254,17407800
11.772136688232422,11.864436918693444,11.699065397374392,11.706757266630401,15956500
12.029810905456543,12.075960663376682,11.74906348837079,11.772139100868037,15367900
12.260560035705566,12.356706945203012,12.083651424036363,12.175951664933832,16684500
12.406702995300293,12.46823649466227,12.214411359946999,12.422086736909375,21325300
12.149030685424805,12.379780917716527,12.091343127351873,12.260559866560858,15164900
12.26440715789795,12.322095455887759,12.079806658234665,12.164415037196042,17746500
12.191335678100586,12.28748185621325,12.068267953945192,12.083651694541038,17976100
12.022117614746094,12.183643215463876,11.979813063701384,12.156722404267093,10440600
11.995199203491211,12.191337524572152,11.983661396296837,12.137495157868976,15620400
11.987506866455078,12.037502561947818,11.883668806350304,11.979814995290901,11279100
12.075958251953125,12.14133767389882,11.922124533709441,11.929816403005884,10910900
11.891358375549316,12.049038036204813,11.80290407489615,12.01827129104123,13073600
11.710604667663574,11.929817834150567,11.695220927225202,11.891359216591752,13054600
11.829826354980469,11.860593103966565,11.710605294351485,11.810596678403433,13011200
11.62984561920166,11.672150186863345,11.50293264975398,11.572158039186784,15952100
11.472164154052734,11.622151986083253,11.314484450241862,11.499084971746697,17517100
11.483699798583984,11.564462236452972,11.360632807429072,11.541387358995708,15176200
11.610612869262695,11.691375308135827,11.433703517125098,11.452933193192846,11598600
11.791366577148438,11.899050554791025,11.702912274194038,11.760599831184425,14742000
11.822135925292969,11.987507496326023,11.73752753865298,11.75675648403658,14652200
11.822135925292969,11.833673732645478,11.549081086452157,11.610614591924374,10845400
11.791366577148438,11.933663235692675,11.764445766122062,11.914433561004488,9782800
11.799057960510254,11.856745515121997,11.67983691650771,11.74906154191957,11782100
12.049038887023926,12.064422627460543,11.837517590780267,11.86443840300723,11343400
12.141336441040039,12.191332852853131,12.006731676168501,12.079802959990813,13860200
12.287481307983398,12.318247320728155,12.172105459273645,12.225947815419701,12351100
12.856666564941406,12.895124447892092,12.406701705632573,12.502847880083483,24872100
12.745138168334961,12.864359966999258,12.695141740885498,12.818210208547491,14466000
12.645142555236816,12.71052123560819,12.545149733749696,12.645142555236816,13847700
12.825897216796875,12.918198176338523,12.772055601678407,12.806668278122277,15794500
12.741291999816895,12.756674273417623,12.606686469522154,12.67975850419121,13078900
12.449006080627441,12.51823144261659,12.379780718638292,12.50669437130979,14646700
12.491310119628906,12.637452707514264,12.352859401324265,12.364397939232393,15599800
12.645142555236816,12.775901383053442,12.51053705970783,12.59899134513174,17284000
12.38747787475586,12.683608390285663,12.341328102760572,12.664379440877193,16819100
12.47592830657959,12.49131204811606,12.349016106589575,12.479774975500877,12483200
12.433624267578125,12.49515776194623,12.314402480394948,12.341323292488854,12924900
12.633605003356934,12.648988741257051,12.47977202557775,12.56822631789243,15945900
12.68360424041748,12.702833183534555,12.518232688876868,12.618225540404564,16411500
12.818207740783691,12.898970169294477,12.629760607184439,12.718214905135406,16116500
12.837435722351074,12.872048398710527,12.698985016913268,12.841280923247023,10111700
12.891278266906738,12.956656956370063,12.74898235031226,12.810515838602367,9961500
12.902816772460938,12.975888806545427,12.818209133573879,12.95281319571755,12352000
12.629759788513184,12.764363827306015,12.556689234179073,12.74128968755524,18363200
12.6489896774292,12.72975210677118,12.548998307825908,12.602839927387226,13116000
12.47592830657959,12.575921159492296,12.322095292437925,12.572074490571008,28621500
12.499004364013672,12.6797596658186,12.349016546377412,12.664375923734266,17712100
12.129796028137207,12.48361307986952,12.129796028137207,12.395158816936442,18400400
11.902896881103516,12.10288036967664,11.495236566754858,12.041346875725354,32568600
11.072196006774902,11.464471919164005,10.995278758482083,11.445242973859422,39832300
10.760682106018066,11.322176273440926,10.333793493561991,11.237567151294634,48190300
9.606925010681152,10.24533551284574,9.53000851576151,10.060735044794136,45646600
10.195341110229492,10.206878916010377,9.56462239828404,10.133807613139066,31540500
9.86844539642334,10.222263423375813,9.81460376195359,9.968437527250913,32130500
10.368404388427734,10.487626187700732,9.260800643946942,10.141500063396558,26729900
10.43324089050293,10.590427798073078,10.331070449914145,10.480397112678519,19736800
10.696529388427734,10.802630340088712,10.610077177549988,10.629725168810396,17236700
10.629725456237793,10.779052892136862,10.500046761653254,10.602217967920291,18829000
10.908731460571289,10.916590957006214,10.692599805747873,10.7279667901822,16655900
10.236761093139648,10.307495072976211,10.016700405499305,10.276057831884733,25348100
10.071717262268066,10.425387227194864,10.055999013561925,10.091366010054605,20265200
10.055994033813477,10.354648106566959,10.032416297668462,10.354648106566959,14280500
10.409666061401367,10.413595810140398,10.036348925468584,10.154238389547793,14343800
10.445030212402344,10.50397492842547,10.232829084814549,10.366436758023024,12760600
10.307494163513184,10.468610103581602,10.16602696584511,10.41752487238647,16844900
10.582572937011719,10.610080433025503,10.079576261469619,10.252481485800192,18420700
10.841928482055664,10.869435973206537,10.68867203163056,10.751546511267675,13793800
10.936240196228027,11.010903921832128,10.747616757407805,10.786913494542748,12206100
11.097354888916016,11.160229361412313,10.932309211232528,11.038410164641093,14595000
11.07770824432373,11.16416046713757,10.991255271986965,11.085566992199224,19380500
10.712248802185059,10.814420009706048,10.555062617353865,10.7711935278064,12054700
10.641517639160156,10.653306887203899,10.193536706820648,10.213184704037168,15820800
11.010905265808105,11.085568251002549,10.716180825606752,10.90087453830465,14203300
10.865508079528809,11.003046308287004,10.786915341326301,10.806563338496165,16293000
10.484329223632812,10.62579717252569,10.421454746241066,10.617937675470998,15870200
10.472537994384766,10.511834722691903,10.126728434232014,10.295703841286777,16611500
10.519698143005371,10.60222062866783,10.358582171406544,10.496119647510643,14489800
10.531486511230469,10.653306487880412,10.22104381961224,10.50790876554981,16985700
10.724038124084473,10.845857324512583,10.617937167490865,10.8026308423027,16706200
10.665093421936035,10.802631625695598,10.633656182464385,10.767264637599627,14052000
10.49611759185791,10.539344075609357,10.209252698561482,10.36643889012645,16597100
10.51183795928955,10.73975815422033,10.393948487592693,10.51183795928955,14286700
9.949894905090332,10.468609691683993,9.938106409636838,10.437172454603251,26636900
9.285781860351562,9.619802952347548,9.13252543265103,9.380094315345683,35131100
9.427250862121582,9.505844333686174,9.124666970977666,9.203260442542257,23332600
9.446898460388184,9.454757206974328,9.077510388018462,9.411531477420722,24466200
9.655169486999512,9.902738358191833,9.623732253303018,9.78091842178549,27791600
9.494053840637207,9.7730599534613,9.450827362004071,9.5765770498893,22731300
9.380097389221191,9.651243350235202,9.179684668347976,9.59229860868968,29766000
8.959619522094727,9.22683637354883,8.865307824438467,9.136454423651927,32455100
8.59023380279541,8.924254178863556,8.586304054315177,8.806364722548079,32553200
8.641318321228027,8.653107565696313,8.307297223188169,8.527358622792558,30900000
8.97927188873291,9.02249763250455,8.660969686850965,8.76706992112958,20394600
9.380097389221191,9.380097389221191,9.112880428056904,9.179684668347976,26126700
9.179681777954102,9.509773126101274,9.077510575001613,9.466546646134463,15808200
9.521564483642578,9.549071979337834,9.384026255643258,9.399745252910858,16918100
9.659102439880371,9.670891687499376,9.380096991937771,9.43511198178042,17313900
9.910598754882812,10.091363440882423,9.83593578087177,9.871302768360326,18825400
9.87130069732666,9.887018938733334,9.588364856779146,9.804496484922135,18850500
9.989191055297852,10.02455803863806,9.867371862416471,9.969543064341208,15803900
9.373539924621582,9.848047870783976,9.325285321245154,9.803813845194675,24740600
9.526348114013672,9.578624063024812,9.096074186407389,9.240838765896065,22924100
9.092049598693848,9.361473471332058,9.015645607858072,9.34538809768544,31573300
8.93120002746582,9.031731324129737,8.738180121949402,8.943264059182944,22436600
9.17247486114502,9.252900201488016,9.043794930190538,9.092050287794914,15211100
9.884238243103027,9.916408231215115,9.297135768309195,9.357454400145231,29683000
9.68719482421875,9.811853404665667,9.598727568255269,9.791747454171691,25593200
10.004874229431152,10.041065557310752,9.671110357758229,9.952598293045575,23562100
10.64023494720459,10.772937030988489,10.266259066789251,10.491449017435647,40333100
10.70457649230957,10.728703797058989,10.419067112634227,10.423088457924662,16660900
10.218002319335938,10.443192239689633,10.218002319335938,10.443192239689633,19748700
9.89630126953125,10.004874488993913,9.618834670920139,9.695238672536258,25452100
10.093342781066895,10.218001379638634,9.94455611800285,10.137576031983535,14871900
10.350701332092285,10.406998607997943,10.137574725174947,10.242127356851782,22429500
10.503510475158691,10.527637772202386,10.286362500786604,10.390915143966541,17319000
10.583935737609863,10.648275711875522,10.475361743414192,10.53970171767985,13460600
10.644257545471191,10.728704266277203,10.435152950175759,10.728704266277203,12244800
10.125511169433594,10.38689235759041,10.093341188844953,10.326573739860812,20014900
10.218002319335938,10.447213584141506,10.137576964284532,10.41504359551955,12879800
10.451233863830566,10.551765163906266,10.362766595881414,10.382872549099373,10136400
10.35472583770752,10.402981208214575,10.242130484519787,10.346683148124162,8507700
10.459277153015137,10.575893068968593,10.250171852761982,10.254193197035272,12728300
10.250171661376953,10.455255613527614,10.213980330586073,10.29038433636604,11807000
9.984769821166992,10.314512399958952,9.8963025432206,10.254193766495819,20126100
9.972702026367188,10.049106009000205,9.787724851247273,10.016936032153579,18742700
9.779685020446777,9.840003648770011,9.538409740160873,9.703281015507764,19259600
9.622855186462402,9.795769127710711,9.534387160525386,9.687195150602303,16204400
9.112156867980957,9.36951674764374,9.07998688302311,9.337346762685891,19122500
8.806540489196777,9.088028396442168,8.750243214544836,8.995539797516024,16521400
9.168452262878418,9.236813562717991,9.035751006365457,9.152367657206463,17802500
8.919137001037598,9.11617825572415,8.895009703951658,8.967391595209477,17958400
9.349411010742188,9.502218251075265,9.196603770409109,9.373538308269945,23271000
9.31321907043457,9.474068988396851,9.248879103249656,9.317240414257741,14125600
9.449942588806152,9.63089924304857,9.401687225343847,9.56253792555621,15700200
9.73143196105957,9.767623297166274,9.626879297528324,9.671112556219668,15157600
9.638941764831543,9.731431153312299,9.538410454433661,9.606771776183942,12073000
9.240836143493652,9.570578657354815,9.156390226672427,9.566558080642945,30692200
8.866860389709473,9.144326993609885,8.826648483138273,9.112157008157153,21096900
9.168452262878418,9.220728957046036,8.882943801014356,8.931198385023006,18219100
8.84675407409668,8.91109404236704,8.722095481446972,8.899030010694002,18346300
8.625584602355957,8.963369782982022,8.557223297538947,8.88696579124705,16691700
8.500926971435547,8.68590497290964,8.448651029906149,8.557225024228355,15168800
8.440607070922852,8.633626964892287,8.404415744929473,8.621563700889746,13117000
8.480818748474121,8.549180048798664,8.400393418565438,8.500924697454897,16939800
8.247586250305176,8.484840130941876,8.227479534238544,8.444627465801407,12031700
8.649715423583984,8.71003406608176,8.468758729097502,8.496907377796921,12953900
8.65373420715332,8.714052831796614,8.444628925863167,8.512990238323681,11923000
8.84675407409668,8.870881370449833,8.625585529041432,8.665797433965714,10389400
8.899029731750488,8.911093763045375,8.802519782370089,8.850775140556738,9165100
8.850775718688965,8.87892435988947,8.782414404205046,8.782414404205046,9656100
8.545160293579102,8.786435561149332,8.48886301237679,8.786435561149332,11248100
8.561246871948242,8.621565505565545,8.5009274713379,8.565267449462095,8288600
8.625584602355957,8.681881876796021,8.529073893326075,8.529073893326075,5101000
9.329303741455078,9.421792341427281,9.059879861584811,9.096071186268343,20775200
9.405709266662598,9.462007322706707,9.232795288013692,9.309199299578031,12636400
9.14834976196289,9.277029723807873,9.088031125722189,9.268987034444294,10007600
8.991517066955566,9.168451550564628,8.919134429573349,9.156388288996075,14574000
9.047815322875977,9.132261231066272,8.959348071391934,9.120197968177834,8678200
9.188562393188477,9.369518300953485,9.168455669885875,9.34136965532291,13471300
9.321261405944824,9.357452731993225,9.148347463045326,9.176496101751221,13933300
9.365496635437012,9.369517212637454,9.180518637504528,9.349411258663327,23754600
9.092049598693848,9.152368215883005,8.919135666956855,9.144325529059696,34780900
9.582645416259766,9.65100674471455,9.34539143909275,9.38158277574488,22448300
9.840003967285156,9.864132032989838,9.59872944618231,9.651005387889793,24800800
9.864128112792969,9.884234059230046,9.707298816011543,9.759575503936249,17253800
9.735451698303223,9.844025697249132,9.67915441010595,9.779685720168525,17096600
9.795770645141602,9.892280606301494,9.695239339725921,9.811855255171753,20731300
9.860109329223633,9.87217259341973,9.534387390056951,9.699259415001569,24173000
10.0692138671875,10.173765728565595,9.699258707949141,9.783704619137488,19152500
9.90836238861084,10.193871613347019,9.787725163337553,10.097361679729834,24397500
9.940535545349121,10.000854944267969,9.856089614051562,9.88825960221154,12584900
9.96064281463623,10.008897416031175,9.667091560672285,9.727410195912498,18053900
10.173768997192383,10.314512994717337,10.016940387746535,10.242130323590613,30961600
10.479381561279297,10.628168209467361,10.366787006211132,10.431126971105192,28581800
10.57589054107666,10.68044316621265,10.491444632501139,10.57589054107666,20484000
10.700552940368652,10.805105595379707,10.644254884905449,10.70859486229794,16905100
10.66838264465332,10.716637242812483,10.587957291730705,10.672403988998752,11023000
10.660337448120117,10.69250742832258,10.507529466913798,10.660337448120117,12800300
10.624146461486816,10.744783699324124,10.579912449683139,10.712613718101318,12208800
10.53567886352539,10.563827500309248,10.419062206000469,10.563827500309248,12121700
10.35472583770752,10.35472583770752,10.197897225797506,10.294407199818522,18430900
10.551765441894531,10.608062725982341,10.451234139170316,10.535680832295002,12330400
10.358745574951172,10.491446864510621,10.226044285391723,10.467319566497896,18154600
10.157683372497559,10.402980007526754,10.041066687977775,10.402980007526754,18643100
10.185831069946289,10.270277758997043,9.900322552139832,9.980747130243525,21777600
10.037043571472168,10.302446881278485,9.94857631286531,10.290382850425921,20893500
10.125511169433594,10.242127061445105,10.093341188844953,10.141595776231496,14324900
10.093342781066895,10.205937347392481,10.037044730911143,10.181810049893135,9736300
10.270279884338379,10.318534487787861,10.06117455740904,10.181811833025838,15194000
10.330596923828125,10.471340901600973,10.306468858843312,10.390915552304211,10715000
10.250171661376953,10.298427024762454,10.1818103439934,10.282341647969627,11306600
10.41504192352295,10.431127298748148,10.173766664095298,10.31048928553787,14129900
10.109427452087402,10.551765332903564,10.097364186760602,10.439169998897988,25351500
10.306469917297363,10.39493796400789,10.20593860384853,10.234088015888368,10809100
10.326573371887207,10.354722008025124,10.189850767509197,10.266254756306981,11037900
9.948575973510742,10.169745262972917,9.892278698771532,10.165723919492567,17639400
9.393644332885742,9.590685576585017,9.27300632019709,9.586664232796103,37915700
9.264961242675781,9.32930118738942,9.088026011216952,9.196599955543459,30362200
9.365496635437012,9.482112549074312,9.260943987386996,9.433857185746236,14982300
9.277027130126953,9.401685712437969,9.216708510750195,9.31321845515158,14496100
9.039775848388672,9.20866849177463,8.94326587602428,9.088031218067409,28191900
9.498196601867676,9.530366583937802,9.055858773158775,9.084007411596026,29537800
9.401686668395996,9.52634603037516,9.240836744705227,9.445920685033308,19427000
9.518302917480469,9.622855554959761,9.47809024660491,9.61481286738607,17595600
9.554492950439453,9.586662929383984,9.49015299255039,9.514280285010589,13575800
9.562538146972656,9.630899466047893,9.50624009379758,9.534388736888618,13984800
9.373539924621582,9.39364664852267,9.164435365001907,9.273008606095416,21146000
9.329303741455078,9.373536986184956,9.244857061529219,9.353431035579815,13680700
9.144325256347656,9.24083519437065,9.067921267790485,9.172473892396928,18323600
9.188562393188477,9.256923718431187,9.116179723285246,9.156392402897382,12035200
9.317238807678223,9.317238807678223,9.216707530412378,9.28909017276263,10847900
9.345391273498535,9.486135272763686,9.337348583942106,9.373539919952947,15041700
9.16041374206543,9.325285038082571,9.128243751793622,9.313221004108243,13603600
9.25692367553711,9.277029631753477,8.987499720475224,9.043797011475506,15148800
9.381583213806152,9.409731862073706,9.29311592396625,9.365498600650325,15274600
9.622855186462402,9.723386476305105,9.365495329902803,9.381579937441341,20398500
9.437877655029297,9.683174259137651,9.35745307959533,9.675131571496381,20997300
9.220730781555176,9.333325344516338,9.208666749669508,9.264964798143023,16385400
9.212688446044922,9.333325701544606,9.11617848824658,9.208667101929203,12933100
9.144325256347656,9.192580608855558,9.027709368858844,9.075963954373936,12568700
8.983476638793945,9.10009254288762,8.862839390835948,9.051837950501588,17483800
9.011625289916992,9.184539241330588,8.97945530595583,9.168453865853547,15713500
9.590682983398438,9.64295890453381,9.19257925985266,9.220727891771144,38907500
9.590682983398438,9.630895643421715,9.385599107573153,9.534384952568772,25984700
9.359381675720215,9.656242827854756,9.347012166142603,9.635627764972975,21590100
9.582027435302734,9.63562785757326,9.40061189182551,9.495443226670075,18699500
9.56141185760498,9.705719650640006,9.46245814460176,9.466580527864464,18032400
9.46657943725586,9.569656308060898,9.39236475086409,9.491318452467231,17584800
9.474825859069824,9.594395407735055,9.441841291578402,9.524303103514017,12478700
9.359381675720215,9.36350405916518,9.161473454549615,9.276919851364612,15696100
9.371748924255371,9.462457074056616,9.322272466558434,9.408856660735132,11109300
9.297533988952637,9.491319020978482,9.194457111973499,9.462457621250588,17069600
9.392365455627441,9.44596508644574,9.04190391131034,9.046027080821622,21103000
9.272794723510742,9.384117926960112,9.14085646153256,9.34288702348841,27835300
9.153226852416992,9.272795618976089,9.083134545670573,9.26867244958934,22023900
9.227439880371094,9.342886243166916,9.136732529440524,9.248055723592138,12083300
9.210951805114746,9.231566870455461,9.079013499539762,9.18621356942302,14455400
9.17384147644043,9.20682604355084,9.037780038808215,9.20682604355084,15320500
8.881108283996582,9.025415350653311,8.753292330079862,9.00892345149877,30567100
8.839876174926758,8.897598993874063,8.749167989250221,8.806891594611951,13365700
8.617226600646973,8.732672983862303,8.435811080284068,8.732672983862303,28011700
8.452302932739258,8.584241194155766,8.324487840293775,8.394580139973053,21002200
8.472919464111328,8.658458167991107,8.460550741462148,8.588365856126991,16910600
8.24202823638916,8.530643850181045,8.229658726170326,8.340981958896991,26138300
7.965781211853027,8.052366200545789,7.945166150285993,7.994642612612552,26011600
7.8420891761779785,8.06473482682288,7.817350158895294,7.998765686897414,24719700
7.660674095153809,8.002889323389738,7.574089888855017,8.002889323389738,32269700
7.392673969268799,7.693658270530122,7.355566229506259,7.65242736119239,32440500
7.462766647338867,7.516366281631928,7.293720618488305,7.380304824595763,34305400
7.635934352874756,7.652426242350098,7.49162658449867,7.50399609141573,19974100
7.438028335571289,7.685412228327692,7.380304745702475,7.536982049956694,22199200
7.565843105316162,7.5782118275392065,7.264858806204648,7.363812516059906,25369300
7.512242317199707,7.677165945240104,7.442150011206781,7.673042775897681,23603400
7.532858371734619,7.598827510205133,7.475134785762298,7.594704340748956,14993600
7.743134498596191,7.8544569167991,7.68128774953292,7.776119064436698,28151500
7.598827838897705,7.623566070290677,7.516366019035538,7.524612358304594,16625500
7.549351692199707,7.664798099583617,7.405043879573399,7.64005986457789,26497500
7.4462738037109375,7.611196659139213,7.405042893250317,7.4462738037109375,25847200
7.40504264831543,7.499873975162405,7.306088938331533,7.4462735574122645,17816100
7.4916276931762695,7.532858602587449,7.396797152020489,7.471012631677774,17709500
7.730766773223877,7.743136283170171,7.541105672532964,7.574090245975483,17813500
7.936922550201416,8.270891538611245,7.899814797443162,7.941045721220607,24861700
7.767872333526611,7.7926105600523785,7.6689186410095,7.7225182628843365,16729500
7.565843105316162,7.899811974379428,7.553473596678938,7.891565635287946,14757800
7.6936564445495605,7.710149118936024,7.586456420279543,7.623564151235088,14073700
7.681286334991455,7.7843631825627595,7.65242494349772,7.681286334991455,15368700
7.74725866317749,7.776120063694963,7.602950874175945,7.648304166525895,10052500
8.002888679504395,8.015258187872252,7.813227603015544,7.84208900279305,22193500
7.982273101806641,8.002888161337468,7.862703554568327,7.866826723757315,14296500
8.283257484436035,8.353349788747696,7.9905187594588165,8.052365511697554,20808600
8.31212043762207,8.444058732439203,8.225536226553677,8.340981841311534,15636300
7.936922550201416,8.254399640948943,7.932799379182225,8.246153298910562,19210400
7.8998122215271,8.081227755144461,7.833843079559733,8.077104585469725,15643800
7.710151195526123,7.788489060718719,7.660673945454927,7.743135766768851,12872500
7.891564846038818,7.978149825011517,7.714272505374146,7.78436480781334,14614200
7.8420891761779785,7.957534777840453,7.739012296742666,7.957534777840453,13553400
7.743134498596191,7.788487785118087,7.557595824234541,7.784364616086263,22506600
8.184306144714355,8.21316755133744,8.044121495618501,8.085352413543344,17659800
8.287381172180176,8.295627511183156,8.176057954882452,8.250273433080935,10095200
8.489413261413574,8.522397836847727,8.328613554473867,8.353351789445904,13132800
8.468795776367188,8.543010460073411,8.316241667073873,8.390457137194183,11132900
8.213165283203125,8.36571940147164,8.151319316602319,8.34098038570001,16664900
8.15131950378418,8.209042302415225,8.085350366373227,8.188427241879609,6566300
8.007013320922852,8.307997668811142,7.9492905107564145,8.299751328383277,18043700
7.982273101806641,8.118334539386794,7.903934460044094,8.039995897624248,11604900
7.932797431945801,7.986397855623706,7.734889990091075,7.796735967368893,12951700
8.097721099853516,8.155444699239041,8.015260050811023,8.015260050811023,13713500
8.007013320922852,8.101843876600372,7.965782405197836,8.077105641731086,9353700
8.035873413085938,8.056489260787332,7.887442455292609,8.0235039044651,11582300
8.044119834899902,8.064734896399143,7.8338429046680575,7.916304723493396,15822800
8.068856239318848,8.085348913915906,7.990517607810837,7.990517607810837,14195500
7.866828918457031,7.978152158374493,7.817351660800048,7.941044411735339,17003100
7.569968223571777,7.607075972621787,7.438029909800359,7.520490962700304,13154900
7.231874942779541,7.586458907798838,7.178274519862524,7.569967014418857,35540500
7.178273677825928,7.285473724670766,6.92676584536634,7.2731042162760735,24101300
7.277230262756348,7.334953871671477,6.963876337268774,7.16178461775504,32310900
7.58233642578125,7.627690512916039,7.425659885592306,7.462767632081801,27766500
7.532858371734619,7.574089279882232,7.417411986204138,7.512242524453732,10269100
7.442148685455322,7.586456441076478,7.4256567974376475,7.536979990609454,14001900
7.495750904083252,7.586458276156571,7.35556628316091,7.4916277344779845,13318900
7.351445198059082,7.516368096962753,7.297845550820794,7.359691539607869,14929800
7.536980628967285,7.627687986782116,7.491626556852836,7.549349349424631,12969000
7.623563766479492,7.714271111785114,7.532856421173871,7.557594645091048,9563700
7.623563766479492,7.7431332905047725,7.602948710950838,7.689532887867936,10441500
7.706027030944824,7.763749826563836,7.594703822467492,7.64418106615101,13191500
7.809103965759277,7.875073100274349,7.751380383248003,7.763749890874872,20921700
7.920424938201904,7.928671275109587,7.701902515046111,7.751378963664265,18500400
7.866828918457031,7.936921241396063,7.809106106535827,7.858582577778479,11943300
7.549351692199707,7.842090487688997,7.512243946483962,7.809105912209925,22776300
7.429782867431641,7.545228487879747,7.3885519516654705,7.53698293385796,19727800
7.495750904083252,7.508119626484865,7.384427683983594,7.479258225662181,14682500
7.343196392059326,7.4998736832461415,7.326704500911012,7.45864277575413,18865300
7.413290500640869,7.450398247761148,7.1906448043335365,7.306090429672768,22924700
7.359688758850098,7.586457560859353,7.326704191532131,7.528734764656441,18204800
7.3679351806640625,7.421534808257037,7.264858308327159,7.318457935920133,14038000
7.079319477081299,7.297842725023291,7.058704417606102,7.2937195558454295,22233400
7.013350486755371,7.050458223702288,6.860796369705366,6.988612257595468,23214700
6.877290725708008,6.9844907934571765,6.860798044632296,6.897905790638329,14607900
6.827812671661377,6.918520834157824,6.803074439350631,6.877289922697096,14791400
6.638150215148926,6.78245798238535,6.514457899404424,6.765965306626186,31194200
6.613413333892822,6.625782056815425,6.522705171584534,6.568059252738679,17927000
6.7494730949401855,6.803072715769531,6.704119025182567,6.745349926197309,23118400
6.547442436218262,6.741227050273769,6.502088757697624,6.741227050273769,19798500
6.671135902404785,6.699997303424033,6.601043591466243,6.62990499248549,22702600
6.963873386383057,6.996857954751408,6.7288582384567865,6.757719637477326,25560600
7.433905124664307,7.56172024006911,7.203012339296274,7.20713550900794,42026500
7.330827713012695,7.499873726942109,7.29784314410974,7.334950882427334,42115200
7.528736591339111,7.561721166660061,7.376182438970777,7.384428779404591,29258600
7.590582847595215,7.664798341367815,7.405044113163713,7.6235674241147775,27831800
7.829719543457031,7.891565512855294,7.462766110135063,7.536981587978645,39497300
7.982273101806641,8.147195937295598,7.924549519574922,7.945165365519862,35890500
7.986396312713623,8.097718735741356,7.821472689949053,7.895688162910287,23150700
8.0606107711792,8.093595337515964,7.899811108589229,7.9657802412627605,22429600
7.965781211853027,8.114212171661082,7.928673471901013,8.101842662872349,18606100
7.8750739097595215,7.932796711790053,7.747258796800116,7.8420893391114745,29156500
7.685410499572754,7.9492877983248675,7.668918610758644,7.899810559054459,23008500
7.673043727874756,7.726643363147971,7.536982268350491,7.623566476041279,20912200
7.442148685455322,7.664795071798935,7.429779966045566,7.660671903191015,19505200
7.462766647338867,7.536982130524816,7.306089341409813,7.425658905745893,16902600
7.487504482269287,7.582335022901687,7.429781681260728,7.561719961516968,12346900
7.380302906036377,7.4421488638093205,7.318456948263433,7.413287469276215,15699700
7.4174113273620605,7.590580497069171,7.388549930146557,7.450395893667506,13724300
7.355567455291748,7.524613503974748,7.289598303923471,7.499875268815223,14896000
7.268980026245117,7.367934506681099,7.2153804035551765,7.330826773121119,15651100
7.40504264831543,7.475134957855795,7.153535597011678,7.207135228347638,35318600
7.301966667175293,7.528736301901318,7.27310526318081,7.4957517278484405,17511400
7.508121013641357,7.545228760530387,7.231875676778662,7.273105807620396,26415800
7.532858371734619,7.697781217910905,7.528735202278442,7.598827510205133,26394000
7.458642959594727,7.586458068197614,7.425658390070943,7.58233489870537,16018700
7.528736591339111,7.615320806651239,7.491628845801254,7.528736591339111,19080700
7.503995895385742,7.590580082301076,7.462764993153371,7.532857291024187,10399600
7.574090003967285,7.615320129642346,7.442150927998683,7.532859091877987,17864000
7.739013195037842,7.912182404046109,7.627689963586612,7.627689963586612,52606600
7.908853530883789,7.985473340086979,7.793923817079004,7.823720229126614,24296500
7.853517532348633,7.917367103365422,7.759870737092087,7.802437388400395,20721500
7.708792209625244,7.857774286917015,7.67048230063838,7.83649136498717,15368300
7.776896953582764,7.785410445381088,7.653453758180848,7.725816814684079,16347200
7.457648754119873,7.589604637142615,7.415082104531189,7.576834398698616,19151600
7.423595428466797,7.542781070342517,7.393799017997867,7.5002152336105,18366500
7.806693077087402,7.866285893710727,7.670480460867668,7.742843514720806,25168600
7.781152725219727,7.887568923700838,7.730072592716681,7.815205876258036,23064200
7.7981791496276855,7.874798944940507,7.759869251971274,7.823718810768229,16779900
8.02803897857666,8.074861557936266,7.832232733984158,7.857772396534055,16728500
7.896082878112793,8.121685547618497,7.806693646656056,8.121685547618497,12368400
7.955677032470703,8.00249961834957,7.900340142034752,7.968446459577963,16634500
7.993984699249268,8.07060367611346,7.925878400775906,7.981214463826342,13099100
7.862029075622559,7.9514191116262305,7.798179513843495,7.92587944929285,19263900
7.7258148193359375,7.917364275870396,7.670478760721013,7.857770660564645,14066900
7.704534530639648,7.785411085591854,7.619401229438239,7.636428214435053,13421700
7.6534552574157715,7.7130488997865765,7.598119173669407,7.700278659587528,8821300
7.534267902374268,7.691763436625827,7.495958002282539,7.530011156598382,17194000
7.423595428466797,7.572578292702741,7.406568444260955,7.551294562445439,16010500
7.363999366760254,7.500212759805671,7.308663310125417,7.500212759805671,12446200
7.283125400543213,7.372514623901177,7.202248856630373,7.368257878233004,18402400
7.415081977844238,7.48318829126601,7.334205426196648,7.389542313283899,13934800
7.381028175354004,7.461904719925561,7.257584985645247,7.351231767325332,11855300
7.338460445404053,7.406566742799224,7.249071234532057,7.321434277000813,16032000
7.457648754119873,7.47893167296856,7.3427190437978185,7.381028947238503,6666000
7.517241477966309,7.521498224058563,7.389542342763866,7.427852245702859,10580700
7.363999366760254,7.6066289403189185,7.355486689356374,7.525752415799364,14715000
7.355489253997803,7.38102891889642,7.253329782512025,7.3214360968358765,14296500
7.512983322143555,7.602373349525228,7.368257229728386,7.3810274656089545,17346800
7.419338226318359,7.5427806066570335,7.406567988949016,7.474674297803025,15972100
7.419338226318359,7.547037352446814,7.376771580311793,7.5427806066570335,18878500
7.312922954559326,7.512985160973939,7.300152715553197,7.474675255846898,15880900
7.5640645027160645,7.60663114966304,7.436364561875138,7.466161783061904,17425700
7.61088752746582,7.619401019729912,7.530011786630884,7.551294705399802,9079400
7.6534552574157715,7.717304834628169,7.63642908237513,7.687508419388479,13917500
7.823721408843994,7.8364916496005605,7.640686162681961,7.678996073060202,16286000
7.989729881286621,7.993986627454353,7.819464094033926,7.8492605053167335,15017900
8.036551475524902,8.138711747185237,7.998242388516297,8.070604628781275,17415000
8.113171577453613,8.130198560665677,8.015268859657978,8.036551776781813,20167100
8.385597229003906,8.402623399519458,8.211074718790663,8.236614380509593,23143900
8.513297080993652,8.56863315478795,8.406880867481233,8.432420531394655,29372800
8.71761703491211,8.807007086893028,8.538837742841643,8.555864728701389,24334900
8.628225326538086,8.743155012539209,8.521809131031373,8.717614541055976,19732800
8.709101676940918,8.717615168047638,8.534579168709126,8.628225947100661,15270800
8.555862426757812,8.581402086784648,8.428162502841335,8.479242634786157,16829500
8.56437873840332,8.640997743721226,8.513298589633294,8.513298589633294,4499500
8.692076683044434,8.828289311622825,8.687819936914947,8.717616347930056,13442800
8.777210235595703,8.824032820591071,8.6452535374407,8.802749901219661,15011500
8.73464298248291,8.815518720028868,8.709102506729295,8.738899728441847,10447100
8.921934127807617,8.977271008386396,8.6963322955915,8.6963322955915,11444000
9.147538185119629,9.313547228720322,9.100714788456326,9.262467897716107,23912400
9.045378684997559,9.156051651040958,8.973015623041926,9.045378684997559,18302200
8.968759536743164,8.985786522875605,8.789980241809452,8.900653215996167,18256800
8.802749633789062,8.926192023797414,8.721873081230365,8.909165851195814,15003800
8.670793533325195,8.760182763989471,8.645253057228585,8.734643099784147,12462900
8.687819480895996,8.764439283422435,8.628226661993772,8.738899619877378,16613200
8.815519332885742,8.845316556669804,8.721873350952686,8.777210240374613,15688700
8.64950942993164,8.696332822196574,8.560120203125406,8.675049093034671,16171400
8.628225326538086,8.721871286303182,8.581401940709968,8.683561390969475,11343200
8.619712829589844,8.619712829589844,8.517553367554985,8.517553367554985,8473900
8.492013931274414,8.521810340342052,8.398367146328976,8.440933792950425,14282400
8.513297080993652,8.58566013865775,8.483500671112779,8.57714664672285,9577600
8.521812438964844,8.53032593276396,8.436679124756605,8.53032593276396,10942500
8.56437873840332,8.611201328560137,8.428165278980392,8.466475187585056,13125900
8.487757682800293,8.62822705655861,8.462217206196016,8.589917153543496,10378100
8.406882286071777,8.585661587415796,8.326005722825542,8.551608425821287,14880900
8.321745872497559,8.432418809376463,8.287692723603366,8.394108915384107,8811500
8.236615180969238,8.34728814169509,8.223844942923119,8.334517903648969,9884700
8.364312171936035,8.419649044073964,8.219586092039872,8.262152729401874,13228300
8.287694931030273,8.368571485654613,8.25789851929797,8.355801246958771,13184200
8.58565902709961,8.623968923955522,8.351543712438964,8.39836628823639,22327000
8.73464298248291,8.811262785961208,8.649509687086741,8.807006040002271,18657900
8.606943130493164,8.662280016653797,8.53458007220784,8.60268638448917,14594500
8.449448585510254,8.687820706641821,8.428164852977108,8.666537786000056,21968400
8.594173431396484,8.632483332324309,8.513296883672048,8.564377022206234,18357900
8.462218284606934,8.662281317379627,8.406882202028333,8.662281317379627,15491000
8.449448585510254,8.5090414128203,8.37708551868032,8.462218013138761,15071800
8.43667984008789,8.466476259019723,8.34303383603191,8.43667984008789,9796400
8.432417869567871,8.466471014666778,8.368568323993799,8.411134958340186,7478400
8.492013931274414,8.55160674940969,8.428163555396614,8.487757185423144,10807300
8.423908233642578,8.43667766023315,8.338774934212635,8.347288426533892,11693500
8.304720878601074,8.398366848332447,8.249383996389316,8.364313694621837,11211800
8.228100776672363,8.3855971142141,8.194047624216203,8.372826877583842,15269000
7.913111209869385,8.206820242470286,7.896084222754466,8.16425358657442,20037600
7.83649206161499,7.870545226864768,7.71304964204386,7.789668654937233,20077400
7.700277328491211,7.90459626500818,7.683250344502489,7.896082773013818,17094500
7.666224479675293,7.806693855647278,7.661967733507497,7.734330794577388,19570500
7.84074592590332,7.866285587477457,7.568320704069325,7.653453179946847,20190000
7.887567520141602,7.989726955077691,7.7343279617919585,7.789664017923209,22137200
8.0833740234375,8.223843367469769,7.985471319513129,8.006754233621512,21508600
7.896082878112793,8.032296316161759,7.870543213681053,7.883313451842571,19100700
7.670482158660889,7.725818241789094,7.5853488487344345,7.708792066938652,18208200
7.6534552574157715,7.827977814012321,7.640685829108147,7.781155223731989,16276000
8.057835578918457,8.125941888602261,7.678994129815886,7.7045337929745,22480900
8.134455680847168,8.26215481324987,8.04506563865225,8.1089152048536,25012400
7.9301347732543945,8.13019774650557,7.84925904676974,8.12168425575208,23709300
7.913111209869385,7.9982445216611175,7.785412054073219,7.887571541088438,17427300
7.921623229980469,8.062092599985089,7.900339500045659,7.947162894010959,12395600
7.576834201812744,7.845003518929094,7.5640647755918735,7.840746772891706,27003400
7.491701602935791,7.589604324634625,7.385285389291508,7.5598079147168304,26000300
7.4704179763793945,7.653453996281343,7.457648550175913,7.6108873478567265,25415300
7.423595428466797,7.478931503353197,7.304408974699784,7.346975623323095,19068000
7.22778844833374,7.376771297703483,7.168195633342328,7.355488381461182,25732500
7.321436882019043,7.385286457058751,7.180967492175128,7.2618432416761065,18307500
7.2575836181640625,7.376770039712751,7.240557450452006,7.253327685154353,13714400
7.304408550262451,7.381028350954006,7.240558986983237,7.2958950586542235,12600400
7.249072074890137,7.338461296124695,7.155425296197323,7.300151397912399,13497600
7.283125400543213,7.346974961783362,7.240558755752707,7.266098417870522,11136400
7.406569957733154,7.444879868133324,7.13840139682343,7.189480736096016,15611000
7.359745025634766,7.46616122916176,7.30866489070968,7.449134246889665,15244500
7.172453880310059,7.372516095294913,7.172453880310059,7.34271968156221,10759200
7.05326509475708,7.227787585153435,7.023468690819817,7.206504671452851,28186300
7.215020179748535,7.287383243218209,7.019213908992983,7.019213908992983,25912700
7.223532676696777,7.376772292355386,7.185222772782125,7.283126311614748,16534600
7.376770973205566,7.444877276454444,7.074549354025064,7.117115184637231,23054000
7.406569957733154,7.436366374290739,7.278870797660231,7.41934019849703,15892600
7.768383979797363,7.8364902949429105,7.538524557262649,7.559808288177707,27034000
7.5640645027160645,7.896082562741701,7.491701446473584,7.853516727685986,38261600
7.389540672302246,7.542779437526134,7.291637158094817,7.52575326889731,24228300
7.436365604400635,7.734331362910881,7.172453817735103,7.338462871021208,33716600
6.976646423339844,7.215019316782641,6.968133743631437,7.206505825182988,24323700
7.06603479385376,7.129884342000931,6.959618609644791,7.078804216348562,16876300
6.9160847663879395,7.0341218137254335,6.763074288668887,6.9423153603255425,35154100
6.968546390533447,7.095326706758346,6.863624835779295,6.942316210305508,19687400
7.003519535064697,7.055979887101365,6.867995569232871,7.034121546059796,16098300
7.007890701293945,7.0384927093687635,6.889853669712065,6.99040336305566,13525700
7.165273189544678,7.265823725337156,6.951058280842883,7.02537780703267,18908700
7.322657108306885,7.4188349910387,7.292055092612325,7.296426928260461,15891200
7.453807353973389,7.5980745661844145,7.410090673906344,7.480038362624283,21301900
7.300798416137695,7.4669239936415694,7.217735210464583,7.44069381484461,15032000
7.3882317543029785,7.423205599865604,7.2570800419037,7.344514238889135,13408500
7.471296787261963,7.471296787261963,7.2395944822867575,7.309542190610884,12377000
7.2614521980285645,7.43194959845777,7.226478350918925,7.427577763338778,14643600
7.200249671936035,7.331402266451394,7.191506832709058,7.287684734946274,18825200
7.366373062133789,7.488781098842863,7.3576293926996525,7.423205245771258,14399400
7.348887920379639,7.392605446778443,7.300799391799169,7.383861774730191,8958600
7.519385814666748,7.589333519876841,7.375118568440629,7.410092421045676,14765400
7.641794681549072,7.7292297391326565,7.584962477809497,7.6155644978109995,17478400
7.580588340759277,7.746713899136259,7.532498990299669,7.6549078669958295,14073900
7.414464473724365,7.602449270807012,7.37949061616312,7.59807743438154,16947000
7.3532586097717285,7.375117786483746,7.270195405950725,7.370745951141342,10206600
7.139044761657715,7.305170360603184,7.121558251483567,7.274568342416581,17801700
6.942316055297852,7.051609026368907,6.9029703689132536,7.038494353468959,20948300
6.811162948608398,6.951058332153064,6.7718172677561785,6.894226145278891,22287300
6.824278354644775,6.911713390356408,6.798048177468205,6.859252202160969,14282300
6.999148368835449,7.016634876571034,6.767446095981974,6.811163616084449,15227300
7.099698066711426,7.165273929808468,6.999148354373139,7.060352382084733,18214100
6.968546390533447,7.2352221130972145,6.898598687364013,7.117185885150291,24749400
6.806791305541992,6.859252075850235,6.719356688361587,6.76307420541236,17838600
6.780561447143555,6.81116346036294,6.732472092746051,6.771817776554496,12343900
6.649409294128418,6.846137295875889,6.649409294128418,6.819907118000845,13110600
6.513885021209717,6.588204549996716,6.448309162595843,6.544487449894513,22438500
6.601321220397949,6.688755852955818,6.474540898958735,6.518258006777063,15772700
6.295299530029297,6.505143070054927,6.21223673136411,6.487656143129559,30863400
6.474539756774902,6.48328301002767,6.312785193926705,6.352130875867015,19261300
6.566346645355225,6.5838335699439785,6.347759879535216,6.561974809977744,26898900
6.360875129699707,6.601320661570095,6.343388204668471,6.5576031405314135,16460200
6.426449775695801,6.4439366974110115,6.269067480258907,6.33464333246067,13834100
6.343387603759766,6.4657960673826755,6.2952982517884815,6.3914765388099095,14308400
6.247210502624512,6.299671282707063,6.207864813332294,6.234095411834178,17883000
6.111688137054443,6.181636279396277,6.04174041163394,6.076714274344192,21870100
5.993649482727051,6.133544887542471,5.945560541552049,6.120429797571323,20226500
6.325900554656982,6.347759312671199,6.046109369301504,6.059224457341582,24760800
6.177262306213379,6.439566185834885,6.155403545347957,6.426451096084107,16998400
6.190377712249756,6.286556014818949,6.142288769425763,6.251582162415826,12415300
6.25595235824585,6.325900044715839,6.142287159271568,6.151030411619768,22112900
6.111688137054443,6.304044798882158,6.111688137054443,6.247212167747667,19237200
5.949931621551514,6.059225004572144,5.814408060081786,5.871240669283055,25552400
5.9674177169799805,6.019878900430984,5.879983106096827,5.971789551754416,23094300
5.65702486038208,5.818779420952442,5.565218409454559,5.814407585927052,24634800
5.83189582824707,5.853754591397207,5.7182305934033435,5.79255013796107,16361200
5.74445915222168,5.932443447932691,5.674511051601517,5.888726354081307,20867500
5.74008846282959,5.836266755562626,5.726973373750001,5.7838055654019405,17006300
5.748831272125244,5.761946777112019,5.613307722630961,5.630794645692196,20339400
5.783806324005127,5.875612793445901,5.692000271485572,5.757576142405602,18601700
5.6264238357543945,5.796921679354664,5.508387187816676,5.7313453932370795,20958000
5.569590091705322,5.639537782508352,5.4734122253117174,5.512757488697579,14353000
5.521501541137695,5.635166755029957,5.416579997662294,5.626423084613097,23935900
5.552103042602539,5.639537654115745,5.490899023003852,5.578333634517058,16925300
5.643908500671387,5.7225998457149485,5.622049747390282,5.661395419912062,13387700
5.617679595947266,5.705114211849868,5.587077167690503,5.595820837741331,16830100
5.928072929382324,5.928072929382324,5.796920794096834,5.845009729702351,19139000
5.810036659240723,5.8581256012748195,5.775062807412071,5.827523585155049,13442800
5.923702239990234,5.945561002919151,5.818780678236905,5.823152097285708,12635600
6.094199180603027,6.098571016219385,5.963047447481838,6.01988005973091,17604300
6.273440837860107,6.30841468978079,6.172890700897245,6.190377626857586,25317400
6.25595235824585,6.369617140299033,6.234093601993703,6.269067445228698,15771300
6.041738033294678,6.203492188885158,6.0329947795195755,6.1772620106386835,19692300
6.16851806640625,6.194748660410724,6.076711612772313,6.081083447926583,10696700
6.321528434753418,6.352130444441384,6.255952580587459,6.308413347304449,13420300
6.2209792137146,6.308414254403144,6.164147020956688,6.295298748147158,18775200
6.31715726852417,6.32590093902959,6.181633711059423,6.194748799896395,15331300
6.290928840637207,6.31278718913822,6.2034937789480615,6.282185167699783,10796100
6.172890663146973,6.2690689638012715,6.164147408680872,6.255953873641522,14514800
6.03736686706543,6.190377358351317,6.0023925997405465,6.186005522820559,12733100
5.998021125793457,6.0679688259555205,5.923701590140969,5.998021125793457,11628300
5.980533123016357,6.1029415762410535,5.9717894536111835,6.072339567165156,19867600
6.011136054992676,6.111685767063119,5.95430344589675,5.98490545967103,13132400
6.006766319274902,6.08545771582513,5.989279388588331,5.993651225490303,12491200
6.011136054992676,6.05048173951456,5.928073267496273,6.019879725740281,13633600
6.133544445037842,6.18163379966463,5.954303366319136,5.954303366319136,16180600
6.422078609466553,6.461424291651271,6.199120438621717,6.220978780349989,26658000
6.780561447143555,6.828650384619897,6.4832833178541165,6.496398406816544,43316200
6.859253883361816,6.946688940503752,6.798049843667963,6.811164935470752,30404000
6.780561447143555,6.929200511788274,6.736843928040581,6.859252397839283,20515400
6.819906234741211,6.916084097055066,6.754329964704193,6.767445051943154,16834200
6.854881763458252,6.885483780177588,6.68438391976222,6.693127591351292,24603200
6.719357013702393,6.8286503947,6.693126835738817,6.793676546134458,20858400
6.653781414031982,6.789304978332808,6.623178982640523,6.771818053361051,17539600
6.50076961517334,6.618806655215118,6.492026362348646,6.601319732644609,20542000
6.304043769836426,6.492028563909175,6.260326240124213,6.448311034196962,21708400
6.566346645355225,6.575089899189017,6.439565920935297,6.4526814270677395,19348900
6.719357013702393,6.741215773286146,6.610063632704785,6.662524405553096,15666300
6.645038604736328,6.776190767491375,6.614436586297935,6.749960168171873,15993700
6.5357441902160645,6.58383354534635,6.492027087368094,6.500770341169221,16637000
6.505140781402588,6.5838321333419945,6.461423271009345,6.51825586775213,16560600
6.325900554656982,6.4920265318754415,6.295298126668627,6.470167773861225,20391000
6.299671173095703,6.3696188786553805,6.2122365411461065,6.36524745974881,17106800
6.662526607513428,6.688757211067361,6.465798540083479,6.509516073699601,28379700
6.701869964599609,6.706241799819169,6.570717826460911,6.627550433551719,12733200
6.789302825927734,6.819905247617342,6.64066380233007,6.6450356364173055,12331600
6.828651428222656,6.942316661724584,6.802421246289119,6.881112209010956,17689700
7.139044761657715,7.169646779844318,6.9117147094178115,6.916086128500734,23069900
7.348887920379639,7.383861774730191,7.182762320675134,7.239594521303857,37599400
7.165273189544678,7.322655911791814,7.134671178850458,7.274566561362466,26183500
7.139044761657715,7.147788433666018,7.0297513630813,7.134672925653564,15379600
7.012263298034668,7.1171848373420294,6.986032287826123,7.099697497203,18862500
6.9860334396362305,7.169646372157544,6.972918349290766,7.169646372157544,15122000
7.064723968505859,7.108441486977374,7.016634614802963,7.038493790959875,8885700
7.30517053604126,7.344516227181076,7.064725386935695,7.09095556974808,19803000
7.222106456756592,7.318284327061239,7.178388939766378,7.296425985487272,16955700
7.0734686851501465,7.2833118042389,7.051609505760214,7.261453458691401,16251200
7.182762145996094,7.252709852996124,7.082212421413854,7.095327095324834,12905200
7.069096088409424,7.147787458058585,7.038494074399715,7.11281360864144,14752600
7.016635417938232,7.121557807816375,7.003520744585269,7.082212120072673,17309100
7.047239780426025,7.108443826120898,6.990406737558571,7.055982619923447,14782700
6.819906234741211,6.972916697652039,6.802419312782227,6.968544862932016,19072300
6.824278354644775,6.894226466598312,6.728100482435818,6.754330659612388,15908900
6.802420139312744,6.846137241061512,6.719356937224119,6.846137241061512,15544800
6.876739501953125,6.924828857608376,6.754331028952904,6.802420384608156,14381500
6.776190280914307,6.93357261476649,6.741216428947155,6.885483672541956,15579500
6.824278354644775,6.824278354644775,6.666896040821905,6.73247190068448,16941100
6.76307487487793,6.841765829669211,6.728101024543764,6.736844278666714,11200000
6.675640106201172,6.78056165495862,6.666896435344131,6.763074730165712,12744700
6.588207244873047,6.706244338965928,6.513887685685969,6.701872502091086,25731800
6.732473850250244,6.741217523121829,6.623180440883057,6.671269807834232,16340700
6.780561447143555,6.806791625068411,6.680011319975178,6.723728839078153,13917000
7.090954780578613,7.130300467339554,6.70187058243419,6.714985672380773,25566300
7.130300998687744,7.296427429356386,7.03849494529911,7.064725127146942,20716600
7.174019813537598,7.261454880532833,7.139045953508023,7.187135323739662,13533100
7.283313274383545,7.353260994865486,7.160904346618848,7.16964802013974,19550400
7.23258113861084,7.412160877085502,7.201154791415741,7.3537969268914,14868700
7.308902263641357,7.349307809785916,7.268496717496799,7.335839008969831,10282900
7.452564239501953,7.533375312190235,7.358284369264461,7.367263567630601,17459200
7.187685489654541,7.362775615443127,7.183195889467183,7.35379641506841,15034100
7.142789840698242,7.219111325897241,7.1113634979051765,7.192174582975129,13035300
7.219112396240234,7.38971293511255,7.115854152809523,7.205643594630415,22693700
7.290944576263428,7.326860525651769,7.19666553023295,7.210133476063716,16239200
7.268496990203857,7.281964935221551,7.183196294442311,7.277475334781077,10832700
7.223602294921875,7.313392596752493,7.147280795256984,7.228091895643784,11847700
7.192175388336182,7.290944027646191,7.111364294217213,7.246048880213018,14887700
7.353796005249023,7.39869114831697,7.214621832411658,7.219111432348816,20529300
7.668059825897217,7.672549425058874,7.506437681291474,7.528885677099762,25616300
7.569292068481445,7.596228810191405,7.434606647324488,7.555823269474676,21784400
7.663572311401367,7.694998657778168,7.537866925894164,7.582761217116041,16533800
7.264007091522217,7.614187348464407,7.223601545520626,7.609698604511957,30322800
7.174215793609619,7.219110933575731,7.075447170727031,7.1607474228805,22227600
7.165237903594971,7.223601421466986,7.12034275810824,7.187685476338337,14477000
6.913826942443848,7.129323075120385,6.868932218077169,7.124833474238145,38550000
6.931782245635986,6.940761443939007,6.734244592638684,6.788118498001585,29126600
7.0081048011779785,7.039531571941443,6.864441031351192,6.954230887492933,15598800
7.079936981201172,7.124831694352505,6.972188727704017,7.030552240137368,18600300
7.169726848602295,7.255027103450116,7.129321306986875,7.183195219756835,17378000
7.044023036956787,7.232582438471426,7.03055466118858,7.201156085628293,17463800
6.922805309295654,7.14279058817159,6.900357735743611,7.129322215301107,16712000
6.833015441894531,6.9497420536688415,6.810567868346906,6.922805307933175,15616900
6.940763473510742,6.990147794162766,6.846484004519159,6.8958683251711825,15589100
6.801589488983154,6.990148444509395,6.788121114488967,6.9632116955210215,12314800
6.60853910446167,6.738734488526358,6.590581135216602,6.734244889177151,20130600
6.626498699188232,6.76118371564039,6.590582751887906,6.707309366538035,14226100
6.8779096603393555,6.931783576042191,6.78811980083463,6.792609400847821,12914800
6.684863090515137,6.828526898411945,6.684863090515137,6.8150585234596,16734000
6.666903972625732,6.806078155650136,6.622008826271627,6.77016220982759,12185500
6.693840980529785,6.747714901377188,6.622009086066582,6.693840980529785,15115200
6.779141426086426,6.873420891127294,6.716288306675231,6.7477146523049045,16520500
6.8464837074279785,6.963210745524178,6.8150573618450965,6.868931280623686,12396100
6.936272621154785,6.994636132201742,6.8779091101078285,6.900356680226164,10344800
6.8823981285095215,6.99463554147041,6.877908529234666,6.976677572522737,10722400
6.675881385803223,6.850971907153778,6.657923416548173,6.828524338547026,14557500
6.635476112365723,6.680371251368302,6.572623431544244,6.671392052307076,18539200
6.5860915184021,6.698328932924082,6.572623148541954,6.684860563063936,11548800
6.630988121032715,6.729756759372342,6.630988121032715,6.6669040673656434,11589700
6.60853910446167,6.7073077212336685,6.5950703064140495,6.698328950687014,10716300
6.666903972625732,6.734246264005044,6.527729361449483,6.6399667991829,18962700
6.648945331573486,6.6983296450789815,6.568134247517401,6.604050189730816,12175800
6.478344917297363,6.599561125058821,6.464876116761327,6.581603152495944,20336000
6.581602573394775,6.599560544377569,6.49181271848081,6.5187498890309,12018700
6.6534342765808105,6.711797787727353,6.563644424106049,6.595070765434268,8094300
6.60853910446167,6.662413012196876,6.586091535867395,6.644455042951808,8696700
6.8375043869018555,6.8375043869018555,6.644456288370888,6.662414260981952,19207200
6.833015441894531,6.90035773438555,6.797099495479073,6.85097341510226,12005700
6.8464837074279785,6.895868025937056,6.779141415992704,6.828525734501782,8397200
6.523239612579346,6.702819765752949,6.482834067411489,6.689350965262439,32813800
6.433450698852539,6.5726253273833,6.384066374226475,6.554667352232741,23440200
6.415492057800293,6.4514080043734845,6.3077442180807175,6.375086510867488,14930000
6.303253650665283,6.482833355979819,6.267337709602376,6.473854584789987,18389100
6.262849807739258,6.343660911113928,6.226933856939828,6.3257029357142125,13667900
6.083270072937012,6.213465502033735,6.020416944763733,6.191017925675284,25159800
6.159591197967529,6.240401868490088,6.110206447376758,6.191017546051198,19705800
6.105717658996582,6.21346551190605,6.038374929814234,6.173059960027023,17337100
6.096737384796143,6.159590502013774,6.042863467817529,6.0877586127089565,15054200
6.195506572723389,6.222443317684849,6.119185081746182,6.128163854016055,14229900
6.1910176277160645,6.348150226510883,6.173059653123961,6.312234277326677,19425400
6.1910176277160645,6.244891551492374,6.173059653123961,6.2089756023081675,12746100
5.957563877105713,6.078780096918133,5.858794804114639,6.015926972623471,39457600
6.069800853729248,6.083269226409341,5.944094614875555,5.975521388664902,20706400
5.899198055267334,6.020414227857197,5.782471053401752,6.006945859380926,27216000
5.791450023651123,5.881240291675015,5.755534087702258,5.795939622682663,24213900
5.876752853393555,5.917158403230174,5.697172679469902,5.791452153038051,21521900
5.926136493682861,5.953073666521093,5.867772975993223,5.885730948501432,17909700
6.092248916625977,6.191017996847466,5.822879281683612,5.827368454485384,37096900
6.060821056365967,6.191016454524793,6.015925914317348,6.1865268546895695,15588400
6.105717658996582,6.168570359117818,5.917158702329059,5.953074653298882,16977900
5.917158126831055,6.0787798904760555,5.912668526358504,6.060821916737722,19233800
6.11020565032959,6.1461215943549705,5.948583902215376,5.988989446281885,17337700
6.294275283813477,6.321212027265152,6.141632310414591,6.141632310414591,34977500
6.500790596008301,6.527727762854409,6.424469550939769,6.428958721954335,25761100
6.455896854400635,6.532218339036215,6.379575369765054,6.478344425437889,27327900
6.244891166687012,6.464876448922926,6.217954420534621,6.39753415539009,28261600
6.496301174163818,6.509769542990972,6.285294731163697,6.285294731163697,20986700
6.375085830688477,6.527728801414485,6.343659487827878,6.50079163028268,15343700
6.4648756980896,6.478344497753383,6.294275183866449,6.307743555378422,16372900
6.581602573394775,6.630987314711307,6.460386376298873,6.4738547474980175,18594000
6.496301174163818,6.61302775091869,6.491811575170859,6.541195879638238,26357300
6.568135738372803,6.604051688738529,6.442429912092759,6.455898286441932,21459100
6.568135738372803,6.635478038270565,6.509772211990522,6.55915653670542,17623000
6.613028526306152,6.666902864235063,6.572623415087133,6.5816021859741,17765800
6.455896854400635,6.608539823671796,6.442428483039005,6.590581852472353,24342100
6.240401744842529,6.3930447379133835,6.222443770843127,6.375086763913981,19572600
6.244891166687012,6.312233888371708,6.159590899668629,6.249380767096364,13875100
6.433450698852539,6.482835023478603,6.262849720846273,6.3526395965990705,22724200
6.361617088317871,6.388553829727462,6.294274806642109,6.3526378890801505,26679400
6.249381065368652,6.298765387772971,6.150611992408135,6.26284943908767,28236800
6.294275283813477,6.334680398990989,6.222442968921435,6.3122332554985325,16067300
6.173059463500977,6.29876528178429,6.150611888912416,6.285296908291903,19545200
6.168570041656494,6.253870741933811,6.159591268452079,6.222443965338643,20793600
5.854306221008301,6.033885995702561,5.8363482435388745,6.029396822449171,37349800
5.7510457038879395,5.795940415892271,5.656766252081521,5.755534875382121,30055400
5.629829406738281,5.809409121406244,5.611871435271485,5.809409121406244,29119400
5.746556282043457,5.769003852816056,5.6208504851294245,5.629829256547384,20678600
5.575955867767334,5.854304658319823,5.549018694677552,5.84532588605779,25561900
5.607381343841553,5.647786883137976,5.517591494378265,5.5400390637820305,17577500
5.625339984893799,5.751046217292193,5.598403240916875,5.70615107312822,15602400
5.719618320465088,5.751045086461138,5.575954572431975,5.616360108604224,16389800
5.6747260093688965,5.83185819308945,5.656768033282207,5.710641961542276,18828500
5.7510457038879395,5.81389838632436,5.5984027411392825,5.638808281649432,18014800
5.854306221008301,5.948585709760776,5.804921890005368,5.849816619602955,28287600
5.890221118927002,5.948584642267093,5.822878822539447,5.885731518327331,14659800
5.980011463165283,6.060822567743813,5.975522290362408,6.002459039787309,17552400
5.930626392364502,6.07877978005245,5.912668418952383,6.029395460207087,16055500
6.1281633377075195,6.168568879897313,6.006947139289943,6.006947139289943,22881600
6.141632556915283,6.2224432186655445,6.0832690395584175,6.164079701308679,22834700
6.208974838256836,6.33019147295102,6.195506466008093,6.213464438390361,21684700
6.1910176277160645,6.30774467664068,6.1371437039397545,6.267339126770476,17551600
6.437939643859863,6.500792336408211,6.1775488166262225,6.1775488166262225,32021300
6.46038818359375,6.4873249335276,6.289787197455656,6.384066678527973,18911300
6.500790596008301,6.6444547722679745,6.478343456480243,6.5905808667275,18644000
6.725266456604004,6.7566932274767515,6.518750000835763,6.518750000835763,32978400
6.765673637390137,6.999127748854438,6.725268085163476,6.859953116535041,40417900
6.729756832122803,6.810567926321408,6.622008991959234,6.680372512419131,23526300
6.648945331573486,6.7342455872923965,6.622008160837524,6.702819244893609,20784400
6.626498699188232,6.6534354455875455,6.527729630036402,6.563645577336729,24240700
6.66241455078125,6.73424644435002,6.626498603996866,6.6893512967936095,15550900
6.41637659072876,6.577940210587761,6.231732831083142,6.5733240065402585,32329600
6.402527809143066,6.490233916792172,6.365599060730413,6.481001509576306,14325800
6.508697509765625,6.573322591618177,6.374830702781314,6.411759446761445,14015800
6.370214462280273,6.573322552977024,6.314821346635705,6.573322552977024,16784300
6.314822673797607,6.397912144614378,6.310206469800719,6.36098339309016,17194900
6.273277282714844,6.300973624322293,6.204035548245393,6.287125453518569,11744700
6.397911548614502,6.485617655483308,6.273277133886991,6.328670256013151,19982700
6.2363481521606445,6.3332862223060316,6.194803202066138,6.319437612124272,15810300
6.157875061035156,6.204035778838422,5.991695244312195,6.1024819355359785,23876100
6.167105674743652,6.231731193752577,6.120944967073277,6.204034416970085,20928400
6.102480411529541,6.1301767472496556,5.987077985503323,5.9963099506682545,25236500
6.088632106781006,6.120945087031403,6.019390823805788,6.06555197260616,12312600
6.264044284820557,6.305589233540503,6.1024811334073314,6.111713099664336,19153200
6.17172384262085,6.30097448156605,6.116330711644335,6.250197554893947,14104700
6.176339149475098,6.296357802597694,6.148642367898573,6.194803523784312,14820300
6.254812717437744,6.277893294890177,6.1301778633298465,6.176339018234712,17733100
6.17172384262085,6.282510104573879,6.0978663346521635,6.2778943404949406,21691000
6.107097625732422,6.171723158150512,6.097865658372936,6.144026815846633,17354500
6.360983848571777,6.379448225656038,6.231733208981951,6.245581381738778,26515000
6.407145023345947,6.457921950366006,6.347135687653799,6.360983860436456,19362500
6.5363945960998535,6.5733233443085775,6.4117601809517595,6.416375944308798,14468900
6.453306674957275,6.564093393842256,6.388681565852036,6.5548609838412,14482400
6.3379034996032715,6.40252904188107,6.2871265708156745,6.388680868616359,19113900
6.17172384262085,6.245581350589536,6.1624918742375,6.236349382206186,14933400
6.042471885681152,6.134793750504604,5.973230156894531,6.134793750504604,21775500
6.056320667266846,6.125562403049513,6.028624325134116,6.074785042097139,12988100
6.102480411529541,6.213266634860635,6.070167432888983,6.162489725890214,13511500
6.084017276763916,6.144026603313722,6.056320495192694,6.120946025375272,12586100
6.033239364624023,6.139409837325768,6.010159229025067,6.120945464711383,12382000
6.028624057769775,6.037856024662782,5.931685984153499,5.991694869521545,18042500
6.065553188323975,6.088633327124769,5.977847076069414,6.02400823412186,15055600
5.885524272918701,5.908604848308553,5.82089874987219,5.876291866672617,30889800
5.927069664001465,5.977846581477659,5.876292306299877,5.894757120173468,17971700
5.853212356567383,5.913221682899193,5.8301317787127775,5.899373072051186,18818000
5.8255157470703125,5.908605653709604,5.820899543318037,5.876292667669091,16120400
5.8809075355529785,5.945533052728677,5.871675570370918,5.890139940960358,15899900
6.042471885681152,6.093248801277706,5.977846360192048,5.991694529859222,15784200
6.134793281555176,6.157873856053081,6.056319592397501,6.0655519982868,17151500
6.097865104675293,6.102481308048588,6.010159441709618,6.088632697928705,16667600
6.088632106781006,6.190186370006621,6.0609357696810555,6.097864512631217,14056400
5.867060661315918,6.000927487662448,5.83013191199449,5.987079316723267,26985100
5.913220405578613,5.922452370591006,5.862443057221866,5.917836167972154,13883100
5.876291751861572,5.927069104772229,5.834747245241969,5.927069104772229,13587200
5.8301310539245605,5.843979222825589,5.793202310038249,5.8393630197834625,15603500
5.959381103515625,5.963997306128609,5.825514309316273,5.8347467145422405,34954800
5.936301231384277,6.033239296572742,5.917836858978158,5.991694348602635,16916700
5.936301231384277,5.968614213264008,5.9039886897299105,5.931685468451771,10279600
6.074785232543945,6.116330187270911,6.00092773090731,6.042472685634276,17879300
5.954765796661377,6.093248814305325,5.940917626964596,6.0424718986002075,16990000
6.024008274078369,6.074785196092513,5.977847115719742,6.005543898780005,10821700
6.204035758972168,6.227116337912608,6.107097679602661,6.107097679602661,18574700
6.134793281555176,6.204034564823551,6.0701677610061076,6.148641450163782,11318300
6.107097625732422,6.120946237109785,6.0378563297473,6.088633250788027,12263700
6.213267803192139,6.277893332400002,6.190187225601802,6.222499770093033,15651400
6.3240532875061035,6.342517659314757,6.227115225454335,6.231731428462835,17656100
6.476385116577148,6.494849490243515,6.337902093966704,6.351750704385524,14786700
6.41637659072876,6.448689578835829,6.3563676990130205,6.444073374788326,15345800
6.356368064880371,6.471770531357715,6.342519451940749,6.471770531357715,14279400
6.439456939697266,6.481001894183286,6.3332868917667104,6.356367470950659,14096200
6.384063720703125,6.434840641987072,6.328670595604613,6.360983141855722,17417300
6.397911548614502,6.439456500265473,6.30097347483737,6.342518426488341,14700700
6.4117608070373535,6.481002106633527,6.4117608070373535,6.457921526692987,18447000
6.4625372886657715,6.485617867027518,6.4117603684502615,6.4625372886657715,13322100
6.647181034088135,6.670261612446337,6.57332353552222,6.577939739238944,24806800
6.453306674957275,6.577941568618302,6.448690910182286,6.568709158617246,15283200
6.499464988708496,6.59178684702602,6.481000617044991,6.536393732035505,21318800
6.577939510345459,6.5871719174576455,6.453304655683353,6.517930184792452,13497100
6.6610283851623535,6.69795712745945,6.619483440021788,6.642564014013806,19750400
6.619485378265381,6.697959088680837,6.587172829350356,6.633333550625325,14491400
6.721039772033691,6.767200494013345,6.637949856154659,6.674878609828569,14986300
6.721039772033691,6.730271740339434,6.670262405562963,6.721039772033691,11695300
6.845672607421875,6.85490501379767,6.739502575452426,6.748734541602855,17962400
6.813361644744873,6.891835356226151,6.804129236229208,6.877986743452654,14376000
6.637948513031006,6.850289023803708,6.573322987065269,6.74873475163623,22871100
6.624100208282471,6.72103827514308,6.499465362222242,6.5964034290828515,19831900
6.4671525955200195,6.651796316356813,6.439455817281822,6.610251369112196,20150700
6.531777381896973,6.554857956012666,6.444071728527742,6.50408104513841,11571800
6.4117608070373535,6.490234514699922,6.374832055222669,6.439457150785644,13316600
6.4671525955200195,6.504081339687378,6.388678904108043,6.393295107185302,9296600
6.365599632263184,6.508698875379376,6.34713525639904,6.499466467334582,13900700
6.384063720703125,6.416376266954234,6.310206220571776,6.314822424386342,11027300
6.481000900268555,6.541010220853724,6.444072155327738,6.485617103442498,12854200
6.457921504974365,6.490234492872628,6.420992753283875,6.457921504974365,13770500
6.347134590148926,6.439456459778739,6.264044687369394,6.430224492928457,22425800
6.245580196380615,6.310205724022889,6.139410158352657,6.291741350443009,27491900
6.328670024871826,6.333286228270093,6.231731954635153,6.296357481534731,14072400
6.374831676483154,6.393296051293497,6.273277394913557,6.374831676483154,14406400
6.407145023345947,6.448689981919394,6.314823137752441,6.31943890186301,16657600
6.499464988708496,6.504081191680709,6.397910724446548,6.397910724446548,13543000
6.43022346496582,6.517929117036798,6.416374856566195,6.5086971516623775,13702500
6.342518329620361,6.374831313869497,6.3009733786038975,6.347134533116723,12453200
6.2917399406433105,6.365597418413471,6.287123738226352,6.360981215996513,12725200
6.351750373840332,6.374830949778525,6.259428510312932,6.2732766797857,16639200
6.314822673797607,6.374832005080823,6.29174209403861,6.351751425321826,13460200
6.051703453063965,6.13479334603967,5.959381594327263,6.120945177285502,48060600
6.028624057769775,6.0655528057926045,5.945534154605709,6.04708843178119,24152500
5.922453880310059,6.005543787728964,5.908605709148715,6.000927583933375,26544600
5.987078666687012,6.093248699402543,5.963998090810697,5.968614294031034,25145300
5.917837142944336,5.987078872958854,5.645487306716409,5.94553392299522,24321600
5.853212356567383,5.903989275667189,5.723961296671756,5.890141105044588,41798400
5.751657962799072,5.7885867105357125,5.710113011539003,5.779354743714252,33951400
5.779355525970459,5.871677407808151,5.723961956642386,5.737810569087133,22778000
5.7147297859191895,5.77473911704204,5.640872283068124,5.765506709072937,26138400
5.728578090667725,5.760890638859018,5.700881746568174,5.719346122709692,19543900
5.67780065536499,5.6916488261685085,5.585478782965846,5.627023295376402,27794500
5.74242639541626,5.765506976182877,5.691649469910071,5.705497642279856,14392500
5.797820091247559,5.876293363197387,5.687033389207123,5.733194551742761,20654700
5.719346046447754,5.811667925924321,5.700881670552441,5.811667925924321,22782300
5.6870317459106445,5.7470410637767895,5.668567374276857,5.710112320509214,14850400
5.539317607879639,5.6916488068782956,5.516237029801724,5.650103854383133,33721400
5.280815601348877,5.363905501233993,5.202342345066181,5.336209161422544,48657000
5.271583557128906,5.354673455789465,5.234654811107631,5.299279896532174,23831300
5.350057601928711,5.386986350362051,5.2946644792787,5.331593227712041,38821800
5.225422382354736,5.253119161866058,5.156181093914496,5.239270992223085,32554800
5.165412902832031,5.220806460166341,5.133100361241485,5.193109681499187,22492000
5.017697811126709,5.091555298945722,4.96230469526245,4.9669208983074755,25608300
5.082324504852295,5.086940708961625,4.897680302508188,5.063860128640429,33138300
5.013083457946777,5.174647102338069,4.957690321642039,5.077709003748397,35692600
5.1192522048950195,5.179261525303638,4.939224243669164,5.059242884486401,29414400
5.086940765380859,5.091556529315929,4.953073486078297,5.054627776482621,33479300
5.220808029174805,5.359290643452647,5.19311124218394,5.299281305160352,38211600
5.257735729217529,5.345441396663207,5.211574573577442,5.234655151397486,36266500
5.2946648597717285,5.340825578517971,5.1607980270243825,5.3315936108588975,25333900
5.193110942840576,5.326977785091448,5.142334016547304,5.313129612507004,16793600
5.031545639038086,5.1607966741870985,5.013081268334702,5.068474380444854,19284400
5.2946648597717285,5.442379864120404,5.248503700800049,5.2577361086845595,32815900
5.446995735168457,5.5162370291688445,5.303896503282137,5.3685220338478,26175600
5.336209774017334,5.3546741494197985,5.174646159076698,5.290048615398456,27140700
5.142333984375,5.230039663828383,5.077708445676136,5.105405230897211,28435400
5.114284038543701,5.1984314538090715,4.978713450520766,5.034812024583209,32470300
5.016111850738525,5.048836090950347,4.950664261971403,5.030136716184275,21759800
5.0254621505737305,5.104934610946741,4.889891561554175,4.889891561554175,28573300
5.058186054229736,5.525670915310586,4.983388547789329,4.988063503398931,18663500
5.062860488891602,5.142332942764218,5.006762364833565,5.016111829262441,20833900
5.217129707336426,5.35270026618914,5.086234102954405,5.086234102954405,35645600
4.945990085601807,4.9646894633122205,4.861842662990781,4.8945669083552525,41943800
4.974038124084473,4.988062542382984,4.8898907226369674,4.93663937806963,22993600
4.768346786499023,4.9272917536870615,4.698224216658854,4.889892990328515,31288400
4.637449741363525,4.693547869787888,4.590701078095743,4.665498582661559,32631500
4.716921329498291,4.726270792926622,4.543952020706166,4.5766758114476405,20470800
4.590700626373291,4.665498123579074,4.548626922737975,4.656148659342477,25281200
4.459805011749268,4.539277464085235,4.422406263100371,4.53460250904706,23805600
4.4691548347473145,4.520578001680541,4.361633100105534,4.441105550893037,29630800
4.2728118896484375,4.4037075289480265,4.268136933930659,4.4037075289480265,26317500
4.408381938934326,4.4457806883901805,4.356958324061332,4.370983189478473,20065700
4.226062297821045,4.4504552189784885,4.212037879570023,4.4504552189784885,27366500
4.1699652671813965,4.207364022829166,4.095167755885856,4.104517221883631,36145000
4.123216152191162,4.2494372731741334,4.0904923560081485,4.20736356617981,20960300
4.076467990875244,4.151265495066448,4.05309365935842,4.132566119018647,23129200
4.1465911865234375,4.179314988255386,4.020370489965666,4.020370489965666,23977200
4.137240409851074,4.174639155938668,4.099841663763481,4.160614291784655,16338500
3.987645387649536,4.0624428874772756,3.9736209678889014,4.0624428874772756,35891100
4.006345748901367,4.076468756624177,3.931548230659738,4.006345748901367,44614000
4.062443256378174,4.090492544274799,3.926872664172484,3.936222575414128,28935300
4.399032115936279,4.464480151696692,4.296185329977995,4.356958410506605,56397200
4.375658988952637,4.464481379470773,4.328910761263231,4.3943583691940775,27988000
4.394356727600098,4.4270809651691625,4.361632935859258,4.399031682371139,24397000
4.333584308624268,4.441105598592636,4.310209979466025,4.4364306435953385,24369800
4.212038516998291,4.305535395868139,4.188664185823757,4.305535395868139,16709000
4.081142425537109,4.198013635145777,4.029719253807477,4.188664170207791,29077500
3.8941493034362793,4.179314940879554,3.889474347290892,4.165290518271749,37808200
3.987645387649536,4.071792797869875,3.964271057496301,3.9829708782815016,32979100
3.903499126434326,3.973621683697652,3.875449836031988,3.9128485926828747,28296300
3.917523145675659,3.987645695724582,3.842725640069261,3.8988237692740593,21458400
3.7492287158966064,3.903498680931923,3.7398788048868075,3.898823725427024,32956700
3.7118287086486816,3.8053257865255707,3.641705955969536,3.697804068947218,35497600
3.5248358249664307,3.6931304369059794,3.5154861366872416,3.6931304369059794,37976400
3.393939971923828,3.4967865364150934,3.3845900613286664,3.440688410328949,39417500
3.361215829849243,3.431338596332616,3.3284918127132346,3.421988908995775,37635500
3.2069458961486816,3.3331667873936084,3.2069458961486816,3.3144674126102216,35413200
3.291092872619629,3.356540680184271,3.188246317875192,3.2677185441751986,45571700
3.389265775680542,3.4593885604498738,3.3331676370307517,3.3752411295610005,51858700
3.557559013366699,3.562233744955902,3.4173134990650245,3.4500375118458417,37266900
3.8053267002105713,3.8427254511753888,3.543534997628569,3.543534997628569,51737700
3.781952142715454,3.8240258464861037,3.7258537967165464,3.8053264721245097,27333700
3.8053267002105713,3.856749871330126,3.7258540200391246,3.739878663108001,19983500
3.781952142715454,3.819350891438642,3.7352034838973434,3.7726022326205313,9495600
3.814675807952881,3.908172676612856,3.7913014793308277,3.833375181684876,13106900
3.8333756923675537,3.8707744448138093,3.791301984408442,3.8240262271701377,15163900
3.8707737922668457,3.950246239274503,3.833375046125386,3.9034980295117885,22329100
3.8240275382995605,3.875450729087357,3.7772788587990553,3.852076389337104,14787900
3.7118287086486816,3.7585771361300835,3.6604053269620964,3.7492276735478884,26752500
3.6136581897735596,3.641707256277601,3.534185723221693,3.5669097456001575,23266000
3.8053267002105713,3.8427254511753888,3.721179287625592,3.7305289753667967,31163000
3.8988237380981445,3.9595968223744626,3.833375698301734,3.9221980698703125,19692900
4.006345748901367,4.015695661595759,3.875450091978516,3.903499384233315,19426100
3.9969964027404785,4.025045250013948,3.954922686001886,4.001671359228853,25103900
3.9969964027404785,4.025045250013948,3.8474009159112166,3.903499502114933,25037100
3.9736216068267822,4.104517252572672,3.964271694930764,4.034394696665887,38245900
3.753903388977051,3.8474002740033924,3.679105880955978,3.8380508084149154,43834100
3.7352044582366943,3.810001975194228,3.6931309664051732,3.7585787937430153,23951100
3.9315483570098877,3.964272160835168,3.781953315719018,3.781953315719018,21047300
3.912848472595215,3.917523428490185,3.8520753834456003,3.903499006633607,15232100
4.020369529724121,4.034393949141254,3.884798953149819,3.898823372566952,18082900
4.062443256378174,4.127891297584761,3.982971239965734,4.104516965308958,18606300
3.669755697250366,3.88479894962097,3.6557312778459723,3.8707740843883216,40652500
3.4921116828918457,3.6183325817213308,3.487436950372162,3.6183325817213308,32402700
3.4687376022338867,3.506136354347328,3.37991545450739,3.4219891620920846,27265700
3.365891218185425,3.510811734527514,3.3425171067439905,3.436013998338074,48404200
3.230320453643799,3.4360138278594294,3.2069463433620764,3.4313390949687497,44823500
3.2864177227020264,3.300442139653721,3.1274728444889006,3.141497261440595,38977900
3.487435817718506,3.5014602336368346,3.249018517966193,3.258368202883103,31096700
3.6837804317474365,3.702479806697291,3.5248355217595417,3.5248355217595417,47491600
3.543534994125366,3.5762590126442997,3.4874368677335994,3.5014612878744713,31216600
3.5295114517211914,3.618333395806442,3.4921124685786404,3.5014621586357295,21970500
3.4360129833221436,3.4827614153094575,3.3752399102815813,3.4406879379779287,28478700
3.6370322704315186,3.6837807113544634,3.454713016460808,3.4640627046453973,29938300
3.4079644680023193,3.5388603213704033,3.351866340664916,3.524835678078981,28681200
3.4687376022338867,3.4967866663189677,3.323817326337228,3.3612160784506693,26550900
3.6136581897735596,3.6323575674429205,3.4967869678829713,3.5669097456001575,24653200
3.763253927230835,3.772603394376632,3.679106493776716,3.679106493776716,28768300
3.7352044582366943,3.7539038374760776,3.6230081828003935,3.749229327037508,18486800
3.7305288314819336,3.800651598293432,3.6463816450566138,3.7118294567207513,27581000
3.594959020614624,3.6884559143843214,3.5762596418606845,3.6884559143843214,27441100
3.6604058742523193,3.7024795767333267,3.59028311108868,3.5996327979828906,17017600
3.5108110904693604,3.5809336348438587,3.468737385513356,3.5715839473996502,22026600
3.6370322704315186,3.679105755805094,3.5248357893023003,3.5248357893023003,25630000
3.604307174682617,3.632356230865608,3.557558747710966,3.5856078038939567,21774900
3.43133807182312,3.5061355590844103,3.3892643737815966,3.487436187269088,31798500
3.4687376022338867,3.5248357304040487,3.4453632707059128,3.4500382261771656,24499000
3.37056565284729,3.4547128422656828,3.3004428835415602,3.4500381098661745,29417500
3.3331668376922607,3.4079643379545286,3.3238171501594773,3.3331668376922607,22436000
3.2162959575653076,3.249019755784639,3.146173182515923,3.249019755784639,35632700
3.05267596244812,3.178896854508399,3.0152769897256286,3.178896854508399,47934700
3.001253128051758,3.03865188481397,2.912430969284418,2.9591794152371826,44019900
2.9124302864074707,3.0012524243487015,2.8890559574545756,2.968528408397473,38560600
2.870356798171997,2.945154522667955,2.8656820657802027,2.907755548962907,32776700
2.8329577445983887,2.8656817595000055,2.8095836393093316,2.85633207280156,28953100
2.809584140777588,2.9451547335594057,2.804909185136899,2.8516576269730165,38581200
2.720762014389038,2.758160768195487,2.6319398626416435,2.758160768195487,38401400
2.744136095046997,2.80023422516354,2.697387653283211,2.776860115738724,18336400
2.856332540512085,2.879706649628538,2.7207619497285433,2.7254366823861735,26406400
2.86100697517395,2.8703566624295203,2.7301113535959702,2.8002338965556817,30281300
2.73478627204895,2.814258730591692,2.7254365841565185,2.790884399403541,17876400
2.92645525932312,2.9311299918939047,2.762835383976864,2.7721850720325802,34764200
3.05267596244812,3.06202564990021,2.93112980265682,2.9591788650130892,30229000
2.9404797554016113,3.0480012822583986,2.9030810022191034,3.0339766383578817,18851500
2.9077556133270264,2.9778783840692418,2.8563324413083255,2.9638539636692847,19906500
2.776860475540161,2.917105819003291,2.758161096411744,2.889056750310665,32555300
2.6506388187408447,2.725436314479214,2.627264489865544,2.725436314479214,30787400
2.7067370414733887,2.725436416105243,2.6132401683141175,2.659988604893753,20147400
2.641289234161377,2.659988608820838,2.5992155297205244,2.6506389214911072,23630800
2.608564853668213,2.6366139117500746,2.575841064029757,2.6132398081389057,32130200
2.6927125453948975,2.7067369645129684,2.5477920617473453,2.571166390829627,24650400
2.720762014389038,2.790884566319052,2.7020626374858137,2.753485812512603,13528300
2.837632179260254,2.870355965249412,2.730110690480005,2.7628344764691635,22239300
2.8516573905944824,2.949829221769783,2.8516573905944824,2.9311298465853577,16727100
2.8843815326690674,2.917105329192053,2.7908844298118995,2.837633092697556,16799000
2.823608636856079,2.88438172431402,2.804909259625045,2.856332658467469,16556500
2.744136095046997,2.865682266546994,2.7020626089166666,2.7908845368107826,23315700
2.8656821250915527,2.945154583624156,2.8095839977441184,2.8236084181239054,37274900
2.988304376602173,3.007614887097224,2.872441083432424,2.91588984714601,26668600
2.9062345027923584,3.0076147948827434,2.896579247840866,2.988304284979759,23244100
2.8338193893432617,2.8772681427367424,2.8145088834349123,2.872440401159961,22135700
2.8338193893432617,2.8772681427367424,2.8289918779658687,2.853129895251611,11854100
2.843475103378296,2.877268609297354,2.8000265731388505,2.814509339818857,16553100
3.137960195541382,3.1476154484735335,2.9110616365361204,2.920716889468272,57959700
3.4372730255126953,3.451756018994635,3.1572704799230897,3.1572704799230897,63828300
3.823483943939209,3.8283114554313666,3.5869298956392384,3.596585148822948,76806100
3.91038179397583,4.079348624333534,3.8814158016980027,3.987623826184932,73463300
3.712448835372925,3.939347425846172,3.6738278182880673,3.9296924017743775,42815100
3.5048599243164062,3.5724466882262726,3.4662386861685457,3.567618947133028,42543900
3.7076210975646973,3.7269316061301834,3.3214106960555485,3.408307984600237,80309700
3.8958985805511475,3.9200368307962097,3.7414145156208787,3.81382903615665,35376700
3.8765878677368164,3.9103816004550023,3.799345839350344,3.8427945954174363,26201500
4.248316287994385,4.262799055205138,3.9248649044280675,3.944175414175361,58733400
3.9538304805755615,4.412455897611817,3.944175455799457,4.320730630045016,69358400
3.7848639488220215,3.9103825041571905,3.7655534372626813,3.9055547611676276,51065200
3.6834826469421387,3.9538297352982155,3.668999652109081,3.9103814413972215,45621900
3.697965621948242,3.837966915768255,3.6545170953761255,3.765552628081591,33917100
3.557964563369751,3.7365868838191103,3.5483093090265267,3.673827845687864,34561700
3.4372730255126953,3.601412544044273,3.4083072687481883,3.548308541542991,39119300
3.442101240158081,3.53865377598604,3.384169718661306,3.4227907329924894,34702300
3.4372730255126953,3.475894034532038,3.4034797577204565,3.446928277767531,26605500
3.224858283996582,3.446929387556169,3.2152030286330975,3.4372741321926843,48592300
3.19106388092041,3.224857147685482,3.1427876211136176,3.19106388092041,37951900
3.19106388092041,3.268305896611278,3.152442873074976,3.229684888765844,36176300
3.2103750705718994,3.263479082801949,3.152443546429707,3.205547328460343,32613700
3.1717538833618164,3.2586511648870187,3.1669261415107153,3.2345129160303174,20093300
3.157270908355713,3.2731341813354273,3.1379604012256612,3.210374918063057,43984500
3.205547571182251,3.229685823168937,3.0848567716476842,3.1138225359120484,25904800
3.137960195541382,3.1572707014056856,3.080028677948471,3.1524431900393037,24667300
3.041408061981201,3.1476158580550946,3.041408061981201,3.1186500954894876,21601000
3.0365800857543945,3.0993393482426552,3.0027865835993155,3.0558905926431823,31681200
3.287616491317749,3.3020994847594003,3.108994210000485,3.118649462228462,46605300
3.215202808380127,3.345548861957715,3.1910647867246804,3.2972725884473917,26246200
3.1283044815063477,3.2393399889594803,3.080028223961367,3.229684737450484,24590300
3.142788887023926,3.195892679101837,3.080029608896077,3.108995376447517,30784400
3.123476982116699,3.1765809846211304,3.113821729861291,3.166925732365722,29118100
3.1041669845581055,3.2200302607444073,3.0945117307258645,3.128305234238413,24257500
3.2683067321777344,3.3407212555009065,3.2296857144585553,3.2441684810035354,33148800
3.3117547035217285,3.3358927187480685,3.2345124562790812,3.273133695000089,32750600
3.287616491317749,3.3069269957737033,3.2345124889641887,3.287616491317749,15201600
3.123476982116699,3.229684987125561,3.118649471088681,3.2055467413873546,27510200
3.0752015113830566,3.1138225303330116,3.0462357471705905,3.099339763326494,29705400
3.0800282955169678,3.0945110580172503,3.0027860514511433,3.065545302817326,29557200
3.224858283996582,3.224858283996582,3.0655464553993665,3.1283057303617383,29258600
3.142788887023926,3.1620993987248855,3.0993401205970366,3.1620993987248855,23711000
3.0848565101623535,3.1910645336618177,3.0848565101623535,3.1814092797254494,14984900
3.108994722366333,3.1331327418145634,3.0752012188995197,3.0848564727186933,20308900
3.089684247970581,3.147615771508923,3.0607184862014103,3.1234775216015747,22875300
2.973820924758911,3.0607184389235598,2.949682905423826,3.0558906969368977,30822800
3.0076146125793457,3.0220976092284304,2.925544835366518,2.9496830863818517,14747600
2.95451021194458,2.993131224357023,2.9207169411833886,2.9255444526352483,17049900
2.843475103378296,2.944855390936044,2.814509339818857,2.920717369736225,36936400
2.7807159423828125,2.8772684833546815,2.761405203989023,2.8531302330120063,20120200
2.824164628982544,2.8386476260396383,2.7469225918765168,2.771060613372436,25475100
2.708301067352295,2.7131285786698203,2.6455418088287663,2.6889905616834224,28939500
2.7131283283233643,2.7420940841539374,2.5103678073099873,2.6455415647186933,51111900
2.5682995319366455,2.6600245398843145,2.553816539018861,2.611748050291274,47688100
2.6165761947631836,2.8000262389434902,2.5731274395101114,2.6889907101185044,33092200
2.621403932571411,2.7372672131786757,2.6117486783707573,2.717956704777368,19275200
2.8483030796051025,2.8627858474742536,2.5779557006533547,2.6455424878414306,66531100
2.7517499923706055,2.8000264938012,2.7227842296319,2.790371239554965,25711500
2.645542621612549,2.756578178421449,2.6310596228116245,2.751750435421322,30076800
2.6938183307647705,2.7083013265019544,2.6455420619731704,2.6889908189853142,23157700
2.6358869075775146,2.684163178188942,2.606921145210658,2.684163178188942,18915900
2.611748695373535,2.6986462139445506,2.611748695373535,2.645542200395532,23290900
2.679335832595825,2.7372673609266873,2.606921307082532,2.6117488193437217,23637400
2.60209321975708,2.631058980083574,2.544161699104092,2.5779552012513687,36931800
2.5489890575408936,2.63588632545048,2.5393338055509393,2.5731270724160957,26967900
2.4379537105560303,2.529678495606415,2.394504958543146,2.5248509843824176,36492200
2.4089877605438232,2.529678535646004,2.370366749343027,2.4089877605438232,29217400
2.606921434402466,2.616576689595831,2.4476096086122188,2.4669201189989494,40946800
2.679335832595825,2.708301596761256,2.6262318165261527,2.679335832595825,28164300
2.5055408477783203,2.857957966564853,2.481402597508242,2.785543445954034,42924500
2.539335012435913,2.5683007821725106,2.433126959868915,2.5345072690467427,28893000
2.462092161178589,2.5151961752018845,2.433126398129361,2.491057924227817,21766700
2.524850606918335,2.5538163605300963,2.4862296021026533,2.505540104510494,15684900
2.621403932571411,2.6745079457747165,2.577955403768178,2.621403932571411,30204600
2.6938183307647705,2.7083013265019544,2.56830003190661,2.5876105394232503,30395000
2.5489890575408936,2.6648520814203422,2.5441613164462336,2.6407138363457743,23917600
2.7227835655212402,2.746921810349009,2.5248507866512426,2.5441612904337125,33728400
2.5682995319366455,2.6407138059274806,2.4958850277464477,2.616575791330323,38553600
2.6358869075775146,2.6503696736612348,2.5200236279106725,2.5248513700715236,39225000
2.5441620349884033,2.6551975793320857,2.5296790378133878,2.6407145821570706,19986700
2.524850606918335,2.5972651060474115,2.5200228662167015,2.5345058581222553,16086600
2.5055408477783203,2.548989606184695,2.486230339642024,2.5007131056445386,18851000
2.452436685562134,2.476574934358371,2.42347092512629,2.4717471925193633,19479700
2.3414013385772705,2.4282988568803807,2.3027803216422966,2.3993328639797316,29744900
2.4089877605438232,2.4282984963436065,2.3269182268418236,2.370366749343027,27715400
2.2931249141693115,2.3800221964660473,2.2931249141693115,2.3462289240059073,24142400
2.0903642177581787,2.2400207533958976,1.9938116883788077,2.0710537118823042,32345300
2.0710537433624268,2.2400207874443274,2.066226231919774,2.225538022916977,27214900
2.1434683799743652,2.1434683799743652,2.02760510608957,2.075881604491221,21243200
2.413815975189209,2.413815975189209,2.201400141748627,2.201400141748627,41342700
2.3317463397979736,2.5007134224993806,2.3172635719604084,2.3751951037095576,29223100
2.389677047729492,2.4138152927366043,2.2400205272037463,2.2545035202478867,16617400
2.2738144397735596,2.365539465286649,2.249676190354544,2.25450393231811,23584100
2.3317463397979736,2.3655398484180328,2.220710788845716,2.3317463397979736,24354900
2.4041600227355957,2.4620915340787755,2.346228511392416,2.346228511392416,20620200
2.2834694385528564,2.3751944538248853,2.268986444478586,2.346228695875726,14348600
2.4089877605438232,2.423470754843814,2.355883985242421,2.404160249243416,18658100
2.4089877605438232,2.548989271445787,2.404160249243416,2.5055405187451987,16797800
2.5055408477783203,2.5151961018464686,2.3848500568267603,2.3848500568267603,27481500
2.4041600227355957,2.5538165421384917,2.3751942670640056,2.5489890312929084,23118400
2.4282989501953125,2.4476094594048656,2.3269186617454443,2.404160698583657,23271700
2.336573839187622,2.384850110617238,2.3076080763298523,2.3462290934735455,23718400
2.4282989501953125,2.4282989501953125,2.3414014285528952,2.3607119377624484,25491700
2.4862310886383057,2.558645631064564,2.375195518304572,2.380023031693264,23804600
2.4041600227355957,2.5296782973124854,2.3993322816906493,2.4379535194521322,28482000
2.4427809715270996,2.4669192157723665,2.384849461577688,2.4379534607976607,16794000
2.3027799129486084,2.3607114280694765,2.2448483978277403,2.3027799129486084,22251900
2.2158823013305664,2.317262552384863,2.2062270502872687,2.3124348117635427,20916800
2.2593319416046143,2.2641596846312866,2.1145031037963133,2.1434688713579733,21729900
2.18208909034729,2.297952348080447,2.172433838052808,2.2641588499500735,15114100
1.9648460149765015,2.0903643086259414,1.9600182731979776,2.080709055268292,21539400
1.945535659790039,2.003467184447955,1.945535659790039,1.9986394422934204,20470000
2.0276052951812744,2.042088292092315,1.969673767935964,2.037260549722159,27479300
2.0565710067749023,2.1048472728542533,2.0324327586355295,2.0324327586355295,26243000
2.1627790927886963,2.191744856462721,2.0131225320398545,2.032433041155871,41732800
2.2351930141448975,2.254503518052033,2.1869167543770587,2.1917442652541603,37179600
2.3124353885650635,2.322090642016716,2.2400208725779702,2.254503867855149,42434900
2.491057872772217,2.5827829022997992,2.428298835894959,2.4572645983458665,37936100
2.5441620349884033,2.55381728970527,2.452437000078454,2.4669199972534694,21284800
2.645542621612549,2.669680876214271,2.602093855409232,2.6214043670108267,27385200
2.5345067977905273,2.6551975976853144,2.500713290948191,2.6503698551937953,15205500
2.2931249141693115,2.457264455373661,2.2882971722753465,2.457264455373661,29950600
2.355883836746216,2.384849593321042,2.3076075757881727,2.3462285845546074,18860400
2.413815975189209,2.4186437176353137,2.2979529188758536,2.360711959279206,17037400
2.358184337615967,2.4172619687004695,2.318799250226298,2.41233895015358,27767700
2.2646446228027344,2.3237222534989086,2.2252595356719516,2.3237222534989086,22270300
2.195720911026001,2.244952274215308,2.195720911026001,2.240029255273206,20374300
2.2203359603881836,2.2744903242364973,2.1858739004136023,2.2400284990154935,19066000
2.3286454677581787,2.387723097464699,2.2892603812871655,2.3089529245226723,39527400
2.3286454677581787,2.4271081839357125,2.3089529245226723,2.3828000790326387,45347600
2.2646446228027344,2.328645506767075,2.230182788940118,2.318799234984379,17473100
2.116950511932373,2.2203364813606856,2.102180987119629,2.2104899749831004,34938000
2.087411403656006,2.1514122847902506,2.048026318266817,2.0923346567064676,40429300
2.062795639038086,2.092334450164088,2.0234105575367503,2.043103098287418,25043000
2.146488904953003,2.161258192109494,2.0726417649097857,2.1071038261975765,23081600
2.230182647705078,2.235105665907838,2.09725786967985,2.131719701360036,20954800
2.3237223625183105,2.348338160506739,2.1957208233379664,2.2006438420834633,37332300
2.24495267868042,2.3877237750287974,2.2006443264503375,2.3828007551997326,35922900
2.1612586975097656,2.2252595828304353,2.1464894068995446,2.200643785475211,24958900
2.038180112838745,2.067718927835987,1.9840257360539524,2.0529496377141827,65212200
1.9938719272613525,2.0381800305924416,1.9791024029819066,2.0234107410666198,23976300
2.0234105587005615,2.0332568290815587,1.954486548656779,1.9741792067955752,28682000
1.988948941230774,2.0726423756235075,1.9594101234604542,2.0677191219516264,25526000
1.9347941875457764,1.974179390103592,1.9249479162505256,1.9446404588410273,21376800
1.9544867277145386,1.979102405922165,1.9200247782238615,1.974179387657452,14321600
1.9594095945358276,1.969255864468024,1.9151013798409438,1.9495633246036312,20712200
1.8511009216308594,1.9200249439377333,1.8461777855644272,1.9101786718048688,24563900
1.9200241565704346,1.9298704246655218,1.870792698718223,1.9151010225228908,20917500
1.915101408958435,1.9347939491222361,1.8954087514178357,1.9249476790403355,13685100
1.870793104171753,1.9446402482664378,1.8658699690572271,1.9052550499734326,21648900
1.8658705949783325,1.8855631420424563,1.8363317743821466,1.8511011846802394,28283900
1.915101408958435,1.9397170841631866,1.8412542659673825,1.8511005360492832,17142700
1.8363312482833862,1.895408872550345,1.8363312482833862,1.856023789705706,15140500
1.7575610876083374,1.8314082404613254,1.7477148162115141,1.8166388333660906,19133100
1.6590983867645264,1.6984835928265916,1.6246364341649395,1.63448270633625,51806500
1.6541751623153687,1.6640215513375232,1.6049438040886796,1.6640215513375232,28129700
1.6541751623153687,1.6640215513375232,1.5754049891526662,1.590174396620673,29916200
1.6837140321731567,1.7230991172935728,1.6492519653159803,1.6541751009560324,25280600
1.6147902011871338,1.644329018418019,1.5950976563665435,1.6295596098025764,20727200
1.5852510929107666,1.6147899047184495,1.5754048223082058,1.600020498814608,16581100
1.5360196828842163,1.5507892067452802,1.472018921452445,1.4818651924419484,39171900
1.6197129487991333,1.6443286239192056,1.575404733583003,1.6000204087030754,20413800
1.6098668575286865,1.6590982132360304,1.5901743152457488,1.5901743152457488,16730300
1.5507893562316895,1.590174443986179,1.5064810151310684,1.5803281720475566,14025300
1.5754051208496094,1.6000208020207167,1.5409431672100593,1.560635712146945,15983600
1.6394059658050537,1.6590985116297532,1.619713419980354,1.6492522387174033,16761400
1.6984832286834717,1.7083294987438098,1.6098666807636322,1.6640212834722887,18849700
1.5901744365692139,1.6984835447657,1.5852513006228655,1.6935604088193517,20451100
1.5754051208496094,1.6443290281287097,1.5557125759127235,1.6049439382549382,28289100
1.511404037475586,1.6049437312371633,1.5015577662771895,1.6049437312371633,22447300
1.5458660125732422,1.5655585538047683,1.5114039480412675,1.5310964892727934,12473200
1.6886370182037354,1.6984832886114818,1.6000204671572158,1.604943602361089,19734000
1.6246362924575806,1.6935603090217455,1.6147900211451016,1.6787909020530272,9744900
1.595097303390503,1.6295592492005175,1.5901741682747865,1.6147898438533685,14109200
1.6394059658050537,1.6443291022612285,1.6098671470680044,1.6344828293488787,13468700
1.6098668575286865,1.6394056709530929,1.604943721957952,1.6098668575286865,13074400
1.6197129487991333,1.6394054888951912,1.5852510036310319,1.595097273679061,7986000
1.5557122230529785,1.595097303993601,1.5507890879354007,1.5606353581705563,12576100
1.5507893562316895,1.5803281720475566,1.5310966949776244,1.5754050360782454,11532000
1.432633638381958,1.491711256108162,1.4129409817630973,1.467095582055577,25293700
1.3341712951660156,1.3981720702666465,1.3292481586198133,1.3587869778970274,26596900
1.280016303062439,1.3735559875799863,1.280016303062439,1.3735559875799863,25245400
1.2504774332046509,1.3194014388968542,1.2406311634453067,1.3194014388968542,20068800
1.1667841672897339,1.26032385895798,1.1323222188665727,1.255400723468957,30695000
1.0978604555130005,1.2160158445441656,1.088014182875139,1.196323299268443,32456400
1.2012461423873901,1.2209386828565605,1.107706457782031,1.122475863133909,23804600
1.1667841672897339,1.1913999621116578,1.1077065414214577,1.1175528123995038,32393600
1.1470918655395508,1.1963233481158713,1.127399319459756,1.1766308020360765,27375200
1.1470918655395508,1.161861275099397,1.07324481774032,1.0880142273001663,34262800
1.0830910205841064,1.181553861978448,1.0535522033788518,1.142168654994616,33259100
1.1175528764724731,1.186476894647244,1.088014061844778,1.1470916911001683,30802500
1.0584752559661865,1.1077066140859464,1.0535521201542106,1.0880140708380426,27396400
1.0929371118545532,1.1027833826244928,1.048628893389825,1.0781677056996437,25296100
1.1372451782226562,1.1766303734117947,1.083090696230678,1.092936965683765,23678600
1.1175528764724731,1.1914000304185266,1.107706604929908,1.1815537588759615,18840200
1.2061692476272583,1.2110923826226023,1.1224758353296127,1.1323221053203008,26000900
1.1667841672897339,1.2012462330897038,1.152014760822665,1.1717074201555657,22854100
1.0633983612060547,1.1421685319330723,1.0535520898651776,1.1273991249217565,15003500
1.142168641090393,1.1569380495132247,1.078167871258123,1.1273992326675615,25616100
1.3243248462677002,1.3637099334088956,1.260323962286439,1.260323962286439,44367200
1.2849395275115967,1.3637098121677007,1.2603238502368166,1.3095553221631846,23861300
1.2406314611434937,1.2898628217536234,1.2357083250824807,1.2455545972045066,16618800
1.2160155773162842,1.2406312535014716,1.1717073601829469,1.2160155773162842,18537500
1.280016303062439,1.3144783662279353,1.2012461412597042,1.2455543572737424,27337700
1.1717075109481812,1.2554008207467526,1.1717075109481812,1.2258620055237275,20977700
1.2947860956192017,1.3095555040352564,1.250477752994213,1.2849397059650076,19006400
1.363709807395935,1.3834023491468528,1.3144784530186406,1.3243247238940996,24869900
1.5064808130264282,1.5852510953446588,1.4178643774673239,1.4424800540115195,40919200
1.417864441871643,1.4966346103910833,1.398171782364973,1.4917114748586182,24922500
1.4474033117294312,1.4720189903554117,1.408018108551048,1.4227876331034506,42926700
1.6443289518356323,1.6443289518356323,1.5557125037312454,1.5704819117486433,40073600
1.5310968160629272,1.624636524254157,1.5163274069869692,1.6049439788195463,21844900
1.4424803256988525,1.4670960068793464,1.3981719821971372,1.437557189462754,30810600
1.37847900390625,1.4523261416095519,1.3390939263987767,1.422787333478947,28094100
1.3341712951660156,1.4129414799052535,1.3292481586198133,1.4080183433590512,25244800
1.4474033117294312,1.476942126080608,1.3784792941998711,1.4030949728258517,29797400
1.5754051208496094,1.6000208020207167,1.4720191425541325,1.5163273686621255,36163800
1.7870997190475464,1.7920228539191598,1.5852509545578122,1.5950972243010388,46431700
2.0234105587005615,2.092334451367542,1.757560906283231,1.7969461051840216,76578900
2.1563353538513184,2.3975690986536335,2.082488207670787,2.166181624358482,86220500
2.2892603874206543,2.4074156471502612,2.141566078005012,2.3335684924424402,81139500
1.969256043434143,2.16125844193796,1.9544866371936038,2.077565022531431,58891300
1.9347941875457764,2.003718203989344,1.8511007641593324,1.9791024083744049,34581300
1.9101784229278564,1.9249478292028481,1.7624841254243238,1.9101784229278564,44173200
1.8855631351470947,1.979102850736455,1.85602431465893,1.9347946200042079,32108300
1.8314080238342285,1.9101783030683286,1.782176555296616,1.8707931047628785,29205200
1.742791771888733,1.767407451671406,1.6984835482799214,1.7132529561495253,35139200
1.9594095945358276,1.9741791168109186,1.742791421273914,1.742791421273914,40749100
2.0775651931762695,2.141566076185583,1.964333069364929,2.092334718006739,53735500
2.0529496669769287,2.166181910123851,2.008641326472678,2.0972580074811793,32519500
2.082488775253296,2.1317201412071283,1.993872316536398,2.0972583024162805,22547400
2.082488775253296,2.12679712198858,2.018487882136479,2.038180428518012,21909800
1.8904861211776733,2.0627961283750382,1.8609473030444665,2.033257310241831,34686400
1.988948941230774,2.008641486410987,1.8215621898221341,1.8314084624122409,27876000
2.033256769180298,2.082488119634892,1.9791021663034463,2.072641849543973,22909500
2.028333902359009,2.062795971605512,1.915101774787195,1.9791025425451767,23875600
2.087411403656006,2.210489912874033,2.0726421140118734,2.1267967237988206,32369700
2.0726423263549805,2.1366432140461438,2.018487711019869,2.0923348710670844,25905700
2.1267967224121094,2.1858743504573726,1.9791024175453253,1.9987949602270798,31577500
1.9987950325012207,2.166181886102276,1.9987950325012207,2.1366430710115547,21931000
2.033256769180298,2.072641849543973,1.94956335603069,1.9594096261216087,16075100
2.0184879302978516,2.07756557085205,1.9840260906847405,2.0086416568721517,23712100
2.003718376159668,2.0529497368661467,1.9544868980763666,2.0135646483009637,20989600
2.205566883087158,2.2154131543831608,2.062795831918311,2.0923346458063183,32961700
2.4024922847747803,2.4221848252439506,2.289260059700251,2.304029347675329,49170100
2.6191108226776123,2.663418927412618,2.4172619031488676,2.466493495804523,58479700
2.776650905609131,2.850498052861452,2.668341928458373,2.737265823008855,51141000
2.584649085998535,2.752035959070088,2.505878903260704,2.747112705272143,49868700
2.6043412685394287,2.624033811478002,2.4861860109079887,2.4911090292658176,25278800
2.5944952964782715,2.663419204717187,2.5206481345597487,2.5501869523764262,22829600
2.8258821964263916,2.8948063242077215,2.7028036986429367,2.7224964742616056,37443500
2.9883458614349365,3.0818855432487764,2.840651577570222,2.9144987195025793,57948600
2.722496747970581,3.0818860070199774,2.7077272234601115,3.0375776682421964,74901800
2.6683425903320312,2.811113667548734,2.6191112248700072,2.7668053212560784,47931500
2.505878210067749,2.6043409112526206,2.4812624173947326,2.5895716234516883,33771100
2.579725742340088,2.643726630962041,2.3975695837271322,2.5009555623460864,38790500
2.752035617828369,2.7569586362622176,2.5354174074054874,2.5600329690819947,43179100
2.7668044567108154,2.939114299362959,2.717573106632145,2.8603441392370863,50997900
2.7914206981658936,2.973576840136127,2.7815744265662494,2.8308057845644705,49083000
2.78157377243042,2.8308051188510266,2.678187827570357,2.766804251127449,29650800
2.5649564266204834,2.663419150678339,2.530494355823408,2.658496131852272,39852900
2.392646551132202,2.510801820445569,2.372954006246641,2.4221853684605437,53146400
2.279414176940918,2.476339849861412,2.24987536121589,2.4517240527137356,49549000
2.3532612323760986,2.422185132768896,2.2547982827756154,2.264644554260301,39798100
2.121873617172241,2.2154133188032605,2.0431034409581796,2.2154133188032605,53759700
2.2400286197662354,2.2400286197662354,2.1267963991785304,2.195720288089519,28067400
2.2646446228027344,2.328645506767075,2.1957207203238647,2.289260419636292,24711500
2.1858742237091064,2.279413913400339,2.1218733463276926,2.2104897832571493,30936100
2.033256769180298,2.225259153330012,2.0283335167580403,2.1711045504531605,38125100
2.082488775253296,2.1907977803517267,2.057872974899545,2.1120275948255953,23886400
2.121873617172241,2.205567046776503,2.0184876435144643,2.0874115477017683,31873500
2.033256769180298,2.1317194700894855,2.0184872466671213,2.0283335167580403,21786100
2.028333902359009,2.043103427679979,1.915101774787195,1.9495637266568775,32261200
1.9594095945358276,2.126796418136759,1.9200245148070418,2.077564833722185,30157100
1.969256043434143,2.0135643795325677,1.89540889485464,1.905255165681666,30779900
1.9249478578567505,2.0431032271922995,1.910178451361908,2.0381799743172095,32215100
2.003718376159668,2.018487666994789,1.9249480816524793,1.9495637620057187,24162700
1.9987950325012207,2.131719817786284,1.9692562174104993,2.072642187604841,26262900
1.9594095945358276,2.00864094419681,1.9347939197053365,2.0037179266075076,15536100
1.9347941875457764,2.0381800361459095,1.9249479162505256,1.929871051898151,25392100
1.984025478363037,1.9938717487499225,1.895408810127465,1.9052550805143504,18610800
2.0431032180786133,2.048026236178125,1.9446403911754016,1.9495635266517217,23434000
2.2695677280426025,2.2744907462360375,2.1120271550411234,2.11695040798818,42428800
2.4024922847747803,2.407415302515273,2.2794137894656656,2.333568158379084,45512700
2.363107204437256,2.481262447282319,2.3434146639630784,2.353260934200167,35749100
2.4861862659454346,2.5009555572876105,2.397569578877767,2.4418779224116007,35124500
2.279414176940918,2.4418777808053926,2.240029089307547,2.4418777808053926,37814400
2.171104907989502,2.20556697635971,2.131719821139913,2.1514123645647074,22147100
2.151412010192871,2.2203361355803857,2.097257642071591,2.1071039121621506,17992400
2.082488775253296,2.200644053542493,2.0431036824902304,2.121873868016362,18625400
2.1317193508148193,2.2154127592815858,2.107103794341618,2.1661814115816007,16094600
2.1760287284851074,2.2055675513226887,2.0726427311767237,2.112027828293499,23255000
2.195720911026001,2.3040299100424764,2.176028365750278,2.249875527911067,24479900
2.2744903564453125,2.3384912252671683,2.2597210696424725,2.3040291648045734,17867600
2.279414176940918,2.2941834674266124,2.2104900388288793,2.2941834674266124,15779700
2.308953285217285,2.3877234704644468,2.29910701206139,2.338492104684971,26368300
2.441877603530884,2.456646892944363,2.3483379098155677,2.397569265783202,19944700
2.2400286197662354,2.338491318210505,2.210489575479364,2.2301823499218085,32268900
2.1563353538513184,2.2646443294301197,2.126796542329827,2.249875041046177,18258100
2.313876152038574,2.3483382231915497,2.240029225609369,2.240029225609369,23100300
2.387722969055176,2.446800595584556,2.3680304268787156,2.422185035240791,24353900
2.4911086559295654,2.530493735904168,2.4221847659740106,2.4615698459486133,32573800
2.5403401851654053,2.5748022499519103,2.4566467669364718,2.466493272378568,34514300
2.417261838912964,2.5698791617304266,2.3926462779928976,2.510801533817917,21734700
2.417261838912964,2.4221850919491525,2.3040296013705075,2.3729537353553942,18514200
2.3729536533355713,2.4861858869642184,2.32372206368985,2.4615700921413577,18245200
2.4369542598724365,2.500955137625547,2.407415447391066,2.4664933071074215,16300800
2.5206480026245117,2.535417528136615,2.4714166421735726,2.491109186353948,14217000
2.6338796615600586,2.70772680314192,2.6191103740958415,2.62895664398985,31326500
2.688035011291504,2.6978812839252084,2.560033232299691,2.6535729396967103,32299000
2.6289572715759277,2.7224969752756545,2.5994184548423793,2.7224969752756545,29253400
2.638803243637085,2.678188328134805,2.5944949062003393,2.6043411773247693,14320800
2.6781883239746094,2.6781883239746094,2.569879107020501,2.589571883992392,15857200
2.560032606124878,2.6191104622305286,2.486185696811614,2.609264192005187,36039300
2.5452632904052734,2.60434091111303,2.4861856696975173,2.5108012276156173,29301200
2.614187002182007,2.6732646188434623,2.569878672309125,2.594494463294855,31639200
2.614187002182007,2.6191102542805855,2.5157243077462477,2.604340732738431,17232900
2.6240336894989014,2.633879960510481,2.5501865395352468,2.599418129346762,28924800
2.7914206981658936,2.8209595129648264,2.6240338462183104,2.653572661017243,39581700
2.8406524658203125,2.884960811785323,2.8012673737419322,2.8308061928007175,30641300
2.8554227352142334,2.8800383067871067,2.7766522958213473,2.8406532044675274,30650300
2.830806016921997,2.865268087726275,2.756958856486345,2.850498561737684,33007000
2.717573642730713,2.8849605007723658,2.7077273707725946,2.865267956856129,28353500
2.72741961479187,2.816036052671,2.673265007600039,2.7520354093573247,22449400
2.8504979610443115,2.8849600245863027,2.6535723196324787,2.6781881128415588,35992600
2.914499044418335,2.948960875676026,2.8160360992804288,2.820959352176452,27155900
2.963730812072754,2.9883466104714147,2.9095761964478912,2.9292687412653593,28812700
2.968653678894043,3.0277313056497404,2.9144990703245104,2.963730425954258,23004600
2.9883458614349365,3.0375772111386437,2.973576339147028,3.008038401316419,19741400
2.8554227352142334,3.017886399659362,2.8455764596343385,3.008040124079467,25213500
2.8948066234588623,2.9046528949092547,2.811113198753714,2.8948066234588623,17709000
2.776650905609131,2.884960117513498,2.756958364308993,2.825882258859475,22953700
2.8554227352142334,2.8898845823670016,2.8061911225610316,2.8160373981409266,15621000
2.9292688369750977,2.998192980841887,2.8948069997953625,2.9046532725258096,23436400
2.939115047454834,2.948961319976736,2.8209597771920074,2.8554218483954923,18848400
2.909575939178467,2.968653803160762,2.8603445814879134,2.9637305500148914,14388000
2.939115047454834,2.9538845736145145,2.8554218483954923,2.884960665961199,20636200
2.8455750942230225,2.8898831956950333,2.806189776048236,2.884960177644194,19763500
2.889883518218994,2.94403813134381,2.870190974310632,2.904653043527086,17883700
2.7717278003692627,2.8751137563157965,2.7569582774824997,2.8357286749558983,22830200
2.776650905609131,2.8308055115613144,2.756958364308993,2.78157415831097,21084100
2.6831114292144775,2.8701908211120553,2.643726343499962,2.816036210877782,31588100
2.761881113052368,2.776650398955726,2.6683414415680256,2.678187710421453,21267200
2.6781883239746094,2.761881745779069,2.668342052865474,2.707727137302015,22226300
2.5944952964782715,2.663419204717187,2.5501869523764262,2.6584961857912353,32234900
2.6535725593566895,2.6732651018015403,2.569879136589262,2.6043412032445628,19249800
2.7569580078125,2.7864968159431047,2.6781878527975533,2.7028034088629345,25964800
2.8160362243652344,2.8160362243652344,2.678188423704205,2.70280398501686,24588100
2.776650905609131,2.78157415831097,2.7224965344105567,2.7274195523587865,19978300
2.72741961479187,2.811113034610078,2.707727073040952,2.79142049285916,21195100
2.555109739303589,2.6880345125735507,2.535417197689788,2.6781882417666503,26480500
2.658496141433716,2.668342413874988,2.491109275178433,2.5009555476197054,26580000
2.4369542598724365,2.569879033415413,2.392646158527187,2.569879033415413,40403000
2.47141695022583,2.510802043495776,2.422185583638398,2.4418781302733708,16760000
2.4763402938842773,2.520648408039714,2.41233939762748,2.4664940202104377,22876100
2.4763402938842773,2.4911095870181956,2.417262417087559,2.4418782186489985,21449500
2.5009548664093018,2.5551094674624886,2.4812623268906133,2.540339945446678,23949400
2.5157251358032227,2.545263953856723,2.481263064030643,2.5206481547686437,14542100
2.6929574012756348,2.6978806538194613,2.599417950478956,2.624033508937281,31832600
2.6683425903320312,2.771728575179115,2.643726790224185,2.742189755901901,26226700
2.6683425903320312,2.732343482809496,2.648650044147222,2.65357306331659,15016500
2.6486496925354004,2.692957798192427,2.633880167480634,2.658495964320699,13172100
2.6781883239746094,2.6831113421523667,2.5944949021701493,2.61418744438842,11258500
2.78157377243042,2.786496789695692,2.673264575551508,2.7126498874415703,18909100
2.722496747970581,2.8258824805293568,2.702803970372079,2.7864973948396083,19621200
2.7077271938323975,2.7520355321253605,2.6732651268541345,2.7372660077764976,13523300
2.7864975929260254,2.8061901371708022,2.702804162508901,2.7274199601916944,16082500
2.6831114292144775,2.806189939449153,2.6535726149285908,2.781574378254395,22742400
2.722496747970581,2.74711230914986,2.688034680615237,2.7274197663049855,16024400
2.7126498222351074,2.74218862937742,2.688034032239728,2.6978803012871655,13134000
2.7421891689300537,2.8012667948387815,2.692957579252496,2.7914205238539935,32938700
2.8997299671173096,2.9243457658816605,2.771728423902187,2.7914209690122056,31308100
2.8455750942230225,2.9144989902100726,2.801266757997397,2.909575737405619,25446900
2.865267276763916,2.9243448944901203,2.8111126764714363,2.8209589460924707,24206200
2.722496747970581,2.7815743765052034,2.712650476548144,2.7815743765052034,49022000
2.747112274169922,2.830805697571754,2.737266002872861,2.8012668836805705,29115100
2.79634428024292,2.830806355164948,2.7569591859055613,2.7569591859055613,13345200
2.875114679336548,2.904653499839552,2.8209600577042013,2.8652684058355464,23689000
2.875114679336548,2.924346046841555,2.8504988782072056,2.8849609528375493,15130100
2.968653678894043,2.9883462211459424,2.889883275132826,2.9144990703245104,26151200
3.081885576248169,3.1311169264790224,2.934191290802013,2.9588070832942375,45185600
3.195117235183716,3.2394255632028384,3.1409628728865338,3.185270966152085,34526300
3.3428127765655518,3.3625053221171934,3.239426795042604,3.239426795042604,56115700
3.4018898010253906,3.421582343033214,3.264042006970625,3.3378891568767726,46194500
3.4215822219848633,3.470813810016331,3.3625045980514336,3.4560442866561685,42385200
3.3969664573669434,3.470813600196276,3.3772739172462676,3.4363515376082954,29352400
3.406813859939575,3.4314294258964675,3.33296669256155,3.411736879229484,23959200
3.3969664573669434,3.4609673301359383,3.268964711828954,3.4412745552616664,34997300
3.3083503246307373,3.396967004192411,3.2985040529853995,3.3575819176110597,27616800
3.3280434608459473,3.431429206871765,3.313273934411597,3.406813642486059,29597700
3.2837350368499756,3.357582197727754,3.244349946982801,3.2788117832397523,24528800
3.5298917293548584,3.5495842723140063,3.4511215575182677,3.470814100477415,32529000
3.712047815322876,3.7662024250527435,3.515122153830869,3.5495842208868984,44753200
3.820356845855713,3.953281384953832,3.77604850965393,3.800664069402109,65108800
3.938512086868286,3.987743675757031,3.79081778970928,3.8843574799428353,51736800
3.7858951091766357,3.958204981387439,3.7218942257186236,3.958204981387439,59338100
3.7858951091766357,3.810510671061816,3.648047070555812,3.7858951091766357,43153500
3.60373854637146,3.63327735805234,3.372350836074156,3.5988152937145093,28917900
3.598815441131592,3.6135849649538345,3.475736936709498,3.588969170167969,21640600
3.598815441131592,3.6825088616991946,3.5643533753821033,3.623431235917457,26517200
3.5643534660339355,3.593892514429685,3.4461982114654313,3.4757370251075574,28474800
3.7711262702941895,3.8055883449072203,3.657894007712719,3.6628172618375854,36040700
4.081283092498779,4.09112959798596,3.9385120494852286,3.99266642114305,53670800
4.130515098571777,4.155130425764227,3.9680514976637986,3.987744041122121,40948800
4.145284652709961,4.155130690312363,4.012359623772783,4.09605305617605,24372900
4.480057239532471,4.519442318910179,4.135437090716757,4.155129630405611,61928500
4.209284782409668,4.32744002940536,4.160053194741188,4.283131694405172,51248300
4.179746150970459,4.288055372892267,4.1354378115702985,4.145284317884673,43212700
4.041898727416992,4.347133409121762,3.97297458528728,4.332364117775147,54459600
4.18007755279541,4.219699577483525,4.011686191420187,4.016638531220811,39886600
4.289037227630615,4.333611593882741,4.224652084413787,4.264273638343192,36695400
4.36332893371582,4.368281274777236,4.219700651756573,4.2642745552670025,34440600
4.536673069000244,4.615916192459874,4.432666351377913,4.511909474837542,43931300
4.427713394165039,4.625821668701223,4.383139492912499,4.586200108259238,37289100
4.348470211029053,4.462382549913702,4.323706618025759,4.4128553639071155,26109200
4.3583760261535645,4.437619149339331,4.323706805515089,4.412855555262211,31607000
4.2048420906066895,4.397997556232644,4.180078496707013,4.34351802751437,30186600
4.100835800170898,4.269227689393299,4.085977831217839,4.150362993116187,38042900
4.185030937194824,4.219700154496919,4.006733927185209,4.066166263855081,35684800
4.046355247497559,4.189983504102225,4.036449622470796,4.155314761160953,30734100
3.823483943939209,4.026544785827914,3.8185313672001815,4.001781193643425,37517400
3.912632465362549,3.94234863260371,3.823483727475961,3.8928216872017747,19822800
3.9175853729248047,3.9770177124301855,3.9027274061300212,3.97206537171609,14345400
3.8581526279449463,3.8977741834511535,3.7838620932892586,3.8432946627116684,20751300
3.818531036376953,3.9076795354240104,3.8086256475939466,3.8432946264160175,20262600
3.912632465362549,3.986923001547004,3.8977742636604162,3.9175850418211904,15143700
3.972064971923828,4.056260423504077,3.9621593468401515,4.036449645662924,22012700
3.9175853729248047,4.041402864975911,3.8581530334194234,4.006734118346,25083500
3.7739574909210205,3.93739655952705,3.734335927157516,3.9225385911973105,14623300
3.9869234561920166,3.9918762693785514,3.882916740906094,3.9076800983493754,27690200
3.9869234561920166,4.021592203845237,3.882916740906094,3.9770178298189465,15069500
4.110740661621094,4.160267373010367,3.996828328005931,4.001781140842727,24451400
3.9572067260742188,4.115693428810294,3.9572067260742188,4.036449841279144,17527900
4.071118354797363,4.150361456306369,4.061212730945667,4.115692717477715,20748800
4.437618732452393,4.447523885756949,4.259321722034325,4.269226875338882,30706200
4.610963344573975,4.630774123260949,4.348469936563785,4.397997119444333,46744100
4.675349235534668,4.729829245320287,4.6159168840355465,4.640680481908433,33624900
4.744686126708984,4.81897643095952,4.566389113111958,4.596105045881679,31394300
4.710017204284668,4.804118284292469,4.6803008003038675,4.724875170111959,30060000
4.922982692718506,5.012131427574916,4.784307250306684,4.804118027794087,42953800
4.8536458015441895,4.8982201744262985,4.7793550226319255,4.873456581455543,22852100
4.967557430267334,5.041848205624965,4.8189763518783,4.833834790345563,27984600
5.205287933349609,5.225098714913233,5.036896053895668,5.111186366677682,31544500
5.329104900360107,5.428158798218313,5.195381784006849,5.343962866957278,41303800
5.339010238647461,5.423206172820648,5.230051183397901,5.319199458390608,31829000
5.259765625,5.363772309914949,5.225096887470392,5.284529211375202,21797100
5.2845306396484375,5.31919938654812,5.235003453512104,5.309294232716605,16642300
5.106233596801758,5.2250982762033775,5.081470003844858,5.2250982762033775,21128200
5.0418477058410645,5.200333921838429,5.026989268846676,5.180523144838759,27452200
5.1904296875,5.215193283464386,5.116139371933148,5.1953825011581385,26423000
5.160713195800781,5.259767096690898,5.130996789370618,5.239956316512875,17498600
4.818976879119873,5.031943130522215,4.804118911353235,4.982416413857998,30767600
4.734781742095947,4.8784100333429565,4.719923300972031,4.8090720584102815,32247900
4.7694501876831055,4.893267688487985,4.7595445609021,4.888314875097482,22221600
4.838788032531738,4.858598813253079,4.74963928312257,4.789260844565252,22291100
4.932888507843018,4.952699286094346,4.814023838335044,4.8387874292307576,24242200
5.180522918701172,5.200333694836073,5.106232626276835,5.150806518335742,29084600
5.616361141204834,5.690651442560493,5.398442105196124,5.398442105196124,64503000
5.527213096618652,5.5915982529738635,5.383584816234342,5.5519766909593145,27173300
5.502448558807373,5.591597294217468,5.433111073333917,5.532164961386137,36824800
5.378632068634033,5.57178754006025,5.373679727566398,5.556929572204782,31753400
5.433112144470215,5.4677808940418755,5.339010578023867,5.368726986461211,25051600
5.705510139465332,5.7946584106701895,5.636172175349342,5.784753257125756,33278500
5.56683349609375,5.576739120691903,5.457874459471138,5.551975531522699,31161300
5.32415246963501,5.670841373192499,5.279578094317024,5.646077778868476,43444900
5.210241317749023,5.398443527063089,5.126045368796043,5.180524905984184,39833500
5.254814624786377,5.413301348828161,5.195382280393066,5.259767438234058,20466900
5.126044750213623,5.239956624858853,5.036895998003419,5.190429435336232,23252200
5.294435977935791,5.329105198369586,5.195382074538381,5.284530823759185,30886700
4.932888507843018,5.254813772508665,4.908124916947304,5.205287063043449,33160500
5.0418477058410645,5.076516447508943,4.927935383848323,4.992320527178798,22701100
4.922982692718506,4.982415497506908,4.868503172709696,4.903171915231103,21950600
4.918031692504883,5.007179979323476,4.883362468211683,4.9972748240442195,18997000
4.685253620147705,4.878409065501139,4.655537216121708,4.868503440050401,31096000
4.685253620147705,4.7644967344487394,4.591152539996782,4.615915658971192,32011500
4.690206527709961,4.799165575913946,4.650584969758288,4.789260422589142,24848400
4.873456954956055,4.937842112683979,4.814024610667113,4.853646173526408,28516200
4.883361339569092,4.92793570883952,4.739733078767831,4.789260260696353,22095000
5.289483547210693,5.304341514386493,4.927936215540327,4.982416215728693,47617700
5.165666103363037,5.348915941441401,5.130996883172998,5.339010315008172,24311900
5.01708459854126,5.2250980131863995,5.01708459854126,5.165665676477249,23405800
5.096328258514404,5.126044666206231,4.932889197025049,4.967557945726949,17062300
4.675349235534668,5.007180218982855,4.645633295948279,4.962606309603272,39826800
4.71992301940918,4.8288825528531225,4.546578800907659,4.56638958223144,31222300
4.615916728973389,4.705065489390475,4.492099216094692,4.640680326014394,31399300
4.606010913848877,4.640679661344995,4.546578572858562,4.62086888101489,26480800
4.625821590423584,4.670395963248099,4.308848639925226,4.4029501986272574,34988200
4.690206527709961,4.74963886463747,4.63572653128174,4.690206527709961,28022700
4.76449728012085,4.848693216790111,4.680301343451587,4.680301343451587,22099100
4.724874973297119,4.823928861896663,4.719922160785592,4.744685751017028,24202700
4.705064296722412,4.7942130345415395,4.57629400261172,4.640679149667066,26562500
4.700111389160156,4.774402159950792,4.6208682781777695,4.72982779194165,22115300
4.883361339569092,4.9031721178752585,4.69020636916552,4.700111522155497,23915100
4.670395374298096,5.002226249784402,4.66048974944122,4.992320624927526,34057800
4.536673069000244,4.734781349975591,4.516862288135337,4.690206974947981,31218800
4.5713419914245605,4.690207153464469,4.432666520092008,4.45743011519725,31729000
4.5762939453125,4.606010348322203,4.467334903038061,4.571341132756515,21461700
4.531719207763672,4.591152008941111,4.368280185341124,4.591152008941111,31273000
4.3286590576171875,4.40790217052967,4.284084688522363,4.402949830217298,35434900
4.318753242492676,4.427712269878074,4.3088476187342915,4.348469169115552,24141200
4.3583760261535645,4.373233993669328,4.2593221221713575,4.333612432076445,26949200
4.244463920593262,4.289038297969015,4.170173606517871,4.2246531386847375,34558600
4.214747428894043,4.358375696899391,4.19493664959421,4.338564917599559,26897900
4.36828088760376,4.42771322600962,4.274179803209375,4.333612141615235,33565100
4.393044948577881,4.492098856485949,4.368281353519291,4.472288074904336,29323100
4.47904109954834,4.535348869056179,4.432970884416136,4.535348869056179,24146400
4.5814208984375,4.59677748017055,4.417616058146485,4.4483292216125845,29569700
4.468804359436035,4.591658464986848,4.458566802076648,4.51487458799548,33609200
4.310118198394775,4.494398609036224,4.228215793665243,4.489280074873258,37801900
4.3920207023620605,4.448328484841679,4.351069499072001,4.3715451007170305,17171200
4.443209648132324,4.494398404672268,4.35618822501992,4.392020403415563,16427400
4.514874458312988,4.555825662928042,4.432972049082881,4.49951787862656,27232600
4.279404640197754,4.458566520346424,4.248691481883431,4.453447497901754,35280800
4.0695295333862305,4.130956337160053,4.013221751971104,4.130956337160053,49988500
4.182145595550537,4.248691421860587,4.0951241679279216,4.1309563481807015,37541600
4.161670207977295,4.187264832976728,4.095124378249516,4.115599980613689,27310200
4.22821569442749,4.310118097234744,4.197502049286356,4.217977649988169,37800500
4.279404640197754,4.371545091494425,4.233334902726269,4.366426069049754,27077100
4.2640485763549805,4.335713434710586,4.233335414328941,4.279405157368,26413600
4.22821569442749,4.299880052795423,4.212858627768509,4.253810317348964,20052400
4.356188774108887,4.3715453541888545,4.269167340027605,4.274286362779887,24108000
4.4892802238464355,4.5199933825507825,4.402258793889361,4.44320999761306,27499200
4.371545314788818,4.499517953381204,4.351069712141112,4.494398930675059,22732600
4.095123767852783,4.217977363725936,3.8238217108336414,3.8340595104897375,85122300
4.310118198394775,4.37666402428173,4.238453350168015,4.26916699603001,25211900
4.345951080322266,4.402259358800643,4.248692081042124,4.27428670869803,28057000
4.4176154136657715,4.453447595207684,4.2742861993212635,4.279404733700922,25211100
4.330594062805176,4.371545267659093,4.2691672555243,4.315237483029175,26623500
4.335713863372803,4.366427028435383,4.258929974362438,4.284524604032559,24887800
4.366426467895508,4.39202109427992,4.299880634566794,4.340831841511095,16257800
4.484161376953125,4.545588184944375,4.381783363634375,4.422734568961874,25185100
4.2845234870910645,4.432971714666138,4.238453263330382,4.432971714666138,38149400
4.1923828125,4.310117876642352,4.187264278719135,4.289642276988482,22154200
4.202620983123779,4.258928761825391,4.166788804693374,4.258928761825391,22730900
4.1411943435668945,4.171907501081255,4.084886318584258,4.130956298944216,21499000
4.1667890548706055,4.243572438453557,4.151431987612538,4.16167003245125,18811900
4.146313667297363,4.202621452284915,4.105362462183349,4.192383406917975,16555900
4.233335018157959,4.279404756885643,4.115599939604466,4.13095651918036,29191300
4.253810405731201,4.315237209112917,4.223096759951924,4.2282157822779425,26984300
4.161670207977295,4.27428626506868,4.095124378249516,4.253810662704507,28140400
4.095123767852783,4.151431543917113,4.049053547356152,4.105361811597277,27976100
4.0695295333862305,4.171907539675934,4.033697353229045,4.16678900549408,25769000
4.013221740722656,4.054172943123758,3.9159625129758306,3.987627117177758,29113700
4.033697128295898,4.0541727284120475,3.9569135058161353,4.018340306164583,24826200
4.110480785369873,4.197502213807595,4.049053980856808,4.049053980856808,25775900
3.9773895740509033,4.054173205567711,3.9313193463231317,4.043935404304699,26112100
4.0695295333862305,4.125837802978198,4.023459552600075,4.0439351538580155,25074000
4.146313667297363,4.223097054841922,4.079767592854436,4.079767592854436,39189300
4.182145595550537,4.238453377115883,4.110480746868135,4.18726461792289,28376600
4.269166946411133,4.284523525075227,4.2179776999617085,4.258928901850514,20459800
4.310118198394775,4.479042030193646,4.30499917605497,4.361307445439153,37975300
4.46368408203125,4.499516251064013,4.386900235019587,4.422732892229039,27564300
4.4739227294921875,4.571182195189779,4.417614951788241,4.5353495292174415,22201500
4.47904109954834,4.525111314680544,4.432970884416136,4.4841601208245265,17682200
4.566064357757568,4.612134591547862,4.535350705838392,4.540469729187745,12587400
4.4739227294921875,4.596776328942695,4.4124959297669335,4.581419751055583,31054800
4.484161376953125,4.484161376953124,4.381783363634375,4.458566751579219,22549400
4.4892802238464355,4.5609445862744815,4.402258793889361,4.550707029431984,23310400
4.6530842781066895,4.663321833275664,4.484160468316005,4.509755088503606,25125100
4.714511394500732,4.729867972387687,4.658203616797358,4.668441172663059,20199600
4.765700817108154,4.781057395571092,4.642846724874164,4.7605817948948985,24644800
4.642848491668701,4.7657026306537364,4.601897274732694,4.7605836064924825,50708400
4.734987735748291,4.76058236168501,4.6837984838748525,4.699155552343015,23995300
4.7605814933776855,4.857840468385383,4.745224915887374,4.796413670247343,32473800
4.822010040283203,4.837366623342788,4.745226636808307,4.791296385987061,21226700
4.822010040283203,4.883436860698515,4.8015344334781,4.8629612538934115,16723800
4.673561096191406,4.786177161498053,4.642847446316175,4.760582534631509,28557800
4.617252349853516,4.729867903623015,4.591657728296156,4.724748881676183,28733000
4.704273700714111,4.719630767921283,4.627490317385635,4.642846896415961,20941000
4.898792266845703,4.944862493133269,4.811770836786268,4.816889859301965,55246600
4.806651592254639,4.92950518541837,4.796413548735936,4.903910564798397,41177400
4.816890239715576,4.88343607314453,4.7298688027836295,4.796414636212583,24826100
4.949981212615967,4.960218768843773,4.796413963784268,4.81177054221439,25810300
5.134261131286621,5.159855751693542,5.057477758242635,5.083072378649557,37636600
5.06259822845459,5.098430414370409,5.021647019357392,5.0677167634590505,21132100
5.067716598510742,5.108667806275027,4.949981998232651,4.9806951599674125,24107700
5.026764392852783,5.072834614486148,5.0062887930353765,5.072834614486148,13061700
5.103548526763916,5.149618750820724,5.006289056382468,5.062597324974938,21540100
5.298068046569824,5.303186581691878,5.164976369857819,5.170095393156804,24582400
5.221283912658691,5.323661932872213,5.129143938554975,5.195689285561084,44411500
5.139381408691406,5.226402846430532,5.124024827965942,5.164976035351779,28459200
5.0421223640441895,5.190570611415012,5.037003341126635,5.175213542662347,29824300
4.96021842956543,5.03188327096551,4.893673098194318,4.970456473269781,25154700
4.98069429397583,5.052359139191437,4.934624559383817,4.934624559383817,33752000
5.006289005279541,5.016527049710694,4.893673445597819,4.965337803908582,21438700
5.170094966888428,5.190570570219244,5.042122324026605,5.0779545078113095,45295500
4.975574970245361,5.170093386517026,4.965336927621027,5.144498768132934,31374500
5.134261131286621,5.180331350383724,5.037002159552453,5.113785532596439,30590500
5.113786697387695,5.236640317511731,5.098430116916413,5.200808133686444,33831200
5.118905067443848,5.231521115617125,5.103548488931028,5.19056991413172,22043000
5.287830352783203,5.287830352783203,5.108668430780271,5.1137874544208035,27962800
5.487466335296631,5.528417536530598,5.292947885346876,5.323661042183938,35633700
5.4669904708862305,5.528417269773213,5.405563671999248,5.507941670144218,32261500
5.538656711578369,5.579607924781476,5.436278678570602,5.461873308866786,24179300
5.554012775421143,5.574488378309368,5.436277692681184,5.461872318335686,22907500
5.533536911010742,5.584725671723619,5.4977042415171855,5.533536911010741,19479100
5.666628837585449,5.697342488664066,5.5693698374941905,5.671747860794706,43028700
5.78436279296875,5.866265195502346,5.722935991068552,5.769006214537907,25502600
5.825314521789551,5.9635247165374246,5.733174066506389,5.943049114049708,46083900
5.886742115020752,5.917455766940451,5.79460164743859,5.825315299358289,25916100
5.9584059715271,5.999357175055655,5.881622098778417,5.896979166234265,16835200
5.687102794647217,5.896978291831847,5.671746217645291,5.87138367137745,44852800
5.758769512176514,5.815077304996319,5.733174883375897,5.753650488781003,19865100
5.779244899749756,5.850909760054897,5.743412713685647,5.779244899749756,20173800
5.651271343231201,5.68710352355384,5.574487960203593,5.671746944583687,31600200
5.497704029083252,5.518179630212587,5.395326023436577,5.5130610960628825,41595600
5.554012775421143,5.574488378309368,5.461872318335686,5.477228898457636,25929900
5.584725856781006,5.6205580392850525,5.538655628889018,5.554012696970929,22894700
5.5181803703308105,5.528418416357061,5.410683327939703,5.4977047664552146,30295400
5.420919895172119,5.54377348491199,5.318541903722226,5.533535929855386,36281300
5.282710552215576,5.328780781850904,5.221283742094104,5.241759345467928,42322900
5.200808048248291,5.262234857301198,5.180332445230656,5.262234857301198,28921200
5.0421223640441895,5.246878398977429,5.016527737633311,5.246878398977429,38577300
5.067716598510742,5.144500479201453,5.067716598510742,5.093311225407646,21794100
5.113786697387695,5.144500346507149,4.960219428144204,5.124024743153144,39237600
5.088191509246826,5.098429553881656,5.0062891048755285,5.057478351696008,25772100
5.154737949371338,5.190570621688246,5.088192115842103,5.18545159876056,26671800
5.1496195793151855,5.205927368789878,5.144500556223783,5.175213718418375,16415000
5.277590751647949,5.27759075164795,5.1342610742326364,5.1803312928177885,37115000
5.308305263519287,5.395326701296398,5.298067705756809,5.323661844251453,28213000
5.216163635253906,5.395325493676546,5.211045101606784,5.390206471852633,21930800
5.185451030731201,5.195688587288227,5.11890520449159,5.170094451807242,18157400
5.021646976470947,5.139381579575673,4.996052348959555,5.118905975201942,21734000
5.026764392852783,5.072834614486148,4.985813193217971,5.031883414851336,29726000
5.011410236358643,5.07283706548999,4.975578041409617,4.990934626648193,28731300
5.047240257263184,5.103548525845521,4.975575898233785,5.0062890554815755,21165800
5.34925651550293,5.364613096363075,5.200808265383105,5.200808265383105,59731000
5.374850749969482,5.4516341368411565,5.282710295181979,5.410682932086014,41961000
5.251996994018555,5.354375003144512,5.231521392193364,5.328780378818809,24116400
5.195688724517822,5.236639928181219,5.093310715359331,5.231521393855936,23445800
5.287830352783203,5.298068400064268,5.103549895316702,5.129144525342401,23340600
5.262234687805176,5.405564392488874,5.262234687805176,5.369731722229516,37692100
5.1444993019104,5.292947518128579,5.1444993019104,5.236639254205854,19053500
5.3134236335754395,5.318542655916103,5.134261757066941,5.139380779407604,28658100
5.287830352783203,5.328781565553537,5.180333297216836,5.313424982808902,22195700
5.0574774742126465,5.272471492473791,5.0574774742126465,5.272471492473791,38367800
5.124023914337158,5.149618536433933,4.99093226997538,5.016526892072155,26139800
5.026764392852783,5.164975057752877,4.980694171219418,5.047239992670188,35214300
5.011410236358643,5.09331267520044,4.98581560217632,4.996053651120066,21006100
5.139381408691406,5.20080821977016,5.09843020130557,5.129143850933397,30209100
5.251996994018555,5.251996994018556,5.103548758741704,5.154737519216255,24143400
5.164975166320801,5.231520989170366,5.093310321365079,5.216163922851901,31077100
5.390207767486572,5.395326790540936,5.282710724229489,5.287829747283851,30540200
5.282710552215576,5.359494431000086,5.236640322580249,5.344137362337049,25876000
5.31854248046875,5.344136614974092,5.246877634594053,5.339018080979118,18140900
5.185451030731201,5.236639789870011,5.134261783415549,5.20080760965516,18712700
5.154737949371338,5.175213552905188,5.07283553523594,5.134262345837488,21940600
5.170094966888428,5.216164708250096,5.0779545078113095,5.088192065388273,19119600
5.001171112060547,5.144500335224239,4.934625279261752,5.113786686172146,33641000
5.047240257263184,5.052359279530093,4.87831642786984,4.903911051027554,24127600
5.103548526763916,5.118905105390574,5.006289056382468,5.0881914599604245,21899100
5.175212860107422,5.2110455276274665,5.047240233108137,5.083072900628181,17791100
5.180331707000732,5.221282907200199,5.088191262463524,5.221282907200199,22112600
5.354374408721924,5.374850008273991,5.246877389029372,5.262233966649222,32473600
5.513061046600342,5.5488932262109865,5.426039620537204,5.436277176921602,32878300
5.62055778503418,5.697341657439731,5.5898446266134405,5.600082183361403,15035700
5.584725856781006,5.641034130060935,5.5693692768759675,5.635915107366964,15164900
5.799719333648682,5.84578955681816,5.6307955074784735,5.651271107978594,47030200
5.6359148025512695,5.789482057826662,5.625676757717049,5.7536493890837335,28598100
5.47722864151001,5.635914922582132,5.441396460180792,5.6205578550037325,30420300
5.579606056213379,5.651270899407283,5.466990501707421,5.53865485672452,24423800
5.7946014404296875,5.840671672574935,5.68198585982677,5.707579999305757,43755500
5.666628837585449,5.871385372363403,5.666628837585449,5.743412721193528,31164200
5.630795955657959,5.676866182494368,5.569369149268368,5.6359149782346405,22513000
5.497704029083252,5.507942073736339,5.400445045763121,5.410682602239369,20019200
5.5181803703308105,5.57448864712138,5.477229162579618,5.554013043245783,22964100
5.548893451690674,5.6000822120463924,5.5284178499130165,5.554012474179302,18821100
5.661508083343506,5.661508083343507,5.446514074597757,5.446514074597757,29650800
5.62055778503418,5.641033874883807,5.564250002478256,5.610320228286217,25430200
5.574487686157227,5.615438886849002,5.543774041549985,5.548893063680662,21399200
5.717817783355713,5.774125571074267,5.646152926841912,5.66150999563716,30571800
5.912336349487305,5.927692930335049,5.825314911055245,5.840671491902991,23132800
5.917455673217773,5.937931278114294,5.861147393619643,5.896980068321252,17696600
6.0761399269104,6.111972104222417,5.9839994844774385,5.994237528381902,27767500
6.168281555175781,6.183638135807927,6.086379140901805,6.11197327922975,22879200
6.166729927062988,6.223637491698603,6.140862672818859,6.208117336502861,11862300
6.2495036125183105,6.265023764899283,6.114994309545226,6.156381711478983,16113400
6.202943325042725,6.2701979837182416,6.197769775903808,6.254677829678292,12115300
6.301238059997559,6.311584663707854,6.259850658402891,6.275370810656705,12459600
6.327104568481445,6.36331891349284,6.244329768529786,6.265023468517701,13083500
6.606471061706543,6.6219912152404925,6.471961748740885,6.49265545124508,19189400
6.647859573364258,6.658206179650332,6.559911199736732,6.621992317583774,20449600
6.637511730194092,6.772021050483926,6.632338180942141,6.740980248349037,22033100
6.7720208168029785,6.7720208168029785,6.585776997173949,6.6219913473111465,20042800
6.891008377075195,6.891008377075196,6.818580675201624,6.85996807437987,17507000
6.849621772766113,6.9427436784119205,6.818581466468693,6.932396580728265,31204900
6.803060054779053,6.8341008509619785,6.7513260523098,6.777193300232785,16253500
6.958265781402588,6.963439331694145,6.828929984375116,6.834103534666673,15011400
6.9996514320373535,7.020345134608809,6.942743873310047,6.989304827440019,19012500
6.8134074211120605,6.885835619489255,6.766846471682202,6.870314974094811,40821800
6.906529426574707,6.911702481742632,6.828927678534908,6.839274775624245,29387800
6.906529426574707,6.978957132693093,6.849621379336838,6.9427432796339,26257100
6.911701679229736,6.947916021460853,6.844447036088165,6.932395377628937,26213200
6.891008377075195,6.891008377075196,6.803060030477245,6.870314677486073,19763900
6.570256233215332,6.637510884794225,6.508175130229448,6.616817183798931,49237000
6.818582534790039,6.885837200140801,6.6426857936229435,6.720287064901674,36168800
6.699590682983398,6.870313806289126,6.67889698601836,6.865140752080356,26615500
6.782367706298828,6.8237551138701145,6.6685525821662015,6.740980298727543,28822100
6.751326084136963,6.8496210346556285,6.709938684615765,6.834100883179359,15009000
6.720284938812256,6.78236603487008,6.66855093878575,6.756499281545174,21874000
6.7720208168029785,6.942743989211727,6.689246005135319,6.937570440138299,26612200
6.818582534790039,6.906530905373587,6.766848025019652,6.772021574672061,25301600
6.487480163574219,6.689244078948237,6.482306615990529,6.658203286822752,32446800
6.409881114959717,6.704766520782615,6.285718397381341,6.5392168885138755,35992500
6.756500720977783,6.7771944240723965,6.35297277056764,6.378840022780106,37584900
6.575430393218994,6.797888069636003,6.559910239373583,6.725459862729425,43237900
6.3943586349487305,6.658203655819313,6.3840120325845975,6.5961225615044725,42211000
6.678898334503174,6.689245431763121,6.394359573752385,6.590949981300625,47709800
6.761673927307129,6.8134084328842315,6.689246211551357,6.72028652019617,24525500
6.865141868591309,6.89100862397195,6.715111924473876,6.730632569754341,20546800
7.242802619934082,7.242802619934082,6.766846979725415,6.777194077431886,43366600
7.310056686401367,7.335923935208336,7.20141463611349,7.258322188787432,28524700
7.304883003234863,7.434218751507528,7.216934654939314,7.263495603257749,25933300
7.232454299926758,7.392830833635659,7.154853053750099,7.273842190381225,24613300
7.066905498504639,7.294536701155483,7.056558894771462,7.26349590320246,31768700
7.232454299926758,7.2428013958845465,7.139332903190105,7.20141399880677,17293100
7.346271514892578,7.356618613141003,7.253150097540758,7.346271514892578,27465400
7.579074382781982,7.589421479097864,7.429044939838657,7.501473133919704,26454300
7.496299743652344,7.563554390991998,7.403178341731583,7.537687143034174,27432500
7.103118896484375,7.460085829875159,7.092772293414185,7.439392130358064,35671100
7.025516986846924,7.22210736048515,6.937568648814648,7.165199815501716,30551400
6.927222728729248,6.942742880093357,6.751326035346954,6.891008384377371,25153100
6.942742824554443,6.958262975794398,6.772019680784802,6.818580627881379,18988200
6.9996514320373535,7.165201545985787,6.968611124868564,7.154854448011665,19124500
6.87460994720459,6.932159773249059,6.780437050999903,6.87460994720459,22644500
6.633947372436523,6.764742861647369,6.592092855804669,6.764742861647369,23915400
6.7438154220581055,6.780437998390267,6.649642512695197,6.649642512695197,19224600
6.801365852355957,6.817061172310576,6.70196149404973,6.769974713501491,14537600
6.749045372009277,6.874609389748691,6.717654741783227,6.822291007445179,25006700
6.822293281555176,6.942625401386146,6.790902141920285,6.8955389414064285,14643000
6.722888946533203,6.780438787314867,6.6810344261564945,6.775206847531469,14517300
6.6967291831970215,6.759510958480548,6.686265304510502,6.691497243853761,16524900
6.524078369140625,6.555469003425508,6.450832724234006,6.524078369140625,24253200
6.565932273864746,6.633945973788343,6.461296004345784,6.524077766057161,14800800
6.796132564544678,6.801364503140078,6.565932754743485,6.565932754743485,31293300
6.581627368927002,6.691495572975182,6.571163991798404,6.607786560166106,29232900
6.545005798339844,6.675801275529952,6.49268740788574,6.545005798339843,22766200
6.63917875289917,6.68626520842143,6.565933598926937,6.675801828830478,15387300
6.398514747619629,6.644410393779162,6.367124111311278,6.644410393779162,19889200
6.513615608215332,6.534542867640669,6.241561235685941,6.3305022129799315,37067400
6.654874801635742,6.743815776498551,6.586861085626229,6.586861085626229,23227100
6.754278659820557,6.83798768907874,6.686264948811991,6.7124241451914655,26529100
6.6862640380859375,6.858914012150837,6.654873405862376,6.837986757686761,15174900
6.618252277374268,6.65487535763622,6.461298072333968,6.508384034478908,17570300
6.775205612182617,6.86414657650249,6.707191904235352,6.796132868555225,18417600
6.623483657836914,6.717656572063382,6.5240793031108035,6.639178977226257,14968600
6.5397748947143555,6.644411193240739,6.492688435641175,6.597324734167559,17475600
6.853683948516846,6.8641473283766965,6.675802000392546,6.722888457124884,23925000
6.87460994720459,6.9060005799760775,6.785668989443521,6.853682692375227,20759600
6.84321928024292,6.921696366446496,6.811828645339548,6.879841853945236,10912000
6.864146709442139,6.921696540845107,6.796133000177636,6.900769284067195,11154500
6.790900230407715,6.8641458696416775,6.738582344336396,6.858913931351017,11267800
7.031563758850098,7.05249101263749,6.848450412946683,6.864145728550955,21523300
7.32977819442749,7.418719153165064,7.230373358687795,7.235605297188856,31348200
7.387328624725342,7.408255881494444,7.28269234087983,7.3350107322751645,19540800
7.3245463371276855,7.350705530977881,7.246069254522224,7.298387143277491,15848500
7.18851900100708,7.298387217133613,7.141432551389262,7.18851900100708,15413700
7.2983880043029785,7.335011079591898,7.2094470340866,7.2356062310229206,30104000
7.157129287719727,7.256533639406859,7.0734202549421,7.141433469865027,26222700
7.3245463371276855,7.361168909150885,7.110041845657309,7.178055550089766,21626400
7.2983880043029785,7.3820970353430555,7.204215593855482,7.376865595111937,20651200
7.240838527679443,7.340242882210832,7.235606588244842,7.266997725907242,13101700
7.083883285522461,7.277460539018886,7.010637635978476,7.277460539018886,15790200
7.183287143707275,7.282691982680147,7.151896509570151,7.214678276789533,17546000
7.26699686050415,7.314082812972628,7.125737506263277,7.2146784702789795,19727300
7.366401195526123,7.41348764689071,7.256532975323803,7.2722282927969495,19284700
7.246070384979248,7.340242799008585,7.235606506228654,7.303620221271909,14285900
7.18851900100708,7.282691900242717,7.157128367225287,7.178055622728191,24389200
7.287924766540527,7.31931540431806,7.167592657872807,7.2094471742063115,17699700
7.554746150970459,7.575673406277214,7.40825536382317,7.41348730238614,20393900
7.6436872482299805,7.82156917100912,7.575673542523538,7.633223869860984,22860800
7.832034587860107,7.847729907971386,7.711702469819693,7.758788929098758,24825200
7.800642013549805,7.811105890995692,7.570442198136795,7.627992027253763,23023500
7.915741920471191,7.973291747768711,7.8738874099011555,7.905278043356121,23501500
7.863424301147461,7.894815436614881,7.784947210896665,7.826801725556446,24579200
7.627992153167725,7.779714886021591,7.4815013591231665,7.696005860853271,24136200
7.5390520095825195,7.7692523527907245,7.523356690391796,7.748325094221361,20891700
7.52858829498291,7.6018334472459586,7.4605745829206676,7.476269901413438,25521700
7.502427577972412,7.544282084768891,7.361168243325489,7.408254688207797,22170200
7.5390520095825195,7.622761043859976,7.413488458166334,7.601833785290611,22502400
7.3402419090271,7.439646749324406,7.298387396989856,7.434414810583465,19190100
7.031563758850098,7.324545810818683,7.010636505062704,7.183286473544967,31951400
7.083883285522461,7.209446828502007,6.989710378815218,7.026333453059795,25823000
7.1152753829956055,7.219911682962699,7.0995795637916155,7.162361343771871,16175800
7.3402419090271,7.382096421064341,7.078650959321763,7.214678372915372,29578900
7.355937480926514,7.43964650222065,7.23560538860735,7.413487308329951,24701400
7.408256530761719,7.50242944394867,7.355938633726347,7.392561211545627,24926300
7.648920059204102,7.706469894159657,7.4815019946459875,7.518124571531778,25289300
7.240838527679443,7.575674668370612,7.02633400031286,7.575674668370612,43383000
7.193752765655518,7.37686667199576,7.1257390432704355,7.340243591360559,28900400
7.162360668182373,7.366401808080955,7.141433410162918,7.256533578742517,18471100
7.303619861602783,7.403024210112217,7.219910831501117,7.230374210791238,20107500
7.277460098266602,7.340241865954057,7.157128501601927,7.314082671347999,17384300
7.146665096282959,7.293155897230726,7.1257378390047075,7.272228639952473,28759100
6.89030647277832,7.06818841951717,6.832756636634364,7.06818841951717,24647600
6.89030647277832,6.926929050420366,6.733351784541383,6.754279043043295,18941500
6.785668849945068,6.853682551478562,6.555468552609382,6.59209162201671,27100300
6.796132564544678,6.9007688417270385,6.733350798235262,6.890305463481366,20477900
6.581627368927002,6.780436523821093,6.571163991798404,6.759509270618825,22502100
6.701960563659668,6.749046516986888,6.6234829768906565,6.728119260304183,26227600
6.5607008934021,6.654873793447699,6.424673481990709,6.613019282081907,27013900
6.681032657623291,6.707191351725347,6.476991550589539,6.633946209927417,25369600
6.518848896026611,6.75428073798963,6.5083850146772075,6.654876359896916,20472300
6.6862640380859375,6.743814362070973,6.492686809556963,6.4979187479092575,20094500
6.707192420959473,6.811829209828913,6.660105965757261,6.759510815394193,13056200
6.534541130065918,6.61301870625218,6.524077752608136,6.55546838392657,13949000
6.565932273864746,6.660104666959266,6.534541143536512,6.639177413055474,9950500
6.633947372436523,6.670569949753098,6.497919943910397,6.497919943910397,13585100
6.817060947418213,6.8484520852370965,6.571165780108668,6.592093039006187,16293500
6.89030647277832,6.921697111058588,6.754279043043295,6.906001791918454,12214400
6.848451614379883,6.92169676601271,6.77520596380188,6.8903061292972625,13503100
6.618252277374268,6.722889079328133,6.571166315229327,6.6758026182379435,17221100
6.811830043792725,6.864147945687473,6.649643400344934,6.707193242112732,20858000
6.87460994720459,6.9060005799760775,6.738582541341177,6.890305263590333,15341400
6.796132564544678,6.879841586290567,6.733350798235262,6.864146269449495,10407700
6.9321608543396,6.958320051692183,6.801365366521871,6.8222926246149,15672100
7.015868186950684,7.0577226929964905,6.916463859828157,7.01063624895869,14539400
6.738583087921143,6.8693785659500195,6.670569379472709,6.853683248291197,22365200
6.764741897583008,6.885073491014463,6.7595099590133465,6.817059786444244,17615200
6.89030647277832,6.947856308922278,6.707192586677694,6.780438240906984,20975800
7.204216003417969,7.2983884192192034,7.178056804994489,7.272229220795723,27399800
7.3245463371276855,7.3245463371276855,7.167591672971639,7.2042147439399615,23886600
7.382097244262695,7.481502095644915,7.371633864559153,7.455342897968268,32548100
7.554746150970459,7.586137283403153,7.486732945432346,7.512891640356948,21934000
7.617528915405273,7.633224233178382,7.533819389743327,7.622760355366205,20101100
7.669846534729004,7.680310412168865,7.539051060401579,7.643687340074491,22202500
7.355937480926514,7.523355523514786,7.345473603792184,7.486732951434882,26481700
7.345472812652588,7.366400065722165,7.104809152879915,7.167590912088647,22170000
7.640542030334473,7.683618146202254,7.387472994809079,7.387472994809079,18025700
7.575928688049316,7.656695828265147,7.559775465406826,7.58669784547877,13595100
7.532853126525879,7.775153521494934,7.527468547781708,7.732077918544955,22983700
7.511315822601318,7.651311798212946,7.468240216798006,7.61362077151048,15753500
7.339011192321777,7.527466782661448,7.317473395897199,7.516698141199944,14824500
7.209785461425781,7.258245125296562,7.080558150598761,7.161325284053355,29513800
7.199016094207764,7.295936446116097,7.102095742299431,7.182862873390252,17537200
7.344396591186523,7.36054981193611,7.172093687018298,7.24209166160201,23441900
6.967484951019287,7.155941092427377,6.945947150301364,7.139787870264352,27791100
6.865181922912598,7.085944553567542,6.849028697462712,7.069791328117657,28370200
6.999791145324707,7.032098099628456,6.768259427735757,6.768259427735757,20983400
7.0159454345703125,7.069790195445671,6.97825441005858,7.032099170933939,16115500
6.913640975952148,7.0374832065408155,6.886718595628009,6.935178777511121,17378300
7.064405918121338,7.080559141672583,6.908256721121388,6.913641300139043,12359000
6.962100982666016,7.0428676081046175,6.9190253806318704,7.026714385717233,12802800
7.11824893951416,7.161324534111695,7.059019611816354,7.155939956411604,11953400
7.317476272583008,7.349782723169576,7.172095704438128,7.177480284036481,13883300
7.2367072105407715,7.398240961376846,7.182862969263171,7.360549941132363,18481800
7.2367072105407715,7.317474342709628,7.215169411329404,7.269014166108642,13354200
7.091327667236328,7.220554471124058,7.021329686755056,7.193632091938696,28786500
7.107481956481934,7.155942143591185,6.9944083577276,7.1074819564819345,13374900
6.757490634918213,6.902870642295691,6.741337414876629,6.902870642295691,13966900
6.795184135437012,6.865182132526121,6.692879686461725,6.757493103735873,19611600
6.994406223297119,7.026713176011665,6.85979486173943,6.875948594847499,20815800
7.005176067352295,7.080558108594078,6.908255713182412,6.989022332656219,15269500
6.983639240264893,7.102096896852569,6.9567168588579795,7.080559094427381,9036100
6.832873821258545,6.870565359037329,6.746722615195657,6.827489756005885,13374900
6.956716537475586,7.021329941766177,6.805951927464207,6.9136409346151915,18249700
6.913640975952148,7.053636942836316,6.886718595628009,7.0267145625121765,14413300
7.134403705596924,7.161326086431592,7.042867918860073,7.080558943927587,16418300
7.193631649017334,7.236707247661023,7.134402829257673,7.139787407463544,12857400
7.435934543609619,7.516701184526817,7.29593855341815,7.301323133079771,19838100
7.656696319580078,7.753616175155863,7.565160529562814,7.57592917418158,21790900
7.818228244781494,7.8397660424185664,7.694385523242124,7.802074511427489,18801600
8.108990669250488,8.130528471933022,7.877458905286964,7.88822754987737,27725600
7.963608264923096,8.178986241685083,7.942070467246897,8.06052861121679,17073500
8.211294174194336,8.216678752630928,7.904380392331867,7.904380392331867,23175100
8.07129955291748,8.23283333826275,7.979763758338551,8.216680113778748,30406400
7.990530967712402,8.087451317976276,7.9151484160069865,8.076682161946236,16933400
7.990530967712402,8.14668013563663,7.947455370595485,7.952839948610506,17512700
8.0928373336792,8.146682099808173,7.915150324356032,7.974379669798252,13293900
8.410518646240234,8.507439000536104,8.232831672365569,8.265138628298073,34345800
8.318984031677246,8.685126673523701,8.232832821831021,8.496671030360513,40515600
8.13052749633789,8.356674654119589,8.065913582541699,8.34590549731967,21482400
8.08206844329834,8.119759470343814,7.97437942781004,8.006685875705665,23207600
8.18975830078125,8.270524942325716,8.028224504190534,8.098222499829903,28973100
8.36744499206543,8.421289759966815,8.15206694746342,8.259755969764425,21207800
7.99591588973999,8.362058480986532,7.99591588973999,8.329752038509717,23336400
8.049761772155762,8.232833361837853,7.9905329398769815,8.076684155374025,20463600
8.216679573059082,8.340521808456261,8.103605982108665,8.238217375454319,17613800
8.324368476867676,8.448210710655637,8.162834704251534,8.292061516943765,20372000
8.335138320922852,8.561285532436427,8.259756259419513,8.55051688657957,22208200
8.577437400817871,8.62589758035948,8.345905660119818,8.48590162023965,27537200
8.157450675964355,8.534363008677005,8.119759648093787,8.534363008677005,28358600
8.216679573059082,8.372828768799971,8.146681586899136,8.254370598875317,18725900
8.491288185119629,8.502056831147067,8.318985227164513,8.394367803363739,22923100
8.200525283813477,8.292061066203528,8.065913899534188,8.270523265258909,29588600
7.807462215423584,8.383598918034265,7.7805398292217625,8.37283027165462,29566000
7.925918102264404,8.060529480635395,7.742846545519591,8.044375745509683,29501000
8.114376068115234,8.189758646641511,7.796693041221228,7.807462201082898,39050000
7.683618068695068,8.297445652970898,7.592082286215044,8.265139208273055,39303700
7.855921268463135,7.909765519555398,7.662080526726136,7.715925291320132,28975400
8.13052749633789,8.173603096534247,7.931302203552671,7.947455938752549,26204500
8.35667610168457,8.469749186660572,8.038993110080334,8.216680120045119,20387800
8.318984031677246,8.572053595726818,8.189757216907909,8.415904399505106,19612200
8.292061805725098,8.415904557327744,8.232832976220536,8.351291148731386,13491500
8.232831001281738,8.313597614276995,8.141295232686259,8.25975337678069,12682800
8.248985290527344,8.302830048505347,8.157449510065739,8.265139026021746,11247900
8.168218612670898,8.415903573417408,8.119758433513718,8.31898321510305,13839200
7.8613057136535645,8.098221544125906,7.742847541666531,8.092836965057922,35420800
7.785923480987549,7.915150303148748,7.7590010979951956,7.904381658052854,18640000
7.8613057136535645,7.936687766598448,7.651311751517696,7.726694317964303,23855200
7.823614597320557,7.936688196362431,7.6620808110462,7.845152401257021,23243900
8.038991928100586,8.071298372343186,7.812844764395695,7.818229342936687,14805300
8.060531616210938,8.098222647820231,7.909766462770172,7.979764459688714,16468700
7.925918102264404,7.979762345511806,7.812844523892705,7.968993702262988,14460000
7.575928688049316,7.764384835051232,7.425164078548797,7.764384835051232,19791100
7.726694583892822,7.737463228897691,7.608236407828833,7.6513120148517855,25058900
7.139787673950195,7.3605502536142895,7.069789695166174,7.355165675207443,30503900
6.865181922912598,7.080559973916987,6.81133715341061,6.865181922912597,31244500
6.940563201904297,6.967485068127946,6.757491635974062,6.822105039213848,26799000
7.279784202575684,7.306706069718461,6.962101240674586,7.091328051566038,24391600
7.252861976623535,7.317475383447366,7.123634649474163,7.290553002228676,28832100
7.376704216003418,7.468240004103967,7.209786376644803,7.2636306256146055,23454000
7.581312656402588,7.6890016545187745,7.505930100970433,7.656695211834742,21391800
7.322859764099121,7.635158145375243,7.295937383609449,7.554391003906227,26542200
7.285168647766113,7.301322385096108,6.972870248410404,7.021330433396932,35775200
7.075174808502197,7.39285725600008,7.032099204993952,7.3013219836713334,24976200
6.924407958984375,7.021328299501774,6.84364135088759,6.96209948779757,22182100
7.005176067352295,7.118249642716612,6.881333335523928,7.096711843290153,27275400
7.010560512542725,7.155940527536984,6.994406778153202,7.123633572259574,18085400
7.021330833435059,7.085944245931183,6.951332841522151,7.069791021182591,17212000
6.978253364562988,7.064404558254864,6.8651797944669966,6.875948950429291,23547100
7.0159454345703125,7.220554806994301,6.972869831270705,7.064405616657797,22045600
7.102096080780029,7.193631858944508,7.042867259291931,7.102096080780029,20005800
6.854411602020264,7.26901492181968,6.7951827764067865,7.199016938730102,32017500
6.967484951019287,7.134403291709453,6.875949683094367,7.069789889555682,29154500
6.94594669342041,7.123633666031051,6.90825567301865,7.048251625227531,21755100
6.784414768218994,7.0159460271339915,6.77903018897634,6.90287243054695,11224100
7.037481307983398,7.037481307983399,6.7574899632522545,6.82748792781043,16587500
6.994406223297119,6.994406223297119,6.811334689418407,6.838257064430264,18651400
7.010560512542725,7.085942552353957,6.956715758247586,7.026713733430612,13777600
7.102096080780029,7.139787615819416,7.0267140377045685,7.091327437555673,9599600
7.252861976623535,7.258246042065905,6.956716810221361,6.967485454607811,22120700
6.908255577087402,7.204400698493274,6.902870998961454,7.193631542241379,27666700
7.549006462097168,7.586697484302537,7.182863342953587,7.188247921411972,42880100
7.4467010498046875,7.689001416439009,7.430547828962835,7.662079039368166,26186100
7.570544242858887,7.619003908354093,7.457470663033415,7.50593032852862,20270400
7.8128437995910645,7.893610413725404,7.76976820358587,7.812843799591065,30852000
7.753615856170654,7.753615856170654,7.608235822037076,7.672849227596633,18677100
7.597466945648193,7.672849511676158,7.570545077461232,7.656696288063637,17448300
7.6082353591918945,7.656695538788925,7.484392620943745,7.489777199454897,14188100
7.570544242858887,7.678233244239894,7.489777106696884,7.678233244239894,19092900
7.597466945648193,7.624389327336875,7.559775919385071,7.586698301073753,16980600
7.7913079261779785,7.877459139469227,7.549007510420905,7.5543915761253055,29542100
7.866689205169678,7.920533964916898,7.785922579050534,7.915149386241839,24177000
7.780538082122803,7.834382842435749,7.710540099116647,7.807460462279276,28366800
7.94207239151001,7.963610194404544,7.828998797938272,7.866689824628276,19896800
8.001299858093262,8.055144612908142,7.915148661190763,7.9205332393725785,24996900
7.355166435241699,8.318983989090322,6.919025809252468,8.173603951594483,157468400
6.030589580535889,6.359041668710347,5.965976181264271,6.294427755937077,150204000
6.18135404586792,6.33750373262576,6.154432181876773,6.326734576227989,84280700
6.779029846191406,6.838258674360449,6.644418452942178,6.709031860081602,96986200
6.698263168334961,6.849028308988472,6.639034336043635,6.805952701230826,44701900
6.768259525299072,6.811335122657253,6.682108330582711,6.714415285352159,27898100
6.542113304138184,6.57442026345937,6.348273088716162,6.531344660032254,59850100
6.520575046539307,6.558266582029107,6.4290392672809755,6.525959624966659,29661500
6.116741180419922,6.445193290119199,6.025205397077667,6.380579886613198,67720800
6.014437675476074,6.1328958568185294,5.93905510307601,6.068282443404944,54779700
6.132894515991211,6.262121314565682,5.8636717622102354,5.912131426549424,66887500
6.041358470916748,6.175969841842245,5.965975918337884,6.170585263764835,39647300
6.380580425262451,6.412886872991922,6.068282025201675,6.089819828188566,49077800
6.461345672607422,6.606726196721866,6.445192452206356,6.542112288114367,32913500
6.5367279052734375,6.585187564116379,6.429038405173763,6.44519213828967,26821700
6.639034271240234,6.660572074908828,6.547498477273277,6.617496467571641,29025100
6.563651084899902,6.63364906862095,6.536729217970166,6.5474978620417215,27907500
6.585188865661621,6.66595600669979,6.499037659355597,6.504422238125147,23507300
6.477499961853027,6.531344723410263,6.439808936863984,6.482884540709091,35357900
6.730569362640381,6.735953941370899,6.55288237254681,6.55288237254681,20253300
6.757490634918213,6.78441301065526,6.66057028766549,6.768259277112068,23818300
6.741339206695557,6.768261076086712,6.665956637295786,6.7036476652448,13670700
6.725183963775635,6.773644139437211,6.665955145467945,6.730568541849505,24632300
6.719801902770996,6.741340223134191,6.60672880187514,6.682110869139044,23508400
6.671340465545654,6.682109109389484,6.477499741339877,6.4828843200126345,37611000
6.687493801116943,6.719800246696269,6.41827102494799,6.47749985084455,32129700
6.816720962524414,6.951332357561631,6.649803120239227,6.649803120239227,25783800
6.725183963775635,6.886717711480348,6.644417346674092,6.886717711480348,35608700
6.784414768218994,6.800567992445218,6.698263040841745,6.784414768218994,30780900
6.779029846191406,6.789798490630453,6.601342848182561,6.676724899761033,21803600
6.994406223297119,6.994406223297119,6.85979486173943,6.87056401714481,24991800
7.026715278625488,7.112866493641302,6.98363967111758,6.989023736929759,32748700
7.150557518005371,7.204402284112288,7.005177471119488,7.015946116239824,27274300
7.0805583000183105,7.107480678404645,7.026714056747297,7.059020500009574,19052800
7.107481956481934,7.215170975890407,7.08594415260024,7.102097377136073,34941700
7.150557518005371,7.172095321747789,7.005177471119488,7.0644063030357005,35198100
7.376704216003418,7.527468832021264,7.199017218749815,7.225939599985573,42430900
7.263630390167236,7.349781596527738,7.193632406623905,7.301321928076227,29029200
7.247477054595947,7.333628259616133,7.123634312253164,7.295937235795223,27701400
6.902871131896973,7.139787438984858,6.870564689522397,7.10748048310864,35756100
6.924407958984375,7.01055965805627,6.811334399547933,6.902870162591794,27058600
7.010560512542725,7.085942552353957,6.962100336377426,7.005175934412883,16290700
6.822105407714844,6.983639181290514,6.719800461932845,6.902872037751824,25543500
6.800568580627441,6.8813352222458155,6.63365020418054,6.838259611582445,19876000
7.032099723815918,7.145173319742954,6.9405639312320435,6.9405639312320435,23143400
7.3120903968811035,7.376703800102975,7.290552595807147,7.3174749755250135,24432900
7.252861976623535,7.419779815876337,7.199017214186155,7.3982420136017275,16440100
7.182862281799316,7.387471611475193,7.172093126473518,7.376702456149395,24721400
7.252861976623535,7.328244027833816,7.155941609636934,7.182863990855624,20157700
7.209785461425781,7.269014281824499,7.182863083607583,7.247476482270271,12149700
7.441318035125732,7.457471772863149,7.29593799000116,7.3067066349910315,16859600
7.306706428527832,7.4036267982067265,7.2905532047485915,7.3982422191130714,15594100
7.3013224601745605,7.398242317642504,7.220555313199254,7.322860263334297,31453000
7.2151713371276855,7.231325075974027,7.102097732712169,7.220555916743132,20926500
7.1290178298950195,7.322858525841846,7.091326811683851,7.25824461819183,15113000
7.150557518005371,7.177479901058829,7.032099854172947,7.161326676627453,15595700
7.306706428527832,7.333628810494383,7.053637373146735,7.053637373146735,24468100
7.145172595977783,7.414395367247451,7.06979003516167,7.365935186258642,22478200
7.172094345092773,7.247476904676941,7.096712299010283,7.182863502248374,10311500
7.032099723815918,7.1128663579773415,6.9621017345752065,7.096713133845404,14459600
7.091327667236328,7.096712245773735,6.962100863348598,7.026714265292464,18815300
6.762876510620117,7.010561490630926,6.752107352857961,7.010561490630926,26146400
6.827490329742432,6.838258974654371,6.649803323930676,6.746723182145074,14451200
6.902871131896973,6.902871131896973,6.773644335395386,6.784413491854673,12317000
6.881333827972412,6.935178587142668,6.832873647419517,6.9190253647922635,11890100
6.881333827972412,6.924409429907945,6.784413980368303,6.870565184239369,14233100
6.665956020355225,6.913640995743282,6.649802797515178,6.9082564169627005,17633000
6.655186653137207,6.676724454079333,6.601342407532731,6.66595581035911,15322300
6.886718273162842,6.9190252307394,6.7628760483729895,6.773644691897395,17316500
6.741339206695557,6.768261076086712,6.649803412960744,6.649803412960744,16791200
6.725183963775635,6.730568541849505,6.552881573424808,6.622879547880238,18788900
6.692877292633057,6.8436418790157205,6.67133949457839,6.827488658850124,19688000
6.595956802368164,6.63364781977547,6.477498658871716,6.5851876468223045,22556300
6.714415550231934,6.784413527075763,6.51519077621564,6.6336484168729095,24177600
6.450577259063721,6.574419999062493,6.418270814543469,6.5421130410405635,25256100
6.482883930206299,6.504421730100606,6.4128859521743875,6.499037151751616,20354200
6.461345672607422,6.525959067713302,6.326734304428101,6.342887524829166,13452800
6.197509288787842,6.5582678998868165,6.127511295671439,6.525960936332413,50807400
6.240583419799805,6.26750579746838,6.116740687925016,6.127509844393104,32287800
6.143662929534912,6.229814125365118,6.132894286806952,6.213660904522362,20770500
6.3051958084106445,6.375193773739046,6.046741743082585,6.079048693811678,26257600
6.3267340660095215,6.531343399551723,6.310580846217179,6.51519017975938,18091000
6.348274230957031,6.391349842134714,6.154433980657459,6.240585203012825,14156700
6.4721150398254395,6.569034878897409,6.4721150398254395,6.525959280753948,28916700
6.676724433898926,6.800567174068097,6.655186633021897,6.692878169682955,28428000
6.7090325355529785,6.719801181076222,6.595958933299207,6.633649962883209,20874900
6.746720790863037,6.784412318449923,6.687491981085865,6.7090297767777045,14263900
6.714415550231934,6.978253722834459,6.644417573388104,6.66057079465925,28326100
6.719801902770996,6.789799903445921,6.660573062277668,6.757493449904768,19101800
6.805952548980713,6.816721193928354,6.698263018493877,6.795183390531334,21207000
6.6821088790893555,6.8167202602587675,6.612110899261061,6.8005670382989045,14184800
6.746720790863037,6.779027741151575,6.676722826489167,6.735952149767894,13842100
6.746720790863037,6.816718755236907,6.6982606221810075,6.719798417872848,16036300
6.687493801116943,6.8005673876479715,6.676724643589372,6.773645007330738,21973200
7.139787673950195,7.166710052482766,6.929793737598133,6.951331537723857,44946800
7.1236348152160645,7.23670840816402,7.080559209664626,7.193632802612583,22120500
7.231325149536133,7.306707210912133,7.182864959507688,7.263631600553911,19151600
7.064405918121338,7.17747950998349,7.026714892001194,7.166710865449899,17962200
6.929795265197754,7.075175833220241,6.90825746032425,7.064406674032602,13722900
7.247477054595947,7.29055265710604,7.0913278671214375,7.129018890942347,21125500
7.290552616119385,7.322859574571172,7.177479031790655,7.290552616119386,27063500
7.3820881843566895,7.538237366406471,7.349781226845642,7.441317007374996,14594600
7.285168647766113,7.409011399787434,7.285168647766113,7.333628832752642,19521300
7.344396591186523,7.371318454601958,7.290551837352398,7.317474214269461,10638600
7.1774797439575195,7.34978217012549,7.150557361493339,7.31209114277668,15995700
7.2367072105407715,7.274398744286893,7.161325170051804,7.242091788719023,11992000
7.231325149536133,7.2797853395645795,7.15055799498813,7.231325149536134,12291500
7.2367072105407715,7.312089764531376,7.220553989507655,7.306705186353125,13853000
7.500546455383301,7.549006635619352,7.468239497392042,7.516699677628093,25215500
7.155940532684326,7.473623453550561,7.010560517585493,7.4359324336178325,38848700
7.199016094207764,7.258244912873061,7.123633541223324,7.161325074466359,16019700
7.064405918121338,7.069790497138992,6.956716905276841,7.048252694570094,28408000
7.161327362060547,7.279785550732722,7.1128671706263935,7.145174136083094,18994600
7.193631649017334,7.252860982278636,7.015944676236709,7.015944676236709,14378700
7.435934543609619,7.500547959043733,7.328245004384317,7.34439874336918,30888800
7.452087879180908,7.522085875310709,7.382089883051107,7.457472458922074,19754800
7.430547714233398,7.538236707352394,7.419778558170687,7.532852129321038,15585100
7.538236618041992,7.586696792746807,7.495161021304739,7.532852040074431,15898500
7.5543904304504395,7.6351575657884005,7.5436217871730396,7.559775008839968,14536800
7.511315822601318,7.55439142840463,7.479009374999697,7.55439142840463,13012100
7.5436224937438965,7.5813135189976,7.473624508628656,7.511315533882359,15911500
7.559774875640869,7.640541496054109,7.527467919374584,7.619003696377135,11851100
7.495163440704346,7.565161436372775,7.430550024741593,7.543623631051857,12646500
7.371320724487305,7.4790102653169015,7.35516749876358,7.4736256855750645,14990700
7.2259392738342285,7.279784033875397,7.199016893813645,7.269014876466488,18275500
7.139787673950195,7.215169717639402,7.0859429168850525,7.172094117387952,14773400
7.145172595977783,7.252861601785313,7.1344034386461885,7.252861601785313,12055500
7.1290178298950195,7.134402407782789,7.042866637697145,7.10209545395778,17826100
7.085944652557373,7.155942648487108,7.075176006607606,7.150558068761332,20709700
6.994406223297119,7.1667091152720435,6.919024189465833,7.134402162557498,27454600
6.741339206695557,6.913641635607323,6.72518546885877,6.854412290542596,29837000
6.612110137939453,6.68749268757534,6.563649964137926,6.644417091641007,19317000
6.224431037902832,6.3213508916760945,6.192124077643936,6.310582247257605,27417500
6.3267340660095215,6.375194238888148,6.240582875781563,6.359041019095805,21088000
6.2675065994262695,6.272890664847587,6.132895207360856,6.181354877162969,21091300
6.445194721221924,6.4667325271728835,6.391349949593623,6.418272335407773,20536400
6.219046115875244,6.385963946416831,6.197508314724663,6.359042080104867,19123500
6.0844340324401855,6.159816071070258,6.025204700943271,6.057511655714463,13687700
6.2998127937316895,6.353657553802724,6.068281557830293,6.089819359158369,27767200
5.955207347869873,6.111356519496123,5.949822769727193,6.111356519496123,24040000
5.906746864318848,5.976744836027463,5.750597700815509,5.960591102439746,20501500
5.8582892417907715,5.982131505552468,5.83675143446257,5.949825051311083,16612100
5.750598907470703,5.949823708674987,5.702138723542309,5.9390545506901375,21986500
5.8098273277282715,5.9121317538886435,5.7075229015679,5.712906966680366,18706600
5.847519397735596,5.917517391744162,5.7452149532626295,5.755983598916839,19556800
5.799057483673096,5.8905927336585835,5.755981377177796,5.852901718164467,16527400
5.632140159606934,5.874440540900873,5.594449137528357,5.7882893398631765,24437000
5.535220146179199,5.653678311729238,5.492144542979492,5.642909154178464,15253000
5.562142372131348,5.680600534392605,5.53521999250356,5.545989149755347,21225400
5.615988731384277,5.702139959936372,5.545990729810244,5.594450924246254,12539100
5.772136688232422,5.831365516421219,5.669831741767929,5.69136954415492,20135700
5.922901630401611,6.003668265415482,5.874441443992592,5.944439433972093,29954000
5.8744401931762695,5.944438168251438,5.8313645952071855,5.885209349419356,16612800
6.052127361297607,6.062896517893236,5.987513962228788,6.014436340216209,17011500
6.100587844848633,6.2028927836299115,6.084434622646943,6.1705858257248565,16574600
6.105972766876221,6.159817015077808,6.0844349648952445,6.0844349648952445,16838300
6.2513532638549805,6.2513532638549805,6.100588638846461,6.105973218115058,18956800
6.31596565246582,6.353657187744669,6.159816473458187,6.197508008737036,20728700
6.359042167663574,6.429039637240508,6.2675063831378095,6.342888431451951,20107500
6.552882671356201,6.5744204737587,6.434424501391601,6.493653843124759,30558400
6.542113304138184,6.6659560491174155,6.5259600812284395,6.655186891509787,24857400
6.391348361968994,6.45057718524612,6.348272760767146,6.407501584044271,18225800
6.423655986785889,6.445193789623743,6.289044590673875,6.305197814426833,13757100
6.337503910064697,6.429039174500376,6.262121353674641,6.3859635747065315,15287400
6.235199928283691,6.305197917021109,6.219046704267897,6.251353152299485,13662100
6.235199928283691,6.294428758676092,6.175971097891291,6.245969086628709,14515800
6.175970554351807,6.25673718082434,6.1652013969545685,6.197508355644594,16533300
6.035974979400635,6.138279413779547,6.014437176715509,6.132895348234557,15789100
6.175970554351807,6.1867391982473565,5.992898986612264,6.025205431800602,16306100
6.159816265106201,6.229814241397387,6.127509822818973,6.229814241397387,14592600
6.15443229675293,6.240583495536602,6.105972119061702,6.2136611175412915,13501100
6.1921234130859375,6.208276634730915,6.07904983456778,6.095203056212758,12819500
6.165201187133789,6.278274768448106,6.143663386573999,6.154432543604728,18367200
5.852903366088867,6.041359523623702,5.842134721559239,6.009052563031378,35259100
5.955207347869873,6.014436166934439,5.7775198636729055,5.869055638091911,26433700
6.165201187133789,6.175970344164519,6.0521276058194715,6.057512184334836,21606900
6.052127361297607,6.202892472626504,6.035974139905815,6.159816359745641,12404600
5.949821949005127,6.041357710797634,5.9444373716052,6.019819914699489,19897800
5.982129096984863,6.030589272337391,5.917515701015368,6.02520469429786,12151800
6.1490478515625,6.2028926087187015,6.019821050589608,6.019821050589608,22547700
6.359042167663574,6.407501835793369,6.283659605847741,6.294428249820465,23397600
6.235199928283691,6.256737731471994,6.186739742734576,6.2405845074562,12863900
6.159816265106201,6.2405833978275576,6.1436630439625874,6.208276442038687,18703300
6.035974979400635,6.0736660057241725,5.998283953077096,6.030590400353923,22808100
6.014437675476074,6.105973472854094,6.003668516489595,6.084435668382899,14801700
6.003668308258057,6.111357840380687,5.998284242453321,6.052128495012891,13181400
6.127510070800781,6.127510070800781,6.0413588698794225,6.057512091676762,9959600
6.229815483093262,6.2621224453213955,6.170586651427051,6.175971230715365,17331100
6.272891044616699,6.294428848111024,6.208277634133725,6.245969175375098,13323000
6.197509288787842,6.342889341028245,6.186740129769119,6.337505275020649,19610100
6.482883930206299,6.499037151751616,6.3751949307347635,6.380579509083754,28137900
6.585188865661621,6.585188865661621,6.504422238125147,6.563651064085115,21694600
6.5367279052734375,6.569034344502065,6.4721145133145885,6.4721145133145885,16324600
6.531343460083008,6.531343460083008,6.353656500215672,6.4398076912420645,16135900
6.321350574493408,6.434424159473348,6.24596852684124,6.429039580783426,16008300
6.5367279052734375,6.574418922207367,6.455960780198682,6.4613453579039835,24896100
6.639034271240234,6.687494457870006,6.617496467571641,6.676725299284836,14029400
6.665956020355225,6.719800267655944,6.633649061173436,6.719800267655944,17273400
6.552882671356201,6.612111499587644,6.466731461746207,6.466731461746207,18869800
6.574419021606445,6.633647836755476,6.493652408812167,6.569034443819733,22387300
6.337503910064697,6.418270531302742,6.305196953468486,6.332119331715052,18263900
6.2513532638549805,6.256737843123577,6.192124432405641,6.213662235978286,60845500
6.1921234130859375,6.235199013140316,6.143663234649347,6.202892569850361,20027000
6.041358470916748,6.132894244226216,6.019820672108734,6.1113564454182026,13866800
6.030589580535889,6.1113567147516505,6.019820937408111,6.05751195860781,12915200
6.170586109161377,6.197508489735283,6.084434902126238,6.111357282700143,12458500
6.0844340324401855,6.159816071070258,6.0736648763492465,6.1275096298006915,13348100
6.170586109161377,6.18135475328992,6.089819480941358,6.159816951531135,15658300
6.062897205352783,6.170586216011454,5.992899220049221,6.089819586392879,12417400
6.175970554351807,6.197508355644594,6.068281547887866,6.116741215670373,15263700
6.402116775512695,6.4236545736123345,6.321349647512837,6.353656601413102,30538500
6.477499961853027,6.536729302266327,6.450577581074409,6.472115896498666,18666900
6.477499961853027,6.504422342631645,6.369810952240258,6.445193515720048,26175800
6.391348361968994,6.423655319621218,6.310581738090946,6.418270741095569,15572600
6.332119464874268,6.385963708998046,6.321350307948513,6.342888108298357,7450500
6.5367279052734375,6.574418922207367,6.412885185559449,6.450576202493379,17935000
6.461345672607422,6.48826804894361,6.412885497902607,6.472114828542544,20077900
6.515191555023193,6.5367293571265055,6.466731371915315,6.493653752919881,10652200
6.525959491729736,6.558266448132592,6.45596151410826,6.482883892193698,13333300
6.671340465545654,6.692878266734999,6.585188747286596,6.6121111271486965,22335000
6.665956020355225,6.7897982512984045,6.649802797515178,6.725184846436524,42420200
6.6228814125061035,6.6713416018113065,6.595959028058571,6.644419217363774,11778000
6.773645401000977,6.789798624729431,6.6821096107035265,6.698262834431981,13591600
6.9513325691223145,6.967485793237914,6.7574923392299,6.768260984139722,21931800
7.032099723815918,7.1128663579773415,6.9405639312320435,6.967485800284694,32018200
7.085944652557373,7.177480453888428,7.085944652557373,7.177480453888428,20446100
7.048253059387207,7.096713246050957,7.021330676407152,7.059021704478182,17965500
7.042867183685303,7.075174140014861,6.951331406503479,7.0374826053801005,17987200
7.11824893951416,7.188246909110552,7.053635547617857,7.069788767216535,13284100
7.145172595977783,7.220554643292212,7.12901885998039,7.188248198300796,27190300
7.161327362060547,7.225940779472152,7.150558202407715,7.2097875534947,23768800
7.252861976623535,7.306706225559206,7.166710767525095,7.177479411911544,5251400
7.263630390167236,7.285168191757362,7.220554786986986,7.220554786986986,14680300
7.306183815002441,7.350396684592192,7.273023899280639,7.273023899280639,18324000
7.289604663848877,7.372504201794944,7.289604663848878,7.328291325713998,11795700
7.295133113861084,7.328293042218363,7.245393484854754,7.289606371291673,8207600
7.433300495147705,7.444353983229948,7.344874698727045,7.3559281868092885,19410400
7.344870567321777,7.433296314003972,7.311710648786443,7.311710648786443,17770000
7.261972904205322,7.295132301812323,7.212233280735698,7.228812979539199,19213300
7.31171178817749,7.355925195467429,7.2067063293940405,7.212233071187671,18859600
7.306183815002441,7.389082813718478,7.250917464485764,7.284077380207567,24916400
7.17907190322876,7.2619714345879895,7.162492207780519,7.250917952916486,17937000
7.168020248413086,7.261972751421469,7.145913808120472,7.223286085615063,14055100
7.361450672149658,7.405663547947749,7.15696598981873,7.162492731058254,26080400
7.433300495147705,7.488566881440278,7.389087596937375,7.444353983229948,17567200
7.328291416168213,7.427770125048693,7.278551798198441,7.427770125048693,15928300
7.273026943206787,7.339346275347552,7.245393756383335,7.339346275347552,13701700
7.532774925231934,7.554881360090836,7.4001363160785205,7.444349185796325,22030300
7.322765350341797,7.477510432810203,7.289605426283296,7.477510432810203,23668300
7.416717529296875,7.449876924846313,7.378031392136167,7.389084348299616,14244400
7.350399971008301,7.366979672752615,7.217761302935359,7.261974192293007,26282200
7.0961737632751465,7.295131714065065,7.051960885321831,7.2896049725561305,30560900
6.631937026977539,6.714836028991158,6.598777109936691,6.681676639009311,40353800
6.73141622543335,6.797735532203752,6.676149872928514,6.770102355951334,25003800
6.604305744171143,6.714837954233505,6.582199302158671,6.687205297012278,21947600
6.637465000152588,6.654044698222148,6.44955999850058,6.521406059547471,26128300
6.4827189445495605,6.5379853036897915,6.405346674224111,6.510352124119676,23213800
6.576672554016113,6.620885438001564,6.532459670030661,6.537986412293631,17943900
6.759050369262695,6.825370217757475,6.747997412552976,6.786683551625668,21074000
6.875109672546387,6.9524824817911615,6.8640567152595,6.941429524504275,17816600
6.853002548217773,6.985641711860903,6.797736713170636,6.985641711860903,16383000
6.6540446281433105,6.742470386328482,6.620884705294324,6.742470386328482,37275400
6.4108734130859375,6.532458559853216,6.36113379529066,6.515878862941144,29912200
6.587725639343262,6.654044961302663,6.5766721554871355,6.593252381271325,30155800
6.698256969451904,6.753523327410004,6.698256969451903,6.742469844994764,24756300
6.593252658843994,6.6485184992739335,6.565619475099454,6.620885315529393,21709300
6.560091972351074,6.631938030933275,6.504826138328746,6.609831591912528,15698400
6.642991065979004,6.714836592656959,6.593251449771922,6.642991065979003,25402600
6.659571170806885,6.6872043511788455,6.620884507462508,6.659571170806885,16228000
6.549039363861084,6.698257703403859,6.526932923667372,6.681678005023352,19394100
6.311394214630127,6.344553608649373,6.2284952025229465,6.316920955986356,39728000
5.836105823516846,6.068223174652458,5.7974191591116675,6.051643476798292,50569600
5.697940349578857,5.979797316619498,5.659253685821057,5.90795125770825,41068900
5.626094818115234,5.841632487996599,5.5818819357262806,5.74215376615102,49291900
5.482402801513672,5.615041451455339,5.33871066721396,5.416083476542838,51569800
5.427135944366455,5.438189427727582,5.266864125043792,5.305550789748639,58968300
5.675832748413086,5.780838180979456,5.515560438768195,5.587406482970016,55830000
5.648200988769531,6.029537212873619,5.60951432323788,5.863738648326973,64799000
5.836105823516846,5.902425141992605,5.703466659506235,5.808472642387174,46153500
5.592934608459473,5.681360368741977,5.460295968035715,5.670307412236217,59129800
5.26686429977417,5.465822790402208,5.206071720448443,5.206071720448443,42161900
4.404711723327637,4.852367474617181,4.338392411328338,4.5870902266199876,59785500
5.1950178146362305,5.360816367669104,4.813681617013786,4.868947977044433,71490600
4.697622776031494,5.23370458157869,4.515244522185586,5.106592161803586,73917200
3.9570560455322266,4.244439999729603,3.653092394791852,4.100748154395677,77801900
4.808155059814453,5.1121189975106915,4.272073507920386,5.001586800273629,56593800
4.366025924682617,4.603670276008183,3.9238966170453113,3.9238966170453113,33107300
4.515244483947754,4.7749955357639555,4.261020173609554,4.487611303616826,30640800
4.089694976806641,4.432345292351576,3.8244174576751417,4.156014290707134,50289600
3.968108892440796,4.1891735126849365,3.780204189233352,3.9957420687948764,31102400
3.8575778007507324,4.354973270532377,3.796784953764307,4.194701435001453,36080700
3.6365134716033936,3.857578175602209,3.58677384073302,3.697306324497228,32474300
4.144961833953857,4.205754681306795,3.9902164761998997,4.062062544568865,32700300
4.443398475646973,4.553930671148821,4.144961284262441,4.255493479764289,32929700
4.598143100738525,4.675515893570599,4.399185168246235,4.598143100738525,25869700
4.332866191864014,4.504190959636407,4.244440173734652,4.272073353811866,21021000
4.443398475646973,4.5041910514082195,4.349445977705631,4.45997817320748,18079900
4.581564426422119,4.741836261766327,4.515245100803048,4.542878284909115,34289000
4.5041913986206055,4.642356785413374,4.388132716161876,4.388132716161876,27309500
4.5041913986206055,4.681043452115553,4.382605974195976,4.609197387736218,27479500
4.189174175262451,4.465504928390892,4.117328116201966,4.404712088914364,28712900
4.482084274291992,4.570510551083896,4.371552087125915,4.471031319104906,27421600
4.631303310394287,4.80815481704411,4.603670130715486,4.797101861408028,22663200
4.664463043212891,4.714202664836269,4.5926175087114585,4.620250163338577,19323300
4.697622776031494,4.846841634846736,4.6423564149016086,4.774995576201517,22372400
4.736308574676514,4.7528887980680175,4.609196691029249,4.669989262287631,18465100
4.74736213684082,4.907633942909598,4.725255699005784,4.863421067239526,20187000
4.564984321594238,4.6091972014159515,4.465505078465833,4.542877881683382,18345600
4.493138313293457,4.559457633810886,4.404712289073998,4.559457633810886,21048400
4.620250225067139,4.647883407122551,4.5262977223142,4.576037344602121,18665000
4.415765285491943,4.498664827234015,4.377079148914425,4.448925207600588,25888800
4.305233478546143,4.3549731026659195,4.200227751809704,4.332866661619255,21564500
4.404711723327637,4.432345165288291,4.316285973995239,4.338392411328338,21909700
4.34391975402832,4.542877981110034,4.338393012164871,4.382605892954239,27748900
4.238913536071777,4.34391924746616,4.067588511227108,4.327339287338825,45475600
4.354973316192627,4.404712679221587,4.288653989800961,4.366026537257905,26284500
4.482084274291992,4.520770935094401,4.305232774826269,4.465504577981841,24653700
4.841315269470215,4.8634217102279225,4.559457754515092,4.570511238423507,36265100
4.559457302093506,4.692095933478413,4.537350863529355,4.653409797755916,25434800
4.410238265991211,4.443397920498874,4.354972175145107,4.421291484160432,15991000
4.410238265991211,4.415764743311067,4.288652866129783,4.310759302468225,15604500
4.316286087036133,4.520771033016919,4.316286087036133,4.448924978037981,17398800
4.299706935882568,4.3549730376744655,4.24996731250508,4.3052334142969775,20273800
4.382606029510498,4.476558799409686,4.354973109920916,4.366026330462662,22828200
4.708676338195801,4.730782777607368,4.504191114814934,4.504191114814934,27540800
4.548403739929199,4.697622592928209,4.537350784369491,4.642356233952488,23699300
4.476558208465576,4.669989410646767,4.471031467159498,4.6423562311754365,20347500
4.520771026611328,4.609196778134249,4.432345275088406,4.603670036899303,27974900
4.553930282592773,4.570510505797684,4.343919129058091,4.3881320034864455,30912200
4.570511341094971,4.7086767306991595,4.5484043727815315,4.625777180701165,30860000
4.979480266571045,4.990533222555987,4.863421329904204,4.9407936029760435,35793000
5.012641429901123,5.078960770383582,4.940795345946976,4.990534983073636,32715500
5.123172760009766,5.222651479415805,5.073433136777186,5.167385641314476,23435300
5.04580020904541,5.189492344072744,5.0015873255076375,5.123173018766085,34691000
4.962899684906006,5.056852175783651,4.9131605959640545,4.985006649403374,23412900
5.034745693206787,5.172911057722375,4.996059559801314,5.172911057722375,31909200
5.288970947265625,5.300024431426265,5.084486233825983,5.150805557612424,28978600
5.1452789306640625,5.338710144457106,5.128698705750502,5.333183402819252,24760200
5.393976211547852,5.4160826498304635,5.189491525668929,5.244757357845926,37186400
5.4381890296936035,5.515561299322044,5.421609332924517,5.4381890296936035,26790500
5.67030668258667,5.670306682586669,5.537668059230722,5.554247755385456,29054600
5.841631889343262,5.935584386556273,5.786366055550307,5.869265069769279,35975700
5.990850925445557,6.012957365031518,5.76978600252685,5.813999408757866,41536200
6.101383209228516,6.261655030246708,6.024010406059383,6.20086245229467,46686600
6.228496074676514,6.245075774007731,6.05164401592668,6.162176223233364,31123800
6.20086145401001,6.222967890348089,6.062696095132258,6.084802531470338,19166500
6.090331077575684,6.23402269283582,6.046117664735057,6.228496477407518,30075000
5.664780139923096,5.869264823190306,5.626094005187397,5.813998991719173,30162500
5.874792575836182,5.913478717231934,5.675834599581983,5.841632649597575,31964800
5.863738536834717,5.863738536834718,5.56530133714884,5.581881562229626,33837300
5.891371250152588,6.007430181201295,5.758732622399512,5.979797001987973,43970200
5.935584545135498,5.957690984655107,5.813999391307195,5.858212270346413,34889800
5.8305792808532715,5.847158979273237,5.764259960114301,5.791892615127873,34436100
5.697940349578857,5.84715868188754,5.68136012494305,5.808472545188823,43773700
5.780838966369629,5.880318199096565,5.736626091170779,5.769785484040393,17825600
5.968745231628418,6.068223958665133,5.9245323469322875,5.968745231628419,24413500
5.747679710388184,5.924531758671818,5.703466830082052,5.919005016868774,18254600
5.836105823516846,5.836105823516846,5.675834005435655,5.775312719619747,32098700
5.631620407104492,5.791892219713302,5.59293427107932,5.720046689112003,18614800
5.642673015594482,5.708992321528741,5.581880450252827,5.681359145624718,14625700
5.697940349578857,5.7532061838542985,5.5597749733016295,5.598461110000347,21777400
5.681360244750977,5.775312744765478,5.587407744736475,5.731099865589136,22874200
5.753206253051758,5.863738449991165,5.725573072052135,5.753206253051759,17517400
5.858211994171143,5.935584265312646,5.82505207292545,5.8526852527870155,22903600
5.7863664627075195,5.924531847500522,5.7863664627075195,5.891371923244191,15840200
5.946638584136963,5.996378209469015,5.863739032897165,5.946638584136963,22815900
5.874792575836182,6.029537668478336,5.813999992634408,6.012957968888606,19137300
5.963217258453369,5.9797969550275365,5.819525149319782,5.841631587105022,23732700
5.957690715789795,6.140068965360774,5.941111018663089,6.0461164698776555,25884400
6.4108734130859375,6.432979851321721,5.93005745910429,5.963217379987496,48474200
6.37771463394165,6.510353287101332,6.256128938349031,6.488246844908052,23632600
6.2340216636657715,6.350080601446795,6.228495449149788,6.333500903780673,27862000
6.250601291656494,6.327973558084517,6.250601291656493,6.316920603048672,25853400
6.322446823120117,6.355606742377629,6.245074556617651,6.256127511664131,20665900
6.33350133895874,6.399820661239147,6.272708758633148,6.322447855049112,27836500
6.399820327758789,6.4771931299171,6.361134190209181,6.4771931299171,28233600
6.2395501136779785,6.444034864413274,6.2395501136779785,6.4053487169133945,27353300
6.222969055175781,6.267181936127795,6.129016551387973,6.2008626146997745,36014200
6.5821990966796875,6.598778795906679,6.272708918166546,6.333501500038272,42063100
6.488245964050293,6.515879144805145,6.405346948844824,6.444033085666165,20529100
6.681678771972656,6.714838172539834,6.571146558316777,6.582199516152781,24691900
6.549039363861084,6.670624521396943,6.455086861273033,6.593252244248506,29433700
6.432980060577393,6.521405816396889,6.40534688011903,6.515879074893402,18876900
6.311394214630127,6.532458598288652,6.261654596542193,6.5214056426352585,28077800
6.350080966949463,6.355607708842644,6.145596260433794,6.178756184733767,75671000
6.499299049377441,6.604304497347974,6.471665870313917,6.499299049377441,26444700
6.372188091278076,6.504827275652685,6.35560839087844,6.432981204508698,26619900
6.167703151702881,6.2561289202197585,6.112437309909411,6.250602704981819,42556500
6.278234481811523,6.366660764985557,6.178755769711742,6.300340920840262,42324800
6.173230171203613,6.388768386936428,6.156650470626991,6.355608458724003,30996700
6.250601291656494,6.311393862001232,6.162175016074554,6.222968113478327,26197700
6.2340216636657715,6.350080601446795,6.200862268333528,6.339027645355742,17539900
6.261654853820801,6.27823455151165,6.195335535998319,6.256128112237489,17319600
6.278234481811523,6.372186979448431,6.206388423203355,6.289287964855433,28306900
6.4108734130859375,6.504825907352783,6.355607053966948,6.416399627350588,26357700
6.256127834320068,6.455086306008225,6.234021396027947,6.4219263850405115,20971900
6.28928804397583,6.294814785567312,6.09033009021426,6.095856304746654,24466300
6.123490333557129,6.211916103028702,6.079277448821343,6.162176475936152,22804600
6.24507474899292,6.250601490215925,6.173228694271007,6.217441569936946,20285500
6.20086145401001,6.211914408649541,6.090329272319612,6.1842812314621876,23660100
6.106908321380615,6.250600405897562,6.040589019386401,6.206387010842458,26074600
6.040590763092041,6.184282362028727,5.968744700094142,6.167702663508939,16175300
6.24507474899292,6.289287624658859,6.123489077382063,6.140068773992027,16052000
6.079277038574219,6.222969167798345,6.068223554606613,6.217442425814542,18476000
6.355607509613037,6.405347130974247,6.195335689148638,6.211915387249341,20222200
6.316920757293701,6.3832400703052485,6.234021220734981,6.3832400703052485,25120500
6.211915016174316,6.33902743284412,6.134542744953545,6.228495240343683,27030500
6.28928804397583,6.322447439406549,6.123489485644978,6.261654863077507,20092400
6.101383209228516,6.195335710555639,6.046116845956407,6.095856467489484,25425900
6.256127834320068,6.305867452242108,6.200862002119297,6.27823427261219,25713500
6.123490333557129,6.305868614857037,6.084804191178106,6.261655730121251,21228700
6.449560642242432,6.482720041691249,6.322448205530896,6.350081389777678,45763700
6.493771553039551,6.560090858844791,6.410872552547748,6.560090858844791,32208500
6.543512344360352,6.6761509798938246,6.50482620742786,6.587725222871509,44035400
6.405346393585205,6.532458276155867,6.377713215225788,6.504825624855489,21364400
6.565618515014648,6.598777909011914,6.2948145134477045,6.300340727741205,34170400
6.361135005950928,6.615359357576309,6.361135005950928,6.521406845428288,46196400
6.151123046875,6.250602293436256,6.007430918966322,6.222969110829339,41534200
6.13210391998291,6.2185525308011105,6.045654759537846,6.212789143512733,29599100
6.137867450714111,6.183973454973553,5.98802321168439,5.98802321168439,84017800
6.166682720184326,6.258894711946609,6.080234115313893,6.137866335351907,73935000
6.189736366271973,6.201263141262676,6.045654976649477,6.045654976649477,45987900
6.045655727386475,6.293475924191569,6.022602724169277,6.270422920974371,37726900
5.999549388885498,6.178210566150353,5.993786000993456,6.034129166610829,28434600
6.097524166107178,6.183972777212159,6.034128554605315,6.085997941119051,27303800
5.999549388885498,6.120577786483775,5.930390383061757,6.097524784542528,21543500
5.988022804260254,6.074471418958025,5.9419168031378575,5.953443028605013,24827800
6.19550085067749,6.218553855113536,6.068709051465745,6.091762055901792,23405500
6.051417827606201,6.299237971664947,6.011075217969414,6.264658199385676,25228400
6.19550085067749,6.270423252501386,6.097525444417548,6.155158230321154,30304400
6.368396282196045,6.374159668561014,6.172445542801277,6.195498538634381,28357800
6.449082851409912,6.460609626568167,6.368397623809692,6.43179323829942,26233200
6.466372013092041,6.512478007333637,6.443319015971243,6.4951883968997395,14906300
6.460609436035156,6.506715436054659,6.3222914359766476,6.345344435986399,22460500
6.535531997680664,6.547058223179339,6.460609608245169,6.4663729958079506,28812000
6.443319797515869,6.500952022494981,6.379923635523912,6.414503410212878,16506000
6.39145040512085,6.477899017332958,6.39145040512085,6.466372792197217,11870300
6.414503574371338,6.529768576906268,6.402976799304401,6.437556574878324,16480400
6.39145040512085,6.48942579209557,6.36263401784119,6.39145040512085,17613900
6.489426612854004,6.535532618482026,6.374161598783948,6.397214601597959,21332900
6.512478351593018,6.59892695795911,6.460608967922627,6.483661966262041,20007200
6.518242359161377,6.58740136076398,6.414503581944026,6.50095219654056,29461400
6.4202680587768555,6.512480076558781,6.362635272849661,6.489427072113299,18734800
6.362634658813477,6.437557053437532,6.356871270851567,6.391451048996102,25867000
6.068708419799805,6.264659211924008,6.039892029847377,6.2358428219715805,26833700
6.20702600479126,6.270421613007933,5.988022245097066,6.034128241914072,32565000
6.091761112213135,6.230079667029149,6.022602109618575,6.166683502430631,33879000
6.178210258483887,6.2127894848602985,6.132104256897408,6.178210258483887,10000400
6.333817005157471,6.35687000277956,6.253131788293565,6.299237783537745,27845500
6.247369289398193,6.385687294789389,6.218552900868304,6.322291679725149,25124600
6.529768466949463,6.575874467187042,6.385687078800309,6.397213853673143,24749700
6.783351898193359,6.817931122947968,6.616216963247572,6.62774373791702,25898600
6.800642013549805,7.054225029137249,6.760298848849803,7.036935415481195,41421800
6.760297775268555,6.8813261508946155,6.702665555691797,6.766061162114277,40528800
6.823694229125977,6.840983840790896,6.748771845742196,6.8006412303638015,27244400
6.621980667114258,6.771825447218483,6.587401440706756,6.754535834014733,18307900
6.7314839363098145,6.731483936309814,6.575875743095379,6.6335085293882035,34190900
6.950486183166504,6.9562490207911605,6.725719026999096,6.760298251254476,74107400
7.238649368286133,7.394256985676135,6.996592586011114,7.01964558672174,53277200
7.146437168121338,7.3078087306778965,7.129147554142749,7.2789923409623025,24819700
7.353915691375732,7.37120530760431,7.215597662293133,7.23288727852171,31339700
7.3078083992004395,7.359677788410362,7.2617023975975945,7.3308614000018615,17653700
7.601734161376953,7.601734161376953,7.42307353929721,7.492232542969392,49044900
8.074320793151855,8.091610405126232,7.6420766464044565,7.653602871178423,65536300
8.241455078125,8.258744689897034,8.04550431261912,8.080084085790036,57687200
8.489274978637695,8.50656514064696,8.333667367942388,8.356720367661207,33007800
8.391300201416016,8.535381588084633,8.29908765226153,8.523854813330244,42430500
9.01373291015625,9.036785913010789,8.742859714395196,8.783202331983906,52575100
8.835071563720703,8.990679742354189,8.552672146526893,8.667937158684884,50382300
8.84083366394043,9.065600267501281,8.800491052968349,8.938809047409928,35956800
9.250024795532227,9.313420958874474,9.059837954386138,9.082890954794168,44203800
9.382580757141113,9.38834414480182,9.284605365416683,9.324947979787837,42044100
9.330711364746094,9.480556146119694,9.278841975068548,9.296131038791865,28022200
9.273078918457031,9.405633541585697,9.186629749365933,9.388344477245164,29604200
9.79753589630127,9.826351738647643,9.451740291875145,9.474793845155384,42094300
9.716849327087402,9.751428553016368,9.624637325107646,9.65921655103661,31929200
9.486316680908203,9.682267428077347,9.411394853698162,9.653451594362776,30601700
9.607348442077637,9.66498122580429,9.543952270052925,9.653454449208175,16439100
9.762956619262695,9.78024568488683,9.509373030654153,9.613111821414645,16764200
9.930089950561523,10.051118899713886,9.895510721912503,9.935853338545337,29416300
10.010774612426758,10.06264289711729,9.92432490635063,9.958905228482552,25577300
9.79753589630127,9.872457745954199,9.62463864371517,9.641927709421424,25899100
9.682270050048828,9.716850378975025,9.567005584723182,9.664980984839621,19819500
9.699560165405273,9.774482012524937,9.659217547782848,9.716850329780836,15523200
9.734137535095215,9.751427696167312,9.647688928242074,9.739900922119247,9039900
9.641923904418945,9.76295281287059,9.57852885642379,9.739899268687996,18639400
9.705323219299316,9.797535227618951,9.590057659272848,9.751429223459134,21124200
9.768719673156738,9.780245350093647,9.613111492342714,9.630400557375019,19434900
9.659215927124023,9.780243759684804,9.653452539965839,9.768718084622137,8228600
10.028064727783203,10.200963058846408,9.912800272994858,10.085697504804273,44854800
10.195199966430664,10.200963354225033,9.849404393545203,9.883983621057602,38460700
10.466073036193848,10.575575210371797,10.195200394020889,10.270122239982305,38234200
10.909841537475586,10.950184145288175,10.535230194461187,10.598625249915132,71389700
10.90407943725586,10.915606212063318,10.66778604997168,10.88102588764094,42156400
10.725419044494629,10.7542348828499,10.540995040811842,10.587101041732538,36916800
10.783050537109375,10.846446699513155,10.61591669884544,10.644732536708748,25180300
10.460307121276855,10.662021256796702,10.385385293414194,10.633205422831127,21136400
10.915603637695312,10.915603637695312,10.610150772859026,10.66202014800582,25737600
10.1663818359375,10.540994303889445,10.149092773834527,10.535230916770555,33742200
10.149093627929688,10.200963017111057,9.964669621619839,10.16638269148762,29263400
10.056880950927734,10.270120781715494,9.901272793809932,10.258594007280019,21869500
10.068406105041504,10.229777641025619,9.976194112837339,10.218250867186685,33202800
9.918560981750488,9.93008775516972,9.688031009633931,9.751427164186092,23447600
9.768719673156738,9.91280107777997,9.624638268533504,9.91280107777997,16259900
9.895509719848633,10.085697107039804,9.86093049470126,10.005011881944686,24582600
9.515135765075684,9.73990239677505,9.440212821673333,9.636163613143392,29628800
9.65345287322998,9.728374710365493,9.35376332618045,9.520898261776676,27265100
9.307657241821289,9.515134787774553,9.273078017246988,9.428686176711937,22826400
9.647688865661621,9.739900858940654,9.3364736631583,9.492080714783127,25607800
9.440211296081543,9.65921560374578,9.411395460509038,9.647688829815312,31693300
9.734137535095215,9.976194293836214,9.601582931303486,9.630398767169975,38262100
9.509370803833008,9.739900785287318,9.469028194485212,9.711084949825652,31559000
9.947379112243652,9.98195833740857,9.636162787998149,9.64192617540126,23718600
10.17214584350586,10.298938169347727,9.993485228937676,9.999248616408101,37457800
10.1663818359375,10.17214522305639,9.837876464936672,9.930088460331511,25655600
10.17214584350586,10.25859445705474,10.085697229956981,10.195199393387567,27846100
10.010774612426758,10.229777822993883,9.970430903272849,10.18943521309365,17275500
10.08569622039795,10.149092376973048,9.872455302352215,9.918561298246745,10500800
10.391148567199707,10.419964400852315,10.252830587010724,10.281646420663332,17515200
10.298938751220703,10.47183598808687,10.17214641821528,10.37386059406169,29903400
10.362334251403809,10.431493808592029,10.189437007314066,10.37386102747749,23664300
10.500651359558105,10.644732750272833,10.40843935744098,10.419966132519065,30013600
10.102987289428711,10.419965902296152,9.849403739582508,9.924325577427153,43032900
10.316227912902832,10.345044852155562,9.82058864954806,10.074171119449074,32639600
10.402676582336426,10.460309361866074,10.177909951350019,10.229779343001319,20345600
10.028064727783203,10.48912584469796,9.930089336623524,10.437256455304377,31641600
9.739901542663574,10.154856640801967,9.705322317569957,10.154856640801967,30064700
10.102987289428711,10.241305289548345,9.889746352210683,10.005011901937252,34783500
10.34504508972168,10.425730322974529,9.935853336966815,9.953143500915507,36881000
10.30470085144043,10.443019957510113,10.022301450117947,10.17790962000599,42451000
10.08569622039795,10.512176957235768,9.935851458927313,10.40267480476614,37424400
10.692659378051758,10.698686945273609,10.306904272980502,10.318959407424202,40994500
10.379232406616211,10.758961080432904,10.337040587223434,10.58416508621614,47401300
10.252656936645508,10.367178410323362,9.878955830263441,10.126080328971911,37627400
10.379232406616211,10.427451793013791,10.077860954221121,10.174299727016281,45183100
10.861427307128906,10.933755811151666,10.650467062720976,10.650467062720976,30339000
10.620329856872559,10.698685923995084,10.487725689931812,10.63238384052471,26400700
10.391288757324219,10.4274530139466,10.25868571661482,10.409371460455905,20839400
10.361151695251465,10.58416594430537,10.318959872438075,10.56005682397241,17837500
10.584163665771484,10.632383045697797,10.264710704874929,10.312930084801241,21525600
10.415397644042969,10.764988477310803,10.367178258407433,10.487726147675852,21987200
10.39731502532959,10.451561978302578,10.192382347351826,10.37320475750122,29946100
10.252656936645508,10.294848755989756,10.005532437937038,10.126080328971911,25653900
9.993477821350098,10.306904423621852,9.963341134441276,10.246629900163297,38210900
10.05978012084961,10.300877070045452,10.01156073101044,10.150191333092934,26472000
9.848819732666016,9.987450332967605,9.674023728218945,9.957313645820623,32105100
10.089916229248047,10.144163183408592,9.812655040997155,10.089916229248047,31425000
10.222519874572754,10.282794399467925,10.083889272062518,10.120054676784186,22626500
10.258684158325195,10.258684158325195,10.089915736988274,10.22854632435031,20101100
10.475671768188477,10.511837172249951,10.246629957337063,10.252657524680643,26083700
10.31895923614502,10.554028605690908,10.204437760112537,10.481698949870161,20811700
11.01814079284668,11.066360179591793,10.722796905327751,10.740878456831629,38306900
11.036223411560059,11.211019423939515,11.012114290676566,11.042250979191175,22398900
11.241153717041016,11.355675178346539,11.096495573642803,11.102523139989486,29545700
11.349647521972656,11.440058717174292,11.229098495276663,11.355675088271528,24584800
10.981973648071289,11.241153241818136,10.963892099436372,11.168824747997101,19611300
10.903618812561035,11.084441217059434,10.879508545486148,11.060332099625358,19816000
10.963891983032227,11.06033074019683,10.825260263672522,10.89758990636631,16911500
11.397868156433105,11.482251794617659,10.969921248907612,10.969921248907612,25259200
11.632935523986816,11.693210033623979,11.518415220280925,11.663073353625723,25754300
11.771568298339844,11.771568298339844,11.458141739787868,11.578689620248875,27685400
11.711296081542969,11.886090944887874,11.693213378586883,11.753487905466187,27786100
11.548553466796875,11.717321886745596,11.482251382238305,11.717321886745596,25122800
11.705268859863281,11.765543388524119,11.32554128368973,11.506363720031228,20570500
11.723349571228027,11.759513822422804,11.452114813165156,11.717322004422094,30103800
11.84992504119873,11.892116859256296,11.72937600419927,11.831842340756566,16821800
12.024720191955566,12.139240504519941,11.952390544867932,12.066912007073045,24744500
12.23568058013916,12.27184598238303,12.006638780798957,12.103077554167553,29662700
12.633490562438965,12.65760083013349,12.211571224552353,12.229653925323245,32434900
12.693765640258789,12.729931043390993,12.458696268103905,12.675684088333576,32035800
12.127188682556152,12.512943803393568,12.06691415751507,12.40444988824781,36748500
12.10910415649414,12.265817438143216,12.091021456812827,12.163351105897313,22234200
12.283900260925293,12.380340186243721,12.036775754546486,12.054858456101359,28749600
12.494858741760254,12.657599583750825,12.434584228099961,12.579243520740953,26637300
13.169930458068848,13.200067138322746,12.657598846267964,12.735954904712495,40997500
13.308564186096191,13.380893845373429,13.145823314953107,13.278427498687886,34101600
13.290482521057129,13.875143959389112,13.266373399177192,13.845006119987914,42773100
13.688291549682617,13.7184293863221,13.14582313622202,13.218152794515861,42737300
13.061437606811523,13.615961074853445,12.995135525419753,13.50143961144241,34745800
12.820342063903809,13.109658386872706,12.66362876821877,12.760067542541735,38785400
12.675682067871094,12.826367774647133,12.5370503439102,12.711846315597946,29950900
13.01322078704834,13.06144017856183,12.663629911165305,12.669657478809613,37285900
13.200069427490234,13.284454216188418,13.031302149375582,13.115685788432907,40717500
12.72390365600586,12.898698508384678,12.52499853453153,12.78417702946282,48593500
12.69979190826416,12.78417554099178,12.567188892600644,12.76006642434422,29093400
12.326091766357422,12.70581925675489,12.241706985437398,12.657599874646627,35357500
12.422533988952637,12.494862507430593,12.19349099794327,12.253765529768948,24307000
12.139243125915527,12.59130035632022,12.084996166295687,12.585272788624572,39800700
12.476780891418457,12.549109409541558,12.054860320349787,12.066915456583994,34008100
12.741984367370605,12.832396720871744,12.62143647877047,12.675683431014821,41706800
12.971029281616211,13.061440499218463,12.627465964943049,12.705822046960733,39084900
13.380894660949707,13.742539530455643,13.296509861709453,13.712402841210482,41512100
13.664180755615234,13.760619521762223,13.248287858080863,13.284453257616565,43409400
13.501440048217773,13.555686998449444,13.266370696974391,13.495412481565277,25924600
13.531579971313477,13.676238144392183,13.417058486510806,13.670210576808783,20679100
13.42911434173584,13.477333735347559,13.31459285079262,13.31459285079262,27500600
13.188013076782227,13.423083570476853,13.133767277850433,13.380891754840594,26471000
13.350753784179688,13.501439495399866,13.16993139057177,13.23020590498799,31167600
13.398978233337402,13.483363045291116,13.260347602497898,13.338703696125085,34421600
13.501440048217773,13.549659431796949,13.344726764175256,13.489384914912781,22649700
13.579798698425293,13.700346595276828,13.42308539784148,13.597880250650524,25956000
13.344727516174316,13.501440809047905,13.188014223300728,13.447193855759323,30966500
12.952945709228516,13.175961104016947,12.832397810393386,13.15787840185326,32532300
12.705820083618164,13.03130179626104,12.5852710456821,13.00116396195661,32693900
12.965002059936523,13.007193885967856,12.772124483998407,12.940891788123741,30869900
13.260345458984375,13.308564851031408,12.910754579233155,12.910754579233155,25854900
13.567741394042969,13.573768960367731,13.266369975649232,13.308561790281837,25061600
13.742537498474121,13.935416189903375,13.688290546141024,13.724455947456978,31702200
13.912137985229492,14.047327358986287,13.721645252817591,13.832254314235405,26017200
13.936718940734863,14.243965826828475,13.930573862366527,14.084197305413333,32446600
13.783095359802246,14.071907007901586,13.721645748787493,14.053472945034851,26978300
14.010455131530762,14.102630119176002,13.856831714860231,13.862976792173491,20723800
14.016600608825684,14.090340366635402,13.764658292060812,13.930571868092416,23643800
13.58645248413086,14.059611617069356,13.525002895993024,14.047322637084514,26176100
13.813817977905273,13.856832349012974,13.598744950313067,13.8015278227163,20370600
13.494282722473145,13.672486479624895,13.365239592442313,13.611036867777607,26079700
13.475848197937012,13.697066324191088,13.365239134809972,13.555731870165527,25089200
13.371386528015137,13.445125134830521,13.014980136263391,13.137878204973704,24261500
13.776949882507324,13.887558944719812,13.457412852127653,13.58031207059793,16302300
13.71550178527832,13.789241558900372,13.525009030497772,13.59260372531349,16920500
13.764659881591797,13.82610949152043,13.629471677391862,13.697066365518742,13555700
13.92442798614502,14.096486654438072,13.838399238025387,13.992022672269753,20484400
13.850689888000488,14.084197000675577,13.727790667400653,13.930573560952698,17296400
13.561874389648438,13.924425729472283,13.555729312628115,13.924425729472283,22619900
13.119440078735352,13.279208573457874,12.990395798667533,13.248483186749509,26132700
13.291497230529785,13.346801753196571,12.818338007346961,12.996540557676006,20235500
13.549588203430176,13.598747661934873,13.254631452401997,13.291500753267034,18644200
13.481990814208984,13.555729394792607,13.29764201864272,13.500424873328088,13670100
13.488137245178223,13.623325437853847,13.365238035797674,13.611035282505048,19138100
13.850689888000488,13.899849341829656,13.586457384148526,13.604891446800819,16925600
13.623327255249023,13.770805622947531,13.537298500438364,13.678631789642699,18721800
14.096487045288086,14.151791576913777,13.770804933720553,13.795385246467003,23867000
14.053474426269531,14.22553194878107,13.93672027024101,14.164082331289535,30116800
12.916658401489258,13.592601734483075,12.885933011957768,13.561876344951584,41709200
13.03341007232666,13.371382291315655,13.02726616708375,13.217758875062563,25974900
13.35909366607666,13.377528900076818,12.855208990610189,12.996542268450046,35585800
13.328368186950684,13.451266219161315,13.205468982686376,13.340657169734174,30837700
12.89207935333252,13.131732726949938,12.842919897318104,13.076428192426985,33534000
12.867500305175781,13.057993052113883,12.84906506951575,13.033412737900507,22708200
12.806051254272461,12.873645949274822,12.560253961610156,12.701587258384238,16929400
13.002686500549316,13.12558570844749,12.81833886075577,12.824483938356048,17605000
12.922801971435547,13.10714959889792,12.867497448786107,13.033409844680792,13997900
12.830629348754883,12.959673649388414,12.806050207524686,12.904369116553164,16958200
12.683151245117188,12.830629611682053,12.621702804755563,12.812195548395115,15920100
12.677005767822266,12.726165221797217,12.400484278733352,12.547962640658206,20530000
12.492656707763672,12.738453950079855,12.308309069039963,12.720019889439705,25808200
11.865873336791992,12.259150112327067,11.859728258980878,12.173120195025215,39041200
11.097756385803223,11.318974502667304,11.060887090343797,11.269815051370148,57005800
11.20221996307373,11.263669567996635,11.04245145909567,11.091610908623247,30253300
11.005582809448242,11.1592062447248,10.993292653333206,11.122336948433489,28666100
11.626221656799316,11.798280326665576,11.448017908860638,11.491033455367555,42029000
11.724539756774902,11.755263972973479,11.50332164957324,11.59549664227641,17660600
11.53404712677002,11.730684924886212,11.49103275493882,11.570916420903373,14722900
11.945758819580078,11.964192881952375,11.650800929031403,11.663091085315475,15286100
11.87201976776123,11.976483758349351,11.785991012707676,11.921179223799529,15768400
11.718396186828613,11.810570019337273,11.632367432761049,11.80442494089618,22341700
11.724539756774902,11.829003732725273,11.417292906574245,11.454162200423282,21833900
11.718396186828613,11.896599945458709,11.632367432761049,11.761410563862396,19720400
11.724539756774902,11.902743492477068,11.693815540576324,11.87201810422477,20575400
11.497177124023438,11.706105085957017,11.497177124023438,11.663090712391945,14956400
11.048598289489746,11.28210659082867,11.017874068181214,11.28210659082867,33248600
11.091611862182617,11.196075847916331,10.796655139659359,11.085467956010483,44470800
11.079320907592773,11.337408286919425,11.073175830459565,11.214509088362497,29854800
11.116191864013672,11.183786550553883,11.048597177473459,11.165351316391881,21016500
10.956422805786133,11.232945444192639,10.894973200356494,11.232945444192639,28829000
10.82737922668457,11.030162095501838,10.716770176047207,10.882682579949563,27295200
10.274334907531738,10.526277247085805,10.25590084545214,10.458683732704285,41691100
10.022393226623535,10.176016671669498,9.795030598278743,10.163727686826764,58015900
9.622970581054688,9.70899990405976,9.291144029502002,9.653695381129843,69326400
9.758160591125488,9.825754691068164,9.506218253307365,9.690566491182812,33936700
10.089986801147461,10.397233657245675,10.028537195517071,10.354219284920523,53406800
10.062150955200195,10.313365177775552,9.953517847870787,10.021413863703865,49957700
9.838093757629395,10.021412588550044,9.776987480655844,9.885621221666772,35663800
9.872041702270508,10.07572907513115,9.641196056195401,9.885621162629894,55514900
9.369613647460938,9.783777490153266,9.342455373309054,9.763408946415435,41274000
9.485036849975586,9.66156531519907,9.33566601247477,9.47824711929274,44462700
9.471457481384277,9.78377797330647,9.457878667389936,9.70909287757669,42957800
9.641196250915527,9.756619076284238,9.512194612417492,9.702302528758295,25893100
9.430719375610352,9.647985556141363,9.41035018555735,9.559721008424566,34494000
9.328875541687012,9.491825180121577,9.308506998758768,9.437508633976723,35044300
9.532562255859375,9.586878798257093,9.17271500059842,9.206663001473059,31006800
9.817726135253906,9.912780424739266,9.627618203787563,9.647986748854292,35423400
9.892410278320312,10.082518838960347,9.817725188607355,10.028202292350139,28083200
10.014622688293457,10.25225806193265,9.92635813944188,10.18436205589165,35259000
9.973885536193848,10.048571276690604,9.905990173701927,9.987464997194836,13992400
9.790567398071289,9.858463408434128,9.68193429949422,9.776987936996983,26261800
9.817726135253906,9.93993870066303,9.770199314263413,9.872042687101434,28393600
10.034992218017578,10.143625320363498,9.872042564498699,9.885622026044121,22290400
9.912778854370117,9.919567936647262,9.647985220433396,9.81772457994313,31198900
9.647985458374023,9.831303634463346,9.57330037144938,9.817724822069904,28358300
9.403560638427734,9.573299995457086,9.349244095978683,9.444297721512392,44766900
9.057293891906738,9.084452168220373,8.744973390547734,9.002977339279466,75025000
9.17950439453125,9.260979205147866,8.969027314810152,9.084450125059748,42785900
9.437509536743164,9.518985011258474,9.267770151927609,9.322086703268237,22458500
9.362824440002441,9.423930722133324,9.267770151409472,9.383192984877947,17550000
9.14555835723877,9.362824565501365,9.098030888553046,9.328876558584241,32442400
8.962238311767578,9.084450861349884,8.921501226909669,9.03013431653648,33663100
8.6431303024292,8.812869709601848,8.57523492806281,8.738184603547486,39768900
8.744972229003906,8.75176195905657,8.554864320059384,8.643128220726831,24803500
8.357967376708984,8.575233576443276,8.256123359955273,8.486969020925132,56967600
8.181439399719238,8.37833708239693,8.12033311069781,8.3579685352246,84904900
8.004908561706543,8.215385662737196,7.977750288751391,8.140699926482302,52008600
7.882696628570557,8.059225740391476,7.869117814778983,8.038857195951941,54864400
8.30364990234375,8.3783356416399,7.950592339550021,7.964171152828385,55868000
8.222175598144531,8.337598432051555,8.072805405150804,8.269703066373781,44061100
8.133910179138184,8.249333000829166,8.093173093543896,8.140699909238664,42798600
8.588813781738281,8.711026362641938,8.520918407073049,8.595603513456142,42531700
8.520915985107422,8.75176161786398,8.453019982236338,8.493757713459843,32568600
8.371546745300293,8.548075868036802,8.36475701423249,8.534496405901198,15201600
8.222175598144531,8.419073259367508,8.195017322372546,8.41228417605279,24919800
8.018488883972168,8.33759846362533,8.011699153127369,8.26291336684564,36291200
7.651851654052734,7.875907586571172,7.577165911543685,7.767273838149313,62513300
7.7740631103515625,7.950592212683746,7.75369456700687,7.814800844545266,38621700
8.310440063476562,8.425862896094655,8.052436122771669,8.086384128983642,44316000
8.48017692565918,8.534493460446901,8.330806778745028,8.507335193053041,37292000
8.629549980163574,8.649918524167465,8.473389416122169,8.527706612639777,27093600
8.398706436157227,8.453022998836142,8.222177283698505,8.283283578588408,23473100
8.446229934692383,8.595600746886717,8.38512431141239,8.582021935325912,25153400
8.398706436157227,8.697448178395756,8.290073310799398,8.595604137744415,37493900
8.317230224609375,8.697446748350595,8.310440493514761,8.615971270224023,35263600
8.819657325744629,8.853605328537041,8.486968322888433,8.514126595621503,44968100
8.6431303024292,8.948661753343531,8.500549822008447,8.840028636353747,43847200
9.091240882873535,9.098029965564711,8.663497593122507,8.74497241295542,47057000
9.247401237487793,9.546142905426704,9.199874418840198,9.39677207145725,56104100
9.294927597045898,9.342455060850387,9.199873964445539,9.21345277731517,30969000
9.165925979614258,9.281348803009745,9.11160943301689,9.138767706315573,16838500
9.17950439453125,9.193083205881901,9.077660395632304,9.172714665103808,14927200
9.34245491027832,9.505404547113521,9.29492744723983,9.451088001501788,31494600
9.27455997467041,9.525774188987478,9.23382288451325,9.4375096303078,27115200
9.254190444946289,9.308506991046139,9.057292803458253,9.308506991046139,23550900
9.61403751373291,9.661564328651124,9.376402791637549,9.437508419030557,29493300
9.505404472351074,9.593669020151992,9.457877657190693,9.539352474967473,25852200
9.288138389587402,9.376402938319366,9.227032113734175,9.335665205249112,20771000
9.5189847946167,9.532563608390634,9.38319277185124,9.423930508181748,22669400
9.58687973022461,9.600459190896267,9.301717531163034,9.369613539512676,17614900
9.444297790527344,9.525772604796304,9.444297790527344,9.512193792836943,17343000
9.539351463317871,9.580088544133941,9.376401845045143,9.471455465285455,12817900
9.233820915222168,9.389980806694451,9.20666264507463,9.342453995812319,21348600
9.186295509338379,9.369614359421538,9.1727166949828,9.308508076060484,16140900
9.559720993041992,9.64119581061002,9.46466671546048,9.485035905480705,23893000
9.5189847946167,9.566511614081998,9.417140777542604,9.539353339029777,11319200
9.376404762268066,9.593670987561737,9.376404762268066,9.566512709400028,20177800
9.199873924255371,9.417140109254838,9.193084194098061,9.396771566287214,41351400
9.27455997467041,9.457878822890752,9.227033153652265,9.28813943639238,58210800
9.512192726135254,9.600457260238002,9.417138463062095,9.491823539224024,29066000
10.055359840393066,10.068938652314063,9.580089120577107,9.580089120577107,45638800
9.946725845336914,10.102886387090173,9.865251033445572,10.082517845993399,27748400
10.347311973571777,10.354101703860591,10.068939506773592,10.102887510713344,31868700
10.55778980255127,10.591737808814361,10.401629232742788,10.523841796288178,31876700
10.388049125671387,10.550998758445584,10.326942851504993,10.428786210112795,32193900
10.442366600036621,10.483103688106503,10.204731212113062,10.225100403652343,25261600
10.530631065368652,10.700370441738214,10.428787051044315,10.544209878775963,30724100
10.9855318069458,11.07379570611402,10.883688447902914,10.958372887196461,36933100
10.856531143188477,11.134903636987506,10.822583135955925,11.11453573915411,35470000
10.591736793518066,10.842950979777234,10.510261327294925,10.815792706870953,45786200
10.394838333129883,10.421996603893927,10.136834437119337,10.3133628733335,50534100
10.510262489318848,10.584948233696666,10.265838006138539,10.483104213409925,26965000
10.544207572937012,10.761474367480444,10.442364228388417,10.761474367480444,37747800
10.571367263793945,10.781844357688028,10.428786173737768,10.72073808373477,34056100
10.578156471252441,10.829370637039064,10.428785658688632,10.775054095652997,42797600
10.306573867797852,10.523840035523426,10.299784138180364,10.42878576339136,40405400
10.9855318069458,10.999111266820472,10.51705080133823,10.523840531275567,35334500
11.100954055786133,11.121321949543598,10.849739241039869,10.91084551232927,26142100
10.965163230895996,11.168851255391541,10.958373500578613,10.992322152165526,22268000
11.236746788024902,11.270695442087634,10.938006402325303,10.978743492191843,30025300
11.657699584960938,11.69164693979723,11.331800316501663,11.40648475614322,34645300
11.834228515625,11.841018245500166,11.6033828799036,11.623752069529099,36637900
11.888544082641602,11.908913270593201,11.616961384995879,11.630539548621824,36936500
12.119391441345215,12.323078170103834,12.003968616379693,12.024336512250372,55181900
11.908915519714355,12.173708538051764,11.868177136117295,11.970020505092553,38011300
11.874966621398926,11.956442091901197,11.78670271544608,11.94965236144195,24138500
11.637331008911133,11.725596208155112,11.426854548804842,11.705227017173737,35562100
11.841019630432129,11.888546450108493,11.712017337732922,11.773123618747878,20295800
11.2706937789917,11.630540393896753,11.175638856651032,11.596593039852008,38657400
11.297852516174316,11.45401372718576,11.277484619744452,11.45401372718576,26247500
11.66448974609375,11.718806292844707,11.467591454741136,11.48796064540098,34551700
11.725595474243164,11.759542828745358,11.535486922008609,11.623752115728017,30476300
11.589803695678711,11.657699701035908,11.060217702911482,11.16206106344298,53693900
12.099020957946777,12.153337499480436,11.3521675406026,11.35895727017037,42396700
12.553923606872559,12.560713337050377,11.949651866141542,11.949651866141542,35627200
12.805137634277344,13.212511059136093,12.601449626839434,12.601449626839434,49064600
13.219301223754883,13.23967041367131,12.716872860893513,12.981667149772772,48983100
13.470518112182617,13.660626695442376,13.348305544016258,13.56557175630811,39768400
13.680994033813477,13.687783764545946,13.103879871640867,13.205724537619174,28813300
13.986522674560547,14.230946457527663,13.850730676794452,14.095155754770035,51694500
13.456936836242676,13.89825893234886,13.35509347483488,13.89825893234886,63201200
13.192662239074707,13.29132622903528,12.98124189977499,13.192662239074707,62036300
13.608453750610352,13.629596317570128,13.122186808132442,13.150375553234705,46070300
13.439318656921387,13.798734267866891,13.432271133862347,13.67188154115935,31342900
12.544303894042969,13.171520029669463,12.537257714878999,13.115141187114258,50674400
12.149651527404785,12.262409208164835,11.945278735093789,12.177841619683589,65998600
12.50906753540039,12.657061492022402,12.22012580127183,12.621825219734578,53546400
13.178567886352539,13.249040433195866,12.769820931443965,12.86143604884689,41943900
13.432272911071777,13.446367959054756,13.002384701013003,13.072857252572378,32235000
14.052437782287598,14.165195447318444,13.791684841792891,13.833968630135109,35748200
13.784637451171875,14.024247827691964,13.685974829373276,14.017200305538148,35086200
14.045392990112305,14.263860840549565,13.974919099726126,14.00310919355166,31530900
14.108819961547852,14.256813927939875,13.932635900122463,13.953777127219771,28676600
14.052437782287598,14.270905590262688,13.911490028910341,14.235669324007072,27451000
14.073582649230957,14.137009020259526,13.721214518706798,13.989015050644696,25124400
14.059486389160156,14.059486389160156,13.7705446822026,13.918538624907812,27429800
14.115866661071777,14.306144414725695,14.073581520990786,14.214529299572153,35389300
14.087678909301758,14.37662069366084,14.066536335746997,14.249767940688,29515000
14.679654121398926,14.679654121398926,14.348428610952002,14.36956983542417,28897800
14.961546897888184,15.00383203118012,14.82764800832931,14.862884275228504,30119400
14.327284812927246,14.862884408497486,14.28500102343359,14.721936651282054,45892400
14.43299674987793,14.51051816038453,14.207481385688835,14.348429160395819,31305000
14.43299674987793,14.51051816038453,14.16519759094778,14.256812703583,23755100
14.165197372436523,14.425949004191228,14.03834464599258,14.390712733146835,34815200
14.101771354675293,14.214529037792751,13.925587306782065,14.094723831458252,28814000
14.045392990112305,14.482328690986826,14.01720289628677,14.447092417882565,21619300
14.03129768371582,14.129960321925287,13.91853999885425,14.03129768371582,28994800
13.728260040283203,13.883302855373818,13.594361138021823,13.883302855373818,25599100
13.622550010681152,13.742355212454267,13.559123648320236,13.664833804195911,19069600
13.2138032913208,13.425223606310901,13.072855518542346,13.312465925759168,32522200
13.002382278442383,13.08694986222832,12.741629316051139,13.016475979621699,36712300
12.438591957092285,12.938955289515475,12.290598020572538,12.924860244843849,28050000
11.769094467163086,12.44564053886279,11.705668104919043,12.44564053886279,44664600
11.402631759643555,11.48719934963271,11.06435803924291,11.374441666862097,56363600
11.000930786132812,11.261683074501468,10.972741367716978,11.21939928292209,48071200
11.557673454284668,11.670431139171143,11.240542297519255,11.360348177822155,60351400
11.980515480041504,12.086225641912225,11.430820756465062,11.557673488380983,46759200
11.902993202209473,12.516114247178747,11.88889950071472,12.382214001647059,47752500
11.55062484741211,11.63519377523251,11.275778184306441,11.599956161900048,40078300
11.72680950164795,11.867757274076009,11.614051821376533,11.684525707590561,31293600
11.698619842529297,11.733856110803169,11.198257171228724,11.444914409589508,51393500
11.282825469970703,11.656336098383951,11.0502626035716,11.64224105334704,38963800
11.078452110290527,11.303968128066206,10.817699823817824,11.085498960776686,41891100
10.437141418457031,10.733129947437936,10.40895200274034,10.641514850425207,44222100
10.35962200164795,10.599232417091162,10.232769942716518,10.57104299598542,35022300
10.740179061889648,11.022073932943206,10.697895268089324,10.761321630878594,41159800
10.676752090454102,10.719036553932714,10.317337175285266,10.458284266732726,36213900
10.86703109741211,10.979788769837912,10.669705170666958,10.704941439233464,25381100
11.1630220413208,11.261684683831044,11.043216827910781,11.043216827910781,30722500
11.353299140930176,11.564719435862424,11.198257008836299,11.543576868698217,41171500
11.007978439331055,11.170068101211307,10.93750522849992,11.085499172871932,26267400
11.430819511413574,11.550624706931844,11.240541106353747,11.240541106353747,38464500
11.783188819885254,11.832521483161045,11.614052292615431,11.733857500787092,42818000
12.128506660461426,12.262406885063307,12.043939088001428,12.13555418219598,35745900
12.283552169799805,12.304693395506728,11.902993976943657,11.945279116712758,29740200
12.325835227966309,12.417451681140541,12.149651188668601,12.149651188668601,25884000
12.417451858520508,12.516114491799778,12.12146261450513,12.156698885196993,28617600
12.748678207397461,12.755725730832479,12.558399107184925,12.6077304270524,25798300
12.720487594604492,12.988288097497117,12.600682389453077,12.917814210200238,37288800
12.924860000610352,13.023522623092479,12.706392189038173,12.77686472270974,25323800
13.256088256835938,13.27723082787421,13.058762970522872,13.12923551896171,31933900
13.065810203552246,13.199709117949606,12.94600499202252,13.122189047555784,25774100
13.065810203552246,13.241994259085512,13.002383836026057,13.199709117949606,18063600
13.143328666687012,13.143328666687012,12.819150689353856,12.833244390498011,31285800
12.607728958129883,13.101044787683872,12.509066329890084,13.0658085187918,31474300
12.043941497802734,12.389262066825095,12.02984645151343,12.375167020535791,32471600
11.881851196289062,12.008703910640218,11.628145767586748,11.726808392447671,36704100
11.198256492614746,11.409677449889555,10.993883057403126,11.381487361636799,46922000
11.155974388122559,11.275779600141165,11.057311074669341,11.233495130921547,33275100
11.459010124206543,11.578815325187291,11.184162779823277,11.240541618862597,34101800
10.937506675720215,11.163022055561425,10.768369468750462,11.071406264478721,27812000
10.521711349487305,10.796558028688949,10.394858622416521,10.754274234391216,47767800
10.373717308044434,10.641517151300162,10.35962226109416,10.500569370152746,33074200
10.20457935333252,10.380763394698803,9.97201647249613,10.000205892231183,46046000
9.809927940368652,10.387811408275324,9.760596621524565,10.387811408275324,45103900
10.007253646850586,10.028395544119107,9.690122499467588,9.859259021793347,33576700
10.48647403717041,10.648563029755941,10.260958683281402,10.338479418158556,33833500
10.585137367248535,10.79655767600853,10.521711005785027,10.761321405941043,36743900
10.70494270324707,10.768369069498,10.465332957094077,10.70494270324707,32129200
10.310290336608887,10.472379334503218,10.211627030006605,10.373716699989727,37964600
9.972016334533691,10.12001095411742,9.7183115604282,10.035442696082256,30589700
9.71831226348877,9.725359786857071,9.45051242429268,9.591459531214618,33384700
9.71831226348877,9.79583300427363,9.478701845677069,9.711264740120468,26216000
10.211627006530762,10.289148415857479,10.105916849198243,10.162295689387426,37720300
10.042491912841797,10.317339301882097,9.986113064642076,10.296196729740538,23282800
9.513937950134277,9.690121986247876,9.499842904642584,9.676026940756183,41059200
9.429370880126953,9.506891623820888,9.274328720650239,9.316613190358014,29222400
9.485748291015625,9.640790427054043,9.358895573157941,9.450511350267519,23165900
8.802152633666992,9.062904877607089,8.738726285016146,9.055858028270377,50727800
8.914913177490234,8.943102600239332,8.633018949999268,8.738729117286168,34693700
8.950149536132812,9.224996893952085,8.921960115235104,9.133381108012326,24270100
8.950149536132812,9.069954742970278,8.893770694337393,8.936055161728362,27763000
8.759870529174805,8.766917379862893,8.597780865751039,8.724633587379312,46438000
8.816248893737793,8.837390788844164,8.625969821514273,8.675301806214108,28454000
8.872627258300781,9.175663984475568,8.844437842290711,9.133379524416116,24856600
9.267280578613281,9.29546999917444,9.091096532083837,9.133380998969974,28741900
9.260234832763672,9.358897480458877,9.140429613057599,9.330708056533265,25974200
9.499842643737793,9.506890166290086,9.168617148844953,9.274327298774372,27143000
9.626696586608887,9.79583311685913,9.49984385287679,9.718312375183308,26124400
9.485748291015625,9.535079604809725,9.203854109208267,9.365943095725312,51939200
9.260234832763672,9.535081548016176,9.217950360830812,9.34480310454051,32705800
9.429370880126953,9.457560302569188,8.985386972595121,9.168618554514069,50187800
9.020623207092285,9.323659306419566,9.013575684015448,9.316612455431521,29576100
9.062907218933105,9.196807472252152,8.957197058598119,9.027670946880649,38139100
9.302517890930176,9.337754836050015,9.06290747062185,9.09814441574169,42928900
9.415274620056152,9.535079818025451,9.28842257145065,9.450511561592197,26275900
9.598505973815918,9.61964786945148,9.42232194197916,9.45755888276426,23005000
9.697169303894043,9.84516391798286,9.626695422103657,9.824021350192496,39669100
9.87335205078125,10.091819846127432,9.838115114473869,9.838115114473869,34307200
10.078631401062012,10.130506482130494,9.885951518886259,9.974880532180073,26451000
9.937827110290527,9.967470116244053,9.671040056708806,9.797023008697538,24132300
10.063809394836426,10.174970483103566,9.967469455190589,10.048988246215124,23933400
9.78961181640625,9.885951759842275,9.648807718612053,9.759968811252472,22116000
9.708094596862793,9.804433842166947,9.685861810951014,9.782201763000224,16024600
9.545058250427246,9.619165420833744,9.441307363764036,9.589522411322125,32495500
9.463540077209473,9.596933265599706,9.404253351903149,9.49318308649009,26755600
10.197203636169434,10.219435713280584,9.656217910334862,9.656217910334862,36258500
9.863719940185547,10.18979300539023,9.80443322158514,10.03416704758356,30048000
10.03416633605957,10.056398412242613,9.848897385462648,9.908183393114067,29504000
9.967472076416016,10.315777994925442,9.900775123217917,10.263902900991432,31872300
9.819253921508789,9.94523685855076,9.782199991776752,9.863718778536219,29459400
9.359787940979004,9.722914932842636,9.307912858354198,9.715504004826238,30417500
9.204161643981934,9.38943059703029,9.18933978850048,9.322733660853686,28906000
9.004070281982422,9.033713284378239,8.759515335530697,9.026303063837979,37958700
9.018892288208008,9.23380423587772,8.959606282419463,9.107821296890826,33699400
8.996659278869629,9.270857203866122,8.967016279052302,9.241214204048795,22391100
9.093000411987305,9.144875491867424,8.685408580335757,8.892909606601197,23277100
9.144875526428223,9.196750606504391,8.996660507107052,9.115232522563987,29064100
10.011935234069824,10.03416731241612,9.441306471469717,9.478360406543562,44432700
10.212024688720703,10.21943561660264,9.997112727359392,10.160149607037106,32677400
9.745147705078125,10.174971666250322,9.722915626188541,9.945238535319517,38521300
9.574699401855469,9.878540367071903,9.485770390578338,9.715503493024686,38933900
9.671040534973145,9.700683542392612,9.515414569334679,9.582111512714741,43779700
9.61916446685791,9.671040258417307,9.404252492526194,9.478360362328175,53303800
10.078631401062012,10.108274405493283,9.493181533485664,9.545056614554147,46819400
9.93041706085205,9.989703078005281,9.730326929646166,9.885952901359664,42943300
9.730325698852539,10.04157760290913,9.730325698852539,10.004523670189064,46328100
10.108274459838867,10.160149541186247,9.893362499870463,10.00452359039913,40605200
9.663629531860352,9.759969481916453,9.559878653320311,9.752558553432513,55022900
9.330144882202148,9.633985861683746,9.330144882202148,9.45612783077915,49602500
9.300500869750977,9.530233958101682,9.233803938699186,9.448715879452225,41800300
9.463540077209473,9.545058176044897,9.359789191354768,9.389432200635385,36674900
9.382019996643066,9.43389507914822,9.189340109131077,9.37460906864376,44001300
9.871131896972656,9.982293718802744,9.396843718748707,9.41166487094564,54426300
10.560332298278809,10.597386237165649,10.13791923250609,10.174972464647828,47559900
10.849349975585938,10.938278986851607,10.604795017919109,10.753010036695224,47389100
10.96792221069336,11.064262151517267,10.8419392655194,10.908636201993259,43026000
10.753009796142578,11.027207751430621,10.656669859407058,10.84193880541884,37758200
10.686314582824707,11.256942660895609,10.634439495748731,10.84935147944999,82941000
10.441758155822754,10.775242125136261,10.412115152033664,10.775242125136261,48196300
10.263901710510254,10.51586692806867,10.219436844620494,10.263901710510254,41128800
10.123096466064453,10.315776365593756,10.09345345896341,10.204615265651102,29629300
10.13050651550293,10.286132465966022,9.834076470213699,9.937826632692442,45623800
9.685860633850098,10.15273848008301,9.656217629648562,10.15273848008301,41714400
9.841486930847168,10.004523813097354,9.767379771093443,9.81925485359555,43260000
10.108274459838867,10.219435550367534,9.871129716368747,10.130506536595604,43325900
9.967472076416016,10.123098064963193,9.885953970698978,10.048990888878201,39920400
10.182381629943848,10.404704518008185,9.90077273262835,9.93782666509657,46895600
10.61961841583252,10.693726294290313,10.086043528473693,10.152740477736684,65200700
10.004522323608398,10.330595332817515,9.945236321934015,10.315774185771362,71835300
10.04157829284668,10.212025405627106,9.85630932326185,9.878541401723421,63760500
10.182381629943848,10.389883369067883,9.96746966972215,9.97488059756479,63550800
9.908183097839355,10.13050597327919,9.671039074300833,9.856308019376538,66526000
9.367199897766113,9.559879100138897,9.241216934630982,9.448717994664404,72168900
9.589520454406738,9.81184333374741,9.315322495693058,9.33755527834859,74676700
9.95265007019043,10.197205073109538,9.848899184476682,9.937828212197713,65489000
9.463540077209473,9.930417296692921,9.44871821919662,9.856310126863923,48757400
9.715503692626953,9.76737948032977,9.49318151323906,9.656217683890851,37888900
10.664081573486328,10.797474743867797,10.367650813954741,10.471401685802546,83276300
10.30095386505127,10.619616701535724,10.286132715799315,10.582562768288346,31237600
10.686314582824707,10.797475685628958,10.412116583395177,10.493634678335289,41753700
10.426935195922852,10.76783005675536,10.35282804767354,10.582561126014754,29424300
10.263901710510254,10.493634848496322,10.108275740013696,10.404705823461871,44423200
11.44962215423584,11.508908167835187,10.70113534911278,10.730778355912454,63743900
11.642301559448242,11.805338443324064,11.338460575914892,11.338460575914892,39393900
11.716409683227539,11.842391929498035,11.560783724016906,11.805338701812897,24265900
11.2791748046875,11.738641753795005,11.21247786410423,11.612658800858831,30932900
11.360692024230957,11.360692024230957,10.938279041906682,11.034618981282298,24906500
11.168013572692871,11.36069347606758,11.11613848591701,11.331050468374935,38862800
11.145780563354492,11.16060241933627,10.841939583177977,11.064262475689693,19853500
11.03462028503418,11.286585494619251,10.930869405737942,11.168013464992148,38071400
11.205066680908203,11.227298758348407,10.96051170883095,11.07908373083871,22711000
11.205066680908203,11.42738957554525,11.130959520525854,11.331049630977697,11023100
11.242118835449219,11.31622669084928,11.086492904504999,11.130957759094013,23125400
11.923910140991211,12.005428934083033,11.716409107816078,11.716409107816078,35717100
12.227750778198242,12.316680496702523,12.005428602172424,12.005428602172424,34378400
12.331500053405762,12.36114376194271,12.057302816888107,12.190696678324727,33043800
12.390788078308105,12.472306876593109,12.198108181855401,12.220340966884962,32911100
12.198107719421387,12.487128259888612,12.14623263647573,12.36114530981059,39078100
12.420432090759277,12.553825977168602,12.272216347306673,12.383377448151082,23256100
11.983196258544922,12.086946422695709,11.857213310580406,12.086946422695709,37540200
12.17587661743164,12.413020666696694,12.15364383275428,12.316681426741527,21012500
12.553827285766602,12.66498839819833,12.375969223177789,12.442666173334873,40815400
12.027660369873047,12.168465173212223,11.79792725857542,12.13141194714453,42406200
12.032122611999512,12.314705826373004,11.980067921329443,12.20315985802515,39242400
12.20315933227539,12.262650607390109,11.972630818503848,12.032122093618565,26603700
12.195722579956055,12.374196402876326,12.069303444756214,12.1808494067834,28607900
11.950322151184082,12.121359405480623,11.861085230352147,11.987505088020729,24389300
11.972630500793457,11.994938841879568,11.786720093695372,11.846211367231406,20805200
12.225469589233398,12.41138000882108,12.1882866542855,12.225469589233398,16416900
12.337015151977539,12.448561116388527,12.218032600821301,12.277523876399421,27809300
12.299834251403809,12.351888942838467,12.121358997365034,12.292397664286863,17452500
12.411380767822266,12.485745223881784,12.270088443147584,12.277525030591939,13416000
12.552672386169434,12.604728501232822,12.359326775184698,12.374198532532988,19991100
12.582418441772461,12.760892291212288,12.515490570934515,12.701401008065679,21807400
12.552672386169434,12.812947287949955,12.530364040954943,12.753456003404473,19336000
12.619599342346191,12.716273559203719,12.441125501667683,12.515489956546396,16455900
12.158540725708008,12.433687329795426,12.121357793815234,12.381632643529363,25585700
12.307269096374512,12.307269096374512,11.935448260612334,12.069303988428146,34623700
12.708836555480957,12.716273142563574,12.30726936332339,12.329579124571241,28418500
13.132713317871094,13.147586493426358,12.783202202626928,12.931929703027299,31231000
13.028604507446289,13.117840727993864,12.879875582021462,12.98398497878835,22693900
13.355804443359375,13.415297141864068,13.207076952249645,13.236821883117992,28056900
13.311187744140625,13.452480081248261,13.23682328153744,13.43017031695206,21824200
13.668133735656738,13.749934776023398,13.378113928369816,13.526842834784837,17878300
13.705317497253418,13.749935604512757,13.571461757091342,13.578898344698574,16548600
13.385550498962402,13.526842818043406,13.340932394446707,13.489659882293685,23675800
13.42273235321045,13.742498516763666,13.40786059692128,13.690443823791561,19427800
13.437602996826172,13.534277195608603,13.326057044555762,13.415294657402333,20044300
13.474788665771484,13.519406772073237,13.385551034783955,13.422732553638077,20682900
13.482224464416504,13.534280578980784,13.363241896466333,13.407861423235715,11139600
13.772242546081543,13.787115718249229,13.430166678143586,13.445039850311272,13737700
14.062263488769531,14.092009835595361,13.757370525724191,13.787116872550023,15963900
14.352283477783203,14.359720064592969,14.12919154702583,14.166373062690758,20958000
13.876354217529297,14.21099355492309,13.831736112004792,14.173810618332668,26483600
13.76480770111084,13.943281534546967,13.683006662225301,13.868917082685927,18578900
13.891227722167969,13.898664309662719,13.69788070245659,13.801990090615012,14280200
13.720190048217773,13.787117915253685,13.340932607808945,13.511969859841164,22991100
13.132713317871094,13.616080176344456,13.088095209589392,13.616080176344456,27022600
12.879874229431152,13.214513567302518,12.798073187199485,13.125275937742153,39014500
12.612164497375488,12.63447426243637,12.381635931949834,12.470873573809165,16439600
12.604727745056152,12.760891825725482,12.53036328923951,12.641909263772462,12971400
12.604727745056152,12.72371030700917,12.493180352139179,12.604727745056152,12820500
12.463435173034668,12.619599250599014,12.433688823945843,12.567544558077566,15645300
12.314705848693848,12.470871339371051,12.240341396865842,12.418816648606631,24320900
12.43368911743164,12.48574522956582,12.210597167535553,12.240342098942486,19540200
12.470870971679688,12.641908212972472,12.359325006418475,12.522925660909326,15494600
12.679089546203613,12.693962719593523,12.351888241928854,12.44112444550056,16820600
12.708836555480957,12.827819112034913,12.597290586009619,12.72370972964619,19080200
12.656782150268555,12.790637884012234,12.552671347143477,12.686527080887156,16999100
12.67165470123291,13.050910703665883,12.649344940578768,12.693963043503132,35445400
12.574980735778809,12.656781774724797,12.284960933528772,12.522926044952795,32689400
12.582418441772461,12.768328878903622,12.337016721494688,12.701401008065679,18437200
12.143668174743652,12.270087312884485,12.06930372553424,12.225469210712395,15877700
12.121358871459961,12.188286736433328,11.980067972857473,12.002376315592631,12543100
12.151106834411621,12.292399170174772,12.009814498648472,12.121360482299743,20128100
12.879874229431152,13.006293377251001,12.537799722615093,12.56754465354588,33752200
12.71627426147461,12.805510477550035,12.545236998676645,12.760892369512323,28703400
12.723710060119629,12.827819445212388,12.68652712374079,12.783201339941774,40047400
12.411380767822266,12.47830863643743,12.30726996198533,12.441125699215657,46661500
12.136231422424316,12.522925418330942,12.099049907518781,12.418816041888341,31286600
12.43368911743164,12.574981442170644,12.337016317379076,12.359326079722296,12981900
12.24777889251709,12.522926959178026,12.218033960609556,12.433689326687329,16344500
12.0469970703125,12.374198423230391,11.980069198492002,12.188287983369916,18617300
11.950322151184082,12.195723860769906,11.853648642984817,11.913140632731446,27469300
12.120649337768555,12.204292204829896,11.998986721982462,12.067422124653737,23262300
11.725245475769043,11.854512182356832,11.428692315038285,11.816492434801653,33044100
11.854511260986328,11.877322817679902,11.573166311211219,11.649205075245234,24065500
12.006592750549316,12.0522166014005,11.89253421117112,12.021800942555215,33414600
12.05981731414795,12.189084742206882,11.938154705582305,11.991382640704535,19930100
11.953363418579102,12.067421937821067,11.808888520695142,12.052214473666448,17548500
11.816494941711426,12.059820217420672,11.793683378405314,11.884930356796282,22743600
11.367860794067383,11.90773916867681,11.299425394795344,11.862116052606355,36625500
11.367860794067383,11.37546488846791,11.208178437488078,11.322237677996927,45426100
11.38306999206543,11.489524422445403,11.307030491651375,11.451505397404794,19492700
11.618790626525879,11.740453241698967,11.580770877992691,11.61118725695235,16022900
11.869719505310059,11.938154905063344,11.717641242061845,11.78607664181513,19190200
12.120649337768555,12.173877276049764,11.945759508867644,12.113045968156717,15557200
11.998988151550293,12.287937261051058,11.953365027778133,12.227105945910527,24061300
11.976176261901855,12.014196014115788,11.892533387164372,11.922949043902225,12833500
11.595979690551758,11.922948530273032,11.588375595403258,11.892532874845454,26787600
11.542752265930176,11.626395135550535,11.405881456400122,11.595979480673456,32733900
11.48192024230957,11.535147453743551,11.390672558185075,11.512335895295612,15408600
11.687226295471191,11.710037855044945,11.565563677522631,11.588375237096386,11192900
12.485638618469238,12.592093050736889,12.158669776123894,12.158669776123894,31304500
12.348767280578613,12.62250889515695,12.325954995919483,12.62250889515695,22059100
12.204292297363281,12.470429815288016,12.166273273516659,12.34116310374359,17744300
12.135856628417969,12.234707677713835,11.97617427573485,11.998985833213485,21427400
11.922947883605957,12.348767036496804,11.91534378886988,12.310748013149198,28957500
11.99138355255127,12.044610766554648,11.808888900659227,11.85451274492384,17204500
11.38306999206543,11.565563922859457,11.253803276461387,11.565563922859457,39371700
11.192972183227539,11.466713084726395,11.177763992783275,11.383070212782242,41347200
10.850796699523926,11.025686551922787,10.607470710092418,11.018082456122881,27422700
10.751943588256836,10.866002102934251,10.729131305188272,10.812774892773637,30417100
10.462994575500488,10.577053090682426,10.4173707343279,10.569448996292603,30400000
10.561846733093262,10.69871682061119,10.539034447534915,10.607469853877094,23793800
10.896419525146484,10.926835182345435,10.478203694786053,10.508619351985004,29285800
10.957249641418457,10.980061200531711,10.789963182533011,10.843191120685793,20752500
10.797568321228027,10.972458891782198,10.69111388496297,10.926835043978274,9671100
10.470599174499512,10.78235980784341,10.424975331128175,10.77475571308712,22693000
10.485807418823242,10.607470043308053,10.386956355137722,10.516223074944444,18395100
10.15883731842041,10.424974820524234,10.07519445569715,10.417370726140387,28492800
10.569450378417969,10.660698072695247,10.310917661853848,10.310917661853848,22993100
10.569450378417969,10.866003571902997,10.569450378417969,10.82798382014854,19175600
10.721529006958008,10.78236031755117,10.417371728825772,10.440183289006603,19581700
10.645488739013672,10.84319084677814,10.501014568057403,10.835586752210345,20195600
10.424975395202637,10.485806703294044,10.257688935368074,10.295708684216802,22353100
10.478202819824219,10.569449783801673,10.394559950803153,10.409767415549526,12430000
10.706319808959961,10.744339555793562,10.599864662859146,10.67590415652635,17708000
10.409767150878906,10.698716225377456,10.371748127396415,10.630280822842748,15386500
10.767149925231934,10.827981223383933,10.599863492730794,10.599863492730794,16908000
10.713924407958984,10.729131872308846,10.5542420438703,10.660697194984886,17361200
10.53903579711914,10.65309506401753,10.501016766652867,10.645490967857665,21901900
10.409767150878906,10.516222302062495,10.394559686519187,10.516222302062495,12969000
10.151233673095703,10.272896279262698,10.128421390564641,10.265292185085677,16843800
9.97634506225586,10.059987938880406,9.930721938703007,10.044780472751613,18926500
9.786246299743652,9.95353276581185,9.763434739650942,9.93072120571914,19233900
10.082799911499023,10.174046880926642,9.991552942071404,10.090404006909605,19326400
9.702604293823242,9.824266925380094,9.565733470738541,9.824266925380094,30416300
9.641772270202637,9.710207676720863,9.512505552371863,9.611356614546363,45251700
9.915513038635254,9.968740254030996,9.70260345188586,9.740623202239856,52730200
10.402162551879883,10.470597946326404,10.310915601006624,10.424974108306623,29295500
10.348937034606934,10.501016046711705,10.295709815470147,10.478203759796104,18834400
10.447786331176758,10.584657128800513,10.432578867644313,10.447786331176758,23116100
10.599864959716797,10.607469054329748,10.45539078790262,10.478202346575095,24257200
10.713924407958984,10.72152850271711,10.58465769773641,10.675904659334748,15324000
10.675905227661133,10.858399160572777,10.645489572175858,10.75954809895403,26761600
10.470599174499512,10.50861819794817,10.356539928654366,10.501014828358272,17900600
10.569450378417969,10.744340946421893,10.569450378417969,10.7215293854358,22862700
10.835588455200195,10.919231333092682,10.698717632133866,10.8431925509631,29902000
11.002872467041016,11.018079929987692,10.805170372569961,10.858397580632815,19115600
10.980060577392578,11.063704164671565,10.858397968804615,10.89641771527994,20758100
10.68350887298584,10.827983049166075,10.653093218781242,10.827983049166075,24522800
10.630280494689941,10.675904336693485,10.569449188796128,10.645488683746578,25521500
10.57705307006836,10.698715679403008,10.531429954151044,10.698715679403008,26128900
10.417370796203613,10.46299463764719,10.333727932917805,10.417370796203613,20916100
10.485807418823242,10.56945029186494,10.394560450459633,10.409767915937014,12696000
10.57705307006836,10.698715679403008,10.52382585977604,10.645488469110688,15824300
10.136025428771973,10.379350639762354,10.12842133463694,10.36414317665862,24680500
10.280501365661621,10.310917020138934,10.120818998364124,10.12842236810865,17979100
10.204462051391602,10.34133286159747,10.181650491412762,10.333728766549052,17534400
10.462994575500488,10.546637438289487,10.379350987545136,10.394559176324783,13970200
10.18165111541748,10.280502181605975,10.14363136301168,10.26529399057707,27230000
10.014364242553711,10.21206636708572,9.953532931184851,10.105611209607,23387800
10.189254760742188,10.257690171886196,10.021969005908476,10.037176472181322,24673300
10.044778823852539,10.166441433577273,10.02957063505377,10.044778823852539,16898100
10.432578086853027,10.478201199202203,10.075193656008429,10.075193656008429,38742900
10.59226131439209,10.721528018779956,10.58465721997719,10.683508271871816,17232800
10.904022216796875,10.919229680855087,10.736735761158277,10.759547319828785,22772300
10.86600399017334,10.95725096279658,10.797568579414289,10.911627839068199,17442400
10.698716163635254,10.744340006783894,10.516222241373463,10.675904604644126,15263500
10.66830062866211,10.789963244857395,10.607469320564466,10.6606972590247,9006100
10.68350887298584,10.744340181395033,10.5998652800484,10.645489123938495,12094700
10.68350887298584,10.86600279821342,10.67590477814309,10.812775584646976,14268900
10.78996467590332,10.843192621423041,10.683510235196856,10.744341551362403,12214800
11.185367584228516,11.276614547285137,10.805171542242729,10.81277563712238,20954300
11.535147666931152,11.641602816932942,11.47431635983481,11.557959225800685,38292200
11.48192024230957,11.603582854253737,11.345049441289197,11.436296400247322,20944300
11.246197700500488,11.405880050210083,11.23099023752003,11.36025621093606,25218400
10.827983856201172,11.116932955264097,10.827983856201172,11.040894176668456,31629500
11.12453556060791,11.147347118614485,10.93443755183163,10.942041646222606,22070000
10.759547233581543,10.934437782430532,10.751943864196571,10.888813940288857,19540000
10.569450378417969,10.691113729065522,10.546638817431875,10.67590553829716,19278000
10.49341106414795,10.561846468777498,10.356540254888854,10.440183124343628,26292100
10.516222953796387,10.698716888421252,10.501015488494199,10.577054265338008,25710600
10.546638488769531,10.569450049044756,10.341332995959666,10.440183332207777,14910100
10.455391883850098,10.569450414334609,10.204462536651011,10.265293849598278,27126500
10.341333389282227,10.53143142419428,10.318521102972934,10.485807576742147,15380500
10.265292167663574,10.485805822258584,10.257688073499459,10.432578613442443,15100700
10.128422737121582,10.272897645027337,10.105611176724095,10.234877894253906,29019800
9.780194282531738,9.921367385235568,9.764507966695364,9.921367385235568,26182600
9.623334884643555,9.717450535969652,9.5998054108385,9.701764220099616,24388500
9.63117790222168,9.748823034774782,9.584120447572245,9.599806016467138,19020000
9.717451095581055,9.889996092299784,9.686079209999034,9.842938637909132,28711100
9.654708862304688,9.748824534042324,9.615493812089454,9.678237593247879,22482900
9.646864891052246,9.709608666931869,9.584121115172623,9.615493003112434,17279100
9.952740669250488,9.976270146315544,9.803724387662536,9.86646816390639,19366100
10.172344207763672,10.235087981378046,10.03117034314894,10.046856660534925,17646900
9.984111785888672,10.062541874115514,9.905682445626583,9.968426217022156,13100900
9.991955757141113,10.062542692694507,9.921368821587722,10.01548523430212,13184800
10.133127212524414,10.156655936111392,10.00763968944102,10.04685472739574,9681400
10.454689979553223,10.493905020516719,10.140971147774646,10.188028598559086,21719400
10.454689979553223,10.556648786872433,10.391946213197507,10.533120061480213,10979000
10.329204559326172,10.525279056279265,10.313518240546797,10.47822084790599,15771800
10.972326278686523,10.98016943636688,10.713508058952193,10.768408666785328,34557700
10.886055946350098,10.96448529480891,10.838997738902943,10.917427835326588,13210500
10.682137489318848,11.003699514095336,10.666451919994637,10.854683239673832,15946700
10.33704662322998,10.580178554825189,10.305674736960768,10.525277940845257,13502700
10.439004898071289,10.486062351047105,10.399789855281623,10.439004898071289,12086400
10.737038612365723,10.838997435678193,10.721353042298704,10.77625365948049,18737400
10.666452407836914,10.807625530070636,10.658609248833704,10.705666706923342,10806500
10.744879722595215,10.807623486829213,10.689979115881632,10.69782227340205,13481200
11.293889999389648,11.356633774544552,11.089973104118615,11.10565867392494,31659200
11.231145858764648,11.442906653995186,11.191931561542498,11.442906653995186,18507900
11.06644344329834,11.293889811440984,11.06644344329834,11.270361083140651,31129700
11.074286460876465,11.168402120842778,10.972327642255097,11.129187075532286,67304800
11.137030601501465,11.254675741313035,11.121345031638803,11.15271691932893,16016700
10.705665588378906,10.870368170413876,10.689980019976149,10.81546755905713,20546100
10.784096717834473,10.972328044670576,10.776253558891767,10.88605554019523,16404900
10.509592056274414,10.5801789902765,10.360575777353741,10.556650261597404,34577200
10.274303436279297,10.45469160561737,10.25861711826826,10.368419100451094,15038200
10.188028335571289,10.35273090499468,10.101755846050343,10.329202180209817,24758600
10.376260757446289,10.415475801659307,10.203715759652624,10.242930803865642,26473800
10.509592056274414,10.595865308039098,10.454691440034924,10.53312153291831,13516100
10.368416786193848,10.478217995903957,10.282143552319168,10.454689272103884,13755300
10.101757049560547,10.337046569335289,10.0703851634549,10.219401435465535,15291000
10.007641792297363,10.15665807027979,9.960583587270664,10.086071136722136,14998600
10.02332592010498,10.10959915891575,9.937053429258897,9.976268469812458,15367200
10.18018627166748,10.25077320157005,9.952739913072953,9.968426229924527,19676200
10.08607006072998,10.125285102741264,9.92136748265436,10.031169450693012,13502900
10.352731704711914,10.38410358950334,10.266459208526678,10.297831093318104,13860100
10.486062049865723,10.501748365716937,10.337045789102723,10.407632714503773,15536000
10.274303436279297,10.540964110783646,10.203716501159247,10.509592222726381,17744400
10.266459465026855,10.454690778478232,10.22724442106663,10.352731963367548,14987200
10.470376014709473,10.509590306658046,10.376259619731806,10.42331781722064,12852800
10.556650161743164,10.619393936270466,10.305675063633958,10.313517474476278,19042200
10.11744213104248,10.41547540866544,10.109599720867589,10.407632998490548,26635600
10.007641792297363,10.15665807027979,9.991955474633532,10.086071136722136,27015700
9.733137130737305,9.811567222432581,9.631178310719362,9.74098028949979,37491000
