close,high,low,open,volume
11.128527641296387,11.164542567670436,10.823788578003427,10.84595124804436,7294044
11.206099510192871,11.231033104547175,11.04264803629724,11.056500294297454,5745323
12.20897102355957,12.275459048068806,11.408336756844655,11.411106503641548,20465734
12.084303855895996,12.208970660819817,11.96794864134654,12.208970660819817,14728528
11.43445873260498,11.836942766332907,11.375763070254282,11.836942766332907,18176011
11.308682441711426,11.551849496455903,11.241601179890607,11.38973812662625,8739688
11.219240188598633,11.261165825429805,11.0822832663607,11.0822832663607,9221383
11.361786842346191,11.456818135374474,11.24439552403579,11.247191119985697,7927855
11.509922981262207,11.557438624445084,11.291910378887595,11.3198615941099,8629938
11.233222007751465,11.518314836041563,11.191296347736483,11.504339220843288,6324982
11.045948028564453,11.347810695167098,10.942531148978722,11.249985006631663,8034490
10.760858535766602,10.98446121601625,10.699368450766718,10.830735410726751,7450607
10.445016860961914,10.763649536524273,10.41427123880004,10.763649536524273,9290769
10.338805198669434,10.537252159420522,10.285699557073322,10.403090850540618,10550272
10.034149169921875,10.355577500238137,9.813342139874026,10.341601891519446,15045210
9.78259563446045,10.204645227183777,9.74067059043434,10.11799954340689,10432851
9.908374786376953,10.034150539697826,9.760237818937751,9.894399175750431,10205346
10.076078414916992,10.1487485237436,9.740674948691035,9.852475708906448,10499012
10.523283004760742,10.56241425029073,10.062103148675318,10.062103148675318,16137143
10.389122009277344,10.660240398920953,10.344401939059761,10.621110337480568,10129289
10.699365615844727,10.788806901361987,10.296881609385949,10.389117305236638,10929447
10.825141906738281,10.872657555067343,10.67141613426233,10.713341776057344,7683560
10.802781105041504,10.886632382611626,10.646259747745951,10.844706743826565,8030043
10.760858535766602,11.03197687448777,10.665828404403145,10.813964201965382,8677196
10.62669563293457,10.772038184051969,10.4757642604751,10.704956915414753,8403546
10.3919095993042,10.732902243131967,10.383523999809753,10.65464218055197,9932252
10.436634063720703,10.593155440877497,10.25216265235366,10.39470841961563,7029067
10.322037696838379,10.45619903838872,10.20185077874536,10.45619903838872,6240696
10.067688941955566,10.322037189087288,10.059304525409475,10.271725947493694,6300519
10.148743629455566,10.254954922868574,9.838495943308892,9.936322228208699,7532446
10.436634063720703,10.467379694141675,10.08446007593337,10.173901370985565,5107732
10.593148231506348,10.61271383492747,10.41147135441433,10.439422555181245,4988198
10.229801177978516,10.456198201426737,10.067688631331121,10.453402605611453,7919626
9.7155179977417,10.358373576159847,9.572971033976339,10.151542121574208,16474619
9.961480140686035,10.131975945842846,9.72110687733469,9.922349499156336,14637459
9.908374786376953,9.964274857724128,9.765827826072469,9.964274857724128,7217320
9.947504997253418,9.995020651456967,9.628871621470939,9.788188605757048,8005802
9.777009010314941,9.972661654601888,9.754648979100342,9.89440035977119,5900662
9.740673065185547,9.96427513516941,9.628871733798743,9.777008112572924,6403485
9.665204048156738,9.905576057299132,9.57296777402493,9.860856014364478,7749053
9.729494094848633,9.927941153324708,9.648438387649065,9.668003415265213,5525046
9.617691993713379,9.799369014204682,9.61210198626347,9.729493328291067,5676827
9.679183959960938,9.751854659296074,9.550612585878042,9.64284831389845,6599522
9.335394859313965,9.58415198553804,9.285084196171534,9.572971969904124,7919181
9.519865989685059,9.54781602610999,9.139741937567548,9.338188974553782,8326710
9.153717994689941,9.52266207411114,9.041916650721735,9.52266207411114,7359427
9.058684349060059,9.245951332403253,8.960858649194295,9.167690061163098,11655660
9.354960441589355,9.38850108327047,9.016761984653133,9.106202707819708,8731793
9.712726593017578,9.726701616371914,9.391298091918056,9.545024534395669,9131872
9.79656982421875,9.936321136327582,9.6707935247629,9.749054188409104,7214429
10.062098503112793,10.117999748526733,9.617689470689065,9.698745150239027,10242708
10.034149169921875,10.129180463818672,9.866447793194043,10.118000451075437,7085332
10.19347095489502,10.20185537563151,9.916762544573576,10.076079579945308,6057781
10.131972312927246,10.224207987532093,9.9922210033856,10.193463553049806,5925014
10.489740371704102,10.554026047162047,10.131976354899138,10.215827648306705,9144993
10.020173072814941,10.333215748487303,9.972657433804493,10.285700109476855,6326650
10.137565612792969,10.201851283499385,9.964274217177191,10.076075538263924,5672824
10.08166790008545,10.210239271532155,9.941916512476391,10.13756798089721,6912757
10.145954132080078,10.341605611035025,9.981047106437092,10.03415277885737,7695680
10.104024887084961,10.305267488512648,10.006199182358948,10.14874493825587,5725642
9.880424499511719,10.059306512376393,9.835703848098113,9.908375128941378,7091003
10.076078414916992,10.159928540486156,9.877631339367056,9.877631339367056,6952565
10.475767135620117,10.545644019685962,10.285705662546606,10.299681276475722,7206312
10.08725357055664,10.296880561828733,10.067687957896087,10.123589200249466,10491117
10.028557777404785,10.157129091760186,9.950296513440097,10.104023445780422,7610727
9.888810157775879,10.215828571816571,9.85806511545956,10.173902921322712,8417000
9.743281364440918,9.887395356678308,9.675462098558974,9.887395356678308,9483803
9.551129341125488,9.960867160467831,9.48048491018065,9.74610811436798,8101652
9.678288459777832,9.678288459777832,9.38723350558108,9.551128377050174,6775765
9.601990699768066,9.83653054965697,9.55112655650995,9.77718914907437,6916538
9.811100006103516,9.811100006103516,9.582212217768824,9.692417782139975,6609752
9.760234832763672,9.861962522035894,9.669809554175876,9.808272625245246,6109709
9.418312072753906,9.689586620266768,9.35614493900629,9.664154856179078,8347948
9.503089904785156,9.55960555970463,9.268550026766034,9.347672303240078,8364850
9.373106002807617,9.55112966314888,9.29398430939912,9.522872129542781,6264825
9.604818344116211,9.607644696425654,9.325066400059338,9.39571082432308,8930831
10.181275367736816,10.243441921594158,9.664157875251826,9.664157875251826,13767916
10.257574081420898,10.359302395925125,10.088027689662377,10.175626638760567,10249268
10.189756393432617,10.333870412414784,10.136065282287696,10.26322597993143,7011054
10.480810165405273,10.548629439870131,10.25757386782423,10.277354739256221,7091892
10.43559741973877,10.565583255067319,10.257573184577147,10.551453890896644,6801896
10.562756538391113,10.712523238667432,10.370604144310354,10.455376730541877,11499542
10.568408966064453,10.653182758313774,10.18127779194623,10.455377642606274,6309859
10.783174514770508,10.87925017357547,10.489293631767344,10.582544135213276,7031625
10.509065628051758,10.77468877005139,10.475156596806492,10.712522212768402,6576949
10.678613662719727,10.788818618544127,10.526020617994877,10.554279343928512,7286038
10.622097969055176,10.70969690764551,10.517544513185031,10.568408065024459,6075794
10.266051292419434,10.503415746450347,10.257573433986357,10.412991649151984,7407352
10.472333908081055,10.540153192917085,10.285832972372125,10.294310832460233,5727755
10.596663475036621,10.695566603993933,10.407337470622892,10.480807030811933,5466224
10.56558609008789,10.610798149769325,10.46950926464184,10.610798149769325,4661730
10.574056625366211,10.723823284220778,10.463851694433869,10.723823284220778,4975299
10.483633995056152,10.70969539208565,10.427117746831923,10.704043887125474,6041546
10.215185165405273,10.55145272857161,10.215185165405273,10.455375939489072,8285346
10.102154731750488,10.30561133810767,10.031510909142199,10.232140563972395,7837676
10.113456726074219,10.243442545221097,9.946736122866113,10.192578998059396,5730090
10.102154731750488,10.218012398762063,9.977821004648572,10.09367807234882,5832722
10.215185165405273,10.297132591873599,10.008903423248531,10.039987301826272,7794643
10.376259803771973,10.441252745211402,10.141720423375846,10.158674947409203,8589464
10.588190078735352,10.588190078735352,10.266051818361,10.336695048683124,8164588
10.534496307373047,10.723823499325155,10.486457921519845,10.58818619752531,7234555
10.466680526733398,10.732302485043522,10.44689965808367,10.574059131713465,7463172
10.69556713104248,10.709695294002293,10.48363389904315,10.511891423585235,7661209
10.882070541381836,11.01770788958701,10.672963612152845,10.78034223057227,8702104
10.992274284362793,10.992274284362793,10.836857281015378,10.89337233702851,6250259
11.181600570678711,11.22681261165094,10.986621846052213,11.006402713288816,7989345
11.232471466064453,11.260729007145342,11.054447159320105,11.178781538699182,6311972
11.085527420043945,11.339846405030707,11.05161718323931,11.29746070661476,7152493
11.000753402709961,11.229641203726507,10.873593912797238,11.062919971448398,6184098
11.175949096679688,11.17594909667969,10.780340141203482,11.000751238801907,5895436
11.294628143310547,11.294628143310545,11.051611106061113,11.175945376313797,6159079
11.243776321411133,11.368109522501683,11.085532866854347,11.314420784978807,5528271
11.147690773010254,11.283328085217866,10.964015071263342,11.243767552088853,5693840
11.260725021362305,11.260725021362303,11.08552713004969,11.147693698423517,5365037
11.294628143310547,11.339840169358027,11.147687860034122,11.260719123774935,6574725
11.370928764343262,11.47548221736,11.209859056646922,11.274851970423766,7828780
11.334190368652344,11.478305521259921,11.274848976240081,11.41613777748408,6721169
11.645029067993164,11.684589604804795,11.334192682891318,11.413314955137114,17171477
11.48396110534668,11.633727815267724,11.441574210189952,11.613946944561858,7364875
11.500917434692383,11.565910364534174,11.407666969837404,11.41896998384268,7734709
11.260725021362305,11.58286327290852,11.212686619216614,11.543302729397903,8565779
11.339849472045898,11.359630348980042,11.173129389915314,11.257902008297874,8595246
11.207036018371582,11.37093091049299,11.133565233008005,11.303112830424617,6178205
11.147690773010254,11.32571497002445,11.06009185034194,11.223986686213134,7075435
11.161819458007812,11.175947619672554,10.879240642622404,11.020530649626284,8797064
11.36245346069336,11.368103768350483,11.147693824812512,11.178777708663215,6397703
11.260725021362305,11.373756344301091,11.020534209256592,11.362453331869487,3499967
11.317241668701172,11.373757937398043,11.232469063590225,11.260726598627206,7348974
11.273014068603516,11.330078885201344,11.044757222725732,11.312958593042262,8840430
11.073286056518555,11.190267010491418,11.004808544499491,11.164587792202232,6813349
10.870711326599121,11.027636830519542,10.842179526818738,10.979133376021199,6185210
11.06187629699707,11.076142803700876,10.842180807607145,11.007666476138837,5272634
10.699517250061035,11.081846967252304,10.63674729557389,11.06472788875581,13376399
10.54258918762207,10.83361587160086,10.534029045333183,10.813643013097607,10752536
10.337164878845215,10.571128140266019,10.243009301156675,10.542596330399347,10207014
10.223031044006348,10.462700541151447,10.117462797980592,10.271535700357752,8818970
10.271536827087402,10.291509690792541,10.13173041192106,10.288657116124117,8728568
9.9205961227417,10.30863234026961,9.88635795332196,10.271540384936412,10341671
10.177385330200195,10.243009096712253,10.014752806949168,10.05469794509375,9220272
10.080373764038086,10.32289649598664,9.912034925844036,10.228740946418755,10573512
9.897768020629883,10.180235868191554,9.8892084805717,10.046134591895047,7585152
9.997628211975098,10.051839833303653,9.909179041413413,10.014747894283984,7737600
10.265833854675293,10.397081378884552,9.991926688432873,10.10034816160891,10558278
10.100348472595215,10.34287065818578,10.014752442688456,10.34287065818578,10406497
10.051847457885742,10.243011841662721,10.051847457885742,10.106057910077876,7494973
9.98621654510498,10.194500488113873,9.917740229173782,10.185941553750752,9125756
9.809319496154785,9.989071664878853,9.757961647215286,9.986217879538765,9427094
10.2258882522583,10.297218368360857,9.989072460438903,9.989072460438903,10929224
10.000482559204102,10.228739354966352,9.97480394198856,10.228739354966352,8607366
10.285807609558105,10.397082273041946,10.07752358237925,10.117468116147826,9135430
10.086079597473145,10.288657796956832,10.06040037247534,10.262978571959028,6859050
9.98621654510498,10.20306063273355,9.846409523155563,9.917740229173782,6721836
10.043281555175781,10.128878167235575,9.963391908364525,10.054694880544528,5459886
10.294366836547852,10.300074408932161,10.051845235883473,10.148853997174932,8582347
10.163117408752441,10.385666674113294,10.100346234235587,10.385666674113294,5627679
10.200207710266113,10.300070828161328,10.128878208473093,10.300070828161328,6986813
10.220184326171875,10.228744474656494,10.0604043681396,10.200211453212496,3465941
10.228739738464355,10.445582613337564,10.200206730231935,10.445582613337564,4666400
10.208770751953125,10.337164496735642,10.103201849091707,10.337164496735642,6411491
10.214476585388184,10.214476585388184,9.986219706184368,10.17167826925535,5192796
10.285807609558105,10.428467868988635,10.217330055697786,10.285807609558105,6869280
10.048988342285156,10.342868321476429,10.000484279202404,10.300071223884704,8039383
9.929155349731445,10.060402258801526,9.869237953673135,9.991925926310227,5622787
9.9890718460083,10.043282271014155,9.775081510863236,9.923447489691842,7127919
10.006192207336426,10.100347773201252,9.914889822099974,9.914889822099974,5194798
10.157410621643066,10.174529704125476,9.963393143252286,10.043282799965267,6756973
10.077522277832031,10.10320090335913,9.980512926694992,10.100347722745008,4742458
10.143144607543945,10.185942915852369,9.974805764778976,10.003337566899019,7999686
10.342864036560059,10.345717820687463,10.171672086345684,10.214470376463327,8751919
10.45699691772461,10.539739749526072,10.328603202241435,10.342868498263607,8560886
10.357137680053711,10.556861558011661,10.328605870382152,10.499797938668543,8560442
10.21162223815918,10.397080791034888,10.165971348930773,10.385668068727785,8532421
10.029016494750977,10.145998097268496,10.014750593255762,10.10890614825256,7406017
10.203063011169434,10.225888455134005,10.023310824563177,10.02901718555432,7709579
10.068963050842285,10.300073108326673,9.9862196001885,10.243008284002949,7651758
10.165971755981445,10.174530692926039,10.011898788409543,10.057549679465833,6270941
9.994773864746094,10.131727668155659,9.989067506698037,10.100342093763242,6551263
10.131730079650879,10.171674595494634,10.01474850156624,10.05184044283512,6277946
10.143144607543945,10.185942915852369,10.10605265965953,10.157409903475608,6256597
10.240154266357422,10.314336954197477,10.134585384943666,10.171676728863693,7734376
10.057547569274902,10.128878281841262,10.029015768351027,10.106052235973827,9565531
9.903475761413574,9.986218598640367,9.826439285021154,9.986218598640367,8916154
9.452670097351074,9.635274863437813,9.35851392861943,9.458376458470758,25025943
9.301450729370117,9.444110973937283,9.301450729370117,9.444110973937283,15203329
9.315715789794922,9.372780003483575,9.24438567396621,9.272917478246333,12918832
9.298598289489746,9.464083992730556,9.264359513399073,9.464083992730556,12233205
9.324275970458984,9.347102020576706,9.244386307868076,9.258652210986373,7619511
9.2558012008667,9.301452706679065,9.144525920192816,9.278626651208588,8493169
9.409870147705078,9.418429687896333,9.212998907921241,9.29003537477086,8801512
9.495471000671387,9.501177968839716,9.327132080743187,9.372783590189364,7770736
9.626708984375,9.77222230739055,9.549672554844888,9.77222230739055,11143941
9.64383602142334,9.64383602142334,9.509735302378642,9.615304211042993,6972803
9.558237075805664,9.569649796483985,9.424137002707049,9.501173472414061,10865065
9.432682037353516,9.568341820914991,9.363408969410715,9.568341820914991,7337188
9.340316772460938,9.4788628969815,9.299907843237962,9.40959044688497,10873071
9.337428092956543,9.343201407855966,9.25083693975556,9.2825874169662,7562468
9.20176887512207,9.38072450655166,9.112291365489094,9.308565106106297,9698743
9.092086791992188,9.181564300515287,8.976632120009883,9.106518549469522,11800991
9.28547191619873,9.337426230458046,9.068993770294492,9.178675712560965,11470076
9.299906730651855,9.377838839850863,9.129610753543593,9.135383457027691,9240398
9.271041870117188,9.337427950566838,9.181563754749176,9.297019032032267,7352088
9.4413423538208,9.4413423538208,9.167136397794074,9.317228575162588,8067738
9.282593727111816,9.455776763404193,9.213320635027669,9.455776763404193,9457784
9.372066497802734,9.444225906300488,9.239293088220675,9.282588978184808,10638450
9.594320297241211,9.594320297241211,9.314341635051818,9.314341635051818,11459512
9.594320297241211,9.594320297241211,9.424024262619653,9.530819925306762,9356263
9.591431617736816,9.669363734349915,9.536590317256861,9.594317969753458,10607315
9.548138618469238,9.62895710640594,9.510615421125118,9.582774850943304,11157618
9.470205307006836,9.634728615152053,9.452886580756966,9.525046001612704,10944013
9.467315673828125,9.582770959518047,9.395156885476467,9.470202637525826,7653759
9.69822883605957,9.73863776833162,9.409591156889746,9.525045861259397,9503040
9.58854866027832,9.767504385155682,9.51638922215247,9.727094830453067,7592491
9.493295669555664,9.626069095495554,9.475977556301881,9.568341439152501,6599299
9.493295669555664,9.539477304899085,9.357635891406812,9.412477195540902,6686365
9.366294860839844,9.525045455182546,9.314339909398383,9.366294860839844,6803898
9.28547191619873,9.438449732511444,9.259494146905597,9.351858596582442,6658566
9.372066497802734,9.444225906300488,9.25949755119421,9.282588978184808,6940111
9.363408088684082,9.409590333689957,9.299907731362405,9.337430308046638,4746794
9.363408088684082,9.392271609210415,9.285475971099238,9.363408088684082,5427973
9.216204643249512,9.323000301449056,9.178681447343385,9.30856853847126,6792778
9.412479400634766,9.418252106405085,9.178682368281155,9.216205567952152,9820612
9.449999809265137,9.611637370057231,9.380726743829605,9.438454400386512,9592440
9.369180679321289,9.52215856058566,9.35763527125058,9.496181392426564,8799177
9.297021865844727,9.366294930896892,9.245066914014659,9.366294930896892,7634745
9.187339782714844,9.291249692312087,9.181567077977643,9.204658509090258,8506067
9.294135093688965,9.372067211830844,9.193112158960973,9.250839200426256,9319791
9.380724906921387,9.46442971706435,9.343202335413423,9.351861390376799,8138680
9.533705711364746,9.548137473164509,9.337431302232744,9.424023097358935,8157138
9.455769538879395,9.568337844907667,9.337427306274554,9.553906089283984,7791085
9.478862762451172,9.481749726661304,9.383612532756548,9.429794777662536,2697252
9.458657264709473,9.473089635528343,9.366293397152566,9.429793747399088,7165614
9.400930404663086,9.455772316469739,9.337430049102393,9.452885352333423,9032019
9.305681228637695,9.43556830640461,9.291249467144436,9.380727000566432,8801512
9.597207069396973,9.597207069396973,9.273933102326469,9.273933102326469,15247585
9.640499114990234,9.738635684530472,9.57122606232546,9.623181004864959,9392735
9.527934074401855,9.646275766352977,9.464433699123003,9.640503060615256,7237780
9.406702041625977,9.530815766456092,9.406702041625977,9.525043063541371,9837291
9.631842613220215,9.649160727936328,9.299909020342227,9.409591637871937,9156446
9.62318229675293,9.678022986178531,9.530817806024418,9.55390923478842,10407721
9.649161338806152,9.683797570431132,9.553911089673589,9.597206379204813,7826890
9.675137519836426,9.764615048856177,9.57411397002633,9.712660097872806,9256299
9.787705421447754,9.90604707882138,9.72709141674818,9.767500957269142,11822563
9.871406555175781,9.882951958965396,9.755951292952611,9.799247169327177,9526391
9.929140090942383,9.966663287736413,9.84543525152662,9.871412425501344,7415469
9.856974601745605,10.01861147586902,9.74440569273896,9.940679389696534,13328140
9.851205825805664,9.932024295074623,9.799250876931426,9.856978529884607,9120196
9.862749099731445,9.963772623579644,9.813681125678398,9.851203694071906,6907642
9.80213737487793,9.923365386667745,9.787705614465748,9.813683395371424,3407898
9.787705421447754,9.802137181575333,9.75595493700334,9.790591773473269,2569489
9.906046867370605,9.929137683081844,9.781932508595244,9.787705212523054,7927632
10.10231876373291,10.10231876373291,9.914704685179645,9.93490914640398,10696382
10.125412940979004,10.174480931575593,10.085003395382701,10.085003395382701,7309389
10.174478530883789,10.237978880601315,10.125410551864903,10.13118325527889,8096426
10.468886375427246,10.477546040661956,10.217771999872323,10.246636122273129,16918064
10.642072677612305,10.66227652791566,10.434252900725143,10.463116418535202,11114586
10.663948059082031,10.666865487132577,10.500605493916192,10.631863774007078,10416283
10.827291488647461,10.827291488647461,10.681449785066556,10.733952352946835,10160535
10.512277603149414,10.7777104771399,10.497694167879057,10.7777104771399,9437769
10.713532447814941,10.751451581947109,10.413099276759436,10.456852028662196,8130007
10.669782638549805,10.780622644006456,10.497690248232322,10.763121785868083,8752364
10.751456260681152,10.783541791005453,10.666868147573846,10.719370730356852,6320089
10.757288932800293,10.809791510955513,10.678534446943942,10.777707220706398,8471708
10.777706146240234,10.862294243458736,10.707701478431904,10.792289575650404,7526886
10.847712516784668,10.932300636928522,10.792292500613307,10.792292500613307,7331406
10.798124313354492,10.844794509143208,10.675618297182606,10.844794509143208,9250183
10.93521499633789,10.961466901167618,10.73103585135083,10.792289471122258,9170679
10.967302322387695,10.981885754052856,10.900215072436055,10.93521679312897,5670378
11.016890525817871,11.046058631197548,10.897299437890227,10.938134785421775,6491329
10.815624237060547,11.016885936206078,10.792288525231102,11.016885936206078,8578566
10.722285270690918,10.952715066701158,10.672698892796873,10.865209548388513,8833758
10.818537712097168,10.8360385636411,10.558939891659106,10.763117730251471,9394291
10.751456260681152,10.856462663494314,10.675619196661255,10.85062904318509,6906086
10.938130378723145,11.011051231418007,10.573526115248827,10.719367820638553,8820637
10.859381675720215,11.025641753589396,10.77479354064137,11.019808131764906,5546285
10.701866149902344,10.836040607628117,10.602693401866759,10.733951669075042,7692455
10.76020622253418,10.763122413770558,10.617280683528998,10.661033450050871,5736650
10.836041450500488,10.862293353433472,10.588110798373165,10.68144993538736,5036568
10.777706146240234,10.830208719161295,10.72228614508899,10.763121479583148,4888345
10.967302322387695,11.008137663196095,10.827294202368929,10.900215072436055,8609145
11.142308235168457,11.162726516998278,10.941046556263105,10.967298456151921,8773936
10.970213890075684,11.054801964721442,10.917711331165188,10.981881125389126,6534584
10.98188304901123,11.113141325148973,10.961466002259682,10.970215811654116,6657677
11.433989524841309,11.433989524841309,11.013965389547224,11.22981045556486,10287853
11.116060256958008,11.31732200686728,11.072307487456495,11.31732200686728,8020813
10.894375801086426,11.12772172190955,10.868123905560818,11.116054487730718,8739799
10.844788551330566,11.040216563731892,10.771867725046274,10.97604554374375,7342192
10.795207977294922,10.87687989089459,10.748539019379127,10.865211414168614,6384471
11.11022663116455,11.215233030465109,10.824376771080383,10.824376771080383,11283602
11.08980655670166,11.18022950978263,11.048971222477515,11.116058461612065,6638885
11.183143615722656,11.186061043389614,11.031468308207792,11.072303634818457,5170113
11.180229187011719,11.212313472923826,11.072305379521854,11.183145377891513,6656676
11.288154602050781,11.29398822252741,11.142312852887887,11.171480955271027,6062562
11.5098295211792,11.533165232433449,11.054803566292977,11.24731421410148,12445254
11.37565803527832,11.521499757374954,11.29690231758906,11.361073368169874,10301752
11.448583602905273,11.448583602905272,11.349412021720022,11.37274651141067,7071210
11.369823455810547,11.468996225172914,11.363991073521333,11.390241742810735,6889962
11.463164329528809,11.512750721667059,11.393160884566928,11.410661745807397,6284284
11.433989524841309,11.463157609810388,11.361068693795387,11.463157609810388,6507341
11.162726402282715,11.407739595489279,11.083971940672273,11.390238741492142,8690873
10.961468696594238,11.118977676877874,10.906048686902277,11.054806618393663,8594134
11.057718276977539,11.083970172408518,10.836038353885856,10.923543847158143,7311391
10.879792213439941,11.016884084440191,10.844790507449208,10.952713052877261,7114020
10.865211486816406,11.008137027259709,10.7339544231771,10.99646978770275,5385052
10.891462326049805,10.932297660493436,10.780622323884458,10.856460610812405,6279725
10.900211334228516,10.970214751606802,10.771870498454975,10.777704116569833,5988506
10.929380416870117,11.019802124481386,10.850625946547607,10.850625946547607,6777544
10.672701835632324,10.827294630678795,10.556028191460085,10.821461010332541,6506340
10.518111228942871,10.646450888165694,10.290597540371511,10.61728278379687,10870291
10.512277603149414,10.687288724373001,10.383936691634243,10.45685881697568,8619041
10.614364624023438,10.626031863607798,10.523941661374085,10.529776518413305,6627432
10.506440162658691,10.573527404809884,10.433519301070305,10.544359307623923,6021976
10.582276344299316,10.585192534813443,10.398515512767688,10.47726997810314,6925545
10.591025352478027,10.631861914562565,10.48602023146625,10.544356409806126,5671490
10.658112525939941,10.704781462974239,10.585190455954137,10.646444054434891,6619426
10.76312255859375,10.964384297504823,10.748539127721582,10.865211523687094,15743958
10.862296104431152,10.967302505510311,10.760207132082002,10.967302505510311,9152220
10.98188304901123,11.069388566436391,10.897294959548748,10.914795815584421,8829755
11.086499214172363,11.092393101313196,10.930309329896705,10.9479909913192,4716216
10.995147705078125,11.13070841318279,10.871374775936511,11.11007917498266,14869745
10.995147705078125,11.095343826264056,10.892002764107058,11.080609727575034,7647532
11.071763038635254,11.09533858542554,10.995142511566822,11.051133810179257,5125524
10.945046424865723,11.180803198268421,10.900841639218564,11.174909310184086,6622873
10.92736530303955,10.989251756011717,10.830114269776615,10.962728633300975,5365816
10.921472549438477,10.986306585770881,10.821276425152353,10.927367689131987,5072372
10.830114364624023,11.021667613594996,10.797698603281837,11.021667613594996,8280231
10.950943946838379,10.962731726918628,10.791807665725315,10.830117325971274,4856099
10.980414390563965,11.16312624836958,10.965679039115527,11.045247186871507,8294797
11.107126235961914,11.145437124086861,10.977459480020624,10.992194821616057,9222718
11.12775707244873,11.257423847130344,10.992196410282913,11.036401191429011,7059423
11.06292724609375,11.1749124006958,11.001042029108017,11.006935918822355,5052246
11.121865272521973,11.17491026983626,11.024615485764413,11.17491026983626,4066727
11.051138877868652,11.219116600822002,10.865480736743923,11.198488612935678,9911903
11.098288536071777,11.127757975885345,10.989250983746947,11.110076311997204,8113772
11.13659954071045,11.207326196948053,11.09828864356711,11.09828864356711,7317395
11.121865272521973,11.192591935607691,11.101236037440607,11.15428228478429,7762174
11.107126235961914,11.186694330513506,10.998088708248435,11.183748012211806,6399371
11.166070938110352,11.257426843445671,11.086502810880912,11.139547812357375,7028622
11.148387908935547,11.195539015598545,11.054084445580212,11.10123555224321,5077487
11.068821907043457,11.115973022718585,10.924419740244009,11.098291354340411,5608331
10.83895492553711,11.074712943231589,10.836007356552031,10.989250943073923,6910089
10.712235450744629,10.918524047818213,10.63561490042483,10.815380374296106,7701796
10.656240463256836,10.729914668961893,10.57372480285444,10.653292895014742,6666239
10.691605567932129,10.735810348744991,10.5206815821496,10.603196006306403,6041435
10.68276309967041,10.830111521734029,10.603195001757218,10.653293665263492,6360008
10.715181350708008,10.806537233025708,10.576674367846767,10.638560812324753,6324982
10.544260025024414,10.827169199815884,10.514790579739781,10.579623359365975,5288869
10.641507148742676,10.732863031211885,10.579620704162053,10.623825486009522,5063699
10.635610580444336,10.8065345271457,10.609087468015206,10.726966439887173,4958287
10.550153732299805,10.647403525078207,10.505948940119767,10.603198732898168,5582201
10.541313171386719,10.61498741461658,10.49121448598568,10.550154630587317,6377799
10.420487403869629,10.597305330681637,10.355653997367957,10.594359011083359,6604525
10.447012901306152,10.461747627715342,10.261353473505654,10.388072745639585,7575701
10.137574195861816,10.39396077545786,10.134627252418852,10.373331546342587,10739971
10.337971687316895,10.355653353896454,10.167047035336989,10.237774951684672,10208571
10.190619468688965,10.367437319497878,10.14641469347949,10.367437319497878,6491329
10.276087760925293,10.276087760925293,10.093375286212021,10.190625726387987,7376217
10.367440223693848,10.388068832896796,10.240720999289648,10.281978217695542,7796867
10.293764114379883,10.447007058372524,10.264294678043543,10.284923283478982,6489995
10.302607536315918,10.396910375602337,10.279031357733308,10.302607536315918,5578642
10.44405746459961,10.455845236848472,10.314390719833254,10.343860775469844,5259736
10.476481437683105,10.497110677866312,10.314397586315767,10.361549331715429,6420276
10.56783390045166,10.850743030246795,10.358598997165066,10.417538503374827,14799915
10.685714721679688,10.750547501968784,10.58551735665794,10.609092913126702,9143547
10.612041473388672,10.726972946918089,10.585518344870492,10.68571571924618,6946227
10.591407775878906,10.735809886986146,10.505945786663455,10.682763652280627,7838788
10.532469749450684,10.617931745526114,10.51478808647258,10.588462307229275,5895325
10.57373046875,10.582571928185004,10.432275867997195,10.447011217045665,5594210
10.659188270568848,10.676869932404733,10.517733725852647,10.54130927496716,7961213
10.529524803161621,10.606146611846548,10.447010355378861,10.606146611846548,6784216
10.423431396484375,10.52362810996604,10.326181001766566,10.491211103388576,6444183
10.447012901306152,10.511845697506583,10.411648932909193,10.426383659318383,6355227
10.46764087677002,10.473534766972488,10.373337383500784,10.461746986567551,8153691
10.541313171386719,10.609093525159375,10.458798718985836,10.476480387357453,9374499
10.597301483154297,10.700445132177482,10.505945608303529,10.564885729194687,7556686
10.620882987976074,10.659193900536756,10.60025499662015,10.632670768759397,6034763
10.665088653564453,10.75349826662007,10.582574181407095,10.676876435301219,7576813
10.623826026916504,10.78590981859992,10.550151803429358,10.756439129181668,7568918
10.629721641540527,10.697501988160456,10.541312058982554,10.697501988160456,3893263
10.626777648925781,10.665087309728186,10.558996037435271,10.620882508770329,5151877
10.744434356689453,10.768264332235882,10.64911319098436,10.678901923936778,6415383
10.568690299987793,10.777205190165235,10.52996657540507,10.747416446197137,6335545
10.556768417358398,10.583577764023167,10.50017160968779,10.583577764023167,5131528
10.649109840393066,10.70570664626814,10.547831844426742,10.604428018542324,4907026
10.544858932495117,10.598477022028984,10.434644637533113,10.589540779066647,5917453
10.473363876342773,10.574642516773455,10.431661427026258,10.443576412545262,5877645
10.369109153747559,10.503153398870028,10.369109153747559,10.455493447452152,4653391
10.306557655334473,10.470390046672716,10.249960815782758,10.470390046672716,6835366
10.270812034606934,10.378047579634238,10.244002674530238,10.378047579634238,5792692
10.345277786254883,10.345277786254883,10.217191044469642,10.246978511917455,7899500
10.166552543640137,10.381024221959851,10.166552543640137,10.366130487026476,6147292
10.30953598022461,10.440602140622929,10.17846981982629,10.187406062795288,8758924
10.521026611328125,10.79805197682815,10.455493545752724,10.49421788840352,12840329
10.87252426147461,10.946993588422794,10.625286298169792,10.634223173352263,13147227
11.277637481689453,11.626154125559198,11.131678210882997,11.170401299686521,25987889
11.527854919433594,11.55764239705079,11.280616959931264,11.28359507593312,16696675
11.578492164611816,11.617216510255487,11.530830945542876,11.593385268961267,12358856
11.480193138122559,11.578492430460031,11.366999477574153,11.578492430460031,7199306
11.527854919433594,11.587429874667986,11.37891626782788,11.51296054886513,8277229
11.629131317138672,11.855518654091654,11.566578251422314,11.587428852154561,14019550
11.667854309082031,11.745302998562666,11.542746928683227,11.629129964341713,8201505
11.509976387023926,11.62019062807524,11.480188925053174,11.54869945582637,8311365
11.42359447479248,11.58444806617369,11.37891264084896,11.438487577094103,6766870
11.42061710357666,11.56359823921555,11.375935261779592,11.45338395603045,5746546
11.644026756286621,11.676793613544678,11.426576273609934,11.432533769155059,7777519
11.73636531829834,11.816792117641068,11.575511719612884,11.599341695193042,9307226
11.617219924926758,11.76615859331608,11.56062307931643,11.706582367848428,7121581
11.63806438446045,11.673809342754275,11.55465948177486,11.673809342754275,4846536
11.664872169494629,11.730404584238746,11.54572106098629,11.608275361365193,6399705
11.593390464782715,11.703606056665478,11.512963621988307,11.664881693666672,5433644
11.655943870544434,11.661901367174737,11.52189956460264,11.557644544384457,5650252
11.691692352294922,11.763183596792024,11.632117368147624,11.655947361806543,5938024
11.795947074890137,11.843607048491155,11.700625864168122,11.721477734378558,6432285
11.754239082336426,11.837645269485735,11.694664136886576,11.834665890453481,5228379
11.703598976135254,11.834663833343127,11.593383450931498,11.825728224838604,6253817
11.667854309082031,11.70360053842973,11.483170722116707,11.623173733556479,6861052
11.620192527770996,11.644022501243375,11.53380824217398,11.632107514507185,4813289
11.605301856994629,11.632109951006733,11.533810658083437,11.569555625779264,4596125
11.626150131225586,11.67976757204614,11.542745223282504,11.554660210131516,4987420
11.691692352294922,11.691692352294922,11.599350495106439,11.626159869732893,6907754
11.766158103942871,11.834668675573418,11.617219441748144,11.661900029590706,7092115
11.900202751159668,11.935947727912923,11.742327208553002,11.825733417830456,8163254
11.93297004699707,12.06105685012955,11.900203185351124,11.912118178036941,6662013
12.034245491027832,12.13850355503541,12.001479898330297,12.01935238439796,7016613
12.040206909179688,12.123611862583463,11.938928202240847,11.944885698912545,6959682
12.001480102539062,12.135524382087187,11.968713245764295,12.069991932057366,6433953
12.01636791229248,12.055092247453802,11.891259299321536,11.998495433799368,6677358
12.078926086425781,12.13254480259288,11.977648675869323,12.049138612732705,5048354
12.156371116638184,12.215946046063655,12.090837430750984,12.135519259579679,7294823
11.900202751159668,12.078928898445804,11.798924053505585,12.064035789891877,8612481
11.968716621398926,11.992546609948915,11.8436079179914,11.8436079179914,4447347
12.084884643554688,12.108714624604058,12.01041532101557,12.04318217671829,7728816
11.971695899963379,12.0759527307434,11.95084402839935,12.034248987615342,4845869
12.078926086425781,12.13254480259288,11.944881823047158,11.944881823047158,6911757
12.049137115478516,12.064031482234025,11.944880338748161,11.944880338748161,7402237
11.956796646118164,12.064032813440365,11.932966667495354,12.019350971762819,9894779
12.007436752319336,12.034244848229052,11.929988053309957,11.9567974127393,5232493
11.855517387390137,11.950838560688856,11.810835547921378,11.950838560688856,6857160
11.873393058776855,11.885308050698733,11.70658190835074,11.85849995063442,6468868
11.849556922912598,11.900196244049706,11.751257658831936,11.82572695144082,6579840
11.730408668518066,11.849559818512306,11.664876230956946,11.81083547364827,9448888
11.927008628845215,11.927008628845215,11.787005615542455,11.840624328517762,7237780
12.189143180847168,12.239782529559209,11.974672057294832,11.989566429334792,8900920
12.26659107208252,12.329145408828063,12.114674299643177,12.114674299643177,6819576
12.472559928894043,12.52367716596319,12.253057324413714,12.307180782546084,8338830
12.361308097839355,12.400396632487986,12.238024948734976,12.397390410796897,6320200
12.247045516967773,12.322217636042277,12.198934493458164,12.253059235475973,5065034
12.283127784729004,12.328231311103556,12.219983102893435,12.304175161711523,3046515
12.430466651916504,12.436480371432303,12.183902876324503,12.238026351966697,7235667
12.349276542663574,12.598847729682696,12.307180520567814,12.478573380837663,8522747
12.25907039642334,12.367317306987816,12.153829706763782,12.355289872480652,5519709
12.289141654968262,12.400396086073705,12.247045625039394,12.268093002281818,7150269
12.277111053466797,12.277111053466797,12.174876588831788,12.259069902433035,5322450
12.120753288269043,12.268089994620828,12.060614841955976,12.268089994620828,7635635
12.039567947387695,12.072642754955805,11.922298546375735,12.006491864375828,7335186
11.964401245117188,12.075655703592183,11.82307691099439,12.057614543470102,7042522
11.717835426330566,11.973420424950064,11.663711949411084,11.96440048318561,10124730
11.690765380859375,11.717827739287994,11.58552471816634,11.654683086583491,6751525
11.726856231689453,11.786993426154625,11.5043460612799,11.63063544510097,10085589
11.847126960754395,11.871181831109329,11.606576981761233,11.654686722471101,9760901
11.841114044189453,11.937334807562118,11.65168128960775,11.853141480180549,17086302
11.756922721862793,11.907266956525449,11.756922721862793,11.877198364681712,10968698
12.021525382995605,12.096696203010017,11.77496045073359,11.84712505016036,10499790
12.027545928955078,12.238027405573233,11.98244239098138,11.98244239098138,8877124
12.1959228515625,12.268087441588023,12.117743270258075,12.238018862410723,7223324
12.352286338806152,12.385361153174383,12.183900943629999,12.225996973563031,7886935
12.3312349319458,12.472559199750922,12.207953091240526,12.328228711058319,7557354
12.358294486999512,12.394376782106976,12.283122401137236,12.373328138905897,6200666
12.409414291381836,12.478572675782084,12.286131177615657,12.38235192669887,6692147
12.379347801208496,12.505635881735971,12.379347801208496,12.46353985489348,6500669
12.520669937133789,12.580807114122088,12.397388086585858,12.448504049303994,8666188
12.695069313049316,12.710104245358451,12.445498109735972,12.508642784724152,9077831
12.586822509765625,12.70409064636472,12.520670337519247,12.655979627791751,6642554
12.511649131774902,12.62290482600512,12.433470799135057,12.613883611440121,5371153
12.442489624023438,12.68604706517476,12.325220234420343,12.598846259273625,9155779
12.487598419189453,12.526688236250184,12.418440002637508,12.478578477064241,4970184
12.358294486999512,12.481576299671737,12.32822590774329,12.463535152118006,6880288
12.325222969055176,12.433471169843223,12.262078291549141,12.38836764656121,6134727
12.31921100616455,12.379349470923458,12.21397028714159,12.30718356830159,5380271
12.295153617858887,12.313194770966524,12.192919141471773,12.29816111443208,5320337
12.337247848510742,12.385357583138175,12.268089467261984,12.29515183071174,2136497
12.385360717773438,12.505636360226468,12.271100069114835,12.382354496320199,5359922
12.39738941192627,12.448505380108946,12.274106272754942,12.403403130267996,6608528
12.508642196655273,12.598847959937636,12.436476310585574,12.514655914207431,7080106
12.604866981506348,12.692066551603915,12.490605036052909,12.508646194475418,8255101
12.634936332702637,12.683046091366318,12.568784139095783,12.628922612869676,5709519
12.610875129699707,12.652972427122858,12.538710520592213,12.649964930688157,4076178
12.44549560546875,12.622902159066001,12.403399589095095,12.622902159066001,6079464
12.43346881866455,12.523675848170356,12.352283002286795,12.43346881866455,4377961
12.3883638381958,12.427453631386363,12.192916147686521,12.358295257065956,5867415
12.268092155456543,12.385360297028626,12.219982410287264,12.313195679274708,7971443
12.412424087524414,12.445500178837188,12.334245742673584,12.379349271655718,7196193
12.340259552001953,12.35830070863829,12.159845434750407,12.2981635198505,12138467
12.23802375793457,12.415430359213008,12.192920233404328,12.379348049766396,8479381
12.147810935974121,12.265080299112627,12.132777285237657,12.253052868346115,8230860
12.298158645629883,12.415426755010374,12.087676017406585,12.090683513376035,12302146
12.250055313110352,12.460538073204997,12.090691088417994,12.090691088417994,5352472
12.376340866088867,12.391375799794035,12.219982912419857,12.343264777203888,6647335
12.301164627075195,12.460530024269135,12.301164627075195,12.44248887513382,6486214
12.253053665161133,12.32221203428761,12.235012517838152,12.271094812484113,5376935
12.210963249206543,12.304176533872281,12.210963249206543,12.268094218926347,4263430
12.30717945098877,12.37333033710457,12.232007351771708,12.253055998712208,5268298
12.28011703491211,12.298159461037919,12.204944936014689,12.253055946610733,4155905
12.262073516845703,12.31319073829796,12.23801865391368,12.310184518153168,4476257
12.180891036987305,12.289139225131041,12.177884816023079,12.262076859234165,4122991
12.174880027770996,12.346272924169226,12.138797715511595,12.268093305496473,9236061
12.051597595214844,12.256065297272787,11.982439195549894,12.232010423553499,11680234
12.033549308776855,12.180885960716969,12.015506888735434,12.06361788310716,8201616
12.007746696472168,12.114009656654897,11.886302761477785,12.022927671283822,7844458
11.965239524841309,12.09579098996001,11.931842159222027,12.083646727522583,8424450
11.849869728088379,11.986493347303126,11.801292670204544,11.97738579286637,10087813
11.719316482543945,11.862012212581684,11.71020764164111,11.852903371678847,9305224
11.606982231140137,11.655560578397647,11.436961235321261,11.537153352133835,13962395
11.263908386230469,11.418748456124542,11.188006062913104,11.385351073271556,20131371
11.18496322631836,11.294262872630203,11.15156586175561,11.209251750424842,10249824
11.440000534057617,11.440000534057617,11.087812910038904,11.184968338704973,13386518
11.127277374267578,11.409634687516318,11.127277374267578,11.31247930293799,10558501
11.011909484863281,11.136390147021878,10.869213710965774,10.981548818909888,13373397
11.08173942565918,11.273013548862291,11.069595159535151,11.1728227094225,13119873
11.188005447387695,11.354989776798973,11.042272943122716,11.081741170322978,11983128
10.929932594299316,11.26390370846828,10.884392249487947,11.188001416672213,11559365
11.087810516357422,11.112100334155096,10.929933783753915,10.929933783753915,12685212
10.89046573638916,11.02101853417403,10.847960803261438,11.005837556997554,16697454
10.832777976989746,10.966366158825895,10.65061209887235,10.920824528317448,13421655
10.80545425415039,10.899572950202657,10.69615522710848,10.86921228822337,11637869
10.893500328063965,11.021016390477142,10.844923271081,10.890463618086079,8528862
10.893500328063965,11.048341628946508,10.847958693225987,10.99065572986279,10697049
10.899579048156738,10.987625661072316,10.860109521585292,10.923867591328804,6531359
11.188005447387695,11.197113004498023,10.939045376983644,10.951189645019618,9405633
11.133354187011719,11.22747290172836,11.087812541095095,11.218365345244964,6032873
11.066560745239258,11.200148972608435,11.033163366438659,11.188004705377894,7971776
10.948148727416992,11.090844449142107,10.929931046672577,11.0817356087699,6945671
10.9420804977417,11.072633307271133,10.88439587008133,10.960298187125598,6677803
11.024052619934082,11.102991631145148,10.936006053788198,11.00583622223145,6502449
10.987622261047363,11.266942996760084,10.966370436264839,11.024055064531646,18089723
11.008870124816895,11.163710109716602,10.969400629277349,11.08780782806332,12067303
10.9663667678833,11.036195640619605,10.917788424987686,11.021015954828915,11621300
10.832777976989746,10.960294027280288,10.80241667534532,10.94511305449988,7852576
10.720442771911621,10.869211289777201,10.67490113920967,10.832778498748775,12942739
10.741697311401367,10.802419285445588,10.687047470369915,10.714372712843915,12761825
10.79331111907959,10.814564228606102,10.665795037586697,10.7477694774274,9185023
10.778135299682617,10.811532045339806,10.684015910451457,10.793315638617704,9036355
10.9906587600708,11.030128273667952,10.76295181093328,10.77813214542579,9451445
10.920825004577637,11.078701719481263,10.899571899324767,11.030124664997942,6534806
11.005837440490723,11.06656006072067,10.957260374573274,11.0513790837049,7631854
11.072632789611816,11.096921323877142,10.96636980828442,11.005838032548969,7173398
11.04227066040039,11.09691985526487,10.963331646651996,11.060487058688551,7661654
11.057453155517578,11.163716149758404,11.027092483996393,11.124247920697545,7599830
11.084779739379883,11.188007322822898,11.05441906420062,11.142465666137243,7811990
10.960296630859375,11.106027822571884,10.960296630859375,11.066559602066286,6864610
10.972442626953125,11.063524636135112,10.932973112390954,10.93904524633642,6498557
10.981544494628906,11.021013988742695,10.957255971430458,10.972436942345798,6189658
10.951187133789062,11.048342543631318,10.9117176278063,11.014945170274135,6778879
10.9542236328125,11.021018386091734,10.884394744671779,11.005837409119236,5719415
10.832777976989746,11.00279894809954,10.80848816297454,10.960294027280288,6490996
10.729551315307617,10.857067375847715,10.693117879189113,10.778129015493473,6930660
10.690085411071777,10.75991559687784,10.638471627497733,10.732590993529811,6349889
10.671865463256836,10.693117925466682,10.583818904471032,10.690081859436704,13696974
10.611145973205566,10.674904018619596,10.544351861053565,10.644543351239864,7258462
10.462377548217773,10.6627598872212,10.438089014005213,10.626326441985759,7785636
10.5989990234375,10.717406884080269,10.49273542667267,10.513988532375494,8439128
10.553457260131836,10.693116928404935,10.553457260131836,10.595962180588229,5461332
10.541313171386719,10.671865296468283,10.52309677549155,10.556493501299359,8487831
10.583821296691895,10.762951164697967,10.444160939913122,10.465413406926581,13966510
10.756879806518555,10.762952584668751,10.586858760146592,10.61114729708068,6399482
10.778135299682617,10.84492943491381,10.644547029220234,10.772062520191769,7159610
10.68400764465332,10.869209568128339,10.6445387939576,10.808486971533059,7196638
10.8236722946167,10.866177227840911,10.638470296675756,10.711337184321845,11959777
10.860102653503418,10.926897392818343,10.793309202021357,10.832778703631734,6733400
10.904635429382324,11.021328511239108,10.858572233640787,11.018257023651557,7077103
10.873923301696777,10.944553818879891,10.870852466279306,10.904632307162128,6175536
10.769516944885254,10.947626746311364,10.744949604098649,10.90463503969373,6568609
10.717309951782227,10.85549885535688,10.705026609471712,10.837073841891108,5290648
10.80636215209961,10.834000316727662,10.646677439123954,10.674315603752005,5596545
10.717309951782227,10.87392386882265,10.683530760428312,10.82478984828991,5644247
10.71424388885498,10.818653647584954,10.665109846435524,10.69888970412733,7267024
10.486994743347168,10.717309352666383,10.459357224693495,10.631325310008755,9975395
10.440930366516113,10.600615081978546,10.41329220145765,10.539197733425949,7845570
10.490066528320312,10.560696400341584,10.440933157377312,10.440933157377312,7619734
10.373371124267578,10.5699058538439,10.351874629399449,10.45321348027493,6469980
10.52077579498291,10.533059138020507,10.391799390506716,10.468570935782408,6360564
10.459355354309082,10.551481051304348,10.361087336309636,10.5330560421634,6667684
10.459355354309082,10.563764390731645,10.40407967559571,10.557622721017996,6995375
10.440930366516113,10.536126898562847,10.416363036320755,10.425575540910064,7268914
10.815577507019043,10.840144843306598,10.511562175020101,10.579121210052167,15338209
10.763373374938965,10.935341473673319,10.763373374938965,10.778727553166908,10007419
10.993687629699707,11.024395985115012,10.760301523380674,10.809435543335841,12395439
10.738804817199707,11.1318743164565,10.56990693227174,11.070457614254241,27736093
10.646681785583496,10.748020027149169,10.566839396500374,10.73880817023315,17339603
10.655891418457031,10.729592115515247,10.594474062360081,10.671246245949227,11729827
10.533060073852539,10.671248997884618,10.459359357788149,10.603689953884695,13007566
10.612898826599121,10.671245997387306,10.554552958392133,10.594473815586388,9227610
10.606759071350098,10.61290009112878,10.505420847414994,10.61290009112878,7436596
10.542267799377441,10.609826812728757,10.49006295922177,10.551480303294827,6966242
10.557624816894531,10.59447484249181,10.51156163360727,10.56376648782741,5710297
10.529990196228027,10.631329103364777,10.50235266771303,10.594478414053901,5525936
10.468564987182617,10.64667466260113,10.450139331805595,10.594469833065213,7051084
10.594476699829102,10.594476699829102,10.490067624375332,10.517705148418477,5254510
10.612898826599121,10.612898826599121,10.505419595691512,10.579119639742444,5331568
10.680459022521973,10.74801805493255,10.585262470562341,10.612899990111394,7566694
10.766439437866211,10.778722775003413,10.655888101050582,10.75722693501331,6102592
10.809435844421387,10.886208037679415,10.74187680933525,10.76644414564247,9627244
10.855497360229492,10.901560538840323,10.794080005845247,10.830930678992031,8003912
10.809435844421387,10.88006571513459,10.778727488150732,10.870853208253394,6200444
10.87085247039795,10.910773982130838,10.81250594615326,10.818648268281178,7141151
10.855497360229492,10.944552882296474,10.855497360229492,10.941481395851197,5900885
10.889281272888184,10.919990289053342,10.815580545899032,10.855502071526475,4379407
10.864705085754395,10.907697410296024,10.8462800829324,10.880059254772723,7239336
10.858572959899902,10.919990341232815,10.809438924575396,10.901565322220206,7350198
10.800223350524902,10.864711550061505,10.7787275011096,10.85856987879999,6487548
10.800223350524902,10.840144865015445,10.763373322955813,10.794081679263387,5204138
10.754157066345215,10.812502922985797,10.744943911374653,10.784865411945521,4701760
10.760300636291504,10.85549783281216,10.748017295138032,10.794080475754177,6273610
10.769516944885254,10.870855190346203,10.732666259350754,10.849359337037386,7216430
10.68967342376709,10.775657479212157,10.671248408591165,10.76951580748685,7443824
10.70195484161377,10.732663194714956,10.658962495981482,10.692742335683414,9212599
10.720379829406738,10.784868022065078,10.674317299858371,10.68660064107127,5935022
10.751090049743652,10.766444227996427,10.70502686369463,10.720381041947405,4752687
10.797149658203125,10.803291327839688,10.686598953454473,10.754157970747185,8185938
10.72959041595459,10.80943277084646,10.7111654074312,10.80636193609256,7076992
10.75722885131836,10.818646199235733,10.701953173063673,10.818646199235733,11612961
10.791011810302734,10.812507661643657,10.708098589554135,10.748019456330134,7409798
10.748015403747559,10.809432749997578,10.729590395259706,10.760298742739462,6087025
10.75722885131836,10.827858052439232,10.738803842330306,10.809433043451179,6091917
10.662032127380371,10.766441818716164,10.658961292416999,10.74801615764537,8508736
10.585264205932617,10.662035757445633,10.582193369923727,10.640539905383406,11394352
10.557624816894531,10.686601209066332,10.557624816894531,10.60061716471535,9250294
10.640538215637207,10.662034064285836,10.557625005273254,10.56376667631572,6003406
10.665103912353516,10.689671245539426,10.62825388951057,10.6835295750656,6119827
10.609827995300293,10.732662045847007,10.603686325337486,10.732662045847007,9728654
10.61596965789795,10.701953688608162,10.591402326773203,10.609827987939402,8828866
10.7234525680542,10.7234525680542,10.594476159845032,10.619043497922,9751449
10.693937301635742,10.771609690181974,10.675296086528572,10.728113521598575,10142855
10.659758567810059,10.675292909109022,10.578979334122621,10.644224226511094,9408969
10.687723159790039,10.73121998566439,10.62558511951225,10.650440730983162,8568336
10.656651496887207,10.687720178894287,10.610047814943778,10.610047814943778,11051538
10.641119956970215,10.687723654067096,10.625585610915596,10.6752961772234,12715568
10.74364185333252,10.76228305800452,10.647328303594529,10.650435171039861,8405214
10.81200122833252,10.864818671120057,10.777825003375956,10.821321837248007,9154444
10.77781867980957,10.855491034133113,10.774711811993937,10.843063562870583,9373276
10.675294876098633,10.787142812992677,10.650439925440612,10.743646649341139,6982365
10.718790054321289,10.780928084186648,10.665973289028686,10.728111318894044,6568054
10.703253746032715,10.70636061400879,10.597619575913383,10.669078198295884,8515297
10.619368553161621,10.71878899576802,10.594513607243227,10.71257591822124,6960571
10.61626148223877,10.647330822976413,10.560337196057255,10.647330822976413,7492416
10.569660186767578,10.709470604318064,10.569660186767578,10.67218817773551,7164169
10.60383415222168,10.69082712137877,10.594513547554794,10.681506516711885,7844236
10.656651496887207,10.706361388098534,10.5789791329367,10.613154683144487,8685091
10.768501281738281,10.784035625440431,10.656653348149879,10.66286708563074,8957629
10.634902000427246,10.734323093609467,10.625581396491306,10.721894962762116,9630135
10.557232856750488,10.631798369876286,10.532377905352876,10.625584632026884,11171406
10.526166915893555,10.641121755055268,10.49509821853448,10.55723561325263,12044174
10.63180160522461,10.63490847509476,10.457815574629961,10.501311752812041,9752450
10.470237731933594,10.563445098525696,10.39256536572873,10.557230703011102,13176693
10.352177619934082,10.495095568498115,10.330429537274172,10.460919351099571,13671176
10.293146133422852,10.358391034146251,10.265183656579733,10.352176637899964,6674578
10.345961570739746,10.38635085551278,10.293144154796073,10.302464758974464,8082415
10.299359321594238,10.473345274958108,10.258969372277873,10.47023840646707,11272038
10.283823013305664,10.321105428071293,10.25275367540156,10.283823013305664,9735771
10.268290519714355,10.296252996542437,10.181297538440907,10.255863045094278,9715978
10.24964714050293,10.333533235383698,10.234112800512559,10.268288348491375,9562529
10.280716896057129,10.336640522288848,10.209258270272693,10.252754424008476,8714335
10.268290519714355,10.318001077127573,10.209260015268987,10.255863045094278,7697459
10.218581199645996,10.274505497534786,10.209260593153354,10.224794937307756,8495949
10.274505615234375,10.311788041632028,10.24032939877024,10.26518434970201,7693122
10.293146133422852,10.345963559519491,10.252756181952972,10.29935987073623,8001021
10.327323913574219,10.36460700441971,10.25897212946836,10.299362089639887,7556575
10.187511444091797,10.377032411978389,10.187511444091797,10.330428722450101,11286493
10.156445503234863,10.249652248560743,10.116055540198229,10.193728596725073,9705192
10.128480911254883,10.15333586083847,10.035273532450605,10.134694648650779,16538667
10.072554588317871,10.09119579675339,9.988668491425257,10.01041656793336,6603525
10.050809860229492,10.109841036077702,10.010420559182275,10.01974116711625,8613259
10.162659645080566,10.190621472106546,9.991780495388886,10.03216980109308,10447973
10.13469409942627,10.21236647159863,10.081876675490541,10.144014705015007,9372164
10.091198921203613,10.181298782138237,10.088092052169074,10.181298782138237,5297208
10.221684455871582,10.237218794535751,10.109835899624146,10.109835899624146,7364987
10.16887092590332,10.187512139413775,10.094305412928536,10.187512139413775,7458835
10.091198921203613,10.187512520207315,10.066343968927299,10.116053873479927,8283900
10.16887092590332,10.190619008332185,10.072557330499672,10.072557330499672,6849376
10.12536907196045,10.153330876515387,10.081872272609063,10.150224009342617,6151629
10.097414016723633,10.144017717439901,10.078772800010357,10.112949022917773,8319816
10.106733322143555,10.131588933490004,10.081878369730095,10.097412714988506,8148243
10.063232421875,10.134691035383971,10.035269954629857,10.106728568138829,7410799
10.193724632263184,10.206152105615693,10.066341712534268,10.084982922563034,16810983
10.122268676757812,10.17197924547468,10.078772505696978,10.16887237611319,6293402
10.022845268249512,10.122265717686316,9.994883452170278,10.10051763851358,9446664
9.926536560058594,10.112950735560087,9.889253461385021,10.112950735560087,10505794
9.923423767089844,9.96381371163425,9.83332393256191,9.914103162717932,7983341
9.991776466369629,10.038379492621027,9.886141622334081,9.895462886517217,6517793
9.94206428527832,10.09119526273615,9.920316209921106,10.066340319470761,9952044
9.895461082458496,9.973132778717032,9.895461082458496,9.963812834098743,10017427
10.069448471069336,10.081875944286331,9.910996869686992,9.957599894250722,10296526
10.106733322143555,10.137802671593368,9.976244163039903,10.035274675021869,7906394
10.156445503234863,10.171979850966993,10.057025018816132,10.13469741640988,8070295
10.066346168518066,10.18440787656113,10.041490551877581,10.125377352006165,9419755
10.010419845581055,10.178192753231876,9.957602412120629,9.957602412120629,12767052
9.882988929748535,10.018286282746114,9.832645557923106,10.018286282746114,14182450
9.788590431213379,9.892423545175767,9.70992932501319,9.88298429251024,10957468
9.624981880187988,9.83579400063706,9.59666410307802,9.832647580958175,12757378
9.530586242675781,9.656444333046442,9.483389959277593,9.650151495260019,11397577
9.420461654663086,9.530587667026063,9.392143880392071,9.518001989572278,10367135
9.385845184326172,9.502263962763635,9.379552349526392,9.439334947445069,11423040
9.376415252685547,9.461369274251286,9.338657539033314,9.341804626882308,9920020
9.407869338989258,9.439334177743218,9.351233830409406,9.439334177743218,10002860
9.250555038452148,9.411024451613756,9.21279800052326,9.398438104982848,12345957
9.234818458557129,9.307186746795493,9.206500693850316,9.247404131760156,17394534
9.250555038452148,9.269433557416592,9.21279800052326,9.253701458279556,15434837
9.1876220703125,9.376409181695891,9.16559714088012,9.266283867212993,14098609
9.288309097290039,9.348091717862545,9.219087220940983,9.259991329960387,18094505
9.467656135559082,9.568342863490605,9.392141423270942,9.40787351597243,15602741
9.562050819396973,9.637564870626536,9.420459971378362,9.546318058069753,12651743
9.624981880187988,9.728815064233705,9.53373504217906,9.53373504217906,12970093
9.678472518920898,9.854673370816581,9.624982712433484,9.854673370816581,16945084
9.974238395690918,10.011995434088151,9.675325839094345,9.832648167058721,17797726
9.914451599121094,10.068627442656195,9.816911956786091,10.052895349912003,17662068
9.86096477508545,10.011994245385548,9.81691490218529,10.005701406399812,12317380
9.90186595916748,9.930183726204952,9.807472735054896,9.876693943368716,10212018
9.700496673583984,9.98996926769655,9.615542012984816,9.95850507289775,19282399
9.722516059875488,9.785445080871458,9.60609727093482,9.757126654396819,9834845
9.612393379211426,9.776008489117512,9.577782772905584,9.744544301566744,13285108
9.647004127502441,9.700493910746962,9.577782251339242,9.612392855760334,7870700
9.706783294677734,9.731955303444089,9.565193831725795,9.602950843894092,19623989
9.7980318069458,9.835788823217671,9.722517107081165,9.744542033239755,14001758
9.879840850830078,9.914451454361958,9.731957846551866,9.801179720936625,13873328
9.870402336120605,9.95535630939587,9.826351806452926,9.923891454684373,11247464
9.697346687316895,9.854668948914602,9.67846817608221,9.810619089367007,11690019
9.785449981689453,9.854671205399976,9.713081004077047,9.73510660621519,10093595
9.974238395690918,10.024581780875183,9.725668556957322,9.735108483877916,10856725
9.974238395690918,10.131560723655296,9.974238395690918,10.131560723655296,14020773
9.996260643005371,10.037164757575841,9.879842471974541,10.037164757575841,14290865
10.027729034423828,10.037168962757441,9.930189336642766,10.005704092061965,11112140
10.021429061889648,10.12840793742659,9.9899642156817,10.12840793742659,7032292
10.062334060668945,10.128409513937482,9.971087260372764,10.100091081210412,4649054
10.125265121459961,10.147290054515981,10.005699864513645,10.09065451237193,10670029
10.115829467773438,10.213369159087028,10.10639020738709,10.14729366906126,13182253
10.062334060668945,10.197631385584476,10.040309132019757,10.163020116100494,17115435
10.112675666809082,10.156726183782673,10.0528930606738,10.131554173803112,13764469
10.027729034423828,10.090658775814779,9.98997199037492,10.08751235547737,11275040
9.97737979888916,10.137848466035658,9.942768530439768,10.078065851311035,14378931
9.986821174621582,10.018286031468694,9.920745709295849,9.99940685043199,12566456
9.895570755004883,10.015135298995109,9.835788149349346,10.005696045573842,12335838
9.826350212097168,9.90815775335986,9.816910957411581,9.898718498674272,11998140
9.779156684875488,9.848378577386763,9.772863846221842,9.810621545464889,10243041
9.66588020324707,9.785445413941167,9.5809262555732,9.779151911038614,15738843
9.66588020324707,9.713076470109861,9.587219091154905,9.634416025338544,14001981
9.609246253967285,9.672175291763212,9.599806998396046,9.63127185095451,13226508
9.631271362304688,9.65958912758168,9.596660092978507,9.609245766434947,12834102
9.593511581420898,9.637561428907274,9.549461733934521,9.634415678550498,18360928
9.602954864501953,9.640711892478532,9.514854465235501,9.580929931515616,17506062
9.609246253967285,9.643856857728494,9.565196394634837,9.577782068729823,19009749
9.63442611694336,9.687915275415214,9.590375554409698,9.628132607448656,15480760
9.656442642211914,9.6721747339233,9.571488012328496,9.637563464837285,17481377
9.590365409851074,9.691051445438847,9.590365409851074,9.65958726785543,9043027
9.577780723571777,9.65014900677513,9.568341469326242,9.599805650144695,11611071
9.517998695373535,9.577781309909309,9.495973767452284,9.574634224313895,14890427
9.524291038513184,9.558901637739279,9.486533353854712,9.489679771966175,17548538
9.477092742919922,9.514850422173565,9.4393357309871,9.473946325258854,17706991
9.558902740478516,9.587221174069484,9.451923845026498,9.50226720793856,14348241
9.838940620422363,9.845233459908119,9.580932199542579,9.618689236457115,34475165
9.95220947265625,10.040309860970275,9.823204975131597,9.842083486772955,22976845
9.992050170898438,10.071731572312975,9.931492819565499,10.071731572312975,64153275
10.033486366271973,10.046235284301602,9.947430493595409,10.004800624728741,19569726
10.07491683959961,10.14822444468152,10.046231784027293,10.135474855117495,33637979
10.19603443145752,10.221532938512587,10.081293515627237,10.135476406669333,21804296
10.234280586242676,10.294837927552665,10.167348111976338,10.21515653932633,27355696
10.25658893585205,10.304398028691292,10.151409742777165,10.288461889736945,22661719
10.033486366271973,10.221534935138706,9.992051706699112,10.173725816551029,20720481
9.928308486938477,10.001615451703847,9.883686591699124,9.988865855937847,16785186
10.014363288879395,10.078108556911506,9.92193227844571,10.055797273715486,18523050
9.861373901367188,10.039860092711589,9.829500932642212,10.039860092711589,15096582
9.880495071411133,9.94424031865483,9.83268596698427,9.896431214227967,11748619
9.845436096191406,10.007986113774448,9.839060962739307,9.937866405565394,13978630
10.00161075592041,10.033483040429639,9.880494722832657,9.880494722832657,13456682
10.097233772277832,10.160978375935212,9.956994292278178,10.122731613740784,16166832
10.243842124938965,10.247029353383299,10.05898084723864,10.151411824076973,17634826
10.167350769042969,10.285278929967845,10.13229057051423,10.278904471321988,12514306
10.090853691101074,10.186471901684644,10.08129268121437,10.170535758579508,13444450
10.135473251342773,10.148222838889383,9.979298408629312,10.097226516631613,17235859
10.052607536315918,10.154600210114095,10.004798428224495,10.135476161291677,11143941
10.07491683959961,10.109977027942103,9.960175941334017,9.992048225303256,13299563
10.055794715881348,10.135476111659248,10.039858571921052,10.106791052530713,9860420
10.039859771728516,10.119541177028694,9.99205065815781,10.074919292630936,8483606
10.387269020080566,10.400017934180932,10.074917244739838,10.11316466301729,22617909
10.409576416015625,10.45101037408974,10.32033336880292,10.396827505838974,16151710
10.575312614440918,10.575312614440918,10.374515945924497,10.435073263618477,15240691
10.498824119567871,10.5753182905299,10.48607520373694,10.5115730353988,11062769
10.683685302734375,10.756991567909258,10.486075081724932,10.48926231064558,18285982
10.884482383728027,10.954602097936709,10.702808978173442,10.715557894215664,21743139
11.01197624206543,11.027912391960367,10.868549541057655,10.945043736530023,13535963
11.085282325744629,11.091657461560894,10.976915832494592,11.011976037589106,15456965
10.94822883605957,11.152212866974232,10.897232490342638,11.101217197233833,15701927
10.833486557006836,11.15221217707338,10.823924869522019,11.002411730501418,12751484
10.81117057800293,10.88447748825115,10.766549391924281,10.836669074595456,10238260
10.776117324829102,10.900420632179868,10.718747191568678,10.85579941742176,8600805
10.855796813964844,11.031095753284367,10.756991367314411,10.83667344079757,11613406
10.741058349609375,10.992851530868574,10.741058349609375,10.881297812277692,12035390
10.900418281555176,10.95141462054391,10.792051821677621,10.80798796636896,9190138
10.83667278289795,10.900417356252227,10.782489219570424,10.900417356252227,11593391
10.702804565429688,10.817545438478728,10.68049397155441,10.782485933817576,14090603
10.750616073608398,10.903604389383254,10.572129254553511,10.741053712393178,21009031
10.680497169494629,10.763365114415015,10.607189558573829,10.750616875788262,8056840
10.65819263458252,10.763371922563763,10.655005403915718,10.680503925226938,11665778
10.702804565429688,10.798422072299918,10.670931612488824,10.67730606788176,11971008
10.897226333618164,10.913162471408427,10.804796058458496,10.836669010015171,10868623
10.938665390014648,11.0470318467738,10.87810736595376,10.957788763093953,9779804
10.96097183227539,10.989657556984604,10.843043057753876,10.868541554826084,14393275
10.96097183227539,10.989657556984604,10.871728782463089,10.897226603559126,8970306
11.002410888671875,11.062968238108947,10.919542260834177,10.996035754859953,10681482
10.9673490524292,11.101213998883226,10.922727854262083,11.047030439418245,16286366
10.906792640686035,11.002410859921275,10.693246275826109,10.94822729248483,11905070
10.94822883605957,11.037471934081802,10.871734655472439,10.909981407777739,10139852
11.094843864440918,11.120341701898683,10.741057989831411,10.741057989831411,10338669
11.066155433654785,11.14265027940276,11.040657602389754,11.126713458885677,8856998
11.145837783813477,11.155398794797755,10.996035993499298,11.066155707187793,10674810
11.133090019226074,11.20958420344381,11.091656035595438,11.145839613242835,11987465
11.01197624206543,11.155402267096537,10.986477726256862,11.126717197285648,10665359
11.161776542663574,11.200023299463304,11.02791154191129,11.02791154191129,8699658
10.992849349975586,11.158587294051282,10.948228141782373,11.117152639038235,14713183
10.855796813964844,11.075717633317764,10.84623445140478,11.02153406670073,20164062
10.970537185668945,11.066154722746626,10.884481334701393,10.916353621735155,15049213
11.027915000915527,11.062974538978684,10.95142078734636,11.024727770182514,7663656
10.976913452148438,11.047033171155332,10.916355420827504,10.996036827520362,10077250
10.862417221069336,10.997875100384956,10.814039211593713,10.965623550081311,10744641
10.897895812988281,10.965624760119868,10.801139783360167,10.901120284354306,13018797
10.7979154586792,10.93014820772905,10.7979154586792,10.891445656096295,8638612
10.559248924255371,10.823714348083607,10.491519990933995,10.797912426234454,14727972
10.64955997467041,10.691487693918784,10.536678811190214,10.643109661558427,10536929
10.581830024719238,10.643107989657071,10.417345014140787,10.546352624155912,7054531
10.472172737121582,10.633431898177292,10.46572242540098,10.56247778523034,8580457
10.707608222961426,10.765661696505555,10.514097556507854,10.514097556507854,12523424
10.565698623657227,10.707606098356475,10.514095470299313,10.707606098356475,10024655
10.50119400024414,10.614075768147389,10.456041840298838,10.536671381364016,12201292
10.488299369812012,10.575379269145795,10.459272964707546,10.517326458936864,11513886
10.417340278625488,10.507645290977068,10.404439660292413,10.481844054310919,7225993
10.481847763061523,10.562477340192142,10.436694898899445,10.481847763061523,9438658
10.66890811920166,10.7237357627758,10.543125686491065,10.55925146401287,12210077
10.746315002441406,10.775342094512506,10.581831339467293,10.639884155568584,10494786
10.652779579162598,10.775336140566766,10.617302193794492,10.762435521894757,10655907
10.575374603271484,10.7205079328015,10.54312305627374,10.659229309485703,12157371
10.527000427246094,10.717285979412258,10.527000427246094,10.675358955791367,11149835
10.527000427246094,10.591503540509004,10.459271474299747,10.530225582909239,9408524
10.578601837158203,10.617304385182429,10.526999351819526,10.588277987179424,8668523
10.64955997467041,10.672136754582832,10.47540015260589,10.623758722222474,10255717
10.617305755615234,10.723736579384074,10.594729665365547,10.685034710384608,7121804
10.594728469848633,10.652781950817342,10.565702071374394,10.614079402164792,6230133
10.4302396774292,10.572147137214547,10.343159835553214,10.549571059251868,15701371
10.288336753845215,10.417343663108982,10.204482023416666,10.391542418060284,12380427
10.25285816192627,10.32058710629906,10.21093045959256,10.25930847243604,11155506
10.165778160095215,10.236732258843944,10.08837375091662,10.194804557029615,12716792
10.223836898803711,10.25286331067406,10.117406037925214,10.217386585054744,8373857
9.936793327331543,10.17223178683905,9.85616373665145,10.159331161773503,15406705
9.807785034179688,9.998070595580913,9.707803835729246,9.936791950986844,13700421
9.965818405151367,10.133527865175386,9.840035968123214,9.85293659058348,19382919
9.930337905883789,10.062570612816012,9.910986978241043,9.933563060490913,12907602
9.95613956451416,10.101272896023184,9.917437707589137,9.972266022253013,11870377
9.917440414428711,10.010970611545492,9.898089480684607,9.981944210929337,10160423
10.046451568603516,10.046451568603516,9.90454330280386,9.917443929872826,7316061
10.156105041503906,10.181906289185985,10.06902514655654,10.09805223421923,6919985
9.969038009643555,10.14319837988908,9.959363231542072,10.09804622332242,8348727
10.065796852111816,10.078697471930482,9.92066351111155,9.978716984315685,11499542
10.30768871307373,10.339940956613441,10.11417798791687,10.152879859340102,12954526
10.301239013671875,10.394769225859589,10.272212608378569,10.307689325959275,9677504
10.175453186035156,10.352838083231669,10.17222803095959,10.243182126642226,7370657
10.223836898803711,10.265763938171995,10.091604098908801,10.233512369427162,12608154
10.268982887268066,10.330260826757927,10.214154573178105,10.28188282208795,10953131
10.210929870605469,10.368964521039688,10.091598449037795,10.314136200849047,14892873
10.159329414367676,10.252859614026114,10.156104258656017,10.165779725790996,7225771
10.104503631591797,10.236736417159388,10.094828162016677,10.210934480938596,6322647
10.175453186035156,10.256082746944495,10.085148159899116,10.133526170052786,13050265
10.198031425476074,10.204481736556922,10.09482508014197,10.191580430374962,10114834
10.381868362426758,10.40121929884375,10.188357630216075,10.27543752811292,12977654
10.494750022888184,10.52377711295573,10.330265687246929,10.352841780839146,15686915
10.375417709350586,10.58505489904044,10.365742241460026,10.481848540167096,11482752
10.559248924255371,10.610852083933583,10.307684803361756,10.34961181483398,16359755
10.601180076599121,10.717286368710129,10.556027211654648,10.597954920818824,19111492
10.559248924255371,10.717282873998549,10.559248924255371,10.601176619747685,13150118
10.588274955749512,10.646327735134975,10.507644727451877,10.546347264395543,9162339
10.572154998779297,10.639883967051237,10.54635374763587,10.591505937136867,10145857
10.46249771118164,10.575378855077423,10.456047399188758,10.552802763102338,10530813
10.517328262329102,10.591506865870931,10.488301168227013,10.507652108281404,8566224
10.739862442016602,10.7850146199929,10.530225277922982,10.578602611469016,11478971
10.801136016845703,10.84306370626645,10.668904008100252,10.723731630547395,11749508
10.820488929748535,10.884992710847474,10.807588994352889,10.84629085260018,4743014
10.736638069152832,10.804366341054703,10.714061294498556,10.755989003981938,10692713
10.78071403503418,10.783979603269886,10.633793239540637,10.708886075183015,9728876
10.679498672485352,10.914571729292524,10.65990942419582,10.819889670115524,9373276
10.767654418945312,10.800303868959524,10.712151531076781,10.73827053713256,6986591
10.672966957092285,10.819887677089467,10.60113903415046,10.767648998828829,10539264
10.545639038085938,10.725209252219098,10.50972541072593,10.72194368456018,8537869
10.362804412841797,10.588082875014672,10.297506217545322,10.54563880571644,8781830
10.323628425598145,10.421575396177067,10.297508725651115,10.385661068416596,8036714
10.310565948486328,10.372598573415814,10.24200288111994,10.353009323438082,7647421
10.310565948486328,10.415042640811892,10.238738006123652,10.307300381045714,7786304
10.552166938781738,10.591346126932782,10.333418952863639,10.343213576790337,12350961
10.529314994812012,10.555434689798316,10.464016796012842,10.529314994812012,9470460
10.40524673461914,10.568492552529623,10.36280336206896,10.568492552529623,10681149
10.640325546264648,10.708887949882651,10.421576752625745,10.447695763527841,8934167
10.751326560974121,10.777445558577654,10.535842753412183,10.591346315763953,13248080
10.914571762084961,10.966810450124926,10.663174330947864,10.695823770639443,13678293
10.878661155700684,11.087615286639068,10.82315826646189,10.914575482358526,12114561
11.012520790100098,11.074553417763873,10.90151365044463,10.96354697055276,9356485
11.041905403137207,11.110467785656231,10.986401829605978,11.025580333902562,12670201
10.862336158752441,11.048436148243956,10.643588105186424,11.035375953191904,15842477
10.947220802307129,10.960280993999845,10.79703586850591,10.943956619939309,9461564
10.934160232543945,10.95701504643537,10.819888932863698,10.875392491679701,7809543
11.025579452514648,11.058228895929533,10.937427132449852,11.015784827223488,7928966
10.872129440307617,11.041904327272999,10.83295024738404,11.041904327272999,7692122
10.950486183166504,11.028844567166773,10.846009491906676,10.921102308499643,8219630
11.045167922973633,11.228002288921429,11.02557798255874,11.061492296282498,14482898
11.081083297729492,11.100673241244309,10.963547098862422,11.051699421123816,7880152
11.123530387878418,11.123530387878418,11.01905296891174,11.081086306589851,8078523
11.074554443359375,11.221475223163111,11.045170564376395,11.152912146425072,6806789
11.228002548217773,11.241062047166459,11.019048487706012,11.07128717594502,11008061
11.175771713256836,11.237805069298547,11.152917574036906,11.228010438204292,7946646
11.175771713256836,11.241069946329965,11.054970570649589,11.165977082162579,10876073
11.237799644470215,11.26718352356849,11.152912190186333,11.20841576537194,11286938
11.270448684692383,11.303097438067654,11.126792784952396,11.19862073482239,7064649
11.29656982421875,11.316159079949358,11.15944364921543,11.221476984806888,7569807
11.228002548217773,11.374923296279013,11.198618675583234,11.263916170326656,10776331
11.312896728515625,11.345546187797035,11.27045333162788,11.296572345097262,7855912
11.329217910766602,11.38472149115071,11.28024477434929,11.306363780438522,5016219
11.41084098815918,11.42716536766726,11.290039887354862,11.293304763256478,8635053
11.48593807220459,11.512057089072613,11.355341602974937,11.410845206264256,9298886
11.554495811462402,11.587145259811269,11.482667856028238,11.492462482799562,8128005
11.48593807220459,11.574091139023711,11.482673195096089,11.544706552602413,5760779
11.613265991210938,11.672033760576555,11.534908272945557,11.567557033704235,7850018
11.590408325195312,11.632851701242185,11.512049938373938,11.603467825517427,6984923
11.57408332824707,11.642645008811964,11.508784445254458,11.525109512224764,8457698
11.528375625610352,11.570819003937595,11.453282802279308,11.50878568163032,9611121
11.557758331298828,11.616526772392781,11.512049389904798,11.60020239776788,6186767
11.603468894958496,11.623057454802716,11.528376068741014,11.557759947173956,6337992
11.701415061950684,11.717740130204456,11.57081867058668,11.619792490459272,15427164
11.672030448913574,11.734063769199125,11.639381697418209,11.668766266208396,8189607
11.747123718261719,11.750389285980281,11.668766711681444,11.685090395607949,7099120
11.691615104675293,11.783032957821229,11.606728384150227,11.769973462355834,10044002
11.675300598144531,11.756923201357752,11.623061190363373,11.66550527640767,8091088
11.75365161895752,11.76018136847819,11.65570537614748,11.747121869436851,7440821
11.972405433654785,12.008319763846771,11.769981726916578,11.802630488505136,12042395
12.047499656677246,12.08994374404498,11.93649246968142,11.952817544788797,18869088
12.112792015075684,12.200944326178652,12.03116945350299,12.080141882535765,15075678
12.243388175964355,12.24991931100746,12.161765606589775,12.191150174729003,14668260
12.393582344055176,12.406643238241614,12.161773976702515,12.246662172021354,23217471
12.008319854736328,12.390313830436591,11.884253174871617,12.370724573335186,27638464
12.060555458068848,12.09320559825419,11.946284122086782,12.008317449594504,16804201
12.122587203979492,12.15850152256441,12.067083634772445,12.080143135187198,17177148
12.125850677490234,12.191148168287643,12.086670798123329,12.145439924729457,14794911
12.233593940734863,12.262978508147638,12.122586805965403,12.155235555930346,13075617
12.347867965698242,12.351133533855137,12.080145387502167,12.21727155231262,15362894
12.181201934814453,12.362714478813366,12.121796658697612,12.346214102020333,18975946
12.144899368286133,12.164700661184163,12.059093765728004,12.138298937320123,13964397
12.108596801757812,12.121797664238995,11.880879824138345,11.880879824138345,11527230
12.059100151062012,12.121803578501124,11.940290930884638,12.1086027095792,16859909
12.078895568847656,12.194403815571643,12.059094275113205,12.085496000092474,14154762
12.207605361938477,12.26700924646967,12.15480190902186,12.15480190902186,13081288
12.227410316467285,12.253812050827678,12.14490419665112,12.20760901569699,10652794
12.22410774230957,12.243909038127475,12.115198515491814,12.227407258339461,9491809
12.07559871673584,12.18120705206959,12.016194815543017,12.141603051394531,9328798
12.07559871673584,12.207608785933067,11.98979308167954,12.151504401533257,11732718
12.28021240234375,12.309915050094387,12.168005043947472,12.187806342487992,12743589
12.474924087524414,12.49142586537009,12.243907596961082,12.336313633234672,17179038
12.547528266906738,12.573931390250149,12.435320942184237,12.474923527380414,10909209
12.54093074798584,12.60363414883365,12.438621957408026,12.484826378920413,11385123
12.639936447143555,12.649837793968365,12.527727715899458,12.540929978292331,10778444
12.785150527954102,12.821453608873142,12.620138305441747,12.630039654739567,18639137
12.818151473999023,12.84125368691138,12.63993840261683,12.785149312609652,15135500
12.425426483154297,12.854458926889688,12.234012482062532,12.798354533491052,31555078
12.21090316772461,12.346214096692938,11.94688454023668,12.329712320027769,31692626
12.201006889343262,12.306615212012641,12.174605158645836,12.293412946784253,13133772
12.207605361938477,12.293410972927978,12.131699698431113,12.250508867372954,13836968
12.111896514892578,12.243906526478307,12.072292531501397,12.21090297367245,13539967
12.204307556152344,12.224110255921747,12.098700623407838,12.197707122855812,13089628
12.16800594329834,12.247211143314564,12.144903726687033,12.234010276645193,12513527
12.164705276489258,12.174606626634516,11.996392123178804,12.08879959164177,8941506
11.917181015014648,12.174600592527975,11.834674937589487,12.144897956693589,12430354
11.74557113647461,11.969987214826313,11.63996352901853,11.950185919666998,14612329
11.864383697509766,11.903986299144677,11.71587254149897,11.71587254149897,10926778
12.00959300994873,12.035994740795738,11.7983763634133,11.903984686681016,14438532
11.910582542419434,11.963385992688895,11.781873432447929,11.963385992688895,10860839
11.861084938049316,11.930390203455524,11.79838010744941,11.897388029424027,12102996
11.894085884094238,11.930388971720891,11.831382459848177,11.864384630472415,12881693
11.877378463745117,12.058948520848977,11.853398516494536,11.92876666477381,15010499
12.03495979309082,12.113754799695192,11.959591691032216,11.973295109577354,18050305
11.904776573181152,12.106900922301206,11.880796643544645,12.103475418050154,13152102
11.904776573181152,11.990422578732304,11.88764765204675,11.908203477311345,4738167
11.730064392089844,11.928762615521116,11.709509258643882,11.904781276530905,12228420
11.784873962402344,11.836260731199546,11.64784047912421,11.664969402056611,15131864
11.952739715576172,12.03838572459081,11.891073637167779,11.93903629813866,13577469
11.969870567321777,12.082923429439104,11.942463728027915,11.952741642732969,13939851
11.86709976196289,12.034964961379636,11.812286064243175,12.034964961379636,11256214
11.939040184020996,11.969872533320814,11.880800990925863,11.925336762123338,12574199
11.846539497375488,11.986999195311222,11.795152724880547,11.983573690454104,14814365
11.973302841186523,12.01783863024682,11.812288619217732,11.84654648776251,15851700
11.956168174743652,12.062368636220725,11.945890259155698,11.959593679979792,11836796
12.09662914276123,12.11033116512682,11.91848465357266,11.983576259207636,9086103
12.226810455322266,12.285049654186679,12.148016821515032,12.161720244770175,11485554
12.2507905960083,12.28162294534236,12.12746119867207,12.199402413865103,12821321
12.288472175598145,12.333007935317834,12.254212929743492,12.254212929743492,7768332
12.36384105682373,12.42893124825994,12.26449161737113,12.291898455832493,10607719
12.497447967529297,12.507725881612203,12.333008341599474,12.333008341599474,23619496
12.518006324768066,12.572818611232439,12.473470554583477,12.538560757207254,10077376
12.559112548828125,12.60022280494182,12.487171350478313,12.521429197300064,11717466
12.487174987792969,12.64133674327503,12.456341236816826,12.565968618386052,11649767
12.565969467163086,12.624208667585611,12.521433690362322,12.548840537605843,9437879
12.521430969238281,12.596799082839253,12.494024127950741,12.565966736360652,9094244
12.589947700500488,12.641334476486815,12.49744926391793,12.50772717906699,5262083
12.72355842590332,12.744112861859733,12.57624766855609,12.620783446361536,7888948
12.785219192504883,12.795497107254768,12.68244424464431,12.68244424464431,9462195
12.757817268371582,12.894851518234631,12.726984912122388,12.802353049607083,10312501
12.956512451171875,13.186043702825646,12.884569840950238,12.89142085150489,21445850
13.028457641601562,13.04901207721576,12.908553734112438,13.025032135645835,19215860
12.805777549743652,13.038735756207489,12.785223113819123,13.028457838305297,19047041
12.74863338470459,12.828290080284832,12.672439716059731,12.797120007439812,20370917
12.800580024719238,12.90101768872358,12.748630387262969,12.748630387262969,16281352
12.7278470993042,12.814429803119317,12.63433551484379,12.80057628746639,14750309
12.852527618408203,12.88716070072497,12.64126326889328,12.713993873928555,9740810
12.928725242614746,12.98413932361033,12.866385109101225,12.901018202116955,12502858
12.86983871459961,12.984129819188313,12.804035602995194,12.956422798972143,12128265
12.772871017456055,12.901014271702023,12.741699544982957,12.83174810677315,11809802
13.01184368133545,13.043013741665588,12.675897653581114,12.675897653581114,12188251
12.901017189025879,13.032624913448988,12.821360515259771,13.011845342313931,13451498
12.901017189025879,12.95296823968288,12.814433048072814,12.852530579568809,9991574
12.984142303466797,13.143457115285287,12.921802155646231,12.939118706128239,14298483
13.185015678405762,13.240429763683135,13.015310396047086,13.032626943892982,11639055
12.987598419189453,13.23696029298751,12.876771705952867,13.185010669186402,12685173
13.101897239685059,13.101897239685059,12.849072192730512,12.987606019145213,10493424
13.171162605285645,13.23003971909309,12.907947106474332,12.959896751779809,17055496
13.361645698547363,13.396278790830006,13.174623886752515,13.174623886752515,17042642
13.34086799621582,13.396282089684243,13.19887115071966,13.31316094948161,12922012
13.160770416259766,13.427448907392161,13.126137323846958,13.427448907392161,15064273
13.219648361206055,13.292378992057719,13.164234277659439,13.230038855674318,10841559
13.191937446594238,13.205790963413829,13.094964244069766,13.167694853569454,9057931
13.188475608825684,13.230036163027021,13.094965423282272,13.17808511647215,8630421
13.191937446594238,13.295838115134842,13.143450845332001,13.188474421192508,8500058
13.143452644348145,13.240427275358734,13.049942454426152,13.174622707655475,12178075
13.056870460510254,13.195404253190903,12.942579267801198,13.157308132429936,8386941
13.01184368133545,13.119207379718455,12.946039119917476,13.056867259058176,6797304
13.1746187210083,13.185009210704198,12.980670932888698,13.011840986763952,7420840
13.378958702087402,13.423982276218288,13.178083423526466,13.195399965082558,12386313
13.299306869506836,13.396281529017955,13.29584384261333,13.34433046476225,7471829
13.33393669128418,13.344325768308325,13.233499040227972,13.30276662978618,9217644
13.25081729888916,13.368571508772844,13.178086674242593,13.351254962945179,7879950
13.261208534240723,13.344328241905437,13.160770864566693,13.23350149328147,8746752
13.313161849975586,13.375503416950975,13.236968173909482,13.333942844038527,9807438
13.30276870727539,13.340864826072277,13.126137387727086,13.313157785921995,10530915
13.295838356018066,13.420520009653272,13.278521813483016,13.313154898553115,13814201
12.68629264831543,13.281989861995932,12.409223617333222,13.281989861995932,23607713
12.952966690063477,12.994527242574428,12.679360780775934,12.817895955812439,19214681
12.849064826965332,12.949502465766185,12.610093441164667,12.814430328805923,15998666
12.63433837890625,12.849067212596987,12.537365162565559,12.797116163318647,14027259
12.513114929199219,12.752086240549216,12.48540790538876,12.568528976820136,12130407
12.63433837890625,12.710532024663326,12.533900721457563,12.655119364702735,15086553
12.357272148132324,12.630878143334737,12.32956510442475,12.575464055919587,18300105
12.63433837890625,12.682826402289466,12.412683493425265,12.502730657975707,13422898
12.62395191192627,12.710534653274523,12.5546843036345,12.710534653274523,12555988
12.668972969055176,12.759020134213747,12.506193768330588,12.62394938647589,14847465
12.513114929199219,12.686283120408502,12.447310393846337,12.61355253670909,15652995
12.565073013305664,12.589317029296854,12.405758226534541,12.540830412527598,14704783
12.592774391174316,12.610092346356781,12.429996651116538,12.492336761093457,11540828
12.578925132751465,12.72785082339837,12.509658949432493,12.69321631652592,16304275
12.7278470993042,12.755552715397508,12.613555948970673,12.623946439513507,8379014
12.80750560760498,12.814431658828159,12.62394826763769,12.700141907156429,9988468
13.049942970275879,13.074185567577162,12.696678936665315,12.696678936665315,11936201
13.164229393005371,13.236959996869976,12.99106115378369,12.99106115378369,15295648
13.202325820922852,13.344322576537614,13.129595223086044,13.188472306324773,17443479
13.046478271484375,13.174622968337856,12.942577586666465,13.1711599423936,19059360
13.053407669067383,13.143454848212546,13.004919637825294,13.053407669067383,11759992
12.894091606140137,13.036089828903137,12.83867752748014,12.99452926990814,12892340
13.01184368133545,13.053404233513211,12.89408949110482,13.032623249817966,10339281
13.133061408996582,13.191938506406741,12.970283634698658,13.022234680748932,15850414
13.101897239685059,13.24043248131318,12.727854917715971,12.952972916344894,11392254
13.202325820922852,13.24388636471709,13.143448737684125,13.181546256631954,9566314
13.167688369750977,13.247344990830912,13.094957796064092,13.198858413443647,10264084
13.302471160888672,13.309473215874066,13.095932710801664,13.12743838210979,8923604
13.302471160888672,13.35498156670252,13.26746517731308,13.305971473156141,5667205
13.232462882995605,13.368989418754252,13.16945151599993,13.302476307685808,7839245
13.085433006286621,13.249964881743477,13.008418968478553,13.23596219937376,13627279
13.081925392150879,13.095928066705559,12.952401010132565,13.088927444653194,7491003
13.088936805725098,13.225461907437113,12.987417700210734,13.225461907437113,9212824
13.256958961486816,13.309469352056588,13.09242859772493,13.123934259886777,10135434
13.113430976867676,13.235954736128956,13.099428302393527,13.235954736128956,11929025
13.09943675994873,13.151947180742239,13.03292508609121,13.074933136635842,10447792
13.130936622619629,13.183447020148552,13.022416946296813,13.050422300918875,12848422
13.270967483520508,13.43199760697356,13.207956131436909,13.354983573265754,15754651
13.144943237304688,13.298972733863293,13.081931885756044,13.26746705808897,8555545
13.162446975708008,13.24996337294036,13.11693719035067,13.18695059422667,12110804
13.179949760437012,13.267466156284055,13.099433989641463,13.24996316320476,14000801
13.29196834564209,13.326975758488247,13.14494093085929,13.14494093085929,12788007
13.263965606689453,13.368984993738765,13.200952830099437,13.235960246082898,13239404
13.365484237670898,13.474005375646634,13.193953179353858,13.389989287623608,18022775
13.481002807617188,13.544014143482576,13.389986115711558,13.417991471751797,13258471
13.86257553100586,14.00260089626581,13.565020378184311,13.575521315024744,25943430
14.377168655395508,14.485688327747253,13.897578763105166,13.9185834935282,33944852
14.233641624450684,14.422677046652923,14.15312587497094,14.408674369806455,14842323
14.293153762817383,14.324659430576787,14.177632027399364,14.195135017215668,11235005
14.219640731811523,14.293154436867061,14.128624036114259,14.293154436867061,10867588
14.408676147460938,14.47518779784983,14.230143068479773,14.230143068479773,13206411
14.275649070739746,14.422676456385284,14.268647017377988,14.3456624521067,9772410
14.475193977355957,14.475193977355955,14.286159881582781,14.293160508633209,12342609
14.562704086303711,14.604712121751712,14.447182346434294,14.457684712908883,15733227
14.891767501831055,14.930275232037758,14.590712007226175,14.615217056489586,21522226
14.961771011352539,15.007279336707965,14.877754981258066,14.895259393698323,14297519
14.751741409301758,14.947777502574912,14.73773872903578,14.916271829589094,13745217
14.909261703491211,14.961770648188477,14.846248967225025,14.877754620133308,21401182
14.891767501831055,14.9897862684341,14.846259146378005,14.877764820887762,17575342
14.916277885437012,15.052803000620116,14.87777014145921,15.024797628718282,16645340
14.937271118164062,15.063295206670265,14.828751448121333,15.031789542156252,15119331
14.891767501831055,14.996786893680445,14.846259146378005,14.92327317634081,11699791
14.87775993347168,14.912767339555108,14.800745928808345,14.89526435173846,10499101
15.122812271118164,15.140315266130148,14.905771413797677,14.905771413797677,16150989
15.339848518371582,15.346849142092198,15.010786303145927,15.035291347068666,15087410
15.2383394241333,15.399369609942594,15.234839109984478,15.339858547607717,14156123
15.056299209594727,15.301345431701616,14.97578486016646,15.238334077327256,16603992
15.035296440124512,15.192826262153224,14.982786022631348,15.091307170663677,7991460
14.968780517578125,15.028290113804896,14.902267436347598,15.021289489701877,11561394
15.02479076385498,15.122809520726392,14.968781476093206,14.972281788368855,12140155
14.909261703491211,15.09829562094091,14.867253689463627,15.059789347586173,16988012
15.07729721069336,15.087798144762901,14.835752839892516,14.877759437070857,14350864
15.231331825256348,15.266339245364913,15.010790657330134,15.03529570836106,11088359
15.080799102783203,15.24532948873599,15.066796425439335,15.182318155913697,15618503
15.017789840698242,15.192822616405993,14.874262735745818,15.11230685296422,18005958
15.12981128692627,15.140313654996154,14.982783855750148,14.982783855750148,16179910
15.049294471740723,15.259333215898872,15.021289115126258,15.24533053759164,15466609
14.89526653289795,15.049294564779412,14.881263854504148,15.021289207991812,10172390
15.07729721069336,15.105302562445644,14.8952638547536,14.902264477466627,10365203
14.891767501831055,15.112308653849954,14.888267189207882,15.049297304830441,9637869
14.856758117675781,15.00028520691417,14.793746783063913,14.912768828642008,10040956
14.573204040527344,14.842753768638131,14.513693024439243,14.842753768638131,18252865
14.52769660949707,14.751738011701265,14.461183535940245,14.576705263915118,11445706
14.377168655395508,14.59770831168611,14.303654959815246,14.590707688511886,14739061
14.324661254882812,14.349166302016636,14.19513682502621,14.300157638199465,12717737
14.377168655395508,14.471685650948622,14.300154648228133,14.324658259788102,11473343
14.412179946899414,14.538202654109885,14.300159921651298,14.405179321143592,12545491
14.555708885192871,14.632722930314877,14.457690099296117,14.48569546669519,13010920
14.744743347167969,14.842760695615608,14.583711780895172,14.583711780895172,7881342
14.695738792419434,14.786755549115552,14.636227726083407,14.636227726083407,9939836
14.686897277832031,14.750522458513114,14.616201830194445,14.683362866546522,10229163
14.853028297424316,14.86716738485847,14.686895103361977,14.732846776426655,12411593
14.3228120803833,14.768189597682593,14.301602733035562,14.757586368393588,16771740
14.421781539916992,14.492476943963338,14.149606039819309,14.26271868629346,14392747
14.644472122192383,14.669215876635693,14.389970092149436,14.453595238563997,12769475
14.761122703552246,14.94139495759787,14.626802115574034,14.690427277146593,9029544
15.11460018157959,15.241850519798016,14.937862316822686,14.966140490734608,27040536
14.937856674194336,15.111058618498001,14.87776593842649,15.07924604596028,16092609
14.835350036621094,14.955531519036777,14.704563880937906,14.902509597084066,12688280
14.937856674194336,15.072177227345088,14.849487775196366,14.874231529118894,12085739
14.94493293762207,15.022697203050813,14.704569874813922,14.704569874813922,15151146
15.125201225280762,15.323146969641346,15.005019725734869,15.005019725734869,14339938
15.238320350646973,15.37970981517624,15.008561929142306,15.022699575648168,16578498
15.277199745178223,15.492820491636886,15.089858621144996,15.28427001188094,14206897
14.987348556518555,15.210038095126873,14.87070144900202,15.008557909368054,19032152
14.845951080322266,15.192356359984428,14.824741738972557,14.927249703804266,18835268
14.672752380371094,15.588252648448668,14.421784723887614,14.789399461704184,18847265
15.065118789672852,15.301947509334754,14.757596050829223,14.849499431274118,24279988
15.284271240234375,15.351430835187733,14.895448427513903,15.022698794535232,18854014
15.245384216308594,15.369101582474329,15.118133884050891,15.224176309060695,11624380
15.111063957214355,15.475144354142762,14.987348032662418,15.25245482331816,17878808
15.347887992858887,15.383236421024899,15.096920363734652,15.096920363734652,16967338
15.238320350646973,15.443336446380753,15.174693719442459,15.174693719442459,14469765
15.266584396362305,15.386765835465352,14.997943362557342,15.217096901872141,17412843
14.817681312561035,15.369102834151503,14.814145457410792,14.93786283365221,19994289
14.609129905700684,14.845958521712209,14.411184138730299,14.704567656458233,18814487
14.722240447998047,14.824748459298485,14.527829100879314,14.778796791389338,11788378
14.478344917297363,14.845959753063164,14.453601152729329,14.722242374608296,10364561
14.315746307373047,14.602061031306564,14.259189955883631,14.478345095712456,14519147
14.220307350158691,14.344023275335786,13.880970714180023,14.227376171307007,23616069
14.421781539916992,14.845952519810465,14.11072320649767,14.842416666319702,20064344
14.531360626220703,14.672749998188898,14.404108891503117,14.418247973138405,11155416
14.743452072143555,14.814146067897331,14.45713734506183,14.460671755972452,14021582
14.782327651977539,14.842418391304525,14.62679918938467,14.842418391304525,11358298
14.89897346496582,14.951995380788595,14.782326405663428,14.828278058663667,9293805
15.072175979614258,15.086315060058833,14.88836937821932,14.898972605264333,7410985
15.054505348205566,15.174685388223436,14.959066175989705,15.008553689133052,7126158
14.676289558410645,15.04036995501138,14.669220737304409,15.02269501347542,11220651
14.92725658416748,14.948465935293134,14.743449911132467,14.775262493435827,8842944
14.821213722229004,14.923721731269861,14.669219636004145,14.89190914990978,8578040
14.803544044494629,15.00502425986872,14.708104831413891,14.955538169921399,10350849
15.08278751373291,15.160553221201003,14.807077459789017,14.835355636252805,11178018
14.82828426361084,15.047439392661422,14.701033923403259,15.047439392661422,13728613
14.937856674194336,15.02268971950003,14.82120961196624,14.881300347734086,8652809
14.612667083740234,14.863634833808135,14.51015904811332,14.715175119367148,11710075
14.580843925476074,14.68688629544459,14.474801555507558,14.676281625132416,8918784
14.800013542175293,14.84596523305971,14.591463004936077,14.591463004936077,9923768
14.800013542175293,14.934334202695705,14.754060406905042,14.78940886139094,9933302
15.061578750610352,15.157016507481785,14.874237647628956,14.881306469151903,10954569
15.029765129089355,15.061577712520547,14.923722702856994,15.047438626063887,10539271
15.054505348205566,15.195894735109107,14.994414606004215,15.022691327877057,11243467
15.309011459350586,15.316080280596898,15.06157816118098,15.100461011191346,12283908
15.475143432617188,15.517560689922433,15.316079078818788,15.362030746469863,12928225
15.482222557067871,15.55291803295934,15.404458255780288,15.422131763656639,10557802
15.687230110168457,15.786202277742033,15.415054482763214,15.415054482763214,17401810
15.595324516296387,15.747318600893855,15.506955593737846,15.64127618270062,12359105
15.577648162841797,15.7119672827778,15.49988248529965,15.552904406861588,12354713
15.722578048706055,15.74732181427485,15.644813785413866,15.669557550982663,9995216
15.793272972106934,15.818016736864244,15.669557037090996,15.708438445269273,13628243
15.651880264282227,15.793271125815883,15.612998860649325,15.74731945691373,10990989
16.047773361206055,16.072517123269655,15.690763238444843,15.715507000508444,19288165
16.026559829711914,16.132602217308083,15.959398832416372,15.994745813486881,9144375
15.99122142791748,16.04070896569768,15.871039883683656,15.99475583936305,8353306
16.05484390258789,16.083122078152257,15.9876843189115,15.991218729760718,8457104
16.13692283630371,16.218998542272868,16.065551706206342,16.172607672257183,8692121
16.044139862060547,16.136921594954583,15.983474770692114,16.083392886951703,5520774
16.279666900634766,16.29394112951469,16.061986732954303,16.061986732954303,10180745
16.28322982788086,16.35103275768309,16.183311716222118,16.211860164750398,10133613
16.301061630249023,16.50090063983435,16.215417798616034,16.28321922608337,13169455
16.247539520263672,16.436671105281043,16.19401229095658,16.34745905643589,10618217
15.926377296447754,16.326052663448074,15.790772893681527,16.233270933901224,14727064
16.033432006835938,16.10480312333263,15.890689773842551,15.944218475762607,17563344
16.151193618774414,16.236837498440952,15.940649923519404,16.129781555215196,13811951
16.04770851135254,16.21542956531908,15.987043418254208,16.111941796235396,9854677
15.797907829284668,16.090528673710146,15.70512610823907,15.922806187754501,15072092
15.819321632385254,15.837164048672728,15.590935495886978,15.630188520081362,9105170
15.99061107635498,16.033433750911133,15.790773386616557,15.83359460298241,10749116
15.851432800292969,15.944214499505179,15.526695394860452,15.89425545951163,12899731
16.026294708251953,16.076255220584844,15.833593416286973,15.91923875898034,11892819
16.272531509399414,16.3403330070781,16.058419521310885,16.186886130887682,13747252
16.411697387695312,16.450950409682243,16.286799022516576,16.34389445978758,17264913
16.186878204345703,16.415264310347943,16.094096485487615,16.393853705299954,11663692
16.440242767333984,16.461653370041173,16.23683547976103,16.376008042832567,13896896
15.96562385559082,16.400985336428615,15.919233009600614,16.358162680547732,13811844
15.837162971496582,16.015590038616033,15.697990384091877,16.00131581491887,14384071
15.637324333190918,15.84429837674537,15.601638047054562,15.826455962772238,13129179
15.608779907226562,15.687287423840132,15.408940736331425,15.637328360211582,12506928
15.380389213562012,15.648029813235112,15.362546798555172,15.583796535934425,10926611
15.248353004455566,15.448190658099234,15.030672937517116,15.39466196002484,16143919
15.262632369995117,15.537409418624431,15.016403775533853,15.016403775533853,15995774
15.273330688476562,15.416072900828736,15.13058993431432,15.273330688476562,13615925
15.551676750183105,15.583793382334196,15.18411811757631,15.369681529200337,10287650
15.530277252197266,15.747957451612372,15.469610676970238,15.615921179771757,12342609
15.358975410461426,15.587361483032355,15.291173955909219,15.498147968376385,13185523
15.590929985046387,15.701554093479249,15.36254247108471,15.430345378839526,16824013
15.362543106079102,15.612341230704942,15.194822112223251,15.523127718923558,17846887
15.401796340942383,15.605203598110828,15.241211740977278,15.355405493519523,14808260
14.970008850097656,15.376822064220304,14.970008850097656,15.25192369251843,12625080
15.21623420715332,15.241212998941327,14.998552712950314,15.037807183174085,4612625
14.713071823120117,15.26262719213201,14.695229409865776,15.212666685191815,17036108
14.795148849487305,14.945027452752011,14.54892034049101,14.763032214243443,16027481
15.134160995483398,15.230512371643,14.734485641473091,14.91291271165956,14026403
15.159141540527344,15.241217236116753,15.016400756574821,15.066359812229669,8578040
15.419639587402344,15.476736466773406,15.266192817734957,15.337563916948785,13941243
15.376818656921387,15.612342581715623,15.237646091447498,15.373250466106917,10319142
15.630189895629883,15.75865792894814,15.316158383486778,15.316158383486778,14868139
15.887124061584473,15.897830095277076,15.601641009241202,15.719403005288736,15377487
15.851432800292969,15.887117620546963,15.630183123424773,15.879981239772075,14844787
16.165468215942383,16.194016662555427,15.847867111919804,15.847867111919804,17648396
16.183303833007812,16.236831054281467,16.12263877398395,16.16902961569693,10655815
15.869275093078613,16.272519975002094,15.794335804547519,16.2511079164562,14153016
16.037006378173828,16.311783459837198,15.79077775411064,16.05841845046932,20511778
16.065542221069336,16.104796683994557,15.776491137569522,15.9263696931901,10728977
15.833600997924805,16.083399304630166,15.833600997924805,16.083399304630166,9747130
15.380389213562012,15.73724334645948,15.344704383548335,15.733675155096147,12626258
15.633753776550293,15.680144633464211,15.33756622212913,15.462464570882753,12396811
15.576662063598633,15.826458820710902,15.501722744826882,15.73724527654499,12272446
15.637324333190918,15.683715192797095,15.466033659392636,15.658734938320656,7548632
15.81574535369873,15.976329949360492,15.71225909096768,15.737237880024631,22581091
15.983470916748047,16.001313329050063,15.562383570384627,15.562383570384627,3058658
16.094087600708008,16.147614812873194,15.926366669487576,15.926366669487576,8112075
15.837162971496582,16.094097539855337,15.83002513055291,16.094097539855337,8465887
15.922807693481445,16.05841355483631,15.847868379674948,15.85143802942974,8358662
15.590929985046387,15.879981109666925,15.573086116875807,15.879981109666925,9628764
15.419639587402344,15.751513376009404,15.291173067007245,15.6658695151426,10865660
15.491011619567871,15.697987090658247,15.419640516055694,15.441052576204285,9017975
15.201961517333984,15.56952017383775,15.169844883094816,15.341134085100363,11886820
15.46960163116455,15.548110584637088,15.259059399439332,15.26619578165134,16094216
15.134403228759766,15.974202150168763,14.622595208882602,15.628191550837466,37362464
15.307415008544922,15.325436185038587,14.600973402155986,15.13801359302503,26413894
15.660630226135254,15.812010418287665,15.101965091020482,15.224510820591558,22965860
15.31822395324707,15.750739471845637,15.141614689425461,15.548898209193267,17973929
15.49483585357666,15.581339258352912,15.329038397488585,15.411937861932364,11108819
15.199278831481934,15.491225867667737,15.177652252328077,15.318219125632515,13851371
15.25334644317627,15.566920142995889,15.098362299614584,15.098362299614584,14502544
14.74514389038086,15.375893824493364,14.66584984018149,15.271369246721688,22353786
14.089159965515137,14.921749497153336,13.78639960026521,14.824434296665473,42585021
13.635017395019531,13.876504863517972,13.263776345118274,13.407947154765722,33056198
13.72152328491211,13.750357746697805,12.759178645811314,13.263778781462696,33403047
13.779189109802246,14.139616855471704,13.490846029587386,13.753958593213843,19037186
13.609786987304688,13.973820162423008,13.573744652801466,13.959402934061941,15000430
13.735940933227539,13.764775395889487,12.856494240435683,13.443992366975104,24335262
13.952202796936035,14.139625396812708,13.624211774352148,13.865699378777705,17621510
13.782795906066895,14.042304584783652,13.725126983507808,13.919758860745159,15130686
13.99544620513916,14.117991905113538,13.519679160251501,13.606182527103591,17948114
13.966614723205566,14.233331285255536,13.887319216975298,14.146829372784838,14811045
13.916152954101562,14.049511964581963,13.779191477088109,13.948591353688863,12338967
13.274587631225586,13.815231459595877,13.263775815073332,13.78279306554147,19555425
13.227734565734863,13.443991549754662,13.18087893495721,13.33946846995774,13926247
13.317842483520508,13.328655775044858,13.007874224081986,13.170067705750537,19455698
13.126816749572754,13.346677695185791,12.921371563069453,13.27459153564084,20048277
13.260174751281738,13.278197396375708,12.910558706687745,13.119607840024187,11926989
13.537705421447754,13.616999459210168,13.249362260930509,13.368302581174516,17249166
13.934178352355957,14.024285690275637,13.559331767698119,13.606187406680426,26610563
13.70350456237793,13.98103446564199,13.678274035608682,13.959407879039945,11414856
13.635017395019531,13.696290246859501,13.523284980722787,13.67826907975343,12838460
12.737555503845215,13.764778695845337,12.683491977992317,13.764778695845337,37163224
12.701506614685059,12.83486412681767,12.0022747694541,12.517688070373715,77769553
12.744760513305664,12.975434718473313,12.557336524957725,12.932183028854558,24896883
13.047528266906738,13.065549446267681,12.741162326571189,12.795227337453898,18683053
13.162853240966797,13.209708855639999,12.874510203778609,12.975430782273985,14010013
13.26738452911377,13.33586528058824,12.979041344759494,13.126817613350891,15658137
13.116003036499023,13.314238864286063,13.083564633944679,13.213318244162055,14250280
13.40074348449707,13.627813796044531,12.935789568623887,12.968227974159332,23748788
13.090776443481445,13.382723626920368,13.051130149700647,13.278200508553065,16159879
13.079963684082031,13.188092208245441,12.943000690435108,13.09438091882379,16623381
12.863702774047852,12.979040630562613,12.687093522258714,12.979040630562613,19710104
12.957414627075195,13.152045037349563,12.79882508528228,12.957414627075195,14204219
12.715917587280273,12.975426079412562,12.651040832446718,12.921361135185888,16115104
12.643835067749023,12.816840287248048,12.524893334994108,12.615000619032772,16833226
12.387935638427734,12.697905355802968,12.344684683602896,12.633027082566834,17866489
12.690695762634277,12.766385852636436,12.348289124357278,12.58617121236472,18116504
12.463627815246582,12.784409404500778,12.402354943959818,12.712324713198242,23024454
12.496065139770508,12.651050747380504,12.150053791216354,12.326664509786301,16552575
12.18970012664795,12.61140228552529,12.110406093840016,12.61140228552529,19586382
12.474435806274414,12.59698149676453,11.948209977581755,12.016691436173252,16699328
12.719531059265137,12.719531059265137,12.42037461891935,12.70511382818344,19273597
12.661865234375,12.910560690412225,12.49606777275034,12.759181936197916,20761899
13.01869010925293,13.083566925725755,12.651052852174296,12.942999999101477,19425705
13.325055122375488,13.436787586357692,13.040315842524606,13.191696070009932,13063730
13.299821853637695,13.357490780380237,13.004270813281012,13.357490780380237,15571050
13.02589225769043,13.256566426927815,12.842073710041943,13.256566426927815,19511292
12.961016654968262,13.166460326444728,12.942995486985968,13.112396822497848,10880336
12.921371459960938,13.108795473282228,12.910558167915667,12.993457618930664,11146953
13.137632369995117,13.242155478860129,12.950208321962386,12.997063965770689,12842637
13.683961868286133,13.734657096491922,13.354446566947013,13.463077305217329,16155430
13.745512962341309,13.886735216621858,13.629640520242566,13.683955865551235,15795259
13.78534984588623,13.836045070392439,13.542740036547917,13.636887258631377,11390794
13.521014213562012,13.854151126793862,13.426866985126857,13.854151126793862,13660145
13.542736053466797,13.673093480658169,13.492040843870658,13.531872689067706,12474824
13.462150573730469,13.550065352837063,13.359580848223636,13.539075632966368,14376115
13.194742202758789,13.524427943422312,13.084847949157584,13.462154831034287,13993554
13.125140190124512,13.33760266455862,13.070191585596218,13.165433846872427,18438643
13.037224769592285,13.216719583035125,12.949308486498937,12.949308486498937,13257752
12.945643424987793,13.150781397886877,12.909012016595348,13.128801956879583,12357006
12.8613862991333,13.026229068017797,12.744164642155077,13.00424963485212,17820126
13.132467269897461,13.180088404509217,12.923665535126156,12.996929850634066,14043346
13.132467269897461,13.271666936481918,13.037225000673953,13.11781381082398,11645195
13.198405265808105,13.476806113267763,13.147120389457946,13.326616711718563,14288471
13.172754287719727,13.22403913372219,13.018902729570328,13.150776345086381,11736890
13.088507652282715,13.326614801985123,12.996929125419994,13.136130274166929,11825813
13.308295249938965,13.366907582653077,13.110484772987615,13.114148509385185,10534935
13.319286346435547,13.454823748148778,13.172759224322656,13.333939803611614,11629095
13.568379402160645,13.568379402160645,13.326610090810926,13.374231205930633,15201372
13.901724815368652,14.059241586693116,13.659955545629915,13.868755669069737,24471872
13.996973991394043,14.07023681081671,13.85777433650505,13.91272145107205,15984514
14.095877647399902,14.304677840004148,14.01162363114786,14.033603069294426,18366139
14.403582572937012,14.498824810075416,14.070233253023355,14.070233253023355,15360027
14.502490997314453,14.63070092055516,14.352300144188328,14.469521837380574,11436001
14.249730110168457,14.465856276041489,14.198445253383477,14.465856276041489,13502024
14.246065139770508,14.315665691535347,14.026275256765546,14.249728875626776,14831926
14.02260684967041,14.198439293472395,13.953007811019722,14.092207378249782,16407272
14.011622428894043,14.191118675140531,13.887074773299156,14.099538684007358,12695106
13.887075424194336,14.011623085626843,13.736886079208741,14.011623085626843,12041723
13.942024230957031,13.967665914902849,13.788171147423448,13.927370775895607,9451865
13.960346221923828,14.121525360639861,13.898071617232398,13.949356498158869,8153630
14.268045425415039,14.432888219975569,13.96033927288319,13.996970673912358,15472300
14.249730110168457,14.282697776014343,14.066571610141311,14.26071982876019,12937885
14.202109336853027,14.28636186154419,14.081223919317175,14.28636186154419,12991729
14.322990417480469,14.370611529790644,14.055579441436482,14.194780532761024,11588258
13.857773780822754,14.235079073635486,13.755204049828412,14.224089353176838,16747291
13.634318351745605,13.93103480626349,13.561054054750366,13.90905536817198,17057989
13.725894927978516,13.835790613033428,13.608673261234383,13.65995811291723,9479160
13.583032608032227,13.707580265888689,13.517095787982248,13.707580265888689,9470630
13.692930221557617,13.766193034124711,13.462150574055888,13.564718809635718,9558700
13.83579158782959,13.876085234923744,13.659959075325173,13.718569912826645,11745526
14.055591583251953,14.154497628846567,13.729569496590052,13.83946377842377,10657231
14.092208862304688,14.238735914237154,13.98231469080197,14.070229432032608,12617911
13.86876392364502,14.103207352610225,13.260678887143618,14.066575939316854,14487322
13.685600280761719,13.974990722110087,13.57570608172566,13.890738204863267,12186303
13.546398162841797,13.810145383774437,13.31195486429817,13.744208578541276,24651531
14.271713256835938,14.476851268781605,13.553732449920881,13.572048157603371,44491299
14.004297256469727,14.246066599527408,13.92004473250504,14.180129776862465,20047148
13.898065567016602,14.169140335445801,13.821139024080173,14.015287249572944,14276743
13.744217872619629,13.8907450332936,13.564723032000229,13.817482197921588,14831712
13.432845115661621,13.689266448900531,13.23503313836432,13.689266448900531,20594974
13.418184280395508,13.758859448438342,13.249679308626302,13.513426480078738,17065772
13.674614906311035,13.692932101897645,13.30463556613965,13.53541524533249,11655430
13.2753267288208,13.476800929220177,13.227705608360194,13.385222424461054,16757633
13.14711856842041,13.326614865818584,13.114150894563783,13.315625144556483,15357574
13.180086135864258,13.213053805727915,12.920001063927728,13.084843883034486,13719427
13.37056827545166,13.451158547398341,13.08117783155305,13.150778385513437,16080368
12.960294723510742,13.414526495803134,12.916335848818369,13.24602144929389,23582641
13.154446601867676,13.202069231398829,12.95663605812323,12.98960522704559,16979088
12.971285820007324,13.143456130710916,12.835749899552443,13.132466409608163,14029272
13.037224769592285,13.220383320220995,12.923665306057302,12.996929620266618,14325363
12.56833267211914,13.000587922435523,12.56833267211914,13.000587922435523,20503386
12.55734634399414,12.714863180769362,12.396168005470212,12.579325783992893,19161969
12.96762466430664,13.03356150654288,12.50972752611257,12.553686414223247,19240976
13.015237808227539,13.183742802707439,12.733173415808993,12.8100999328387,24316843
13.051870346069336,13.183743961156832,13.00424923562502,13.084839494805706,18199062
13.095830917358398,13.22404081375938,13.007914665868784,13.066525500195192,11298992
12.978611946105957,13.308296095300195,12.769811736628023,13.16543271566111,17213657
13.112107276916504,13.230769140566942,12.874785057850204,13.041653115079312,15568367
12.852532386779785,13.338302950652201,12.83399166372214,13.152894211841538,13666969
12.94153118133545,12.963779148222534,12.71904095482321,12.882200253167587,17384253
12.948939323425293,13.097266553960761,12.685659054812428,12.804320839240802,14233774
12.934112548828125,13.145477994579547,12.878488872392873,13.082438330697656,13451485
12.993438720703125,13.189970611569333,12.681952279332409,12.808030052828478,22034271
13.119524955749512,13.138065683671615,12.785788836682444,12.986029603181926,13629545
13.138062477111816,13.201100635014553,12.967485710332083,13.164019188220681,16222602
13.14548110961914,13.178855323388865,12.97119706803561,13.171437825950347,14222898
13.034234046936035,13.223351557871558,12.978611870639751,13.171436621721055,9551237
12.85994815826416,13.100979062197606,12.696788893157995,12.967485255132033,19110470
13.290092468261719,13.40875426401799,12.856236974290784,12.900734393582528,18257278
13.011982917785645,13.375382857783416,12.963775233501543,13.375382857783416,12957077
12.774662017822266,13.130646047480136,12.644876189386942,13.00086097316199,13719321
12.459464073181152,12.730160410047304,12.366760468049199,12.633748811533476,21607674
12.655997276306152,12.763534361078507,12.492838029551756,12.529919470873118,16634271
12.733866691589355,12.789490352130855,12.555874748440926,12.700494003498203,14550869
12.622617721557617,12.948936811312477,12.589244289690827,12.63374245021876,21791491
12.607789993286133,12.845113610067232,12.596665260220284,12.7709492257062,18051070
12.544755935668945,12.722747962804235,12.422386841204373,12.656001046893154,11951841
12.81174373626709,12.8599499236715,12.51138187501894,12.670833922405887,14533703
12.696786880493164,12.837696652673655,12.592957793809836,12.789491987762434,13784894
12.496545791625977,12.71161920307399,12.389008708843475,12.618915601485961,17285201
12.826573371887207,12.882195531067778,12.4965453934579,12.53733558015056,14755264
13.089852333068848,13.215930118951876,12.837695253069015,12.900734900127416,13140468
12.911863327026367,13.075022595166939,12.833991686750842,13.07131535548928,13654068
12.737577438354492,12.930402136551306,12.607790887690951,12.897027934986173,11717698
12.863654136657715,12.941525758719814,12.533626175537979,12.644871996298342,11801610
12.963774681091309,13.071313271044472,12.86736233309947,12.919277254415832,12124569
12.882197380065918,13.119521039807342,12.789493768125768,12.989734474856983,11495603
12.68195915222168,12.897031875608981,12.626335465950921,12.833993708814715,9794656
12.774662017822266,12.885907875472174,12.54475506832546,12.73758056801708,11499229
12.819160461425781,12.882198621975455,12.611502239132726,12.644875693471967,10148536
13.086150169372559,13.149189848143873,12.871075924982067,12.919282117122382,10948630
12.778372764587402,13.134356849919886,12.719041832326223,13.134356849919886,9494194
12.696786880493164,12.793199226783484,12.607790520478883,12.793199226783484,9402499
12.871075630187988,12.934115307515468,12.626335926375454,12.71904106805095,10237672
13.152891159057617,13.182556610711346,12.904444321162268,12.926693786961028,11885415
13.023104667663574,13.304925672660088,12.811737782740924,13.060186101014805,10756070
13.286389350891113,13.475505326832145,13.17885225366093,13.219640938899262,14414286
13.23818302154541,13.342012889819884,13.156604134454708,13.234475781543395,14011786
12.68566608428955,13.197394936141581,12.663416610321791,13.167729473596037,20243227
12.637455940246582,12.700495594010297,12.426089774303385,12.618915220488768,15858700
13.023104667663574,13.041645384339189,12.767240364366183,12.874777426024965,18318266
13.063897132873535,13.353135715115664,12.922987343575064,12.922987343575064,27082629
12.87478256225586,13.104688747338592,12.767245457696516,13.104688747338592,31063804
12.878486633300781,12.934110300065136,12.62633103808209,12.73386811618129,20664066
12.789493560791016,12.878488423517176,12.607792071159306,12.874781184040158,15803469
12.325969696044922,12.885904572578436,12.325969696044922,12.563292573025688,26571161
12.177647590637207,12.34451488653451,11.725249632088005,12.225853028014422,28245880
11.591751098632812,12.147977203898543,11.565793639069653,12.11460375824131,28001821
12.084938049316406,12.084938049316406,11.302513073021968,11.769742810547434,33540749
12.348217964172363,12.607789529298621,12.151684539787505,12.455755035539523,28714059
11.877281188964844,12.348219725260503,11.75861936801784,12.348219725260503,17341711
11.513882637023926,12.014486754541284,11.461968454353094,11.888408915114116,15891433
11.599164009094238,11.64737016827423,11.421171340629579,11.613996731466294,17303967
11.884697914123535,12.040441940851517,11.643667017995718,11.684456455892775,17865014
11.932910919189453,11.955159646261476,11.628840206461302,11.654797683143201,12856852
11.354432106018066,11.86616024095792,11.217229520298957,11.773455852292352,28291088
11.899538040161133,11.921787523861259,11.454557415569026,11.654798998282487,24304049
11.64737606048584,11.851325530688639,11.499049515846137,11.788286617246268,18499311
11.59546184539795,11.780870591184506,11.454551289094221,11.643668028808397,21038737
11.58434009552002,11.86616128077074,11.52500916091622,11.74008342179633,22214569
11.109686851501465,11.576917310186833,10.761118946486961,11.34330245790259,34729270
10.712916374206543,11.387803700370085,10.661002196537696,11.105982585966974,30234281
10.449143409729004,11.003064670982479,10.445375420340593,10.565957211319928,35861387
9.77087116241455,10.652623484348691,9.748261696236474,10.554651174426825,31355416
10.08739948272705,10.584798637709259,8.693175112711254,9.11144265361164,52937181
10.901329040527344,10.980460683256343,10.174071525621827,10.305957341397125,25177286
10.908862113952637,11.492928876988072,10.645089038622002,11.296983448518027,22703753
10.038409233093262,10.701607325622168,9.966813627433222,10.701607325622168,20723241
10.328561782836914,10.441607596835356,9.48825952097662,10.027108066918226,24593422
10.245662689208984,10.716684383060876,9.865077344493173,10.079863482111657,22442208
10.923933029174805,10.942774508697385,10.25696672405591,10.403925206628184,16649625
10.554654121398926,10.999298395438878,10.479290490294131,10.743062816001466,15416217
9.703043937683105,10.418996291002726,9.420430985139365,10.305951263248959,24701004
9.887682914733887,10.260732161943793,9.431734856568772,9.838696766057623,29079241
9.450577735900879,9.974353537891783,9.141587286470362,9.164195988622442,24302876
10.403923034667969,10.690303961272589,9.744493612286707,9.83492917004912,35442467
11.926268577575684,11.937573313285897,10.498130709451544,10.652625954321998,37816096
11.492924690246582,11.926264042752164,11.296979333157196,11.828291747366752,32251791
11.492924690246582,11.986554921856591,11.22538372264105,11.907423334611671,19637505
11.180168151855469,11.835829653184126,11.150022707389935,11.560753430334483,25524556
11.587135314941406,11.7039483821575,11.27437678380024,11.349739657452442,15514416
12.288015365600586,12.457583365539135,11.873515725048689,11.933807403907513,20741260
11.621042251586914,12.212644769744866,11.515533214730283,12.141049926616779,19023573
11.021904945373535,11.760467619395135,10.878714457446513,11.647421811693876,24578068
11.323358535766602,11.36480871594695,11.025673595055958,11.244227697245561,19871221
11.489157676696777,11.737857207532615,11.353503944472632,11.658725608295637,15699832
11.19901180267334,11.519306276294753,11.085965973095066,11.349738298246228,20089051
10.912627220153809,11.187704211326356,10.810886919080364,11.153790777635207,18681955
11.734094619750977,11.771776059087028,10.663933159833974,10.939009506152823,27287557
11.304519653320312,11.975254791589768,11.165097899720756,11.481624370316565,24803468
11.018135070800781,11.398720310404041,10.795813015316078,11.255529846978614,17438631
10.73929500579834,11.210316750189447,10.392623063231996,10.92770293723588,29272334
10.15145492553711,10.86740796517102,10.15145492553711,10.863639210489406,27203219
9.98565673828125,10.859872270417474,9.898988399653664,10.000729459506976,32244754
10.727988243103027,10.792047126935513,9.883917252662469,10.324793460836052,34991454
11.20278263092041,11.579600114799502,10.912632769847587,10.927705499855515,31179169
11.523072242736816,11.681334679928023,11.165095657152524,11.398721707043375,22324603
12.261638641357422,12.393525212094445,11.191477178009851,11.236695365149485,26568816
12.303089141845703,12.43497494952282,12.110911650173465,12.242798224169633,8127188
11.55698299407959,12.118440054140452,11.492924129734938,12.110903311460685,21788186
12.10714054107666,12.205112867705804,11.62481412074416,11.75293189653901,23220658
12.50656509399414,12.593232675218376,11.75669847693489,11.84336682447784,26331901
12.114675521850586,12.627146582797769,11.914962129165659,12.333229627131734,20631972
12.50656509399414,12.566855985099025,11.67379888482503,12.009166008697559,21366601
12.898452758789062,13.150921025655567,12.661057979153824,12.811785188280302,26441509
12.566862106323242,12.905998150819482,12.461352995496998,12.815561770111273,24560262
12.33699893951416,12.841934076103982,12.306853489599648,12.762802461658096,28329472
12.235260963439941,12.608309636500564,12.125983878156594,12.257869672045233,23501075
12.35960865020752,12.536713374456243,11.960182555794061,11.960182555794061,21908243
12.171195983886719,12.499026309712677,11.937569202140537,12.412358742631847,22095365
12.623376846313477,12.924830486784257,12.152354527284736,12.340763148368797,30786586
12.830635070800781,13.041653314440357,12.453817544906421,12.544253935037668,19395152
12.548017501831055,12.95121156664753,12.412362972751797,12.898456644401726,20496775
12.50656509399414,12.962514000076435,12.49149237121792,12.694973745537547,29576314
12.593235969543457,12.7816446703736,12.295550191579073,12.593235969543457,16366329
12.355836868286133,12.732654140938488,12.310619469928264,12.645986566714145,13444341
12.378446578979492,12.563086463834368,12.348301135264682,12.389750545633545,4411396
12.50656509399414,12.548015273208426,12.389751300898748,12.41989674645119,5192725
12.487726211547852,12.59700328281067,12.276708815136308,12.566858597310912,10837530
12.521636009216309,12.604535589359244,12.314386675699671,12.57439014815843,13481979
12.77410888671875,12.939908116861709,12.446277650271947,12.50280056791823,17429248
13.052947044372559,13.098164434977269,12.64221564389951,12.857002464023745,14848985
12.239025115966797,12.698742021549675,11.997862312417476,12.698742021549675,36096596
12.04307746887207,12.340763120157105,11.862205591530524,12.314386434362275,28001608
12.196004867553711,12.410103692298508,12.062193199276866,12.165419210088853,22727743
12.383347511291504,12.436872047677612,12.123369303464308,12.18071763192123,17421465
12.295411109924316,12.478925103136923,12.238063570177442,12.425400577204622,18603481
12.153955459594727,12.402463856137537,12.066022233632085,12.318353644888575,23908906
12.04307746887207,12.173066125542647,11.744867694592427,12.157772519159874,20567359
11.683698654174805,11.955145836405245,11.591941663066365,11.905444327265517,20324900
11.431367874145508,11.576649395055114,10.926705953488296,11.530770897266384,32078530
11.454306602478027,11.698991921202275,11.228737907411162,11.68369908878201,20473105
11.419897079467773,11.69899105612272,11.385488403443869,11.461952559891069,23933429
11.813684463500977,11.83662331694551,11.442834353168266,11.565176200721083,18714795
11.530770301818848,11.748692960684465,11.22109142962346,11.748692960684465,19628549
11.637822151184082,11.760164826942171,11.19050771483045,11.381667756947712,16291480
11.848100662231445,11.978089395216811,11.569007343323396,11.599592241517296,22147184
11.454306602478027,11.553710401964453,11.07198656948079,11.354903580501002,33535418
11.821334838867188,11.851919726866614,11.366373647555182,11.469599685515469,26533950
11.557531356811523,11.790746815297776,11.35872457076389,11.790746815297776,17343204
11.419897079467773,11.718106900857183,11.343433700529916,11.572825392362175,17744744
11.695170402526855,11.813689285802726,11.377844672373058,11.572827727525054,15420375
12.066020965576172,12.111899469847618,11.725756364116513,11.951325093652317,18076340
11.7028169631958,12.176894072878985,11.6645844867642,12.10042989752532,18991480
11.924560546875,12.050726219230627,11.450483522115029,11.450483522115029,22565783
12.127185821533203,12.310698963005189,11.855738732838837,11.97425755571563,18549956
12.001023292541504,12.226591959681045,11.95896781421525,12.222768168917346,15534994
11.469597816467285,12.043078562550871,11.393134442664813,11.966614411239107,21573022
11.461958885192871,11.622533313590596,11.328147120698024,11.603417458307014,13400840
11.416075706481934,11.431368539968913,11.075811133283471,11.385490039507976,18384158
11.301380157470703,11.549888514147865,11.251678641637167,11.366374507215287,14983863
10.804366111755371,11.182862456626856,10.731724943592585,11.006995224638105,20988838
10.731717109680176,10.896115177354442,10.578789632959449,10.876998562443937,19650087
10.70113754272461,10.961115722719953,10.674375666151322,10.89229758043703,15800910
11.014644622802734,11.087285030544045,10.559683210463227,10.559683210463227,30270000
10.647616386413574,11.125516632146393,10.624676739212948,11.094930954218714,19257503
10.922882080078125,10.980230396260188,10.582617529256918,10.704960189106972,19207497
10.91523551940918,11.083455890976438,10.689666056951818,10.88847286949692,25712318
10.888472557067871,11.114041235543498,10.792892555848752,11.02993105217329,18228170
10.9075927734375,11.110222674936196,10.754665176701035,10.80436670395361,24826712
10.521445274353027,10.838770937309787,10.471743767535736,10.727898105945265,32995376
10.44115924835205,10.659081921532232,10.379987917107831,10.517623412407326,25067039
10.762309074401855,10.934353266965484,10.38381200626377,10.617027536406425,20319569
10.670549392700195,11.071985223027182,10.475566386185559,10.536737708427635,24559196
10.4296875,10.83877011888831,10.150594324713891,10.689664832185846,31195056
10.009140968322754,10.353228652893035,9.978555292692993,10.311173932034373,23514083
10.555854797363281,10.559677811077027,10.058838911785035,10.188827598127563,20511063
10.490861892700195,10.704961575158885,10.42204452637894,10.704961575158885,14934923
10.758487701416016,10.766133731025064,10.437338907643552,10.490863447435755,22537315
10.857889175415039,10.880828815931835,10.647613284061777,10.815834463650091,16075996
10.91523551940918,11.121688359066718,10.704959666195423,10.968760041724332,19399204
11.404609680175781,11.404609680175781,10.892300754231625,10.892300754231625,23992498
11.763985633850098,11.851918832419774,11.3090252543827,11.3090252543827,30188114
11.565184593200684,11.832808890975496,11.35490863691681,11.775460549484555,21617377
11.320499420166016,11.69517357524762,11.297560551134966,11.634002221151873,27627150
11.878684043884277,11.878684043884277,11.400783925196626,11.546065467976529,20665559
11.66458511352539,11.909270487804545,11.653116069738239,11.867215772232498,17065239
11.526949882507324,11.756342411232406,11.24020980473313,11.744872590418767,31480804
11.676054954528809,11.687524775844896,11.255503133041076,11.637823253487952,24173010
11.70663833618164,11.763986654033383,11.519302104718763,11.61488211613205,15352243
11.55371379852295,11.618708161038757,11.358729933465895,11.55371379852295,21213385
11.546066284179688,11.844276197024213,11.477248911026944,11.676055001250239,22827968
11.936028480529785,12.008668839499702,11.404603224074366,11.416073040888822,27432137
12.41010570526123,12.635674382520683,12.039255520233135,12.123365703149856,30753746
12.536270141601562,12.58214863075087,12.36804979223003,12.44451394081221,17738453
12.628032684326172,12.643325520781255,12.394817122763554,12.4674582903026,19507639
12.298466682434082,12.534975171871404,12.186027948795049,12.534975171871404,15480723
12.282958984375,12.426414578676269,12.174397248223576,12.368257097105873,14152101
12.44580078125,12.480695426732096,12.344993852414953,12.438045977537055,17537257
12.306221961975098,12.422538503445365,12.18990620899533,12.321730781605101,12715471
12.135629653930664,12.232559610800628,11.9766643985054,12.178278330319365,17575214
12.286836624145508,12.30622245233284,12.089099757351764,12.096853773230485,14296788
12.302345275878906,12.333362915949978,12.151134083409804,12.329485119573205,19261981
12.321731567382812,12.542732064081296,12.313977551318573,12.395397873955273,19674077
11.992170333862305,12.364381247026305,11.93013505025321,12.271328321612664,14638299
12.034820556640625,12.09297804736838,11.77504759282377,11.949521641988266,16737695
11.984413146972656,12.26744887505628,11.953395511333618,12.030939600431214,17993707
12.019307136535645,12.092974214296182,11.809938501599293,12.046447763366952,17113752
12.019307136535645,12.131745862492025,11.8370791284306,12.069711383076749,25960641
11.840957641601562,12.03481827270897,11.674238429267941,11.961151185578727,25603670
12.003802299499512,12.054206562752485,11.728521298264766,11.945644807923244,20506691
11.790553092956543,12.11623747244669,11.689746173303,12.038693384832277,21459256
11.763415336608887,11.930135362798696,11.627713741526808,11.91850354969462,23924686
11.844836235046387,11.887484898659128,11.670362207248258,11.771169142957215,13002285
12.034820556640625,12.151135538096137,11.902995176311693,11.949521641988266,16180380
11.87585735321045,12.096857920386867,11.829330876515899,12.023191590321929,17482986
11.926261901855469,11.941769939286056,11.747910798004703,11.86810360752749,14648535
11.577310562133789,11.902995029358314,11.383450685120085,11.868100377654345,26495886
11.573434829711914,11.716891249135875,11.453241251158277,11.670364778904533,16479455
11.561799049377441,11.689746601505423,11.46486913343142,11.592816685559402,13835219
11.786677360534668,11.856467441181268,11.600572318621515,11.631589168531644,14648962
11.534663200378418,11.949522848006088,11.507522562205233,11.821575251604925,16177501
11.623838424682617,11.72464538361126,11.519153668494642,11.561803130421698,13504477
11.48038101196289,11.674240895534108,11.4183457230616,11.658732073308785,15195828
11.515274047851562,11.658730436168733,11.468748376199445,11.538537672168141,14632435
11.495891571044922,11.58118971192615,11.449365097339502,11.550172062789203,12002273
11.56567668914795,11.697501255883772,11.538536847372638,11.561799681535827,19528644
11.305902481079102,11.492008274071349,11.166323924825235,11.464867648804066,17953830
11.170205116271973,11.321415538356426,11.146942277678447,11.317538530005942,10381506
11.48813533782959,11.52690699752933,11.104292595141638,11.119801416719653,12910803
11.224485397338867,11.511397394314626,11.193466967798422,11.495888573789676,13701941
11.348556518554688,11.42222362190495,11.205100108813067,11.290399026058768,15555785
11.344683647155762,11.398964150977902,11.143068882904664,11.391210131213706,19250039
11.340799331665039,11.47650169597389,11.282641851381651,11.449361065414026,19874207
11.464873313903809,11.507522776328015,11.290400032374574,11.360189344986267,17618823
11.472627639770508,11.573434595654378,11.28264475395736,11.441609993576904,17971423
11.464873313903809,11.5618032651937,11.418346842665777,11.507522776328015,14759849
11.340799331665039,11.557922799163011,11.29815067048865,11.557922799163011,13619416
11.352433204650879,11.449363144548887,11.236117434471392,11.302029730522788,13178319
11.40671157836914,11.464869846952425,11.243869372524506,11.398957563086286,14175132
11.449363708496094,11.538539636070185,11.309784304311249,11.441609691397819,12493056
11.534663200378418,11.662610008288889,11.41834663020231,11.433855453659744,13383460
11.600574493408203,11.654854976540111,11.480380924950271,11.511398569165825,24416855
11.526905059814453,11.616080177529433,11.441606949719587,11.56955450910712,15199453
11.453238487243652,11.577309044586315,11.43773045606632,11.577309044586315,15477631
11.546292304992676,11.647100034934258,11.46874898910147,11.46874898910147,13073189
11.666482925415039,11.786675665565348,11.554044199504586,11.635465291474889,15303730
11.49976634979248,11.798310967712975,11.468749495161711,11.794433170954855,22258711
11.639344215393066,11.697501697240604,11.429975546062845,11.449361373345358,23782878
11.833207130432129,11.887487618581892,11.63547022164653,11.670364877492142,16949767
11.941767692565918,12.030943621959182,11.883610197670489,11.945645489684816,15230160
12.054207801818848,12.104611281762228,11.8332072610365,11.910751379599667,14000271
12.015437126159668,12.065840613561017,11.922384958606084,12.019314135538814,11666519
12.158890724182129,12.166645529616462,11.95339902479593,12.019311322779886,11386209
11.914623260498047,12.189904171551742,11.844833978072998,12.189904171551742,18135835
11.94952392578125,12.019313243388938,11.871979801500062,11.953400934872619,12309986
11.701379776000977,11.83708135874536,11.693624971806447,11.813818523142798,13544673
11.771175384521484,11.844842515672017,11.639350738927734,11.643227748859093,13946960
11.492012977600098,11.78667981528407,11.457118324254711,11.78280280679917,17269101
11.283281326293945,11.57865521654962,11.188761489191197,11.57865521654962,21800981
11.279342651367188,11.354170251410281,11.173007639568443,11.350232125286015,15224190
11.271464347839355,11.299032829492026,11.149376845086874,11.216328185454431,13454364
11.440814018249512,11.452629198562633,11.192700037197396,11.271466571083918,13777003
11.401430130004883,11.488072102048234,11.318724681955256,11.428997811767646,13648737
11.555021286010742,11.653480019923528,11.42505755130733,11.464440404136205,19160263
11.61803913116455,11.653483870606673,11.48019749887561,11.555025104159967,11735077
11.653480529785156,11.669233831790004,11.507762686470407,11.649542404514028,11478117
11.724370956420898,11.736186134130188,11.5983445299762,11.692864349809724,11135006
11.9409818649292,11.960673299749155,11.775572530968555,11.807079147048738,14557160
11.866154670715332,12.047317319102115,11.842524307361897,11.960673721367074,14784692
12.315119743347168,12.460837611879196,11.913410873165816,11.98036221804263,26863200
12.40570068359375,12.417515060725822,12.232414342198725,12.342686667620592,16100946
12.208784103393555,12.433268483945628,12.019745257339515,12.326934283212811,20398043
12.36631965637207,12.374195909470215,12.114267543422566,12.161526663852616,17952338
12.594740867614746,12.606556046924096,12.244230822748431,12.3111821706339,22084490
12.724706649780273,12.874362665250745,12.63806306114954,12.665631548524825,20638583
12.6301851272583,12.736519334261976,12.539604225098188,12.697136472613312,27609451
12.614432334899902,12.811348252984248,12.539604734543335,12.748335031049976,15165974
12.547479629516602,12.689259363531864,12.45295980683976,12.62624614841397,11646581
12.315119743347168,12.559295566218093,12.271797955106683,12.559295566218093,18563284
12.19302749633789,12.358437543090504,12.09850849937667,12.346622368125272,15824047
12.2402925491333,12.346627566753016,12.196970756633334,12.30330577425305,10985628
12.177278518676758,12.311181203933371,12.098511997666856,12.220599504541871,9528100
12.051254272460938,12.177280728951603,12.03943909193479,12.149712241364123,10470749
12.291486740112305,12.378129491377713,12.047310985709565,12.094570085730519,24949967
12.224538803100586,12.34662631368898,12.118203796272853,12.315119704326722,10889881
12.2402925491333,12.287552467973113,12.110328773474501,12.224540043773912,8356533
11.901592254638672,12.169397538723937,11.870085656402738,12.106384342252065,13491149
11.925225257873535,11.964608917538918,11.818891058709877,11.937040435865192,10271898
11.984298706054688,12.023681559407462,11.814950514429013,11.877963720529701,11508078
12.094573974609375,12.137895764631853,11.956733153233177,11.992177890105886,10012912
12.35450267791748,12.393886340438678,12.09457354877538,12.232415166218859,14961259
12.370251655578613,12.417511553520065,12.311177383841944,12.350560231666389,9177099
12.3308744430542,12.472654201672945,12.326936316656042,12.397825795505133,10883484
12.3978271484375,12.519914686547327,12.291492918559971,12.291492918559971,13301787
12.228477478027344,12.452961894284238,12.185156486062368,12.452961894284238,15039520
12.216662406921387,12.338749924071745,12.133957753130368,12.275736701960394,14705898
12.224538803100586,12.232415054980915,12.094573438790926,12.169401836256403,13267668
11.96066951751709,12.165462457278162,11.925224785865462,12.157585405288696,16416975
11.870087623596191,12.000052162628005,11.850396196665379,11.929161904388632,11492831
11.909472465515137,11.956732378590413,11.834644069582502,11.874027730938792,11416170
12.051254272460938,12.055192398996123,11.86221458772494,11.88978307531242,7832270
12.189092636108398,12.189092636108398,12.082758435703786,12.14183272451065,17258652
12.1654634475708,12.220599612303705,12.098512104352114,12.20484630796281,16324320
12.346626281738281,12.370255838238592,12.06700572506221,12.153648500123968,21996739
12.311182022094727,12.386009621336603,12.204847011434566,12.350564884756714,21970830
12.236351013183594,12.27967279361212,12.169399680379716,12.208782534645412,13111893
12.208784103393555,12.279674371469195,12.090634724494727,12.279674371469195,13380795
11.976422309875488,12.051250696442827,11.822828212294553,12.011867840936027,29322127
11.62197494506836,12.000053425423317,11.62197494506836,11.976423069883406,41824779
11.653480529785156,11.771629894361341,11.54320741575123,11.724369988346801,48461278
11.61410140991211,11.74406600197646,11.547150050475402,11.673176515730685,21472904
11.62197494506836,11.66529592869086,11.543208428135992,11.661357803074342,16970025
11.767696380615234,11.956736091620499,11.637732580449992,11.673177326033302,25808385
11.874029159545898,11.921289078307185,11.822831114451308,11.85039960062553,20690188
11.791321754455566,11.877964518202411,11.736185595874913,11.811013182454346,15634366
11.952792167663574,11.980359844791524,11.826765754780453,11.850396107656195,12398909
11.877964973449707,11.929163008576946,11.799198457515342,11.917348631877084,13916572
11.921286582946777,11.948854262429991,11.826766765209067,11.921286582946777,19299832
11.818894386291504,11.93310566991232,11.775572588738559,11.929166742192495,23462585
11.77163314819336,11.874029239068305,11.759817968193772,11.807077887271568,17631404
11.799201965332031,11.846461888942681,11.748003914983984,11.846461888942681,14413219
11.881903648376465,11.89765775321212,11.811014181218155,11.874027396879066,17739946
11.755866050720215,11.927922386435636,11.69184486150551,11.91191708913196,25738973
11.66783332824707,11.823885137854091,11.643825795701634,11.823885137854091,20324047
11.66783332824707,11.7118480872676,11.499778159233284,11.703845033931179,24769776
11.603816032409668,11.703848943270652,11.503783935280868,11.687844458715789,17687914
11.611817359924316,11.675838543542524,11.519786705040131,11.607816239381194,23546496
11.57981014251709,11.70785254706556,11.53579536252048,11.70785254706556,27332552
11.647828102111816,11.663833396683263,11.539792974053544,11.591809977977748,17030907
11.563796997070312,11.691839314754892,11.551792826354447,11.61181286620203,22814747
11.587807655334473,11.623819363479253,11.523787292928176,11.615817123327954,20967726
11.523785591125488,11.619817341151162,11.487773074566977,11.619817341151162,20448049
11.615817070007324,11.643826537872233,11.491776652107804,11.531789480144562,26533204
11.611817359924316,11.799878976503752,11.591810943476643,11.67183660926734,26682049
11.543790817260742,11.683836494706332,11.487771895297097,11.635820624622534,21182038
11.459765434265137,11.6358228444277,11.431755967939853,11.599811138427718,28588031
11.683839797973633,11.715850387079564,11.551796321344659,11.599812205003557,24505885
11.983941078186035,12.063967568430993,11.71985488097593,11.72785712313434,52723830
12.019950866699219,12.091974284621188,11.863899042892308,12.043958401429213,23397865
11.839890480041504,12.184003059104876,11.727853428989008,11.99594147656569,26035810
11.767868995666504,11.96393367724366,11.6678360945025,11.939926139006424,21731996
11.63182258605957,11.795876648860162,11.587807823393176,11.735856591927076,21496147
11.643831253051758,11.723857755264039,11.61982370925422,11.683844097291752,16134745
11.727851867675781,11.827884732222433,11.691840166636075,11.691840166636075,14728715
11.827889442443848,11.839893618814775,11.683841767189099,11.707850119930956,15891646
12.071967124938965,12.083971299238183,11.903912753409864,11.931921408465387,20432055
12.127985954284668,12.159996542975595,12.039957242250608,12.059963656749444,15538086
12.148000717163086,12.192015510294063,12.09198255532301,12.184012450755457,13161152
12.067967414855957,12.176003368708617,12.027954580825837,12.155996951693556,13319593
12.055962562561035,12.151993515108657,12.003944745527262,12.09597539164488,12632412
12.135991096496582,12.159999450621541,12.063967661586057,12.087976015711018,14031511
12.264030456542969,12.264030456542969,12.079969979829066,12.115981688400835,17522649
12.268031120300293,12.28003529395499,12.151992944923407,12.268031120300293,11321169
12.212015151977539,12.232021569107106,12.10798113191812,12.192008734847972,11261141
12.175996780395508,12.216009592775086,12.1239797988094,12.155990374205718,12132566
12.536118507385254,12.564127973169903,12.23201875844183,12.304042982783516,23496491
12.752187728881836,12.800203600330834,12.536116714227239,12.580131466488433,27891040
12.816213607788086,12.848224200535501,12.72818488459874,12.788204135701077,17505376
12.656158447265625,12.736184915243612,12.4640957378504,12.608142566478833,9118670
12.588138580322266,12.764196843823632,12.576135218109885,12.736187371197207,20760133
12.940250396728516,12.940250396728516,12.544120847173215,12.716177124391496,24040798
13.06429386138916,13.168327869538311,12.920246209829724,12.920246209829724,17671814
13.080304145812988,13.192340437144018,13.008279885691834,13.136322291478503,17550691
13.084297180175781,13.228344797650163,12.984264315918189,13.184330044433374,17064919
13.304376602172852,13.432418998912553,13.104310764133192,13.116314942260601,17189454
13.360390663146973,13.464424665519884,13.15632296466848,13.368392903145526,21636036
13.324379920959473,13.404406395402198,13.20433980242938,13.404406395402198,20112401
13.468427658081055,13.492435195146518,13.284367161472282,13.284367161472282,13994193
13.49643611907959,13.53644894910399,13.364392640774263,13.49643611907959,11121572
13.424413681030273,13.656490079163706,13.416411439448071,13.600471946891956,12451154
13.208338737487793,13.484428994463695,13.14831869185034,13.460421464447808,22011347
13.088297843933105,13.292365498352513,13.072293367391431,13.22834433725872,19992558
13.128310203552246,13.240346410871497,12.948250908867575,13.120307152325616,17875356
13.124311447143555,13.24435154847072,13.0682933299276,13.180330378091403,19314972
13.21234130859375,13.332380599326322,13.188332962208088,13.21234130859375,10076885
13.2843656539917,13.35238795064557,13.22034447743936,13.252355065715529,12939164
13.296369552612305,13.39240131545165,13.244352551173982,13.37639520791314,10031784
13.348384857177734,13.37639350747973,13.268358398318066,13.296367862351913,3616953
13.40040397644043,13.424411511038445,13.316376384749402,13.380397561986753,9133277
13.376396179199219,13.448420413424524,13.364392818271678,13.400404528518324,8306207
13.37239933013916,13.396407687126723,13.316381186721966,13.352392908471039,14045479
13.256356239318848,13.400403064568795,13.256356239318848,13.384397771348587,7982714
13.31637954711914,13.384401860654748,13.240354177662311,13.364395441449952,16176648
13.340381622314453,13.364389966510538,13.116308354298091,13.352385794412495,23722957
12.956793785095215,13.289644059019176,12.908083928509305,13.249052924610677,37506464
12.879668235778809,13.029856727888525,12.798485155517785,13.029856727888525,25508242
12.88779354095459,12.899971216368531,12.753841587880789,12.85126134020595,20658308
12.94056510925293,12.977097317742905,12.753844290476005,12.977097317742905,21974989
12.95273494720459,12.956793895581482,12.863433955448684,12.899966141826425,14407568
12.93649959564209,13.00550585227434,12.851257543911588,12.968972836824465,17108741
12.672656059265137,12.93650012275643,12.664537335892266,12.91620455256371,23054221
12.412870407104492,12.713246649031786,12.360100771198749,12.664536787383133,46642300
12.676711082458496,12.713243262590634,12.441280559948368,12.477812740080505,23935668
12.465635299682617,12.72136139078055,12.420985223367367,12.6767113144653,30237693
12.433164596557617,12.571175452328733,12.28297689503698,12.49811107586,23572406
12.315448760986328,12.554939099126438,12.299212967376349,12.408809527200875,24228667
12.453461647033691,12.607709130762677,12.28703649142025,12.50217068358563,21103350
12.246448516845703,12.392578150589179,12.075965182384799,12.339809322555116,37811511
12.124670028686523,12.258621940109364,11.97448232241769,12.173379889703277,34965652
11.905474662780762,12.258620494384138,11.82429239615336,12.10843198033492,35659870
11.942008972167969,12.080020666069005,11.85676774214461,11.954186644525437,27086894
12.019131660461426,12.116551376425875,11.913594047579712,12.1043737055571,18225611
12.067841529846191,12.128728233261846,11.966362865327225,11.998836104012724,17606348
11.848649024963379,12.104375191646648,11.779643590723115,12.071901949004998,35864052
11.621335983276367,11.787761128705199,11.617276209234698,11.763405786426747,28760120
11.665984153747559,11.674102875005612,11.491441139866119,11.621334076052914,25070131
11.515800476074219,11.69846228772203,11.515800476074219,11.686284613480684,17707533
11.67004680633545,11.803997897960304,11.645691462045141,11.649750410929206,25553557
11.718754768371582,11.779642298016077,11.588862637552417,11.68628152929357,16152658
11.787758827209473,11.85270446778832,11.641629278548422,11.714693640132582,15994750
11.743104934692383,11.779637106180495,11.653803153840867,11.73904598796982,15161602
11.844587326049805,11.86894183963017,11.787759577367096,11.85676499558638,12456485
11.828349113464355,11.933886700569001,11.78369821484654,11.877058959549423,14310116
11.832413673400879,11.877064593197964,11.747171608692303,11.828354724008342,11936700
11.779642105102539,11.885179717631264,11.734991195728293,11.779642105102539,19705104
11.771520614624023,11.82429023397238,11.730929488732786,11.795875950552908,14640538
11.665984153747559,11.751227012239712,11.64974753672421,11.73904934309901,15712094
11.755281448364258,11.771518060296069,11.653802830163558,11.678158160807525,13273532
11.722818374633789,11.759351402231646,11.609162818195612,11.678168272280653,16887606
11.743104934692383,11.77557815945793,11.674099538438725,11.743104934692383,13582737
11.767463684082031,11.816173538796013,11.71063593299546,11.759345787709442,17269741
11.877066612243652,11.88518451240873,11.73093697983343,11.791823707551119,18502083
11.824295043945312,11.909536277893427,11.783703076049102,11.901418379609993,14241984
11.881120681762695,11.942007384469157,11.812115256732987,11.860825114193874,13974255
11.864877700805664,11.913587532148933,11.816167869462396,11.88923302922351,19983282
12.027252197265625,12.063784389890209,11.85270830679162,11.893300273980156,17094454
12.140905380249023,12.19367500995555,12.002894534537408,12.01913115317953,21646272
12.075963020324707,12.193678331169208,12.02319337624522,12.173381933218762,19359540
12.112491607666016,12.116550555849763,12.015071898299178,12.07189964935009,11714926
12.067841529846191,12.149024626559939,12.027250394235754,12.149024626559939,12047268
12.120613098144531,12.120613098144531,12.01507546111525,12.055666605974801,13430587
12.149027824401855,12.177441296610946,12.084081329935776,12.15714572346357,13724758
12.238327026367188,12.278918166641494,12.157143920325602,12.157143920325602,26049671
12.299209594726562,12.331682824027538,12.238322083414074,12.246439977992999,11864730
12.343863487243652,12.396632294820467,12.278917008535915,12.343863487243652,21208267
12.4412841796875,12.469698472720722,12.291095642286544,12.291095642286544,13596172
12.575235366821289,12.575235366821289,12.420987889502234,12.46157902677302,15380178
12.36415958404541,12.563057977217717,12.339805066235277,12.542762408127118,16000934
12.303272247314453,12.453460771689631,12.287035627774085,12.44940182317776,14419510
12.327628135681152,12.360101378375468,12.246445028945363,12.323569186717606,12930102
12.360103607177734,12.420991154582204,12.323571408932304,12.412873255191274,14965844
12.676711082458496,12.786308448347626,12.591469053652602,12.62800123378474,47206333
12.59146785736084,12.67670987806805,12.538699066017582,12.66859198347338,22853877
12.697010040283203,12.761956522541771,12.636123332285498,12.684832368486488,18351745
12.770074844360352,12.871553519887735,12.701069411041168,12.871553519887735,18849245
12.664534568786621,12.729481039607384,12.632061333376239,12.729481039607384,22490295
12.464625358581543,12.687208014145847,12.402797355413883,12.687208014145847,29006204
12.431648254394531,12.481111152585035,12.307991428045648,12.427526555775678,31576231
12.398670196533203,12.464620712600645,12.336842216410897,12.44401138589321,21013681
12.340962409973145,12.448131566393577,12.324474782965812,12.386302755552464,19633027
12.394548416137695,12.427523673951383,12.266769920800574,12.365694855987078,20272868
12.303868293762207,12.386305609539178,12.221430139730582,12.386305609539178,44206404
12.176091194152832,12.29974886716493,12.15960439855635,12.29974886716493,28856720
12.192578315734863,12.275015637605255,12.151358816544949,12.155480514987525,26306631
12.254409790039062,12.266775727136107,12.138996333061538,12.159606507641598,18978685
12.266769409179688,12.29562212987236,12.176087034846937,12.27913450165318,15930883
12.184334754943848,12.295625648581165,12.130750157460536,12.279138015643627,24152645
12.06891918182373,12.097772743905832,11.91640881378987,12.002969500036176,26552929
11.974111557006836,11.982355788700254,11.879308341185913,11.982355788700254,26070569
11.928781509399414,11.9947320668351,11.887562830129657,11.945269148758337,17428075
11.850460052490234,11.932898208946352,11.788631225584476,11.908166342882177,26602295
12.002971649169922,12.056555408480095,11.838095319543372,11.89167991710831,28366150
12.044188499450684,12.08540715652534,12.002969842376027,12.044188499450684,15858806
11.9122896194458,12.081287653008363,11.908167920640565,12.035946451386401,23367584
12.073043823242188,12.134871817871954,11.998849056129805,12.01945838767306,15539899
11.850460052490234,12.019457225406926,11.759777661261165,12.011213828888655,36789108
11.82160472869873,11.924652199368142,11.780386075732789,11.805117099861443,17347895
11.545438766479492,11.838093579868257,10.91891048248002,11.792752386320412,42107968
11.61963176727295,11.833970109109902,11.458878010895234,11.53307192333809,38892982
11.792754173278809,11.953507966708997,11.656731410278354,11.924655237583437,27673851
11.706194877624512,11.80924237955085,11.644366041166784,11.730926747509526,24781611
11.829848289489746,11.862823547625645,11.7268008173787,11.768020309175858,20688909
11.825733184814453,11.937024114378595,11.763904331775464,11.825733184814453,14156579
11.751535415649414,11.89167987622276,11.685584884025543,11.784510681461349,24603551
11.813366889953613,11.833976227592812,11.669100688224214,11.739172939150494,22279502
11.714439392089844,11.95763222395229,11.69795259493465,11.829852839960424,22884691
11.751535415649414,11.796875777449754,11.660853853793972,11.669097251119574,25470711
11.44239330291748,11.656731699475346,11.438271604119397,11.656731699475346,31498184
11.524831771850586,11.533076008517005,11.261030448858037,11.281639783141774,37210374
11.331103324890137,11.467125264042997,11.289883818801668,11.446515930126191,20591882
11.294004440307617,11.31873630925186,11.046690780393865,11.166225911611628,24799203
11.100274085998535,11.339344320591287,11.046689493866323,11.339344320591287,30040335
11.368200302124023,11.372322001259507,11.133251715833463,11.219811588952902,18694110
11.343462944030762,11.405291754176188,11.207440232314388,11.376438197674396,19514143
11.21568489074707,11.43002320931533,11.21568489074707,11.252781842941232,15402889
11.372320175170898,11.376441873644547,11.166225192431746,11.232174882774308,18972394
11.392929077148438,11.454757066691144,11.322856852713889,11.405295010358856,16961282
11.21568489074707,11.314609817180006,11.174465403000069,11.285757097837038,22462786
11.162101745605469,11.281636859378114,11.162101745605469,11.24041820149292,17574894
11.409417152404785,11.43002648305388,11.153859272893747,11.178591140276438,21557348
11.450637817382812,11.557807864369657,11.380565577961532,11.413540848072119,19699986
11.681464195251465,11.714438625659353,11.561929055912808,11.570172453951072,17770440
11.77214527130127,11.77214527130127,11.541319238596358,11.607268934901477,18022708
11.800999641418457,11.899924611723856,11.780390307532118,11.854584244824881,15998802
11.998847007751465,12.007091241914212,11.833970707042692,11.887556133464006,20556377
12.027701377868652,12.040067310816115,11.945263221976699,11.978238484333481,20739448
11.990605354309082,12.085408612302402,11.825729029640605,12.040068251709625,22459268
12.007094383239746,12.077166619809791,11.978240813503316,12.015337781304535,19510411
11.978238105773926,12.13899187599178,11.93289775015729,12.118382547233795,13404358
11.978238105773926,12.110139151032461,11.957628777015941,11.99884743453191,15813492
12.089529991149902,12.147237122385183,12.011214367694473,12.035945396613368,19897664
11.937015533447266,12.130745353303942,11.89991858359305,12.060673150633887,16411537
11.768019676208496,12.035942586333684,11.759775442990671,11.998845632489775,21396349
11.833977699279785,11.891684857752079,11.763905439639238,11.842221938313733,14050277
11.796875,12.019457610434317,11.603145954813279,11.772143971398277,49151552
11.54955768585205,11.858700055404208,11.458876158827994,11.854578358324579,29439198
11.594901084899902,11.623753808227058,11.376440200612189,11.545438195726009,32420041
11.782642364501953,11.945252869913968,11.637611735677034,11.940857900767194,25574500
11.694745063781738,11.954042366068292,11.642006274225736,11.932067521147198,39477900
11.86702823638916,11.871503085426214,11.629866358366392,11.688038542357914,20717700
11.983367919921875,11.983367919921875,11.777529197472838,11.956518834282928,19227900
11.925196647644043,12.001267355671752,11.844651091674706,11.996792507730126,18324600
11.853596687316895,11.947566754606216,11.822273616050348,11.925192522637483,20748500
12.032587051391602,12.11313258469267,11.952041518090534,12.014688518152328,22709200
12.01021671295166,12.104185956606633,11.916246615806736,12.05048948980092,18155100
11.992318153381348,12.023642090262001,11.934146834725867,12.023642090262001,18416100
11.943093299865723,12.08181014027695,11.902820531118952,11.983366068612495,21672900
11.956518173217773,12.046013413419663,11.947569331989476,11.983367257372258,14947000
11.934146881103516,11.978894509045478,11.884924405018356,11.916247488530725,21387100
11.86702823638916,11.996795444502995,11.817805750471749,11.99232059546594,20639200
12.081808090209961,12.153403921724626,11.9430912733365,11.956514958314477,22514500
12.53823471069336,12.609830556794508,12.301072937052176,12.44873947632202,47092800
12.654580116271973,12.68590319706263,12.542711482882513,12.542711482882513,15439700
12.793298721313477,12.864894588133449,12.66353067927099,12.672480375996,22731100
12.93648910522461,13.048357742145258,12.775397994942086,12.78434769073333,31990300
12.923068046569824,13.061785808272957,12.878321262526436,12.994664778717677,24238300
13.003606796264648,13.084152330838958,12.802243813318622,12.802243813318622,19103200
13.227347373962402,13.27209499937264,13.115478737181789,13.218398531672326,25041100
13.218395233154297,13.334737835302834,13.146798538270174,13.263141993908462,18411200
13.15574836730957,13.289991211423912,13.02150637668499,13.289991211423912,17320800
13.222868919372559,13.316838992451563,13.08862693324796,13.093101779917411,13571000
13.222868919372559,13.23181861271146,13.061778706720986,13.155747926310259,13053900
13.361591339111328,13.451085743735288,13.254197541468555,13.285520625761443,15340200
13.433182716369629,13.48687917050677,13.227344032871256,13.303414720806998,14874600
13.227347373962402,13.379488788263231,13.204973988002266,13.236297069742443,18466400
13.567422866821289,13.594271090251935,13.079675731468114,13.146796716789547,30878400
13.437660217285156,13.554003695548351,13.388437746695748,13.495831529671793,14630200
13.40633773803711,13.491358145507816,13.298943943411487,13.397388895269149,14097300
13.5003080368042,13.594277288400434,13.419762476298839,13.468984952938786,17696700
13.491360664367676,13.554007696379772,13.339219213537142,13.495835513332123,13597300
13.254199028015137,13.486885188926761,13.173653457376828,13.468986647390542,17972400
13.142326354980469,13.245245284472908,13.039406571998159,13.169174585828523,17317900
13.160222053527832,13.2720906536792,13.14679751425338,13.21391935713595,20004400
13.18707275390625,13.28999253401654,13.021507672558558,13.061780444451747,18302000
13.272096633911133,13.312369416391185,13.061783878118689,13.12890489775542,23558000
13.20050048828125,13.31684398483406,13.15575285830093,13.28999574824189,13459700
13.352645874023438,13.392918667588082,13.200504399110399,13.254201741693361,12682000
13.173652648925781,13.370540861192048,13.164702951961837,13.325794083352491,10385500
13.213920593261719,13.415283580277322,13.070728054741364,13.173647825160646,21032500
13.540579795837402,13.554004339405836,13.267620051042316,13.289994290323037,23700000
13.473457336425781,13.549528034821854,13.388436943279615,13.54057834007176,11225100
13.51373291015625,13.580853927713672,13.285520767668977,13.53610629817871,20979400
13.522686004638672,13.634554686901206,13.455564965979214,13.513737158710306,13420300
13.630074501037598,13.65244874082481,13.536105254401242,13.545054950316127,14263600
13.800115585327148,13.835913516212315,13.670347552437168,13.715095179416126,17026800
13.791163444519043,13.844860758073045,13.773264908994271,13.804587986280005,11586900
13.826960563659668,13.894081561575096,13.697193414821813,13.867233333106883,14977900
13.83143424987793,13.938828008227771,13.701667111930517,13.782211790575605,12023200
13.9567289352417,13.965677775974667,13.759839929789512,13.826960929480766,15833900
14.059650421142578,14.08202380728797,13.844862841582927,13.965680321653998,16013600
14.175993919372559,14.207317001399927,14.041751041911017,14.135721141483094,21525200
14.359457969665527,14.39525504501856,14.131245853232803,14.247589335344975,21589300
14.46237564086914,14.542921187079036,14.269961470143254,14.3728803998604,20578500
14.49370288848877,14.605571545185324,14.431056713855536,14.457905805975594,17625700
14.395256042480469,14.587670243402789,14.350509268443654,14.431054827293929,15983200
14.605569839477539,14.62346923213387,14.498176897499636,14.529499981158194,18654100
14.704012870788574,14.797982109485638,14.551871467049601,14.59214424177403,19803100
14.641368865966797,14.806933983314984,14.627943467763384,14.780084893888226,19430900
14.614517211914062,14.686113064174704,14.502648586070574,14.618991205876705,16003000
14.583196640014648,14.806933930160941,14.551873555952572,14.65479250458226,15659000
14.717438697814941,14.753237483649851,14.610045754270336,14.668216220781972,14510100
14.780088424682617,14.833786616364021,14.668219752483735,14.726391939981685,19124700
15.021719932556152,15.070942404290824,14.829305746855097,14.856154833341249,20660500
15.147951126098633,15.202439672924692,14.866424946644383,15.048054013451134,39172500
14.952706336975098,15.243314379506828,14.920921190583226,15.243314379506828,22637200
14.907291412353516,15.048053632436728,14.807394302235394,15.02535021618069,15286300
14.998111724853516,15.075305452929468,14.91183801197841,14.939083162857052,11070200
14.775614738464355,14.821021588079486,14.621229024748516,14.734747880946625,23947700
14.625761985778809,14.74836249939405,14.607598561800378,14.712037383596636,22533000
14.730201721191406,14.834638829586762,14.662091467277788,14.693876598869428,17973000
14.725661277770996,14.893668644184821,14.607600736494476,14.839180096297039,31197000
14.798316955566406,14.952702656682675,14.752910109656973,14.766531816997777,17593300
14.60306167602539,14.807395908818993,14.53949141074734,14.789232480979603,20410200
14.82102108001709,14.898214800308962,14.66663537159357,14.684798803681094,15199100
14.766526222229004,14.920911864851353,14.612140579606654,14.920911864851353,31969700
14.571276664733887,14.757447471238503,14.421431848130663,14.734744052330102,23989600
14.689334869384766,14.807395414237652,14.621224615501726,14.666631451423752,15572600
14.757450103759766,14.85280551948101,14.71658324957064,14.71658324957064,13760400
14.761982917785645,14.78468806186426,14.61667900291085,14.730197794666738,18991900
14.716580390930176,14.870966062082463,14.625764984577101,14.848262643534143,15396300
14.748367309570312,14.784694169375172,14.625766755968932,14.698418743418637,12072000
14.712040901184082,14.880048282755816,14.634847196898779,14.880048282755816,12614100
14.893671989440918,14.975405695710588,14.811938283171246,14.816480006941836,12991300
14.979944229125977,15.00718763730697,14.848261982385425,14.939077384694762,13770100
15.220599174499512,15.229680885322008,15.057131844013028,15.079835254989657,14746800
15.179743766784668,15.266017486292736,15.00265460285938,15.252395775886338,13210100
15.061678886413574,15.13887259847338,14.948160046212713,15.125250891940489,10961600
14.989018440246582,15.116160647398932,14.966315031449076,15.111618926343994,15967600
14.916370391845703,14.984482368201332,14.761984746644522,14.970860665794012,13678000
14.816483497619629,14.934542361067532,14.739289764774057,14.861890353062552,12794800
14.784689903259277,14.816475030336937,14.643925960372842,14.680252809695604,12039800
14.880050659179688,14.984487790466144,14.789235235229683,14.81193865817715,14229300
14.616683959960938,14.834639906189931,14.521328558265733,14.83009991513011,19674000
14.684791564941406,14.766525236885148,14.507702519783086,14.643924728969534,13245100
14.825559616088867,14.911833301712324,14.76652934057816,14.816477901998,12863900
14.798316955566406,14.861887232703669,14.630309547109338,14.825562102408151,13441100
14.757450103759766,14.834642088250257,14.66209468803852,14.816480389179643,12950300
14.707503318786621,14.78923703708368,14.634851317207053,14.675718176355582,13965600
14.689334869384766,14.834638822926964,14.630306329118083,14.752906864699266,14728300
14.625761985778809,14.671170545724888,14.575813435917846,14.61214028387471,6078300
14.485003471374512,14.62122659583057,14.380566348880864,14.612144880984168,14912300
14.534948348999023,14.60306033104353,14.34877842727148,14.398726117069668,16328500
14.689334869384766,14.757446855427567,14.630306329118083,14.730201714578495,14718400
14.866426467895508,14.884588163922862,14.662092231189092,14.67571393624957,19818100
14.939079284667969,14.939079284667969,14.716581607320512,14.771070162772155,12592200
14.934540748596191,15.029896174027176,14.870970464975533,14.961785898216608,20550100
14.961774826049805,15.13886383713049,14.902744578303231,15.111618707672294,20865100
14.975401878356934,15.07983898037739,14.92999504518618,15.020810443687342,11764200
15.238768577575684,15.302338846126156,14.989025762327527,15.06621946853875,19789900
15.4567289352417,15.4567289352417,15.220609490303953,15.288719769395742,19332900
15.488503456115723,15.651970785281991,15.479421745366572,15.561155409949706,19914900
15.742792129516602,15.742792129516602,15.470347602404505,15.502132739495583,17818800
15.724629402160645,15.810903092595758,15.6655991233577,15.711005964184613,16598100
15.783658981323242,15.815445850573418,15.638355002579832,15.75641556790889,16608900
15.729177474975586,15.788207784108096,15.597495143895692,15.788207784108096,24676600
15.774579048156738,15.874474451258573,15.701927058555375,15.851771029288159,12686800
15.865396499633789,15.892641651757431,15.720092485961988,15.7972862175654,13638000
15.974369049072266,15.992532476627455,15.815443388363844,15.879013652647213,10480200
16.092430114746094,16.12875697493759,15.983452998491668,15.997074704983463,10413700
16.119667053222656,16.15145217362811,16.028851681138867,16.10150363237407,8188200
16.174161911010742,16.178703634079206,16.074266521582306,16.106051654422238,11904100
16.1560001373291,16.242273821455882,16.119673281595833,16.228652116635818,14302000
16.146915435791016,16.201403977149283,16.119670299032133,16.146915435791016,9477100
16.24681854248047,16.34671569267143,16.16962654981314,16.174166542021673,12139700
16.54196548461914,16.551047199668048,16.29222438333428,16.37395808661442,20099500
16.87343978881836,16.877979780128168,16.546504985392737,16.62823868624914,22668600
17.105018615722656,17.118642054897993,16.759922091442483,16.832574082457263,33918500
16.66706657409668,17.15930384633589,16.575059230102763,17.12710153917214,35700400
16.52906036376953,16.579664502737227,16.289841914491493,16.579664502737227,29542600
16.52445411682129,16.828078860346174,16.478451325017286,16.814276618889757,38507600
16.266843795776367,16.5888687638508,16.092029940839694,16.575066515503895,43342500
16.31743621826172,16.450844987176946,16.266832105445,16.418642689001516,24851500
16.469247817993164,16.478448725881513,16.216228993191617,16.28063359351633,23896900
16.312843322753906,16.501457633128084,16.28064100792621,16.418651179315564,22160400
15.806796073913574,16.33583504315734,15.806796073913574,16.27603178243424,42112200
15.917201042175293,16.004608764479947,15.802192359052947,15.87119827088365,24526800
15.921804428100586,16.018411313223083,15.825197542978088,15.852798507359681,17567000
16.078216552734375,16.17942301504017,15.990808817919177,16.013811961750644,24069300
16.21163558959961,16.230035657488763,16.04602269433635,16.04602269433635,15934400
16.46465301513672,16.832680662905275,16.046021236757316,16.16102998636588,43391800
16.745269775390625,16.78207165201826,16.57045603545157,16.70846614386925,24419600
16.78666877746582,16.80046925838172,16.657857854308627,16.74526557982481,19653500
16.39105224609375,16.7406781742934,16.36805084047051,16.736078595126656,20717200
16.38644027709961,16.515251223800984,16.27603289980543,16.395641184356396,14490800
16.685462951660156,16.717665248320646,16.515250561469916,16.690062527657275,16351300
16.634862899780273,16.78207393611421,16.533654654215454,16.736071145345097,11707700
16.736064910888672,16.782067684521003,16.524447589457306,16.565850787683733,18235300
16.703876495361328,16.78208162648503,16.55206405744621,16.759080220560104,12095400
16.570457458496094,16.722268064324673,16.56125654982559,16.69926667009536,13810400
16.717660903930664,16.754462767024638,16.455441267898642,16.60265223006072,11868100
16.874069213867188,16.874069213867188,16.65325281716783,16.717657380176885,14877300
16.754474639892578,16.91548795034661,16.579662595254725,16.892486550251558,21800200
16.740665435791016,16.795869118259517,16.60725492783983,16.754465917684783,16059500
16.515247344970703,16.717661992399286,16.437040529102774,16.70386151220215,17728900
16.772869110107422,16.791270924075384,16.40484160521599,16.464646623165088,20038000
16.639461517333984,16.7774733914704,16.533653700751575,16.726869271606233,17808800
16.731468200683594,16.76827183366678,16.570456693616677,16.570456693616677,13325100
16.846479415893555,16.933887179724287,16.68546788498547,16.731470678132332,16517000
16.56125259399414,16.7084635877715,16.49224667289511,16.671661716773894,14422700
16.473852157592773,16.60266138176341,16.43244894198163,16.4692508253615,15019400
16.368045806884766,16.4600514010837,16.262236214746398,16.437050002533965,16810400
16.54745864868164,16.579660956610876,16.335841225997015,16.363443956319575,11397200
16.98448944091797,16.993690350466938,16.54285631193175,16.5888608596766,18183400
16.570457458496094,16.95688684818778,16.53825515559628,16.933885453958467,17718800
16.717660903930664,16.805066864310305,16.492243130992613,16.61185313455749,16262100
16.726871490478516,16.906284844782952,16.662466876614783,16.887883025137853,14445400
16.598054885864258,16.786669066163018,16.492245347378287,16.703862669456896,13430300
16.565855026245117,16.667063260003506,16.52445181742521,16.621060474600842,10087900
16.782068252563477,16.832672358207894,16.570452678862633,16.611855878490484,14340900
16.860280990600586,16.860280990600586,16.676266315506364,16.690066801925532,10361900
16.745269775390625,16.818875283539636,16.63946021221354,16.73146753612324,14536100
16.49225425720215,16.73607400362244,16.400248659950712,16.621065252163863,16804500
16.18402862548828,16.441648812442093,16.05981898650487,16.441648812442093,23406000
16.041414260864258,16.10121928099245,15.346762429751783,15.815998173670799,27269500
15.779195785522461,16.059817338703883,15.68718845998685,16.036815946043422,21333400
16.25303077697754,16.257630352951928,15.917203819360184,15.977008836388507,31232800
16.48764991760254,16.48764991760254,16.262232057691765,16.381842107405653,20800900
16.772869110107422,17.159298428966817,16.736067237065065,16.864876425053673,27020700
16.998287200927734,17.044289981649456,16.73146615903969,16.814272568253664,16935300
17.01209259033203,17.048896229438192,16.768274623383075,16.88788294068989,13835600
17.10409927368164,17.14550248863254,17.05349514930898,17.071896968152497,10934000
17.15469741821289,17.168497900087896,17.090292829604973,17.131696030123408,10841000
17.366315841674805,17.44452092497045,17.214503496603896,17.223704404325805,19190000
17.61473274230957,17.674536002206157,17.26510531496064,17.3249103297507,23035200
17.692943572998047,17.918361468322114,17.688343995698965,17.70674581468339,25599200
17.72974395751953,17.840151341377975,17.63313705791996,17.725142626170758,14236900
17.697538375854492,17.82174797583234,17.623932881966887,17.748142481944733,14651500
17.761951446533203,17.798753333606435,17.70674773847624,17.725147804565733,11426500
17.65614128112793,17.803352319806823,17.605537157539434,17.77115001477669,13087400
17.63657569885254,17.697150963612817,17.557363395123645,17.673853331780517,13404000
17.594633102416992,17.659868937245424,17.36165331051399,17.65054953226993,15138500
17.575992584228516,17.65986543487922,17.501439136705045,17.65986543487922,9318900
17.63657569885254,17.711129187213125,17.57600221158763,17.58998043518794,11896900
17.53871726989746,17.599292509414727,17.48280262130171,17.492122025650104,9609300
17.562009811401367,17.664521452082898,17.515414580633827,17.515414580633827,8743400
17.57133674621582,17.65987021112187,17.398932185469906,17.608614368806762,13763800
17.63657569885254,17.697150963612817,17.46417109029907,17.59929984341993,11291200
17.384952545166016,17.575995901596645,17.31039908357101,17.52007947227934,12287800
17.352333068847656,17.445523549573608,17.291757834380203,17.366311285457652,10475500
17.608619689941406,17.70647081256987,17.52474679126118,17.529405606745453,14916000
17.19856071472168,17.31505056019595,17.007517439243635,17.273114144725454,29997700
17.235841751098633,17.29641520301318,17.156627716103277,17.27311758477725,10229100
17.534061431884766,17.589976089968868,17.27778399004646,17.31505983627088,14900000
17.822954177856445,17.90216645433832,17.543379137044838,17.543379137044838,18152600
17.832277297973633,17.869553148350164,17.664531527541417,17.77636263366127,11627100
17.603952407836914,17.743741704183964,17.53405953715813,17.697144679570034,13422700
17.50144386291504,17.860232981478614,17.44552742905158,17.860232981478614,13413500
17.613264083862305,17.697136913868302,17.45949841384728,17.529391253856307,33214100
17.552696228027344,17.63656909320596,17.506100981814647,17.56667622388692,11262800
17.296422958374023,17.58065864978306,17.19391303667373,17.50610517150324,15289400
17.370973587036133,17.47348526941505,17.277783087595125,17.454846458528912,11072700
17.352333068847656,17.398928309210632,17.277779617770207,17.37097009849616,8451800
17.506093978881836,17.55734979570885,17.356987117654526,17.370965330427712,10364500
17.361652374267578,17.557356313209816,17.245162484597923,17.515419881828954,11421800
17.440868377685547,17.529400063855856,17.249825008321828,17.287100852895435,10233200
17.361652374267578,17.478142263937233,17.217206048673784,17.478142263937233,10418000
17.226526260375977,17.361653187828843,17.193909231939625,17.361653187828843,10997200
17.29175567626953,17.32437269595172,17.147307605181087,17.19390461722297,12470800
17.282440185546875,17.319716026123086,17.193908508870543,17.319716026123086,9437200
17.389610290527344,17.431546721191584,17.254481594220948,17.32903505123575,9684900
17.31039047241211,17.389602708298252,17.24981525953257,17.35698569616939,10635000
17.170608520507812,17.207886137301436,17.072757442666457,17.124013277010388,9098900
17.193910598754883,17.259144660813316,17.147313570502515,17.19856941283268,9070800
16.9609317779541,17.13799516314242,16.886378305902447,17.110038722057414,14045800
17.058774948120117,17.128667795842638,16.905007483641086,16.905007483641086,11167700
17.08673667907715,17.124014298093588,16.97956619064695,17.119355484463888,7431700
17.207889556884766,17.23584777503589,17.086739055724845,17.19857015083439,10904400
16.900348663330078,17.18458419874979,16.877051047433774,16.988880314733695,14500800
16.85375213623047,16.923646763413227,16.76056166997907,16.90966854897436,12699800
16.602148056030273,16.788530908234385,16.58816805343068,16.704658002619087,12067300
16.406429290771484,16.588153163991716,16.383131677344732,16.574174951434458,13838900
16.485647201538086,16.630093505382895,16.383135545265468,16.48098661125603,12321900
16.727943420410156,16.839772682680856,16.490303127470288,16.550878348071794,19441500
16.620771408081055,16.78385826912328,16.541559161070282,16.78385826912328,13958500
16.397117614746094,16.57884335107308,16.387798209486135,16.532246324773286,12515000
16.602148056030273,16.690679777515058,16.4157634263306,16.4157634263306,11569700
16.578847885131836,16.723294262428038,16.541570253897145,16.686018408688636,14247500
16.364498138427734,16.58815849874287,16.28062528112274,16.518265635985067,13958900
16.420421600341797,16.48099508519818,16.331888114405803,16.359846337990113,10528100
16.546228408813477,16.73727181752988,16.508952556561486,16.518271963998288,19263600
16.6114559173584,16.681348771786183,16.4017737990864,16.47166665351418,11909700
16.769882202148438,16.82579684116595,16.634753528486318,16.695328757626978,18676000
16.746583938598633,16.80715917183421,16.704647512126993,16.72328631889093,11450100
16.79784393310547,16.825802150182998,16.53690768369475,16.63475877722377,20403000
16.774545669555664,16.85375794868661,16.71863101502236,16.811823290907746,19918500
16.9609317779541,17.00752703142577,16.751249582341636,16.81182483385079,12528400
17.04014015197754,17.04014015197754,16.891033242108833,16.993544909204033,12963900
17.110034942626953,17.147310781671443,17.049459704498247,17.114693755947044,10322800
17.34766960144043,17.356989003466424,17.147306901616986,17.18458450972097,26073600
17.613264083862305,17.645881098031975,17.268455140498943,17.268455140498943,14943300
17.622589111328125,17.64122791894588,17.49677982615008,17.585313273587147,12548800
17.720781326293945,17.7255010403376,17.53196035140281,17.6499730105272,14984800
17.664133071899414,17.7963084680194,17.55084193320249,17.7963084680194,15407100
17.69245147705078,17.706612414979357,17.522513018989272,17.546115182446783,12435900
17.522518157958984,17.5508418428525,17.47059230268596,17.517798444175153,11498000
17.508358001708984,17.612209716916233,17.484755830270135,17.489475544265805,14325600
17.437538146972656,17.593315616694227,17.399775057807133,17.541389793453703,11454400
17.40922737121582,17.640531166625657,17.37618397187156,17.43754925595078,12755800
17.380903244018555,17.461152783765243,17.30065550500203,17.38562475850786,12759600
17.328969955444336,17.343132692106725,17.12126842526637,17.31480901951134,10904600
17.45170783996582,17.45642755272011,17.26760843014221,17.376179830788704,15761000
17.62165069580078,17.668855038009227,17.423388496918808,17.513077467406944,11981100
17.734935760498047,17.852948376312238,17.640525307700774,17.711333597481133,17637900
17.34313201904297,17.546112028879627,17.196795750740026,17.47058403895247,30321900
17.097675323486328,17.239290160032027,17.055190692449585,17.210966472430748,14789500
17.125991821289062,17.229843509084194,17.069346264641617,17.074065977391495,11911600
17.092947006225586,17.20151839772798,17.0551839051824,17.08350578078238,18946800
16.83331298828125,17.173189767639112,16.771945947401875,17.102381505029918,16348600
16.658668518066406,16.871091678967684,16.46040630098175,16.66810974752095,16670600
16.932449340820312,17.17791579385832,16.592574237231183,17.159033343456258,20647900
16.75307846069336,16.965499813875432,16.734196002405515,16.918295468886157,23408000
16.979658126831055,16.99853877946134,16.616179002932515,16.748352574993852,19425600
16.484006881713867,16.94189656200488,16.484006881713867,16.743636164804784,31005000
16.545368194580078,16.686982971849787,16.05915679901989,16.58785280783395,35815100
15.634308815002441,16.332943194096856,15.605986943340245,16.040272448968107,55016000
16.186614990234375,16.20077593154936,15.237792306068783,15.728725346595752,44826700
15.8892183303833,16.33294511225338,15.832572779677024,16.092200171204514,33750500
16.342390060424805,16.49344609720642,15.879780722689857,16.030836759471473,29295300
16.191333770751953,16.47456518584121,16.08276235855656,16.44152179085696,21378600
16.545368194580078,16.568970357336763,16.24797590180297,16.332945128310715,13780800
16.465124130249023,16.531210920906485,16.271583471582172,16.45568290290796,13605000
16.809722900390625,16.833325071292425,16.50288927647658,16.50288927647658,15559000
16.554813385009766,16.73419310623858,16.380155177900935,16.545372157499827,28170900
16.38487434387207,16.7719556551971,16.365991889483052,16.408476511493358,23212700
16.43680191040039,16.724753067363277,16.403758512132207,16.710592125456955,15379100
16.974939346313477,16.974939346313477,16.479286570547018,16.517051483347966,24037400
17.21568489074707,17.229845831635355,16.875807903588054,16.970218377880006,16130700
16.8852481842041,17.22984486542501,16.828602623097492,17.206242698358082,13922800
16.880521774291992,17.012697112844236,16.573690089956187,16.828597742096875,14955700
17.059906005859375,17.111831852701595,16.904130266062595,17.017421385782093,13379800
17.140161514282227,17.225130784087938,17.02686855429777,17.10711810943895,13111100
17.074064254760742,17.333693448054152,16.87580392613261,17.267606671844774,28924600
16.937175750732422,17.15431859094858,16.91829329487099,17.017423487048355,19053000
16.786121368408203,16.965499314673604,16.757797681809848,16.84748665494255,13662800
16.625614166259766,16.65393603524116,16.41791085650711,16.51232128814657,14430600
16.814441680908203,16.814441680908203,16.526490529991868,16.7719570553512,16111300
16.70114517211914,16.86164239471619,16.65866056023376,16.724747334115566,11714900
16.63506507873535,16.686989135687927,16.50761119189483,16.578417706319392,22931900
16.639780044555664,16.663382209295612,16.356550466216827,16.41791573439474,15456500
16.757789611816406,16.804993932684685,16.554807790769853,16.625616072801687,13900900
16.80499267578125,16.965489875750443,16.573688999805498,16.682260370265645,17404700
17.083505630493164,17.083505630493164,16.762511171166658,16.92300840082991,12213400
17.333698272705078,17.34785921419732,17.08823174936896,17.192081654862246,19764400
17.125991821289062,17.187358891416167,17.007979194514512,17.187358891416167,12186800
17.18735694885254,17.428101887941846,17.111828948282408,17.21568062433993,13681100
16.918291091918945,17.31953332271255,16.908849865217583,17.206242203755945,14141000
16.800281524658203,16.880529265167134,16.55009527397719,16.573697444672156,43130700
16.937175750732422,16.965497633794467,16.691709226724115,16.734193852047284,32849600
17.163759231567383,17.1873614002215,16.918292715958483,17.04574658756676,21607000
17.41394805908203,17.602769037950452,17.324259084521202,17.338420027680726,18012500
17.390338897705078,17.626364126066587,17.362015222039044,17.4092213481491,15693600
17.536670684814453,17.64996175693065,17.343130119280918,17.569714064242437,22175500
17.3714542388916,17.626361885291654,17.36201301486982,17.43282129466851,16539500
17.154315948486328,17.536677517495633,17.10711161683424,17.33841536295124,23205200
17.182640075683594,17.21096195512097,16.738911423379438,17.05990592902207,33800000
17.12041664123535,17.230500173245055,17.043836713497754,17.17306568389423,21727300
17.187429428100586,17.230505765546855,17.019911352370695,17.101276753208044,18230500
17.307083129882812,17.450670291293708,17.11563236412841,17.12520508499711,17205800
17.66126823425293,17.66126823425293,17.460244727876443,17.4698174496858,9761200
17.469818115234375,17.613405296224975,17.450672670886277,17.565543511164798,11133900
17.551177978515625,17.661263335885952,17.34537090703023,17.53681981268884,14557600
17.718704223632812,17.747422391466664,17.503322529404304,17.579902484484425,13716200
17.867074966430664,17.881433134453918,17.752204144815323,17.847929525193145,9253100
17.680402755737305,17.91492975488062,17.661259147777713,17.843135291152713,9835300
17.82399559020996,17.891002797279146,17.599041258641016,17.737842945175448,12259300
17.733060836791992,17.919724346788225,17.694771775520707,17.814428058934702,10286000
17.756988525390625,17.828783012813066,17.52724872177234,17.6469049836033,12355100
17.91014862060547,17.929294060934474,17.55596710356729,17.7857069100863,17612900
17.67562484741211,17.934082836072964,17.594257632103396,17.92929556268489,14718500
17.321434020996094,17.68518995794207,17.292717696264447,17.68518995794207,19837500
17.618194580078125,17.618194580078125,17.374094701318448,17.536827345221475,18896600
18.0250186920166,18.111171344127808,17.713911689858403,17.852713387794193,23376300
18.01066780090332,18.05852959327298,17.88622421944565,17.986736904718487,13471800
17.699556350708008,17.972372517374126,17.685198181665548,17.929296184436847,14592000
17.455459594726562,17.795283008943226,17.431526876866492,17.670839448986964,15839600
17.6133975982666,17.790488316563607,17.512886798082565,17.709122952360133,13521600
17.924503326416016,17.96757964154485,17.613396403173393,17.77134350058218,13818300
17.790494918823242,17.862289417489478,17.64212229943427,17.83835852653738,9050900
17.871854782104492,17.876640228001012,17.661260472283008,17.809633030594593,11945900
17.95802116394043,17.991524788295067,17.7426394175102,17.94844843900902,9919900
17.656482696533203,17.886222565117148,17.58947546308916,17.75699354669927,14472500
17.867074966430664,17.972371241617477,17.747418697410826,17.838356804574385,11409200
17.95802116394043,18.058532037004337,17.891013915231156,17.97716661380325,8823700
17.70912742614746,17.867074574174744,17.627762041388966,17.867074574174744,16871100
17.82399559020996,17.90057551626181,17.637330308762213,17.713910234814062,19531300
17.541608810424805,17.776134062439315,17.5224633702331,17.72348501481697,13345500
17.56554412841797,17.747422204495955,17.445887835752735,17.56554412841797,14469000
17.45066261291504,17.63254057777353,17.350151826733644,17.579891549066414,11795900
17.264007568359375,17.38366384583667,17.163496733472822,17.316656622578968,12218500
17.321434020996094,17.364510333902615,17.158701486216902,17.311861304149193,12044300
16.919395446777344,17.287936968742066,16.919395446777344,17.249647912670397,12921500
16.919395446777344,17.101273484094552,16.905037278976685,16.914609999447038,5519200
17.350154876708984,17.431520243880243,17.23528408244501,17.369300313387868,17774700
17.532033920288086,17.68519377124489,17.388446788242266,17.450666722449473,13960900
18.058521270751953,18.058521270751953,17.80963604834918,17.83356693350513,17503800
18.077669143676758,18.077669143676758,17.94365470810844,18.034592814271264,12271900
18.11595916748047,18.221257272942182,18.02023560885329,18.139891882947108,14102000
18.21168327331543,18.331339539008447,18.17339421771472,18.221255993668038,13423100
18.340911865234375,18.465355401334396,18.226042875090933,18.249973762553342,13719200
18.336122512817383,18.403129713764734,18.09202276558427,18.350480677074874,12139300
18.09681510925293,18.30740948922305,18.09681510925293,18.259547711078415,13913600
18.393564224243164,18.427067837883605,18.15903710295006,18.230831604071014,12401400
18.355262756347656,18.374408189052023,18.178172068354648,18.30261555512408,12290000
18.312198638916016,18.47014582518336,18.254764128368876,18.407924040368027,11853100
18.312198638916016,18.431854934278487,18.20690234054796,18.312198638916016,11896300
18.388776779174805,18.455785831641737,18.312196830736873,18.422282218313267,10770300
18.561080932617188,18.561080932617188,18.407921045536014,18.479715541397134,19877900
18.489288330078125,18.71424088803194,18.417493833954854,18.56586827389834,14514400
18.766887664794922,18.833894879281505,18.551506028366855,18.719025890392977,20106700
18.776458740234375,18.900902264075057,18.613726165387753,18.819535063746997,15032600
18.8051815032959,18.89133417142021,18.776463338651148,18.8243269463924,9978200
19.13543128967285,19.13543128967285,18.86261512858409,18.867400576230445,13236500
19.140213012695312,19.15457117728054,19.058845819823908,19.087563974803697,7743200
19.030126571655273,19.164142794719712,19.00619569011816,19.13063919540591,6862300
19.16892433166504,19.183284318306317,19.058840838395806,19.13063529417563,8400600
19.202428817749023,19.264650560599826,19.058841725316277,19.073199886816873,10110900
19.01578140258789,19.374750348378576,18.99663595395121,19.27902493100563,21964200
18.766887664794922,19.1354291702808,18.647231402980402,19.039703795667254,28273100
18.637659072875977,18.805178938406957,18.340912048594117,18.752529889977495,19937700
18.584321975708008,18.69098783617559,18.49704873106125,18.68614014460989,22327200
18.60371971130371,18.681295744610107,18.492204279023177,18.642508652736172,13966500
18.700687408447266,18.821900057892506,18.690990174544655,18.710384642349876,14546400
18.860685348510742,18.90916965909552,18.6570471750273,18.686138871112906,12331400
18.870380401611328,18.918866560907706,18.763714550275015,18.904321637897723,9181400
18.870380401611328,18.88977486532988,18.710380699827926,18.8170484007221,8994900
18.91887855529785,19.122515004772644,18.865544671037586,19.006151847803917,11718300
18.91402244567871,18.933416914960556,18.792809787004753,18.875235356673407,11464600
18.909177780151367,18.967359347752325,18.855843905867705,18.904330086834072,9993800
18.894630432128906,18.952811992282626,18.7637205346142,18.918872594729752,14806600
18.618263244628906,18.909172856443213,18.555232150564464,18.86068853766023,19141600
18.322509765625,18.492206783478277,18.084932091071636,18.424327976336965,29596600
18.27402114868164,18.400083359063654,18.094626918047194,18.341901796341933,18873700
18.104320526123047,18.370987972190992,18.080078367309262,18.327351346502915,16696500
18.04129409790039,18.244932353612125,18.04129409790039,18.20129571664237,17109300
18.235231399536133,18.240079091740498,17.973411631102195,17.992806099036176,15697100
18.259471893310547,18.351592833252575,18.191593111294516,18.341897449728652,14501100
18.327348709106445,18.555229038190856,18.29340932173956,18.50189518674064,13334100
18.21099090576172,18.463113463298686,18.181899201198767,18.395232819318462,12390700
18.346744537353516,18.366139002878914,18.19644020386873,18.356441770116216,11413800
18.492198944091797,18.516441100714047,18.337046922239793,18.337046922239793,14942200
18.38553810119629,18.569781889531953,18.269174966132795,18.564934196220428,12474300
18.38553810119629,18.545539723856947,18.35644824220976,18.366145478391495,9500800
18.38553810119629,18.419479352611717,18.307962061301065,18.409782116429977,8766600
18.27402114868164,18.303112854821766,18.19159742228908,18.278870691150928,12456100
18.48735237121582,18.540686228746672,18.317653565476004,18.317653565476004,12675700
18.443716049194336,18.49220036616735,18.303108940591205,18.438866507762153,10162400
18.341896057128906,18.47765361085364,18.303107127745864,18.472804069901784,10628300
18.448564529418945,18.49220115638261,18.26432078784368,18.312806956446757,9582000
18.64735221862793,18.690988843302584,18.501897419565125,18.564928510663652,12110000
18.661901473999023,18.797659057896496,18.63280977049598,18.720083031446745,12025500
18.526140213012695,18.69583902570278,18.463110969311234,18.66674732506952,9565600
18.48735237121582,18.506744987952224,18.366139731212282,18.463110213126733,14270700
18.492198944091797,18.574624496077043,18.385531235484297,18.501896176652295,9693000
18.48735237121582,18.51644222109948,18.370987423006856,18.458260671774052,14543700
18.497047424316406,18.59401604524411,18.453410805075784,18.467955728303362,12545900
18.4776554107666,18.54068650237494,18.42432155244863,18.49704987734734,15137500
18.6328067779541,18.666746168477598,18.453412592393043,18.482502441665716,11613900
18.749174118041992,18.817054764011854,18.632810995496342,18.65705315856348,11979300
18.909177780151367,19.044935387739827,18.724933991596536,18.73948077066579,13777600
18.758865356445312,18.904321987466293,18.72492596908919,18.749168124406722,11276800
18.846141815185547,18.92371783519061,18.763718103111884,18.783112570502702,10642900
19.015840530395508,19.127355942968247,18.967354362173754,18.996446063106806,12177800
18.957660675048828,19.078873343941872,18.87523694798966,19.05948072258348,11755900
19.064327239990234,19.13705557666491,18.918872416199314,18.962509048292436,9557800
19.14190673828125,19.156451668428698,19.01584636136625,19.069180237985247,10440300
19.137054443359375,19.316448653759082,19.103115048136683,19.112810432864602,11406800
19.170995712280273,19.17584340511803,19.04008581095884,19.151601241812244,10102800
19.1855411529541,19.229177787893803,19.083722954614316,19.20978331690759,22440500
19.224328994750977,19.29220778975958,19.054630157671024,19.132206187617776,10245200
19.21463394165039,19.25342103624885,19.12251112405657,19.156450525414716,9583600
19.287349700927734,19.345533084774495,19.229168166638605,19.24371308782148,9852500
19.22917366027832,19.316446911424187,19.156445334470714,19.17099210936713,40728600
19.11280632019043,19.24371618054819,19.05462477655073,19.229171257027748,40367200
19.069175720214844,19.17099390624227,18.96250799224802,19.151599437601334,45995300
18.744333267211914,19.064334745355474,18.710393856617838,19.040092573439583,21677300
18.550378799438477,18.68128865273868,18.463107413462833,18.62310711223564,20044400
18.4582576751709,18.492197060897354,18.210984743512736,18.477652138316817,18848600
18.535839080810547,18.589172945228068,18.42432365955498,18.579475710828667,12023200
18.67644691467285,18.720083546348473,18.526142550110507,18.564931489181465,13260300
18.64735221862793,18.710383309726456,18.555231277451714,18.642504526801023,13047600
18.613414764404297,18.695840330505348,18.589172603630452,18.627959690956942,13413100
18.500429153442383,18.628153012896128,18.43165462343149,18.623241349594807,11684800
18.40218162536621,18.475869703069606,18.353057489541055,18.353057489541055,10516700
18.07794952392578,18.426735607546238,18.07794952392578,18.37761149327696,15183100
18.36288070678711,18.40217963640656,18.176205637689698,18.195856039482155,12492900
18.446388244628906,18.475863841151543,18.32357607006551,18.377613726707814,9954200
18.303930282592773,18.451306428360514,18.249894486305546,18.39726875810775,15658000
18.3874454498291,18.446394789825867,18.27937009819692,18.33832131215942,8037800
18.539731979370117,18.633068584006327,18.416919769812452,18.495519508970734,10289400
18.500429153442383,18.53972995571455,18.42674108616477,18.436566286732813,8141500
18.74114227294922,18.96220273145743,18.642892139186994,18.726403534807353,18471000
19.026060104370117,19.114485011820598,18.785349313838726,18.785349313838726,19323600
18.94746971130371,19.060456732164937,18.868869963140867,18.88852036867303,14942900
19.404329299926758,19.42397970339995,18.99659186070328,19.006417062439876,22388200
19.394500732421875,19.478013995707045,19.33555140619812,19.374850332358857,12578400
19.718717575073242,19.79240561118714,19.35519467762168,19.389581928084272,17695000
19.76294708251953,19.866108922962844,19.718734597477226,19.723648136907602,11015700
19.836627960205078,19.846453161522497,19.689253688374897,19.694165352050838,11164400
19.925050735473633,20.062599791057114,19.846451007430883,19.866099533967567,15162200
19.9447021484375,19.959440887929695,19.816978274620638,19.895578014038463,12051900
19.96434783935547,20.01838549881861,19.802236734931217,19.802236734931217,14859900
19.77766227722168,19.964337217695956,19.767838957059393,19.910299586982546,9941600
19.910314559936523,19.974177432802538,19.576265204282002,19.67942888320882,12062700
19.920143127441406,20.018393285229575,19.821892969653234,19.875930650135025,11314400
19.77275276184082,19.880828034990287,19.699064734881752,19.787489617646887,10516100
19.920143127441406,20.00856808205417,19.841543376004047,19.925056666012054,11277800
20.219802856445312,20.35244027256218,20.0380413042699,20.052778170294328,15428200
20.087167739868164,20.195243100328018,19.88575576062582,20.10190460757964,14553100
20.165761947631836,20.32296140656177,19.998737288273112,20.0331245527912,11471500
20.082250595092773,20.244361717578585,20.028212929609047,20.200149252543294,10850800
20.322956085205078,20.372082074485903,19.98399519200934,20.04785804109197,15666000
20.40155792236328,20.612795013394713,20.26892054841575,20.440858717887767,20256400
20.3082218170166,20.519458912968762,20.24927249632173,20.48015811652877,12139600
20.33279037475586,20.499815065065075,20.268927497117293,20.298403103865642,12854500
20.278745651245117,20.440858621068156,20.082247296448635,20.293484386479527,13800000
20.33279037475586,20.426128859142775,20.20015295533686,20.293491439723777,9964600
20.362253189086914,20.46050327589089,20.278739959415947,20.36716485014307,7417600
20.509634017944336,20.553846477612282,20.386821838196166,20.460509895631127,7843500
20.347517013549805,20.465417507315276,20.27383084466556,20.376992605482364,11066700
20.455595016479492,20.588232386778078,20.224707534037687,20.352433242013376,11666300
20.155933380126953,20.475245781842325,20.116634458942094,20.39664606550755,14445300
20.3082218170166,20.342609076919036,20.10189638363688,20.141197180076873,10611100
20.239450454711914,20.39173637976179,20.16576238687362,20.268924182674905,9687700
20.51946258544922,20.51946258544922,20.264012984765415,20.27874984908539,10710300
20.455595016479492,20.573495525844354,20.288570388025533,20.534194731401058,17128900
20.848594665527344,20.848594665527344,20.43594567243184,20.480158131476543,13469500
20.90755271911621,21.099139479839742,20.86334024556726,20.93211478798435,14176900
21.094226837158203,21.099140375519855,20.8043899146925,20.961589410880766,13461900
21.11878776550293,21.246511635181147,21.025449289617367,21.04018802863198,11264000
21.49213409423828,21.64442189044785,21.05492298049852,21.187560375784525,14132000
21.393884658813477,21.683721522975947,21.34967219228139,21.56582286153401,20353800
21.526519775390625,21.67880756039797,21.37423199038328,21.37914552723542,12273800
21.482297897338867,21.644410811027264,21.393873012411454,21.61002356399598,12433300
21.271068572998047,21.5166929257439,21.143344734114844,21.42335634632791,15383600
21.285812377929688,21.452835178568854,21.251423236307197,21.290724041609735,15741000
21.59038543701172,21.59038543701172,21.36441143560028,21.423360767715117,83961300
21.443010330200195,21.506871323338682,21.315284595992406,21.42335992894278,55991100
21.53634262084961,21.600205475189515,21.403705249819822,21.487218501489703,9954800
21.506868362426758,21.614943680498097,21.472481101943178,21.580556420014517,9315800
21.60020637512207,21.60020637512207,21.36931888178794,21.536343518121438,13685300
21.831090927124023,21.993203892976872,21.73775435142891,21.82126572853006,18465400
22.071809768676758,22.071809768676758,21.737760419098787,21.757410821771735,12353900
22.08163070678711,22.14058002945927,21.958818524740426,22.096367568963856,8305700
22.052160263061523,22.10619793562756,21.95391011966561,22.081635868269984,11317300
22.067060470581055,22.10183696183367,21.858412893505534,21.98757540858942,10816400
22.226028442382812,22.230995428758227,22.057122479523404,22.08196120154652,11190600
22.20615577697754,22.380028718932415,22.166412307346175,22.30551255598301,12098400
22.305513381958008,22.355190825763835,22.161446141818896,22.22602833482488,11658900
22.191251754760742,22.27073869662548,21.987571203914854,22.18131778210065,11238300
22.459518432617188,22.499261910511507,22.22106325047127,22.22106325047127,9736000
22.489320755004883,22.608547370517392,22.394932859801408,22.414802699004902,8267700
22.683074951171875,22.712882565102703,22.46945845568514,22.553912414285644,12059400
22.797325134277344,23.055651995538657,22.53403128696632,22.57377286058266,20617400
22.12666893005371,22.54893283758254,22.076989597062045,22.38002689555645,25532900
22.10183334350586,22.196221246958096,21.7838912525168,21.932927377541347,17099600
22.03228187561035,22.09189708258912,21.69943883114081,21.962732695874806,12502900
21.744155883789062,22.07203204132427,21.54047526918497,22.04222442879431,14157600
21.719318389892578,21.93293488749325,21.714349506651427,21.798803466087687,9595000
22.086933135986328,22.211128668998047,21.97267347302436,21.977642355585957,15494800
22.305513381958008,22.384998429091137,22.136607419915983,22.18628486372181,22060700
22.33035659790039,22.3949388039037,22.20119218589377,22.211128055669153,10605200
22.424745559692383,22.593651563572134,22.29061415410492,22.305518906996955,11603600
22.459518432617188,23.055657335518642,22.385002254175337,22.56881110175323,18319100
22.166414260864258,22.389966559559923,21.932927988958212,22.389966559559923,15011900
22.086933135986328,22.424745137384075,22.027319810761266,22.419778149895922,12997600
22.201187133789062,22.295576927639175,22.106799235011906,22.181317293833263,9577000
22.091896057128906,22.280671851913368,22.047185601506705,22.255833131028353,9565000
21.94782829284668,22.091895523602602,21.893181971175615,22.02234634877502,10481700
22.027315139770508,22.076992584411492,21.903119633095002,21.947830091301107,8486900
22.156476974487305,22.156476974487305,21.828600922409937,21.922990717525213,8546500
21.992549896240234,22.10680958353278,21.957775291197887,22.077001967036264,6282900
22.022356033325195,22.07700048395382,21.87828873921425,22.027323021537356,8920200
21.952800750732422,22.0173829556296,21.838541092882558,21.93293090659536,7008300
21.918027877807617,21.957771359353014,21.749121871386688,21.913060890151193,8713800
21.888221740722656,21.97267379477201,21.8435112723808,21.952802054381525,9489000
21.70937728881836,21.888219140943793,21.67956968177304,21.82363693988222,9231000
21.306983947753906,21.734216856604025,21.27717823462606,21.714345117803248,20204000
21.172855377197266,21.441118201564937,21.152985530819844,21.25234044792766,13558200
20.989044189453125,21.143047326087355,20.954269593289485,21.133111456458693,15987200
21.446086883544922,21.48086338136814,20.959240549978166,20.969176421488555,12797700
21.242406845092773,21.480863977815787,21.138083033947563,21.41131287531187,10625600
21.19769287109375,21.272210949655342,21.113240817459175,21.207628741240192,8094100
21.40634536743164,21.53054091913522,21.212600609985856,21.22253648153099,9272100
21.247373580932617,21.351697381533242,21.113242167985995,21.336794522897033,8101200
21.331825256347656,21.42124619670397,21.18775987028342,21.356665880392722,8898400
21.70937728881836,21.754087751849717,21.247369802518737,21.31691899055124,19553900
21.759050369262695,21.972666772506862,21.669629461157097,21.674598342203442,14183800
21.93292999267578,22.022350920323237,21.684538948115797,21.898155398043247,15279600
21.719318389892578,21.93293488749325,21.610025699471667,21.908094261434897,12683000
21.888221740722656,22.017384263113865,21.72925160774572,21.75409033569709,11247700
21.97764778137207,22.106810333759267,21.858419206413657,21.94784016386399,8053500
22.300556182861328,22.310492055842083,21.858420258124738,22.002487573734683,14794000
22.643333435058594,22.673139154013217,22.27074678753627,22.280680763805353,20599500
22.121700286865234,22.4694480412515,22.007440662366125,22.4694480412515,21971800
22.14655113220215,22.1763568510139,21.992547969737945,22.077000033136144,14993100
22.310482025146484,22.320417893660117,22.081962734552402,22.196222379849445,9088400
22.489320755004883,22.553902943866678,22.330350670939612,22.355189391248647,12837100
22.598617553710938,22.648295003463307,22.345257632783444,22.355193501748563,13282400
22.673133850097656,22.812232226209858,22.613520531060033,22.71287732617157,21997500
22.692995071411133,22.777447076320332,22.603574186758827,22.752608362821885,8858600
22.663198471069336,22.88178380405529,22.65823148398933,22.792362876028907,9200800
22.648296356201172,22.802299491748993,22.60855287796689,22.663199213002354,9358400
22.73275375366211,22.851982321345073,22.56881660505605,22.7526254974549,14496600
22.638362884521484,22.702945095956135,22.48435973266149,22.66817049635445,28238300
22.757585525512695,24.228059882660403,22.55390496857719,22.67313159479292,28873700
22.782426834106445,22.886750617655363,22.663198299283913,22.83707316693872,10326800
22.991069793701172,23.050684996701943,22.762550534083548,22.84203557634502,11907200
23.477930068969727,23.487865942126728,23.055665882704332,23.055665882704332,16112600
23.631101608276367,23.76671071253048,23.515583167456445,23.57083153392491,16909200
23.390026092529297,23.64115370951239,23.374959048614844,23.611017705731822,8718900
23.158985137939453,23.38500033731112,23.158985137939453,23.38500033731112,8752300
22.993242263793945,23.229302819059686,22.983196929958005,23.138896730487765,9333200
22.701942443847656,23.09370100789591,22.671806432785434,23.078633960340863,12852300
22.410627365112305,22.79736411417073,22.395560321626785,22.73709402427704,12900600
22.3503475189209,22.460844232118692,21.97365626860201,22.340302188998304,17315500
22.139406204223633,22.601479986513556,22.089179543571774,22.380488427498967,15480800
22.460861206054688,22.49601892937749,22.049011947742784,22.174575792739148,15092600
22.993242263793945,23.314685282737877,22.475920024928023,22.57134782244215,21680900
22.68185043334961,23.11379032003013,22.64669271382464,23.088677936934012,13429300
22.485963821411133,22.651707028493533,22.360400030973913,22.61152761184835,10691600
22.134380340576172,22.395553201686187,22.0741102698434,22.30012543003005,11363700
22.214750289916992,22.435741918255417,21.99375866157857,22.129367813951625,9852500
22.224794387817383,22.475922008018706,22.074118198886925,22.39053953680707,9853000
22.465877532958984,22.531171253176282,22.109276758456087,22.184613897828264,11651000
22.420677185058594,22.727053236903984,22.300136981155095,22.5864223603659,10177600
22.671802520751953,22.827502343779148,22.53117165863178,22.556284038874413,12382000
22.36040687561035,22.817459136069832,22.350361539386277,22.591443860908115,17221300
22.199684143066406,22.360405682169446,22.028917268275436,22.32524796523765,9781300
22.249902725219727,22.415647844103805,22.059045232067216,22.239857392322087,8728300
21.692407608032227,22.049010358238245,21.662273513614878,22.02891968465862,16522200
21.401098251342773,21.71751962106952,21.30566851986461,21.70245065949556,19432400
21.41615867614746,21.707467574461816,21.099737404242525,21.23534652077321,13325000
21.375988006591797,21.566843656721026,21.345851996383566,21.421191063928102,6681600
21.36594009399414,21.717519173562412,21.27553399022082,21.3307823776325,10385400
21.215255737304688,21.53669868672654,21.165029078988077,21.375977212015613,12392600
20.94404411315918,21.340826216792756,20.893817439055855,21.19014811043449,15087000
20.793365478515625,20.92395098393067,20.346356753324105,20.92395098393067,27896800
21.501550674438477,21.506572384557824,20.92897800728238,21.009340696807705,16543300
21.506572723388672,21.526663396086526,21.355896510058766,21.44630262124711,10819600
21.677335739135742,21.68738107369117,21.481456505184028,21.576884309533114,8672100
21.97869300842285,21.983716634795563,21.677340568431084,21.747656010032355,5133000
21.747652053833008,21.853125197047888,21.617066531179113,21.812945773135823,12282000
21.586929321289062,21.762719799452903,21.53168094003619,21.67733541498438,13495000
21.87824058532715,21.888285920794896,21.396074062634398,21.49150379160209,14210700
22.104251861572266,22.134387865158885,21.853124246205407,21.963621010071353,15022000
22.159502029418945,22.25493175715843,21.99878049590716,22.179592700095867,16992500
22.14945411682129,22.350356968310333,22.114296405203447,22.33528992503171,11458400
21.93349266052246,22.17457694144226,21.91340390040608,22.023898786879304,12945800
22.14945411682129,22.219771456008566,21.9234408038356,21.928462512944613,15334900
22.325252532958984,22.340319581597633,22.14946199638157,22.189643347354327,15506000
22.305156707763672,22.350359759195623,22.0540290700199,22.300134998027602,11139400
22.11429214477539,22.325240289793836,22.06406739955497,22.320216665701064,11137800
22.320219039916992,22.350355039825562,22.14443049699556,22.14443049699556,8734400
22.496009826660156,22.571346953602454,22.31017403177597,22.395558408118976,10741000
22.36040687561035,22.52112842329158,22.264979055409615,22.52112842329158,8303600
22.2047119140625,22.51611165753403,22.19466657563254,22.310185093648467,10604700
22.159502029418945,22.249908131513298,22.02891650192255,22.224795751143045,12605300
22.03394889831543,22.17960345743943,21.817978873670246,22.159512777018314,24653200
21.7878360748291,22.05905248847775,21.78281244875207,22.04900906822763,12734400
22.003795623779297,22.01886266299226,21.72253209078056,21.797871118747512,9867800
21.883264541625977,22.084167439702014,21.722542989545964,21.873219205126972,21106500
21.86820411682129,21.94856491719556,21.727571279201857,21.727571279201857,3375400
21.822994232177734,21.993761119141606,21.722542784089804,21.8681972880197,6095700
21.83806037902832,21.888287058978836,21.576887391141454,21.79285732504883,9366900
21.5467472076416,21.79285116399129,21.516611208191044,21.717514039291984,9328400
21.732587814331055,21.73258781433106,21.34082927985434,21.36091803642731,14650300
22.234844207763672,22.355384416842792,22.018874257548827,22.345340996046264,16483900
22.129365921020508,22.310176192766395,21.99375678024737,22.28004210545123,11227700
22.249902725219727,22.280038723912654,21.973662776364275,22.11931722945307,14930400
22.445785522460938,22.536191617070624,22.104251813035813,22.224793911165946,20891300
21.899572372436523,22.4889807601345,21.869086968188025,22.372115521175008,21394400
21.848758697509766,21.9452990265289,21.726811284490733,21.76746106825987,13346700
22.148540496826172,22.148540496826172,21.833512476574526,21.960540122934326,11214800
22.001190185546875,22.224760106240968,21.86908227282712,22.219677914431596,11624000
21.640439987182617,21.894495398190497,21.58962968029663,21.808115550537558,15075300
21.32540512084961,21.625190489192494,21.32032292878421,21.57437825998027,15099600
21.091672897338867,21.366053122226948,21.086592643524657,21.294917939097825,17451400
21.406696319580078,21.52864175648515,21.091666407951813,21.16788375973331,14209800
21.61503028869629,21.61503028869629,21.376217632312116,21.442272568005546,14149500
21.818267822265625,22.06216067047273,21.589619609644508,21.848755155149536,30231800
21.742053985595703,21.88432433953637,21.5896211866181,21.86908164112507,16208000
21.640439987182617,21.889415142817484,21.630277538147627,21.76746769268656,11716000
21.68108558654785,21.75222272238254,21.513410040659423,21.701410482500624,13779300
21.731895446777344,21.79286818967034,21.574380427824497,21.73189544677734,13577000
22.102813720703125,22.153624011412393,21.70648802596348,21.757298316672745,16429900
22.15870475769043,22.336542701858,22.021514655780496,22.041839546053424,16039900
22.15870475769043,22.290812667888023,22.087569580023402,22.102812278583986,12880500
22.641416549682617,22.783686944657582,22.412766316123733,22.45849636283551,17699900
22.62108612060547,22.737951336219375,22.367030798413072,22.48389601402698,14188500
22.641416549682617,22.804011840593652,22.631254101714582,22.717632002009736,9294200
22.73794937133789,22.80400429212055,22.483894071099478,22.504218960307696,15116100
22.590604782104492,22.7379573732883,22.41784703961388,22.68206487744004,8837200
22.534700393676758,22.66681021201392,22.44324034660881,22.615997997927405,8161600
22.51946258544922,22.580435317296697,22.41784007351129,22.509300140426607,5750100
22.58043098449707,22.651568086005362,22.463565796593755,22.544863402886836,6329800
22.62108612060547,22.71254619165779,22.49913871310627,22.631248566087756,7731800
22.52454948425293,22.753197761035615,22.412764503931722,22.636332526285535,14665900
22.56011390686035,22.67189693316978,22.438166496545673,22.555031714857726,11986200
22.610910415649414,22.717613123208505,22.488963079662486,22.488963079662486,9638000
22.82433319091797,22.97168576864455,22.529629973753433,22.534710228235312,23275400
22.925954818725586,23.007252455241723,22.560116423547225,22.727791950860524,15118000
23.068218231201172,23.088541178768423,22.722702924816506,22.981838435461103,18829500
23.230817794799805,23.368007892598403,23.083465252169287,23.119032839936906,19945900
23.434057235717773,23.47978726121242,23.27654421101568,23.332434741475474,18641800
23.55093002319336,23.586497616909043,23.296874674773633,23.43914698792485,14803400
23.64238929748535,23.845634344605898,23.52552407379198,23.550929220109946,17154700
23.738937377929688,23.759260336985676,23.428989477431394,23.48488197598537,12749700
23.93709945678711,23.93709945678711,23.672881615271546,23.728774111900258,9936900
24.231800079345703,24.328342358803123,23.952339564771904,24.08444944035934,16390000
24.023462295532227,24.318167297212202,23.952327140171572,24.287679971362945,12203800
24.125093460083008,24.17082349617269,23.98790335181396,24.08444561594124,10584700
24.368986129760742,24.37914857528067,24.221633577154215,24.247040660098182,9991800
24.29277229309082,24.374069924307435,24.16066243093356,24.318177439416935,9540100
24.57223129272461,24.668771618238868,24.180985860448438,24.241958595600167,12637300
24.358816146850586,24.678926297667083,24.282600736467025,24.577303812201308,13040900
24.63319969177246,24.724659747544784,24.414711996126137,24.47568472054503,10588000
24.39948272705078,24.582402939259577,24.206400065464933,24.48586063932214,16834000
24.77039909362793,24.973644169198813,24.36899113543421,24.36899113543421,14772500
24.87201690673828,24.943152088188686,24.67385406175836,24.846611761690042,13781300
24.694175720214844,24.98379862281541,24.6586081313543,24.927908081954712,15013900
24.795808792114258,24.836458590000824,24.531590920718724,24.556998013542348,12547800
24.907583236694336,24.973638161106855,24.755150435832398,24.86185320260693,9484700
24.978708267211914,25.12097856511551,24.882167984818395,24.99395095961946,12634400
25.14130973815918,25.197202208689106,24.9787145175019,25.09049945856175,11663200
24.86693572998047,25.100668113516342,24.770395399540444,25.054938075247193,12927500
24.973636627197266,24.993959577985898,24.846608977899795,24.892339009178407,13567000
25.00920867919922,25.090506311733332,24.90250396163882,24.9279110466651,6926600
25.151473999023438,25.33439412005152,25.029526605575366,25.166716696346427,12082000
24.892345428466797,25.19213083564961,24.72466795777484,25.11591345110079,14373500
25.049854278564453,25.05493647042906,24.760231367506897,24.897421473527046,37100800
25.181962966918945,25.192125411890096,24.872015179307514,24.92282546587508,39951100
25.37964630126953,25.37964630126953,25.040771881225126,25.153730674120546,11467000
25.343690872192383,25.482321505342696,25.24100129667651,25.425842140876927,8307600
25.60042381286621,25.600423812866207,25.312893281046264,25.400180139790795,7868300
25.934160232543945,26.000908770317405,25.574749549089905,25.574749549089905,13298600
26.11386489868164,26.11386489868164,25.898216551721372,25.923890419642238,9150300
26.00090980529785,26.216558182595605,25.80579974176968,26.01117896218264,14449400
25.908491134643555,26.262770216300478,25.84174454826195,26.08306289641379,14919100
25.43612289428711,25.852013024761565,25.410450978360803,25.780130876711244,15233000
26.13953971862793,26.52975787559808,26.06765758118406,26.211421856071798,18136400
26.827560424804688,26.878904254601277,26.319247891795577,26.344921765335428,14594900
26.796756744384766,26.848102540090075,26.642723274552516,26.801892303276215,11212700
26.86349105834961,26.950777885454382,26.463003857367493,26.878893809574826,10363400
26.596506118774414,26.760808705005132,26.273034545227105,26.699195724828943,14437000
27.32560157775879,27.382080961126555,26.884037626310505,26.945650608783797,19142700
27.536109924316406,27.577184586413605,27.315327984450857,27.34099989309174,14320100
27.448833465576172,27.58233057482242,27.346143833534864,27.546389497404235,10124400
27.67987823486328,27.88525745136163,27.443693506939134,27.47449901836493,16111500
26.904569625854492,27.71067964249461,26.745400669958574,27.60799005671147,23874700
26.971330642700195,27.120230523932563,26.76595331973602,26.950794281453167,12878400
27.04834747314453,27.23832202926328,26.96619615493302,27.171573471140828,9577900
26.724872589111328,27.032941464363656,26.668393197382983,26.991864830873336,7315600
27.17156219482422,27.171562194824222,26.75053661888745,26.812151550957058,9629800
27.269113540649414,27.289651847836563,27.04319607887233,27.125349307620926,7373300
27.063743591308594,27.22804618740882,26.976458694035976,27.222912588186322,7379300
27.156160354614258,27.18696782168537,26.976455026635694,27.104816534803575,6242100
26.981597900390625,27.156169689855624,26.909715744488896,27.125364170835937,5347700
27.299928665161133,27.30506422308843,26.90971048426947,26.95592071240783,7397700
27.52071189880371,27.556652971361608,27.109955384826645,27.28966270625768,9204900
27.315332412719727,27.489904161876233,27.27939134306763,27.489904161876233,7685600
27.39234733581543,27.500172500203785,27.243449462534883,27.453962275077732,9296800
27.079147338867188,27.418021676047942,27.007263241830103,27.36154229341092,8045300
26.735145568847656,27.099691929292746,26.673532568447268,27.048348088732748,11217900
26.42707061767578,26.91997838912651,26.273035225286225,26.647852590883346,14026500
26.642711639404297,26.729998474663336,26.206283339032034,26.221686091696167,10342500
26.3859920501709,26.550294628570803,26.283302449010645,26.48868165133115,6583800
26.093324661254883,26.688921922319267,25.90335019624185,26.581098736120598,10039500
25.451520919799805,25.862277374171867,25.230738958329578,25.810933551865837,18588400
25.199934005737305,25.703110918301768,25.199934005737305,25.40531125814493,12459800
24.891864776611328,25.641495554825507,24.88673117780878,25.10751314050274,19667500
24.984283447265625,25.009955356735105,24.527316799328972,24.866191096793095,17573200
25.076709747314453,25.39504580812414,24.845658590822907,24.984289284717835,19897100
24.799453735351562,25.12292542455933,24.763512654177593,25.112656264417907,11309100
25.656904220581055,25.71851720890862,24.722432403273093,24.799448149022147,17669600
25.795530319213867,25.831471385890776,25.554210049833554,25.75958729389572,12000100
25.944438934326172,26.119010741363148,25.733926045720583,26.119010741363148,9617400
25.764732360839844,26.07793487917534,25.636370801432967,25.785270680419018,9913100
25.620973587036133,25.95984809887806,25.53882224957877,25.913637849143143,8216000
26.00090980529785,26.03685087507391,25.569615009343753,25.6158252360046,7147000
26.22168731689453,26.324376909615836,25.954695159275563,25.97523346954804,12020500
26.03684425354004,26.50921555690266,25.85200339390427,26.416795127084775,9886600
26.468141555786133,26.540023684162083,26.06251873578916,26.09846175861823,11104200
25.69797706604004,26.416802393769853,25.69284346681175,26.34492025272516,11188400
25.138320922851562,25.600423202501634,25.086977095619986,25.513136345838195,14661600
25.425844192504883,25.5593392803988,25.210195870656673,25.379633977726044,35016000
25.22047233581543,25.369372177559335,25.061305295491877,25.184531264862272,29396300
25.898225784301758,26.021453734872185,25.379645980872066,25.379645980872066,31408000
26.011178970336914,26.103599423687584,25.795532551612965,26.083061109911565,9200100
26.18575668334961,26.44247978808833,26.149815605377537,26.165218364896468,8633500
25.846872329711914,26.30383896713816,25.84173873139255,26.149805555222954,11162600
25.857145309448242,26.00604514506743,25.764724856901253,25.821204239973454,9746200
25.995777130126953,26.206289957143724,25.76985958791477,25.85714644521715,9660800
26.190879821777344,26.334646034880524,25.90335131285312,25.959830686717826,5965700
26.33979034423828,26.33979034423828,25.846882449662658,26.33979034423828,8024400
26.53946876525879,26.663946335655595,26.347567740296583,26.50316321941469,7234600
26.4305419921875,26.75210810135568,26.383863168501996,26.710614934300523,6737900
26.212718963623047,26.49797767296442,26.150479188909244,26.420178943824105,8373800
26.560209274291992,26.60170244775669,26.332002755746377,26.451292661702272,10229300
26.145299911499023,26.606900804850426,26.04156890682914,26.58096854830904,12701400
25.911893844604492,26.046744682811738,25.621449538010644,26.03637138921861,10592900
26.07787322998047,26.166045272261858,25.782241166662402,25.802987762317347,8841400
26.31644058227539,26.591325898055025,26.228268588712023,26.25420082970013,8543900
25.917083740234375,26.1037990841826,25.51253316884534,25.93264269272885,12949700
25.906715393066406,26.07268417971415,25.782237813828594,25.958579896954824,12332200
26.07267189025879,26.093418473436774,25.740734473423284,25.849651067353108,8792400
26.11935806274414,26.17122255677991,25.948201671119577,26.103799110234135,6755700
26.12973403930664,26.207530788345643,25.901525493716367,26.015629766511502,8468400
26.300880432128906,26.34755925868823,25.984501938616084,26.083047227187556,6486600
26.461673736572266,26.492793625822124,26.197159624208478,26.31645154374759,7090300
26.705429077148438,26.835092255467565,26.40979521035799,26.466847325378904,8444900
26.150480270385742,26.938832976162086,26.088242471601912,26.938832976162086,11576500
25.662939071655273,26.171218553775986,25.647380121525078,26.072675238779212,14428200
25.937822341918945,26.031179992265642,25.740735727634284,25.9585689261078,9001000
26.06230926513672,26.160852607808177,25.83410269229045,25.844475988124902,6883300
26.041566848754883,26.114177952734014,25.906717938294243,25.98970233977099,4533000
25.97932243347168,26.046747860801943,25.834100262456047,26.03118692926192,5225500
25.89633560180664,26.062304346829556,25.84965676861248,25.89633560180664,5366300
25.735549926757812,25.96894406926082,25.652565562590446,25.963758412095558,8155000
25.579952239990234,25.828905310582222,25.42435681818313,25.7770408294809,8583300
25.751117706298828,25.808167864308054,25.50216256905935,25.559214705572405,5507700
25.491788864135742,25.766674246854844,25.429549096404003,25.74592765761093,7881400
25.35693359375,25.55402220021442,25.268763572583705,25.46585020054482,7391900
25.175411224365234,25.40361777888986,25.113171454355474,25.237649015871273,6610600
24.744935989379883,25.17023132262461,24.547849259293823,25.045755701360182,15381800
24.636016845703125,24.942022186716233,24.610084592092687,24.661949099313567,7869000
24.848651885986328,24.988688358651626,24.63600434864343,24.65675093240935,7263000
24.51671600341797,24.786415673847003,24.49596941834575,24.786415673847003,8432300
24.387052536010742,24.610073376732384,24.241830399169945,24.610073376732384,9861100
24.693069458007812,24.739748306791544,24.350758559761815,24.387064111204257,6779300
24.34556770324707,24.651573009595364,24.34556770324707,24.651573009595364,6943000
24.35075569152832,24.376687942574954,23.98769824136365,24.158854659578513,9654300
24.148481369018555,24.33519476369966,24.138108072896728,24.31445014995994,6798000
24.801982879638672,25.237651418666992,24.6723196475291,25.216904826688523,36425300
24.573772430419922,24.879777689110487,24.428548287962702,24.807166607133674,13416200
23.863216400146484,24.09142491696697,23.38087107710223,23.60907761541914,47084100
24.262577056884766,24.41298684190304,23.70243306849391,23.70761872588957,26556600
24.189977645874023,24.677512773280796,24.029196468541443,24.43374520957741,17784300
24.034372329711914,24.397429708049657,23.878776875711033,24.38186877769709,13434300
23.811349868774414,24.065490610247696,23.76467103783048,24.039556387553972,12732600
24.10179328918457,24.164031063560206,23.583140552880213,23.83727928570757,19005500
24.127735137939453,24.324823810196513,24.024004153672372,24.112176182775777,16048000
24.558212280273438,24.646384295836306,24.086238253917827,24.169222632886825,18127800
24.77084732055664,25.082040067847903,24.66711838329554,24.79159389940992,16631800
25.050939559936523,25.154670555867746,24.92646394762241,25.05612719791039,15342700
25.190969467163086,25.25839489352022,25.035374003534333,25.139104972121388,10265600
25.268760681152344,25.325812795850837,24.827904690256847,25.159842108317456,10933800
25.15985870361328,25.356947417523983,25.009450822067272,25.21691085594304,11498400
24.781225204467773,25.201334600873835,24.6567496652754,25.201334600873835,15178200
24.88496208190918,24.895335375736153,24.568583544948638,24.744925583000242,9088700
24.51671600341797,24.739736846686146,24.314441745222002,24.734549211166467,16939100
24.35075569152832,24.558215678405322,24.252210367645606,24.53228342735869,13291600
24.72417449951172,24.74492108339312,24.40261036336254,24.40261036336254,10233200
24.376678466796875,24.610072592498756,24.215895407201543,24.59451166511652,10311600
24.205520629882812,24.32999814878703,24.023992975754837,24.153656151132832,12315600
24.371498107910156,24.376683765829387,24.132916295049945,24.17959513033742,10054900
24.267763137817383,24.366306450047883,24.029183342836212,24.293695380140857,11939100
24.38187026977539,24.470042285490592,24.127731474339114,24.210715853451482,14961500
24.428543090820312,24.438916382967754,24.19515094226405,24.402610849703304,47164000
24.52708625793457,24.713801543450725,24.252198986034454,24.31443873354184,45152600
24.154680252075195,24.51136190712321,24.144189379758572,24.506117471429548,15794300
24.233348846435547,24.537575989910074,24.159914777353016,24.238593279543593,13270800
24.579545974731445,24.579545974731445,24.233355270901235,24.46939484190566,11555100
24.7001895904541,24.700189590454105,24.474640874646525,24.553321403762276,11131200
24.553321838378906,24.705434462604135,24.485132178666834,24.54283096758251,10940400
24.29629898071289,24.621507951266448,24.27007280583305,24.548073861231344,12571300
24.78411293029785,24.883773193175244,24.338261963669318,24.443166661043907,18900300
25.649595260620117,25.8279360792357,25.240459264426015,25.476498877436228,29363600
26.23181915283203,26.258047328293415,25.791212617527485,25.890874882051484,22190700
26.530805587768555,26.546540893276333,26.226576341758246,26.231820776617845,14398500
26.82453727722168,26.90846222682042,26.305252276869663,26.520310085274478,15220100
26.656688690185547,26.95042702870457,26.63046251731909,26.766839816781907,11362000
26.446870803833008,26.85076020020174,26.394418467028085,26.772081694994363,10354600
26.598995208740234,26.635712258254298,26.2842770697828,26.399674654500785,9184600
26.525554656982422,26.604235173046156,26.373440059754476,26.58849786927622,12444600
26.798315048217773,27.008128453546718,26.53080485730585,26.5517845970956,14668300
26.504568099975586,26.960911808683473,26.43113403216373,26.955665374737894,12593900
26.494083404541016,26.703896790815897,26.252799410975026,26.483594536063144,10922600
26.483598709106445,26.992392949461745,26.40491817662342,26.640957773143434,11448800
26.793073654174805,26.79831808948519,26.50457968887489,26.709146681775447,8296500
26.27903175354004,26.682921316336415,26.268542882599696,26.651450701656966,11824600
26.546541213989258,26.677674097282285,26.410161894844265,26.42589920147115,9305600
26.315744400024414,26.751106505560777,26.252801180271415,26.515066930325933,10806500
26.33148956298828,26.352471309476538,25.974807876405844,26.258055451208865,16392100
26.205591201782227,26.357705805059194,26.10593094494321,26.28951615515422,5166900
26.31051254272461,26.473118105823627,26.1111899171403,26.2318319797248,9595800
26.221330642700195,26.226575077306947,25.890875236466037,26.163631857381496,10915600
26.368196487426758,26.452121440203822,26.273780665436473,26.273780665436473,8874000
26.38918113708496,26.446877922729676,26.15838599079038,26.310500609770184,9101200
26.625219345092773,26.651447522102206,26.404917064902143,26.410161499746643,10224600
26.635709762573242,26.77733351211313,26.48884157827807,26.66193793913647,7936800
26.436389923095703,26.882240923404968,26.389182005339393,26.64095689973005,9634100
26.4259033203125,26.64620563813602,26.41016601123274,26.54129891496464,6608000
26.34197425842285,26.436390094547804,26.23182111565774,26.38393574062894,9849600
26.23181915283203,26.404915506418643,26.18461123830194,26.378689331886118,5947500
26.252809524536133,26.415415061587318,26.17937541132899,26.26854683517303,8631600
26.18985366821289,26.331477390142812,26.037739077888695,26.30000478495998,7320300
26.02725601196289,26.25280474773363,25.985294526735085,26.24756031242859,4908600
25.838422775268555,26.069217933420955,25.77547955074019,26.04823619160182,10657800
26.016756057739258,26.016756057739258,25.770227665884477,25.843661740093495,10224900
25.8961181640625,26.116422422374413,25.754494426775288,25.869891990697187,10725900
25.654829025268555,25.79645273416819,25.40305420975643,25.79645273416819,14821100
25.953824996948242,26.016768232735856,25.675823871367683,25.833182961301407,11177200
26.001018524169922,26.032491125098307,25.59188471674233,25.73875285255156,11946000
25.728275299072266,25.964314925856826,25.62336857595365,25.95907049011909,13270800
25.434528350830078,25.702038483205932,25.198488821716982,25.702038483205932,16154300
25.245708465576172,25.455519921617867,25.109329118266125,25.43454017666429,12161700
25.093576431274414,25.266670712612665,24.925726582310283,25.235200116511912,11903800
25.31389617919922,25.917108368268657,25.282425561253305,25.35585967103301,16042700
24.94672203063965,25.214232249226956,24.88902323815849,25.214232249226956,13276700
25.42404556274414,25.455516176008523,24.8995139984271,25.088345681729894,16094000
25.403066635131836,25.518464232367336,25.188008749966166,25.271933729520345,10188500
25.219472885131836,25.57090799352009,25.219472885131832,25.445019566066453,17676700
25.48175048828125,25.56567547873508,25.371597312555288,25.376843749981557,11735800
25.691556930541992,25.74401128987995,25.49748080331459,25.49748080331459,5052400
25.79645538330078,25.880380330423385,25.66532252836368,25.71253043617818,5101200
25.79121208190918,25.885627909008576,25.696798255738592,25.854157300594654,5372600
25.78072738647461,25.848915049695627,25.69680241557024,25.728273029078668,5460000
25.775480270385742,25.81744375519562,25.586648590599474,25.702046172897546,7557100
25.7020320892334,25.8226740405613,25.675805926062637,25.74399555104901,9270200
25.397811889648438,25.875137430812302,25.292907200221652,25.875137430812302,12022200
25.539443969726562,25.738766546462916,25.282424595317234,25.581407459957095,16054800
25.859403610229492,25.911857962937813,25.48174227537439,25.764987776283476,17594600
25.71623992919922,26.018471865522308,25.642007807670545,25.816983233749045,13110700
25.186012268066406,25.72154553368455,25.180710839670716,25.679128038497204,14567000
25.318565368652344,25.4988442396188,25.148891375116097,25.366286305751508,11445900
24.936800003051758,25.31856753247238,24.894382512379313,25.265545163463393,18784000
24.963306427001953,25.042839958903947,24.698190608648947,24.94209667609215,19270700
25.59428596496582,25.652611779155983,25.06935565992788,25.106471719380977,21722300
25.732149124145508,25.801079825880176,25.42461572575225,25.58898629254605,14193200
25.636714935302734,25.816993885973655,25.45113455490963,25.80108757413266,15988600
25.292055130004883,25.928333640840744,24.79363598555787,25.89651900736318,33165500
25.095870971679688,25.19661428112863,24.96861445524665,25.15419476809305,17975700
25.376895904541016,25.376895904541016,24.88908156536152,24.95271084178097,22638200
25.25493812561035,25.7215405964773,25.191308861031956,25.24433324818062,25665600
25.286752700805664,25.642009042958932,25.13828845059614,25.297357579059728,21418600
25.11178207397461,25.38219944186703,25.095875764885086,25.2761526616973,16345400
25.286752700805664,25.440520401479073,24.756520924144557,24.920893503072033,24965700
25.25493812561035,25.49884423847356,25.212518615891423,25.329170244944933,14441900
25.461727142333984,25.716238122266528,24.931495428472818,24.97391291379151,18536600
24.608049392700195,25.46172262416042,24.507306113105884,25.46172262416042,36115400
24.825456619262695,24.830760070794263,24.448992467486107,24.544434368313144,22706300
24.756519317626953,24.86786952073199,24.555032711895816,24.77772907275873,19731700
24.7512149810791,24.857261721600338,24.592145881633915,24.719400352120726,17564000
24.820148468017578,24.910286892899602,24.698195410585306,24.86256595541101,13375500
24.873170852661133,24.89438060771146,24.48610192502373,24.820148487708884,12412500
25.032245635986328,25.117082652716064,24.873176482452326,24.94210719063087,16222300
25.1170654296875,25.154181472638783,24.952694960238286,25.154181472638783,23453500
25.08527374267578,25.164807319859115,24.9209011135513,25.04815766878869,18833600
24.66107749938965,24.99512406413216,24.61335656156929,24.99512406413216,26251600
24.38005828857422,24.655779071448915,24.099036077596125,24.639872764464897,34912800
24.67168617248535,24.83605876641455,24.157362677601668,24.252804567925217,34094900
25.51474380493164,25.631395403177894,24.788327085564088,24.820141709451164,48975300
25.064056396484375,25.583683296363237,25.016335455542755,25.212520647114417,60808800
24.512611389160156,25.026936788371625,24.512611389160156,24.931494920009218,616620500
24.544431686401367,24.793639268953545,24.49140729025013,24.61336036738713,145797400
24.57623863220215,24.655774196744893,24.332332534192105,24.43837927935795,102687200
25.186012268066406,25.334476535233033,24.53912877939936,24.570943417795323,139433900
25.228425979614258,25.323865827488824,25.032238788669126,25.15949529029101,62309000
25.08527374267578,25.28145899360386,24.825459202791837,25.079970290592296,60287600
25.39811134338379,25.657923867508973,25.17011144190898,25.207227516784005,52231200
25.12238121032715,25.382193638532183,25.10117145460774,25.35568245521974,40016400
25.16480255126953,25.201918618123333,25.053454350708133,25.16480255126953,30857100
25.000423431396484,25.14888764807003,24.84665576545703,25.138282772211454,41073000
24.936800003051758,24.952708331893433,24.655777806491425,24.8095455083607,32384500
24.761829376220703,24.809550326666248,24.581550454834655,24.777735685477843,42625900
24.58155059814453,24.714108569857846,24.45959750688918,24.692898808941926,45522100
24.406564712524414,24.687588891346287,24.369448655020786,24.576238696161973,35184200
24.433080673217773,24.533823980286236,24.30052273212438,24.305824159791705,27874500
24.555034637451172,24.666382826614328,24.443684425614283,24.50731369599929,26394300
24.761829376220703,24.78834056587398,24.496713434339696,24.560340694042385,26373700
24.58155059814453,24.915597253210837,24.491410125588935,24.724713450315807,35065200
25.032245635986328,25.05345539583727,24.52852496423363,24.608060552337644,31613400
24.873170852661133,25.13828672276951,24.76182267265727,25.079960907717897,38716800
24.92619514465332,24.973916085869067,24.592150578816803,24.82015040655052,34926100
25.037548065185547,25.11178019895946,24.798943333288022,24.931501292933987,23581800
24.92619514465332,25.270846611508585,24.92619514465332,25.132987238370713,24376600
25.286752700805664,25.292056151269552,24.904987197027786,24.910288624817966,32560000
25.14358901977539,25.41400834933547,25.000428224918455,25.254939226303822,25700300
25.22312355041504,25.360984934640076,25.186007490663737,25.27084448762008,20744100
25.318565368652344,25.334471673460882,25.026938318679015,25.207217189645473,19712800
25.355688095092773,25.546571893678518,25.254944767027666,25.27085107601845,25156000
25.51474380493164,25.541254980167693,25.24432658124707,25.419301955943432,19320900
25.472335815429688,25.636706376711487,25.429916301115824,25.588985434445277,20772000
25.51474380493164,25.62609397719989,25.28674405709015,25.29204750574117,30356400
25.84715461730957,25.85787759872529,25.482581429973482,25.557640254683925,36508200
25.723846435546875,25.831074217162794,25.477223969470145,25.825711703222094,30318500
25.450422286987305,25.98119673502252,25.423613802678283,25.579094012789692,33518300
25.235958099365234,25.434328135532468,25.20915166937499,25.38607574347022,25822600
25.343183517456055,25.375352457584846,25.107284092109573,25.337821004834932,19034000
25.155546188354492,25.364641329091686,25.075126868255825,25.33783284385852,20923000
25.252042770385742,25.28421171505055,25.037589274885843,25.214513357543268,18851000
25.520109176635742,25.573724080214898,25.128729583905425,25.128729583905425,23240500
25.723846435546875,25.73456941822845,25.60053520250851,25.611258185190085,13280800
25.691680908203125,25.932942937661647,25.600538611074406,25.729212375185647,20829900
25.42896842956543,25.557640115453918,25.06439524421542,25.359270073342746,38239700
24.812414169311523,25.461141348917728,24.699825915280655,25.412888947875942,41610900
24.630123138427734,24.79632627785927,24.581870746024997,24.705184006209393,24429400
24.983978271484375,25.03223067342243,24.742718306994018,24.780247725701404,22320800
25.075117111206055,25.144815464331266,24.82849468654699,25.02150220680225,15552100
25.053672790527344,25.12337114821798,24.983974432836703,25.037589340752433,16280300
25.316387176513672,25.3217476460712,24.983980798343342,25.000066297416186,22778800
25.262765884399414,25.418246049961798,25.096564782425492,25.176984076709758,18140200
25.407522201538086,25.428968164028745,25.21451262952124,25.273488003770783,12612600
25.450422286987305,25.455782756728983,25.337831970409955,25.39144689382779,14031400
25.788196563720703,25.965122808119744,25.439708637033153,25.477238074596414,23606200
25.99728012084961,26.072338962331454,25.772101551204038,25.772101551204038,17359200
25.99190902709961,26.09913678462349,25.868597821766922,25.927573190665026,14518100
25.820354461669922,26.07233947318201,25.745295618717407,26.05089350513841,13579300
25.654150009155273,25.91685799170461,25.541561750291265,25.9061350082128,18017000
25.73993682861328,25.906140037200256,25.627348547893256,25.734576358426775,13874600
25.71312713623047,25.8632468700771,25.648791276124836,25.65415174563359,13115400
26.3082332611084,26.43154448272513,26.024081404565475,26.115223681117115,29384000
26.35112953186035,26.53877662934136,26.302877128908094,26.340406548404296,19062600
26.08306312561035,26.474442849035196,26.066977626565404,26.46371986473861,14022500
26.361845016479492,26.4637123156381,26.17419795781818,26.21708988276908,13949800
26.5119686126709,26.54413551592131,26.404740829703197,26.43154726414516,13753400
26.667449951171875,26.66744995117187,26.474440342507187,26.52269274467336,12049800
26.603103637695312,26.81219663255204,26.501238396539275,26.790752717971337,12228000
26.667449951171875,26.75323177222285,26.52269274467336,26.533415727954722,11587400
26.656723022460938,26.75322781250972,26.5334118007763,26.699612904038375,10309300
26.785402297973633,26.806848267435633,26.56558622398867,26.56558622398867,12409700
26.833646774291992,26.983766470948463,26.785394379866627,26.817563324550072,14364600
26.42618179321289,26.710333625871264,26.3725668892777,26.672804215716365,19683700
26.35112953186035,26.469078259476998,26.308237598036136,26.442271823436847,12696000
26.420825958251953,26.570945682014735,26.28143126318649,26.38329653861125,9855300
26.495878219604492,26.528047162110173,26.19028042399865,26.511963713457067,13917800
26.576303482055664,26.613832897927214,26.394016871308224,26.394016871308224,10144900
26.54949378967285,26.565577238729347,26.426182574774153,26.51196437840801,11034700
26.469070434570312,26.57629819223172,26.442264006454803,26.458347454284233,10039700
26.292160034179688,26.458361201973123,26.136679807043528,26.415471303742713,11516700
26.367206573486328,26.43690492640414,26.168836540781218,26.233172380674866,11121200
26.436906814575195,26.49588014565666,26.297510098783608,26.394014888116363,9172200
26.383291244506836,26.46371258199945,26.24389657741248,26.37256826316118,11085700
26.495878219604492,26.49587821960449,26.16347399451032,26.276062225481002,11917000
26.522687911987305,26.683528541501204,26.426183125239053,26.495879436068684,11275200
26.479799270629883,26.672808868062912,26.377934003184592,26.672808868062912,18210600
26.66208839416504,26.678171847064554,26.33504455054154,26.463718309337676,11850700
26.420825958251953,26.694256924434175,26.372573555113913,26.667450488290815,13541700
26.49051856994629,26.533410494611914,26.32967794284925,26.345761391999094,11334200
26.383291244506836,26.490519012763798,26.20100465202987,26.490519012763798,9332600
26.442270278930664,26.452993261760383,26.206370792276406,26.361848930307698,12388400
26.233177185058594,26.51196860258865,26.16884133338238,26.415463802474406,16795200
26.469070434570312,26.565575211945642,26.17419563490096,26.206364575759196,14298500
26.62455940246582,26.662088823302078,26.442272767603992,26.549500560793312,11576100
26.6513614654541,26.774672691564025,26.45835187842998,26.753228772605564,8238600
26.67281150817871,26.742509879750564,26.565583716191256,26.5977526673475,13930000
26.42352867126465,26.59152150262759,26.42352867126465,26.55900616091212,12848400
26.499404907226562,26.613205532910445,26.401860923148096,26.548176899265798,14431900
26.900413513183594,26.97086239578742,26.304313308075635,26.331408396085504,18423500
27.26889991760254,27.32851032405611,26.916657734316043,27.014201659927018,17741200
27.38271141052246,27.420644944828847,27.176787100637085,27.333939428239592,13023900
27.480253219604492,27.539863645188145,27.29600375290158,27.404386156942543,14235400
27.61572265625,27.64823798814889,27.458568319571413,27.577789135978865,12798600
27.26889991760254,27.626560289102205,27.22554821023197,27.523598175278064,11485100
27.501935958862305,27.556126138788656,27.3393633518604,27.431487071179767,10129500
27.474842071533203,27.63741468565127,27.38813653952204,27.53987070373584,11333900
27.626569747924805,27.713275259574054,27.31768123347296,27.626569747924805,15037300
27.58863067626953,27.74578503058585,27.5181818161929,27.62656420079802,11912400
27.664501190185547,27.881265986544637,27.480251733447016,27.61572921436587,17616200
27.78914451599121,27.897526930908054,27.675343910578704,27.675343910578704,11063100
27.95171546936035,27.95171546936035,27.734950668240362,27.77830238813095,9600900
28.16305160522461,29.078878378724923,28.114279642894907,28.82418012353405,32965500
28.04926109313965,28.260607732641038,27.86501160780538,28.14680505991794,12769100
27.323097229003906,27.843332324337588,27.28516369990551,27.778301645406945,21255000
27.003372192382812,27.377289291411373,27.003372192382812,27.377289291411373,18254100
27.209299087524414,27.25807106749531,26.900410570116215,27.117175384925204,11693900
26.911252975463867,27.20388489832715,26.82454745023284,27.176789809296725,11565100
26.62404441833496,26.797455489037805,26.206773383449054,26.770360396844804,18995100
26.363924026489258,26.72700275762897,26.255541606057662,26.640297234728237,12143700
26.391014099121094,26.60777683156532,26.120059133149052,26.407270735568268,15395200
26.374759674072266,26.575267869818912,26.34224639590348,26.493980539951604,11839200
26.46688461303711,26.5264950440863,26.315150473801054,26.445207716796926,12325600
26.510234832763672,26.564427070286513,26.42352931994961,26.553588622781945,10897800
26.5535888671875,26.56442731479183,26.45062671578014,26.56442731479183,11539300
26.445207595825195,26.580685095872685,26.28263500921273,26.499399836177748,16378200
26.434362411499023,26.62945029260887,26.358495361561207,26.58067832233141,12682100
26.391014099121094,26.575263558670972,26.157992663007352,26.569843301707024,17348700
26.456043243408203,26.537330561721117,26.33682239447523,26.456043243408203,10685300
26.48314094543457,26.634877150139005,26.40727387669364,26.477722755048465,10188900
26.358509063720703,26.54275859530194,26.293480425287076,26.46147331406569,9991400
26.634876251220703,26.640294441423944,26.380177899995648,26.380177899995648,9913500
26.68906593322754,26.710742828088424,26.56442688861114,26.667389038366647,10363400
26.786611557006836,26.802868195551213,26.667390695087786,26.710744487502932,11500800
26.775768280029297,26.824540254089257,26.6619676962968,26.75951164441672,8018800
26.997953414916992,26.99795341491699,26.77035222926877,26.7866088661801,11259700
26.970861434936523,27.095500489119758,26.824545484228558,26.997956521981113,8724400
27.03046989440918,27.09549851201572,26.92750567704113,27.062983169601207,9100900
26.943761825561523,27.062980601992187,26.829959171519036,27.057562412381728,9472900
27.062984466552734,27.111756448900582,26.857060156392997,26.949183863481945,11920900
26.840803146362305,27.03047289735121,26.743259175504633,27.025052639402052,9005900
26.499404907226562,26.835388592817402,26.445212656503532,26.78119634209437,14611400
26.418107986450195,26.59151899144501,26.21218164281051,26.569842099015098,14370300
26.559009552001953,26.59694515579156,26.1905126349553,26.36392367846762,13193800
26.22844886779785,26.553594091002598,26.152579719642027,26.553594091002598,15339200
26.31514549255371,26.336820317468412,26.174247760885958,26.27721196492521,12452200
26.53192138671875,26.629465382548272,26.29348165648172,26.304320107932025,13801000
26.66738510131836,26.81370101919424,26.52648943996871,26.580679601898073,16319500
26.927505493164062,26.943764197871534,26.75409446924911,26.81370489632409,12460300
27.2851619720459,27.301420674360113,27.00337065008033,27.117171230168985,30872000
27.19304656982422,27.268913646334862,27.003378878547608,27.155113031568895,14728500
27.04671859741211,27.17677786169268,26.976269743125883,27.14426252881707,10614500
27.13343620300293,27.176789999533316,26.99795868967968,27.08466421551765,11488600
26.88414764404297,27.203874534126317,26.786603706917745,27.149682309488973,13665800
26.970861434936523,27.046728505550433,26.72158332657005,26.862479019535517,9036200
26.960025787353516,26.9817026861301,26.667393855538204,26.88957689994105,9218300
27.09007453918457,27.225552002825335,26.878727959438468,26.91666148388012,13059000
26.786611557006836,27.068405006037477,26.770354918462456,26.949184144118426,16816100
26.710739135742188,26.94917874458395,26.661967162658396,26.93292210929675,14421000
26.938343048095703,27.0033737303262,26.82454245502594,26.932924858187697,12066500
27.13886070251465,27.23640262550653,27.052153095902984,27.06841180575423,11034400
26.92208480834961,27.11175245217407,26.9166645515419,27.090077626610043,17252100
27.32758140563965,27.32758140563965,26.823444140883904,26.933039834637235,15516100
26.812488555908203,27.33854545976199,26.763170590524144,27.2782677142521,14907200
26.817970275878906,27.12483788120764,26.817970275878906,26.8508496197813,19405900
26.50562858581543,27.10292318662081,26.500149739363234,26.87825285551227,19600500
26.423423767089844,26.675492419802275,26.35766509131465,26.565896717207778,18526500
26.259035110473633,26.341232428611914,25.69461993637562,26.160401255218176,27894700
26.122041702270508,26.324794535235096,25.771337037114566,25.979568715937667,19074500
26.34122657775879,26.406983163444934,26.089157923991763,26.193272692191837,18086300
26.565902709960938,26.604260900967255,26.198759427367744,26.33575356392305,13047400
26.680973052978516,26.768649202859148,26.2754716436672,26.352188013517218,22562700
26.472742080688477,26.763168919615516,26.445341586902448,26.680971618985808,13316000
26.423423767089844,26.631653302618812,26.220670985662572,26.620695613687108,15039200
26.72481918334961,26.911131312013453,26.357673772292245,26.42343246972526,13549500
27.080997467041016,27.146756151715916,26.702894436800317,26.730292843565973,13089800
27.376907348632812,27.415265539080238,27.185116396395706,27.23443436845162,13245900
27.305681228637695,27.535830449918375,27.152246324085258,27.42623468677101,11724200
27.34403419494629,27.55226380564195,27.124842710633587,27.19608025658995,11979100
27.53582000732422,27.672814136713892,27.437184066934492,27.628975011934227,17777600
27.612533569335938,27.755008619975406,27.426221488751928,27.667332469722005,11574000
27.579654693603516,27.902958780182626,27.470058989656533,27.6234917209638,14042000
27.585128784179688,27.93583330407908,27.360458570471405,27.776919665260973,11064100
27.552255630493164,27.607054530494178,27.217989656762004,27.601573595311926,13293200
27.870092391967773,27.8755712386361,27.464588756466767,27.579665440151583,14008700
27.793363571166992,27.97419469548964,27.481017191584552,27.793363571166996,17367600
27.73308753967285,27.919399610044444,27.57965480773067,27.913918675124112,9159700
27.848159790039062,27.95775548539352,27.563211818263078,27.590610219510687,9888700
28.0564022064209,28.10572018380407,27.749534559329504,27.760494342121856,11267100
28.22079849243164,28.346832875631698,28.04544612533894,28.089283171929566,12742100
28.165992736816406,28.20982976951666,28.023517677220603,28.171471582017276,6887100
28.067359924316406,28.176953563447544,27.979683758792685,28.176953563447544,8994700
27.66733169555664,27.96323738790437,27.557735988215438,27.946798763430678,15773200
27.5029354095459,27.683768629168643,27.376901085428887,27.623490889294395,9856200
27.513906478881836,27.694739772708886,27.234439313398642,27.689258835727166,19979600
27.12483024597168,27.338540695269586,26.7741257045224,27.152228646329164,17759800
27.03716468811035,27.13580064027689,26.801534590197484,27.03716468811035,13837200
27.420740127563477,27.491975555981803,27.0261964424473,27.0535948449439,11960700
27.722131729125977,27.83720629455764,27.508421224648746,27.508421224648746,9524600
27.415264129638672,27.859125855322596,27.39882550325336,27.771449697326766,11949100
26.911123275756836,27.409781752040082,26.878243936858826,27.289226266444935,18141000
26.735769271850586,26.861803594016475,26.456300135008053,26.861803594016475,22429200
26.730289459228516,26.796048135577674,26.527538766395725,26.70289105593179,14606900
26.63714599609375,26.713862394666176,26.53851002925347,26.675504195379965,15512200
26.796056747436523,27.037165700446444,26.609744618630952,26.72481920367899,14386300
25.711055755615234,26.061762463050613,25.316514106592596,26.02888312131356,49742000
25.30555534362793,25.74393613259529,25.026086153535655,25.727497506247918,33700700
25.404193878173828,25.650783750402763,25.311036775169693,25.43707113422788,18376500
24.976774215698242,25.256241359524488,24.83429913032422,25.21240222852792,23769100
24.889101028442383,25.239807876827467,24.7082698021232,25.239807876827467,21712200
24.949371337890625,25.5576256351769,24.768540165661108,24.795938574742596,22157800
25.44803237915039,25.58502652822275,24.823339393838797,24.878138307686633,23696700
25.78229331970215,25.946685847885004,25.48638551475436,25.946685847885004,22898400
25.765851974487305,25.935725420219807,25.535700787031526,25.73845357107605,31316800
26.034366607666016,26.034366607666016,25.69462171060645,25.80421744557028,15302100
26.122041702270508,26.24259721480462,25.996007343877885,26.149442202657127,12254400
26.122041702270508,26.23163743272291,25.963130087997445,26.122041702270504,7840600
26.226160049438477,26.275478026374177,26.154922507116954,26.248079614824302,7038500
26.056293487548828,26.18780882449885,25.919299302976686,26.0946516919998,8878400
25.93572998046875,26.078202957476663,25.83709403855383,26.03984476788359,9989800
25.634340286254883,25.974087225096834,25.59050325275673,25.79873491037527,14029500
25.732980728149414,25.88093466153272,25.705582316122474,25.754900293916908,11421200
25.519254684448242,25.842560766827862,25.513775841517283,25.798723752289455,18964500
25.77681541442871,25.963127510592866,25.46446897238358,25.63982128755402,22950100
25.610469818115234,26.08176140959244,25.532845868131556,26.015224782382994,20793600
26.15939712524414,26.192665453811905,25.577215123425525,25.738006757098983,17617500
25.926523208618164,26.23147760122008,25.84889922326312,26.18711982953436,13037600
26.103944778442383,26.209291283682315,25.87661443565547,26.05958701933439,12730300
26.15939712524414,26.503161393397857,26.02078226218757,26.32573453789304,13072800
26.042953491210938,26.2481028359937,25.821168929487612,25.993052070577907,14795900
26.11503028869629,26.358993716651348,25.94869293378689,26.20374368565425,12475800
26.60850715637207,26.63068392458312,26.12612596239769,26.1316717407715,18050200
26.71385383605957,26.752665824524875,26.45325724342559,26.691674952623753,16460300
26.75266456604004,26.83583431746455,26.397810908138794,26.55305885469693,24880200
26.503162384033203,26.880194994847407,26.00969379152212,26.680589246169884,38451100
26.142763137817383,26.575240819154317,26.048503934264918,26.530883049224947,24317800
26.03742218017578,26.115046185378297,25.77682760772383,26.04851162593264,15064400
25.69919776916504,25.976427527689342,25.688110440107845,25.87108098088438,17008900
25.532855987548828,26.076225967881992,25.521766545285516,25.96533577543857,19575800
25.56612205505371,25.660379133320063,25.155821187948984,25.5051311855427,19161600
25.34432601928711,25.787892894923537,25.261158419845486,25.41086263695285,22768000
26.04850196838379,26.142761164822513,25.372060833676123,25.616024319685955,23172300
26.519790649414062,26.59741461684849,26.176024343498064,26.198203224220606,21481800
26.503162384033203,26.785937899691373,26.425538396235286,26.43108206032298,19937400
26.53641700744629,26.686121241630282,26.358990236952803,26.64176349145994,18762300
27.35148048400879,27.58989605629672,26.61404854045497,26.752663376603174,47425400
27.218414306640625,27.429109488485746,27.157423429125334,27.19623542116326,21052900
27.451276779174805,27.479001433994885,27.174047151727663,27.307118303543742,15100800
27.617618560791016,27.656430542676716,27.257219168887328,27.38474455438241,19402900
27.456825256347656,27.717421808605817,27.307120988992608,27.64534150615463,20447300
27.34039306640625,27.50118468076437,27.18514300016797,27.406927600454257,14619600
27.268312454223633,27.34593642894192,27.1075187265388,27.140787050744358,15363700
27.135236740112305,27.34038819913821,26.9910782561563,27.29048677871222,13513400
27.118606567382812,27.246131963335458,27.0243494936722,27.0243494936722,11609800
27.151872634887695,27.157416297253736,26.846918327395983,27.079792333562892,13481500
27.040985107421875,27.16851051521252,26.913459699631225,27.135242189882234,12255700
27.29048728942871,27.39583379447978,26.78592941349887,26.98553298384389,16307000
27.27939796447754,27.390290247421042,27.18513878369253,27.34593248820589,11398900
27.37364959716797,27.423551008833616,27.12414253883973,27.20176860205937,13581400
27.41801643371582,27.5344523944904,27.196231838349775,27.290491031663475,17571200
27.429107666015625,27.45128443492457,27.179600508710568,27.235045603625117,10914400
27.473461151123047,27.551085123916383,27.323756868552493,27.44019494283712,11381400
27.20732307434082,27.47900911583109,27.124153316818653,27.47900911583109,13870600
27.124149322509766,27.29048881305891,27.063160573082158,27.268309932306426,9653500
26.774845123291016,26.96336140523022,26.741576797621235,26.885737427095506,15644900
26.74156951904297,26.957808289303266,26.713846979411116,26.75820261980324,13119000
26.34236717224121,26.7970258608009,26.314644623146027,26.675044106668185,18764700
26.436626434326172,26.63068639350615,26.25919958162022,26.375635557128206,14392800
27.0188045501709,27.035437654258317,26.503157172514662,26.580781145048782,15806000
27.079797744750977,27.12969917639435,26.874648354703677,26.89128146021987,20717400
27.31821632385254,27.390296641857574,26.963362627666005,27.14633313940818,16111200
27.140779495239258,27.334839378012187,27.09642174198025,27.174045695089422,15679200
27.467920303344727,27.55108794767818,26.88019255395206,27.029896851866084,17978300
27.334842681884766,27.445734963341376,27.16850531724702,27.296030700639104,13625000
27.47900390625,27.66752015447842,27.27385244061404,27.357022182368553,26280800
27.523361206054688,27.63979715943802,27.41801469324518,27.60098517497691,13131700
27.395837783813477,27.667523809689385,27.384748342441533,27.467918095183766,11419600
27.0188045501709,27.395837086846306,27.013260887173296,27.379203982758888,14915500
26.846920013427734,27.14078489954819,26.83583268799935,26.95781230356218,17919400
26.924545288085938,27.01325869450902,26.80256356109378,26.880187527327173,11716500
27.23504066467285,27.334843509496075,27.00771243259648,27.01880187258733,11157600
26.963363647460938,27.251682815290874,26.93564109797814,27.218414486854556,12785700
27.124149322509766,27.318211356452274,26.85246543612253,26.86355487649877,13573600
27.429107666015625,27.501185866385583,27.090887087790414,27.10752019324582,13344200
27.517820358276367,27.6231668818624,27.390294951273884,27.467918928136722,14130000
27.31821632385254,27.617624923170503,27.30712688145985,27.617624923170503,11498700
27.548105239868164,27.632211745944613,27.301387688511856,27.335031574325452,15498600
27.480817794799805,27.576141069585216,27.290173384200695,27.424746790082537,10810900
27.598573684692383,27.615394560359636,27.441571002234056,27.49764415274488,9241900
27.497642517089844,27.761178822412724,27.497642517089844,27.626607547135478,12235700
27.576143264770508,27.677072792473407,27.435963602846694,27.58735789440104,11956500
27.693904876708984,27.755584295156087,27.503260373769205,27.55933354461782,11055800
27.626609802246094,27.79482497955968,27.525680268063535,27.621001417584825,11724100
27.419147491455078,27.542504160878078,27.307003314638674,27.464003878798277,18105100
27.688295364379883,27.744366389644398,27.50325713085647,27.559330295093492,17062500
27.570537567138672,27.69950475097133,27.172427801833646,27.458395537849217,33469100
27.794816970825195,27.8621025945687,27.654637340292904,27.73313759115556,18687000
28.063961029052734,28.14806966123523,27.727530778265493,27.82285189836571,22580200
28.052753448486328,28.1817184816474,27.93500304503125,28.00228868429531,17184200
28.08078956604004,28.22096922128831,28.035931049654135,28.035931049654135,16562300
28.34433364868164,28.394798423990938,28.075188893356177,28.22658321928407,16342000
28.299467086791992,28.377967344840368,28.114428930845165,28.288252458646284,13683200
28.28264808654785,28.400400629293415,28.164897682774203,28.299471100638314,15604900
28.26582145690918,28.467680473123757,28.063962440694603,28.45646584567056,13872800
28.327499389648438,28.5181437686596,28.198534388989618,28.271426255250233,12594800
28.086402893066406,28.422833294904198,28.069582014666217,28.422833294904198,12646200
27.834074020385742,28.13125422657123,27.677073479604264,28.0751832159984,15513300
27.884546279907227,27.951831938473106,27.65465165241567,27.811652235393556,10832400
28.114429473876953,28.243394491586194,28.00789371289236,28.142464975296935,13264100
27.923789978027344,28.19293468911766,27.91818373234656,28.114434415754488,9900500
27.822858810424805,27.929396722852797,27.45839297135593,27.69950216194194,20448900
27.884546279907227,28.024725982986777,27.755581209750744,27.83408150123969,16200400
28.01910400390625,28.120033504571655,27.934995373694644,27.979853880199855,12094600
27.91817855834961,28.086393704234716,27.83967829953467,28.041535191213818,14083300
27.811643600463867,27.923787755903614,27.7836080963469,27.912573126462455,15040800
27.78360939025879,27.800432404689925,27.654644354137197,27.772394760295352,15675100
27.862119674682617,28.013514025142246,27.78922776218084,27.794834009691467,13583600
27.979867935180664,28.092009979832774,27.850900733680426,27.856509119296465,15667600
27.817258834838867,27.97425940773374,27.800437956020815,27.90136536790153,12324400
27.710712432861328,27.89575059922088,27.592962039162554,27.8004294630757,17460100
27.794816970825195,27.856496350494833,27.62660184198073,27.727531347081694,14517400
27.778003692626953,27.83968308915638,27.688288790121973,27.738753556466776,8432800
27.7219295501709,27.834073709034055,27.682679415414583,27.755573439521424,14778400
27.598573684692383,27.77800348838305,27.553715164283723,27.721930337872227,11968000
27.553726196289062,27.64904952083718,27.46401125852352,27.598584734658257,11094100
27.520071029663086,27.72192793710494,27.40231849327392,27.55932116213554,17697800
26.970571517944336,27.21728914144701,26.847214845165322,26.847214845165322,38418900
26.482736587524414,26.89766925140549,26.415450961128276,26.892060868139104,23574500
26.600492477416992,26.791136907498043,26.381812542112364,26.493956701978618,16598600
26.54442024230957,26.701420775495745,26.44909696218093,26.617314263705367,12295100
26.617321014404297,26.735071444157853,26.55564160673175,26.667785789866162,13007300
26.779922485351562,26.847210265176447,26.645351203645713,26.6958159690284,10029700
26.493959426879883,26.774318785894486,26.471530164805397,26.774318785894486,10619100
26.353769302368164,26.477128055913898,26.314519178780213,26.43226954954406,10875800
26.589275360107422,26.628527630514714,26.303309811223883,26.34816832656265,10862000
26.50516700744629,26.639738266152442,26.297701735874202,26.634132021611183,18216400
26.78553009033203,26.8696366042076,26.572456405031183,26.589277280011917,14527300
26.611713409423828,26.75189310771069,26.561248632481664,26.718251349064207,26861700
26.650951385498047,26.791131019781496,26.583665759954005,26.70702452259431,9191900
26.78553009033203,26.97617451634397,26.75188620139867,26.83599485424613,14411400
26.516380310058594,26.79673958048263,26.516380310058594,26.690201688779748,17742300
26.600492477416992,26.869637177712843,26.594886231961052,26.70703039182731,14445400
26.701414108276367,27.189240738534235,26.566842867424842,26.684593237912754,18492800
26.224807739257812,26.75749080781442,26.213593111196754,26.510773268414276,15032400
26.13509750366211,26.493957109577483,26.129489119147944,26.432277713753532,15044100
26.353769302368164,26.41544867914103,26.11266017805858,26.151910301646527,12545900
26.46591567993164,26.56684518887531,26.415450925459808,26.482736551765086,9872400
26.376201629638672,26.432272630164597,26.241628233816257,26.387416257538167,12051700
26.493959426879883,26.606103598280157,26.258458592014257,26.4771385498101,18025800
26.42586898803711,26.567699537356773,26.267017301168636,26.425868988037113,17859600
26.24433135986328,26.754922348331906,26.227312381635343,26.669823128866117,16304500
26.664148330688477,26.851365730106366,26.50529877784627,26.573376848469664,14727100
26.777612686157227,26.9024221190971,26.635782112781563,26.879730872120724,10184400
26.896747589111328,26.913766563954745,26.692511234339843,26.771936002492616,9973600
26.851377487182617,26.947821282447492,26.68685342732205,26.936474571681543,9624000
27.135032653808594,27.152051634043435,26.91944952612629,26.93646850636113,11011400
26.998870849609375,27.203107242832708,26.947811751303544,27.1066613175159,10160400
27.288211822509766,27.37898333740077,26.9024323431821,27.021571714859487,17246700
26.64712905883789,26.862709974117266,26.420199273723703,26.652801329592478,31961600
26.35211944580078,26.573374781236748,26.159229790571,26.545009101030566,21026600
26.29540252685547,26.448579893696053,26.193284282295078,26.357808361216154,13698200
26.11952018737793,26.369141229606623,26.074133362883856,26.346447817359586,19528700
26.00038719177246,26.238661566115034,25.932306944106077,26.062790839221762,15747800
26.034420013427734,26.119519224134358,25.903936144063653,26.09115354195309,16150900
26.41453742980957,26.607427174048834,26.079817054928608,26.096836038073235,15968700
26.476932525634766,26.550685035679596,26.329429669708073,26.471260254475766,9592300
26.545011520385742,26.76059244093126,26.49962469658908,26.579049474070363,12562900
26.64712905883789,26.77761292782156,26.43721825015028,26.76626622214957,10321300
26.476932525634766,26.709536762250238,26.414528886233878,26.67549664280732,9371900
26.459918975830078,26.74925464004009,26.437225558212937,26.60742402617808,11946100
26.454242706298828,26.493955099046612,26.261353014025392,26.431549292110635,9917200
26.301069259643555,26.52232466998261,26.19327660854054,26.420206455339443,10538000
26.794633865356445,26.85703966903849,26.391835523252496,26.391835523252496,13529500
27.00454330444336,27.350610288183525,26.936465227627224,26.970505348116813,18511000
27.14637565612793,27.16906907126109,26.720883861115496,26.834348772618114,15939800
27.03858757019043,27.197437161835488,26.942143793595466,27.100993385240525,11168500
26.94214630126953,27.021571104484625,26.908106172392962,27.015896667590077,8769500
26.959156036376953,27.015887400881596,26.777613072966698,26.822997731737843,7784300
26.92512321472168,27.055607119768126,26.85137285371505,26.981856758761495,8581400
26.91377067565918,27.061275694045683,26.70953645384879,26.88540499186576,12578000
26.5960750579834,26.885408533450573,26.5960750579834,26.692518828418045,13785900
26.153554916381836,26.579046604809932,26.153554916381836,26.352119002812533,21305300
25.38200569152832,26.023078459557976,21.59229180229109,25.16074813272091,36096800
24.678531646728516,25.96067969499312,24.678531646728512,25.96067969499312,27851500
25.620281219482422,25.70538045086759,24.962187277815637,25.1777704102716,30856900
26.204622268676758,26.261355810187904,25.625953130242994,25.97202015888936,21488000
26.13654327392578,26.187602377428178,25.898268900356772,26.130871002053627,12783900
26.102506637573242,26.153565747897282,25.8755789415936,26.068468673466242,14785800
25.472774505615234,25.84153273642627,25.347962895470836,25.580564973545286,21096300
25.728069305419922,25.813168528872676,25.399023447339793,25.813168528872676,17197600
25.937986373901367,26.18193523126431,25.82452143677568,25.88692726040299,12480800
25.427387237548828,25.728067386776186,25.32526904268614,25.728067386776186,16045100
26.02875328063965,26.040099988758893,25.65432056935778,25.85855698717758,14056500
25.750757217407227,26.250001415706606,25.705372561650567,26.23865471072677,14423600
25.790475845336914,25.875575071202604,25.54652703962936,25.73941674265014,16412900
25.943645477294922,25.95499218166401,25.677003335027774,25.779121510186997,11227400
25.898269653320312,26.034425823843122,25.869901800645025,25.972020010618788,9677800
26.306734085083008,26.408852270818766,25.943648164317114,26.051438620743614,12023000
26.204622268676758,26.363474020744647,26.153563163398385,26.34645287620964,11932500
25.65998649597168,25.954994341630726,25.26286046665516,25.756432409053843,31675000
25.28557014465332,25.677021991070777,25.200470882136237,25.620290592168818,26889300
25.416038513183594,25.4670976065613,25.262861233050476,25.313920326428182,10584300
25.206130981445312,25.262862348074346,25.024588011236915,25.206130981445316,12368600
24.95083999633789,25.23450120888948,24.905455327694558,25.166423123842822,11670300
25.013248443603516,25.075654263203184,24.826030984804518,24.84305213098122,14438300
25.086997985839844,25.262866550140462,25.00189875757851,25.143729361905216,17514800
24.81468391418457,25.0643050030158,24.786316061498233,24.96785906504155,15265200
24.69553565979004,24.962177796971517,24.587745216583446,24.83736621545465,15652500
24.684194564819336,24.962183469323072,24.553710683656526,24.865739708353484,20380600
24.372169494628906,24.75794889517209,24.218992188751773,24.67285183468247,22323500
24.30409049987793,24.33813062129221,23.94100452811136,24.139566492620233,22336700
24.96218490600586,24.973531613389984,24.531020846224816,24.531020846224816,14484600
24.996227264404297,25.20613595938189,24.950840430807336,24.962187139206577,15087900
25.200241088867188,25.28069980324566,24.976111579502398,25.16001282781586,11897000
25.41861915588379,25.464595554174515,25.02782853951396,25.10253909059872,10280900
25.378393173217773,25.591028553640957,25.28644256068811,25.447355584546138,11981200
25.45885467529297,25.464602822857742,25.292193472329874,25.389892250447396,9886700
25.493335723876953,25.573792247599645,25.366902791012233,25.366902791012233,11566400
25.280698776245117,25.59677889692623,25.24621647148372,25.435863666982105,19559200
25.671483993530273,25.68872623984898,25.320923805089734,25.424368513900202,11774000
25.688732147216797,25.843899246114642,25.545059151082782,25.815162893067086,15620900
25.688732147216797,25.75769457152386,25.43586627096433,25.56229920909056,17547400
25.99906349182129,26.320889564787013,25.74045168870547,25.815160060057828,19747400
25.780675888061523,26.269163067475564,25.694471236505937,26.11399601004072,17081800
26.372604370117188,26.378352515359516,25.849634959093834,25.849634959093834,15378600
26.52777862548828,26.625477390715144,26.401345703056702,26.51628452415126,13285100
26.642715454101562,26.75190612022393,26.522030687501765,26.619727253146696,10802500
26.533525466918945,26.608236031969007,26.441574845424924,26.545019568640164,9540400
26.71167755126953,26.895578772199663,26.47030802090204,26.688689350584394,11447300
26.665708541870117,26.75765917026515,26.435830874744582,26.717430907359567,7902300
26.94155502319336,26.999023332309953,26.596738591667375,26.682943247617736,14753200
26.884082794189453,27.056492095010896,26.734663884722906,27.02200979639154,11689100
26.694435119628906,26.866842224862808,26.53926806723581,26.83810807270304,11900900
26.516292572021484,26.80938676438242,26.45882424017002,26.769158493631128,9702000
26.55076789855957,26.68294678085064,26.493297389557526,26.550767898559574,11646900
26.309389114379883,26.453062060076192,26.027791368489215,26.430076054893913,14144400
26.03354263305664,26.171469653665923,25.878375556974557,26.165721506991243,10743200
25.918607711791992,26.050788797877342,25.74620055431346,26.01630648947126,9996700
26.045040130615234,26.171473066638658,25.935849444588765,26.068028335760566,7904000
25.763442993164062,25.912861946131823,25.72896068450567,25.87263368216835,11053500
25.41861915588379,25.85538617054435,25.412873202235115,25.705965068374823,12615600
25.884126663208008,25.901366720652018,25.389891221904943,25.435865439180926,10112500
25.9071102142334,26.04503503356148,25.820905557946737,25.866879766964274,10657500
26.07951545715332,26.108249609755237,25.619762438696682,25.907108349266494,13585600
26.297901153564453,26.36111761518954,26.06227755531912,26.113999915532762,9320900
26.08526611328125,26.430082583491956,26.04503785393136,26.41284033500221,12229700
25.855392456054688,26.148484393445777,25.82665610399944,26.039293709373776,10290100
25.970314025878906,26.05651864747263,25.677222258554526,25.71745049735837,11127400
25.815153121948242,25.935840059150134,25.797913070465878,25.924345960736854,7013900
25.993310928344727,26.08526153246505,25.763435514181577,25.76918146781864,4108300
26.119752883911133,26.228943579062182,25.83815282803851,26.00481404085545,19400000
26.194456100463867,26.37260917447938,26.050783135083375,26.154225653263897,10580000
25.815153121948242,26.177209549003692,25.786418972052598,26.1197412492124,12160400
25.608274459838867,25.889872291827853,25.476095572457695,25.79217571117579,17077700
26.26915740966797,26.309385653789523,25.694465702474492,25.71170794443722,14158600
26.470304489135742,26.504784593287503,26.119742148424923,26.12548810169182,13192100
26.263427734375,26.430088958898033,26.114006570224614,26.246185481726116,13776100
26.068025588989258,26.510538626168014,25.930098564926453,26.194458511690524,13467900
26.045040130615234,26.24043548979875,25.976077707455143,26.13124480377228,10402500
25.757688522338867,26.06227450108275,25.705966168186563,26.045034447123793,16481900
26.119752883911133,26.148487046606032,25.677239763126206,25.769190399115537,16723100
26.177221298217773,26.355376615173036,25.981825922042233,26.159981238997496,16742600
26.728919982910156,26.763402287004713,26.2634209351499,26.395599812432174,18808300
26.4932918548584,26.832360114170744,26.453063603098908,26.717423504729513,15508600
26.182968139648438,26.458820034788793,26.182968139648438,26.37836350607402,31635100
26.378358840942383,26.38985074963268,26.15997530714155,26.280660078870064,10360600
26.6312255859375,26.700188007486307,26.349625560176417,26.550769062084576,11181500
26.981782913208008,27.096721722162574,26.659954686590304,26.728917095052868,12685500
26.843862533569336,26.993283679795073,26.78064606341814,26.958801370910063,4279900
26.866846084594727,26.918568442822934,26.75765541379099,26.79213552442606,6254900
27.131202697753906,27.14269679824442,26.918567319368147,26.999023830526244,7667100
26.87834358215332,27.12546130355216,26.792138910120837,27.12546130355216,8970700
26.562257766723633,26.809375435356078,26.55650962060172,26.73466488169907,11490900
26.361120223999023,26.384108429096916,26.06802828196653,26.246181390785456,17821600
26.723182678222656,26.751916844797726,26.223201164532007,26.55077548649585,15632800
26.48173713684082,26.73189431908848,26.342113646119294,26.464285032715665,19082700
26.33629608154297,26.568998932152564,26.179220492280486,26.24903112553936,19277600
26.080333709716797,26.609735867355315,26.004704195985294,26.56319394529255,16594800
26.231586456298828,26.313032588056743,25.94652277590548,26.243221935012908,14226200
26.138507843017578,26.324671085308108,25.905802680533963,26.318854454904425,15123000
25.68472671508789,26.336297847419303,25.644003658019688,26.243216257086246,19291000
26.103595733642578,26.289758935501823,25.62655225147322,25.72545270078368,18435000
25.847614288330078,25.91742491369727,25.516011043786186,25.620728091456865,27993900
26.103595733642578,26.185041857050944,25.905797054262084,26.027968458615053,20364300
25.841800689697266,26.045418198959233,25.475293167658112,25.81853195600922,28290200
26.68536376953125,26.952975389004294,25.847629126493278,26.179232561398376,31354100
27.366018295288086,27.41255798781818,26.76098675771337,26.99950850743641,23075700
27.36020278930664,27.796523278879206,27.075141312227395,27.389292597337427,24298800
28.069948196411133,28.081583674407625,27.371835051305137,27.418376963291106,22620900
28.523717880249023,28.791329408837512,28.069945380115957,28.093216333774137,33795700
28.512086868286133,28.773879589835513,28.197937821667512,28.541176674534334,20085200
29.070579528808594,29.082215007772533,28.634259054244083,28.733157296576508,29082600
29.530162811279297,29.681421788191226,28.907679236791587,29.05311936576984,28536600
29.035669326782227,29.45453763820538,28.884412558346312,29.442902160750247,21607000
29.44871711730957,29.448717117309567,28.75060404433397,29.233466344715854,20309800
29.338193893432617,29.437092152640723,28.896054494320538,29.30328745058448,19594300
29.65233612060547,29.786140781595094,29.268374244083812,29.274190873152754,25790300
29.518537521362305,29.553441741424464,28.954228958454944,29.43708916298861,27058100
29.17529296875,29.442902293705274,28.709882745404663,29.12293442958567,22633900
29.07638168334961,29.274180288783533,28.866947604744322,29.198550822789496,18633100
28.733165740966797,29.146215378994597,28.663355065907208,28.85533497713141,30521000
29.152023315429688,29.19856300829806,28.709884027357315,28.820419958995668,20990900
29.227659225463867,29.26256344796292,28.843697243287277,29.227659225463867,16360000
29.274181365966797,29.43707355788049,29.134560121252115,29.326539887544723,15228900
29.634889602661133,29.727971226970688,29.06476437636,29.15784600066955,19678500
29.58835792541504,29.710527174349764,29.26838989376817,29.518547243058276,15607000
29.71052360534668,29.75706553415468,29.535995810799292,29.58835437108764,12456000
29.454540252685547,29.66397442698718,29.297464621959325,29.652338948499246,11594600
29.565067291259766,29.59415487128896,29.18692209315996,29.24509947245845,11244900
29.733781814575195,29.844315519215566,29.541799769460464,29.6116126327242,12358700
29.681413650512695,29.867576787025765,29.623236283327586,29.75704311823352,13011500
29.512718200683594,29.890863519752777,29.489447241519777,29.588347708345594,15986300
29.937406539916992,29.94322538997386,29.658161656695864,29.663980506752733,12003300
30.321353912353516,30.367895813404118,29.780316518460154,29.937392105645966,14791100
30.18756103515625,30.379543122915997,30.024668756504965,30.333001203735144,15404500
30.14101219177246,30.251545887434702,29.96066563851706,30.10610576297588,13957600
30.37371826171875,30.45516438492427,29.902493629103816,29.978120903942994,14907500
30.519168853759766,30.68788000631759,30.210836361957732,30.280647031579836,14306500
30.4493408203125,30.8100316634564,30.251542186477472,30.571509977294156,15466600
30.43771743774414,30.63551615016049,30.245737574680476,30.571522122725675,15102100
30.559894561767578,30.705334763899334,30.391185613918175,30.629707456644603,15223900
30.565706253051758,30.68787546160813,30.38535964572508,30.571522883308365,11729400
30.64133071899414,30.68205600400094,30.39117569467657,30.39117569467657,11295700
30.95548439025879,31.054384857116652,30.484259672863267,30.6413330991679,11866400
31.199817657470703,31.304534729779554,30.943841605497838,30.99620014165226,16401500
30.97293472290039,31.327806817891712,30.97293472290039,31.30453808096347,23209400
31.089298248291016,31.176563261307262,30.844959762631866,30.94385803942491,10679000
30.95548439025879,31.100924556218555,30.89149036215796,31.077653597047195,10852000
30.780948638916016,30.967111825445205,30.72859010400217,30.908936661869923,9716100
31.15909767150879,31.19400188622763,30.635512258321096,30.682054170266895,15096400
31.066015243530273,31.257995077117474,30.94966268598992,31.159096845714465,8527100
31.444164276123047,31.461618605587955,31.007843766595233,31.13001297664521,10770500
31.438344955444336,31.630324809202556,31.240546252615474,31.513972239437223,14528300
31.461620330810547,31.566335217137745,31.368536486535717,31.420895039319813,12428600
31.420886993408203,31.46742890362768,30.891484970483962,31.019473004347105,13807100
31.65941619873047,31.65941619873047,31.298725186460107,31.43252988102426,11402700
31.46743392944336,31.700139079226368,31.38598779279154,31.636145052074,12979100
31.4644832611084,31.52327250416161,31.235202073468653,31.52327250416161,12993600
30.57086753845215,30.982398896156713,30.435650508844233,30.876576482956523,23076300
30.676706314086914,30.911867856110838,30.60027847652914,30.688464615454777,12197900
30.341598510742188,30.806041260569273,30.276928983213555,30.78252466098316,14975900
30.54148292541504,30.68257802745173,30.341596328641213,30.37099095467667,12335000
30.153478622436523,30.62379953220605,29.888922409857724,30.612041229128437,19752900
30.194622039794922,30.306322519806237,30.12407448624389,30.147588842316704,10083300
30.18874740600586,30.271055516962356,30.041772000440755,30.147594471860966,11862000
30.412153244018555,30.512097694512974,30.088807772733144,30.188749980560658,14322900
30.61792755126953,30.67083656157167,30.44743548696005,30.453313518326695,11393400
30.423900604248047,30.700215008548476,30.370989383055754,30.659062085695147,15412500
29.412708282470703,29.794845114977456,29.083484911859117,29.72429757022726,32172200
29.718425750732422,29.76545895571768,29.4244749475745,29.483266453806074,17823300
29.841876983642578,29.953579695827887,29.55968455327867,29.706659917593168,12439500
29.65374755859375,29.982973169382014,29.559683418749387,29.97121487156822,10064300
30.388628005981445,30.459177801347334,29.66550942347807,29.66550942347807,17012400
29.99472999572754,30.312197293127838,29.93593850954273,30.159341671713225,13055600
29.947708129882812,30.012377667804436,29.771338089975387,29.95358840205754,13684800
30.17110252380371,30.247530340982838,30.0064908338789,30.112313275306587,11103800
29.794845581054688,30.17110214916282,29.606717297000625,30.047643383252222,12900700
29.888912200927734,29.977098322555264,29.512655601627234,29.677267303154643,9033800
29.888912200927734,30.006492948875696,29.765453424782173,29.977098322555264,10788800
30.053524017333984,30.06528231644035,29.75369523945351,29.93006524071651,9782300
30.030012130737305,30.23577677535026,29.98885695914829,30.112317988582486,8719800
30.30044937133789,30.306327400636178,30.14171566828432,30.206385203898737,7903500
30.071163177490234,30.394508559929275,30.030010251143427,30.265169509887144,8508900
30.259302139282227,30.335727747892253,30.03589885852373,30.112326709800836,9917100
29.947708129882812,30.271055819490943,29.89479689364391,30.224022612760038,9561300
30.11819076538086,30.17698225549444,29.771328823041866,29.847756638856502,7903400
29.924190521240234,30.18874443105357,29.788971187898834,30.100560542004622,10466800
29.624364852905273,30.000621563646114,29.4303584675963,29.93595202098749,10443100
29.17755126953125,29.406832489391302,28.877720256894115,29.39507419059512,16022400
29.1951904296875,29.277496286582085,29.08348994428291,29.277496286582085,15345800
28.889480590820312,29.265737208138873,28.83656936384324,29.19518965305823,13263100
29.148157119750977,29.17167147506105,28.924753924308607,29.01881807354757,11827300
29.306896209716797,29.40096038354243,29.042342262665635,29.177559372373306,9490400
29.48914337158203,29.55969093373417,29.271620413390778,29.306893073133562,11044000
29.75957489013672,29.900672244439356,29.500899023692646,29.624357807040976,10649500
29.924190521240234,30.07704394119164,29.74194022893936,29.912432220833747,15834500
29.647878646850586,29.971224086817955,29.524419845844868,29.906554550291144,10670800
29.847763061523438,29.847763061523438,29.46562614288775,29.67139303856332,8721100
29.93593978881836,29.982972979776108,29.753691780522026,29.847755919771544,9500700
29.812490463256836,30.03589370568919,29.777217801539464,30.018257374830505,10075600
30.423900604248047,30.564997941649526,29.747813027087208,29.747813027087208,15210900
30.2886962890625,30.39451877599895,30.1240845283467,30.28281601608434,10546200
30.54148292541504,30.570877551450497,30.200498983938306,30.359232655729244,9790700
30.96476936340332,31.058835751608317,30.406264760765975,30.48857060777922,15629000
30.905986785888672,31.05884245705644,30.706100153130787,30.864833853497338,12394200
31.152902603149414,31.217569886658286,30.759007417657923,30.788402045192196,10735900
31.064716339111328,31.28223927309284,31.017683141133535,31.141144164492086,10289000
31.429210662841797,31.440968960843534,30.90597873642776,31.064712395452137,11914500
31.617341995239258,31.61734199523926,31.164657570505195,31.411577367026617,18836300
31.605588912963867,31.85838677944727,31.41158255186418,31.74668628321815,14344300
31.805471420288086,32.03475489754311,31.417456505753446,31.682012638996685,11893000
31.764320373535156,31.98184556411545,31.740806015706482,31.881901133344364,12959200
32.14057540893555,32.14645568009949,31.864263216221477,31.981843970170573,12329900
31.999486923217773,32.4639297640043,31.82311687711323,32.02300352740953,43842700
32.18172836303711,32.25815394157493,31.676132725737975,31.78195517273855,22570200
32.228763580322266,32.328708012454754,31.946571098536133,32.19348867909906,17780600
32.36986541748047,32.51096055654581,32.228768035748324,32.228768035748324,18184100
32.82842254638672,32.875453504063614,32.21112636921237,32.49331884327303,22143300
33.057701110839844,33.092976008236995,32.68144450926854,32.83429791265704,16092300
33.23406982421875,33.48098961109481,33.1106110521138,33.1106110521138,20703200
33.40925598144531,33.45082663979899,32.92824964325197,33.379564595741996,15761500
32.886680603027344,33.33799554663592,32.72040476880736,33.31424153241771,13574100
33.19546890258789,33.272666034349335,32.66695239298844,32.89261094925395,15946200
33.21329116821289,33.254859561440085,32.9044957718769,33.106400366969375,12434700
32.940120697021484,33.231099395753276,32.880735671040526,33.106394239153936,14897600
33.254852294921875,33.27860630452051,32.88073457231803,33.00544199005734,11405600
33.159854888916016,33.31425149690032,33.02921003694672,33.02921003694672,11098500
33.159854888916016,33.30237675154689,33.01733302628514,33.284560102900436,13949700
33.21329116821289,33.254859561440085,33.11233773801289,33.177660146029204,9623300
33.07670211791992,33.254852661258106,32.987625713597296,33.2310986513978,10270100
33.02919387817383,33.058885257647894,32.84510596625041,33.00544213377881,12008700
32.8807373046875,33.05888786086738,32.80354016503746,32.97575108567058,9802100
33.314247131347656,33.37363217687368,32.892623501998294,32.92231489210737,10973200
33.17765426635742,33.314236429228785,33.041072103486066,33.314236429228785,10848700
32.54820251464844,33.40332686693096,32.47694045297716,33.16579119197622,18753900
32.851043701171875,32.922303465763115,32.32846680845298,32.63132477225311,17074600
32.577880859375,32.78572279273306,32.44723606394583,32.779785422625906,10672300
32.90449905395508,33.08858928897167,32.643211661135076,32.65508866971432,15508900
32.36410140991211,33.14796570320282,32.28690200162076,33.00544615822669,17434600
32.06718826293945,32.41755207716536,31.90091467832638,32.33441528485882,18428200
32.00779342651367,32.18594395222999,31.847457273776932,32.16218994471932,10429400
32.02561950683594,32.15032469389413,31.96623673165804,32.067187902522,11309800
31.853403091430664,32.06124731431494,31.669315147664737,32.03155366439759,13460100
31.823713302612305,31.912789726216197,31.710885129313915,31.853404688711084,9830400
31.86528778076172,31.936547574067077,31.66932278284499,31.829656751455047,7906200
31.954364776611328,32.05531596343904,31.823719932191445,31.960302148944947,8875700
31.984050750732422,32.061250169839894,31.912790968260413,31.95435936347806,7824800
31.85934829711914,32.055313282048694,31.782148871391577,32.04343627306693,7655000
31.835590362548828,31.97810992218074,31.78808233246649,31.865281748696514,8250900
31.33082389831543,31.776201431887984,31.313009521870857,31.770264061508886,13933100
31.57430076599121,31.57430076599121,31.1051714275509,31.41396682753782,12930100
31.396154403686523,31.50898485778117,31.188312407156168,31.44366244021224,11204900
31.146738052368164,31.41990241423644,30.974524850852646,31.40802540737598,11991000
31.206125259399414,31.28926205393865,30.980466627573087,31.223941904877645,8183900
31.25362777709961,31.366455940443885,31.15267435490117,31.27144215412572,7775100
31.194246292114258,31.307076733596496,30.980464682261182,31.206123299918048,8900700
31.324880599975586,31.348634607611295,31.075470315721173,31.194235823286025,8680100
30.921070098876953,31.47927566061437,30.820118969062346,31.25955676343036,15105300
31.176422119140625,31.289250259870837,30.974517580518675,31.093285355938686,11960400
31.039852142333984,31.229879751401292,30.897330302879617,31.223942379690097,9161900
31.075471878051758,31.15266900878866,30.927012720825005,31.010149486422872,10390500
31.212064743041992,31.301138908764685,30.903269318192958,30.96265209534142,9988800
31.402084350585938,31.556480891033804,31.18830278280646,31.35457632872065,13275300
31.776193618774414,31.972160772709536,31.37238683837246,31.526783348646145,17235600
31.894968032836914,31.94247605531974,31.639618075259712,31.77026287178029,10612300
31.82965087890625,31.995926719684952,31.728699712458084,31.829650878906254,9005300
30.772615432739258,31.615864664960394,30.742924052904144,31.550542270138898,18258500
31.21799087524414,31.37832703418857,30.707291020526377,30.73104502895672,15678600
30.552900314331055,30.950769837421827,30.374749747793288,30.909201447406595,17602400
30.576656341552734,30.796375312579944,30.463825905243688,30.63603911254144,11941800
30.867639541625977,30.938899330148853,30.356939482378372,30.57666075039465,13007400
30.80825424194336,30.861699645290617,30.653855403247892,30.81419161328966,19932300
30.404441833496094,30.85575676350166,30.29755103804341,30.814188372526438,14578500
30.446008682250977,30.760741416637202,30.362871904511767,30.641973620449495,14006300
30.802309036254883,30.885445811917847,30.434130916044374,30.50539068585445,14434700
31.087345123291016,31.170484150200693,30.87950321928396,30.96857961546233,12751900
31.212064743041992,31.366461322812636,30.96859173224091,31.057665897963602,13014800
30.96858787536621,31.212060855844797,30.891388462441547,31.146738449932197,10559000
31.170499801635742,31.271450987041444,30.879518724610627,31.063608978672068,8259000
30.915138244628906,31.14079455104658,30.766679075261262,31.06359741399655,13279100
30.950775146484375,31.122988371977563,30.742933160756557,30.78450155790212,10804700
30.867639541625977,31.218003377716222,30.85576253265419,31.13486658022156,13077600
30.80825424194336,30.96265081533118,30.64197839524765,30.78450022594288,9120300
30.44007110595703,30.843880281130726,30.28567454618236,30.74292911999103,13753300
30.192611694335938,30.522946153168938,30.048464540607043,30.4448663494349,17190900
30.18661880493164,30.342778487322526,30.012443870000485,30.222656183439316,11724000
29.98240089416504,30.354780132653676,29.982400894165043,30.306730311761633,13816800
30.144569396972656,30.210636763443702,29.80822977296276,30.168594310442465,10687700
29.970396041870117,30.156583402971684,29.820243761682676,30.090516033106496,11737900
30.21063995361328,30.318749784501698,29.99442029183645,30.006432749839842,8880100
30.204633712768555,30.27670616688505,29.922346688361106,30.168596340139302,11156900
30.198625564575195,30.396827672244065,30.192620481528543,30.234662936280976,8853200
30.288721084594727,30.384818461602787,30.060488955022258,30.15658633203032,10724600
30.192611694335938,30.396818825619455,30.060476994346224,30.396818825619455,10873900
30.258689880371094,30.408842169170473,30.240670047738536,30.30073233794355,10364900
29.513933181762695,29.77219529883079,29.36978826920594,29.754177757546714,27098200
28.949359893798828,29.381796900005096,28.799207614568694,29.303719364427632,24785000
28.95535659790039,29.387795770111396,28.907309073844335,29.25566106945997,19414700
28.733139038085938,29.00341358757472,28.703109041729817,28.955363760491444,16441200
28.60700798034668,28.859262666496427,28.576977987872883,28.673075338473964,15049200
29.153568267822266,29.25567072209244,28.607014040899077,28.673081413023098,22330700
28.95535659790039,29.291698430857984,28.88928924757468,29.16557110267687,10660100
28.889299392700195,29.009421681735923,28.85926939322679,28.97338659882467,12459400
28.625038146972656,29.057477561040617,28.546958299178705,29.021440179487428,13229400
28.192596435546875,28.679090736729886,28.14454888853383,28.679090736729886,16488200
28.15055274963379,28.390797347687922,28.10250520470834,28.21662012865579,12605100
28.27667999267578,28.396799990233337,28.162562787397174,28.21061261933387,14410200
28.504911422729492,28.5109187976302,28.19259437101717,28.462868962993433,14705200
28.6190242767334,28.73914426275076,28.510914456404276,28.56496936656884,9482400
28.745153427124023,28.87728816934336,27.910307100139,28.23463429018516,20871900
28.042436599731445,28.757162857992046,27.844236798405117,28.74515040167806,24311700
28.042436599731445,28.168566245457402,27.934326784047347,28.04844397345932,16425500
27.736125946044922,28.13853290738493,27.634021216763237,28.0544480074716,21820200
28.450855255126953,28.450855255126953,27.856253470028896,27.93433101117212,18672200
28.787185668945312,28.81721565666497,28.420813861798376,28.522918569414653,17328400
28.733139038085938,28.931338846949807,28.715121498500636,28.799206404754514,12436300
28.871280670166016,28.94936049851643,28.570976105432738,28.739145928517935,12820600
29.01542854309082,29.045458542033057,28.781189052600443,28.865276257237582,10773300
29.724136352539062,29.796208781161624,29.051452714924487,29.117520062470668,22030000
30.16860008239746,30.420857139809378,29.60402825469237,29.61003333863781,21456700
30.432859420776367,30.51093923868578,30.13255489620044,30.16258718157139,8087100
30.703140258789062,30.751190092340604,30.300733212934666,30.31274567132255,15982400
30.60704231262207,30.721159519609902,30.492927396776363,30.649084770625336,11532800
29.970396041870117,30.4689004206986,29.970396041870117,30.360790595672285,20698900
29.95237922668457,30.024453978055192,29.616039551523812,29.910336767289476,12982800
29.916337966918945,30.222647578019053,29.790208323626683,30.03045286298727,10650700
29.880292892456055,30.078494929982902,29.874287811534543,29.874287811534543,13074700
30.246673583984375,30.40283093641662,29.886306761911662,30.120546227272744,13581500
30.859296798706055,30.88932679606076,30.294722767413067,30.462894876654904,16280600
30.709136962890625,30.79922693278248,30.619044701857394,30.769196942818528,11502900
30.92535972595215,31.009444622925503,30.58301047362383,30.685115199335478,10101500
31.087526321411133,31.48993561386316,30.919356504880565,30.95539387605508,16186400
31.447893142700195,31.453898225655074,31.26771086920904,31.279723326260704,12211500
31.009449005126953,31.62807565554696,30.877314267700573,31.507953375263153,19920400
31.1175479888916,31.309742653940514,30.78120617948544,30.8532786060935,13963600
31.39384651184082,31.399851596379573,31.147596805186723,31.267719116244397,21262500
31.778234481811523,31.91036924646756,31.285735093183902,31.519972327879675,13407000
31.904354095458984,32.10856127691213,31.790239193612933,31.790239193612933,10366900
31.814266204833984,32.09054585350564,31.814266204833984,31.886338658587025,9656700
32.222686767578125,32.27674169103371,31.664119988917808,31.742197540798436,11101500
32.240699768066406,32.28274222581331,32.09655256211839,32.2226822265012,7201200
32.216670989990234,32.33078818260268,32.09654871462327,32.24670098604652,6255400
32.096553802490234,32.33079330760072,32.054511343118605,32.21067101319226,6849500
32.2767333984375,32.372830760875445,32.138591291987474,32.186641118777366,7150800
32.060516357421875,32.21667372485581,31.93438669745143,32.16261881090906,12440800
32.781253814697266,32.835306447453085,32.27073457984861,32.4088744317792,22891700
32.74521255493164,32.91938976586956,32.63109763628723,32.763230097048606,18316100
32.81727981567383,32.93139700738213,32.61307263651045,32.90136472042196,13840600
32.330440521240234,32.6460966309016,32.233315742547305,32.5793229113682,15615000
31.978364944458008,32.33651300989922,31.97229334307704,32.30616194990674,14097200
32.02692413330078,32.26973722901879,31.577722916550957,31.984432188895727,11787400
31.844823837280273,32.02086326215231,31.71127868361692,31.94194863796176,16142800
31.978364944458008,32.10584078580892,31.729482547499696,31.826607328858124,11052100
31.899463653564453,32.11192579348684,31.814479723850862,32.00266007938696,9458700
32.01478958129883,32.10584276689472,31.869101242452793,31.89945230431809,11383500
31.717334747314453,32.0754827346943,31.693052978357905,31.881233214315767,12930900
31.784122467041016,31.954090293398043,31.674856774200656,31.899457446977863,13286100
32.00264358520508,32.294017900750774,31.90551881335651,31.929798269590737,15473700
31.814468383789062,31.99050778438391,31.67485164679102,31.844819445634275,15695500
30.424360275268555,30.83107181098087,30.22404146533748,30.50934415315671,43484700
30.211910247802734,30.315104328076554,29.64737166046147,30.04801172415807,30398600
29.817331314086914,30.029793334309222,29.447042415549475,29.59273072414869,37877100
30.10870933532715,30.187623942052507,29.908390491347262,29.956951723121595,18369300
29.969093322753906,30.25439838148996,29.85375836836404,30.041938645604034,12148700
29.750566482543945,30.029802297736882,29.702005242274172,29.871973056675074,16844200
29.37420082092285,29.969090337789027,29.289216935033,29.950880166708977,26004100
29.307443618774414,29.49562398329764,29.07677360300358,29.46527290918448,17787200
29.48954963684082,29.51382910258395,29.33779197666516,29.410635005170803,15166400
29.15567970275879,29.5441789259275,29.101046854773312,29.5441789259275,16151400
29.161741256713867,29.234584257047253,29.016052940409867,29.216374085873213,12771900
29.362062454223633,29.483469008327347,29.198163953529225,29.22851732878322,13962800
29.6291561126709,29.720209287760053,29.362061241546474,29.362061241546474,13577300
29.73234748840332,29.817331370397895,29.556308123907638,29.70806571765141,12317400
29.47133445739746,29.513826413123496,29.186031656899484,29.301366634493313,18305300
29.30136489868164,29.42277147169445,29.13139708584638,29.325646676411758,20847200
29.18602180480957,29.19816037465842,29.01605172364294,29.13745826286564,19297100
29.41669273376465,29.45311539152469,29.0706855897745,29.15566947557738,18706900
29.859838485717773,29.926612231400387,29.21638744325975,29.32565315153343,23190700
30.00551414489746,30.163341036790015,29.884107596560018,30.05407537485005,19206000
30.151203155517578,30.169415644747655,30.035868196702264,30.048009084309804,13653400
30.539705276489258,30.655040237813875,30.151203811508122,30.339384100062848,16212000
30.715740203857422,30.928202253230772,30.521490642831026,30.521490642831026,14357900
30.31509780883789,30.68538672903759,30.23011392203217,30.64896638648499,14029500
30.12691879272461,30.369729558444842,29.99337136641433,30.327237616552875,17699200
30.236183166503906,30.339377216543763,29.969088325201568,30.0844255759956,16095600
30.33938217163086,30.36366394583083,30.108709948006023,30.163342782137235,10773400
30.406160354614258,30.43651141899917,30.230120939288888,30.33938662358479,11071600
30.369733810424805,30.442579134413187,30.254398854232765,30.369733810424805,10827300
30.011581420898438,30.387941927109598,29.96302019419719,30.351519270355798,12896900
29.841623306274414,29.944819709303868,29.68379637389972,29.92660721721755,14206500
29.914464950561523,30.017661348840218,29.793060692310533,29.884113885998776,10590000
29.95695686340332,30.0601532615419,29.805199225157835,30.048012372605726,11181600
30.029804229736328,30.06622458337235,29.823413735126397,29.944820317068345,10488800
29.963031768798828,30.126930314048572,29.896258030107667,30.0115930142591,8496600
30.436511993408203,30.503285725697854,29.902324450728834,29.902324450728834,12660800
30.375808715820312,30.503284573209026,30.2604714314458,30.363667827168378,10861200
30.588253021240234,30.61253478627401,30.363652483769208,30.466846511707914,21071300
30.497215270996094,30.721815921846883,30.436510827767684,30.60647863753177,9456000
30.44864273071289,30.733947740595713,30.424360960587318,30.64289226044335,15196500
30.175487518310547,30.52149474006448,29.993378819856538,30.430441548656344,14950400
30.13298988342285,30.278678204095005,29.99944244910982,30.19976360057937,9644900
30.15727996826172,30.248335483233713,30.0480142765505,30.169420857967182,9310700
29.829479217529297,30.205837489471868,29.69593176286292,30.15727625227169,13270900
29.92659568786621,29.956946742133326,29.544165920316935,29.75055633122513,12856300
29.823408126831055,29.969094145254765,29.762703689456583,29.914461309436494,11160800
29.780908584594727,29.8901742283694,29.683783825199114,29.744485931457525,11623000
29.592731475830078,29.805191185811942,29.592731475830078,29.805191185811942,19299100
29.8537540435791,29.896245984600657,29.495606029513727,29.58058991155685,14307400
29.93267059326172,29.93873987853051,29.671647329595775,29.80519244624451,8952800
29.75663948059082,30.07836494883676,29.750567877998684,30.00552192719649,14327600
29.7492618560791,29.85368721249331,29.58954945498227,29.804546557494604,18456100
29.89054298400879,30.050253033945662,29.644832691356818,29.779973586642104,17269600
29.816823959350586,30.025676956974294,29.761539273412943,29.927393331225872,10859400
29.915122985839844,29.94583619533537,29.66941262334028,29.798409509182093,13096200
30.050260543823242,30.062546295852883,29.693983108034107,29.81069423741428,10455800
29.8659725189209,30.05025407314923,29.835259317094028,29.976541920111316,9487000
29.982685089111328,30.160822591801534,29.90282889208446,29.90282889208446,10507100
30.234546661376953,30.400400810836324,29.816840435316564,29.86598110371132,19691300
30.062541961669922,30.43724914311496,30.031828757657618,30.369678688327525,18837300
29.736976623535156,29.86597348132509,29.306984754301553,29.43598161209148,30398200
29.024425506591797,29.589556053062783,28.95071333602333,29.435987664139017,31278300
28.90156364440918,29.091989246222308,28.846278943448407,28.950706642270806,23161900
28.68656349182129,29.03669908430012,28.61285135215908,28.84627351830052,30033500
29.091991424560547,29.19641678793495,28.63742803337235,28.717284239243373,29343800
28.66814613342285,29.110423849754433,28.662004428815,29.091996392663177,16838500
28.201297760009766,28.649717157171626,28.189012008177826,28.649717157171626,25922800
28.182865142822266,28.348719247279604,28.182865142822266,28.293434545793826,14455200
28.201297760009766,28.318008887511873,28.109155792903984,28.256582471619726,13397800
28.348726272583008,28.410152692448786,28.152158917091267,28.268870052143328,19568100
28.182865142822266,28.367146700019152,28.109150645329805,28.367146700019152,20767700
28.680423736572266,28.704995234557245,28.256575941032896,28.305718937002865,17133000
28.643577575683594,28.711148044133182,28.43472446559746,28.698862291390736,15561700
28.51457977294922,28.619007504861084,28.354869665826655,28.57600853974086,14349000
28.490001678466797,28.64357003240358,28.44700272682587,28.502287427973794,12669600
28.26886749267578,28.48386228600805,28.244295989647092,28.44700737473252,12435800
28.158294677734375,28.35486199173201,28.139867224318103,28.3302904916655,14470900
27.8757266998291,28.219718293670184,27.79587050414443,28.20129084207641,20379700
27.83272933959961,28.041582394898338,27.795872091040852,27.85115679224543,14813500
27.322877883911133,27.832725880914722,27.310592135918256,27.832725880914722,21333500
27.666885375976562,27.820453786353962,27.31674958777753,27.335177047177066,15648700
27.900300979614258,27.912586730689387,27.49488056720465,27.740590902172407,12787800
27.937152862548828,27.98629585740271,27.814297718681093,27.881868164971696,9290100
27.937152862548828,27.99858160611618,27.888012210961914,27.937152862548828,8066300
27.666885375976562,27.94330898330948,27.55017188439823,27.918737475264777,15846000
27.83272933959961,27.875728291284602,27.648445440072933,27.673016939112106,11206400
27.8388729095459,27.912585068339286,27.789732251439396,27.79587395497748,5999900
28.37943458557129,28.459290792231574,27.802016028090108,27.802016028090108,16442300
28.649715423583984,28.840141050555136,28.416290839436677,28.52071855205551,22811100
28.569854736328125,28.692709884695,28.31800273664621,28.692709884695,14219400
28.52686309814453,28.98756826516199,28.453150927536683,28.643576573480253,18552800
28.483848571777344,28.514561764141853,28.268853881959412,28.36099345905294,8538200
28.52686309814453,28.754146001025855,28.404010261554,28.483864136684314,11610500
28.56371307373047,28.686568222270893,28.47771517273229,28.575998822911217,8648100
28.373294830322266,28.600577734174323,28.256583697755723,28.56372047707915,11717800
28.698856353759766,28.735711261094302,28.26272042307402,28.36100408141153,11698800
28.987564086914062,29.17798970540981,28.69885715061915,28.69885715061915,18929100
28.539146423339844,29.06128030751524,28.502291512804078,29.055136260247643,15194600
28.680423736572266,28.735708435404966,28.508427937211422,28.64356883286181,9817600
28.649715423583984,28.76642888729135,28.56371750923167,28.612860513585805,10984100
28.643577575683594,28.870858143249524,28.459295971082355,28.78486021732013,22573900
28.606719970703125,28.643577228483704,28.43472412092916,28.643577228483704,9773500
28.219724655151367,28.508433959293924,28.09687182580923,28.502292255133824,16756100
27.8941650390625,28.268872322838124,27.697597667781498,28.22587335682465,15027200
27.900300979614258,28.004728692119148,27.752876653247537,27.93101652893579,10511300
27.881866455078125,27.924865401304817,27.826581760891404,27.906437950998185,10069700
28.103012084960938,28.2442947060539,27.918730507155654,27.918730507155654,10105500
27.544023513793945,27.734449140158343,27.52559605885357,27.62387972398126,20187200
27.544023513793945,27.783589801088482,27.445739848666253,27.63002142787225,18703600
27.279890060424805,27.58088515080819,27.267604307422648,27.519456385797405,17913000
27.433448791503906,27.488733488899413,27.249167247941216,27.408877294157694,13368900
27.642309188842773,27.6914521966136,27.341314124415415,27.402742884128948,9732000
27.427305221557617,27.67915719404291,27.298306040905697,27.67301314849116,14853400
27.083784103393555,27.438511780581926,27.083784103393555,27.363832894331477,16854300
27.058883666992188,27.1335625347985,26.89085443392918,27.089999664078285,12198500
26.88463592529297,27.07755655847204,26.87218904992678,27.05888743242213,12272500
26.691713333129883,26.89708321886706,26.63570358011054,26.890858594087817,13249500
26.897085189819336,26.99665782759474,26.760171922628547,26.785065675572135,11388900
27.065109252929688,27.096225251121908,26.785060521202727,26.853517141624703,12140500
27.10867691040039,27.270481553960654,27.015326525347103,27.15223979035888,11986800
27.170907974243164,27.295374358659068,27.108675969034625,27.15223884748037,10804200
26.984214782714844,27.25181672985887,26.92198039151898,27.170913208303883,15417100
27.040218353271484,27.096228105517106,26.884635971922393,26.977983976332606,13940800
27.5194091796875,27.743448162675218,27.05888433976848,27.071331213712067,19309100
27.525630950927734,27.57541844583618,27.270475974517986,27.525630950927734,11426600
27.202022552490234,27.51318731023732,27.183353426704997,27.47584905866684,11895200
27.370058059692383,27.488299840011017,27.26426315740717,27.320272921557944,9818800
27.631431579589844,27.899033462547933,27.55675032806755,27.880361962668005,19045200
29.753576278686523,29.7722454052801,28.596042949908682,28.788963588705787,44702500
29.8344783782959,30.108304905216542,29.324168326851456,29.6851206127018,25296500
30.120763778686523,30.22655870695472,29.54821911852976,29.77848048370159,28456800
30.42569923400879,30.886224265360287,30.201660157891816,30.295010564273706,33498200
30.002519607543945,30.450597830979518,29.809598885564608,30.43192869633631,19233400
30.25143814086914,30.25143814086914,29.8344761308315,29.927826507794784,15190100
30.438140869140625,30.438140869140625,29.958946788669707,30.214101831621853,13841700
30.407026290893555,30.469258304681233,30.295006766876412,30.36346340644235,10448700
30.245222091674805,30.463038908346984,30.139427183519267,30.33857249510565,10901200
30.008724212646484,30.27010141925437,29.92159847711052,30.19542255650901,18887100
29.88426399230957,30.002505747091345,29.784691363546308,29.983836621072836,13005200
29.90916633605957,30.014961245891527,29.68512726347495,29.996292114509277,10420500
30.357236862182617,30.369683738953377,29.9651709268991,29.97761542967086,11064600
30.17053985595703,30.23899649436727,29.990063695420787,30.220327365345973,11164800
30.126981735229492,30.20166063712031,30.00873994273574,30.10208797659939,9447000
29.803367614746094,30.151873085735147,29.803367614746097,30.102085572451298,10638000
29.678911209106445,29.840718307818342,29.56689164045978,29.778483895236807,16919100
29.958955764770508,30.18299486941437,29.67890688396568,29.766035048882546,10556800
30.089635848999023,30.145645609147692,29.734908159390486,29.952724948412673,11005500
30.04607391357422,30.288782090539843,29.990064151659137,30.03362703603763,8909200
30.064743041992188,30.220325437911008,29.983839531394693,30.08963442109999,8898200
30.295001983642578,30.481700369527225,30.139419599738908,30.170535601719884,9846700
30.25143814086914,30.338563893235563,30.06473976094128,30.276331891259176,6329400
30.18921661376953,30.344799058926867,30.077199437335985,30.09586857107496,6044100
29.946504592895508,30.102087018381873,29.871825693381886,30.077195634543607,10758400
29.853160858154297,30.120762858421248,29.828267096734177,30.033634693450814,14237700
29.82203483581543,29.915385230246063,29.728686815383945,29.884269223435567,11455200
29.473520278930664,29.82202321783808,29.43617966090563,29.734897483111226,10005100
29.193490982055664,29.598006303858956,29.01301476931267,29.54199652659388,14081900
28.751628875732422,29.380180746431304,28.67072536053386,29.24949209618685,16591100
28.69561767578125,28.86986920070066,28.446684891040118,28.739180557011103,14152000
28.813861846923828,28.83875560227475,28.701842321843845,28.7702989620593,11073700
29.118799209594727,29.218371839199293,28.86364419785811,28.938323076561847,11173200
29.405067443847656,29.411289693985417,29.050339836032233,29.11257183340393,12772700
29.361515045166016,29.616670123810337,29.255717763094314,29.398855681308856,11808500
29.784692764282227,29.809586516143447,29.286829597052034,29.51086624180649,24626500
29.92782974243164,30.027402380755014,29.56687744476006,29.815810227567972,18810200
30.705747604370117,30.83643627208444,29.878047960847248,29.927835476547607,30818000
30.79286766052246,30.892440299419906,30.543937250278333,30.680848145012963,18755900
30.456809997558594,30.767974799890005,30.39457798669193,30.72441191748353,14315800
31.05424690246582,31.166266416464207,30.506596208918012,30.61239109769486,20646400
31.05424690246582,31.315624185796104,30.96089651613418,31.035575400800127,13698600
30.811542510986328,31.16627262531546,30.743088237904672,31.091591351772795,12007500
30.811542510986328,30.94845580514847,30.568834306971198,30.61239719620471,14270800
30.749305725097656,30.848878367057534,30.58127644666554,30.64351083163987,8231800
30.799089431762695,31.01068156656199,30.500369168752957,30.680845301905038,13021700
30.718189239501953,30.929781397109508,30.649732604099658,30.736858367702943,9525800
31.023128509521484,31.12892577224668,30.761751226316186,30.77419810275438,10218600
31.05424690246582,31.166266416464207,30.730635236914793,30.892439882690837,9887500
30.973339080810547,31.135143704061928,30.91732933160841,31.091580829571225,12230600
30.740314483642578,30.985934306402548,30.64584421220622,30.885167138027207,13239600
30.891462326049805,30.9166547173697,30.639545620286892,30.79069516324891,10702900
30.948156356811523,31.168586265117025,30.897773956542597,31.036327359141875,10843900
30.771808624267578,31.061513978706973,30.55137875699303,30.948150596103876,10335100
30.450607299804688,30.765505006741563,30.312053942438073,30.507288983152478,17087900
30.142011642456055,30.532484161989178,30.123118547109325,30.44431318039903,20105100
30.2868709564209,30.450616757796993,30.041251053116955,30.167210655510658,10394700
30.482105255126953,30.538786950120183,30.14831198350936,30.286867771821544,14842800
30.63954734802246,30.76550450676719,30.07902742070167,30.438013011056327,20410400
30.99223518371582,32.232933055695725,30.891468002398813,31.521263486249875,29173900
31.19377326965332,31.231561868087326,30.81589689523082,31.143390874220703,16259600
30.853683471679688,31.29453841212153,30.803298677069623,31.155985031902336,15660000
30.822193145751953,31.036323727417518,30.68363975936554,30.960748934617715,11527900
30.633249282836914,30.727719558180553,30.324650868008316,30.658441676592407,19256800
30.79071044921875,31.130800693438225,30.70253943830552,30.771817347588733,14420100
30.778104782104492,31.105598723696346,30.563974220389788,30.683636900526288,12423400
30.12312889099121,30.935563502107605,29.864910352695436,30.78441388247288,24587400
30.148303985595703,30.343541417107417,30.047536821504202,30.192389469730816,15910000
30.12312889099121,30.337257118393754,29.953083767042227,30.3246633188241,11046600
29.890094757080078,30.192396317922142,29.71375278054202,30.15461012436641,13126900
29.864904403686523,30.066441193853716,29.75154341278163,30.016056395692065,8038200
28.674583435058594,29.191015464410007,28.240025479378627,29.165825474608514,36443300
28.69978141784668,28.712377616440456,28.139263794059463,28.473054648117195,25789600
28.630496978759766,28.66828556589849,28.428962652310602,28.59900769071684,17414800
28.3848876953125,28.61161449727089,28.221141895275647,28.52344349706031,21078700
28.26523208618164,28.41008481092108,28.183357971335884,28.41008481092108,17075000
28.183349609375,28.39118328482412,28.15186031377099,28.29041369492448,16673900
27.84955596923828,28.246325378672754,27.805470479301118,28.14555820131938,20829900
27.78028106689453,27.95032614739958,27.692110077553973,27.918836851560705,15726500
28.19594955444336,28.265227455464526,27.78028455079592,27.84326315037176,13818000
28.605308532714844,28.82573838437545,28.10147264710048,28.107771947065103,18933200
29.096553802490234,29.19102168997019,28.655696453479315,28.84463463091849,18227400
29.083959579467773,29.25400467145874,28.976893083408527,29.184726774446187,13598000
29.663366317749023,29.864900680310715,29.121744219913914,29.128041117659357,15825100
29.606685638427734,29.71375212358669,29.50591845370829,29.638177335666903,5097200
30.01605224609375,30.167204217203142,29.820814783927265,29.833410981726303,17548300
30.74660873413086,30.759204929403438,29.93417215763914,30.041238616216745,20982500
31.426801681518555,31.798381184934588,30.759217474666823,30.759217474666823,31034500
32.050296783447266,32.17625638034263,31.48348220113736,31.48977909986636,33268500
32.277015686035156,32.465953833945434,31.697605045446444,32.05658824721964,23909000
32.573020935058594,32.95719653796686,32.43446516942507,32.4470613665262,19371000
32.06919479370117,32.68009737059537,31.98102378311435,32.27702852078141,17574100
31.918039321899414,32.01880651587033,31.640930139099257,31.74169733307017,17296600
31.754289627075195,31.955826407956803,31.61573624347317,31.861356116996028,11986700
32.17625427246094,32.23293596722664,31.7165038160189,31.82986720555029,13639900
32.648582458496094,32.7052641211966,32.10066132070988,32.30219558753879,13542500
33.49882125854492,33.59329154306573,32.95719915506026,33.47363126482129,22901200
33.30988693237305,33.49882512071874,32.92571125466514,33.37286793014122,17705500
32.9634895324707,33.2154086397088,32.80604069106656,33.12723527044041,18775400
33.171329498291016,33.3098852840452,32.99498751822518,33.10835090611873,28935600
33.53661346435547,33.62478445808102,33.16503398902682,33.341375976477906,15874300
33.27210235595703,33.750745949899596,33.190228256112285,33.54921155218909,14239500
33.23430633544922,33.59958644881597,33.17762464859312,33.44843688551904,11643500
33.385467529296875,33.75704707202819,33.13355070188164,33.25951031682917,12778100
33.49882125854492,33.775932811817086,33.41694957460464,33.448438868618524,13657800
33.5177116394043,33.81371384091579,33.46102995784188,33.46102995784188,6595800
33.555511474609375,33.69406728644998,33.435851165961424,33.63738558183152,8361900
33.64997100830078,33.72554578943284,33.479925948894426,33.63737481103228,6726300
33.33507537841797,33.66886621832853,33.33507537841797,33.61218452829852,9994700
33.712955474853516,33.73814787378644,33.25320500548502,33.4799317909225,16045300
33.020172119140625,33.59328582150643,32.86272327340849,33.56809342959439,16662400
33.12723922729492,33.309880481734034,32.6422988520281,32.98238656419875,12062800
33.051673889160156,33.3035930984558,32.96979978576712,33.25320829560482,13348900
32.99497985839844,33.22170658155064,32.77455243448865,33.102046323210864,16212700
32.873958587646484,33.402641402893146,32.83573958672721,33.19881159100973,14677800
32.92491149902344,32.950390830395236,32.580950244875275,32.733821373420504,12593400
33.192447662353516,33.23703528813781,32.893071520793235,33.05231373569239,15568200
33.033203125,33.2752519549852,32.98224445349019,33.08415936666661,17673700
32.90580749511719,33.13511664760156,32.75293391684657,32.918547162459994,14739200
32.944026947021484,33.05868152482937,32.61917149995143,33.001354235925426,11591500
32.83574676513672,33.95044235562041,32.73383183691481,33.05868734113959,29442600
33.06504440307617,33.071413020807306,32.58731788843155,32.95676089274789,23761300
34.05235290527344,34.07146362237517,33.12874762023573,33.154226956475874,27691300
33.90584182739258,34.77848822017198,33.638316153777744,34.77848822017198,33000500
34.53645324707031,34.676584747548716,34.07783487863043,34.28166472463851,21080400
34.58104705810547,34.88679188179355,34.40269408857119,34.57467600749146,18638700
34.85493850708008,34.87404679626784,34.612889648046604,34.70843595367241,13077600
34.479129791259766,34.76576630345993,34.014142751398936,34.128797356278994,17052600
34.33262634277344,34.71480672932395,34.262559371608994,34.58741245719257,15401500
34.44090270996094,34.66384081730095,34.09693897591366,34.38994646964456,17827000
34.58740997314453,34.87404645739317,34.4026884133128,34.708435616406994,18646100
33.74660873413086,34.568299118032556,33.69565249062677,34.568299118032556,15574000
32.16692352294922,33.88036867348756,32.16692352294922,33.453600755448356,22239600
32.377132415771484,32.48541596934434,31.256065719646358,31.49174354730302,34543900
32.49178695678711,33.07779968832875,32.166933842557924,32.24974049122177,16066600
31.236955642700195,32.53637279032955,31.211476303371732,32.4153471434411,23308900
31.772008895874023,32.039534663200264,30.810184511796958,31.59365595447971,27707900
31.918516159057617,32.26884861409175,31.580923375277578,31.988583136033213,16903000
31.899412155151367,32.014064352162556,31.31976796946918,31.79112614985723,11871700
31.53632926940918,31.912141018789118,31.415306052770852,31.695571494911803,17559200
31.68284034729004,31.708317261588224,31.179634234779968,31.561814677536685,18902700
31.943994522094727,32.14145334586907,31.65098695192249,31.65098695192249,12264000
31.1605167388916,31.77837733590308,31.058601814318482,31.74652937756963,21330400
30.549026489257812,31.122299445456612,30.536286820248574,31.084080438428888,20889900
30.49169158935547,31.020376787095525,30.43436430803236,30.73374038048,21198300
30.759225845336914,30.76559446460143,30.28149921566968,30.631831591456994,26371400
31.268796920776367,31.307015921602865,30.861137297999147,31.033119156953852,20853900
30.599987030029297,31.319760149088133,30.599987030029293,31.224216270461586,23234700
30.408906936645508,31.18600761276288,30.396167262631206,31.058613302464245,22159100
30.549026489257812,30.956686178179886,30.262390011158416,30.377044602398175,28950200
30.740116119384766,30.784706175047795,30.421631689333832,30.46622174499686,17449900
31.026756286621094,31.173258850306745,30.58724859556414,30.670055237592955,15348400
31.14141845703125,31.14141845703125,30.76560659630658,31.05224317310408,13526900
31.10955810546875,31.345235894872292,30.86750926698109,30.918467940280927,16738200
31.217845916748047,31.230585586817703,30.778338233641172,31.141410326173723,17038500
31.217845916748047,31.35797985767065,30.79744652382385,31.338871567487974,14927100
31.084081649780273,31.377086758881042,31.001275012914924,31.230584204330658,12526300
30.988534927368164,31.37708387731343,30.892988629771764,31.21147304863539,12840200
30.86113929748535,31.27516756563695,30.803812007452894,31.166884034377404,11930400
30.759225845336914,31.064970596742754,30.663679547466153,30.912097006118188,9537400
30.931198120117188,31.0713295690183,30.714628684714526,30.835651851911514,26838100
30.77196502685547,30.9630551897304,30.650939394154847,30.91209651704735,12980800
30.377050399780273,30.95032346538676,30.306985851622922,30.829300231467112,10765500
30.115894317626953,30.54903344316338,30.109525696594343,30.37705151715533,11062500
29.861106872558594,30.268766636578146,29.791039895022006,30.0012383977879,14270800
29.485288619995117,30.230541007420467,29.427961326359068,29.975754925582823,15955100
29.982126235961914,30.045822154677456,29.67638145240892,29.79740466990587,15435500
30.134998321533203,30.51081005460954,29.83562217302598,30.00123301123297,14544700
30.574506759643555,30.931210213249717,30.46622321452802,30.504439792877747,17728000
30.459848403930664,31.03948992581827,30.30060620088634,30.701897232914124,17305500
30.039457321166992,30.536292353335398,29.75919184171064,30.332462471940982,16511200
30.25602149963379,30.275129788294187,29.75281550626693,30.07767099255426,14841300
30.529918670654297,30.56813767827038,29.873841500560662,30.039452340543445,12376400
30.727388381958008,30.79745293716612,30.370684835257595,30.56177506640834,13201300
30.243284225463867,30.752858878788235,30.109521334561894,30.6382042780598,16071600
30.26262855529785,30.636720214709253,30.185231214198538,30.333577143146023,13475300
31.133350372314453,31.584839264106584,30.30777237160874,30.44321830102142,24309300
30.688323974609375,30.952767178953913,30.62382413183179,30.914067273287362,11695600
30.79152488708496,31.04951690731109,30.598027796393218,30.87537100193915,8837900
30.739913940429688,30.946308466475713,30.64316542991325,30.901159817679197,7302000
31.21076011657715,31.25590877768376,30.86891955093639,30.926968180990244,8885500
31.507455825805664,31.63000431539413,31.15916646384222,31.339761130076432,11575500
31.359107971191406,31.64290238441172,31.32685927707573,31.60420247522232,8347700
31.236555099487305,31.578395610902675,31.204306412443476,31.34620112751974,11174200
30.894716262817383,31.359102794339677,30.44967599206958,31.15915944757912,18224700
31.384904861450195,31.423604766879706,30.939867020889157,31.088212967742837,14211600
32.03633117675781,32.50072011181795,31.694490688681295,32.19757706138515,20920400
32.31367874145508,32.35237864484077,31.758994888763777,32.28788126628189,19893200
32.09437561035156,32.274972650678066,31.88798110176409,31.991178356057826,14121900
33.261810302734375,33.339207660355115,32.35238335433335,32.41043198765331,25986200
31.829946517944336,33.3134110851611,31.823497763141678,33.15216515049995,28938900
31.48809814453125,32.023435696349416,31.114008947954872,31.9202384220783,16101400
30.7979679107666,31.51390012392972,30.630273251846546,31.468751467281347,18515900
30.856006622314453,30.86890658584365,30.54641487886311,30.778609301555733,16114100
31.081756591796875,31.165605142761386,30.630270072181048,30.636718825139702,10669300
30.785076141357422,31.165616677603563,30.68187883290514,31.075319340260055,12892100
30.327133178710938,30.701222436775915,30.1400873194697,30.66252499032428,16716900
29.91434097290039,30.43032737661657,29.727295132672886,30.314230128228274,23083300
30.443218231201172,30.50126683801869,30.004629304228015,30.10782655407955,15727500
31.359107971191406,31.649351139067797,30.907618872318988,31.004367415083667,22872800
31.275257110595703,31.53970029886668,31.139808679204403,31.391351899703956,10362600
30.823768615722656,31.146260434358588,30.714120117969433,31.0559631188073,12655400
30.868907928466797,31.017253824880076,30.739910747980637,30.823759284359127,9798800
30.862459182739258,30.98500762118263,30.739913204712657,30.86891039550826,8907500
30.79152488708496,30.888270972013114,30.520630436367153,30.856022277037063,11384400
31.236555099487305,31.281703753432083,30.791517313281418,30.823766000325246,8588800
31.481651306152344,31.804143115416863,31.12690834762758,31.17205946450848,18539800
31.33974838256836,31.591291554055392,31.172053755049273,31.4364968917942,14027800
31.372005462646484,31.604199978605067,31.26235941923129,31.533251380904673,13580400
31.294605255126953,31.37845381388681,31.114010630490856,31.339753911285978,7948000
31.08820915222168,31.255903800999892,30.868914635870407,31.15270652627089,13035300
31.34620475769043,31.423604568059737,31.11401270783469,31.275258622144655,10459100
30.746360778808594,31.301046955681375,30.64961473473195,31.294598203576268,27288300
30.836658477783203,30.95920444295328,30.70766130052093,30.888255872438204,9967100
30.843107223510742,31.062401686689366,30.78505861677474,30.991453116187973,9012600
30.939861297607422,31.08175600376634,30.8108640971218,30.817312849958455,10378000
31.22365379333496,31.243002512647926,30.823764678225984,31.062407904614904,12924800
31.61065101623535,31.77189694614159,30.86246999988711,30.933418602712678,19674300
31.72029685974121,31.73319682829871,31.236559110713543,31.249459079271038,15399300
31.79769515991211,32.12018700222444,31.771895222026924,31.920243634657993,14143700
31.481651306152344,32.01698643011448,31.384902779206094,31.97828898766977,15597900
30.57222557067871,31.313955281653808,30.559325602607316,31.249457901714177,30809400
30.843107223510742,30.888255866481355,30.507715546860116,30.80440733221457,17568400
30.997913360595703,30.997913360595707,30.7141189958968,30.810867522120017,31398000
30.610925674438477,30.959217461379204,30.398082333808617,30.894720075835014,15330400
31.281702041625977,31.462296647522553,30.649618460570995,30.746364516408313,25070000
31.017253875732422,31.38489424144994,30.836659299005667,31.37199427733852,11996800
31.36555290222168,31.604196143367037,31.20430700353103,31.520347587131095,14854600
32.09437561035156,32.20402407702301,31.500992013266732,31.578389338882882,31911000
31.99118423461914,32.274978581388204,31.791240901668655,32.14598137471291,19301900
31.79769515991211,32.0879383100767,31.64934920769854,32.0040897421586,13597000
31.804136276245117,32.07502815677436,31.61063926396227,31.720287734950332,14144300
32.803855895996094,32.92640185541809,31.868629480232563,31.88152944339536,21605500
32.449134826660156,32.79742419761103,32.30078885265152,32.720026833001704,18023100
32.52007293701172,32.532972904660845,32.05568640372955,32.41042690262005,13141200
32.70066833496094,32.952211540085564,32.44267391613628,32.54587119158272,8441100
33.07476806640625,33.08766803749639,32.58458146707043,32.88772463664397,11279600
33.20375442504883,33.319851666358765,33.04250852994248,33.16505452447315,10203800
33.105892181396484,33.34730219994221,33.06674360179068,33.295104093801136,10491200
33.49736785888672,33.549563475831434,33.10589202050202,33.14503811097488,9614600
33.49736785888672,33.76487692920289,33.37340109081819,33.41907318899832,14348100
33.4321174621582,33.653954399436195,33.24942660920191,33.60175630175088,10583900
33.54303741455078,33.5691364655162,33.22985626979318,33.34077350298249,11175100
33.660484313964844,33.74530499435152,33.3603526620646,33.51041848801472,9633400
33.55607986450195,33.888833982848865,33.549553858665405,33.62785099505218,10636100
33.36687088012695,33.59523383120503,33.19723203524648,33.54303573189266,11734900
33.1124153137207,33.34077580306585,33.01454511031984,33.34077580306585,9524200
33.027591705322266,33.26900418856635,32.851426848201896,32.968870086282145,12026500
33.1124153137207,33.26248113371075,32.799234147357645,33.073266734571824,11703200
33.608280181884766,33.843166646116835,32.655687289336754,33.43864134046289,23265200
33.216800689697266,33.96060608403677,33.1515555631188,33.725719646047025,15702800
33.392974853515625,33.673533456331555,33.34730275435422,33.36035228110644,11162000
33.93451690673828,34.17592942095921,33.588713155209334,33.588713155209334,14073700
34.24769973754883,34.58045395404733,33.98019066500919,34.1041574341081,16725000
33.6931037902832,34.36513818580783,33.59523608093228,34.31946609032223,16924200
33.7518196105957,33.99975557843555,33.56913126005166,33.941033967340374,12789400
33.9149284362793,33.93450147325485,33.556075321058316,33.75833916259164,12337500
34.104148864746094,34.2215920855162,33.84316337660318,33.92798403359094,7769900
34.241172790527344,34.39776461625296,33.77139980229313,34.01281230399273,10768400
34.22812271118164,34.40428757892266,34.07153337692913,34.24117223719312,7106900
34.38471221923828,34.50215545649145,34.19549783822568,34.28684202521316,9457300
34.58698654174805,34.75662794283023,34.35862598907206,34.35862598907206,10768100
34.234649658203125,34.53478129787616,34.1041568834497,34.53478129787616,7979600
34.071533203125,34.43690997381208,34.05848367718009,34.41081341086485,9919400
34.495628356933594,34.54130044898084,34.1302516205556,34.1302516205556,11454400
34.73703384399414,34.82185200419778,34.22811243806308,34.40427725293054,16473300
35.40908432006836,35.50695204732555,34.71095074540652,34.74357332115892,16265400
35.748355865478516,36.02238842170086,35.298155967481264,35.40254967779583,19102700
35.65700912475586,35.93756766779707,35.363401057742706,35.83969748247862,10747400
35.826637268066406,35.93103093974932,35.53955529317376,35.820113752498116,11961200
35.324256896972656,35.89189757145455,35.19376412990007,35.78098033725548,13911400
35.41560363769531,35.591768512588445,35.26553781588472,35.33730896739037,8354400
35.7418212890625,35.77444633797927,35.376444635035746,35.40254118965067,8499900
35.78750228881836,35.92452105716433,35.65701201640111,35.8723229570435,9539600
35.65700912475586,35.82012444099181,35.53303989149352,35.76792634510405,11864600
35.60481262207031,35.8592721285539,35.55914053059594,35.74182889649342,9801900
35.722251892089844,35.7548744553901,35.38949776411994,35.493891460045994,9696500
35.47432327270508,35.66353766352539,35.25901231920882,35.565667464427285,14605400
34.704410552978516,35.05021668366114,34.476050127101104,34.93929698470499,19898600
35.115455627441406,35.213325786414224,34.51519261996998,34.59348725378331,15301200
35.42212677001953,35.53957001041474,35.03717447960021,35.19376380749883,10521900
35.23291015625,35.48736966470325,35.15461549725107,35.317730822048524,11746500
35.31121063232422,35.676589916081376,35.2263924414953,35.44170341144768,10781900
35.70267868041992,35.859267979085885,35.30467693881904,35.422120157289534,12298800
35.86579132080078,36.15939685622458,35.59828234058805,35.72224906690162,13130800
35.84623336791992,35.9375800672406,35.40908536427187,35.9375800672406,12559900
35.59177017211914,35.87885479152759,35.350360142206156,35.826656682928665,13454700
35.68963623046875,35.89842366269627,35.51347136785006,35.748357851341645,11013700
35.487369537353516,35.76140457627985,35.422124403245604,35.487369537353516,13891100
34.90668487548828,35.68963905272703,34.82186419664388,35.63744094607118,17471000
35.20029067993164,35.33078344901632,34.78923932844477,34.971927711797804,14473400
35.50694274902344,35.76140474671863,35.311204856824496,35.382975998050654,48954100
34.93278503417969,35.552623881146275,34.926259026169845,35.43518062639712,14029600
34.61307144165039,35.01107323258725,34.52825077580918,34.906679524222035,13604900
34.67178726196289,34.95887177868107,34.63264118345908,34.76965743610626,13308300
34.96540451049805,35.14809289550803,34.67832240706199,34.67832240706199,13348100
34.834903717041016,34.945823417351846,34.75660906848996,34.88710180870305,12634500
35.128509521484375,35.180705120877896,34.90667262394277,34.97844375093297,10682000
35.50694274902344,35.51999227369568,34.971924682173245,35.102417439953314,12482900
35.42212677001953,35.846225147942256,35.32425657337602,35.71573487100757,14939100
35.8984260559082,35.904949574687855,35.20681608495846,35.46127562939069,15788400
35.84623336791992,36.172464112950315,35.74183962906792,35.92453053876622,14044900
35.8984260559082,36.02239282426314,35.52652326190068,35.8853765294062,16703700
36.27641677856445,36.37536893933128,35.64311137365563,35.93997288900008,16962400
35.84103012084961,36.876745277401575,35.81464186445427,36.27642628528214,22025500
35.18134689331055,36.38858096075906,34.85809696950487,35.95978050364355,26336200
35.44520568847656,35.55075617330746,34.84488683415293,35.50457799347657,18866600
35.35945129394531,35.78825162882596,35.35945129394531,35.544166561974556,13022000
35.425411224365234,35.49137932524455,35.135145540844086,35.26708425912445,15981200
35.596946716308594,35.87401840804572,35.313279217957145,35.4584121287015,14528100
36.05211639404297,36.071906319984286,35.4781833765286,35.53095986773427,16865100
36.217044830322266,36.612858510311426,35.96636149085073,36.03232959867492,19103300
36.26982116699219,36.4611322152282,36.02573613237647,36.33579179561952,21737500
37.74094009399414,37.91246124772281,37.00208651472407,37.00208651472407,29328700
37.87947082519531,38.552356210316084,37.219779567216804,37.60240170477511,37435600
37.22637939453125,38.018009439424475,37.05485825126774,37.90586061244102,25270000
36.61945724487305,37.35171487632003,36.40835626311636,37.1142256427132,24973300
37.25935363769531,37.70134799054278,36.75798950073414,36.817361801369714,22103700
38.3808479309082,38.7898559164217,37.549635312661124,37.549635312661124,25231200
37.66178894042969,38.47320920724904,37.444089531112496,38.47320920724904,24214400
36.9756965637207,37.78711655419903,36.64585091637882,37.589209669098416,22533200
37.35831069946289,37.655172221620845,36.88992806827054,37.16699966112531,14734400
37.74094009399414,37.899267119241934,37.279155663254336,37.279155663254336,12733800
37.74094009399414,37.83329647683757,37.371514562620455,37.61559964820988,12371200
38.03119659423828,38.11695463362412,37.628784581734315,37.965225967954474,14891300
38.440208435058594,38.55235473669751,38.03779638042984,38.06418463370571,12482400
38.56554412841797,39.053716687996314,38.22250442751574,38.47318776981391,17365500
38.7370719909668,39.185662253703136,38.6183273616235,38.81623423835484,13236800
38.69749069213867,39.01414220707625,38.47319555449257,38.981158146118226,13047900
38.882205963134766,39.13288937238025,38.53257036461114,39.007548926018856,18288700
38.97455596923828,38.98115177374263,38.55894982284459,38.8228247838948,17147100
39.720008850097656,39.83875347430155,38.862410743698064,38.961365436042094,19471000
39.99049758911133,40.452282137378326,39.700234238226265,39.74641244140063,18405700
39.225242614746094,40.62378992989942,39.03393154099552,40.26095771536471,22028900
39.0273323059082,39.515504913868696,38.84261957039345,39.09330042101425,18482200
38.68429183959961,38.92178107592679,38.45340092457165,38.82942470991561,7009100
39.033931732177734,39.258226867478434,38.466599346673625,38.68429615993819,12308900
40.0102653503418,40.043249401319166,39.04051864917209,39.06030857645416,14115000
39.62105941772461,40.063051370015074,39.343987769889694,40.04326143678491,18663000
39.21864700317383,39.442942138484945,39.093304049706646,39.198854553587026,14763700
39.779380798339844,39.82555898327204,39.238434189257845,39.29780650081671,31142800
38.36764907836914,39.41655843272087,38.05759333645626,39.25163559409024,27800800
38.32146072387695,39.185657075106604,38.23570016590219,38.32805652840325,21727400
38.314876556396484,38.68430211860318,37.70795917823522,38.38084468778399,26880400
38.05099868774414,38.545767218687566,37.82670351972221,38.20272740191738,16948100
38.440208435058594,38.506176551725915,37.51663970258203,38.13015275037303,16603400
38.82282638549805,39.18565856125889,38.6842918364924,38.77005239771971,14991400
37.76732635498047,38.387435261673076,37.75413222719689,38.12356025556928,18892200
37.66178894042969,37.93226236270281,37.47707612029881,37.60241660302713,15454700
37.655189514160156,37.93225871773246,37.43749012576204,37.56942892025879,13960900
36.909725189208984,37.806905673583216,36.63265356125936,37.64198286444155,18902500
36.71182632446289,37.3979034474952,36.48753115447457,36.903134912214156,18895800
36.85035705566406,37.54962823513973,36.612867780927935,36.75800067471616,20968400
36.329193115234375,36.94930191906601,35.794842352986954,36.88992961214963,26897000
36.23024368286133,37.292347040242284,35.78165593022266,36.17746968935428,55406300
34.99662399291992,36.309410825872966,34.924057545138034,36.071921548231394,15077200
35.91358947753906,35.933381925576306,34.56782128755536,35.11536369715432,17970500
36.38197708129883,36.395168693077906,35.19453069936916,35.82783627523921,17531000
36.461143493652344,36.85036151512175,36.217058383534464,36.52711162616325,14771600
37.08784484863281,37.09444065421301,36.32919886426059,36.63265625140046,15331800
36.95591354370117,37.048269939590874,36.46774078704025,37.048269939590874,13969700
37.08784484863281,37.59580744007436,36.982294343691876,37.14061884284201,19245400
37.18020248413086,37.52983807173199,36.90972914878378,37.265963058710945,17035800
37.41768264770508,37.77391395438153,37.30553384416986,37.44406838101747,16349000
38.512779235839844,38.717281930586985,37.63538858894848,37.780521481883326,21424600
38.02818298339844,38.474790492144,37.89486719528989,38.448126825964856,18136000
38.39479064941406,38.461449799507065,37.90819029627474,38.1881536410922,14259900
38.67475128173828,38.83472814516819,38.274804037590705,38.55476736277265,15801500
38.681419372558594,38.761410354189536,38.44811869976823,38.5481061554136,11342300
38.72807312011719,38.85472421541901,38.38145576136009,38.488107843159085,10058000
38.04817199707031,38.61476076902461,37.994844678738076,38.61476076902461,13411700
37.88154220581055,38.26149059224512,37.4682629614743,38.1015111197944,15223900
38.054847717285156,38.308147467519525,37.88820361317071,37.94152840423797,16802500
37.98817443847656,38.25480336249537,37.594894423471665,38.14815128433062,18284800
38.50144577026367,38.57476956973075,37.948188766371096,37.98151707264156,15109000
38.04150390625,38.42811932660543,37.661555671920794,38.40145566807339,12494100
37.59490203857422,38.308138432544226,37.481582752253395,38.11483070709417,17800300
36.70835494995117,37.47491867682397,36.52837905209095,37.408259524216476,25955700
35.51518249511719,36.195090588821124,35.30854548087657,35.741818526351835,33789200
35.9951286315918,36.00846046584909,34.84861631333802,35.39520880395031,27260000
36.70168685913086,36.788339935202295,35.68182353370656,36.02844346635162,28585400
36.361732482910156,36.861664650528866,36.308407707279805,36.801672688703164,13778000
36.021785736083984,36.45505882795032,35.7751506614478,36.39506685611813,15818900
36.08844757080078,36.22176336557045,35.73516287603034,36.06178390328939,14124600
35.85513687133789,36.241749771647335,35.781813077455084,36.068441066567914,11391400
35.70848083496094,35.81513290734212,35.34186449507477,35.73514448875273,12436200
35.9617919921875,35.96845663637959,35.52851637888447,35.5685118723974,12011700
36.0284423828125,36.24174655913498,35.901793822741766,36.0817696982863,9802800
36.27507781982422,36.508381029879224,36.12176558950688,36.29507683615192,11227600
36.3150749206543,36.508382649415736,36.181759157964116,36.228419293487676,11884800
36.01511764526367,36.34174115988645,35.96179286207666,36.248420882219044,11190100
36.76834487915039,36.78834135243161,36.208420742197376,36.315072837674784,15719400
36.954986572265625,37.10163416170206,36.541710007147124,36.701689426785656,12272700
37.16828918457031,37.26827663542791,36.821671785246714,36.90832486368436,11379000
37.428253173828125,37.80820138944933,36.96831398654938,37.02830594389938,14680500
37.941524505615234,38.081507471205924,37.594907042326106,37.614903519073216,12534300
37.848201751708984,38.17482525970472,37.69488950682505,37.99484935237484,15051200
37.7548713684082,38.05483113365442,37.63488746230972,37.87485527450669,12005600
37.808204650878906,37.81486929436546,37.56156961450562,37.69488536931535,8962800
37.941524505615234,38.401463813094566,37.80821127025186,37.82154310234559,15743000
37.96818923950195,38.094840376567134,37.56157724894184,38.00818473690997,10942700
37.488250732421875,38.228148259907286,37.10163527333722,38.094835039465245,13674400
37.381595611572266,37.44158503025461,37.001644827078714,37.38826025494148,15749500
37.114967346191406,37.6082323677346,36.961655107453026,37.45492012899622,13935500
37.52824401855469,37.59490317216119,37.14163109878379,37.168292217439685,12644200
37.68155288696289,37.781540337035175,37.32826830420406,37.56823615014835,10617300
38.38146209716797,38.40812321492914,37.828202583340996,37.83486722708464,13627400
38.281471252441406,38.73474327047919,38.2348111220069,38.414787000591296,12813000
38.43479537963867,38.48812271253358,38.221491133633414,38.24148761207541,14168300
38.62809371948242,38.721413986485224,38.33479854571753,38.46811430263007,12148300
38.92138671875,39.00137515653977,38.61476225490037,38.688086049035405,23715300
38.70808792114258,38.87473200640419,38.36813510603516,38.84140369790925,12168100
38.32814025878906,38.79474421397519,38.20149166725029,38.72808505307032,13462700
38.44145202636719,38.70141890595794,38.06817094491995,38.3347999255556,11902900
38.854732513427734,38.988048279844605,38.37479677144168,38.381463958295235,10920100
39.834598541259766,39.99457797197385,38.74808100382763,38.76807747912184,25125400
40.04790496826172,40.12122622466853,39.68128597229382,39.74794512737288,15463400
40.414520263671875,40.45451321278685,40.114560431376105,40.194548872392744,12316900
40.5811653137207,40.78780233657601,40.31453378016881,40.367861103993896,13290300
39.381317138671875,40.587818250148395,38.95470629948845,40.58115360798607,20547100
39.4146614074707,39.50798169227653,38.87473363322503,39.46132154987362,17283900
39.387996673583984,39.60130090243382,39.18802427688564,39.58796907028233,16331100
39.014713287353516,39.48131724492393,38.888064695167586,39.47465260019288,11408100
39.2413444519043,39.37466021496778,38.934719976808964,39.18135248566506,15491700
39.32133865356445,39.3946599136028,39.17469104791397,39.22135118738696,8776000
39.387996673583984,39.39466131826624,39.20802075371938,39.34133653244727,11497800
39.4146614074707,39.4146614074707,39.14136519791631,39.34133760004124,11680500
39.32912826538086,39.43687919614965,39.086688028904874,39.30892319968464,10414400
39.470542907714844,39.53115295459128,39.302181951834115,39.32912032133127,8782100
39.4368782043457,39.5513624414775,39.194437973966885,39.49748826194041,9219900
39.55809783935547,39.59176952228052,39.409939351703564,39.564831148346585,10847500
39.53789138793945,39.69951905689053,39.45707883795623,39.672580683901245,7741500
39.591773986816406,39.719727423954055,39.504225546151154,39.591773986816406,10239300
38.911590576171875,39.369532667305194,38.8173088342888,39.32912767448948,15498000
39.08669662475586,39.19444757922098,38.57487766430751,38.72976950078953,13189000
39.308921813964844,39.38973693593116,38.98566903305379,39.15403001700651,11950400
38.48732376098633,38.87118661685045,37.91489484735773,38.80384067872569,23488700
38.440181732177734,38.77016782761321,38.20447480931046,38.61527602806404,13227100
37.611846923828125,38.31896518938308,37.54450355043481,38.26508843548041,17425500
38.103458404541016,38.26508350746389,37.598375462183796,37.75326725622851,16329700
38.27855682373047,38.50079200647054,38.19100838496137,38.21794676134955,13985000
38.51426315307617,38.68936003951788,38.22468201464074,38.379576402256525,15469000
38.063053131103516,38.58833860063849,38.063053131103516,38.54119772870508,11627400
38.37956619262695,39.21463512910042,38.17079767401637,38.25834609394783,14435400
38.54793167114258,38.62874422340084,38.2987555674538,38.4873216147027,9388200
38.3256950378418,38.4469151541901,38.2112107996155,38.271820857789656,10066100
38.13713073730469,38.26508416004952,37.9350980707132,38.17753572923214,12963800
37.96877670288086,38.184278595885296,37.88122825603993,38.15734021701344,12086700
38.03611755371094,38.089994307874726,37.66572386028248,37.79367729794394,14834900
38.3256950378418,38.41324347053442,37.88795544336349,38.04284981235227,10707100
38.21794509887695,38.61527714187137,38.15733503913256,38.19774260195711,13759000
38.0832633972168,38.514267210813074,38.049591705964346,38.22468604186832,12776200
38.25836181640625,38.278564318160285,37.82735541676499,38.05632652292406,10806300
38.642208099365234,38.92505327788782,38.2650786256841,38.38629872190359,11695100
39.120357513427734,39.38300023184724,38.39303684489553,38.426711096167516,14436700
39.739925384521484,40.77029634966121,39.05974814205621,39.83420969315638,20910600
40.06991958618164,40.15746802896307,39.5715698761009,39.800540947924205,14016300
39.90155029296875,39.982362840069214,39.706250949240115,39.793799373839946,11487100
39.64564514160156,39.92175706199447,39.42340997103401,39.73319357557536,11706700
39.94869613647461,39.97563451185903,39.5109565279249,39.78033514379931,8755200
39.551361083984375,40.319086741177365,39.50422021513812,39.87461385706644,21860500
39.180973052978516,39.68605606493443,38.999142860396184,39.51095918215808,13418700
38.271827697753906,38.80384656016,38.08999749073464,38.80384656016,17484900
36.601688385009766,37.33574260846355,36.541078308982,37.10003818445866,29916600
37.96877670288086,38.04285596028586,36.7431087230487,36.82392129067906,19518300
37.861019134521484,38.37283539864452,37.665719775336015,38.11692598209062,15201200
38.4065055847168,38.642212495954645,38.049581132452076,38.06305031900721,11522900
38.749961853027344,38.93852531920762,38.393034846205964,38.393034846205964,9906900
38.54793167114258,39.15402966655661,38.4873216147027,39.05974792742452,11656600
37.813873291015625,38.63547304297309,37.6791840069127,38.63547304297309,14955400
38.271827697753906,38.65569061179949,37.8340880250425,38.049589921735276,15378600
38.62874221801758,38.77016481937386,38.38630200484419,38.38630200484419,11911000
38.803836822509766,38.8846519402283,38.63547584740639,38.723024273775835,9218700
39.24831771850586,39.43688379608429,38.73650137990184,38.84425232323875,11826600
38.810577392578125,39.281988693660956,38.547934650699304,39.16750188087652,11027000
38.60854721069336,39.059753474614865,38.494060390498966,38.93853334451966,12257500
38.810577392578125,38.958733321672504,38.50752708695452,38.6489497065839,10516400
38.61527633666992,39.02607755870654,38.339164418921754,38.992405874880625,15302800
38.90485763549805,39.00587268747885,38.44691554002756,38.44691554002756,22474300
39.2415885925293,39.51096469510065,39.012617492401674,39.04628918409992,9141800
39.05975341796875,39.234847733971726,38.99914335300905,39.18097354788815,10571700
38.37956619262695,39.207901820944656,38.33242275959892,39.174227573212576,15042100
38.55466079711914,38.635473340609686,38.28528222683807,38.49405074725512,9123300
38.47385025024414,38.67588290394729,38.27181759654099,38.534460303253546,14604000
38.157344818115234,38.669161233470476,38.11693724493501,38.669161233470476,15796800
39.147300720214844,39.160769908589685,38.258354839355064,38.30549571417452,14985700
39.147300720214844,39.22811328147891,38.83078121586848,39.14056484153492,8437800
39.268524169921875,39.40321092709895,38.904863759979264,39.11363234398007,6938500
38.98567199707031,39.261783928985714,38.93179781398154,39.03281287064234,12048200
38.38884735107422,38.7835575410393,38.2867664133864,38.75633561151907,16733700
38.79035186767578,38.86521085681957,38.511333651065094,38.58619264020889,10901500
38.73591613769531,39.05576730521878,38.54536783160949,38.940078003959805,10045700
38.91966247558594,38.97410633529646,38.68828126386847,38.83119509759552,9669500
39.185062408447266,39.33477779243301,38.91965255405684,38.987707361346224,11734300
39.06938171386719,39.28715196745781,39.06257752920394,39.219099736720565,10556000
38.94008255004883,39.26673793977129,38.851612570740784,39.17146377560552,7916700
38.93326950073242,39.00812850224611,38.64064027446576,38.94007628052049,7549200
38.51134490966797,39.10340762121622,38.49773394438769,39.04896635612128,12240300
37.76955795288086,38.50453438075901,37.66067284460548,38.49092341772137,15255800
37.75594711303711,37.864832221667776,37.12985838741724,37.73553196642691,14093500
38.08941650390625,38.27316064662036,37.71512143762217,37.84442431362077,11173900
38.35482406616211,38.5249572441731,38.06899897716998,38.22552118941694,11006100
38.84480667114258,38.94688501565999,38.10983012969169,38.43648550499447,12333100
39.04215621948242,39.08979329585553,38.67467057260788,38.851607913989994,10165700
38.53855895996094,39.19867376690579,38.48411510997235,39.001321300761305,13329300
37.613040924072266,38.59981381324666,37.374852932326114,38.48412190959256,24396200
37.606231689453125,38.987714682553154,37.58581654144543,38.86521860245511,18677000
37.830814361572266,38.313991974233616,37.27277773364833,37.50415896444799,17458800
37.579010009765625,38.04177237321997,37.3816549379342,37.633451266393664,18941500
37.463314056396484,37.80358031048914,37.068606551582256,37.579005932721245,18747900
37.490543365478516,37.783172609328766,37.02778096106539,37.25916216327195,11865500
37.987335205078125,37.99414198587051,37.42249441254328,37.67429078531056,11335900
37.96010971069336,38.15066061459982,37.74914625440456,37.87164233690657,8948000
37.898868560791016,38.034975632322976,37.47693897546576,38.00775369881129,10635600
38.36162185668945,38.45009182139583,37.783170186282334,37.86483337122815,11016500
37.91927719116211,38.463702750355125,37.76275500514573,38.137047414839316,15041200
38.31398391723633,38.5045348058412,37.71511451709745,37.789973516618026,12124000
38.552181243896484,38.5794005808585,38.15747100364349,38.42968514147496,11923500
38.79035186767578,39.13061811212908,38.57938586154559,38.76993672373672,11011900
38.2935676574707,38.790356117274115,38.2731525112951,38.7223038993383,9892600
38.51134490966797,38.64064518579137,38.18468953101976,38.64064518579137,7637300
38.640647888183594,38.763143988246895,38.3344102340517,38.552180501713934,9272200
38.05538558959961,38.7291140738993,37.85122630818417,38.64745088053834,13203000
38.59300994873047,38.60662091466088,37.98733624297174,38.11663652527122,9486900
38.91284942626953,39.239504722037864,38.91284942626953,39.13061962344842,16953900
39.43686294555664,39.552552236349186,38.86521548299024,38.92646351812327,15238900
39.430057525634766,39.68185645432247,39.042154155092526,39.63421938046822,8538000
39.57978057861328,39.74991374867197,39.402843224003746,39.464091269065925,9962200
39.49810791015625,39.60018623009204,39.19186775829781,39.4028337731393,10470100
39.593387603759766,39.84518394350278,39.443669598278355,39.634220495079944,9232200
39.872406005859375,39.899627933498195,39.60019192152296,39.86560182196262,9232300
40.192264556884766,40.2194838935033,39.79075013646453,39.94046557395883,8920200
39.92003631591797,40.50529468083869,39.90642535440522,40.4848795365823,12848700
40.634605407714844,40.6958534523157,40.00851659270707,40.321561000210956,13987000
40.92042922973633,40.95445534324594,40.50530389525129,40.76390703077126,12241500
41.12459182739258,41.206255025614695,40.81835158902681,40.90001478724893,9491400
40.80474090576172,41.13820307785177,40.648218693074966,40.88640670057537,10719300
40.49169158935547,40.825153721166295,40.28072553894242,40.78432082869171,10950500
40.74348831176758,40.763906056206054,40.36919588005813,40.36919588005813,8801700
40.784324645996094,40.81835076156335,40.41003218270388,40.56655439113422,8451900
40.8183479309082,41.104172993109515,40.69585184653993,40.8183479309082,7651700
41.02931213378906,41.09056017320759,40.811541903862285,41.0157011699154,21019900
40.97486877441406,41.30152412325934,40.78432046992747,40.92042751428615,8437000
41.17902755737305,41.51248968231848,41.11097533400912,41.206249485128986,12846300
41.01570510864258,41.281112439601216,40.90681998322298,41.2266711749045,8088100
41.13138961791992,41.28791180519021,40.87959328153084,40.92723035609024,7438800
41.03612518310547,41.3083393273357,40.8455768397602,41.21306515566307,7799000
41.07695007324219,41.44443831748216,41.05653492501529,41.16542004226869,9709400
40.72987747192383,41.12458764927769,40.70265813929935,41.10417250080284,8381600
40.09017562866211,40.641407972895784,39.96087536837188,40.6277970092822,12011700
40.158233642578125,40.23309265523653,39.695473793103524,40.15142945780293,9769300
40.763912200927734,40.81835347024278,40.12420976329779,40.13101654447866,9824900
41.00209426879883,41.23347548552604,40.76390886747353,40.77751723666969,13744600
40.64141082763672,40.96125940893222,40.34878157945446,40.91362233095149,13832800
40.72048568725586,40.87863652944861,40.521077077215274,40.844256367761176,10609200
41.13993835449219,41.270584043127094,40.706740889803626,40.74799604251007,11832100
41.20868682861328,41.51811350003293,41.181181652700886,41.25681957494101,11349000
40.981773376464844,41.24306730356243,40.95427082337928,41.208687144927005,6876100
41.63501739501953,41.73128291271977,40.981783723861085,41.036794089997585,11679200
41.456241607666016,41.53875453911955,41.22245278268199,41.353098476069995,9298100
41.53874588012695,41.552498469675534,41.366842445327045,41.41497519722796,7323700
41.97882080078125,42.15072424601217,41.46998807179926,41.497490629527015,12339700
41.77253723144531,42.10259153184274,41.71065188618089,41.95131566052118,10882300
41.786285400390625,42.10258707692348,41.60750436719336,42.10258707692348,9603600
41.86192321777344,42.164472304568115,41.63500943539883,41.66938959614216,10375600
41.655643463134766,41.95819257776789,41.53874775820577,41.861927069613635,11143800
41.51123809814453,41.86192255204874,40.71360631560854,41.6693889334793,15036400
41.380592346191406,41.71064660479751,41.28432684864439,41.56624835847698,14621400
41.3874626159668,41.47685312052593,41.30494971647102,41.332454890648876,10619900
41.82067108154297,41.99257453144179,41.53874952863043,41.5731296940025,12136500
41.58000946044922,41.820673253591586,41.32559045279744,41.80692066212079,12226600
41.51123809814453,42.17822422271826,41.36683985149602,42.14384406252168,9629100
41.16743850708008,41.67627388601632,40.947402295388336,41.036792826087655,10133300
40.91301345825195,41.167429782281204,40.809870358301666,41.050536717173,10645400
41.34621810913086,41.34621810913086,41.00241121261764,41.05054396828641,9287600
41.62126541137695,41.65564820223375,41.22932572756521,41.435609357512654,14604400
40.80987548828125,41.36684357655773,40.541706542346084,41.29120564349123,17644600
40.98865509033203,41.043662825054575,40.7136085476046,40.77549388856636,7754000
40.78924560546875,41.21556537684229,40.66547492619286,41.19493780464237,7709400
40.85112762451172,40.926765547147426,40.43168287028677,40.67234922622202,10255600
40.803001403808594,40.803001403808594,40.4591945172322,40.52107986173748,9530200
40.91988754272461,40.93364013061867,40.61046349574095,40.89925997240248,11758800
40.871761322021484,40.88551391211123,40.603592372867396,40.88551391211123,10165100
40.91301345825195,41.084916876143765,40.761737611135,40.864880711085284,10492700
40.89926528930664,41.02303597340546,40.631096348105274,40.906142895666726,12362100
40.98865509033203,41.043662825054575,40.754866315925184,40.98865509033203,8056000
41.08492660522461,41.27745763948343,41.02304125520733,41.02304125520733,10741300
40.830501556396484,41.153678206316236,40.7204834711612,41.139928240820126,10644500
41.181190490722656,41.19494308163034,40.658605151423124,40.94740169136901,11936900
41.32558059692383,41.44247628502744,41.249945296430894,41.2636952615838,8795300
41.421852111816406,41.62125809934533,41.366841754540694,41.366841754540694,6791400
41.22932434082031,41.414980388440085,41.002413142421865,41.39435281305075,9142000
41.35309600830078,41.394353783084874,40.96803393580387,41.24995550589853,10289400
41.62126541137695,41.69002837005188,41.15368778454213,41.270583502770165,8237500
41.82067108154297,41.8894314122871,41.47686418174532,41.690025403913715,9812500
42.07508850097656,42.13697384940316,41.8825574716665,41.9444428200931,9296900
41.95130920410156,42.02007214550057,41.85504370918097,41.93068163320087,9370200
42.10259246826172,42.10259246826172,41.80004334192791,42.04758472849124,8290900
41.99944305419922,42.23322917737863,41.9375577206994,42.19197403707069,9657500
42.06132888793945,42.37763318433576,42.013196138647466,42.013196138647466,8571600
41.81380081176758,42.07509219648405,41.428736096288205,42.026959434928976,10585900
42.10259246826172,42.13009764966619,41.74503297911896,41.7587855698212,11493000
42.281368255615234,42.43264148841254,42.185100132695666,42.21948291668601,13648700
41.848175048828125,42.42577072865073,41.82066986811314,42.29512243177377,17292600
41.80691146850586,42.033825243316215,41.731273543569074,41.87567441073841,11901600
42.6801872253418,42.78333034182441,42.040706198441825,42.26074239876887,42977900
42.219486236572266,42.73519656052206,42.16447587629254,42.63892843003255,9477500
42.13697052001953,42.26074120709319,41.95819209593444,42.26074120709319,6640100
42.14384460449219,42.19885233690651,42.02007392776232,42.136966998541574,8117800
42.30887222290039,42.37075756389545,42.116341216710524,42.21260671980546,8166800
42.08884048461914,42.4188947971179,42.00632756225408,42.391392238355216,6765400
42.219486236572266,42.219486236572266,41.903181911040576,42.088837942427105,8466700
41.97882080078125,42.25386736236608,41.813794962261085,42.20573460754449,11447900
41.531864166259766,41.80003306140231,41.30495041003895,41.66250981124162,13263200
41.44247817993164,41.662514354970845,41.31183252070152,41.332460092412035,15094500
40.981773376464844,41.3805905611421,40.968023411441045,41.32558020889505,14293100
41.05741500854492,41.32558394238165,41.002407274366256,41.029909829936486,15926500
40.88719940185547,41.26932489092816,40.85246144384967,40.91499082839463,20134600
40.98446273803711,41.19983963289327,40.880246230610275,41.00530497938812,11786700
41.09562301635742,41.24847052656142,40.838556355388704,41.00530222600799,14158400
41.019195556640625,41.08172492320368,40.82465827714692,40.991404138093586,12697100
41.060882568359375,41.283208629786294,40.90108587735476,41.16509906917511,10291300
41.456905364990234,41.58196411890898,41.14426113052938,41.25542417286426,10689600
41.776493072509766,41.7903887813135,41.436054832656794,41.47079277949842,15615700
41.90850830078125,42.01272481643493,41.755658117912134,41.825136678459955,12857600
42.01967239379883,42.25589420487221,41.880717919578686,41.99883015028346,8847100
42.04050827026367,42.05440398061479,41.686176932485274,41.950190128485026,11109000
41.88071823120117,42.144731469150265,41.762608649953734,42.03356841901425,10182800
41.62364959716797,41.93629646952243,41.42216576272443,41.575015933727926,11482300
42.172523498535156,42.38095388923465,41.59586334558583,41.67228844058742,15367500
41.35963439941406,42.325363741764754,41.29710502794998,42.276730080663334,13408900
41.24152755737305,41.26236979912403,40.5328621841443,40.78297968649985,16719600
41.2971076965332,41.720917613805305,41.06783508657336,41.2276317905662,14283600
40.331382751464844,41.463858166235944,40.303591325870606,41.41522449661414,15566400
40.498130798339844,40.69266548712417,40.0534785666406,40.345280599817094,13924600
41.08172607421875,41.12341055287166,40.58843765736248,40.664862735340314,10271900
41.2971076965332,41.45690440052604,41.03309713358986,41.130364462078035,10283700
41.64448928833008,41.79039292005127,41.36658303573904,41.44995464648278,9418100
41.852928161621094,41.852928161621094,41.52638555242669,41.63754859912366,8270200
40.776031494140625,41.92934905492075,40.47728032023348,41.81818601232758,22488200
40.456451416015625,40.89415720005491,40.380026302098315,40.69962247396494,20938000
40.74824142456055,40.873300174790266,40.26190213481564,40.55370411846104,19460100
40.650970458984375,40.85940347119528,40.49117375986897,40.78297838676272,9138900
40.23411178588867,40.82466494968999,40.164635878501215,40.82466494968999,12427300
40.44948959350586,40.69960708984306,40.129893542443945,40.38696021942155,13642800
40.359169006347656,40.54675712957113,40.25495249888932,40.359169006347656,16748600
40.43560028076172,40.47033823845279,40.15769131856057,40.2341164156827,15704300
40.28969955444336,40.776036266245484,40.282750372654014,40.41475567295226,18520900
39.68524932861328,40.57455645455536,39.504610350882025,40.32443890820716,19384900
39.69914245605469,40.20632404740319,39.532399202909644,39.865888359535944,16803600
38.2540168762207,39.865882209767236,38.23317198504097,39.449018840538145,25907200
37.628726959228516,37.64262267131066,36.25308326712891,37.336924956511666,45828300
39.82420349121094,39.97705369058711,38.1289661858083,38.323500875678796,30736200
38.69867706298828,40.331384976863866,38.365187888464874,39.74777825886381,27500200
40.38001251220703,40.470333311476935,38.98352664048244,39.33091147577408,17626400
39.713035583496094,39.96315309726686,39.24754116090632,39.51155173625453,21249900
39.511558532714844,39.747780375205096,38.281815645368816,38.41382360608592,22510800
38.788997650146484,40.00484475137296,37.524514226561514,37.77463176858192,31862200
39.26838302612305,39.525447068211385,37.46198024977467,38.95573613691506,34330900
38.09421920776367,38.58055581729485,37.64956442852185,38.46244625507607,21147400
35.572208404541016,37.51756299260909,35.25956151620207,36.09328566832725,45610600
37.635677337646484,37.774631822337376,35.745905356993944,36.822797975259746,45744000
35.42630386352539,36.96174407783125,34.05760687276578,35.36377449211161,36990400
37.732940673828125,38.54581989277457,35.77369047139036,35.78063700174777,33898000
37.739891052246094,38.858470727689415,35.349884164888856,37.51061842237211,38417400
37.2535514831543,38.15675158518,36.66994481486542,37.350818819479755,33024900
35.98906707763672,36.8505826035056,35.23176805864264,36.62825652915283,46013800
34.9538688659668,37.01038679516261,34.13404030697153,35.16229927156944,39225100
34.73155212402344,36.1002471689039,34.16878749164885,36.1002471689039,40626900
34.69680404663086,36.065501447631654,33.93255830058151,34.293838926999776,38551300
37.19797134399414,37.44808886656957,34.39804757775938,34.45363042736998,32610900
36.662994384765625,37.40639769086261,35.80842804178504,36.23223794813369,25363600
38.05253601074219,38.23317496290915,36.78110621351892,37.16323166099215,20660200
37.32997512817383,37.892739531232706,37.20491637193852,37.56619692880318,21251800
36.76720428466797,37.13543395811912,36.23918057887325,36.47540233812405,18672600
38.38602066040039,38.55971306157867,36.88531842023346,37.211860982556054,20159400
38.00390625,38.3790825549795,37.71210157379274,38.21233664709874,17612500
39.39344787597656,39.56019114245867,38.19844298139687,38.7473117551014,20284400
39.58797836303711,40.21327217173194,39.1919598343091,39.62966550039548,21786000
40.157691955566406,40.31054215223527,39.33786341943833,39.782515645744475,18234200
40.336753845214844,40.800233163101915,39.94350028994031,39.96456667930461,19689500
39.7960319519043,40.44911688318876,39.578338760702295,40.3016467835669,12977700
40.82833480834961,41.010919163016695,39.99968933123512,40.245475550388555,16765600
39.97862243652344,40.73704212204419,39.82412839663381,40.421035482400335,18372800
40.49126052856445,40.7300228385648,39.92244372798839,40.23143182260047,17825800
41.05304718017578,41.20754120403252,40.54743500191262,40.77215212088277,15054300
40.82130813598633,41.3690557693996,40.701925661696144,40.80023906473552,14002200
39.90137481689453,40.75811058327607,39.83115171554899,40.30165238801124,14234500
40.72298812866211,41.130286829319694,40.189283057517684,40.315686749165636,12701100
40.442100524902344,41.19349894659086,40.35783226907136,40.814287777092105,15684400
40.68085861206055,40.72299407504212,39.90839387593997,40.477207892575194,15371500
40.596588134765625,40.93366378358316,40.16822032725612,40.68085637726023,16050100
40.610633850097656,40.99686620228314,40.46316107514317,40.60360993380312,13392600
40.81428527832031,41.151360959847025,40.51934506154922,40.9968696134219,17818100
40.343780517578125,40.70192255543762,40.17524135463069,40.610633076061916,17532400
39.908390045166016,40.582541315124296,39.697715429319906,40.56147224623627,13857400
39.49407958984375,40.048848570013874,39.185091486678786,39.92244483305363,11833600
39.683677673339844,39.9856418215768,39.32553558155436,39.32553558155436,10902400
39.07272720336914,39.78901404863691,39.00250410590424,39.57834207740273,12460400
39.03059768676758,39.43087526930328,38.74969991569285,39.39576103878918,14083100
40.02777862548828,40.048845020167754,39.34660328989603,39.48003093310501,11097900
39.60643005371094,39.96457211581791,39.49407149708529,39.936481806951676,12636800
38.946311950683594,39.85220410542872,38.939290714552264,39.85220410542872,13117700
38.51795959472656,39.009529364156926,38.31431151955604,38.73565550544508,20604500
38.56008529663086,38.574130449781144,37.81570825270024,38.272166354147714,15859200
38.419639587402344,38.45475113373129,38.068518766434295,38.36346164904388,10174000
39.128910064697266,39.46598577373876,38.65138547384526,39.07975335788952,15735900
38.187904357910156,39.00952586024607,38.14576889157004,38.925257606405346,18467100
38.1036376953125,38.553074683454646,37.95616756485512,38.30026721476212,21405400
37.89999008178711,38.370490792987795,37.822743056643155,38.22302066071652,18201000
37.99127197265625,38.12469959983791,37.68930785060414,37.89295857084194,19960000
38.131717681884766,38.798847726064544,38.04744944142345,38.55306424186945,20830500
38.72160339355469,38.77778401029658,38.22301247474706,38.349416183577056,17063800
39.128910064697266,39.17806677150501,38.73565373139573,39.03059665108179,15427900
40.29463195800781,40.58255096544559,38.546048839483014,38.855036920818925,34227800
39.171043395996094,39.95755607348082,39.14997700102692,39.817107189727146,18156100
39.60643005371094,39.648562838170996,39.00250180728334,39.1991286116684,17300400
39.908390045166016,40.01372467425005,39.53620018831984,39.690694192249914,16086700
40.18226623535156,40.287600870738,39.683672650701396,39.84519058020445,16147300
40.54743194580078,40.81428183019042,40.08395258800295,40.554453183247176,17105600
40.79322052001953,40.87046753574721,40.21738253948162,40.484235135948296,14963000
40.63170623779297,40.821311823140306,40.2876066172353,40.5544592201878,14530800
40.765132904052734,40.89153663290199,40.519349363979,40.65979824923814,13649100
39.64154815673828,40.687886886087504,39.60643660426799,40.36485631721726,23412500
39.69771957397461,39.89434905737088,39.17806225369139,39.7679453462016,17129000
39.43087387084961,39.704747714572456,38.81992164225603,39.135930953797605,14826800
39.971588134765625,40.25248582907428,39.49406634058323,39.908388966327074,15021300
39.781986236572266,40.14714949765499,39.683670165992595,40.12608310766457,10652100
39.95051956176758,39.99967625375906,39.58535365066026,39.67664579814679,9019500
39.437889099121094,40.35782658166951,39.325530547567325,40.2735556588748,28868200
39.086769104003906,39.508113011388346,39.051657558195075,39.262329511887295,12333900
38.58116149902344,39.220201396269175,38.56009510335986,39.149978291497455,20716400
37.87189483642578,38.31430785447663,37.5418403824533,38.300262699111904,24794600
38.11767578125,38.19492279111397,37.45756959677124,37.85784712166699,17122500
37.331172943115234,37.963191617082344,37.11347702678439,37.94914646001199,30211900
38.40559768676758,38.4196428422569,37.43650606756005,37.43650606756005,15930300
38.71458435058594,38.82694291159999,38.17385793856846,38.56711156269797,17414800
38.39154815673828,38.85503019855567,38.32834898249685,38.6864910307276,12831600
38.475826263427734,38.91121539991429,38.44071471156973,38.65840794039317,15814500
38.791839599609375,38.925264582004225,38.56009851146888,38.86908395014957,11231100
38.6513786315918,38.855029340223844,38.48283946748686,38.567107710119764,13319700
38.8901481628418,38.932280952623614,38.49689182556048,38.70054257230471,15320800
38.304290771484375,38.80848354476589,38.16936747098507,38.80848354476589,17618400
38.694862365722656,38.758773971705565,38.23327824374357,38.23327824374357,15652200
38.66645812988281,38.893698802575656,38.446317543058036,38.87949592191704,15285100
39.36948013305664,39.51860901421739,38.538631994366135,38.65225232210815,15683600
39.099632263183594,39.568316438336716,39.071226504950744,39.49020195765749,13903600
39.61092758178711,39.646436138714186,38.886596905020184,38.964711395983656,13477400
39.98019790649414,40.19323572233806,39.68904559275879,39.767160090650215,13506300
39.67483901977539,39.9659913064264,39.52571283344933,39.9659913064264,10572900
39.653533935546875,40.12221814534803,39.6251281752141,39.653533935546875,12619700
39.58961486816406,39.731640934139165,39.31976561370356,39.65352646240677,11223500
39.6606330871582,39.83106493621876,39.34107777216846,39.63223003641673,16718700
40.370750427246094,40.88204313381583,39.86656051322408,40.01568664966637,17981700
40.38496780395508,40.711628655398975,40.12932135887838,40.47728517777113,12306700
40.818138122558594,40.97436707672191,40.45597420299699,40.51278300792415,13454700
40.796844482421875,40.96727364507273,40.59090676103961,40.74003295558979,9341800
40.69032669067383,40.80394704230284,40.576706339044826,40.62641507357483,12635800
40.818138122558594,40.83234100102091,40.22873356544421,40.37075693222314,16202900
40.647708892822266,41.09508737306862,40.56249162227071,41.09508737306862,13493400
41.123504638671875,41.28683372288825,40.60511162122265,40.619314503622704,11601000
40.860755920410156,41.32233738378916,40.768438544165285,41.30103441577984,9809300
41.06669235229492,41.151906930580985,40.79684302731268,40.83234887585499,10369900
41.563777923583984,41.57798080419558,40.938867430208646,41.05958785202349,12783900
41.89042663574219,42.00404693882811,41.52115997348248,41.64898315306937,12114500
41.5495719909668,42.33071411369125,41.36493997442308,42.11057354376556,12833100
41.61348342895508,41.87623263654011,41.556674619830126,41.61348342895508,10802100
41.55667495727539,41.61348376686164,41.32233150681108,41.40044599029919,7428600
41.74840545654297,41.85492297936054,41.36493587298687,41.52826490844476,8715900
41.74130630493164,41.84782654596512,41.57797725522329,41.705800460894565,8371900
42.02536392211914,42.2313016367176,41.741311715161075,41.79812324012173,10130600
41.933040618896484,42.2099899916106,41.84782605242804,42.15318118360571,10816300
41.8691291809082,41.96144654181546,41.60638268639611,41.61348277157872,8061500
41.89042663574219,41.92593247253372,41.57086868677497,41.89752671953181,11059300
42.302310943603516,42.33071670447871,41.89753833236061,41.968550025626136,10931500
42.1957893371582,42.430132793455,42.025360195235415,42.39462694796462,11316800
42.22419357299805,42.25259933193397,41.826523783584214,42.11057324617663,15096400
42.2028923034668,42.45853872631439,42.188689423428336,42.32361272041017,11405300
42.08216857910156,42.1886888234139,41.769713349466286,42.1886888234139,11873900
42.08926773071289,42.20998813549117,41.91173581150569,41.92593869011292,14555500
42.01115798950195,42.110575442039554,41.7413086833839,41.98275222908481,13358400
42.98403549194336,43.1331643908922,41.89754080900573,42.0040610641231,21711900
43.04085159301758,43.516635976234426,42.70709061982654,43.19708059475345,23126800
42.94852828979492,43.67285895856871,42.650275919141166,42.94852828979492,22250100
42.57926559448242,43.17577310186341,42.33782201509195,43.17577310186341,18469700
42.636070251464844,43.140260297808155,42.586361526271695,42.69287906214744,15896200
42.27389907836914,42.78519186460201,42.188684516971016,42.770988986215315,15811200
42.45853805541992,42.57925847045577,42.15318291172387,42.30941188075599,13924800
42.83490753173828,43.16156566084569,42.60766685853987,42.621869739230085,11932500
43.03373718261719,43.38880102969793,42.678673335536445,42.685776129474476,9444300
42.87041091918945,43.26808342893032,42.83490507396242,42.984031249269364,12699000
43.026641845703125,43.310694038282485,42.67867804523953,43.0337419315025,14996200
42.856204986572266,43.27518043182034,42.714181615780774,42.73548457961507,22584500
42.33070755004883,42.66446839584716,41.91173214897586,42.60765688638282,15871400
42.47984313964844,42.870412872788705,42.26680534965579,42.415931531758396,12198900
41.83362579345703,42.707082604003915,41.791017153092895,42.48694473442852,15416200
42.03245544433594,42.29520463036098,41.64898856467176,41.89753216342836,10875300
42.17448425292969,42.21709289073104,41.76261158987221,41.79101463948421,10676300
42.153175354003906,42.46563052712516,42.025352167517525,42.29520141775788,11910500
42.06796646118164,42.24549838753738,41.96854630692777,42.09636951061768,10005900
42.245506286621094,42.401732568958295,41.93304830410124,42.22420060940755,16348400
42.21709442138672,42.32361195636873,41.91883936380795,42.18158857639271,14547100
42.06796646118164,42.28810431615254,41.97564910097844,42.103472304668344,10741800
42.36621856689453,42.494041769889655,42.08216640270043,42.34491560270275,10457400
42.22419357299805,42.58636022712538,42.13187891983971,42.437231347172926,12524900
42.33070755004883,42.45142794427775,42.039555336348755,42.33780763427094,13674700
42.4799919128418,42.86754445645983,42.322102265185045,42.42975392434669,14266400
42.58047866821289,42.73119266215806,42.40105646463087,42.523062248939176,9846200
42.738365173339844,42.831665478851434,42.4512913115766,42.580475507587934,20211200
42.60198974609375,42.860358043820995,42.23596707839204,42.84600394530678,22109600
41.934547424316406,42.716828150869134,41.905839221673304,42.67376584690449,16591900
41.740779876708984,41.826901764851755,41.42499779500853,41.70489598479662,13644500
41.66182327270508,41.934545711143095,41.633115071234805,41.68335579269017,13364200
41.123558044433594,41.83407099435671,40.96566840715668,41.73359502397189,16075100
41.08768081665039,41.38910877663646,40.736012125568,41.2958112106019,18696200
40.72883605957031,41.417816593998936,40.685773749506545,40.98720444442237,21498300
41.14508819580078,41.381924006960844,40.55658103301448,40.85801166457647,16636100
41.59723663330078,41.604415053490385,41.2383922812445,41.446522662500776,12879600
41.489593505859375,41.51829897922786,40.886734760870084,41.28146308178512,15196800
41.18098068237305,41.51829252861224,41.13074268957646,41.410640860233244,12253000
40.41304397583008,41.15943800079129,40.27668139666474,40.85083169962128,18720200
40.73600769042969,41.13073864900455,40.204919607962616,40.30539558368531,19146100
40.90107727050781,40.95849093873303,40.45610833737896,40.62117639795324,17632800
41.41063690185547,41.776656919781225,40.90825428414628,41.38910438002571,16086400
41.44652557373047,41.89867025565455,41.27427906802809,41.4895878845974,10693500
41.06614303588867,41.51828488784862,40.60682276469869,41.04461051596336,20785700
41.73358917236328,42.322093548756584,41.48239654385696,41.633110478302065,20156400
42.00632095336914,42.164213351792654,41.63312248112783,41.68336321152507,11986200
42.94648742675781,43.477578213840296,42.709648866395874,43.09002569930158,24265900
43.85078048706055,44.073264979865066,43.20486227008058,43.26227594507724,22051800
43.77900695800781,44.030196886431405,43.398632855604966,43.98713732028158,12196900
43.628299713134766,43.78618937625014,43.30533922849942,43.71442159644909,13293300
43.82206726074219,43.915364808316205,43.33403878972134,43.5134609411918,10652800
43.700069427490234,44.10915181354954,43.56370954472561,43.642655748660815,14289400
43.599586486816406,43.793362755289614,43.319688344943444,43.46322662578637,11698200
43.29098129272461,43.88666421584967,43.27662719048201,43.87231011360707,11698800
43.212032318115234,43.37710037663362,42.9895505920867,43.348394911761,12663000
43.090023040771484,43.298153386230666,43.02543095900018,43.212028785359145,14225400
43.22638702392578,43.34121709831678,43.061318963099026,43.068494644976305,11601400
43.52064895629883,43.63547905627196,43.31969696578724,43.49194074686417,15481400
43.35557174682617,43.59241031823842,43.298158077788784,43.542169593403884,10604300
43.477577209472656,43.59240727730203,43.355568722411256,43.43451490737485,5763700
43.35557174682617,43.49193160633431,43.19767936588467,43.29097965805601,21839100
43.477577209472656,43.72158870806591,43.26226843674839,43.36992282311053,14282600
44.037376403808594,44.46081282068233,43.78618373135793,44.066084607134094,14169900
44.310096740722656,44.3746888262334,43.807714157612935,43.857952142147425,11937200
44.173736572265625,44.35315873765887,43.97278462310997,44.173736572265625,10495800
44.03019714355469,44.28138981121006,43.90819138839786,44.15220563647642,12537500
44.10197067260742,44.28139284561415,43.69288833717329,43.90819439722834,13421100
44.10914611816406,44.36751448394943,43.843602070113576,44.10197043589895,14949500
43.42734146118164,44.030200070762824,43.29816001562468,43.9656079791018,15464400
43.31250762939453,43.441691801529394,43.039787921789696,43.11873410895709,13673000
43.046966552734375,43.82207163864831,42.89625258750612,43.49911118618417,15706500
43.456050872802734,43.592413479966126,43.039792844354636,43.11156062029788,15876000
42.99672317504883,43.384275669429364,42.82447670940258,43.20485352252334,17165900
43.0684928894043,43.16897159594499,42.781419084011056,43.04696310688513,12095500
43.3914680480957,43.621128265489446,42.91061782347935,43.061331827812914,31909400
42.6953010559082,43.154621376057534,42.544584351425094,43.10438338715152,18567500
42.336448669433594,42.645052226463584,42.2431483915792,42.573284466738386,12951500
42.314918518066406,42.54457864734987,42.26468053589594,42.487164983911356,14012100
42.228797912597656,42.39386596432948,42.099613743804966,42.34362798066174,7751100
42.32927322387695,42.47281149117357,42.09243740993756,42.458457390667434,15355600
42.2072639465332,42.515870237195294,42.085255471316685,42.3651535633673,15686100
41.726417541503906,42.30056791214213,41.669003873322545,42.22162446061338,18259800
42.164207458496094,42.20009134282269,41.64029508158614,41.66900328415337,12906300
42.23597717285156,42.45128596425961,41.94172492739423,42.314923364665844,19129800
42.04220199584961,42.40822199894351,41.956077387550536,42.243153939684305,16220000
42.551761627197266,42.73118379354123,42.01349512816539,42.20727139634866,22678500
42.456016540527344,42.62285174594603,42.129601398271866,42.26742106351142,19079900
41.926483154296875,42.33269229709241,41.61457310603972,42.23839320255403,28411600
41.67986297607422,42.10783244888216,41.55655109823364,41.89022146223337,15688000
41.5347900390625,41.67261245858832,41.12132831463296,41.542045306971204,22699300
41.38970947265625,41.527529097094074,41.259142347578994,41.505768831938994,16985400
41.37519836425781,41.65809285671303,41.09955637057724,41.26639151312588,18341100
41.62183380126953,41.70887764069555,41.13583326640394,41.18660906999193,15785300
41.3824577331543,41.76690664179121,41.33168193208268,41.665352272574346,18821300
41.5347900390625,41.62908915235796,41.09956804505476,41.353447080380285,19923100
41.54204559326172,41.71613328523497,41.38246290305792,41.484014517887985,13601500
41.68711471557617,41.846694616507015,41.17209867803647,41.46950098027064,16364500
42.376220703125,42.521295621590525,41.47676118937182,41.68711968279313,22444300
41.03428268432617,41.549296000483736,40.91822330650089,41.33894028053868,37892700
39.98973846435547,41.3171670993378,39.9389626719671,41.08504840068435,37239000
40.16383743286133,40.86019649230016,39.89545063067205,39.89545063067205,24000800
39.714111328125,40.09130504630404,39.518260584046985,39.89545430222603,26231200
39.373172760009766,40.09129191983996,39.32965223140225,40.09129191983996,20541100
39.53276443481445,40.01876222902862,39.29339040453661,39.48198862846593,18974500
39.74312210083008,39.82291344259531,39.35142065965925,39.39494396436952,13909300
39.997005462646484,40.163840664842,39.598051477650756,39.72136337041842,14761700
40.127559661865234,40.38869389993252,40.01875280697944,40.04051583820056,12069500
39.93171310424805,40.243623168898125,39.74311767233275,40.16383183602389,17887700
39.895450592041016,40.11306158731009,39.66333182814415,39.90995836066882,19605600
39.86643600463867,40.214614158779625,39.83742046669176,40.055034234219605,16232800
39.60529708862305,39.93897020203692,39.5182532519851,39.90995466746638,17398800
39.31515121459961,39.66332933859078,39.300643446882425,39.47473112534113,18357300
39.27888107299805,39.402192941372405,39.04676233611511,39.24986553911928,22095700
41.33893966674805,41.527535115261216,40.35243358634366,40.62082037475333,40531300
41.33168029785156,41.78866525650082,41.00526247024494,41.30266476493686,20759900
40.947235107421875,41.6363388109926,40.87469627347709,41.58556301076804,18689400
40.947235107421875,41.23012964212257,40.72962413973469,41.00526340750412,17854900
41.36794662475586,41.73063247001466,40.83117312333393,41.2083667344519,21062000
41.433231353759766,41.65084231362522,41.106813530424844,41.40421858829826,17136900
40.98350143432617,41.24463569150673,40.432220154668805,40.70785941096076,24165300
40.11306381225586,41.06330195702873,40.10581131107666,40.96175033807534,23935200
40.15658187866211,40.5845513362959,40.098550808507284,40.25088098412684,20550400
39.88093566894531,40.27263705040447,39.83741237086982,40.12030965775038,17184600
40.17108917236328,40.59905862494897,39.46022517379401,39.57628454566096,22838700
39.75037384033203,40.34517849128132,39.554523123496466,40.29440268696178,23692000
40.620819091796875,40.76589399911089,39.83741625254541,39.85917928724042,23598100
41.19386291503906,41.56380129513151,40.49025142236624,40.58455052594811,23648800
40.76589584350586,41.41872880534487,40.74413280782621,41.27365665854098,20956400
41.40422439575195,41.55655181231622,40.512014631135244,41.121327064466186,18848600
40.265380859375,41.48400550677529,40.23636809506423,41.35343838262001,30312900
40.35242462158203,40.74412319948495,40.33791685690812,40.42496067787842,22002400
40.359683990478516,40.57729496348296,39.967982578826316,40.48299862766102,18970600
40.359683990478516,40.562787196339514,40.21460908611767,40.40320729190886,19044700
40.439476013183594,40.70786279221243,40.10580566443708,40.45398378057349,17867000
40.84568405151367,40.88920458538716,40.37419130934435,40.4394748772282,19970700
40.79490661621094,40.998009811679765,40.584548154004786,40.93272624641143,39055000
41.04878616333008,41.10681446264253,40.453981568241275,40.52651763415023,20656600
41.280914306640625,41.650852754438745,40.896468088938285,40.92548086167256,20084100
41.35344696044922,41.65810456903024,41.07780765634489,41.15759900066549,14819800
41.62183380126953,41.73789317619548,41.128580766065845,41.38245978400579,18047400
42.202125549316406,42.25290134673631,41.62182874517935,41.65809677661165,19632700
42.673622131347656,42.782426235517406,42.0352942053385,42.13684580939307,18577300
42.49953842163086,42.77518050991495,42.23840410294848,42.70264166190644,13239700
42.18037033081055,42.44875711601051,42.11508675959177,42.3617132767434,19531700
42.2891731262207,42.354456695414235,41.88296671085976,42.08606991854023,12885100
42.70263671875,42.891234934666315,42.40523439402702,42.45601019821822,14326300
42.87672424316406,42.87672424316406,42.56481417178657,42.65911327331488,12198300
42.79693603515625,43.13060639777331,42.644608621840696,42.8912351435737,13218400
42.23091506958008,42.61950005441614,42.179592999348664,42.55351413599818,16472400
42.15027618408203,42.37755888245795,41.97431276893731,42.230923169311275,13872000
42.18693161010742,42.44354199343128,42.10628183339323,42.274911913412254,19564600
42.245582580566406,42.34822672992874,41.908322433563505,42.062288657607006,15489100
42.30424880981445,42.61951466177153,42.00364681106979,42.157613074534225,13890100
42.30424880981445,42.45821507327888,42.18694078095908,42.2016046341715,13338400
42.72947311401367,42.876108793522974,42.37754916129712,42.575506909108235,19866200
42.81013107299805,43.04474708638977,42.59017891004875,42.890780852009605,11955400
42.81013107299805,42.92010855289445,42.502198604237726,42.61217328729063,16673600
42.62683868408203,43.14006228081064,42.56085275311916,42.817465949905255,18310100
41.996299743652344,42.59017301862515,41.89365560159749,42.48019555394175,20921900
42.0109748840332,42.13561623063247,41.62972311332348,41.8863363342778,18099400
41.74702835083008,42.07695801471167,41.68104241805376,42.054963636067455,15073600
41.29246139526367,41.585732837999835,41.204481081180326,41.483088672095306,21858600
41.373111724853516,41.54174182774465,41.30712578921404,41.3291201688126,12862500
42.025638580322266,42.172274306488205,41.44642900023091,41.461092852531884,18169200
42.3702278137207,42.4215498931394,41.761690590836814,42.04762868955341,16861500
42.46554183959961,42.766146608558834,42.428883608237975,42.69282734899179,17559100
42.964107513427734,43.0007685466643,42.4875448466382,42.50953922910481,22067700
43.03007888793945,43.30135589844757,42.92743474205777,42.98609013790057,17882200
43.46999740600586,43.52865002044075,43.030090211946415,43.191389796119275,14593100
43.05208206176758,43.308692462246285,42.964098955737505,43.110734668944026,15678600
43.63862228393555,43.88056883433063,43.272034397945006,43.31602595112757,22563000
42.920108795166016,43.836578476664215,42.736814858866374,43.836578476664215,17971900
42.82479476928711,43.18405211172445,42.634170307908825,42.70748676301351,14718600
43.118064880371094,43.39666963882431,42.49486384344034,42.52419154333334,13305100
43.03007888793945,43.447988794368136,43.01541503897875,43.264694877624216,13770000
42.48019790649414,43.30868720828637,42.4288758326245,43.176715362094924,22387000
41.92299270629883,42.15760873988635,41.52707710080349,42.15760873988635,26579000
41.73237228393555,41.74703613804821,41.31446223067922,41.43910359221479,20213500
41.637054443359375,41.97431464084683,41.60772674005341,41.72503475643355,20768900
41.72503662109375,42.01097474899598,41.60039807173897,41.83501411498408,15474400
41.7763557434082,42.01097177001679,41.629720027566925,41.85700552696309,12970700
41.409767150878906,41.81301326498,41.270464761453034,41.7910188868716,15935100
41.3217887878418,41.468424508106025,41.25580285356508,41.40243857382931,14045200
41.27046585083008,41.46109032543635,41.07250805209836,41.292460229519044,30754300
41.4171028137207,41.527077507316804,41.27046709208213,41.31445585078307,14027800
41.336448669433594,41.6883726861613,41.23380451416011,41.60772290791972,14922800
41.5344123840332,41.67371478653227,41.18248552020968,41.2851324869838,13681100
41.7763557434082,41.95231916178647,41.48308710856929,41.5710674193366,14212500
42.0109748840332,42.0622969688553,41.717706227456084,41.732367282967665,11868100
41.93764877319336,42.03296239315906,41.84233515322766,41.959643148245746,11144100
41.90100860595703,41.97432508562209,41.63706480421172,41.96699455639335,15858400
41.82767868041992,42.17960272753484,41.79835097728275,41.90099793826285,14705100
42.04029846191406,42.23825625401438,41.952318153261785,42.03296793487787,12013600
42.03296661376953,42.19426337508851,41.798347803331616,42.15027462056674,12929000
41.92299270629883,41.988978640548055,41.68104334843709,41.930323233729304,11907600
42.003631591796875,42.120939578147784,41.90831797887333,41.92298182677257,12602700
41.52707290649414,42.07695470408404,41.51974237980406,42.062290853860425,15678400
41.44643020629883,41.73236834237894,41.42443582562926,41.53441332266496,14761100
40.92586898803711,41.28512632602505,40.74257505570199,41.28512632602505,38210500
41.34377670288086,41.41709594997137,41.04317478191802,41.10916070587783,13628200
41.3291130065918,41.6297149286684,41.263127082387506,41.5637290044641,13866600
41.109169006347656,41.60772879985555,41.09450515396873,41.38777660785945,16524500
41.3291130065918,41.358440705536665,41.10183033187736,41.17514678239622,15386200
41.336448669433594,41.439092824707075,41.197143489982324,41.25579889119201,14540300
41.189815521240234,41.42443154696226,41.18248219721187,41.33645123652741,13754900
40.94054412841797,41.329126477137855,40.9258802741661,41.20448791126326,15313000
41.079833984375,41.160483759671656,40.88187620778595,40.88187620778595,14559700
41.27046585083008,41.373110013836815,41.07250805209836,41.1898160665123,11672200
41.380435943603516,41.475749568738806,41.24846409244492,41.336447191112896,11387100
41.35844039916992,41.43175684914568,41.05783847932006,41.40976247352161,13815900
41.44643020629883,41.48309123654001,41.211814156343664,41.31445832859355,14393300
41.28183364868164,41.504256754486,41.18544926580323,41.33373227909388,18384000
41.57098388671875,41.689609731463676,41.23734781454139,41.29666215104547,13757000
41.63030242919922,41.785998335857784,41.43012076566813,41.511676572469334,13451500
41.585811614990234,41.874961928838694,41.51908440192804,41.71926604111463,12511900
41.7563362121582,41.8378920092866,41.54132598850392,41.585811740100276,14821700
41.92686080932617,41.96393085496883,41.697024829383786,41.7563363367594,12813900
41.86012649536133,42.10479384597503,41.823056456006654,42.02323806243713,11637900
41.40046691894531,41.8453132103384,41.00751926727263,41.645131530732385,21958500
41.20769500732422,42.089974583665644,41.17803783796904,41.48201675320124,20258900
41.48202133178711,42.149290746348505,41.459777038183844,41.91945472913605,25264100
41.48202133178711,41.72668593531386,41.23735389999671,41.630304366666415,16231400
41.430118560791016,41.54132870465854,41.252178371034255,41.39304851283517,14894300
41.35597610473633,41.4746019564958,41.18545161959854,41.43011902975062,15330500
41.6673698425293,41.771167107067,41.13355210689159,41.27441941901228,15225800
41.311492919921875,41.756339154175144,41.28924862842484,41.69702764279762,14595900
41.50425338745117,41.652536388712356,41.43011330095208,41.437526178296785,12841900
41.35597610473633,41.65254214826672,41.34114751973347,41.54132917487697,13856900
41.34114074707031,41.71184682662112,41.281829245038914,41.56356665741115,13833400
41.318904876708984,41.48201647882021,41.20027902833627,41.34114633944658,12573100
41.052001953125,41.30408227093883,40.98527472699005,41.22252645807792,16446100
41.00009536743164,41.14837837768856,40.96302532193321,41.081651164486104,12776600
40.94078826904297,41.21511002918786,40.933372562186804,41.02234407487987,12660300
40.866641998291016,41.08906510529913,40.85922912030482,40.985267843912894,13452400
41.133548736572266,41.17061878111788,40.77767121806077,40.851811307152,11756900
41.200279235839844,41.40787376447181,41.16320918833604,41.22993640514822,11727300
41.252174377441406,41.37080021637404,41.17061858287589,41.237345794041936,10744800
41.422698974609375,41.50425476943177,41.2818316742654,41.29666025771157,8384600
41.50425338745117,41.57098059660555,41.20769021319181,41.45976763859391,12964200
41.65254211425781,41.667370699248565,41.34856319260589,41.42270328929625,11847600
41.12614059448242,41.57098683677833,41.1113120093041,41.55615825160001,15093500
41.052001953125,41.26701221825579,40.918547500855105,41.00010331371601,12679900
41.163211822509766,41.30407914334413,40.92596010938688,41.0223445016754,10645100
41.08906936645508,41.30407961777471,41.08165648770013,41.185453759850695,11963700
40.785091400146484,41.08907034508318,40.77767852121498,41.081657466151675,15478400
40.72577667236328,40.83698964541113,40.63680799088303,40.792503890539315,14666300
40.481101989746094,40.822153725960014,40.45886053043799,40.71094077289373,15256200
40.60715103149414,40.65163678659659,40.42921083934773,40.51818234955264,13213800
40.60715103149414,40.748018346923466,40.540423812972165,40.584909568074615,11621200
40.777671813964844,40.88146907151465,40.46628004131542,40.562661592889874,18405600
40.733192443847656,40.88889118282607,40.629395170037775,40.77767820187915,12647300
40.992679595947266,41.00750817875252,40.703529301902265,40.72577076197865,12875900
41.09647750854492,41.14837613506685,40.903708757238036,40.95561021202298,11006200
40.64421081542969,41.14837126621368,40.62938223414043,41.059402606740825,15500900
40.71094512939453,40.84439955604995,40.62197645437865,40.62197645437865,11835900
40.36248016357422,40.681287643842474,40.3550672858238,40.65163330457762,19403300
40.2067985534668,40.533019027323,40.19938567308414,40.45146603005708,15944100
40.495941162109375,40.762850056657335,40.33283237075732,40.33283237075732,20749000
40.34023666381836,40.607145501558264,40.243852288353835,40.51817683173264,16937500
40.4588737487793,40.52560097676698,40.266107772516996,40.266107772516996,15330000
40.35506057739258,40.62196938424875,40.29574625219667,40.495927857338806,14431400
40.24385452270508,40.377308948984464,40.08074575701275,40.14005726410182,30787600
40.22901916503906,40.466273638235585,40.043666140668094,40.08073900815245,20440500
40.05849838256836,40.5107602558834,40.04366979987212,40.251267129356556,16906900
40.08074951171875,40.32541409730865,40.051092341264386,40.14006102436404,15907900
40.34765625,40.48852639793203,40.04367731831058,40.184547466242606,14714100
40.31058883666992,40.45887187290784,40.22162014623264,40.30317595757668,12663900
40.384727478027344,40.51818191363552,40.31800026022326,40.36989889315273,13118200
40.154884338378906,40.54783189639418,40.05849996118651,40.36989455355307,19528200
40.317996978759766,40.52559149358163,40.10298675797247,40.10298675797247,14823000
40.04366683959961,40.41437289481193,40.03625396293097,40.406960018143295,18736600
40.25868606567383,40.45145484147453,39.97694860856848,40.051091533208506,18618400
40.4069709777832,40.66646415550943,40.2438593642047,40.36990092785996,18159200
40.41437911987305,40.63680504987109,40.27351181536904,40.510763500987984,13218200
40.42920684814453,40.473692598855315,40.04367216010711,40.288339546621735,21339800
40.436710357666016,40.77430582599205,40.384195379844115,40.541740313309816,18069600
39.941566467285156,40.489224700156946,39.926561779306965,40.41420126026598,21384600
39.14633560180664,39.97907719162841,38.99629158224253,39.95656872849023,32088400
38.5086555480957,39.146339111094,38.343606825594165,39.146339111094,42154000
38.52365493774414,38.56866900335543,38.15605008506625,38.418624979836174,27246900
38.95127487182617,39.00379270767992,38.3811110704362,38.4636354186831,27764900
39.21385192871094,39.61896988848537,39.02629763568775,39.071311696279814,27005500
38.94377136230469,39.251360273172175,38.74121239243811,39.131325646049525,20853500
39.27387237548828,39.32638735468562,38.951278725075035,39.01129747950156,16094800
40.21915054321289,40.31667959506475,39.55145759361187,39.60397257648935,30659500
40.05409622192383,40.459214200528876,39.8140269446434,40.33917956188866,17771100
39.7089958190918,40.07660063699477,39.671485532223336,40.07660063699477,16074000
39.44643020629883,39.83654071550223,39.35640206246532,39.73901451912744,15987400
39.821537017822266,39.889053829750544,39.43142366507544,39.53645363276651,15185200
39.48393630981445,39.91155993113883,39.36390165929975,39.889051466644204,15007400
39.61147689819336,39.874054697022416,39.47643754150462,39.573966601746974,18374700
39.75402069091797,39.79903190265963,39.31889323173375,39.38641291119847,17763200
39.724002838134766,40.03909270054837,39.66398408614077,39.94156652133556,14177700
39.43891906738281,39.82903236560987,39.39390500386953,39.79902298993435,16913800
39.716495513916016,39.81402454626469,39.40140567966064,39.45392065203654,12240000
38.89876937866211,39.69400081885766,38.411129806666125,39.69400081885766,30807500
39.19135284423828,39.61147269886314,39.026304123148876,39.026304123148876,17442800
39.25886917114258,39.32638597472567,38.94377644516336,39.23636070809658,15985200
39.19135284423828,39.288879032289415,39.003798520037364,39.236364050461304,16014100
39.461429595947266,39.58146425178707,39.16884530120349,39.326390250395995,16261100
39.34889602661133,39.56645971978043,39.28137635845029,39.56645971978043,10983700
39.26637268066406,39.401412020462686,39.22886238890929,39.393908245000645,14378500
39.31138610839844,39.41641606834399,39.06381303551098,39.341392624203046,14282700
39.05631637573242,39.476436261270806,39.04131168527004,39.39391189465374,15876100
38.80873489379883,39.056307940178094,38.71870963232067,39.01879479119835,17679200
38.44113540649414,38.74872438258182,38.358611046252,38.636190643733116,19490300
38.15604782104492,38.50114705136627,38.013504719326264,38.4711376760727,21105200
38.66619873046875,39.03380358963572,37.99850581896601,38.14854698328213,22751600
38.82373809814453,39.123826107411794,38.68119786776082,38.68119786776082,21501600
38.75621795654297,39.09381624730188,38.70370298485284,38.73371235777615,15474500
38.86125946044922,39.16134755525047,38.336106725473115,38.3736198837124,17048100
38.75621795654297,38.8987581851517,38.50864778455398,38.71870767131449,18652500
37.71343231201172,38.531169463401724,37.540882638470116,38.45614599978417,47766200
37.33831787109375,38.20106610690238,37.31581226637546,37.88597619343803,26295500
38.05852508544922,38.38861968279345,37.34581804437336,37.383331200628945,27364400
38.576171875,38.62868971847175,37.90097802766499,37.95349300928487,24711700
38.313602447509766,38.95878987039054,38.23107807548749,38.74122613721404,22433100
38.1035270690918,38.26857288448401,37.608383899212946,38.26107197272345,27754700
37.87846755981445,38.14854334695082,37.623393598198305,38.05101717181192,20452700
37.63090133666992,37.81095475593813,37.41333762309434,37.81095475593813,23628300
37.653411865234375,37.758444709624136,37.503370668382345,37.758444709624136,18498700
37.720924377441406,37.9159824752304,37.27829606243018,37.58588503646497,27618800
37.998512268066406,38.37362096622362,37.64590917600591,37.78844945103884,31555900
37.92348861694336,38.29109639846821,37.8709736284187,38.13355143289424,24115700
39.57395935058594,39.70149490750567,37.923480852693544,38.00600520686591,40091300
39.8890495300293,39.92656268174847,39.28137539336137,39.799024261976946,54501100
39.829036712646484,40.01659103831126,39.52894864684208,39.558958025792904,23418000
39.596466064453125,40.00908784690789,39.49893988119266,39.956570005807684,23905300
39.588966369628906,39.686495417743075,39.056312785512446,39.446426116117294,16486500
39.521446228027344,39.82903519593031,39.51394245264944,39.648981790933846,14921400
39.521446228027344,39.6264761885037,39.34889659840878,39.52894714155346,19705800
39.55146408081055,39.82904373038445,39.46893970508123,39.48394439720042,12126500
39.2813720703125,39.671485348006186,39.2663673832645,39.588961000167906,15109500
39.1988525390625,39.438921837626324,39.071316976260626,39.296381585932735,15615500
38.98128890991211,39.24386667319071,38.921273016093885,39.16134231507034,15911400
39.341392517089844,39.43142064981386,38.9962932605364,39.06381292915353,18240100
40.11412048339844,40.29417103516992,39.42391907000265,39.491438742379934,26376800
40.5267448425293,40.991878835535836,40.144132360689035,40.39170547974477,28697300
40.33168029785156,40.924352644481765,40.25665971350549,40.87183766306915,21563800
41.18205261230469,41.27316253438016,40.43797907696966,40.43797907696966,26512500
40.901119232177734,41.63000718132794,40.85556572658392,41.3718600297466,24929400
40.688533782958984,41.06057053965304,40.36205343412505,40.93908678535938,18598500
40.582244873046875,40.74168798151347,40.3089121749141,40.53668845791389,12778300
40.635379791259766,41.02259906090012,40.37723264605564,40.635379791259766,18178200
40.45316696166992,40.772056052469374,40.30131804792315,40.68853741210922,18695800
40.567047119140625,40.67334249260273,39.92168069664544,40.31649125626706,21570300
40.62019729614258,40.756863612209976,40.14186518990666,40.59742054224197,18374200
40.544273376464844,40.95426943363617,40.30131167727742,40.61260653538205,24297100
40.3620491027832,40.92389982076948,40.29371594649206,40.79482479384985,25294800
40.210201263427734,40.77964332288601,39.633167917562794,40.324090833852225,32500600
40.16465377807617,40.885944844536915,39.67872738151777,40.33928235494906,32075900
38.737247467041016,40.13427883926132,38.577804377466684,39.95205609665335,41504700
38.86631393432617,39.53446003109249,38.57779873718338,38.653723179309,35339600
40.16465377807617,40.187430537045344,38.86632348651527,39.05613753481179,29490800
40.415199279785156,40.483532440283575,39.640757759580346,39.8761281782598,25182400
40.392417907714844,40.69611855584404,39.64075322815666,40.544269679945266,33045600
40.84797668457031,41.21241925683652,40.468348643084845,40.665756846603266,24160200
40.84038162231445,41.43260038545316,40.77204846531138,40.99982468987767,21219800
40.4759407043457,40.87075419435661,40.41519883065236,40.63538377829281,16199800
40.24056625366211,40.51389886521326,39.86852955542157,40.41519477852386,15438900
40.10390090942383,40.36963934573013,39.92168109490858,40.24815850394272,13911700
40.62019729614258,40.74167814416561,40.14945937209478,40.35445884619589,16449300
40.270938873291016,40.65056687270817,40.1646434968673,40.498715093674946,18644400
40.4835319519043,40.589827334434645,40.012794016556185,40.20260802716951,18833100
40.44557571411133,40.582242053683125,39.860948127350305,40.430390243455314,16081700
40.51390838623047,40.68853695213101,40.35446529079942,40.46835197482202,12824100
40.544273376464844,40.84797405228316,40.308902963231816,40.38482740810341,17277700
40.680938720703125,40.688530006475844,40.07353159093942,40.316493284312166,17462500
40.870758056640625,40.96945926622164,40.45316487636621,40.66575855805107,20298500
40.92390060424805,41.02260180141124,40.68853019555426,40.999825047655406,19858400
40.55186462402344,40.94667810891215,40.422792488597544,40.923901354738625,17841900
39.92927169799805,40.36204737049046,39.26112563141979,40.21778977843688,30079700
41.090938568115234,41.40982763036494,40.30131443979601,40.30131443979601,31444200
40.74927520751953,41.07575557593259,40.54427860068556,40.847979315636394,30593900
40.70372009277344,41.14408712585305,40.43797871926669,40.620201458137956,24693100
41.10612106323242,41.31112053920367,40.64297442081574,40.74926980176411,20712900
41.50093460083008,41.87297133096392,41.13649205296349,41.288343838657546,27577700
41.84259796142578,42.055188711236234,41.19722863383703,41.32630365788747,26913800
41.516109466552734,41.94129377864516,41.379443183963424,41.56925714352289,24962800
40.43038558959961,42.01723088634046,40.38482918287545,41.72871276975157,36526700
40.30131149291992,40.855568047676535,40.24816090615464,40.78723488907192,23049800
40.415199279785156,40.49871790887567,40.07353347729303,40.240570735474066,17501800
40.270938873291016,40.68093780778116,40.24815922382037,40.51390056121145,20838500
39.860939025878906,40.749267133930694,39.81538262431277,40.567047320329586,23124100
40.058345794677734,40.240568511379415,39.64075556863733,40.00519810570887,20477600
39.85334777832031,40.24056705483941,39.44334885283064,40.14186296618485,28500700
39.754642486572266,39.8913087909329,39.481309877851004,39.845752390702145,22931500
38.57020568847656,39.701498445912534,38.57020568847656,39.572423414908215,70390600
38.7979850769043,39.337059102522986,38.69928387047074,39.00298456895668,39892800
38.7220573425293,39.07131441951873,38.68409512047947,38.866314944851396,28676600
38.699283599853516,39.071317459755356,38.691689417053496,38.760022580593116,25988800
38.7220573425293,38.866314944851396,38.66890965239316,38.75242827870191,21087300
38.93464279174805,39.0713090895494,38.699275309347975,38.76760845824866,18765800
38.85112762451172,39.018164869165616,38.68409327618957,38.99538811628799,21688600
38.9118766784668,38.980209846048126,38.6916917055567,38.965024375882024,28193400
39.185203552246094,39.200389020165865,38.7827987895338,38.889094168640305,23821200
38.6765022277832,39.291500672289864,38.66891094165289,39.22316751178912,31027600
39.572425842285156,39.62557353586117,38.58539352344652,38.737245317806014,30550300
39.83057403564453,39.860944974554386,39.2079842696533,39.4965023966326,25793000
40.07353210449219,40.16464491292349,39.580017425649466,39.63316511573512,23150600
40.392417907714844,40.56704643206375,39.91408583890509,40.09630854484793,28661700
40.476951599121094,40.715187995904564,39.99279801604363,40.30788335031903,22790600
41.13786697387695,41.25314332280659,40.346311701464764,40.52306661998402,24852200
41.422218322753906,42.03701873309616,41.276201209822894,41.399161291891346,33614900
41.24545669555664,41.537487963191026,41.0533314016181,41.399157517027334,21136400
41.606651306152344,41.78340621679668,41.183976264907265,41.183976264907265,19798000
41.3684196472168,41.64507760760514,41.329992243196806,41.4990634397669,16915100
41.030277252197266,41.71424282869139,40.899633459653145,41.31462186601632,14394300
41.30693817138672,41.4298982421678,41.08407212697121,41.17629437875652,12890000
41.814151763916016,41.87563326942039,41.26851659476258,41.314624792291326,19563400
42.27525329589844,42.659503928381646,41.86026484083233,41.96785454887168,32821100
39.89289855957031,41.14555637990267,39.54707242124548,41.06870449827519,44958400
38.64023971557617,39.531700997641515,38.071550464596264,39.45485204964945,46028400
37.971641540527344,38.924584252322546,37.94090079107606,38.62486634257137,29507700
37.24156188964844,38.04848744288485,37.21082114265302,38.04848744288485,30582000
37.19545364379883,37.787196898760165,37.11860177642795,37.418316730176905,33011700
35.58160400390625,37.041757416749654,35.48169802978134,37.01101666600363,41014200
35.527809143066406,36.16566652861896,35.00522810697014,35.74298853501216,33309400
36.25019836425781,36.43463993283739,35.39716453792518,35.65076839667291,33263100
37.172401428222656,37.210825901081066,36.11955562758554,36.303997201545016,29564600
36.765106201171875,37.1416731679387,36.434650372662254,36.91112040825283,20664300
37.09554672241211,37.22619049616457,36.51917092423591,36.58064948494327,19322000
37.364524841308594,37.54896640597403,36.69592966614494,36.9879609220322,24391300
36.98796463012695,37.99469935457137,36.71130372119278,37.579710922769614,23007300
36.795833587646484,37.287673823911256,36.59602165941452,37.026383331945716,20133200
36.934165954589844,37.02638527081876,36.434639039451426,36.742040669013406,21623900
37.02638244628906,37.23387809067487,36.588337063118686,37.08017728761883,21080500
37.687294006347656,37.810254062991575,36.703610621597335,36.87268179883234,22754700
37.61044692993164,37.81794260162616,37.2953615614176,37.61813358347553,22043100
37.572025299072266,38.01007077302933,37.37221626580748,37.61813642902549,22365100
37.7334098815918,37.79489138823696,36.987965668916495,37.24156955482883,23186400
38.06385803222656,38.11765287397411,37.59507189848455,37.68729413999377,24181800
38.17144775390625,38.6325501671166,38.04080397570268,38.263669995507726,16761800
38.947635650634766,39.05522533466209,37.5489638950815,38.18681827821451,25414700
39.377994537353516,39.401048630417215,38.72476689509344,38.80930247845876,19831500
39.185874938964844,39.66234483124548,39.12439343978064,39.431795072503185,15500400
39.50096130371094,39.52401540069511,38.83236317517671,39.001434370658835,13347300
39.41642379760742,39.62391945521696,39.07828142301448,39.39336677014025,25016600
39.50096130371094,39.67771622098802,39.23198413529853,39.53169912249007,15358100
39.41642379760742,39.64697355108496,38.72477160557565,39.616232802194844,13527800
39.047542572021484,39.385682006063725,38.95532032779253,39.147445605870885,10819800
39.377994537353516,39.462527189120024,38.97837364518941,39.13975815983295,12898100
39.69308853149414,39.731513005541004,39.139766724101094,39.30883792782662,15383000
39.61623764038086,39.931323025986856,39.5317020364086,39.75456809568101,13249700
39.1474494934082,39.78530688713835,39.13207911784369,39.67003053620418,12078400
39.055233001708984,39.500965130581186,38.78625873883755,38.92458919734275,19868500
38.10997009277344,39.03217200941411,37.96395593751497,38.90152529652047,23762500
37.77951431274414,38.302095300168844,37.57970531477544,38.10997002336856,20278700
37.77184295654297,38.29442411503952,37.34916486393544,37.83332154081314,22005600
37.533599853515625,37.63350583336662,36.89574243117405,37.287679696651274,22029300
37.67961502075195,38.03312782068438,37.295364399103335,37.356845905734914,36469500
38.924583435058594,39.12439243909828,37.82562658384243,37.894791802856005,34258500
39.03218078613281,39.324209162314816,38.586448635750166,38.624873113500456,23650600
40.03122329711914,40.10038851490503,39.2166110578186,39.2166110578186,21736400
39.16281509399414,40.07733327318294,38.863100136027704,39.98511103104017,28490700
39.16281509399414,39.570122667793804,38.924581630789554,39.41642186248822,16974900
38.778564453125,39.42410548857436,38.75551035844435,39.247350588958334,16615700
39.1474494934082,39.19356062010175,38.67097957730577,38.79393965022251,13901400
39.001434326171875,39.3626308137083,38.77856828358135,38.93995282548512,18880500
39.685394287109375,39.785300245801785,38.87078503936801,39.16281333154753,14189300
39.516334533691406,39.54707528857123,38.79394438361403,39.516334533691406,19675600
39.58549499511719,39.87752626807738,39.29346665375638,39.516329770773964,14938900
39.46098709106445,39.73334828314212,39.188628867468786,39.65552952748478,13617100
39.289791107177734,39.62440136120998,39.227536103695115,39.31313524924274,13959200
39.297576904296875,39.484338971954486,39.110814836639264,39.19641399396224,12259000
39.51546096801758,39.96680087088036,39.12637607319745,39.4143010326715,20528700
39.30535888671875,39.75669883686956,39.064128126484505,39.25088723321537,13362500
39.289791107177734,39.34426275098405,38.69838044802066,38.84623162856895,10271700
39.70221710205078,39.7177808517401,39.18084187714455,39.68665335236146,13021300
39.126373291015625,39.81894387959128,39.0407741452848,39.733347702342414,16173100
39.258663177490234,39.344262322104775,39.09524824785262,39.282007319300774,14638500
38.184791564941406,39.33648250417048,38.13810030863456,39.27423046424355,29611400
37.08756637573242,37.25876465314938,36.32496045489227,37.06422223553255,32321000
34.58964920043945,35.93588263701495,34.06049348371261,35.756903934075325,58265000
34.83087158203125,34.86199907988967,34.27837185321134,34.53516925782096,27180700
34.95538330078125,35.14992573580826,34.449574750800224,34.62855343480723,20571800
34.94759750366211,35.08766827269334,34.589640191018525,34.86978172908099,21560500
35.44562530517578,35.57791568309589,34.82309020800276,34.89312559196482,22051900
35.94366455078125,36.184898274598915,35.46898343253217,35.570143376422635,23129800
35.998130798339844,36.184892841719495,35.73355296849982,36.021477909063535,18612100
35.282222747802734,36.13042804222971,35.25887860113858,35.990357225279745,18710300
35.27443313598633,35.4923196971931,35.1577064962074,35.37559305741418,17314100
34.57408142089844,35.18883622144803,34.51960977715171,35.18883622144803,29704300
34.978729248046875,35.00207338955938,34.519608997915675,34.61298853244758,17297500
34.6596794128418,35.02541715604313,34.511825268894036,34.97872887351803,20597000
34.76862716674805,34.900914608885884,34.54295721059055,34.71415551781103,14554000
34.89313507080078,35.06433338221051,34.74528387270839,35.025422516175716,16402700
34.846439361572266,35.21996047363299,34.81531482859532,34.98651014965528,15407300
35.134368896484375,35.21996508397806,34.86979103641416,34.97873433729914,15090900
35.45341110229492,35.51566313205343,34.9709437713784,35.04097916015779,15713600
35.640174865722656,35.83471730818673,35.31334498725441,35.406724528462185,14112800
35.282222747802734,35.5779281356396,35.219967732054954,35.35225815627771,11294400
34.38732147216797,34.65189931581966,34.16943488391909,34.56630016515557,25957400
34.56629943847656,34.6207740528757,34.208342060026624,34.31728535186077,19485400
34.37175369262695,34.60520697380245,34.30950166120013,34.550735333123306,15031400
33.82704162597656,34.34063356719129,33.788130761800375,34.239470663601104,19014200
33.8892936706543,33.95154867856013,33.632499184248125,33.8892936706543,17384400
34.037147521972656,34.099399560832616,33.788130461086396,33.967112122953864,14327600
33.65584182739258,34.00601881004451,33.648061435992325,33.92041966223159,16795700
33.71809005737305,33.90484909827293,33.476856413689134,33.476856413689134,15039500
33.09555435180664,33.75700033713881,33.07221021215924,33.75700033713881,20705100
32.535274505615234,33.14224588961237,32.49636364788687,33.04886636172397,28368200
32.535274505615234,32.722033561392045,32.402984119998465,32.402984119998465,21641700
32.138404846191406,32.84653908460221,32.02168118379405,32.683124176156994,21155700
31.98277473449707,32.441894994207516,31.974994343324532,32.17731716711197,23898600
31.967220306396484,32.410776903447314,31.90496529071372,32.01390859967603,25548300
32.15397262573242,32.465241701442814,31.679288621090937,31.904958552556874,28753200
32.86989212036133,32.93214415783821,32.27070104617576,32.434115984094895,20259500
33.274532318115234,33.34456770407111,33.00217413299883,33.14224490491058,18553200
32.488582611083984,33.1578089793472,32.34851183779719,32.994394066673145,21284500
32.12284469604492,32.62865619520785,31.88939437661659,32.48858540985449,23152200
31.928302764892578,32.115064804428314,31.679288691166207,31.928302764892578,22763400
32.09950256347656,32.32517250605548,31.640382286859676,31.889396372297778,45069300
32.09172439575195,32.09950478775013,31.663728623796146,31.951653591926828,18960900
31.585914611816406,31.897183741984218,31.49253506015903,31.897183741984218,15561200
30.722143173217773,31.827145826549856,30.714362781394154,31.663727913431924,25612100
31.072315216064453,31.438055911531706,30.550939992622943,30.71435787966086,19806400
30.753267288208008,31.02562549925141,30.43421782592208,30.78439478903636,19439700
30.294147491455078,30.64432445978001,30.060697168732425,30.527597814177728,21345700
30.263025283813477,30.893343937054556,30.177426124529603,30.5042590082969,20357700
30.6521053314209,30.74548486827757,30.356400001479166,30.395310862944573,20567400
30.068479537963867,30.504255679268454,29.92062834982511,30.43422028099597,17806900
29.547107696533203,30.18520668297424,29.53154394460999,29.990664236657285,23523600
30.473127365112305,30.636542300572657,29.873936299942326,29.959535447606896,21495300
30.97894287109375,31.01006740912141,30.54316668539998,30.73770914836431,25922500
30.65989112854004,30.831086464973477,30.247459118378035,30.613199872158813,17797900
29.94219207763672,31.382328975731845,29.886802429133787,31.231986075296668,36663300
29.15882110595703,29.83141447652975,29.127172032520022,29.776024824877947,31838700
28.976823806762695,29.530723297858394,28.779002775550616,29.380380400800593,21622200
28.43875503540039,29.032218226595383,28.430843520995474,28.92935344678203,27708900
28.233020782470703,28.64448893284531,28.169716596947055,28.407104274151035,23336800
28.80274200439453,28.953084894418794,27.726595161985042,27.78989631938659,33118100
28.786922454833984,29.20630215007395,28.75527035973778,29.11926039781435,26019000
29.41994285583496,29.51489610193054,28.953085119643568,29.055952897044182,21962900
29.332902908325195,29.831412763067533,29.14299640457251,29.807672186216358,27488600
28.937257766723633,29.570284409578093,28.929346254285697,28.937257766723633,29563600
29.277511596679688,29.696891202276724,28.921433149234428,28.937259193399694,35523700
27.971891403198242,28.248842646091937,27.338864734241493,28.10641126826301,51671100
28.462493896484375,28.79483181459543,28.145979006227435,28.21719470560976,28844800
28.826478958129883,28.866042557991936,28.327969148042317,28.415010878844342,25496500
28.826478958129883,29.04803753216472,28.644483983957098,28.786915358267834,20328200
28.628658294677734,29.055952422899008,28.58909469432596,29.032211847880568,20268000
29.807668685913086,30.10044595745772,28.93725743915487,29.11925240825853,31824300
29.570283889770508,29.70480374692378,29.293335681674176,29.681063173009036,26630600
29.570283889770508,30.140009367579047,29.51489424815124,30.05296763974618,22968900
29.839324951171875,30.345746330644534,29.404119266844404,29.475334961989592,30648900
29.39620590209961,29.70480622212416,29.372465326206648,29.562374840803702,22329800
29.467424392700195,29.57028916347618,29.11925741927497,29.554463117546884,17599400
29.4278564453125,29.6335920146322,29.261687498291614,29.53072422997235,19697600
29.965927124023438,30.060883386505193,29.4041161542978,29.43576824179172,17392700
29.768108367919922,30.17166496787272,29.744370809749558,30.00549300515187,17574600
30.48027229309082,30.504009856708755,29.926372666761363,30.306188777198958,23049000
30.30618667602539,30.614787055703324,29.918459077433596,30.504007741819954,22981000
30.314104080200195,30.85217767160544,30.30618954645324,30.424883404575944,23028500
29.8314151763916,30.725567174548836,29.64150563876602,30.456530423709918,25074100
29.97384262084961,30.124185513525667,29.776021595403023,29.799759152533635,18962200
30.195409774780273,30.21123582352954,29.506993255992914,29.712725852713103,18780400
30.50400161743164,30.678085086302723,30.298269078455252,30.298269078455252,17821700
30.55939483642578,30.962951467174943,30.48026762414656,30.543568790268004,19184200
31.018342971801758,31.113296235909104,30.73348016096988,30.73348016096988,19809500
30.79677963256836,31.018341261280497,30.551483462275534,30.883821377579235,14170000
30.87590789794922,31.14494462971337,30.83634429414762,30.93920906032988,7725700
30.258708953857422,30.931299312401684,30.17166720942024,30.867995127898403,21560900
30.337839126586914,30.361576688837317,30.02923874329185,30.08462840088276,14008800
30.844253540039062,30.970858874002687,30.18748931338692,30.23496442705499,31358800
30.329931259155273,31.0420853788929,29.918463025779836,31.002521764214748,26276600
30.211231231689453,30.30618449124286,29.83141517496614,30.013410180155873,21677100
29.332902908325195,30.155839140612034,29.19838605304283,30.052971356948813,27561000
29.190473556518555,29.332904953518614,28.984740993357175,29.26960378735729,26293700
29.412029266357422,29.522811578610533,29.016387206695843,29.07177987207708,23065900
29.35663604736328,29.467418346136377,29.17464108428527,29.364550577958717,19549100
29.59402847290039,29.77602346552054,29.24586151440142,29.443682552272385,20671200
30.02923011779785,30.037141630105527,29.49906823791109,29.82349457568929,19629600
29.958019256591797,30.559393899603396,29.94219321091918,30.377398902132654,30176800
29.633590698242188,30.140012048672034,29.467421758602896,29.965928577520767,23329800
29.88680076599121,30.337832460707155,29.79975903218475,29.87097472179828,33007200
29.37247085571289,29.728549376047493,29.016392335378285,29.681071233832913,62763800
29.301246643066406,29.649413547851836,28.945171244639894,29.538634266696118,26127200
29.269603729248047,29.44368419972833,28.976826403490477,29.269603729248047,24147300
29.89471435546875,29.950104004736996,29.46742320661507,29.491160765298748,24504300
30.314104080200195,30.322015595436948,29.570294870516957,29.815594101999118,26865300
30.393230438232422,30.496098244432343,30.00549979548509,30.31410321408486,16918300
31.057903289794922,31.176597121236163,30.32200877928208,30.45652865614945,25315900
30.709747314453125,31.382337817783892,30.535663788104326,31.010433200042478,21793200
31.065818786621094,31.279465899504196,30.70974328365917,30.780958987953536,17347000
31.176597595214844,31.40606771110862,30.915472369478028,31.10538189896931,44007200
31.74631690979004,31.83335864282747,31.160768372371585,31.469368685133915,31330700
32.5455207824707,32.77499091198252,31.857101338406014,32.078662972379476,28779500
32.99654769897461,33.19436872472564,32.300216843148355,32.60090564747254,29987200
33.384273529052734,33.692876849149584,33.138977401385155,33.17062646983606,26010400
33.25004959106445,33.49116609498238,33.20182812985848,33.258088545240575,23062200
33.716217041015625,33.74032777606554,33.08931033604853,33.24201983393334,16695300
33.097347259521484,33.9010710821112,32.968751570545656,33.868921393376475,20674800
33.60369873046875,33.71621959049438,33.049127254680286,33.25809719412517,16980300
33.643882751464844,33.69210422297154,33.25005669370121,33.47510146926472,17229800
32.83211898803711,33.69210328693219,32.78389751787011,33.635842861095185,28697000
32.124847412109375,32.8401612403841,32.0042875926629,32.8401612403841,22976500
32.197181701660156,32.37399888119693,31.72298446087961,31.915876486913085,24812600
32.148956298828125,32.24540230925486,31.714944652962732,32.181105990958166,23377900
31.851577758789062,32.42222096944354,31.68279341631617,32.14091884192746,34249300
32.48652267456055,32.735678218815394,30.871038780291464,31.09608051964181,32143900
32.4141845703125,33.02501335158808,32.07661895663566,32.58296584416932,26527000
32.365962982177734,32.60707954763611,32.09269672373465,32.45437310490395,19568100
32.6633415222168,32.695491216722054,31.964102529527388,32.32577892780247,17254000
32.99285888671875,33.16164013614911,32.71155680433481,32.82407763728839,22272600
33.410804748535156,33.41884370506914,32.96071822750333,33.01698172535045,18665200
33.50724411010742,33.756399591793524,33.05716074443315,33.74836370281919,19542000
33.619773864746094,33.70014503231977,33.1134269243341,33.54743858754438,18443800
33.36257553100586,33.73229083065879,33.065198566165236,33.579581337553286,18314400
33.1777229309082,33.42687845356797,32.8723100442506,33.362579067347326,15530700
32.591007232666016,33.121464944263394,32.2454056711443,32.94464775104007,21668500
32.56689453125,32.71156508623587,32.245403727733944,32.574930421654315,14080200
31.99625015258789,32.679414253796466,31.948025613952073,32.64726456137259,17485700
32.15700149536133,32.20522604751295,31.923923824872542,32.148965602984866,15398500
32.40614700317383,32.52670681307274,32.05250959528079,32.156991493498964,14486000
32.4141845703125,32.615115534226774,32.07661895663566,32.51866646405442,12292400
32.454376220703125,32.470451068738754,32.22933141416809,32.33381639341779,11265200
32.02036666870117,32.31774371239098,31.90784579087065,32.19718694298569,16625900
32.32577896118164,32.46241056402464,31.875692435534166,32.02036299499358,15029200
31.505983352661133,32.132887130144134,31.47383365485074,32.068590800487286,17805500
31.570268630981445,31.819424102847925,31.369337688949305,31.650642847372016,15086800
30.96748924255371,31.60243203072597,30.95945335040908,31.4416865941557,16738200
31.136268615722656,31.15234039741993,30.61384679761405,30.726367665277145,16431500
31.248788833618164,31.465794673583442,31.04785784097961,31.33719896093331,14210900
31.192527770996094,31.321123481049124,30.983557825932692,31.10411764546647,16685300
30.782629013061523,31.112155734986004,30.66207225097039,31.112155734986004,18411700
30.87103843688965,30.9112240233318,30.493287179213223,30.621882895406344,18818900
30.75048065185547,30.951411663361476,30.589738295421796,30.895151225416907,23407500
30.662067413330078,31.0478545098898,30.581693185319736,30.838884583026218,22925600
30.469175338745117,30.662070439041383,30.083388204116194,30.62188178808877,23713500
30.163755416870117,30.3888001820191,30.019084877118345,30.380761226497775,20295600
29.37610626220703,30.260204341537055,29.35199552768565,30.2200156960505,26506900
29.480588912963867,29.673480905954953,29.26358312137668,29.448439225477703,23940700
29.368072509765625,30.003015136713653,29.24751269645935,29.368072509765625,21834500
29.641334533691406,29.689555999363208,29.335918631930443,29.464514316993537,22433200
29.786012649536133,29.946754997336036,29.35200095216338,29.488632560986048,21722200
29.400222778320312,29.64133934369507,29.28769885291285,29.59311480423473,29164400
29.56900405883789,29.601153751802048,29.06265712552457,29.37610896701642,47352500
30.0833797454834,30.30842141091707,29.68151787665884,29.705628607680236,19247800
30.332544326782227,30.35665506505204,30.027128356188708,30.31646947928113,16648100
29.9869384765625,30.50132125908804,29.970863631363173,30.372725563456655,15321800
30.035154342651367,30.244124225292662,29.86637309849216,29.978893927931633,15799000
30.268239974975586,30.30038966470756,29.938713320130795,30.163755016328263,14957700
30.58169174194336,30.718326390130485,30.300389622092155,30.533470273376388,14472800
30.541507720947266,30.790663229786,30.477208338293405,30.55758256661073,13092600
30.927291870117188,30.95140260333181,30.670100495951132,30.790660293950292,12308900
31.07196617126465,31.144301445647915,30.89514593033591,30.983556050800278,13918700
31.25682258605957,31.38541828991263,30.98355633212639,31.17645142088769,22801500
31.522052764892578,31.81139386335499,31.361307369528635,31.385418105746034,19354900
31.867658615112305,31.867658615112305,31.51401808414288,31.578317477396894,18577100
32.23736572265625,32.3418506868396,31.80335408616848,31.93194978594671,23561300
32.25615692138672,32.50126387627837,31.994709087275087,32.2724978006067,21546600
32.14994430541992,32.14994430541992,31.85581781547795,32.0355612621029,16114300
32.231651306152344,32.435907647615025,32.084586490962856,32.1336091349275,12539700
32.02739715576172,32.37871833644863,31.945692743564393,32.166289981440215,13095200
32.125431060791016,32.125431060791016,31.798619729571055,32.01921691063895,13515800
32.043731689453125,32.20713424806394,31.77411185767804,32.166283608411234,11008400
32.239810943603516,32.28066157684113,31.978363150838533,32.04372665738155,11572900
31.814964294433594,32.26433070610835,31.782285650887957,32.24798982598343,16588500
31.53717613220215,31.85581862530535,31.471815727232645,31.79862398548868,17701200
30.385168075561523,30.88355397919573,30.213593520223057,30.769170942303422,31521300
30.49138069152832,30.581253963606482,30.270783510073873,30.581253963606482,23823800
30.31163215637207,30.630274586456792,30.213590009955656,30.385164545360293,20362500
30.475040435791016,30.524063071572463,29.878612392284328,29.99299542573713,24959400
30.164573669433594,30.589427214782496,30.082872383164467,30.311638478081456,21499300
31.692413330078125,31.708754210698814,30.33615140560387,30.393342929424136,28841000
31.72509002685547,31.863982814902606,31.42278845868735,31.50449284874784,19197500
31.627050399780273,32.011053309795805,31.602540636742468,32.0028813109803,17043500
30.77733612060547,31.463637376092926,30.630274459940097,31.430958738558193,17268700
31.03061866760254,31.292066498658905,30.728320197325612,31.014277788573516,16703200
30.515886306762695,31.014272117553073,30.466866795342938,30.93257085405119,16163100
30.908058166503906,30.91622704539785,30.360649779515718,30.654779286947804,15817400
30.908058166503906,30.973418547764854,30.58941578898373,30.785503166172827,10672400
30.695634841918945,30.899891130788088,30.581251818824803,30.899891130788088,12226800
30.744657516479492,30.908063171145237,30.466868838558813,30.8917222940083,14427500
30.72014617919922,30.752827935108,30.491380121245317,30.564912513688185,11068700
30.711977005004883,30.834532030139446,30.564912221524914,30.752827641148485,10670700
30.04201316833496,30.744655249904547,30.001162536856043,30.744655249904547,20408700
29.453758239746094,30.050186269904003,29.44558935898397,29.919462360783143,20244700
29.55997085571289,29.690694758049172,29.445587830756605,29.592652610472882,16741100
29.519121170043945,29.551799809151305,29.184140964739207,29.421075902610525,20365900
29.453758239746094,29.837761086346546,29.43741736151801,29.592654146332915,16829200
29.38022232055664,29.68252385644546,29.339371688240263,29.617160351376484,16634300
29.608993530273438,30.156398898120983,29.24950046080586,29.363883485926024,21539700
29.30669403076172,29.6171644898148,29.290353152211146,29.60082361126423,16044200
28.448814392089844,29.053414351453604,28.383454003260606,29.037073475070425,32465900
28.595882415771484,28.64490505049762,28.32626259983351,28.46515850653897,18216700
28.51418685913086,28.702102321540742,28.416141570017857,28.57137838609454,19353300
29.110610961914062,29.39656855697348,28.481501136079313,28.481501136079313,53756700
29.184144973754883,29.331209778403473,28.939034888204425,29.08609969285302,20565300
28.25273323059082,28.514181048202556,27.550091051995338,28.105668443596237,61527900
28.154687881469727,28.71843726891526,28.146519000750494,28.416135698338678,30125600
28.35077476501465,28.38345652067966,28.0484763168727,28.187369103393355,18406700
28.808307647705078,28.82464852597446,28.29358400738685,28.36711640124715,25494100
28.94719886779785,28.955367747257995,28.579536958024566,28.791965224428395,17749700
28.979887008666992,29.102438927810017,28.808309335140308,28.971715010701704,14953900
29.094268798828125,29.233161591241213,28.89001249231201,29.135119436790568,14044500
28.988052368164062,29.24133129034852,28.9390297364402,29.004393245405346,17706700
29.192306518554688,29.396562794041387,29.10243325866799,29.110605255041374,16538700
29.77239990234375,29.79691277995529,29.151462064623527,29.216822465944777,18890900
29.788740158081055,29.97665559341285,29.551802085256785,29.837762795573532,36102100
29.25767707824707,29.551803567845948,29.23316419991903,29.478274282974358,17687900
29.27401351928711,29.388396545126316,29.004393715491524,29.167799373849117,17121200
29.290353775024414,29.347545292815557,29.061587703859846,29.265844015029344,12431200
29.01256561279297,29.478272878385436,28.988055852336952,29.37205872190266,18991500
29.502782821655273,29.52729258226316,29.004396911267882,29.1351208290167,15840000
29.86227035522461,29.968484503612025,29.59265366064583,29.715205570289353,17757800
30.082870483398438,30.115552242523915,29.60899744289537,29.821422643802794,16756400
30.221765518188477,30.246275278464314,29.952145688338256,30.058359844040222,16740800
30.385168075561523,30.434190712817085,30.10737936452134,30.229934399308245,19098300
30.458694458007812,30.540398837298493,30.1972466776844,30.368821199139752,10367100
30.622100830078125,30.785506475852554,30.41784455203595,30.458695184303693,19868300
30.33614730834961,30.564913372733116,30.278955792253733,30.556744491878224,21558200
29.856287002563477,30.230527600500817,29.831335302868847,30.12241520098479,20482700
29.224227905273438,29.906181757863912,29.10779722397723,29.872914942494102,30326400
29.09947967529297,29.290759088941915,28.866615159656888,29.207592057465504,28340300
28.991363525390625,29.30739189351676,28.866614566986208,29.19095805184033,27299600
28.80840301513672,28.991367332154912,28.625438698118526,28.958100515879202,25641900
28.284461975097656,28.691972546292043,28.234564922807323,28.633757203621162,31576000
26.163747787475586,27.9850660709586,25.989101784880653,27.9850660709586,97510600
26.837390899658203,27.56924501562068,26.587894529387253,26.62947805089032,79722200
28.25119400024414,28.40920659577105,27.577555345107378,28.034962898472845,61881000
27.97675323486328,28.27614825338118,27.86863766206551,28.192984380458828,32839900
28.176345825195312,28.226242870836078,27.743886785487728,27.868632572087456,25179400
28.259510040283203,28.775132944244234,28.034963814566822,28.176346181498406,30784200
28.475740432739258,29.066212063750907,28.04328139844265,28.80839903200742,35719500
28.558908462524414,28.783454715402964,28.08486743061356,28.151397891189664,27916000
27.90190315246582,28.783454756984963,27.893588034568634,28.46742634442176,28097500
28.301095962524414,28.542275628524067,27.993385834610077,28.00170095266255,30642100
28.342679977416992,28.375943620842573,28.143082254372597,28.27614634556947,24500400
27.802104949951172,28.525640737860236,27.710622793635444,28.517325620239777,27289500
27.710622787475586,28.026651189451073,27.62745892129694,27.835371759241685,20481600
27.494394302368164,27.652406914063505,27.219947838767858,27.48607601241163,20465700
27.128469467163086,27.469446435472822,27.05362070960736,27.444497907120418,24584000
27.053617477416992,27.30311542112669,26.762540773086528,27.15341792390013,24314000
27.086885452270508,27.28648318128172,26.970454765554916,26.98708817401404,22178900
27.20331382751465,27.303114269789326,26.895603728412738,27.036982929554856,20798500
27.46112823486328,27.710623007881793,27.29479732868489,27.31974585423729,19031600
27.743886947631836,27.793783993564215,27.40291005293663,27.411225169759415,15271400
27.910219192504883,27.93516771668312,27.560923991519566,27.602505922649296,17934000
27.660724639892578,27.86863749343882,27.619142703683004,27.73557339406916,15528600
27.669038772583008,27.976748861289813,27.560923216686817,27.69398729605986,17395100
27.494394302368164,27.84368634058884,27.31974511075975,27.743889068596943,19128000
27.594188690185547,27.793783213307503,27.328060544357776,27.328060544357776,21722700
27.444494247436523,27.627458557618823,27.25321481974507,27.569243217560473,27074400
27.61082649230957,27.710623769761177,27.353013422019806,27.51102921485796,21722000
27.602506637573242,27.75220413151593,27.45280914363055,27.61082492751343,15766400
27.760522842407227,27.926853746254412,27.44449444234739,27.452809559915597,18561400
27.735572814941406,27.876955202099897,27.46112950368999,27.718942578803524,14912100
27.90190315246582,27.960118495240852,27.660723490970266,27.84368780969079,16050400
28.849985122680664,28.899885347394232,28.234564880371135,28.267831696846848,28782800
28.80840301513672,29.066216082526154,28.733554264765477,29.016315858112588,15021400
29.091163635253906,29.224227723406944,28.90819932435669,28.983048072223905,24333200
28.991363525390625,29.23254315297367,28.97473011943685,29.099479077841263,14748700
28.525644302368164,29.166016304099717,28.525644302368164,28.983051968605405,17486000
28.425840377807617,28.642068309943756,28.267827780188817,28.35930675407478,19187100
28.118131637573242,28.708603300065676,28.068231417398604,28.42584173073863,26605800
27.818737030029297,28.13476541699245,27.635772726129897,28.118132010047233,24872400
28.226247787475586,28.350996768302753,27.926855943987444,28.02665322515016,18883900
28.309412002563477,28.42584268103203,28.109814287690206,28.3842607490787,15784400
28.15971565246582,28.52564111000443,27.868635771982177,28.52564111000443,21027900
28.309412002563477,28.592173581343413,28.22624496615876,28.500691427547252,26570100
28.101497650146484,28.417522853894855,27.993382094917894,28.24287684563951,38205200
27.885269165039062,28.251197794880333,27.87695404731457,28.192982453314347,16233700
27.77715492248535,28.05159820409331,27.652405957437576,27.926852411543496,23379300
27.943485260009766,28.226246857738957,27.743890704258728,27.9268550241124,23742000
27.6856746673584,28.151397400772627,27.660722969141077,27.876954100367556,17993800
27.677356719970703,27.868636155349318,27.386280007981124,27.66072331178584,22740000
27.577558517456055,27.652407265525824,27.336378865620343,27.5858736350202,17616900
27.43617820739746,27.58587252501546,27.286480717281474,27.35301117261192,18841600
26.945505142211914,27.452809803321486,26.87065639344195,27.40291275247361,22083500
27.07025146484375,27.12846680695646,26.945505662815748,26.945505662815748,18772100
26.953821182250977,27.236582779225305,26.920554365548526,27.128467211191467,19787600
26.41324806213379,27.003721367744244,26.3882979496435,26.978769669004834,24722600
26.596210479736328,26.621159005681776,26.28850036058238,26.36334911091693,21389400
26.230281829833984,26.58789054365715,26.11384957332864,26.43819464743413,23694100
26.463150024414062,26.546315490244112,26.097222926511453,26.24692044775567,22774400
26.204082489013672,26.331492613120147,25.601005525418504,26.280528887499084,31291800
26.713720321655273,26.756189816177688,26.11064345477131,26.11064345477131,20344300
26.97703742980957,27.011012704778587,26.6032996845052,26.73920402459633,19151900
26.722213745117188,27.155409407000263,26.67974424929053,27.036493522599685,15694200
26.25504493713379,26.645771134837254,26.034199976711403,26.61179423933802,21718300
26.051189422607422,26.6627589840579,26.025706750006634,26.399444514280173,24528400
26.543840408325195,26.60329835162265,26.008717298540635,26.195585351776565,21087900
26.76468276977539,26.790165437344733,26.416427746864183,26.424921969387295,21186000
26.373958587646484,26.739202082655826,26.322994868840443,26.688238363849788,22024300
26.824142456054688,27.155409055515666,26.671249680885808,26.688238127039547,28806600
26.815649032592773,27.299808421659765,26.798660585932453,26.815649032592773,27271200
