close,high,low,open,volume
11.105010986328125,11.107162348429277,10.872580140066017,10.900557699067779,22636500
10.76067066192627,11.107163130699833,10.728387913526852,11.107163130699833,25167900
10.801558494567871,10.879035847816114,10.689648267216885,10.803711087963372,22315200
10.859665870666504,10.924230124495509,10.782189751240269,10.82953572135154,20007000
10.758511543273926,11.053353898711102,10.730533999269845,10.84674812864214,23390700
11.173877716064453,11.191093536426449,10.922078487090367,10.922078487090367,29654400
11.1093111038208,11.191091159009792,11.021073270176915,11.173875342305097,22279800
11.036141395568848,11.229834175433856,10.975882322682123,11.109314798199573,20762400
11.064120292663574,11.092097851573769,10.911318168243719,10.975882428823082,20278800
10.887643814086914,11.122227236964562,10.87473071656946,11.072727440301238,19510500
10.82523250579834,11.02538182948975,10.756364292064761,10.997403040132284,24260700
10.754216194152832,10.853213357846727,10.696108467245752,10.82523579145835,25983600
10.547603607177734,10.823076372002602,10.541148291779999,10.775730414143625,23482200
10.345303535461426,10.672428692473678,10.276435956338648,10.549756758594084,33292800
10.452913284301758,10.493802706350632,10.18820033316657,10.345305782871971,32689500
10.179590225219727,10.478735985225066,10.155916013543749,10.416324337486493,25276500
10.136550903320312,10.396958712126391,10.09781283656326,10.125790397635628,33767400
10.368976593017578,10.394802780476793,10.136546447456444,10.136546447456444,28970700
10.351759910583496,10.444301699811456,10.188197950526503,10.36897695901055,26901900
10.23769760131836,10.564821536853817,10.222632529301928,10.353912991544766,24751200
10.287200927734375,10.427089355379788,10.147312500088963,10.158072390547227,26233500
10.345303535461426,10.435693964801345,10.267826816251791,10.280739910651846,22222800
10.147309303283691,10.590648668480602,10.115027179157055,10.347457364554288,24055200
10.059075355529785,10.28074512405501,10.039706319837826,10.244159030918965,22228800
10.069831848144531,10.437847051462464,9.994506486797912,10.437847051462464,25090800
10.069831848144531,10.244154320680176,10.061222707650408,10.22263270090539,24579300
10.119332313537598,10.136549366314657,9.953618334490992,10.071985726265872,23274900
10.168831825256348,10.248460543010014,10.119332642978234,10.147310816449583,22929900
10.297959327697754,10.353915056749681,10.188200462975784,10.205418131379,23217000
10.25275993347168,10.319475519645463,10.149457665645077,10.254911910118878,24066900
10.577737808227539,10.579890401826507,10.183896918955694,10.252765752322642,26207700
10.562668800354004,10.715469630658825,10.495951973576137,10.685339490548188,27398700
10.495953559875488,10.614321545535203,10.396955216812962,10.560517803738922,16569600
10.347458839416504,10.51962937165827,10.323785237300662,10.49595576954243,18372300
10.523931503295898,10.573431292400056,10.30871899102053,10.427085749625926,23510400
10.25275993347168,10.532537216700437,10.25275993347168,10.480886082787135,20684400
10.422780990600586,10.439998039512393,10.063374940634088,10.175285758560824,30217500
10.293654441833496,10.45076050446589,10.287198509076415,10.422782948660805,20824800
10.364675521850586,10.43784891903119,10.254916657540418,10.341001920581654,22133400
10.34315299987793,10.491649902953817,10.269980229139057,10.394804150141741,23551500
10.285048484802246,10.476588688104012,10.28074391308299,10.459371632687931,19990200
10.093503952026367,10.330238670318527,10.093503952026367,10.330238670318527,19404300
10.304415702819824,10.304415702819824,10.071985495651386,10.095659096610392,23835300
10.201108932495117,10.442146944834882,10.136544706397073,10.211869431601427,27481200
10.356066703796387,10.37328375489594,10.028941501444251,10.093505750932733,27548400
10.1430082321167,10.381895047902518,10.12579117540656,10.28504925784061,19052400
10.07198715209961,10.310873947131745,10.07198715209961,10.201115066207457,20966400
10.222635269165039,10.222635269165039,10.00742209599991,10.074138333613703,25397400
10.663820266723633,10.668124221325138,10.375434373593452,10.437847256887743,32435700
10.622928619384766,10.805860834525001,10.55406042640129,10.653058761680144,26460000
11.184638023376465,11.186790616614305,10.622930639984123,10.65306078801059,37141200
11.244894027709961,11.281479478565446,11.081331484957746,11.12867866643446,32295300
11.436766624450684,11.44539062016379,11.216870153584276,11.331131003666746,26828400
11.449703216552734,11.499288421599097,11.253521171091908,11.365625725749046,23738100
11.78601360321045,11.826974804525525,11.404428649053164,11.494973813231049,38313600
11.32251262664795,11.719189487418804,11.32251262664795,11.719189487418804,25334100
11.527313232421875,11.587677502726237,11.333286278088236,11.344066581316866,22386300
11.49713134765625,11.635105415830534,11.46263783061268,11.492819966422173,19914300
11.542398452758789,11.620009446039855,11.39795676454019,11.425983813214525,20917800
11.454019546508789,11.538098307222247,11.357006635643032,11.432461396002196,18396000
11.216869354248047,11.417363979246817,11.139259566287839,11.139259566287839,25554000
11.300950050354004,11.339754951155754,11.106923079174141,11.231963011779534,26118600
11.656661987304688,11.721337631456322,11.382870195201715,11.432454156686292,24999000
11.652359008789062,11.764463621725916,11.598462394202047,11.598462394202047,21043500
11.770922660827637,11.794637104468919,11.59845386765601,11.59845386765601,18418200
11.71056079864502,12.01022339905016,11.701936802105285,12.01022339905016,25653000
11.762299537658691,11.824818878443347,11.682533439637393,11.727806023185405,19868700
11.576899528503418,11.870094475972596,11.5359383154676,11.760146216473442,22557300
11.76661205291748,11.76661205291748,11.475573459086434,11.54240418722664,26255700
11.421674728393555,11.738584017807796,11.419519654927097,11.663129307605807,32407800
11.35053539276123,11.684692789002803,11.34191262869066,11.421678747479111,22876500
11.919676780700684,11.960637983750534,11.65666280499035,11.706248003538514,26547600
11.757988929748535,11.962794956389043,11.7450535525743,11.91967744367008,22386300
11.945547103881836,11.964950169869693,11.721339242448103,11.757989067007786,21677400
11.852849960327148,11.954174230879923,11.807576127831137,11.94770654052335,20014800
12.070587158203125,12.07274346564229,11.727807056920016,11.745053815676856,26414400
12.068432807922363,12.068432807922363,11.943394095053911,11.943394095053911,19563900
11.880866050720215,12.068423982870902,11.809722748739892,12.068423982870902,19478700
11.857158660888672,11.960640460368815,11.69762643019774,11.880874345023349,22233900
12.092145919799805,12.161132958373155,11.749367034483049,11.857157740271965,27560400
12.19778060913086,12.292637153454072,12.08136469391049,12.092143762566401,25303500
12.141730308532715,12.398276638036712,12.04902881806511,12.398276638036712,37640400
12.05980396270752,12.14172511358944,11.885180127436055,12.14172511358944,24271500
12.105077743530273,12.161129387516361,11.887336387580888,11.889492694497735,21553800
11.982196807861328,12.105080424043527,11.964950049463061,12.105080424043527,21947100
12.05334186553955,12.124485216659505,11.975730824900907,11.982198514419597,22686600
11.874406814575195,12.064121187923961,11.852848671454709,12.053342116363718,24627300
11.859314918518066,11.954172720313544,11.777392495801182,11.777392495801182,27484200
12.029623985290527,12.031779058791878,11.738584207858667,11.954169273866908,19495800
12.223649978637695,12.277546554847595,11.949858184065942,12.010221214522533,22657500
11.96279525756836,12.141729300779836,11.96063895012321,12.02100198914692,27647100
11.620016098022461,12.068431863323013,11.620016098022461,12.046873721464578,36225900
11.589832305908203,11.72565006054382,11.518688967621687,11.609235370964186,34739400
11.408740997314453,11.652351918684074,11.408740997314453,11.447547128326118,31444800
11.311729431152344,11.533781005059005,11.255677769169782,11.34837925899472,25887600
11.385025024414062,11.479882798278858,11.31388292760075,11.31388292760075,28671900
11.337596893310547,11.46910324678449,11.33328427934549,11.382869471261804,20813100
11.404430389404297,11.477730041672473,11.33544335215345,11.350533803957498,22377600
11.210406303405762,11.372094867720131,11.210406303405762,11.372094867720131,21462000
11.318192481994629,11.339750614909073,11.130633271600736,11.210399350252244,47660400
11.501447677612305,11.598460581840856,11.33975909270272,11.33975909270272,32211900
11.385025024414062,11.628635913125665,11.331129683432051,11.501440934671663,24998400
11.341910362243652,11.53809239188181,11.333286366310704,11.363468501697835,33368100
11.309571266174316,11.52084371146463,11.29663589122576,11.41736317904669,28615800
11.39365291595459,11.39365291595459,11.236275752573698,11.354848010458516,22188900
11.611390113830566,11.639417173752397,11.419520710392113,11.419520710392113,27131100
11.775240898132324,11.913215026143593,11.44755234410556,11.44755234410556,31813200
11.559643745422363,11.923981762812042,11.559643745422363,11.84852708543147,28415100
11.596296310424805,11.697620517385388,11.55533511959807,11.630789814954156,17940000
11.805421829223633,11.83560397816294,11.706253849772498,11.727811998906569,24820500
11.941237449645996,11.941237449645994,11.531626565928475,11.805418435259014,27555900
11.863622665405273,11.984351188367429,11.74074030256602,11.982194881319796,21414900
11.65882396697998,11.898123596695738,11.632954436883791,11.859317451172593,24796500
11.911054611206055,11.911054611206055,11.684690446330475,11.742898409686637,26111100
11.87009048461914,11.939077507885383,11.725648750457283,11.725648750457283,20163600
11.92839241027832,11.92839241027832,11.794510928012532,11.844176061231487,17116800
11.766444206237793,11.949990899448585,11.729734373353521,11.930557299596554,18525300
11.716778755187988,11.835545144267787,11.617447203122714,11.822588586258103,38785500
11.604491233825684,11.703822780353718,11.373437983156377,11.671431387135168,18756900
11.79019546508789,11.872251997729068,11.649835671654564,11.660632388748656,22227600
11.699504852294922,11.954311417528544,11.680071249065387,11.82258969370578,25632900
11.744847297668457,11.747007135287783,11.617444061439205,11.617444061439205,17044800
11.617444038391113,11.826903805268579,11.554822339210387,11.768601781317933,17120400
11.589373588562012,11.783718220097654,11.589373588562012,11.660633410352265,23685900
11.736209869384766,11.766441416615883,11.444694820270023,11.552661984084756,22321500
12.034207344055176,12.038524548926803,11.824746300253489,11.824746300253489,30133800
11.86793327331543,12.124899608922263,11.865774671086697,11.984539804242727,14606700
12.211275100708008,12.235028375457173,11.993177187721647,12.006133744058506,32310900
12.243664741516113,12.258779899537222,12.146493044282883,12.200476634076251,21525900
12.04068374633789,12.243665265216553,12.019090309496923,12.243665265216553,21921900
12.012613296508789,12.090351407171065,11.816110035107464,11.926238304442567,22558200
12.206953048706055,12.312762845518542,11.978059697468,12.038521555928721,21379800
12.232867240905762,12.459602010347052,12.06659557089085,12.373227036598715,27064800
12.377545356750488,12.459601889919568,12.29548882358141,12.3257203730024,23279400
12.232867240905762,12.416415141275428,12.16592709960271,12.358111879544666,19446900
12.049321174621582,12.325721104344826,12.029886341210984,12.222071130698609,18882900
12.308443069458008,12.323558223530485,12.083868182011333,12.178880016590195,19905600
12.083869934082031,12.299807974969502,12.034204790124374,12.276054703979527,18455700
12.286852836608887,12.334359384063445,12.098986484622285,12.103304924680382,19610700
12.200475692749023,12.304126895486455,12.086030244096087,12.291170340693641,15607800
12.012613296508789,12.30844810768761,12.006135017653154,12.30844810768761,22257000
12.13353443145752,12.155127863714071,11.876568139426718,11.988856211249706,18654300
12.127054214477539,12.191835736487889,11.984535854538578,12.13353249023905,18539700
11.982381820678711,12.152971950209627,11.930556830435812,12.127058837285562,22660800
12.07090950012207,12.096821364761501,11.956462857121611,12.038518124816997,16079700
12.073079109191895,12.362434470631005,12.073079109191895,12.146497559968646,26763900
11.934868812561035,12.092504787860774,11.919753660373027,12.032041707899358,19120200
12.055798530578613,12.114101790747096,11.829063767212855,11.829063767212855,19786800
11.941356658935547,12.081716521940496,11.928401333364164,11.96295133943255,22274100
12.036371231079102,12.144340939643225,11.878736346211676,11.878736346211676,19028400
12.308443069458008,12.416412692049466,12.15296814737954,12.196156243537093,40163700
12.474719047546387,12.47903748798339,12.342997347178184,12.377547341884771,19867800
12.459599494934082,12.589161311597383,12.368904864104447,12.498467916372588,21129600
12.697132110595703,12.697132110595701,12.502787514179545,12.535178898051381,20609700
12.539490699768066,12.664734022830217,12.491984185639561,12.632343891708581,28214100
12.509268760681152,12.628035137065021,12.470400326412452,12.539500314270251,20044200
12.545979499816895,12.563254498030547,12.4704012281815,12.53518278038403,9706200
12.723044395446777,12.772710773795552,12.606437880929649,12.632350988869009,20434800
12.714409828186035,12.751118423634246,12.61075984879364,12.751118423634246,15981000
12.692811012268066,12.761912211577128,12.612914333685636,12.621552446951075,11825700
12.781346321105957,12.833171295980398,12.677696371357072,12.688493086671974,17719200
12.610757827758789,12.843970861818924,12.608597990182298,12.835332747117983,20809500
12.761918067932129,12.761918067932129,12.595645122813083,12.610761519063205,18136200
12.761918067932129,12.815901667095757,12.604283240042493,12.682021352685654,20238000
12.764077186584473,12.820221861832099,12.761918583893886,12.79430874470159,14978100
12.805096626281738,12.837488000336803,12.710084812130903,12.794299913464911,14408400
12.777029991149902,12.809420142441105,12.677698464009783,12.751116881632885,15532200
12.938986778259277,12.945465057420671,12.723048670099343,12.731686787516338,20201400
12.951943397521973,12.977855278684054,12.818061843969216,12.9454651183301,22884000
12.973533630371094,12.99944674073221,12.900115210356445,12.967055352780815,29719200
12.716571807861328,12.785673048080545,12.6323566405905,12.761919767043903,31780500
12.651786804199219,12.662583521478995,12.535180280609488,12.643148689012342,25674000
12.321403503417969,12.647468604366095,12.286853509849747,12.647468604366095,30322500
12.276054382324219,12.412094491951356,12.21343145011602,12.21343145011602,32541600
12.416414260864258,12.496310951465595,12.310603226568297,12.330038057635514,25185900
12.412097930908203,12.422894650320321,12.24798606599654,12.347316378830161,23912400
12.470396995544434,12.535178525759155,12.41641341670293,12.41641341670293,18231000
12.61507511138916,12.636668542755377,12.459600181463557,12.51790343463627,18779400
12.435851097106934,12.632354354110284,12.435851097106934,12.561094523898523,20104500
12.630194664001465,12.630194664001465,12.440168466466933,12.440168466466933,22535700
12.55461311340332,12.630192600972205,12.425051278325983,12.425051278325983,25095900
12.323562622070312,12.470400718689795,12.254463867644146,12.457444161657577,27752700
12.442326545715332,12.504948244867343,12.349473297991821,12.37106673171216,19807800
12.226391792297363,12.416418014115981,12.211276631746053,12.35595490069999,23936400
12.284693717956543,12.412096974167662,12.219912170871945,12.219912170871945,22629600
12.265256881713867,12.327879816226865,12.22422985204713,12.243663448077683,19725600
12.358108520507812,12.384020387786707,12.193995497190716,12.366745397732526,26007900
12.0601167678833,12.384023214226442,12.049320051085868,12.282531852241506,38474100
12.321403503417969,12.330040384007408,12.094668707274554,12.096827309619295,32798100
12.340871810913086,12.358174102879055,12.224081030753414,12.321406268367294,18566100
12.4317045211792,12.591751598366642,12.407913722711374,12.533356227137826,28898400
12.542007446289062,12.641495907877164,12.433868459810103,12.451170747149025,12368100
12.738814353942871,12.738814353942871,12.481443430548783,12.487931939549515,21436200
12.656639099121094,12.764778121091258,12.596081692338544,12.760454094783894,16730100
12.751799583435059,12.849124806005275,12.656636373552939,12.799381188376117,24380100
12.635005950927734,12.758285198207549,12.624192177271848,12.641494462632679,14459700
12.749632835388184,12.801539689022391,12.63716860462591,12.63716860462591,13698600
12.831816673278809,12.87939825655186,12.691235172719983,12.732328245768821,15849000
12.775580406188965,12.833975741626722,12.684742530198912,12.833975741626722,20181900
12.844802856445312,12.898871750955326,12.749639622015417,12.797221239230364,20514000
12.725837707519531,12.89669848271025,12.682582629660397,12.890209973520061,21579000
12.760443687438965,12.79072174735682,12.663117285731298,12.760443687438965,20537700
12.753960609436035,12.86209958925975,12.684750226782585,12.72800656124635,15818700
12.596077919006348,12.753961759579097,12.554984830705022,12.753961759579097,16532400
12.695564270019531,12.706376805864167,12.576610287487048,12.576610287487048,19254300
12.567964553833008,12.697731121668225,12.327894485123714,12.697731121668225,25435200
12.498748779296875,12.639330301804053,12.490098256018545,12.567959153308406,21044400
12.708540916442871,12.71070416629256,12.496588220786931,12.498750233079496,24096600
12.728011131286621,12.751801938150301,12.61338359825804,12.66312722507273,16159800
12.717196464538574,12.79289414357233,12.660963089718576,12.728010241892326,18343500
12.749632835388184,12.79937767692743,12.708539754899812,12.717191515950685,17739900
12.769099235534668,12.96158762823253,12.65663375958842,12.710703866541417,16460400
12.686914443969727,12.738821306749625,12.61986854362965,12.721519019156325,22938000
12.526867866516113,12.689076957989217,12.492262055779552,12.68691370808157,23902500
12.676097869873047,12.695563403201229,12.490098009926935,12.526865827027848,23989500
12.635005950927734,12.717192115780945,12.589587606550188,12.706377104567991,19853100
12.570125579833984,12.645823254109933,12.507404932589894,12.619870437603632,16737600
12.604724884033203,12.645817960728092,12.531190490895616,12.572283567590505,14808600
12.535516738891602,12.619866148372642,12.50523743196105,12.604725876128871,25839900
12.007794380187988,12.198119474804626,11.9818415769732,12.187305703668732,83990700
11.895326614379883,12.100791938587117,11.787188924096926,12.007792039875927,48505500
11.895326614379883,11.897489863208158,11.756909628283774,11.895326614379883,31059300
11.8347806930542,11.960222020030265,11.793687588515613,11.897501356542232,30298500
11.940754890441895,11.968870957943995,11.798010064967077,11.808825079443984,21480600
11.91047477722168,12.022940277277744,11.886683974564486,11.92777706664897,26223300
11.854238510131836,11.945075188543644,11.823959204808924,11.938586677577526,25821600
12.128911972045898,12.146214255689314,11.91695930680331,11.927773079385826,30434400
12.120261192321777,12.16784154316581,12.059702582073855,12.111610669461742,24256800
12.046731948852539,12.15487095618371,11.936429691102914,12.115939873996233,21051000
12.03375244140625,12.11161335217731,12.005635141990872,12.025100679072935,9502800
11.787198066711426,12.038080672897996,11.668244040021673,12.033755409443142,59235900
11.46710205078125,11.798008786397268,11.46061477537856,11.750428420619468,65003100
11.395730018615723,11.618497742294984,11.393566768607437,11.525496555296924,53107800
11.46710205078125,11.51252164150123,11.276776874998122,11.493056102621239,52777500
11.5665922164917,11.60335880797999,11.397894585513663,11.430335914042866,40616400
11.549285888671875,11.59254222044455,11.46277570024064,11.56658941142659,31278900
11.378425598144531,11.577401247102976,11.365448575642008,11.570912735851715,29950200
11.451959609985352,11.516843482751678,11.367611441678985,11.441145837450454,29140800
11.42167854309082,11.579562320379369,11.406539511387843,11.49521416507978,35053200
11.354637145996094,11.46277737242469,11.248660169616674,11.458450872326337,34570500
10.973984718322754,11.477914215969866,10.922076627523188,11.477914215969866,74129100
11.114564895629883,11.136193679101144,10.943705302815937,11.030216724030021,50199900
11.2445650100708,11.35289498401289,11.103736787783308,11.116736583012953,49095900
11.39621639251709,11.52837879992989,11.381050803995986,11.459047030286898,46089300
11.342058181762695,11.485052159007324,11.33989113675586,11.415721595527714,43464300
11.498052597045898,11.526217985079446,11.283560999236828,11.287893849766219,34286100
11.433055877685547,11.55221733587441,11.378890902293275,11.461221268176425,29736300
11.361555099487305,11.472050825134422,11.32255697270835,11.446052487191153,10883700
11.378891944885254,11.489387711383467,11.335560952383984,11.335560952383984,9357900
11.461216926574707,11.461216926574707,11.324721637004806,11.413551865463695,23506800
11.435216903686523,11.508881536965161,11.378886146249386,11.472049220325841,18420600
11.4937162399292,11.51971581743443,11.41788703157116,11.472050751826902,20292600
11.331229209899902,11.569553437238433,11.294398106585795,11.558720686867883,26381700
11.292226791381836,11.439554868124555,11.1752311480462,11.439554868124555,40354200
11.556550025939941,11.569548577086865,11.331224449863855,11.342058435412063,39943500
11.586885452270508,11.593384109659159,11.44172314953265,11.556553012299485,36686700
11.539216041564941,11.771041511001524,11.461219776469068,11.729876333417703,40300800
11.352890014648438,11.515383664706468,11.324723390737013,11.515383664706468,33244500
11.376724243164062,11.439556162232474,11.28789521776866,11.396223932502034,26848500
11.430886268615723,11.430886268615723,11.290059347746391,11.350722966029757,25431300
11.513216972351074,11.521883912218735,11.430886622385204,11.430886622385204,23437800
11.589049339294434,11.621547579771224,11.39622322250495,11.519718767827888,30384000
11.586885452270508,11.645383286597264,11.511053732478642,11.623716549630183,29158800
11.472052574157715,11.580382511333545,11.433054441433125,11.543550183926369,23944500
11.580384254455566,11.597715658516805,11.461221553571002,11.461221553571002,27183600
11.521880149841309,11.62804176038857,11.472048051262984,11.589043643039123,22968000
11.745039939880371,11.794872049437913,11.500215960886386,11.586880391444886,37678200
11.831701278686523,11.84686810953782,11.649707986566124,11.74720514575112,27441900
11.792708396911621,11.905371197262381,11.777542799051979,11.807875234499694,28581000
11.541383743286133,11.827372957609299,11.511051309699303,11.794874718591636,30082500
11.803536415100098,11.80787050394801,11.532714129318368,11.56521235731012,31503900
11.667047500610352,11.851206686339419,11.664880455233407,11.753709480032523,23436000
11.849040985107422,11.911872910881657,11.732045316050042,11.742879304435288,35349900
11.91836929321289,11.94870172749851,11.807874782115961,11.849038723261982,24813300
12.000697135925293,12.122025607871628,11.898868347582665,11.905368242117234,34924500
12.18702507019043,12.249855740110506,12.083029222103068,12.098194818384362,37717200
12.475183486938477,12.4773505325973,12.178362697568726,12.241192144930974,45306300
12.418848037719727,12.4665131065015,12.358183179319623,12.360350224165403,25261800
12.46434211730957,12.479508946974134,12.310515454598384,12.382011795417823,27599400
12.364684104919434,12.63117361567048,12.330018822866098,12.501179427834613,31807500
12.345184326171875,12.447013116315004,12.295353453496583,12.299685063625393,23928000
12.202187538146973,12.421013163825169,12.174022158143556,12.421013163825169,21399600
12.462180137634277,12.531511941924895,12.236857042534972,12.431848945434469,23084100
12.392855644226074,12.490351633685192,12.282359858911402,12.479518883715153,23968200
12.648509979248047,12.772005547806824,12.501183107026113,12.60951183539267,61849200
12.875996589660645,12.901996168953865,12.69833734349363,12.717837027963544,50526000
13.010324478149414,13.031989967111357,12.830498192363375,12.878163259862163,61199100
12.98865795135498,12.999490694970383,12.880329275472906,12.98865795135498,41334900
12.97348690032959,12.999486468335526,12.878158043672308,12.94532276786922,36898200
12.869494438171387,12.940992028962459,12.810996634747411,12.89549401290558,31388700
12.90416431427002,13.016827112091946,12.837000788462603,12.869499028744565,37901700
13.096989631652832,13.112155228247738,12.90199772238885,12.927996065084162,32411700
12.901996612548828,13.088322804795888,12.88683101725848,13.086155759870888,32315700
13.077495574951172,13.127326471687981,12.884669406334513,12.902002053859762,30023400
13.226980209350586,13.283310964287828,13.023321434122247,13.17498230331747,33478800
13.05148983001709,13.174985350304578,13.042824130204718,13.172818305487407,29591400
13.09915828704834,13.211821091853238,13.003828126080464,13.010328022485409,24233400
13.060157775878906,13.183653317404811,13.012493939257448,13.042826373273552,29301900
12.730836868286133,13.055824204023194,12.715671271980014,12.988660683588277,41255100
12.54450511932373,12.745998071032199,12.47950867268513,12.633335332015337,44761800
12.670171737670898,12.67883743746509,12.544509172829882,12.564008856959044,27611100
12.54450511932373,12.7373311343104,12.494674262288585,12.577004582370783,32399700
12.559674263000488,12.64850325233268,12.408013380108676,12.609505129217865,23958000
12.67042350769043,12.839795678173394,12.587908095907535,12.587908095907535,23943000
12.798537254333496,12.852822720205662,12.585734252067668,12.626991951639315,27211200
12.724711418151855,12.833284872344137,12.696482717666694,12.778998145247996,26895900
12.616134643554688,12.702992629985236,12.496704135641032,12.659563015512639,27231600
12.640022277832031,12.76813797866638,12.579221058700735,12.629165183526043,27975000
12.720364570617676,12.902766968302528,12.63133466618029,12.657392684070132,28590900
12.989625930786133,13.022197213075312,12.846309306678279,12.865852821560653,33131400
12.900596618652344,13.020027144287404,12.876710513525332,12.963568512844088,20602800
13.05693531036377,13.126421679446944,12.948363169299881,12.95270575673901,25261200
13.028715133666992,13.080829944501057,12.987457419775637,13.007000939781575,19410900
12.961400985717773,13.043915173214181,12.920142028196869,12.991800360972439,25416000
12.67042350769043,12.96139812238915,12.616136790988028,12.757280266390499,43483200
12.724711418151855,13.059115718740534,12.659567594139506,12.811570678511721,31875300
12.733399391174316,12.872372236642494,12.624825923765865,12.716027785490795,25264200
12.815903663635254,12.826761995981288,12.681274755710152,12.702988935373648,20706600
12.590072631835938,12.76595920462324,12.58355813024913,12.746416942376946,31155600
12.309955596923828,12.616129724396751,12.192697050334234,12.59224363212745,44177700
12.45110034942627,12.470643856824577,12.333841790065026,12.333841790065026,21485400
12.262186050415039,12.507560285139098,12.231785449848942,12.4641306782569,39443700
12.468476295471191,12.483677220704596,12.244817431106375,12.264360945328725,30210600
12.548820495605469,12.6161362200726,12.401162521479458,12.470648919306946,26047800
12.689960479736328,12.746419088824702,12.535788057933594,12.637845700780066,26550600
12.674761772155762,12.746420064649428,12.581389297396536,12.59441706124721,21797400
12.616134643554688,12.844137323877867,12.61613464355469,12.702992629985236,24492900
12.67042350769043,12.720366392445941,12.420706598883157,12.420706598883157,19621800
12.724711418151855,12.74642685449937,12.533623778893368,12.648711739738394,30195300
12.8050537109375,12.83762499542646,12.60962227645917,12.644365476920003,19189800
12.62481689453125,12.841962431531007,12.585731120326177,12.76161896802055,21051300
12.724711418151855,12.828941039565578,12.62699630339088,12.62699630339088,25839300
12.590072631835938,12.75075952926344,12.5683572123752,12.640015487315962,25570200
12.501047134399414,12.670420507289009,12.375103373090422,12.611791215038204,26069100
12.377279281616211,12.605282043201633,12.34905058127965,12.544480809772818,25615200
12.277388572692871,12.490190340908251,12.177501571994533,12.377275573391213,33582000
12.160131454467773,12.325161020036893,12.06241512506748,12.290417822810264,38286300
12.129729270935059,12.236129522051321,12.125385439959821,12.13841444785637,26296200
11.85177993774414,12.116697657101616,11.817036752501945,12.116697657101616,48073800
11.704126358032227,11.96252842806464,11.638982550939133,11.82138496229684,41790300
11.990758895874023,12.018987590280352,11.617267635797367,11.617267635797367,42704700
11.840927124023438,12.09064401345131,11.773612644248914,11.990758251691972,28943700
11.956012725830078,11.962527230138503,11.606410106385367,11.747553558019076,36908700
11.997270584106445,12.077614059132072,11.682408702695122,11.956011646373295,39663300
11.956012725830078,12.094986746885397,11.86915473924216,12.00812751778283,25720800
11.877837181091309,11.997267649222284,11.756236040594281,11.866980091718354,25296000
11.988588333129883,12.081960848059493,11.945158707400193,11.95384512955212,26551800
11.923288345336914,12.206242759649323,11.916758465217367,12.106121252342367,31620300
11.936344146728516,11.979875005824857,11.764394015136094,11.923284390820863,22347000
11.990762710571289,12.123534875140946,11.93634911405657,11.971173068557556,25756500
11.968994140625,12.1191776204303,11.84928301416417,12.029937601866875,28648500
12.077824592590332,12.097412985323762,11.864519350558968,11.936346778440608,25702200
12.032115936279297,12.075648052227406,11.949405787790928,12.014703338989493,20027700
12.182300567626953,12.27371639121086,12.080000781068932,12.080000781068932,29602200
12.130059242248535,12.199708365039779,12.123529364545364,12.182297018427088,18489300
12.066939353942871,12.123531220886703,11.949404028182547,12.069116395326215,23985600
12.265007972717285,12.339012435582054,12.012525967840178,12.066939548832467,30550500
12.319421768188477,12.508784501446256,12.199709409129666,12.199709409129666,29258400
12.317245483398438,12.482665755003508,12.271537578204143,12.417368213820083,21469800
12.515315055847168,12.526196526275829,12.315069596483422,12.343364906849539,21041400
12.554496765136719,12.587144922341519,12.432608567945815,12.460902641165418,20914200
12.413021087646484,12.569734511320933,12.404315409055028,12.515320906505377,17322300
12.450019836425781,12.539258621423377,12.330307448579402,12.500080587876939,18844500
12.271536827087402,12.373836592617499,12.204063494110882,12.34118720130069,19055700
12.34337043762207,12.406490965251916,12.306368190707394,12.330310674540707,26127600
12.214949607849121,12.34336767671426,12.195359967608796,12.341190634871797,20578500
12.156182289123535,12.251950960397087,12.11918004940005,12.1888316904817,15728400
12.106122016906738,12.212773411068829,12.069119775708185,12.14965289318987,38807400
11.95593547821045,12.160533804488951,11.942876964535193,12.014703148814231,24016500
11.766569137573242,11.916752569681202,11.694741737240449,11.79051160435084,42725100
11.655570983886719,11.768752265961744,11.446619775027493,11.766576469274115,69854400
11.568504333496094,11.723040649291494,11.544561859347345,11.662097188642269,30446100
11.42920207977295,11.773102385346062,11.42920207977295,11.686039410975345,40214400
11.418317794799805,11.59244245517722,11.339960514455585,11.407433835919917,44419500
11.31384563446045,11.429202680436351,11.302961672325953,11.363906380311926,45711900
11.427024841308594,11.535854479618969,11.322549285252379,11.339961877928413,42381300
11.265957832336426,11.579385757285193,11.220249930589935,11.557620327014849,50712900
11.302961349487305,11.416143841608319,11.211545535566483,11.31819690332509,36544800
11.335612297058105,11.409615525825547,11.226782627488499,11.274667582463348,31339500
11.38785171508789,11.48362039325614,11.350849472700496,11.350849472700496,29254800
11.357380867004395,11.431384116193957,11.276847736202875,11.296436135591176,35517600
11.265957832336426,11.455320562939784,11.255076362648166,11.361727718241005,27537600
11.363903999328613,11.387846469203273,11.209367711120237,11.257251405422727,25130400
11.538030624389648,11.55762025878546,11.368257529299989,11.368257529299989,32054100
11.444445610046387,11.601159056088846,11.396560634615918,11.455328332562809,27609000
11.390023231506348,11.52279534761566,11.363904963801637,11.49885287570896,20363700
11.459673881530762,11.524971420533031,11.37261215679036,11.481439312715864,34189200
11.505383491516113,11.601152139834939,11.461851381955181,11.461851381955181,28873500
11.59027099609375,11.625096190287929,11.42702774262764,11.42702774262764,26199900
11.561975479125977,11.731748609212902,11.559798437484249,11.61421326950294,31221900
11.516270637512207,11.56850844181145,11.353027343396137,11.48144418919855,30684900
11.57068157196045,11.729571990461602,11.507561061993474,11.514090941706913,27360300
11.459673881530762,11.566326487052901,11.35519831730592,11.557620812757648,23489400
11.73175048828125,11.738280368805153,11.50973953225798,11.53150497037275,28904700
11.733924865722656,11.766574264393553,11.483618621332766,11.727394985988477,29827800
11.640331268310547,11.794867577632179,11.564149766158037,11.770925104486418,26333700
11.538030624389648,11.618563712272035,11.43355506517246,11.612033834140098,26871300
11.575034141540527,11.694745266104418,11.503206719533964,11.540207705807944,21395100
11.50756549835205,11.559803310750912,11.43356224214892,11.538037866946642,26574900
11.579381942749023,11.653385128557856,11.422668654623347,11.424845695111976,20719800
11.329079627990723,11.590268528847192,11.31819566735565,11.53585495290642,29288700
11.172367095947266,11.322550569126657,11.131012027971533,11.318196486378781,34180200
11.181074142456055,11.263784288555975,11.117953634784168,11.144073152688211,21667200
11.342142105102539,11.346494943132557,11.187604523288284,11.252902075527444,21409800
11.237661361694336,11.359550747675033,11.213718892694326,11.3073129731605,25843500
11.459673881530762,11.62074131046262,11.422672897605485,11.444438328790586,43057800
11.622919082641602,11.644684517527637,11.503207945321234,11.531503259762516,29792700
11.818818092346191,11.818818092346191,11.633809305372282,11.644690783223151,23275800
11.964645385742188,11.964645385742188,11.692573645168986,11.838403091794651,34583700
11.881738662719727,11.936282498088808,11.805377792562929,11.934100295250119,23047800
11.96900463104248,11.988640705781792,11.787920547555828,11.833736806881454,31605600
11.92319107055664,11.966825137543639,11.868647238423172,11.931917384594152,26385600
11.73774242401123,11.774832379301351,11.615566538301948,11.742106829386332,33496200
11.750833511352539,11.820649018744176,11.700654083564705,11.770469590956342,20029200
11.803191184997559,11.844644284664584,11.687559445694482,11.770465645028535,21921600
11.755192756652832,11.8446443138812,11.744284243302916,11.781374187412093,14243400
11.685379981994629,11.785740075843506,11.678834622787134,11.742106012326373,13759200
11.606831550598145,11.744280270389437,11.598103993831014,11.683192366615165,16520100
11.491207122802734,11.696290480038147,11.443208651203015,11.609021099129428,25977000
11.482475280761719,11.550109806007034,11.373388907384438,11.445386587949029,22307400
11.589384078979492,11.602474797152489,11.366846863636919,11.366846863636919,36113100
11.617746353149414,11.77265027038053,11.585020806444039,11.617746353149414,25120800
11.626471519470215,11.657016109088891,11.47811422429286,11.595928178250999,28174800
11.580657958984375,11.685381220605352,11.563205330447298,11.574112599083094,27295800
11.469383239746094,11.63955876150603,11.456292526903232,11.580651802112241,27057900
11.661386489868164,11.691929846740331,11.399578262677506,11.456301818068688,27536700
11.639562606811523,11.76173972077675,11.598109501380526,11.698469585666123,26058300
11.611199378967285,11.696287786004483,11.587200148695224,11.683197069783466,21404700
11.543570518493652,11.639566227988881,11.471572800072313,11.619930146128546,20706900
11.51302433013916,11.580657633216923,11.451936386778556,11.519569689856318,29202900
11.44975471496582,11.556660181303432,11.375574800331671,11.515205818372742,50466300
11.388667106628418,11.421393911289963,11.34721398632376,11.373395430052996,25144200
11.401755332946777,11.519569307142042,11.388664613947375,11.480298398543512,30561600
11.273033142089844,11.384301759743593,11.249033906086122,11.349394007083582,32281200
11.462841987609863,11.541385044390386,11.148672257286838,11.40175405313571,40525500
11.521744728088379,11.615560670262786,11.467202172450914,11.508654015375757,23806200
11.458479881286621,11.637383041525991,11.456297678698466,11.565385336912613,26997300
11.515203475952148,11.541384910708915,11.388663203693172,11.502114006973288,25408500
11.563202857971191,11.569746968073439,11.408298953028966,11.475932243547735,36599400
11.606831550598145,11.661375347295705,11.48029134046658,11.48029134046658,37151400
11.591565132141113,11.7311961314475,11.545748866543654,11.672289147565166,27504000
11.630834579467773,11.77701090388839,11.628652377461751,11.685377145625178,26326500
11.652653694152832,11.698469957295314,11.545748247887344,11.60683743101035,29181900
11.777012825012207,11.779195027374202,11.61992671333614,11.652653506768454,23418000
11.68320083618164,11.864284974285075,11.667929161266821,11.667929161266821,24112500
11.530475616455078,11.681015110934345,11.484659357126558,11.652652724130947,35414100
11.541386604309082,11.582839716490504,11.454117222979693,11.578476559523962,19470900
11.545754432678223,11.561027360840095,11.4584850160397,11.4584850160397,22573500
11.46502685546875,11.633020274828393,11.421392784757073,11.563206011369674,23986200
11.36684513092041,11.489022235645137,11.35811757066894,11.480295923793076,25951500
11.460660934448242,11.580655848369549,11.399573000502702,11.462841888418014,29787600
11.545754432678223,11.600298286227376,11.421396294218459,11.443213336278037,23532900
11.493385314941406,11.641743851031986,11.478113645102413,11.567563958786996,23050500
11.44975471496582,11.547932618475977,11.390847723179773,11.484662469476088,26025900
11.36902904510498,11.478115450079143,11.347210765390471,11.43666234154105,29075700
11.342845916748047,11.449751351682947,11.331937402717857,11.414843607426581,25887600
11.410481452941895,11.434480687900091,11.325394277689826,11.377755904398711,25035600
11.523933410644531,11.55229580520662,11.395210909509053,11.4104825839964,26754600
11.72028636932373,11.735558038472321,11.454113897253066,11.456294850903241,35177700
11.779194831848145,11.85555443565715,11.715923448395769,11.71810565072154,25229100
11.76391887664795,11.849006019403516,11.694103401033377,11.74210185261819,30020400
11.74865436553955,11.763926041982431,11.670111283433464,11.763926041982431,26923800
11.814102172851562,11.92755298229255,11.574111084279908,11.574111084279908,32390100
11.886096000671387,11.969002190354331,11.761736716146972,11.951548321389458,33328500
12.27445125579834,12.2940873377042,11.820650404550873,11.84683184709202,49765200
12.320267677307129,12.424990941296866,12.291905282693214,12.326811788956679,37169100
12.333352088928223,12.429348999066814,12.263537856644612,12.320262622599634,27684900
12.287537574768066,12.387897654552935,12.206813569853969,12.370443781912064,23914200
12.228630065917969,12.37262544523279,12.228630065917967,12.30499091144569,18916200
12.352992057800293,12.394445168582141,12.243905646921547,12.31372114962789,21255000
12.403175354003906,12.420629233372145,12.30717839327863,12.331177633459948,19473300
12.588622093200684,12.630075210863273,12.387901865402867,12.414083307463395,30958200
12.411894798278809,12.468619562722846,12.361715391024353,12.435894025174187,36696600
12.27008056640625,12.512252494620105,12.184992187434572,12.512252494620105,48500100
12.174092292785645,12.31154111984683,12.097731417173915,12.270089250148922,33884100
12.054094314575195,12.184997748148762,12.034458237759354,12.184997748148762,29541000
12.147912979125977,12.193729262841414,11.962465640887261,12.104278898787502,26823000
12.14136028289795,12.206812612266539,12.075909201928706,12.097726228918454,26912700
12.108634948730469,12.206812820256516,12.041001664550118,12.206812820256516,21574800
12.069363594055176,12.160996104232819,12.064999190028185,12.064999190028185,10665600
11.595928192138672,11.759558406521064,11.585019677633108,11.72683286300437,75474000
11.358116149902344,11.613380089835475,11.358116149902344,11.606834732565472,82952700
11.523933410644531,11.561023368056373,11.421392349658538,11.454117901445613,59970900
11.563202857971191,11.622108587687821,11.377754362820705,11.471569087346408,48463200
11.547930717468262,11.66792688409353,11.51302296870447,11.543567560972681,33860400
11.458479881286621,11.547931461406307,11.458479881286623,11.547931461406307,27216300
11.454113960266113,11.585018619171752,11.417024015616335,11.456294913928287,28648500
11.456295013427734,11.465022573350273,11.366844702518032,11.399571491728352,31724400
11.51302433013916,11.539204520608072,11.371211115866762,11.371211115866762,34659900
11.499935150146484,11.580659183464704,11.438847198608325,11.443210356203933,25317000
11.552292823791504,11.602473488327465,11.45411494536824,11.502113407655,29389500
11.674468994140625,11.700650425426895,11.513020995873145,11.530474867264207,30631500
11.597928047180176,11.733525356026949,11.54762640505586,11.674474894893027,35152800
11.536683082580566,11.580424648261028,11.48856898720344,11.547619412580325,26548800
11.377032279968262,11.556369865810591,11.372657246298083,11.40327622479014,53153700
11.416401863098145,11.52575520805621,11.401092995495299,11.436085765536237,28431300
11.503881454467773,11.503881454467773,11.412025764604635,11.416399547112425,27883200
11.584795951843262,11.6460326223572,11.444823737584716,11.449198768752163,37518000
11.49294662475586,11.626356379971208,11.492946624755861,11.571680968823902,25108500
11.54543399810791,11.698527628700525,11.532312652310637,11.60229691754868,29076900
11.641668319702148,11.678847354817753,11.55637266264841,11.558560180012917,19853100
11.687594413757324,11.69852949605375,11.637292784905773,11.641666567536353,17346600
11.604486465454102,11.72914865814688,11.59573764861813,11.72914865814688,19756800
11.551995277404785,11.630729609255491,11.495132358059122,11.606671931507767,25220100
11.667906761169434,11.875677012281253,11.656971682390845,11.755389894277235,48235200
11.639474868774414,11.786007171493619,11.595733303863836,11.759761982259372,31790100
11.654786109924316,11.731332925580984,11.615419569467669,11.700713949030366,24724500
11.820999145507812,11.85161811378779,11.624165244952597,11.78819391256175,42086400
11.807881355285645,11.882240656529426,11.755392215918306,11.821002701547632,28980900
11.748831748962402,11.882241497870707,11.720399034782048,11.76632687855049,25962000
11.7204008102417,11.755394829038583,11.683221777075138,11.718214544431946,19990200
11.827567100524902,11.840689701666253,11.678847207616538,11.720401276937402,25010700
11.73133373260498,11.85380964723284,11.705089787641757,11.831938233083669,28767300
11.807881355285645,11.823190218311195,11.698528043023842,11.72914702051474,22460100
11.917229652404785,11.919417168477487,11.707271909804549,11.722582019434652,29686800
11.761954307556152,11.941293170143487,11.75539425900492,11.873493904527294,20841900
11.672286987304688,11.84725082848968,11.656976869050935,11.748833824253134,27006000
11.593548774719238,11.696340779356314,11.59136250958208,11.665721804478906,25743600
11.606672286987305,11.652600127206961,11.541060550342173,11.59573595467996,25731300
11.652602195739746,11.689782478441396,11.615421913038094,11.632918295820046,19257000
11.652602195739746,11.74227162678725,11.63947959579328,11.667911061383949,21535800
11.60886287689209,11.674474637979262,11.562935019563145,11.604489093203679,19902300
11.466702461242676,11.573867015932477,11.438269746254852,11.569493233411242,33364500
11.460142135620117,11.5694942165832,11.42077558670381,11.492947384477034,30694500
11.50606918334961,11.580428493111159,11.449206255381364,11.460141337572185,30575100
11.604486465454102,11.656975612150012,11.510443254527264,11.510443254527264,27631800
11.683220863342285,11.687594646059798,11.595737700352158,11.597925217430904,23285400
11.691965103149414,11.718210294869342,11.61979207735923,11.678842507289449,22341900
11.702901840209961,11.753204714318432,11.689780493931044,11.74445589869269,18723000
11.635101318359375,11.716021901036564,11.635101318359375,11.656971475528447,17280300
11.486384391784668,11.61104657166279,11.431707733640263,11.560744947206622,25200600
11.429523468017578,11.554185669707385,11.422962167777055,11.473265052474375,27395100
11.394529342651367,11.5104427130554,11.394529342651367,11.396716859617447,31288800
11.405465126037598,11.484198221499815,11.394530043414512,11.438270373906857,23398200
11.525752067565918,11.582614990528622,11.453579029731833,11.501694388287888,28450500
11.503881454467773,11.580428279833693,11.490758855504492,11.534500434902125,22716600
11.525752067565918,11.60011137078175,11.444830213885353,11.567304875657243,44895900
11.530125617980957,11.59136357335576,11.512629238079558,11.549808263220156,29292300
11.372654914855957,11.521374743157878,11.366094868575203,11.503878366383509,34473600
11.285179138183594,11.398905010430893,11.206444783101515,11.379221108800344,40937100
11.254558563232422,11.331105390175367,11.21300449995254,11.317982790941732,29795400
11.261116027832031,11.261116027832031,11.175820413301105,11.241432135685006,34404000
11.28736400604248,11.436083879915113,11.285177740425507,11.32891807004454,32594700
11.381409645080566,11.44046010381875,11.355165691997058,11.374848343949632,31388400
11.361717224121094,11.46232041778773,11.328910746674012,11.381399859150187,27354600
11.560747146606445,11.630732681654713,11.519193078741527,11.547624545924874,58427400
11.61323356628418,11.698527947771696,11.580427072296839,11.637291244728301,34668900
11.543245315551758,11.670094990298233,11.50169251423094,11.61323207660063,30805800
11.464513778686523,11.53668556298904,11.427334753876073,11.503880320255151,28233300
11.471081733703613,11.501700728886025,11.43390143587922,11.460146646447148,30324600
11.405465126037598,11.495134555562892,11.387968743552662,11.471076873216106,24289500
11.285179138183594,11.425150212604958,11.256747670121769,11.422962695277079,27745800
11.219561576843262,11.359532578814386,11.18456882635048,11.324539828321605,45976500
11.160515785217285,11.296113062505254,11.156140751010582,11.274241645791717,41982600
11.25921630859375,11.307472237250275,11.15612130185933,11.169282580187739,52435800
11.478569984436035,11.500505876046068,11.274575103879467,11.29870370606012,57102600
11.285542488098145,11.48076401725531,11.285542488098145,11.48076401725531,260396100
11.224127769470215,11.353542907538728,11.213160448708276,11.30089901480378,66091200
11.164899826049805,11.261412972379501,11.153932508634773,11.224124344194196,54135000
11.110061645507812,11.226316712721633,11.094707652620153,11.164899486042005,52748100
11.112258911132812,11.193418085738639,11.081549661108365,11.191224119619264,37511100
11.184643745422363,11.22631905698129,11.079354718174335,11.112257931417235,36732000
11.136384963989258,11.2460606648383,11.127611610793693,11.164901499697873,41708700
11.15174388885498,11.226322436104951,11.121034632294537,11.164905178113688,33451800
10.991613388061523,11.162706307876668,10.98064607020696,11.131998319935523,47927700
10.745943069458008,11.077160370493377,10.63846259024666,11.02232377552714,87483900
10.8380708694458,10.881941405876306,10.686719840749875,10.820522905899471,52720800
10.895098686218262,10.9214199942948,10.798584294636864,10.868776123012827,39249300
10.85781192779541,10.956519057931336,10.824909969459855,10.941165061733928,43393500
10.726200103759766,10.811747191831774,10.629686952885368,10.811747191831774,77376900
10.653817176818848,10.75691098517774,10.642848602087927,10.726201737215566,39519900
10.640658378601074,10.682334955907194,10.58143383480446,10.653819667251337,35324400
10.666975021362305,10.710845545908116,10.47833477812496,10.572655841090397,60284700
10.653817176818848,10.767878304779385,10.636269214430358,10.695492489253393,37494000
10.520015716552734,10.857814377714087,10.51124173350393,10.616529530089583,59233500
10.462980270385742,10.581429307297839,10.4169170349486,10.52220478884179,51633900
10.502466201782227,10.520014165292247,10.430081009194561,10.509046844989655,45255600
10.441046714782715,10.504657915777857,10.348920234384863,10.473949298166767,43911300
10.386207580566406,10.51781727024169,10.375240890882429,10.39717552537939,41935200
10.48052978515625,10.509045064136691,10.41911129571442,10.504657760220315,31309800
10.26776123046875,10.434466870785085,10.232665306191628,10.414725570270361,69740700
10.313824653625488,10.405951142673388,10.28750270995971,10.322599262412052,41223600
10.309440612792969,10.348923852169328,10.287505340347257,10.309440612792969,35224800
10.373045921325684,10.412528510624313,10.232662265927104,10.243629582114007,32698200
10.320405006408691,10.438853435793726,10.294083063482615,10.313824363786017,36187500
10.340147018432617,10.370856267742427,10.13395813753723,10.342340984500936,50989800
10.484919548034668,10.506854818944657,10.379631126257374,10.414727685226309,35020500
10.61652660369873,10.638462496621381,10.427886333929541,10.434466348728819,44000700
10.627493858337402,10.662589780646407,10.581430617197984,10.616526539506987,36512700
10.653817176818848,10.796394841898795,10.596785357709303,10.605559966468185,32510100
10.739361763000488,10.781038325675407,10.671363887395113,10.71523316065558,30726900
10.802977561950684,10.84904081518664,10.726203799718066,10.726203799718066,30574500
10.68671989440918,10.752525071820674,10.647237290014031,10.74813713956504,28503900
10.660393714904785,10.734972212557677,10.557298691112546,10.693295661041086,31038900
10.45201301574707,10.500270217020478,10.221695582047737,10.265566107331484,97570500
10.337953567504883,10.430080686867774,10.294083660085569,10.397178099412121,37634700
10.357690811157227,10.416915319862294,10.24582243417308,10.337949517443676,34515900
10.309440612792969,10.39279314193115,10.29408598483745,10.33137525767388,49677300
10.470070838928223,10.489875966367977,10.335839444007057,10.36224565101976,55395300
10.454669952392578,10.555893453055843,10.4084592375153,10.525085890088477,31256400
10.382054328918457,10.43926685265109,10.349046401471107,10.43046541021057,30407700
10.529488563537598,10.569098202391292,10.401858834109378,10.41506162734471,34975500
10.485477447509766,10.529487804411014,10.465672944297657,10.505281950721876,23687400
10.408459663391113,10.529487671157549,10.373250748741887,10.456870740582927,28449600
10.410661697387695,10.45247107045551,10.39085656166863,10.441468636994186,21861900
10.401859283447266,10.412861086973752,10.377653426967358,10.395257571757494,16855800
10.393057823181152,10.445870263861288,10.371052954351406,10.441469541924919,34217400
10.544890403747559,10.599903815882826,10.395255207070052,10.397455567274818,32808600
10.610907554626465,10.65931926254205,10.525086570749268,10.527287560799113,28473600
10.419465065002441,10.597707541952518,10.406262268325037,10.5845041157011,31570500
10.503082275390625,10.593303985103736,10.388655339983265,10.419462277036784,26655000
10.509682655334473,10.58230021193923,10.505281305127927,10.551492019640941,24965100
10.467875480651855,10.53609170542199,10.408461958665546,10.53609170542199,24978000
10.5228853225708,10.58449981771864,10.441466325661738,10.463471817287132,28455300
10.55809497833252,10.569098040362773,10.483277682140304,10.518485969659897,26068200
10.62410831451416,10.718731986947564,10.560294091693347,10.56249445187881,36819900
10.932177543640137,10.938779251438383,10.65051139303237,10.65491211184886,48462300
10.96959400177002,11.068617165447414,10.868369847666166,11.00480229370633,47348700
10.85956859588623,10.991599063403314,10.833161746894097,10.936586893249473,30279600
10.767147064208984,10.947589268565723,10.70113119363769,10.947589268565723,52748700
10.751739501953125,10.773744363412643,10.683522668622135,10.685723658427081,22887600
10.67912769317627,10.802356746449199,10.67472697034642,10.782551604992632,25502100
10.736335754394531,10.767143317828177,10.628511171098113,10.716531881517415,31806300
10.536093711853027,10.758346574907732,10.518489562080816,10.736340443331382,33543000
10.423860549926758,10.52948538219165,10.395253981915097,10.52288367278168,47136600
10.45687198638916,10.496480997031039,10.421663697119103,10.423864057805014,23942700
10.657116889953613,10.703327601824476,10.487677193377957,10.496478634140283,28179600
10.681324005126953,10.793550572589444,10.672522563322795,10.694527426980802,30888600
10.606511116027832,10.782551357514862,10.57790327042,10.637317434277884,31485600
10.62410831451416,10.679121726166848,10.595501743381949,10.61750660438404,28598100
10.958593368530273,10.980598239819109,10.839765048933687,10.870572624226886,46103400
10.866164207458496,10.987193446166888,10.830957189735594,10.984992456682262,32560200
10.894773483276367,10.976193745532289,10.782546915461573,10.793550606472731,35145000
10.9805908203125,11.002596935880009,10.83755799443328,10.866163300461926,28125900
10.958593368530273,11.020207259968622,10.914582366804556,10.969595804174691,26645400
11.022406578063965,11.053214148681995,10.921182422689212,10.927784134903638,25957500
11.03341293334961,11.05541906826803,10.978399484776014,10.991602913897406,26315700
11.114829063415527,11.154439340382147,11.026808324291881,11.073019054938298,30251400
11.057616233825684,11.095025521270633,10.993801353415131,11.081822095213827,27285000
11.000401496887207,11.079619523629061,10.991598794389317,11.042211500669566,24127500
10.949788093566895,11.03560908607986,10.905778361322502,11.000400796625247,28731000
11.002598762512207,11.015800923067875,10.848560964555352,10.903574373886558,27474600
10.86837100982666,10.936587869715126,10.782550002087616,10.936587869715126,37496100
10.901375770568848,10.940986038348894,10.839761897046023,10.890374597271299,23209800
10.881573677062988,10.973995132049804,10.850766105684755,10.901377555047084,19796100
10.899173736572266,10.973991016879543,10.896972746889217,10.923379586496146,22295400
10.958593368530273,11.004804101896047,10.881575059871304,10.894777227155775,20080500
10.962992668151855,10.998200961303786,10.90357851606449,10.991599248944313,19548000
10.85956859588623,11.000401766116646,10.855166614955634,10.936586893249473,20447100
10.899173736572266,10.947584177272612,10.879368606867068,10.918978866277465,20832900
10.958593368530273,10.97399652660285,10.881575059871304,10.925584802448974,18990600
10.932177543640137,10.94538095923663,10.885966848199427,10.89917026379592,31755900
10.846364974975586,10.967393006270228,10.83536254114406,10.934385704775647,27796800
10.852965354919434,10.914579228642548,10.789149231893358,10.804553644684901,27855900
10.815559387207031,10.901379142312065,10.804556951358801,10.888176974783033,21678600
10.830961227416992,10.905778528870544,10.802353390041326,10.815556813576592,23391600
10.74733829498291,10.947584288006329,10.72973289563527,10.850762146478873,32913300
10.77154541015625,10.848562430823018,10.70552956186573,10.789148293276307,28682700
10.716529846191406,10.804550539893468,10.685722288608854,10.742935424728364,30896400
10.80455493927002,10.81555737306931,10.672524474530697,10.742939799016588,31035600
10.467875480651855,10.606508920675052,10.375454026734973,10.575701349653466,89274900
10.399442672729492,10.50981693291207,10.399442672729492,10.443592882054826,35434800
10.428139686584473,10.476703903145975,10.26478594382596,10.41489512990964,25431600
10.28244686126709,10.459045179377924,10.26699435054104,10.459045179377924,43331400
10.302316665649414,10.417104963361988,10.227261418388519,10.34425830074996,30666600
10.229469299316406,10.297901318410112,10.220639381741913,10.24933708753316,26470200
10.055079460144043,10.255960266645312,10.037419622903617,10.231677832548323,46920300
9.997681617736816,10.143374905455664,9.968983919130673,10.116885159364477,37700700
10.08818531036377,10.165447842783847,9.98001902810612,10.004301448071685,43791000
10.077152252197266,10.14337631081788,9.99768300291326,10.03079471644084,31727400
9.975605010986328,10.044037638536924,9.87847658203118,10.013132621679578,68980500
9.924833297729492,9.999887886204425,9.867438538123334,9.997680565487153,65643600
9.933661460876465,9.964566471730967,9.871852070732652,9.922623596105465,50821800
9.834325790405273,9.973397085899103,9.82991051787337,9.966774492883866,35389200
10.085976600646973,10.094806512912292,9.889511210634902,9.900548443075266,50834400
10.123505592346191,10.149995332781652,10.013131358082491,10.11688299934602,40037100
10.123505592346191,10.123505592346191,10.004301444604005,10.066110838953412,31632900
10.130130767822266,10.18090230959284,9.911590195625825,10.077151273445274,32341500
10.130130767822266,10.183110262199259,10.055076168338832,10.092603152297853,34302900
9.949115753173828,10.260370731446201,9.940286469715101,10.260370731446201,49302300
9.867441177368164,9.999890560875494,9.838744105672127,9.973400810487123,46088700
9.783559799194336,9.889519466398363,9.763692637903562,9.867444351524204,55333200
9.684221267700195,9.816670033616193,9.675391349972463,9.759275884168694,290360400
9.715120315551758,9.765892469125665,9.673178074270481,9.712912995369887,102286500
9.538524627685547,9.746028583296534,9.512034881949852,9.730575442160683,78952500
9.379586219787598,9.523072817214183,9.366341662608502,9.496583071290633,81564000
9.534111022949219,9.609165626480674,9.339852866423058,9.370757257360417,66570000
9.536317825317383,9.635654850901862,9.463471178474409,9.558392930413508,54646200
9.516448020935059,9.675386459701334,9.496580873980578,9.662141905586752,46870500
9.514244079589844,9.591505374422999,9.470094497585709,9.591505374422999,43078500
9.52086353302002,9.580465606949048,9.439186359590703,9.50320370604588,55667700
9.611371994018555,9.620201909348202,9.494375773792072,9.556185181099602,48048000
9.673178672790527,9.684215905947948,9.569427039041294,9.598124097876662,40959900
9.65993595123291,9.805629856488077,9.64448281137768,9.746027775630722,49841700
9.679804801940918,9.77693387865687,9.659937648685826,9.659937648685826,41394600
9.602543830871582,9.706295512817915,9.602543830871582,9.706295512817915,42729600
9.697461128234863,9.812249995582397,9.558389842595593,9.701875768888714,61397100
9.71953296661377,9.76368188460704,9.65772296566725,9.717325015462126,36778200
9.832123756408691,9.933667500457192,9.812255966680565,9.860820832817444,56706300
9.938081741333008,9.97781605352387,9.834330054843857,9.931459145446029,51459900
9.92042064666748,9.966778183374142,9.845366669921304,9.946911028537267,47223900
9.880684852600098,9.95573881807078,9.84757251180286,9.911589872428287,37367700
9.94249439239502,9.991059243749671,9.845365321251096,9.973399412632594,35573400
9.986644744873047,9.997682613851486,9.898345582438107,9.99547466111654,29382900
9.962362289428711,10.044039488126497,9.942495135827812,9.977814800702934,35964300
10.152205467224121,10.169865299076005,9.88510066835573,9.962361959033668,51174600
10.066116333007812,10.280241693838754,10.021966741518671,10.187527867494344,56780400
10.09260082244873,10.176485318297159,10.066111081375318,10.10584600876806,40101900
10.200769424438477,10.231674445160337,10.090395794009863,10.174279677347762,31100400
10.019757270812988,10.172073170890643,9.988852247616265,10.14558342167864,44937300
10.061699867248535,10.149999671341886,9.946911574527826,9.97119400486436,35736300
9.876265525817871,10.08376940088204,9.871850885691565,10.030789298410587,37290900
10.044039726257324,10.05507696390112,9.880685956554279,9.93145813390736,37059000
10.44359302520752,10.496572519245667,10.152205176432316,10.176487602424482,67505100
10.372953414916992,10.42593291072569,10.337633751044526,10.401651115487425,35350500
10.498784065246582,10.545140983293802,10.289073325728037,10.319977727237637,37675200
10.47450065612793,10.624609269027816,10.403861308880924,10.595912192100116,48085500
10.52747631072998,10.540721499270353,10.392819630686054,10.463459583625786,31394100
10.606947898864746,10.63785292460044,10.540723836176888,10.578250826085524,36525300
10.509819030761719,10.562798534648827,10.456839526874612,10.551761295897055,22518600
10.640060424804688,10.677586781551023,10.445800993092664,10.492158529723614,40248600
10.825490951538086,10.88288511006373,10.62902477734644,10.65109925937457,56812800
10.816659927368164,10.922620215353751,10.765888368299647,10.851980865450834,36355800
10.882883071899414,10.968975556695602,10.818866328128241,10.907165502835209,41502600
10.768094062805176,10.84314804054994,10.664341749942672,10.772508705465233,50548800
10.790167808532715,10.860807138833767,10.668756933251853,10.768093333596351,35256600
10.869638442993164,10.882882370997974,10.785753916641287,10.825488226917615,20110500
10.927029609680176,10.993254284183147,10.818862683429677,10.962349267664345,39458400
10.953521728515625,10.993256034290798,10.907163564791981,10.935860633581317,29520600
11.081555366516113,11.088177961437289,10.754847841479423,10.891711855878476,46448100
11.16323184967041,11.196344824032103,11.052858215770003,11.103629758950177,35713800
11.145569801330566,11.229454302191293,11.108042192226932,11.189720003989578,18951900
11.037403106689453,11.183096361855245,10.999875501104583,11.174265816899208,50079300
10.818864822387695,11.059481145215505,10.776922562347918,11.039613359997444,55448700
10.719527244567871,10.856391247057793,10.712904650222955,10.843146058367962,35310000
10.602534294128418,10.76147281801881,10.492160003421759,10.726153146043167,71648400
10.589287757873535,10.697454713249776,10.487744029609367,10.558382733033046,32855100
10.406062126159668,10.57162315067537,10.395024892942672,10.57162315067537,60200100
10.512022972106934,10.578247646454335,10.445798297759533,10.465666079002933,61566000
10.540722846984863,10.609154856207205,10.467876195394853,10.551760084469471,32310600
10.529682159423828,10.569417087924053,10.485532589737613,10.542927346112323,37084200
10.613570213317871,10.697454739606904,10.50319593634264,10.507611210573078,33551400
10.746020317077637,10.790169272942128,10.662135785177863,10.673173024143987,46386000
10.92040729522705,10.973386783558357,10.675377635368745,10.68420691852531,60882600
10.962474822998047,11.002331231300651,10.880549873107304,10.95140528776568,36879600
10.907121658325195,10.971333076276922,10.809696564210716,10.9336913322832,27640200
10.909339904785156,10.989051496012198,10.8606286030621,10.977980688030923,37848000
10.840700149536133,11.013407537576873,10.82741467346237,10.876127241084351,28374000
10.760985374450684,10.838482263518,10.725558297561179,10.814125989784939,28017600
10.772054672241211,10.836266081758538,10.732199533053219,10.816337878678526,23397300
10.760985374450684,10.805268587076458,10.707844759116426,10.772056177607126,20097000
10.70341682434082,10.756557446626156,10.665776342079774,10.73884517283675,21472200
10.568349838256836,10.727771684052195,10.486424881427968,10.718915548327445,39196500
10.592708587646484,10.694561774119094,10.572781010636191,10.592708587646484,21787500
10.512993812561035,10.632559864509343,10.499708977227233,10.599347459431826,23161800
10.362430572509766,10.510780988262907,10.35135913539011,10.510780988262907,31269600
10.236222267150879,10.331432709337898,10.09008523571427,10.265006613188657,70240500
10.25615406036377,10.29600986114094,10.207442118843298,10.23844051190424,42261600
10.116650581359863,10.273858973974164,10.028083552447479,10.185290678089999,62274600
10.15872573852539,10.15872573852539,9.986018388995422,10.11665591832114,63389400
10.121085166931152,10.218509652224457,10.087872749332222,10.160940954930634,44632200
10.15429401397705,10.191935118430246,10.065725703256478,10.074583104465932,40266600
10.311501502990723,10.318144237371937,10.132152109100078,10.19857818594018,42537900
10.127727508544922,10.27164987964823,10.1122280008453,10.240651497735222,34275000
10.052441596984863,10.16093748457517,10.032514026534292,10.11443960902849,30777900
9.952804565429688,10.056872407409282,9.897449909906618,10.052443705554625,51353700
10.003730773925781,10.050228654521211,9.877521335900886,9.886378105227925,39574800
10.141012191772461,10.160939766698718,9.977161623469648,10.003731934533386,54424800
9.963874816894531,10.118867960600863,9.921805638458562,10.105583123591108,58060800
10.019232749938965,10.06794531307601,9.862025520782508,9.96387808286294,46833000
10.123296737670898,10.165366549907738,10.074584823622537,10.085655626794514,54557400
10.17864990234375,10.222934375544467,10.110010425900466,10.118866560357393,56959500
10.25615406036377,10.298223896326764,10.147658734420775,10.231797772860302,50395500
10.14986801147461,10.30043373628372,9.93730552960692,10.183081057637978,40157700
10.276077270507812,10.395643347608186,10.231792787450011,10.273863236400768,45807000
10.209651947021484,10.30264835485697,10.191938405861029,10.282720145936809,38776200
10.216293334960938,10.269433951428693,10.090083895735427,10.196365762157058,45579000
10.247292518615723,10.291575732937881,10.067942459877562,10.251720586653487,55539300
10.072372436523438,10.231794318842033,10.061301630845097,10.183082393765586,33988500
9.981589317321777,10.076799753432063,9.974947214919743,10.061300247521658,36554400
9.906301498413086,10.067937945552366,9.8930166667704,9.963870791493642,48569400
10.052441596984863,10.076797868361139,9.857592692946737,9.91516200406466,37033800
10.118866920471191,10.178650264585137,10.036941972454915,10.070155011794446,39395400
10.129938125610352,10.17422196589428,10.03251367698571,10.0967250870259,24113100
10.076802253723145,10.145441763311716,10.067945481503363,10.067945481503363,21484200
10.28493595123291,10.327006410591098,10.025875525523702,10.056874544635498,44617200
10.382357597351074,10.391214366487302,10.160938368945336,10.249506060307631,35505900
10.324787139892578,10.411140787796574,10.26278976279233,10.373499681500073,27223200
10.207439422607422,10.324791491782314,10.141013950173326,10.324791491782314,46065600
10.127727508544922,10.287149387347851,10.067944145622265,10.121084771889908,46122900
10.070154190063477,10.183078134511591,10.061297422528057,10.16979329995145,29732100
10.118866920471191,10.174222197199086,10.039156006147941,10.074583712666533,44479200
10.063514709472656,10.12994080420619,10.021445525193354,10.118869366093142,28956600
10.132155418395996,10.158725731113048,10.08565752951271,10.08565752951271,27155100
10.043591499328613,10.143230684731474,10.012592472718,10.09008940575807,36906900
9.997089385986328,10.076800320673279,9.970519074424011,10.043587272848834,36126000
9.977157592773438,10.070153327183856,9.948373259121253,9.96608615918835,37555800
10.036946296691895,10.074588053120781,9.932879066451768,9.935093734584978,28525800
9.990448951721191,10.083445380360615,9.957235896243802,10.072373939543924,29247900
10.023659706115723,10.043587281432943,9.97494778495294,10.00594553157284,33739500
10.023659706115723,10.103370640870802,9.999303428791231,10.008160199319574,43434300
10.01701831817627,10.050231370499704,9.988233968456225,10.008161546455772,21701100
10.036946296691895,10.070159350340669,10.010375980470137,10.06130257826675,27965700
10.023659706115723,10.0657288910107,10.012588267840647,10.041373247172407,26513100
10.083441734313965,10.0922978701869,9.999302108659926,10.005944210564628,41142900
10.071887016296387,10.127446640429874,10.049662785143873,10.111890378038165,41972100
10.303018569946289,10.320797705463917,10.094114045530175,10.125227850602045,55668300
10.37635612487793,10.398580995409679,10.287461093574693,10.3563547587305,37314900
10.614151954650879,10.683045614129865,10.44302733264227,10.451917534455205,59106000
10.691933631896973,10.76749460938483,10.605260222328843,10.71193562814239,41670900
10.689714431762695,10.716383769240519,10.609708326825231,10.647489464364146,27077400
10.787495613098145,10.86083498758666,10.678597985220671,10.70971177485187,44199600
10.709711074829102,10.827497622523163,10.671929956199042,10.823053159055911,29178900
10.656379699707031,10.73416421714872,10.645268534118333,10.709717745357345,25991400
10.61192798614502,10.738604121694095,10.591926624917653,10.656375172947255,30132900
10.678603172302246,10.70749410825648,10.556371457946293,10.6230435333521,26045400
10.591927528381348,10.707491241255337,10.51414367317906,10.67860031303684,29380800
10.49858570098877,10.6541527596473,10.48969550078129,10.6541527596473,30273000
10.394132614135742,10.51414204481374,10.340795230685913,10.505252480905435,42327000
10.334126472473145,10.394131179530252,10.300790453460122,10.376351418335853,26145300
10.416359901428223,10.438584136999415,10.334131565061995,10.351910699186153,23291100
10.347460746765137,10.465247288922626,10.300790067562653,10.418577245551795,26291700
10.227456092834473,10.394135623328301,10.180786027762425,10.334130890617411,37372500
10.156336784362793,10.22300883683976,10.114111829347982,10.218564372451597,28747500
10.111889839172363,10.16967169259233,10.060774682494205,10.13411343330871,28961100
10.200783729553223,10.214117756570905,10.145224117954717,10.174115039686132,27855600
10.171894073486328,10.225231459857149,10.138558048046614,10.214119027489378,21597000
10.183005332946777,10.285236278230002,10.140780378534222,10.17856150445381,27675300
10.311905860900879,10.33857455664465,10.238566470731616,10.254123368873447,31637700
10.32746410369873,10.378579272634562,10.278571803375053,10.294128068668234,32229600
10.311905860900879,10.38079951469839,10.280792064617216,10.30523852800697,26534700
10.183005332946777,10.35635215824899,10.151892811009763,10.35635215824899,30354300
10.12077808380127,10.165225902107853,10.089664293070786,10.138557211123903,36430800
10.14078140258789,10.207453460846706,10.111890474063944,10.147448735580147,27617700
10.21856689453125,10.229678694076014,10.149672592856161,10.167451726460573,31746900
10.143004417419434,10.24078964413227,10.138559952302993,10.174118216562206,38375100
10.00743579864502,10.149668814532541,9.99854623515205,10.129666819799557,46130400
10.207452774047852,10.351908042779918,10.12077935847588,10.205230541810577,55640700
10.258572578430176,10.2807961825356,10.200790063258264,10.249682373789467,28794900
10.37635612487793,10.409692159011621,10.287461093574693,10.294127791735859,35379600
10.311905860900879,10.440804239079837,10.249678268333554,10.427470209123882,31755900
10.500810623168945,10.520811989180128,10.338576190710315,10.356354688184284,27241500
10.571924209594727,10.645263590913183,10.467471671579291,10.500807696193883,29634900
10.63859748840332,10.705269545338274,10.574147663811036,10.598594127075977,43520700
10.61859130859375,10.687485566617896,10.574142866912986,10.603033781757071,28349400
10.500810623168945,10.645266558153606,10.451918324493615,10.645266558153606,33613500
10.34301471710205,10.54525240128896,10.340792485672818,10.503026824975555,34224300
10.540815353393555,10.569706289791775,10.240791645288809,10.278572785320987,51152700
10.683043479919434,10.736380865150062,10.598592937886831,10.638596294725696,53055000
10.446196556091309,10.633532742136326,10.44396653051169,10.626842027335787,46541400
10.5309419631958,10.56885558135339,10.403821595778798,10.486338269535311,32823600
10.553245544433594,10.588929144366823,10.457348062950093,10.582238429500487,39083700
10.55993938446045,10.653607506124693,10.50418489955133,10.546558588829486,29745900
10.597850799560547,10.70266966862079,10.593390109910748,10.615692282036258,33067800
10.711591720581055,10.736123921502474,10.564399153114366,10.600082122432129,48705000
11.028276443481445,11.113023799666195,10.84986162842061,10.887773979043901,77421000
11.072882652282715,11.150940591667846,11.02827957391839,11.061731882691634,52302900
10.771808624267578,10.863246726405341,10.756197801225259,10.843174574387634,57822000
10.805258750915527,10.865473918674308,10.727202099232796,10.811949466902458,36148800
10.791875839233398,10.832020129650669,10.687057614098498,10.760652927616661,40404600
10.666988372802734,10.78295867204017,10.553248737903548,10.742815646818034,41328000
10.524256706237793,10.713822343065289,10.504185193199305,10.653607803949827,37337700
10.488574981689453,10.591163217242034,10.381526055167491,10.557710268188437,49392900
10.490804672241211,10.644687339673926,10.464042441467614,10.497494751388178,29064600
10.548787117004395,10.602311564813201,10.446197634944895,10.50195274662538,48796200
10.510872840881348,10.591159507652138,10.481880592951766,10.515333530288357,22483800
10.479653358459473,10.575552150504768,10.464042535580905,10.504185563071392,22406700
10.600078582763672,10.6892866143308,10.488569659912578,10.501950449907602,42543900
10.640225410461426,10.682599735165185,10.56439941779236,10.606773104434282,31289400
10.852094650268555,10.872166802231103,10.551020027573385,10.646917544237233,47199900
10.774038314819336,10.963605241751033,10.749507385385897,10.82979344346088,50226900
10.765115737915039,10.905616945358517,10.704900570118237,10.805258757738377,34856100
10.800795555114746,10.836478512576198,10.751731169574443,10.760651270878196,26099100
10.905613899230957,10.927915428889875,10.771803445154221,10.771803445154221,29909400
10.811945915222168,10.970289830609136,10.765112194821935,10.863240962230554,25397700
10.691519737243652,10.845402385292376,10.65137671517087,10.782957826081786,24741000
10.720511436462402,10.749504964590887,10.660296906466513,10.72497276455823,20329200
10.622384071350098,10.765115945585269,10.609002639109645,10.693749370405875,25269300
10.687056541442871,10.689287204949968,10.562166183634531,10.626841387984154,21863100
10.86324405670166,10.86547344451762,10.684828587186209,10.729432295049628,32900700
10.742813110351562,10.89446507032836,10.740582446539992,10.861012769895572,33358800
10.609003067016602,10.716051977010727,10.504184183131896,10.649146727295316,27291900
10.486340522766113,10.557706447957502,10.42835602757896,10.528714200363925,34569000
10.419435501098633,10.513103604604519,10.372601768376567,10.443967699405146,30522000
10.258867263793945,10.399369169972585,10.232105026334303,10.365916213632515,31576200
10.299002647399902,10.4216629631863,10.270010406342143,10.314614099531601,21926100
10.28785228729248,10.305693127206744,10.12727898550986,10.258859407035542,39618300
10.069300651550293,10.314621458138665,10.060379906548206,10.305700075074567,39775500
9.848505973815918,9.951094158981896,9.748147175946759,9.935483343411208,78919500
9.600957870483398,9.819516365818371,9.547433419143625,9.79721419206257,60216900
9.594268798828125,9.797215871121537,9.527362904156098,9.641102542261404,53091900
9.627718925476074,9.641099717653093,9.435922679132348,9.53628085367598,61125600
9.857429504394531,9.886422396386584,9.641101655892278,9.652253062686995,52826100
9.877497673034668,9.948863585062675,9.846275405553207,9.890878462509127,30757200
9.750381469726562,9.926566949465862,9.714699134186045,9.926566949465862,38928900
9.908722877502441,10.01131108081342,9.819515466770405,9.819515466770405,34950600
9.962254524230957,9.991246794157801,9.79945040343087,9.85966560871139,32036700
9.739226341247559,9.917640479660612,9.730304964362256,9.913180429279532,37042200
9.7080078125,9.812826700444392,9.69462637920155,9.806135983795166,26120400
9.91541576385498,9.933257889117895,9.76153309626181,9.76153309626181,37083900
9.924333572387695,10.062605376333288,9.886420582813603,10.040303842958547,40390200
9.832897186279297,9.897572405641409,9.765991940954095,9.890881689690351,28932900
9.895343780517578,9.908725214314044,9.812827065645653,9.879732958504214,23969100
9.975630760192871,10.064838194566041,9.850740352070432,9.873042529694676,33106500
10.006851196289062,10.136201624978083,9.957786800536853,10.069296384843494,29199000
9.995698928833008,10.046993984011541,9.924333005213633,9.946635175375532,22005000
9.91541576385498,10.033616095108057,9.89534425026933,9.995702456259492,23071500
9.790519714355469,10.009078125714574,9.781598975893088,9.986776598589394,30838800
10.011312484741211,10.022463253131,9.757071009470705,9.790523952701896,36422400
9.966708183288574,10.022462659999785,9.879731429321327,10.013542556265303,24733500
10.058144569396973,10.131741160022543,9.975627875975023,10.000160072850214,32912700
9.935484886169434,10.01131086462337,9.823975306131524,9.986779305748106,55768200
9.9462308883667,10.00219641090045,9.86116273049562,9.97309441604014,49362300
9.99100112915039,10.073830160245487,9.923842005224671,9.961898500528246,37104600
9.959668159484863,10.015633714764725,9.917134696139511,10.011156777771486,27250800
9.87012004852295,9.935040098755891,9.854449492801383,9.917131715687647,28446900
9.865638732910156,9.932797865988075,9.845491249177565,9.89474072502134,24802200
9.796242713928223,9.88354933912155,9.733560508782636,9.872355722215826,31738800
9.78281307220459,9.841017076546645,9.773858560730645,9.836540141048262,22440300
9.82310676574707,9.863402379708168,9.742516178301928,9.760424557257126,23162100
9.9462308883667,9.995480368862834,9.885787790982198,9.894741659729657,33606600
9.959668159484863,9.995486217340359,9.86340760935627,9.995486217340359,29574300
9.988764762878418,10.060400839801492,9.894742091678358,9.99100387064005,36462900
10.011150360107422,10.069354346572142,9.966377816489565,10.05816201126391,26354700
10.174569129943848,10.252921875292888,9.854445309834295,10.073831075380811,34149600
10.201432228088379,10.273068929349511,10.154421223317955,10.23277332491993,31680900
10.163376808166504,10.219342966943902,10.107411289866077,10.17233131671365,30328800
10.194719314575195,10.30665100709283,10.140992255881226,10.163378210098516,48023700
10.45887565612793,10.4790237808437,10.196956439592663,10.22829689946668,42160500
10.631247520446777,10.633485986866415,10.364850802205968,10.45439586375945,51446100
10.761092185974121,10.888694434142586,10.626774535647113,10.667070150983754,55311300
10.763334274291992,10.828254329807667,10.644687143768053,10.734231628304574,33506400
10.828253746032715,10.837208898528557,10.651401973545662,10.709606621905303,30481500
10.794672012329102,10.933467232931871,10.779000819756176,10.888694043950222,51441900
10.767807006835938,10.864068138767252,10.669308048249436,10.74989798882439,32491500
10.857357025146484,10.857357025146484,10.74542466425751,10.799151736340619,34267800
10.940183639526367,10.973762571664867,10.839444281202564,10.917796403813215,41135700
10.84839916229248,10.982716168465288,10.792432995830573,10.94018336786102,39155100
10.81033992767334,10.884215099421667,10.65587482397581,10.707362764890362,35315400
10.928987503051758,10.969282470884119,10.75213644132078,10.801385277136362,36589200
11.025254249572754,11.159571288865308,10.924514868910293,10.953616872741106,44937000
11.081216812133789,11.139420807521674,10.978239625786955,10.9827165605966,47144400
11.150614738464355,11.157330781730167,10.9760014564161,11.081217759641437,38317500
11.04092025756836,11.181953291054077,11.038681150006752,11.10584028636118,37746900
10.843924522399902,10.937946574712932,10.752140297408275,10.884219504683431,54018000
11.072264671325684,11.081218542343022,10.758856128540273,10.848401243485482,44959500
11.0924072265625,11.10583930884191,10.774521871355041,10.814816837239404,74332800
10.837206840515137,11.074501043707185,10.767808584953212,11.074501043707185,75213000
10.817056655883789,10.964807008764952,10.799147638651585,10.839442607185559,46336800
10.794672012329102,10.864068982153432,10.738705846340569,10.78795596993415,28935900
10.772286415100098,10.855115472457683,10.718558714638036,10.855115472457683,28988700
10.814824104309082,10.846165223702888,10.716325090298911,10.752143146476197,30018300
10.817056655883789,10.895408766393933,10.763329604187174,10.855113797859959,37275000
10.84839916229248,10.861829966241878,10.77228614942942,10.80810290758193,26406300
10.817056655883789,10.848397756278638,10.770045645768494,10.814817548372032,19855800
10.80810260772705,10.817057757732321,10.664831095752442,10.79019486962468,33348000
10.823775291442871,10.873025420872992,10.781241205203608,10.841684312967073,30847800
10.85511589050293,10.96704694954373,10.832728653931408,10.841683804750856,30279000
11.05211353302002,11.13270475502044,10.890932369973196,10.90884138808951,56866800
11.47968864440918,11.674449979428019,10.975997126751345,11.052111399769808,159304800
11.48416805267334,11.618485036106643,11.428201895686355,11.48416805267334,56346900
11.383431434631348,11.59162361790506,11.316272293943486,11.428203341120547,51850200
11.58491039276123,11.58491039276123,11.338661004329733,11.365523898564497,42690000
11.356569290161133,11.551330704774657,11.334183332926479,11.54685248856429,37599600
11.087928771972656,11.130462839387592,10.99166766376312,11.018531824637266,78261900
11.031965255737305,11.143896297188185,10.996147219996702,11.103601327218508,52747800
10.935705184936523,11.125989639093989,10.8909332763965,11.05435227971253,50362500
10.81033992767334,10.828248943768036,10.669306906285302,10.671545373177905,73147500
10.640205383300781,10.85063730505228,10.566330203855927,10.812580161528443,54042300
10.631247520446777,10.792428631243045,10.566326870462902,10.687213023798504,52292100
10.667070388793945,10.743184045914655,10.613343327465358,10.676024899015376,53654100
10.528275489807129,10.635729609292271,10.528275489807129,10.58871859213679,90334800
10.38499927520752,10.568566989205532,10.367090901659056,10.546180401435445,81691800
10.402914047241211,10.452163542831999,10.367096639842504,10.367096639842504,39597000
10.369333267211914,10.48574190933688,10.290981136431592,10.402912843328787,72541800
10.66930866241455,10.79019486118965,10.564092374943817,10.707364527283467,85865400
10.673786163330078,10.763331263293978,10.651399568100565,10.693933650702686,49422900
10.725276947021484,10.743185970672942,10.633492720449857,10.736469926684343,33229200
10.6334867477417,10.705122802110376,10.61333926756972,10.689452895574863,47462700
10.68274211883545,10.799150764540068,10.615583605013672,10.633491986952606,37007400
10.702890396118164,10.740946268677554,10.655878731273644,10.6916967765968,26232600
10.752140998840332,10.792435983752563,10.691697880994747,10.71856141776198,32466300
10.723033905029297,10.756612829694019,10.644681799857747,10.691692806769904,15244200
10.434250831604004,10.67602255448792,10.42081938946004,10.620056397536707,70507500
10.456640243530273,10.49693586425538,10.405151643900421,10.416345263282329,40095600
10.496932983398438,10.595432579776977,10.438728356208987,10.496932983398438,38019900
10.320084571838379,10.461118290005365,10.302175548594228,10.409629688059132,72662100
10.268594741821289,10.32008333760975,10.167856658239993,10.297696740993288,75074100
10.362615585327148,10.411865064386966,10.268592920973676,10.353661076363817,43487700
10.405150413513184,10.420821606890202,10.313366844488602,10.353662460448838,31411200
10.4185791015625,10.465590104455224,10.378283498742395,10.407386127631256,29517300
10.380525588989258,10.476786729605278,10.378286481178048,10.454400134832618,42616200
10.37604808807373,10.436491189867551,10.353662133617986,10.364855110845859,31621800
10.297698974609375,10.398437080041209,10.27979059009976,10.398437080041209,49509600
10.219346046447754,10.335754692639316,10.203674851171664,10.279789157474204,54008700
10.313264846801758,10.342474340443024,10.290796203337047,10.313264846801758,52116900
10.452574729919434,10.472796641435664,10.315513536026595,10.362698210512125,55315200
10.436844825744629,10.535708925019785,10.423363766743517,10.477289288433823,48263400
10.418867111206055,10.51548380209069,10.398645207461724,10.448076599152614,38610600
10.355952262878418,10.389655860715193,10.223385892314385,10.364940488954709,52049700
10.30652141571045,10.364941031206648,10.30652141571045,10.335730902037202,41810400
10.270572662353516,10.349214192581833,10.2481033782128,10.324498172879883,33844800
10.232373237609863,10.290792848691323,10.111040545355944,10.223385654585226,33296100
10.360450744628906,10.400895207655866,10.066107108900407,10.066107108900407,31479900
10.371681213378906,10.391903114702703,10.279558004201043,10.279558004201043,36372300
10.33797836303711,10.380668903840757,10.293040444157453,10.293040444157453,21301500
10.376178741455078,10.472795458559865,10.342475130839448,10.38067221335428,32431500
10.684005737304688,10.852523173900389,10.573907944437272,10.580648153340416,107061900
10.735679626464844,10.782864281453364,10.63232144685968,10.740173097014841,51219000
10.648052215576172,10.740174804927634,10.594126703344662,10.672767593216838,40670700
10.56042194366455,10.63007588339728,10.537952661268328,10.54020003949787,49189200
10.648052215576172,10.710965313179601,10.560423097489263,10.560423097489263,43929600
10.623335838317871,10.699729989992145,10.45032434358676,10.57165706345422,40044300
10.695237159729004,10.724446652246273,10.607608039334366,10.621089739168694,44469600
10.780616760253906,10.809826889812047,10.607605932363752,10.699728505843128,41732400
10.854764938354492,10.89296265445365,10.737926983180238,10.769383850221574,43447200
10.830053329467773,10.877238000795193,10.805337304356105,10.8570154477895,33916200
10.8727388381958,10.960368580033697,10.803085548870852,10.830048941954926,40968600
10.854764938354492,10.951382917726272,10.827802827808702,10.895210032701423,35880900
10.77612590789795,10.845779860163038,10.695237633834806,10.82106383793303,38159700
10.742422103881836,10.818815614713419,10.663779928906182,10.735681254192093,33822900
10.922176361083984,10.942398916066832,10.78286906953469,10.800843602558894,40474800
10.818817138671875,10.928915556303647,10.80533672307913,10.922174705664375,29280300
10.710968971252441,10.866005353999078,10.666030386202348,10.796350740024343,33175200
10.701980590820312,10.818818589069146,10.672770448415118,10.818818589069146,28611000
10.623335838317871,10.749162029298974,10.540200837130339,10.728940123601994,49027200
10.71545696258545,10.776123314242016,10.569408885833798,10.605358578366436,44682900
10.735679626464844,10.80308618461377,10.659284198687793,10.675013274140913,39706200
10.803088188171387,10.879482344431196,10.704224746466272,10.728940767603259,37835100
10.90195083618164,10.987333219712387,10.879482193890068,10.883976950896896,42644700
10.91543197631836,10.95812316589543,10.857012995080503,10.92217282579743,26885700
10.91543197631836,10.953629694804574,10.848024767213214,10.872740786741288,30252900
10.854764938354492,10.919926050684936,10.814321129693058,10.866000543907859,32374800
10.77837085723877,10.906444418743467,10.71096429477981,10.868246702412547,37218000
10.72669506072998,10.83904021977885,10.713214001636157,10.818817666873718,30991200
10.780616760253906,10.823308586968528,10.726691257313387,10.74017295446987,30205200
10.755901336669922,10.814320309828137,10.728938585325507,10.803085990811972,36827100
10.865998268127441,10.906442068318306,10.744664939027011,10.76264074703059,33889500
10.892963409423828,10.976098410756395,10.841283991627227,10.863753918605811,51311100
11.292913436889648,11.299654288093517,11.101927366961702,11.191803240203436,109508700
11.227753639221191,11.328863824777072,11.205283709119847,11.214271938297538,71367300
11.164840698242188,11.274939120925909,11.133383822377429,11.254716568080168,31898700
11.137874603271484,11.209775281768948,11.074962152428977,11.158097151230976,33151800
11.230002403259277,11.24573020095382,11.11091701670983,11.169336020359358,31988400
10.830053329467773,11.18506205387138,10.830053329467773,11.14461823354586,61958100
10.854764938354492,10.933406463115084,10.78735773346177,10.897457410949194,63995400
10.760398864746094,10.83005346887172,10.603115767839578,10.735683482159223,61369800
10.742422103881836,10.857013334393423,10.719952176354154,10.751409046344415,55079100
10.666022300720215,10.84577457612853,10.659281453788362,10.706466739468786,42993900
10.794100761413574,10.850273657777468,10.728941564458358,10.749163472871063,44755800
10.769384384155273,10.841283777737235,10.69748306204497,10.796346496037813,39981000
10.758153915405273,10.818819656749959,10.645808735693059,10.796351006513346,61187100
10.654797554016113,10.814326779442736,10.594131166487156,10.735685856440362,41851500
10.618843078613281,10.701978733246134,10.582892733748114,10.67950944628397,36591600
10.376178741455078,10.589634084896868,10.342475130839448,10.555930474281238,71961000
10.324254989624023,10.434880452776788,10.172992748069397,10.425849842269638,82756500
10.385208129882812,10.421331205163089,10.270067724816895,10.328766995487358,39872400
10.432618141174316,10.565820400255161,10.32876648485766,10.434876277337688,56977200
10.518410682678223,10.570336840969812,10.471000151417227,10.49809197584066,36238500
10.678699493408203,10.701275679614794,10.484540545697111,10.493571149363692,45801000
10.784809112548828,10.802870320736917,10.599681405661038,10.660638144775778,40896000
10.838998794555664,10.881895643851315,10.73740524306698,10.750950834625419,45351900
10.816417694091797,10.870600678468252,10.780295273894277,10.838993237835512,23981700
10.800616264343262,10.818677478272399,10.644838455684445,10.800616264343262,38118300
10.721598625183105,10.79158599281392,10.617746964822523,10.739659839673639,38851500
10.529699325561523,10.653869701862543,10.489061266358979,10.649354720795616,54241500
10.547757148742676,10.620002640278605,10.466481697424609,10.595168313118117,37689300
10.599687576293945,10.631295031983333,10.529700838261974,10.579368866733699,45561900
10.701277732849121,10.728369549046922,10.577106747129235,10.624517909915275,41238900
10.8593168258667,10.902212378088507,10.717084579295486,10.72611583379278,51485700
10.848028182983398,10.908984949304836,10.81416388695597,10.83674008430759,32921700
10.897693634033203,10.938331035639475,10.805129443636973,10.811902559211303,28546200
10.942852020263672,10.96091194712057,10.81190721582907,10.897698327600644,25613400
10.823189735412598,10.938330106718674,10.823189735412598,10.938330106718674,29252100
10.671932220458984,10.861575001258148,10.624521686739213,10.825451920900134,53176200
10.66967487335205,10.723858529018187,10.588399389852844,10.696766701185119,34715700
10.70353889465332,10.705797031217696,10.57259474848259,10.701281404009016,37264200
10.852542877197266,10.863832267414725,10.726115012714267,10.753206836372058,42750000
10.87511920928955,10.933817831345845,10.81190431489053,10.879634189792363,37173900
10.829964637756348,10.877375158735173,10.798357193157194,10.836737753873296,23980500
10.913497924804688,10.92252917718969,10.757720124762088,10.780296963884743,24150900
11.234086036682129,11.252147251637052,10.951879714491454,10.969940929446377,70264200
11.04670238494873,11.276983232248474,11.026384322554165,11.227315852741617,42166500
10.992521286010742,11.057994345364849,10.866092733471218,10.963171962079842,55658700
11.019606590270996,11.08507831515906,10.978967898818011,11.010575339334897,43509000
10.994771957397461,11.076046754350337,10.965422653395612,11.012833166924723,27693300
10.913497924804688,10.992515892854096,10.908982944532113,10.954135330937573,27906300
10.818675994873047,10.985741877850396,10.807387899195088,10.89317768471551,41966100
10.91124153137207,10.963167036251557,10.726113768229713,10.818677326840916,44356800
10.899951934814453,11.003805526274762,10.875118896842498,10.904468207027426,36355200
10.918012619018555,11.006060534888208,10.881890198378748,10.954133747818698,32854800
10.897693634033203,10.949620422823163,10.848024981047923,10.927042940295495,28817400
10.974458694458008,11.035415471875679,10.899955679427451,10.93382127345967,26679900
10.8593168258667,10.98123036461919,10.854801844538128,10.920273595242945,30517500
10.820935249328613,10.899951927242439,10.800615899903988,10.852541403758192,45677400
10.780296325683594,10.911240434635193,10.712566458245208,10.723854554178311,53550600
10.787069320678711,10.8164186281437,10.703535732318535,10.800614906462597,47667900
10.800616264343262,10.836738692201536,10.721598291923298,10.75546322952042,38914200
10.750946998596191,10.859314276077964,10.703536476177899,10.827707476439075,58139400
10.701048851013184,10.828063491636781,10.65568559868765,10.771360399606666,49549500
10.685173988342285,10.766826696328769,10.664760973575175,10.766826696328769,37878000
10.721463203430176,10.744144183516397,10.701050191568987,10.73280304455534,41229300
10.5740327835083,10.750947259098066,10.5740327835083,10.68970758301562,63066900
10.555890083312988,10.614861804560167,10.540013006563592,10.562693988561584,33590700
10.508257865905762,10.691976917637097,10.50598989770262,10.633005850847736,42760800
10.580835342407227,10.648878909407863,10.512791126488855,10.526400229239623,44194200
10.639810562133789,10.660223574100625,10.57857087731533,10.614860964775461,26388000
10.646615028381348,10.782703512452539,10.605789002294378,10.69878219408624,44844600
10.687440872192383,10.69424542565033,10.540011908887239,10.580838580716984,48114900
10.796308517456055,10.841671114660977,10.682901699984859,10.682901699984859,52451700
11.220450401306152,11.32705332954472,10.825795430594539,10.864354129847852,147313200
11.615108489990234,11.66727630861173,11.37468695391713,11.37468695391713,164037900
11.458606719970703,11.612840248304524,11.422316630696388,11.547063325888358,98185500
11.510774612426758,11.576548939616563,11.374686127808197,11.376953447255723,75783300
11.286230087280273,11.510776513333624,11.252208609425264,11.429123149510934,74399400
11.358810424804688,11.37468815294409,11.249940136861094,11.31571577359749,44208300
11.297565460205078,11.367878299545913,11.238594406179038,11.317979116368985,37919100
11.093432426452637,11.29756376613989,11.091163810162737,11.252201823025127,57197400
11.227256774902344,11.236328648059333,11.107046019638691,11.15467659830271,42428400
11.177353858947754,11.261274497980848,11.109310939408811,11.181889794016584,40100400
11.190967559814453,11.26808367900982,11.161482022999637,11.190967559814453,68178900
11.138797760009766,11.215913856493641,11.129724590981024,11.186428328362618,33091800
11.070752143859863,11.107042219744272,10.834866001693458,11.097969051855427,44540700
11.020857810974121,11.170555413196546,11.014053256524369,11.079828885757227,53974200
10.97549057006836,11.066215766795551,10.90517902929313,11.0480720252857,49538100
10.848475456237793,10.984563902273406,10.848475456237793,10.943736589761357,61351800
10.846206665039062,10.914251531808503,10.816721140131618,10.887033325533626,53461800
10.880228996276855,10.998172396152043,10.830330464561445,10.866620541779113,48224700
10.991369247436523,10.998173800012845,10.832599814884235,10.848476239005183,53705400
10.93466567993164,11.000442589925946,10.925593808244253,10.961883890665247,40659600
10.911983489990234,11.034462829006209,10.85754837240931,11.000441367206472,42394500
10.961885452270508,10.998175539861304,10.91879081102695,10.932399918332475,31632600
10.99363899230957,10.99363899230957,10.916521587088633,10.964152162174605,18636300
10.907447814941406,10.991368460985198,10.905179198299724,10.968687485910792,33595800
10.97549057006836,10.998172842626847,10.884766022258962,10.907447645899655,39320100
11.000443458557129,11.075290948313304,10.94600703279144,10.980029798894995,32103900
10.791773796081543,10.975492184244294,10.771360786045213,10.975492184244294,50195100
10.81445598602295,10.86208656155984,10.712389632692283,10.818991922303642,41057700
11.075291633605957,11.168285469595315,10.81445646723982,11.091168060212768,74922300
11.147870063781738,11.172819657284352,11.038999818226173,11.05941217812053,39303000
11.10024356842041,11.145605538469514,11.045808425659779,11.145605538469514,35248500
10.966419219970703,11.086629949112078,10.955078732070836,11.059411739883878,42296700
10.896105766296387,11.054876481487833,10.877961376025949,10.984563643486222,58868400
11.0662202835083,11.109316229608499,10.90971941750702,10.968691792826148,46246800
10.90064525604248,11.08436430254379,10.868891106430679,11.000443641155048,56925600
10.911983489990234,10.977759094837738,10.875692762685164,10.95507812030458,38086200
10.891571044921875,11.036731374607106,10.823527464840852,10.823527464840852,65639700
10.857549667358398,10.989100892743146,10.784969501927403,10.97776040412402,46463700
10.619399070739746,10.834871671283747,10.55362343601011,10.77590059157251,79928400
10.419798851013184,10.633004048926333,10.37216828222919,10.596713319236349,70263900
10.481037139892578,10.537740870296295,10.388044631346492,10.478769172373399,53850000
10.422069549560547,10.617129097132976,10.41072905928344,10.510526801341484,81560100
10.483308792114258,10.490113345560024,10.31546681765365,10.444750737451473,66111000
10.59898567199707,10.685174319752555,10.45155668020475,10.478774250377754,50003400
10.324539184570312,10.660223128461569,10.32000324828639,10.592178892859364,61352400
10.664759635925293,10.671564189633534,10.365365761942256,10.365365761942256,61953600
10.673831939697266,10.769093088202013,10.558157131726151,10.614860227213164,57748800
10.9822998046875,10.9822998046875,10.592181292421767,10.676101972947087,73293000
10.535476684570312,10.887037754602567,10.521868224814428,10.773630895019451,70726800
10.449286460876465,10.721462752899525,10.365365150897272,10.481039961446438,65011500
10.471968650817871,10.598983957748814,10.451554989801219,10.58991078690722,46698600
9.938956260681152,10.022876918511184,9.870912676983744,9.993392036124131,189981000
9.866009712219238,10.025579625275977,9.822696974923195,10.025579625275977,86341500
9.91616153717041,10.018742257712487,9.78394650219481,9.813580816628331,108804600
9.913880348205566,10.189708733819932,9.845492778639446,10.187429322085647,91322400
9.936675071716309,9.989105451073936,9.793061707472441,9.961750555608063,68875800
9.961751937866211,9.97314964951046,9.845493452956593,9.934397038604668,58793100
9.973149299621582,10.005063673736515,9.900203556342206,9.982268251247753,56742900
9.84093952178955,9.991391216431891,9.809025130688104,9.973154607857513,71297100
9.970870971679688,10.011903649688968,9.831817053244363,9.838655941611291,53884800
9.989107131958008,10.03697869622283,9.929838507904796,9.977709419977353,59365200
9.893367767333984,10.07573316093783,9.893367767333984,9.950356993597213,83790000
10.073450088500977,10.10308439712795,9.904761231331696,9.932116128262482,67777500
9.875127792358398,9.950354254687026,9.838655245430914,9.850052304915524,71853900
9.945793151855469,10.016460126638925,9.881965063836379,9.927557207470725,62468700
9.870565414428711,9.948071260746406,9.863726529008208,9.918436307988223,58165800
9.676806449890137,9.852334243188212,9.654011022200114,9.852334243188212,92355300
9.747469902038574,9.93895416415113,9.722395071144124,9.916158744757606,88295700
9.663127899169922,9.774826913207503,9.644891298829409,9.674525611334676,76145400
9.635773658752441,9.729236731044418,9.594740979079228,9.708720065111653,54646800
9.788503646850586,9.806740898655791,9.644890914042726,9.663127513655684,56692200
9.73607349395752,9.847772498741518,9.706438531715056,9.756590156785123,46953300
9.8158597946167,9.909322210261374,9.749752280052826,9.770268292815357,51424500
9.875127792358398,9.92527876724415,9.722396760188712,9.758869959308443,44528100
9.875127792358398,9.92527876724415,9.799901982222016,9.854611780901612,42075600
10.130444526672363,10.178316110172183,9.881970914256613,9.913885303256492,83757900
10.2011079788208,10.269495554299423,10.123602103424512,10.160075303095175,66558600
10.103084564208984,10.219343041135515,10.021019872059467,10.185149908550699,50306100
10.082571029663086,10.210227900985364,10.0643350791226,10.160076917373859,63128700
10.023303985595703,10.137282444645674,9.998228489815425,10.103088646053697,50254800
9.838652610778809,9.870566325366408,9.729233042720631,9.868286914079881,63953400
9.870565414428711,9.938952312057726,9.790780157034852,9.870565414428711,57439800
9.941232681274414,10.034695060193643,9.911597727604194,9.929834973350808,42612900
9.95035171508789,10.030136980847002,9.918437347907416,9.941233417635194,39167100
10.13728141784668,10.18287357947962,9.952635967660575,9.991388587636937,45557700
10.228464126586914,10.283173932768257,10.112205625403474,10.132721639673393,55058700
10.287726402282715,10.39486653625364,10.141833675919562,10.187425152908046,51161100
10.258094787597656,10.33559999264835,10.205664412303305,10.271772560366664,28660800
10.34244155883789,10.458700048729488,10.251258557391983,10.36067815912707,39368100
10.319646835327148,10.349281149761314,10.276334743651171,10.303689645942475,24210600
10.305967330932617,10.369795425582193,10.173752318111742,10.26493531046828,36743400
10.392587661743164,10.42678143429702,10.280888048213367,10.280888048213367,47490000
10.691217422485352,10.873583432097375,10.6501847442265,10.793798139844041,123289800
10.727688789367676,10.7778391042874,10.668419523889298,10.709451540442513,41990100
10.588637351989746,10.729971352874617,10.545325908537494,10.7162942265719,49338000
10.454143524169922,10.55444484782196,10.390314756926209,10.549886022843076,54055500
10.483773231506348,10.568117326246165,10.321923276487034,10.51796701257648,71746800
10.460977554321289,10.495171334548317,10.335600142758148,10.43590207200866,57064800
10.25353717803955,10.490613615694253,10.248978354415229,10.44958094211425,68912400
10.315088272094727,10.362959192294678,10.176034336184214,10.212507542468439,63655500
10.014185905456543,10.390315741754405,9.916163985003108,10.374359200623477,114216000
10.000504493713379,10.071172131656937,9.863729998158686,10.052934880057405,66849900
10.002784729003906,10.087128839658314,9.866010231108007,10.021020676531109,63851400
10.176029205322266,10.214782456603732,10.055211281279172,10.15551320017987,51100500
10.260379791259766,10.290014764347337,10.171476176381963,10.1942722593576,41109000
10.34244155883789,10.451861160572976,10.18743045637985,10.19882816851252,49287000
10.305967330932617,10.44274247165963,10.150956243926505,10.419946397474392,66366900
10.036977767944336,10.2444185851375,10.016461105645945,10.189708790059528,59600400
10.073450088500977,10.116762171689436,9.952632790104714,10.06661185341242,54106200
10.036977767944336,10.11676239662223,9.979987908927296,10.087128087336378,37737600
10.096247673034668,10.121323162022044,9.98682806893588,10.03241957064371,37687200
10.014185905456543,10.164637579098697,9.989110409118693,10.030143098779947,52828800
9.943511009216309,10.116758629111976,9.7611444413447,10.07344656109007,62400600
9.77938461303711,9.895643082138479,9.688201627897241,9.836373815701489,61294200
9.875127792358398,10.160075149625476,9.724676172085633,9.797622570325094,76438500
10.479214668273926,10.565838834230947,10.258096082203284,10.258096082203284,122207700
10.602313995361328,10.732249616191435,10.513410401238705,10.540765303107795,87331200
10.531647682189941,10.727692136526127,10.456421860242994,10.55216434906012,65489700
10.563562393188477,10.622831026822412,10.399432966243529,10.581798996182359,56775600
10.365236282348633,10.565838859345503,10.315085312003323,10.486053580446427,44969400
10.372076034545898,10.533925365339124,10.189709388057988,10.360677670758239,76708500
10.22618579864502,10.351563274340771,10.185153763137723,10.264939073748232,52436700
10.424506187438965,10.543044740684229,10.228463061793603,10.310527762522602,40749300
10.264933586120605,10.572676296676025,10.258094699794638,10.48605214239271,65968800
10.447304725646973,10.52709003320521,10.292293587741572,10.31964849443076,63041400
10.766443252563477,10.832551420279009,10.48605534936812,10.50429195035331,85763400
10.837108612060547,10.90777493683683,10.659301463842167,10.668419762412542,44294400
10.919174194335938,10.994400652852628,10.850786623355711,10.873582045554311,49191900
10.912334442138672,11.012635074495646,10.843946876577272,10.875860595565008,36828300
10.985282897949219,11.06962701277903,10.825712316408437,10.825712316408437,49381500
11.147127151489258,11.197278106406374,11.058224253177618,11.065063138337585,52347600
11.231472969055176,11.263387336621438,10.941967510576553,11.05366714486638,60868200
11.17448616027832,11.25883026278861,11.12433518979619,11.229195954154,43161000
11.267951011657715,11.324939574129978,11.151692518075881,11.183605591306515,37674300
11.176769256591797,11.409286296880762,11.083307471029382,11.26339345660296,78168000
11.043957710266113,11.366826392368013,10.90198602937766,11.362247019992363,71838000
11.066852569580078,11.10119981751159,10.934040983463579,10.947780406741591,49199700
10.906566619873047,11.03708856629589,10.899696905823005,11.030218852245849,40764600
10.952359199523926,11.02792471782011,10.82183795312506,10.899693156939739,49522500
11.046246528625488,11.11723138500496,10.732536597315404,11.009608929797912,50591700
11.009605407714844,11.103489716024937,10.956938712465819,11.025633860725288,39363300
10.956940650939941,11.069143117522298,10.835578130828566,11.009607355506626,42476100
11.039375305175781,11.105782090449022,10.945491634803837,10.950071006464977,69742800
11.160740852355957,11.23859542819098,11.018769818588103,11.018769818588103,18975000
11.078303337097168,11.10578218783239,10.972969926385023,11.037086371258058,28039800
10.938618659973145,11.059981144645612,10.904270762230686,11.039372012921142,32275200
11.009605407714844,11.098910345202448,10.938619918912396,10.991286614161421,25832700
10.88366413116455,11.009606007488236,10.837867144786099,10.954649623834094,36529200
10.739404678344727,10.906564188934011,10.638651296884758,10.856187170638105,59755800
10.620330810546875,10.739402969691389,10.585982908549177,10.698185356267803,59403000
10.469202041625977,10.618042754749167,10.389057143041466,10.512709347158351,61053600
10.661552429199219,10.718798517279879,10.439436480619241,10.487523823533701,60979500
10.526447296142578,10.780620741904492,10.505838815440745,10.668418285714743,57051300
10.739404678344727,10.762303501697005,10.359289320725289,10.526448176182729,81592800
11.082881927490234,11.16760619417817,10.785201168540121,10.785201168540121,107084400
10.927173614501953,11.130970080807588,10.87679659185792,11.005028834461307,84555000
10.915726661682129,10.986711527263964,9.871553649467428,10.986711527263964,61687800
10.760014533996582,10.860768583446944,10.709638164403328,10.760014533996582,73440300
10.874505996704102,11.002737573454816,10.689028344115494,10.689028344115494,75972900
10.872220039367676,10.975263797371415,10.785205397737682,10.888249155741422,83734200
10.89511489868164,11.108071409619615,10.8584779590455,10.966100402327632,101128200
11.266070365905762,11.341635893060594,10.55392633075912,10.640940941980379,135385500
11.485898971557617,11.531696630236064,11.0622761974041,11.105784824820248,151266600
11.199660301208496,11.504211315641646,11.101196646282938,11.49734160596508,107149500
11.011898040771484,11.279810288482711,10.988999216496643,11.240882352728669,74927100
11.153868675231934,11.169897131043681,10.968390366738557,11.00502796024858,70322700
11.222565650939941,11.263783935410425,11.021058842274408,11.243174793175184,65224500
11.256916046142578,11.449264140726944,11.105786242710419,11.174480774102365,73460100
11.618705749511719,11.74693729857431,11.158445590991855,11.185923124944992,138653700
11.719464302062988,11.78816013661836,11.520247823142872,11.655349150671618,77237400
11.465287208557129,11.735488454157622,11.41033082314055,11.678243038263423,60963900
11.348504066467285,11.600387812559195,11.325605901439886,11.325605901439886,85211100
11.181347846984863,11.4561298384104,11.108072649271387,11.357666127699929,85476900
11.412618637084961,11.449257533720722,10.954648807430972,10.956938492796311,108858600
11.165315628051758,11.472157088962478,11.137838090071808,11.37369339986242,67626900
11.357666015625,11.375984814872604,11.069144599909281,11.183638077904707,64658700
11.50650405883789,11.614127798153195,11.330185821113513,11.330185821113513,70102200
11.600390434265137,11.68053402997361,11.499636388952402,11.591230380025888,48235800
11.442392349243164,11.655348240497291,11.394304351624784,11.582073038764088,54035700
11.321025848388672,11.449258724289725,11.245461637552753,11.375982233661874,77497500
11.371407508850098,11.522537302537653,11.288972242125176,11.47216157815121,66081600
11.380563735961914,11.44238983763646,11.222562970424928,11.288968443636634,65030400
11.401171684265137,11.501925720736285,11.357664378540203,11.414911109286418,67199100
11.442392349243164,11.495058409139919,11.327898863837063,11.426362579949052,58556700
11.524825096130371,11.540853553491688,11.380565049087041,11.492766871143912,76609200
11.769840240478516,11.788159040639194,11.492767896699297,11.492767896699297,93085800
11.776707649230957,11.808765870803274,11.65992515728184,11.675954923199841,87573900
11.609550476074219,11.769840305937596,11.593522017193461,11.708014191268466,55191000
11.35537338256836,11.60267643883146,11.341633959925003,11.536270976406522,60658200
11.42406940460205,11.453837284138718,11.27065063551238,11.318737310938044,59256300
11.419489860534668,11.45383711095835,11.362244443161867,11.387432950911347,74967300
11.34621524810791,11.492765620366596,11.279809774461151,11.44009957168501,68984400
11.444679260253906,11.540852617146617,11.414911378847291,11.504216333330854,82549200
11.426360130310059,11.618708148755188,11.375983112352563,11.375983112352563,73038900
11.185925483703613,11.449259658675206,11.137838806448105,11.449259658675206,72975900
11.50650405883789,11.538562277586932,11.343923934637187,11.414910084028891,85064100
11.570469856262207,11.669403482486207,11.489944843532601,11.508349507528283,78821100
11.641788482666016,11.65789321448226,11.379503710736127,11.487638302571538,89558700
11.46232795715332,11.667094854201938,11.312778966629176,11.667094854201938,82444200
11.492239952087402,11.595773384421717,11.340391005763674,11.351894574189817,66378300
11.729215621948242,11.73611670859708,11.554358252871783,11.563560579402761,79140000
11.68320083618164,11.837351006322855,11.655592538208003,11.692404479838773,77489700
12.2468900680542,12.306709169594361,11.687806985007692,11.699311873611052,133599900
12.33891773223877,12.458555913705288,12.246887855534064,12.297504616846453,66739200
12.20547103881836,12.35732129308554,12.173261575639513,12.315906869285977,60982500
12.170957565307617,12.285994533403604,12.115739662641708,12.166356402543453,57679200
12.049022674560547,12.244585987982422,12.028315459675037,12.1962704697487,56943900
11.991503715515137,12.118045614476376,11.910977411585026,11.966195335722889,45144000
12.120341300964355,12.219273545018188,11.878762473635323,12.009905491299431,58783200
12.442452430725098,12.460858407917748,12.150256719979701,12.23768544076962,72697800
12.529877662658691,12.628809927084605,12.424042994145042,12.495365642220019,65160900
12.63801383972168,12.700134167802437,12.42174462818024,12.44705169101024,69571200
12.516071319580078,12.642613184838522,12.474658216631317,12.633409541683905,62184300
12.476962089538574,12.610405069699738,12.403336878261044,12.582795450908279,56574300
12.52757740020752,12.619607267728389,12.421744039932824,12.426343887685029,47271000
12.456253051757812,12.562087714131629,12.364223196758603,12.509169724695274,58592400
12.57589340209961,12.730043600716712,12.51837555548816,12.550585022990923,86902800
12.608100891113281,12.686325931961074,12.453950732781623,12.48155902864017,70383300
12.688632011413574,12.732346369986645,12.621910511433397,12.628812917155384,52270500
12.946310997009277,12.973920609907248,12.697831063421567,12.702432226738294,76900500
13.130374908447266,13.14187979517942,12.964721127394487,12.987729584359569,84398400
13.038338661193848,13.105061442351245,12.92790286110369,13.063647029943498,62940300
12.955513954162598,13.19709278823331,12.916400776794404,13.114265270423822,59207100
12.971624374389648,12.994632832847442,12.826676483752715,12.900301707718624,43120500
13.010734558105469,13.013034481869505,12.847380728403584,12.94171183170325,43611900
13.095857620239258,13.17638388792396,12.955512290788283,12.955512290788283,45650400
13.217798233032227,13.270716214327756,13.116564749857258,13.118865989565302,58024500
13.26381778717041,13.353546415197554,13.146479540366249,13.328238036818314,50947200
13.19479751586914,13.330541761657228,13.160286802465118,13.229309545772495,37407300
13.484684944152832,13.528399281540763,13.20629419194491,13.208595431570089,53074200
13.339741706848145,13.583620506828229,13.316733254464033,13.505395454919347,60805200
13.360452651977539,13.595129212896508,13.25921910942447,13.390362203232002,55959000
13.229301452636719,13.549103957437072,13.091256050472394,13.549103957437072,58466400
13.1073637008667,13.192491147375357,13.0705517609441,13.132672074125837,55494600
12.9647216796875,13.169488661454626,12.89109777386102,13.11197080783974,63580200
13.075153350830078,13.07975583084465,12.891093645212932,12.946311556898076,75089400
13.151080131530762,13.2523136406359,13.056750343318091,13.203996809881794,79497000
13.155683517456055,13.227007497234679,13.024541761329512,13.075157207931367,38976000
13.348945617675781,13.429471919322507,13.261516911145147,13.27302048045195,54615300
13.033744812011719,13.229309469674238,12.969324550728237,13.194797439969408,87001800
13.273566246032715,13.308223870884596,13.088729987000042,13.141869915701982,52408200
13.197322845458984,13.3012930816592,13.08873071098739,13.3012930816592,50018100
13.178836822509766,13.268945322712568,13.074866594782295,13.259702848976282,43622700
13.030973434448242,13.181153451466214,12.975522534295202,13.158049240249216,46667700
12.926996231079102,13.028656821214321,12.818405438937422,12.973205950791392,65506800
12.760641098022461,12.984755484128339,12.719053283937203,12.924684050221549,61101900
12.950101852416992,12.987070425479471,12.7282983463612,12.753713496686741,45195600
12.880786895751953,12.933928141109567,12.799922197435112,12.91082394159047,40674600
13.030973434448242,13.095666812320328,12.892346845092513,12.892346845092513,51840600
13.190393447875977,13.225049758182106,13.0679382429433,13.125700082173676,61251900
13.386780738830566,13.435300098051805,13.153425095883959,13.153425095883959,55637400
13.340569496154785,13.419124569544133,13.285118622811755,13.396020369497814,36368100
13.215803146362305,13.398328420547134,13.058691696007749,13.264322489574653,51842400
13.347502708435059,13.412196069617059,13.25277493806246,13.352123285075656,51219300
13.326704978942871,13.405260043676865,13.248148592155916,13.282806210459855,44131800
13.816523551940918,13.839629076913035,13.495370371977161,13.516164947836085,107220600
13.486129760742188,13.7633841730526,13.476887285971845,13.707933290590518,70562700
13.763386726379395,13.802664937846762,13.50230494391561,13.627069783114484,70035000
13.811903953552246,13.85118215893752,13.643240351787282,13.691759710172995,63729600
13.520791053771973,13.811908624592476,13.509238947587944,13.781872884103237,62267100
13.657102584838867,13.823455227357133,13.569306348383078,13.61320380558433,57747300
13.673274040222168,13.80497035347823,13.599339546194843,13.719482437962728,62651700
13.703315734863281,13.721799366425001,13.516168469530756,13.608586627339358,54270300
13.560064315795898,13.75414174403208,13.516165535110733,13.74490059128432,40677000
13.3243989944458,13.726418262175143,13.305915365148515,13.446852873283643,66710100
13.32901382446289,13.458400495812384,13.25507933915054,13.312841151570645,62031300
12.998621940612793,13.33132854060084,12.984760212238783,13.262014610517777,81155700
13.086421966552734,13.169598962757906,13.037902602955345,13.077180812559662,42887400
13.243528366088867,13.36598220253305,12.99630974456835,13.012482418834432,58876800
13.428370475769043,13.569309318885923,13.25046569272016,13.26663837406876,66186900
13.130318641662598,13.463023928873822,13.130318641662598,13.34288101396308,63154800
13.007863998413086,13.250462084909362,12.90389376764417,13.088730027245179,85960500
12.984766006469727,13.35905928065506,12.943176836629476,13.107219921762601,66726600
13.17652702331543,13.185768174877701,12.848442345897942,12.938550844922458,68144700
13.054078102111816,13.354438146650097,13.042527318153178,13.227362336405813,62302500
13.077176094055176,13.301290523191048,12.945479781771256,13.137247539495688,35380800
13.14880084991455,13.370605672841577,12.984759173163175,13.111834921822053,66692700
13.657102584838867,13.698690414955113,13.14880218278419,13.208874961900191,98142900
13.3243989944458,13.698692157202489,13.30822631458072,13.698692157202489,76490100
13.218116760253906,13.43298876874979,12.954725393909277,13.41219551370224,89661900
13.005552291870117,13.248150364235903,12.855373665974936,13.09566078946036,83675100
13.010175704956055,13.199632551565061,12.93393024766123,13.169596822887694,63148800
12.994003295898438,13.123387365776212,12.78606149589777,12.933930515247587,79768800
13.160355567932129,13.195011872585427,12.855375063180645,12.98476045142755,79238100
13.326704978942871,13.379844897604965,12.804541654289178,13.164972952332382,74310900
13.382156372070312,13.416812669683221,13.18345709282908,13.377534474746184,61952100
13.241217613220215,13.546198056576545,13.169594069200516,13.419123643042331,49934100
13.645552635192871,13.761074991313187,13.204255145968748,13.218118198878164,77735700
13.421436309814453,13.629378109135608,13.0979734920704,13.285120714843446,93696900
13.1626615524292,13.426054154295876,13.121073733943428,13.39832806060342,63706500
13.130318641662598,13.308224708981896,13.072558133360621,13.192701048271363,49356600
12.9431734085083,13.215808602164735,12.92700072811203,13.121079503134741,46301100
13.273566246032715,13.285119669018815,12.95934460567717,13.030968160282377,52998300
13.530033111572266,13.63169375811922,13.310539134733968,13.310539134733968,58251600
13.543889045715332,13.71717318608291,13.379846056327136,13.416813304350804,55843500
13.342880249023438,13.580856438101778,13.252773068006176,13.573924913092263,51886800
13.499991416931152,13.64786042155089,13.296670213525827,13.303601738374025,41493300
13.941285133361816,14.091465061650315,13.592407255126844,13.636304701682104,112725300
14.038325309753418,14.09377618302629,13.793417616644838,13.902009736420736,71464500
13.160355567932129,13.631688714715345,13.141870618986434,13.490749902864064,113628300
13.368293762207031,13.513853125467023,13.125695704809083,13.183457524776133,71747400
13.530033111572266,13.816528773374666,13.248156705635386,13.370611935899788,73047600
13.689446449279785,13.80265913683132,13.493058118588642,13.564681662517362,60927000
13.426855087280273,13.675070896785282,13.276070712851295,13.663472200858873,67919100
13.47789192199707,13.66347373239274,13.197198936003943,13.343344113920853,80443500
13.772499084472656,13.902406306557813,13.484846714734275,13.484846714734275,67695300
13.647225379943848,13.825847569858468,13.600829299150742,13.802648865769516,38748600
13.501076698303223,13.642582530554918,13.429164311754114,13.570670144005808,46013100
13.538196563720703,13.605469758773147,13.38045279478082,13.575312900810667,38570700
13.570679664611816,13.591558111185384,13.334062579653384,13.429173733085637,34145700
13.78873348236084,13.804971383221941,13.61938968458788,13.61938968458788,38174700
13.582273483276367,13.753936224416014,13.524278704092826,13.749297013749137,35895600
13.686667442321777,13.728423002523915,13.463968024011285,13.582276550738445,32911800
13.75393295288086,13.88616038082267,13.566032355409007,13.68434082727595,35181600
13.890804290771484,13.927920634607457,13.691303610806846,13.784095797781935,36336000
13.70290756225586,13.890808277234555,13.700587292330791,13.828175590498683,38561400
13.837448120117188,14.148297788364694,13.802650722993974,13.895442897065893,69067800
13.869926452636719,13.971997056547687,13.723780026799203,13.823530361572162,47470500
13.867606163024902,14.125101614175085,13.849047992103497,13.91864146490504,82839000
14.090310096740723,14.122785910813514,13.691307301858762,13.779458974080374,68471100
14.382598876953125,14.384917818994715,13.976636679911735,14.241091644391247,85692300
14.180773735046387,14.466105730758747,14.129738441774451,14.301401161996564,76103700
14.387239456176758,14.493950631637553,14.19933874634613,14.255013276552521,70707000
14.654011726379395,14.667930687914858,14.213253460324625,14.271248248465565,86970300
14.477702140808105,14.584411920656649,14.285161014358993,14.547295590916692,57424800
14.296767234802246,14.49858688633782,14.171499224076891,14.197016880142083,77406900
14.415074348449707,14.656330595190312,14.150619390137432,14.150619390137432,100169700
13.835127830505371,14.377955278351523,13.737697773475924,14.308361811594072,123751800
14.26196575164795,14.303721296941283,13.709859933178857,14.043906950295222,125092200
13.849050521850586,14.811756643867605,13.791057056743453,14.665611518935238,133640100
13.661153793334961,13.900091209630778,13.628676643881555,13.791062391148584,66252900
13.547480583190918,13.897765627152575,13.531241350978274,13.665789110890834,66529800
13.668103218078613,13.774813014956132,13.48948101862324,13.663464007966947,51601200
13.946487426757812,14.027679637278887,13.691310770217994,13.765544824093304,64288500
14.08334732055664,14.127421818973465,13.705223060918934,13.705223060918934,63599400
13.559076309204102,14.115821419265082,13.517319430410744,13.930239715911423,82605600
13.8931245803833,13.920961174608479,13.394374207126223,13.72842130213933,80777100
13.83977222442627,13.988237620269128,13.684347347230108,13.80497481765976,70091100
13.651864051818848,13.883841791873063,13.508037932628318,13.83976598144122,63599700
13.856011390686035,13.969680717495427,13.656510665014642,13.779458416216185,93355800
13.43149471282959,13.81425832708905,12.654370115413618,13.61475756529996,119186400
12.721638679504395,13.621710626002605,12.631166767338666,13.621710626002605,103654200
12.654367446899414,13.169357152091402,12.236807831845377,12.459507266623508,143388300
11.921319961547852,12.83763146161538,11.543196932076096,12.682206560368545,123553800
11.819250106811523,12.580136670676037,10.995730195030795,11.373852543438314,154762500
12.642767906188965,12.6914829428801,11.877242298139885,12.220567824300339,88662300
12.628852844238281,13.006975890057555,12.229851350225694,12.997696137287548,85679700
11.610464096069336,12.433984279334208,11.571028819405244,12.396867944012206,83835600
12.670604705810547,12.763395569431912,11.304258077523894,11.73109605018217,142170300
12.473419189453125,12.846902800424859,11.531591876487758,12.468781306905234,93669000
12.6265287399292,12.686842468769287,12.150974407670612,12.677564046202445,85245000
12.450221061706543,12.874739938495734,12.424703417538035,12.56852953585838,58332900
12.125454902648926,12.427026155561688,11.863321585470219,12.313356868474417,84611100
12.239124298095703,12.336555685340976,11.598868102002541,12.14865371785189,104835900
11.923636436462402,12.287841712540953,11.596548830659838,11.59886909985994,89429400
11.522315979003906,12.065142154121979,11.50607674960723,11.796049335729641,80234400
12.798194885253906,12.925783184646727,11.784453282110015,11.816930424445056,126016200
12.763397216796875,13.176316281360887,12.422390583051662,12.788914873509452,102701700
12.700761795043945,12.990734410447894,12.482702929833353,12.981454660229135,69974100
12.946657180786133,13.169355256117301,12.58941268345536,12.758755181955998,78094500
12.983774185180664,13.269106245422554,12.935057822249592,13.16703563579481,56271300
13.020891189575195,13.280705637074103,12.888665023588928,13.176316069627177,69164100
12.556931495666504,12.99073014151988,12.526774640289652,12.96289222739675,66570000
12.408470153808594,13.07192516779244,12.308719808403222,12.893302919293948,97344300
12.61724853515625,12.689162280690383,12.387590992590438,12.494300812573723,58313100
12.800516128540039,12.928104437634552,12.607974857222036,12.784278219830579,54605700
12.700761795043945,12.907221968020018,12.3226388531806,12.756436314200783,71357400
12.206648826599121,12.691481524785099,12.13705535593708,12.329596539250531,85122300
12.742513656616211,12.747154194072229,11.844762129680676,12.287839212405704,113225700
12.227527618408203,12.786593074800365,12.17881258046797,12.619569518697318,77255100
12.018743515014648,12.311034948683618,11.872597134487823,12.24144149735583,80894700
12.229843139648438,12.427023484237642,11.823882435448859,11.988586985609867,109886100
11.830842018127441,12.48037782320588,11.76820804242893,12.178807959837073,89328600
11.751975059509277,12.41078955932793,11.68238157658782,11.740376366919914,122490000
12.2762451171875,12.304083045810886,11.64526711209307,11.923639761399436,120777600
12.24144458770752,12.552294265045562,12.116176609170543,12.3643922972401,91222800
12.68452262878418,12.793551386844209,12.375991871038886,12.468784054449054,82114200
13.150797843933105,13.164716804887888,12.457184666718389,12.482702319340433,71235900
12.962895393371582,13.22270979418043,12.877062688785243,13.125279725723393,27215400
12.297118186950684,12.928097243545825,12.280880287277117,12.844584821575543,77836200
12.39919376373291,12.587094465806254,12.11386164228161,12.473425140224695,73387500
12.614931106567383,12.645087973517938,12.178813352085538,12.222889181439523,75645900
12.784271240234375,13.037126122867388,12.526775819887321,12.784271240234373,86379000
13.503399848937988,13.619388064944486,12.52677511455642,12.594048306387885,112969500
13.352617263793945,13.740019930997756,13.109040760355354,13.589234286861702,81184800
12.946657180786133,13.299263794112383,12.737878067009472,13.264466390226117,91214400
12.816751480102539,13.020890058011629,12.56853442012942,12.981454769559187,63895800
12.765029907226562,12.921128547605825,12.604273317119862,12.697466973000305,74848800
12.727750778198242,12.785996469774009,12.522729036708295,12.522729036708295,70874400
12.746392250061035,12.84191354373714,12.583304025561139,12.811626206732905,50157000
12.869865417480469,13.039941813665417,12.613586336406309,12.816279027919261,68988000
12.858222007751465,13.065574067588537,12.737071336264025,12.858222007751465,66586800
12.909476280212402,13.095862229094918,12.762698895228638,12.921126485184,80824200
12.986359596252441,13.258946912565161,12.937433804414551,12.972380417690802,97314600
13.0446138381958,13.16343293449589,12.925793408766996,13.0446138381958,51045900
12.881519317626953,13.140127473332543,12.8535609585626,13.081883113828365,38562900
12.916462898254395,13.004995903651022,12.876855676596003,12.960729400952708,13682100
12.895496368408203,12.986358354112248,12.860548425346867,12.977039791381035,19121100
12.839579582214355,12.907143820540744,12.702119465443332,12.895494951842496,30142800
12.825606346130371,12.907149797908884,12.657860159561823,12.869872867560318,41927100
13.06091594696045,13.123820929445056,12.760370215784684,12.87686028221302,41645700
13.321853637695312,13.398737796783522,12.995679871642574,13.042276695276401,48164400
13.168088912963867,13.36146316463752,12.972384353113716,13.270601142677814,48063900
13.051594734191895,13.233320072723284,12.953743141570364,13.189054891777708,57438000
12.93976879119873,13.09586746912161,12.82793797699931,12.928121247822478,50346000
11.970564842224121,12.073075724862806,11.721275226385599,11.954255353464102,278516400
12.017160415649414,12.210534642321337,11.940276253304456,12.017160415649414,86091900
11.972893714904785,12.159279681358223,11.919308632746757,11.998523101756087,55306200
12.14296817779541,12.278098014379603,12.012498956117033,12.019488545347926,74980200
12.012503623962402,12.115014528551123,11.93794975403302,11.947268321210018,61431000
11.963576316833496,12.07773741580458,11.72593555288008,12.01250212121305,84182100
12.012503623962402,12.126664737214897,11.88436332681606,12.091716777480281,65023800
11.779518127441406,12.031138019863972,11.751561102243288,11.977552943909638,67708200
11.448683738708496,11.723601341429235,11.304235348602782,11.700303601029916,117235200
11.385780334472656,11.555855442549966,11.129500518996174,11.402088486453513,93343200
11.264631271362305,11.322876964872142,11.183087833699714,11.204056603313965,69273900
11.32287311553955,11.413735086722555,11.190073619385158,11.332191676781525,56647200
11.367140769958496,11.485961117138066,11.306566109240375,11.404419022470949,49435500
11.35316276550293,11.56517540816499,11.301906668787316,11.534886745103744,73991100
11.150470733642578,11.432377984219567,11.134162578569075,11.313557616889696,56619300
10.978063583374023,11.252981201113847,10.931467433465912,11.183086642969723,61844100
10.849922180175781,10.954764006204769,10.775369014841937,10.849922180175781,62583300
11.138821601867676,11.18308744754218,10.849924118524694,10.957096270869766,67655400
10.814980506896973,11.087567912529286,10.784693165507635,10.924481664109353,79518300
11.31356143951416,11.411414402401789,10.98738822937658,10.98971787137936,99879300
11.56284236907959,11.66768351196593,11.306563279175503,11.378788125610065,84891300
11.481303215026855,11.546538498352215,11.362482853570487,11.546538498352215,48831900
11.117854118347168,11.48130415579862,11.029321083634668,11.416068867127917,76822800
11.236671447753906,11.304234355726635,11.124840037342416,11.178425102179903,53277900
11.21337604522705,11.250652972039745,10.957097506671793,11.178428759699143,67178100
10.840603828430176,11.208713713860785,10.82895429204689,11.124840651345895,77000700
11.239004135131836,11.388111842861285,11.020002522686221,11.073587605228468,116757300
11.649049758911133,11.649049758911133,11.304236241500853,11.402089158537127,142068000
11.753888130187988,11.80514288427118,11.518576457028102,11.518576457028102,81933000
11.65371322631836,11.800492004817157,11.539553435406493,11.646724966839422,88744200
11.38811206817627,11.751562779521747,11.367143296438922,11.730594007784399,70857000
11.651378631591797,11.732922061846578,11.343843370827262,11.364812138536605,78678900
11.464994430541992,11.66302791104095,11.313556435747316,11.409079047820127,76429800
11.241331100463867,11.565175845070353,11.215704384265718,11.534887180864875,69507300
11.471985816955566,11.64905188987377,11.085236692704362,11.152801623999377,84485100
11.192407608032227,11.530231600406399,11.173769810633626,11.371803990159822,76052400
11.038641929626465,11.315889947328886,10.950109548531254,11.262303523842741,84125400
11.297249794006348,11.46266565676907,10.985055198754054,11.173769474050305,95431200
11.590803146362305,11.88203026715228,11.483632995024696,11.730592270991725,138795600
11.395097732543945,11.683994489009491,11.20638285131431,11.683994489009491,101318400
11.068928718566895,11.441698667788108,11.020002916859156,11.31355839366964,79526700
11.339183807373047,11.397429494144696,11.01301076102019,11.092223881852505,97597500
11.119647026062012,11.435945998367455,11.047016105349853,11.40080092330711,78197700
11.466407775878906,11.508580538567266,11.086848889739816,11.215711971076404,75390000
11.524982452392578,11.590584381153857,11.3258305321024,11.40314838376734,61714500
11.43360424041748,11.60932561981047,11.40080261238397,11.56012384808407,49141500
11.714762687683105,11.714762687683105,11.431263879243202,11.457036498192284,55867800
11.817848205566406,11.972482531281575,11.468748911470305,11.468748911470305,60572700
11.703043937683105,11.927967095303188,11.623383987854602,11.902194482578249,62254500
11.618696212768555,11.8061321417814,11.478118595685164,11.747557911222069,78924900
12.061518669128418,12.061518669128418,11.562470458838224,11.780364653426329,59039100
11.96779727935791,12.089631322031089,11.852992252670466,11.949053683611861,61909800
12.108377456665039,12.251297236615157,11.86470932022628,12.012316005581452,70334100
12.361412048339844,12.41764417285178,12.171633990702611,12.197405260240398,75148500
12.316900253295898,12.417648618685163,12.192724062051632,12.267698467380104,60853200
12.127120971679688,12.22084032041511,12.009973796732616,12.183351776532058,50155200
12.206780433654785,12.288783845881552,11.963113649564482,12.192722399410668,63535800
12.375473022460938,12.429360367069563,12.000601040884526,12.038088239042166,67957200
12.567597389221191,12.785492950322556,12.464508241550673,12.497309882438307,65542800
12.605084419250488,12.722232943544665,12.405933804857924,12.581655250650948,49566900
12.518391609191895,12.59336733903593,12.394215444666653,12.513706045029089,46532400
12.274723052978516,12.422328357424666,12.183347191575784,12.408271666987629,42833100
12.326274871826172,12.42233500748424,12.24661354679962,12.337989457118699,51762900
11.86939525604248,12.028715169951736,11.632756156393912,11.724132035256119,126973500
12.073232650756836,12.178666574459866,11.86002403188969,11.902196796982084,58039800
11.977173805236816,12.019346574790982,11.84362513755909,11.99591740733291,53807100
12.016999244689941,12.04745742068822,11.860021460200558,11.892823088447834,39026100
11.897509574890137,12.0638598406274,11.77801897323239,12.019343628978605,63739500
11.761618614196777,12.007627489033421,11.747560581163878,11.99357079664834,72072000
11.543723106384277,11.817849387513128,11.52498084989965,11.735845982477704,60895200
11.674930572509766,11.714761222385022,11.464064082205855,11.635099922634511,46714800
11.471095085144043,11.768650603137942,11.438293446665128,11.618701787975082,61171500
11.447662353515625,11.522636737752526,11.309428164997872,11.480462641133464,48756600
11.215710639953613,11.61166962551984,11.180566228335067,11.438290349448641,80793000
11.36566162109375,11.466408641141902,11.16182479852108,11.189940199209586,61824300
11.356290817260742,11.567155993317078,11.253200341452166,11.311773256663317,81424800
11.820188522338867,11.972479355507845,11.363313341537278,11.445315375972013,102965700
11.808477401733398,11.913911312983773,11.698359266818043,11.91156786050341,69167100
11.726473808288574,11.836593282114016,11.53435226801471,11.831906377227254,47331900
11.911565780639648,12.03105636396448,11.759273571556548,11.7639604756989,63605700
11.82253360748291,12.038085620322965,11.70304302176796,11.871735376780656,58946100
11.599955558776855,11.97014333095953,11.496866430111005,11.871738426437751,78267900
11.688983917236328,11.98419584656824,11.606980529052601,11.916250488506874,93789300
11.747563362121582,11.808479732154229,11.656187466424473,11.808479732154229,55603800
11.862366676330566,11.956084670509844,11.651501524589175,11.707732321096742,53983500
11.925629615783691,12.026376653513996,11.869398804537587,11.920942709360299,51612300
11.784996032714844,11.848596960182642,11.669571927624832,11.848596960182642,57554400
11.565923690795898,11.865083575274488,11.483478117020383,11.80148266556547,78991500
11.342147827148438,11.622463180142999,11.335082254173761,11.53295064652067,60168300
11.75908374786377,11.77321758599269,11.469346805605852,11.495258392883208,56515200
11.62717056274414,11.777929249742353,11.624815821743454,11.759083234475261,43863000
11.528237342834473,11.848596714781232,11.507036584825281,11.72139486248017,60555900
11.568283081054688,11.667217258672228,11.464636725168061,11.497615233666268,47151000
11.601261138916016,11.723750811612707,11.568282631698818,11.629527468047165,34034100
11.777934074401855,11.933402307086745,11.580064311812238,11.584775143620268,52041900
11.61775016784668,11.971088056850363,11.601261587538978,11.834464540366326,52394400
11.671932220458984,11.728466248805077,11.523530901504573,11.662509208462524,46216800
11.716683387756348,11.770862650396328,11.558859125596479,11.75437272355939,38519700
11.916905403137207,11.942816984740599,11.678991687530958,11.820327342117327,59977500
11.761445045471191,11.978159499831309,11.747311201083013,11.867446182627358,52197900
11.985223770141602,12.008780624184748,11.707265832055892,11.719042237261304,59210700
11.982868194580078,12.013490620040525,11.836821640334046,11.973445184042909,45876000
12.029977798461914,12.190158175865022,11.82739859616469,12.041756897226847,75981600
11.968729972839355,12.027620060483544,11.872150552593329,12.011131482924062,56925600
11.921624183654785,12.051180815558645,11.895711239821082,11.980512949121339,43213800
11.79206371307373,11.978155677121782,11.714330289501774,11.96873266791106,59491500
11.61775016784668,11.83681928162338,11.610683248321356,11.789706934080254,64824000
11.740240097045898,11.744952275415217,11.591838827462931,11.624817336662627,46015200
11.415170669555664,11.58948354073083,11.358636656103403,11.565928038761689,73821300
11.365699768066406,11.452857532664204,11.318588774326212,11.426945946956332,62130300
11.438730239868164,11.516465041466434,11.330373005243278,11.37748537381493,57816000
11.466992378234863,11.516459465162496,11.40103536374667,11.459925458977056,41781300
11.34686279296875,11.554154246652665,11.330372857638537,11.554154246652665,71303400
11.445794105529785,11.518816707253157,11.311525306233536,11.330369979053502,60085200
11.38925838470459,11.502326404723979,11.365701536292711,11.476414814984896,48711600
11.426949501037598,11.488194351099372,11.33272613637436,11.424594759344348,50043900
11.577703475952148,11.648371315613867,11.382189883351659,11.410457558367119,59588700
11.45521354675293,11.556503812004,11.408102547776837,11.551792981681801,61609800
11.485837936401367,11.518816450069316,11.401037584543545,11.47406153251381,51972900
11.410457611083984,11.56121495085779,11.37747910603923,11.50939177834131,50517300
11.393972396850586,11.457573344355847,11.346861382625947,11.436372579228262,55294800
11.25734806060791,11.401038531096942,11.250281139386823,11.368060014691004,59958600
11.24321460723877,11.349215733468455,11.205525258006993,11.245570023081074,60765600
11.269124031066895,11.318591123913565,11.243212439980125,11.283257871273712,45279300
11.393972396850586,11.424596173549597,11.302104436447294,11.332727539207557,56639400
11.325658798217773,11.507038600026451,11.278547117622102,11.495260848362193,45369600
11.205520629882812,11.363344883090697,11.15369745912386,11.292677045499113,47913300
11.266768455505371,11.29268004777371,11.170190354734926,11.212590529411639,48102900
11.337435722351074,11.342146553097473,11.198456780192036,11.273834789704553,40399200
11.436368942260742,11.441081120486645,11.297390011830565,11.389257943018233,56225100
11.426949501037598,11.445794173970246,11.304459126975388,11.389260155172302,56589900
11.422239303588867,11.474062493998627,11.311526001542799,11.450505640617662,43236900
11.49997329711914,11.507040218687234,11.35863890938968,11.462283947340955,51321600
11.509392738342285,11.530593496470187,11.412813304040126,11.521170488009881,51564300
11.582414627075195,11.667216306596673,11.46227970068133,11.495258206488405,45115500
11.485837936401367,11.657797425375481,11.45757160174119,11.584773477405214,79989000
11.528237342834473,11.587127438719753,11.48583582681609,11.49761492429478,39274200
11.53530216217041,11.565924575135295,11.431655827941446,11.565924575135295,42810600
11.523527145385742,11.540015726158114,11.46228095706597,11.485836457562819,35418000
11.629528045654297,11.67663904583843,11.495259268950749,11.523526947362903,49822500
11.773221015930176,11.872155215901518,11.660152973712249,11.671930726291944,52130700
11.749664306640625,11.879220919617415,11.723752714469818,11.789708391732308,43985700
11.740240097045898,11.829752615783455,11.664861417662085,11.829752615783455,45601500
11.742596626281738,11.843886898984207,11.660151024131423,11.686062614625278,54801600
11.589484214782715,11.77086536455051,11.584773383690342,11.763798443973311,53149200
11.537663459777832,11.63188548197679,11.483484179560547,11.601264403064054,48633000
11.610688209533691,11.660155319471023,11.528242577012255,11.608332119392808,40184700
11.711977005004883,11.714333094841088,11.544729671448858,11.631886125103696,39144300
11.787352561950684,11.860375152870635,11.66486153280434,11.7096177926149,48754800
11.96333122253418,12.041492405273061,11.866223352760175,11.866223352760175,54929400
12.287818908691406,12.316240299033232,11.97280782468434,12.275976549776386,96432000
12.266499519348145,12.375452453320376,12.207287736020863,12.285448916337891,51714000
12.214395523071289,12.283082016713825,12.112549611896506,12.15044570185591,53142600
12.164652824401855,12.28070871231126,12.13623008922691,12.230970281025714,36855300
12.238082885742188,12.28071565734383,12.067550444064247,12.095971840041551,42990300
12.247553825378418,12.273606198991063,12.138600882577206,12.221500096494816,27902700
12.164652824401855,12.33992184041199,12.138597746977752,12.309131447486205,63281400
12.209654808044434,12.245183231606044,12.114914603998116,12.202549123332112,34857300
12.238082885742188,12.448880439931962,12.212029148854691,12.240451900103368,49747200
12.268869400024414,12.3730843144803,12.212025270849644,12.25465938418393,42874800
12.136235237121582,12.254661543556589,12.107813845161584,12.233344483133203,51652200
12.110182762145996,12.17413259478926,11.987021125404398,12.164659248242055,44379900
12.048602104187012,12.190713146457695,12.015442680287675,12.084129187119013,51727800
12.072284698486328,12.169393938765518,11.994123503485682,12.034388607929246,49847100
12.060441970825195,12.091232374052463,12.024913539969841,12.029651567597929,40324200
12.254657745361328,12.280710115220357,12.077019696036942,12.114914421814829,48886800
12.240447044372559,12.339923923738146,12.19781428968314,12.245183715944531,39809700
12.174129486083984,12.268869703720409,12.157550456224225,12.249921660193124,42396600
12.105446815490723,12.202554722149337,12.041496979008931,12.202554722149337,45269700
12.086495399475098,12.148076204389817,12.015439894812175,12.058072655501517,68593200
12.013076782226562,12.088867632537248,11.989390701528462,12.077026625095508,48269400
11.932544708251953,11.968071790916223,11.889911938000564,11.930177049237134,49630500
11.825963973999023,11.979917400418119,11.802279248479637,11.96570602299787,79187700
11.852015495300293,11.885174917982408,11.78332763571902,11.83780412054063,52833600
11.833069801330566,11.875702578819201,11.807016060845411,11.866229230609086,53304300
11.86859130859375,11.937277794266407,11.82832756472822,11.842538935631781,100336800
12.058073997497559,12.072285371065995,11.847276473803019,11.849645487821485,45849300
12.077018737792969,12.150441880772474,12.06043835660552,12.086492079668094,43624500
11.937277793884277,12.110179192482963,11.937277793884277,12.0888621361283,42050400
12.00833511352539,12.041494532235783,11.92306958572281,11.998861768334494,35829000
11.717007637023926,11.99412260915079,11.705165279016743,11.937278477553715,79026300
11.724113464355469,11.771484252226815,11.683848362428376,11.747798180655632,44375700
11.660164833068848,11.766747422540124,11.648322473713279,11.759641735872552,51301200
11.627005577087402,11.679113043201017,11.541740046420735,11.6720073564336,66273900
11.605688095092773,11.69332399185923,11.541739627051925,11.622268482038026,67401300
11.62463665008545,11.686217454989642,11.567792517419035,11.579634875648994,45281400
11.619900703430176,11.650692466667385,11.570162247848943,11.605689328900889,42652500
11.719375610351562,11.757271694718739,11.636477756389507,11.660162470301271,52748400
11.721745491027832,11.771483936030549,11.681480390182308,11.731218835185025,34860600
11.78095817565918,11.81174857941691,11.700429323118112,11.73121972687584,44885400
11.83543586730957,11.849645886084422,11.752537992402427,11.797538418096295,49148400
11.750166893005371,11.89227789770328,11.717007477873063,11.849643783131318,49072800
11.92306900024414,11.97991313441159,11.759640928650546,11.76674661483036,62561700
11.88753890991211,11.994121477188871,11.866223209619282,11.991753818973487,48216600
12.067549705505371,12.077024407098849,11.88991158688708,11.908859634802747,65054700
12.131499290466309,12.176501072761788,11.989388256346771,12.032021024474128,49629900
12.290183067321777,12.30913110515457,12.138597409388863,12.162283473132781,46234200
12.245184898376465,12.31623904462975,12.19781546754094,12.311503727871358,39724200
11.991751670837402,12.30913165759861,11.927801870872784,12.238076173718962,65711400
11.95622730255127,12.020177116935978,11.849643375062799,11.989385361270726,73812600
11.946749687194824,12.010699485969166,11.837798127976667,12.003593802186394,45340200
11.80463981628418,11.987015887982167,11.799903145080146,11.97991020354075,45821100
11.811747550964355,11.868591681091747,11.78806283556235,11.833064607988739,46772100
11.818855285644531,11.930175906821072,11.778591533534888,11.79753822492446,51051300
11.937277793884277,11.953858178361545,11.797535808969203,11.878066007239532,43167300
11.766741752624512,11.949117793579891,11.752531741407749,11.934906427092628,52905300
11.908858299255371,11.92543733109555,11.769116292140117,11.797537683190587,45113100
11.818855285644531,11.977545345837404,11.72885172518806,11.880436098474242,48612900
11.932544708251953,12.027284950628003,11.809383070798754,11.852015841050145,43565100
12.14570426940918,12.162284651162944,11.958592885913335,11.963329557012683,50059200
12.138605117797852,12.143343146717779,12.008337783199869,12.086498997121517,37095900
12.316242218017578,12.323347905527942,12.176501547884792,12.235713351685638,45853500
12.389666557312012,12.427562653257253,12.259397880455689,12.261766894679,50464500
12.545987129211426,12.55309281556776,12.35887433588418,12.45598357572597,69892200
12.60993766784668,12.72836261821719,12.579145906795445,12.640728073626743,84795300
12.600456237792969,12.68335406536203,12.567296835711254,12.619404273943884,52907100
12.590985298156738,12.662040793737175,12.508087445858038,12.635987066848653,46039200
12.709421157836914,12.742579239538431,12.576784765215214,12.647838959094361,53133900
12.825471878051758,12.884685037196492,12.697573568522387,12.742573997357656,40082700
12.917842864990234,12.943896597585058,12.733099078126774,12.78994321598698,52104900
12.8562593460083,12.996002694886062,12.789941869787185,12.915472491606911,45151500
12.951001167297363,12.99126491443142,12.913103723387785,12.974685883878696,35796600
12.991266250610352,13.007846638139439,12.915474065537879,12.969949190332029,31799700
13.017318725585938,13.048109128387011,12.974685964420686,12.99363400885758,27189600
12.939156532287598,12.988896330945675,12.811258258693922,12.811258258693922,22586100
12.920204162597656,12.955732578312809,12.81362162599317,12.91546749225913,35786100
12.967577934265137,13.04573911166517,12.936787537029886,12.99126264671213,36022800
12.924947738647461,12.99837090387187,12.903630680064053,12.948632455781649,30120900
12.894157409667969,12.97231724771568,12.863365650890698,12.962843902915806,34223700
12.84678840637207,12.979424738912654,12.778101903572463,12.95810903251317,33363600
13.010212898254395,13.022056611761021,12.82310146969827,12.82310146969827,34088100
12.887049674987793,12.991263227576631,12.804151822445997,12.984157542470665,47524800
12.871102333068848,12.918712004633532,12.797308908564844,12.911570485793558,38048400
13.018692970275879,13.06154209130086,12.904431371753988,12.921094010748794,30339300
13.009169578552246,13.092484121075655,13.006788618209393,13.049636369642524,34198800
12.871102333068848,12.997267349767814,12.809210985929655,12.992505429137536,44623200
12.849674224853516,12.87109741107563,12.733031731914528,12.844913668149148,45641100
12.692572593688965,12.909195103634381,12.647343867668042,12.904433181448892,51537600
12.559263229370117,12.664003689169018,12.46404524869177,12.64019953452579,46921200
12.580686569213867,12.630675833972674,12.452141967202472,12.630675833972674,78155700
12.71160888671875,12.744935512324343,12.599728297599027,12.602109257322677,40296300
12.697331428527832,12.794930378010912,12.675906870220162,12.725896144165832,35872200
12.692572593688965,12.761606844319667,12.67590995235742,12.723519639471087,25893000
12.759221076965332,12.792547709180527,12.70447125140888,12.71637332817744,13419300
12.849674224853516,12.85205518425816,12.761597796350575,12.804445530899724,22275900
12.880622863769531,12.90204741704856,12.830633601557036,12.847296234926123,21792600
12.925853729248047,12.937755806802333,12.828254786355242,12.837777265661952,20391000
12.72351360321045,12.942514246139043,12.716372085426169,12.913948175001916,29294400
12.909191131591797,13.013930231645162,12.775884593533112,12.792548591843182,62259300
12.780645370483398,12.899667497835118,12.752079297139991,12.875863344785843,46945200
12.75207233428955,12.813963643266085,12.716366124211842,12.735408346569603,37551600
12.759221076965332,12.794928669376388,12.678284775570521,12.787787150894177,31988100
12.694952011108398,12.742560330327128,12.621157209371352,12.718756170717763,34089600
12.904431343078613,12.959182543564747,12.640201907873532,12.694951746253972,41963100
13.02821159362793,13.032972151630345,12.82111165631203,12.854438286539517,45351000
13.094866752624512,13.140095470172719,12.952040442251002,13.042496515241783,39872100
12.904431343078613,13.054400542121401,12.892529263522242,13.02821542225511,41316000
12.778264045715332,12.985362623124198,12.759220451398242,12.935373358305,57262500
12.861580848693848,12.916330675429416,12.73541583559814,12.833014774149792,43855500
12.821114540100098,12.840158138498428,12.671146713502845,12.835397579425246,39925800
12.5973482131958,12.871100029917697,12.57830462039867,12.871100029917697,48086100
12.6021146774292,12.728278354942987,12.54260291768815,12.60687523681889,58247700
12.587821960449219,12.668756856279195,12.564016457589519,12.649713271254221,36009900
12.76159954071045,12.821109912911707,12.55212003393078,12.57354322308119,46752000
12.71160888671875,12.79968532702238,12.64019644027047,12.740174954982146,39576300
12.523558616638184,12.723517082969051,12.499753096811585,12.70685308287987,50880300
12.718751907348633,12.890144250875066,12.71161038943854,12.778263648529231,72842400
12.730655670166016,12.80206812687892,12.690187521677796,12.763980938456584,33058500
12.733036994934082,12.787788187032156,12.694949801346501,12.756841150399948,34163700
12.91871166229248,12.973462851246255,12.768742494838019,12.790167050790203,53966700
12.60925579071045,12.925855454653211,12.606874830039585,12.825875538061565,63089700
12.72351360321045,12.742555834494878,12.559261418382453,12.561642378345628,46637400
12.599729537963867,12.74493676698393,12.597348578005825,12.706849580286692,31517700
12.675909042358398,12.76398552698452,12.57354951641296,12.666387922882715,32475000
12.673530578613281,12.735420584959813,12.606877287890716,12.680670737806638,28225200
12.635435104370117,12.723512910846582,12.594968321934887,12.647337179327842,34738800
12.592591285705566,12.642580560945753,12.535460490844553,12.642580560945753,51115200
12.749693870544434,12.787782409027654,12.592584608509952,12.673520879892601,47313600
12.868721008300781,12.913948351376865,12.771122080056275,12.780644557933787,46602600
12.728273391723633,12.735413546971115,12.594968246053016,12.664001097655012,88372500
12.733036994934082,12.754461552116652,12.633058452293055,12.661623166430998,45271200
12.813966751098633,12.835391299604218,12.697325619292494,12.74017335419873,36291600
12.763978958129883,12.873479948381384,12.72351217802537,12.794925985763749,42414000
12.835395812988281,12.842537331668023,12.7306567172647,12.792548063015245,31872600
12.890146255493164,12.921091929845923,12.67590613329377,12.725895404333263,40530300
12.871102333068848,12.911570485793558,12.735416199320209,12.906809927268721,47858700
12.830633163452148,12.885382981599903,12.74493631536741,12.863958429052422,36386100
12.756830215454102,12.828243982742476,12.728265525801344,12.813960956863937,42245100
12.773505210876465,12.79492976816297,12.652102110463924,12.69971042162661,34893600
12.844917297363281,12.875862967842467,12.794928032581112,12.859198971511539,33635400
12.887765884399414,12.894907402991878,12.735415757935842,12.84729773307725,34125300
12.890146255493164,12.921091929845923,12.837777386183753,12.856819620765009,22670100
12.868721008300781,12.973461454427106,12.835394378887381,12.883004044064418,37753800
12.838316917419434,12.931677185460474,12.81437722810574,12.847891697318884,38091000
12.919707298278809,12.924496057741445,12.814376506620077,12.84070920453476,32021700
12.902953147888184,12.984344266709954,12.876620445078819,12.965193334647024,31433700
13.266819953918457,13.295545665165935,13.010676083791457,13.020250864279744,73121700
13.403275489807129,13.470303085779676,13.30991381391771,13.37694277967335,55359000
13.386515617370605,13.436786649487482,13.32427542234808,13.417635714881868,37485600
13.391300201416016,13.393693211380995,13.295544188472759,13.37932967246126,28416600
13.247674942016602,13.470304440336799,13.2021912899193,13.247674942016602,51552300
13.314697265625,13.391300984633963,13.197397307224074,13.24048655672098,29622300
13.379332542419434,13.405666615942764,13.312304962720237,13.31709235345959,28107900
13.305122375488281,13.40566579354316,13.26921489247183,13.341031228287406,26096700
13.31230640411377,13.403273686924747,13.309912023593462,13.317093795371477,29379300
13.288363456726074,13.396088637254085,13.278788676553514,13.312303146722616,29841900
13.343425750732422,13.345818761335098,13.269216396175745,13.285972949525787,29329500
13.384124755859375,13.417637869463512,13.324277561938084,13.353003283567789,20823900
13.309908866882324,13.381725197846885,13.28597054648833,13.360179887622742,29900700
13.28358268737793,13.369761222127337,13.206977566802848,13.345821522667512,35364300
13.28358268737793,13.341035500471905,13.218948101424317,13.333853727612269,32246400
13.293150901794434,13.31708921964071,13.235698117093909,13.271605593863324,28701600
13.233304977416992,13.381725027579924,13.199790507422286,13.285970377439735,38805600
13.257245063781738,13.333850163882623,13.20458102652508,13.235701120743979,33419100
13.183034896850586,13.257244242329554,13.077704089298335,13.257244242329554,37605300
13.171066284179688,13.190217216369712,13.065735472243192,13.171066284179688,35862900
13.099247932434082,13.216547887735414,13.084884393053814,13.144731560616588,38553300
13.080100059509277,13.14473463204061,13.008283715609707,13.07770567912559,44060700
12.95801067352295,13.013070455534766,12.907739651534849,12.962798063764051,52977900
12.953224182128906,13.068129774584525,12.88858961514978,12.953224182128904,57696000
13.020256042480469,13.041801361821687,12.926895731568179,12.926895731568179,33946800
13.05137825012207,13.123194623053774,13.017865129899539,13.044197845633944,27276900
13.039406776428223,13.063345104061906,12.969983434637747,13.032225004181518,34497900
13.044195175170898,13.082497050255366,12.962802663279076,13.015468083965995,32763600
13.0537691116333,13.072920047932305,12.907743393576267,13.039406936746307,49787400
12.936466217041016,13.094462433474384,12.9292844463138,13.053766189281054,44253000
12.936466217041016,13.02743348654216,12.814378854243735,12.831136775868144,57523800
12.833528518676758,12.950827097028581,12.811983210922786,12.907737851303063,44712600
12.85507869720459,12.981954855860684,12.81917120329894,12.845503913409653,39960000
12.840716361999512,12.962803770482099,12.840716361999512,12.883807002487401,48838200
12.864648818969727,12.914919834780438,12.800014264418113,12.898161916321904,36903000
12.93167495727539,13.063338431575628,12.81916377903909,12.828738557288764,56012700
13.111215591430664,13.154306204639807,12.883798846328155,12.953220785677528,49829700
12.742565155029297,13.113614670915487,12.335606781932379,13.010678229882803,72202500
12.543869972229004,12.83592127722441,12.400237329579934,12.6970773938374,86835300
12.58696174621582,12.744957958832543,12.407421591720581,12.70186733551016,81270900
12.558234214782715,12.632443550117934,12.488810899413185,12.531901516494093,58869900
12.636003494262695,12.655265675809346,12.551731277778606,12.640818695214382,40830300
12.616744041442871,12.753987631298026,12.60711225971645,12.672122308714144,37374000
12.54932975769043,12.68898168253849,12.525252362204457,12.619155031244139,55944900
12.696202278137207,12.741948768020187,12.530064705088213,12.619152150239797,50836200
12.93216323852539,13.110338122042613,12.809366625421818,12.838259216760159,96683100
12.770838737487793,12.944198371032979,12.710643903632143,12.888818738118609,61256100
12.351888656616211,12.751579355014352,12.351888656616211,12.609520563014764,81768000
12.36874008178711,12.36874008178711,12.161671282083196,12.214642626703252,73645800
12.279654502868652,12.409674594513918,12.255577116338827,12.289284906384529,40673400
12.106297492980957,12.159267479406763,12.03888052037519,12.099073999890978,72187200
12.043695449829102,12.18334736614046,12.041288537072022,12.12556079386214,57234300
12.207422256469727,12.214645748740583,12.115926524692593,12.16408268058487,41941200
12.17371654510498,12.26280538993931,12.15926955645718,12.219465801736574,42058500
12.260396003723145,12.40245483133796,12.164085050911453,12.231502029009365,48160800
12.453019142150879,12.457835723573696,12.284474613609975,12.33503907436479,40997400
12.453019142150879,12.53969969713274,12.395232564743198,12.455427432862287,31527300
12.135188102722168,12.448199655968606,12.091848529011504,12.378374404506923,72125700
12.217055320739746,12.368744541124377,12.115927796076239,12.149636970964075,58501800
12.226685523986816,12.274841684135584,12.166490668235957,12.229093814203395,60946500
12.277246475219727,12.366333899476762,12.180934182372114,12.270022984369156,49592700
12.332622528076172,12.443380405066998,12.294098168926299,12.330214238976895,47551500
12.245948791503906,12.344668032975894,12.171308321098111,12.272434475258356,42082200
12.337444305419922,12.390415671924085,12.253172052637977,12.30614341914214,41700300
12.433756828308105,12.436165118996007,12.294106278704598,12.327815459631859,42932400
12.27484130859375,12.419307029139409,12.260394323217078,12.400046218957655,47702100
12.378378868103027,12.39764106089144,12.270029205885788,12.291698311684813,38001900
12.412077903747559,12.498758398930915,12.378370123486,12.378370123486,76277400
12.284470558166504,12.49153940328671,12.209830103641885,12.450608118890077,43965600
12.202608108520508,12.392823080780403,12.18334592004738,12.296510760674364,40974600
12.233904838562012,12.28928309496598,12.135185639504579,12.22186614707158,47837700
12.046104431152344,12.238726349793314,12.026842239288246,12.214648954398353,44457600
11.749943733215332,12.087032655606135,11.749943733215332,12.026837811539169,135999600
11.935342788696289,11.983498942319237,11.800507487388328,11.812546181359012,44091600
11.774019241333008,11.860699747850928,11.66085444050063,11.839029276786471,61052400
11.574177742004395,11.79087839072595,11.559730756541551,11.788470100568688,55166400
11.63918399810791,11.65603926822398,11.501941125378037,11.581397452866916,54343200
11.557324409484863,11.663267137741059,11.518800031526325,11.663267137741059,40743900
11.69456672668457,11.90404249196846,11.619924891573548,11.87996510284761,54676800
11.77883529663086,11.790873987440607,11.595843889747034,11.716232175584373,48528600
11.841438293457031,11.875147457936647,11.74753429081667,11.875147457936647,37950000
11.901639938354492,11.930532540332589,11.834221570837625,11.858300346516954,34821600
12.067771911621094,12.11833498046848,11.961829193853008,11.985906583258375,40322700
12.168903350830078,12.205020828413392,12.06296196464778,12.123155464385144,39659400
12.123149871826172,12.12555816180105,12.048509415488049,12.050916327722668,32124900
12.137596130371094,12.144819622123508,12.017207815891268,12.120742234775578,36766800
11.959424018859863,12.118336740856384,11.923306551764863,12.074997158082878,47766600
11.923303604125977,11.993128852927022,11.819769186949893,11.971459755767478,35688000
12.250763893127441,12.28688136055725,11.860704889069066,11.860704889069066,48851700
12.123149871826172,12.279655654427057,12.06536331209142,12.279655654427057,36933300
12.245948791503906,12.301328449441579,12.16167653712353,12.171308321098111,35952600
12.440979957580566,12.474689137518714,12.255581534531704,12.25798844740831,39139200
12.31096363067627,12.440983809450106,12.257992242621587,12.440983809450106,42336300
12.270025253295898,12.351889201840335,12.197791709173037,12.231499502388814,36885600
12.31096363067627,12.373565428700319,12.231506548594245,12.231506548594245,27985500
12.294102668762207,12.467462348389022,12.231499528925104,12.33503533199336,28891500
12.325401306152344,12.339846910186436,12.159263771230147,12.185750822976017,40654200
12.378378868103027,12.448204144743437,12.267620915134472,12.412086672177223,41583000
12.349480628967285,12.436161155477123,12.28687886844032,12.33984884702609,32005800
12.424125671386719,12.450611356392846,12.28206546192632,12.289288955813499,24206700
12.428936958312988,12.440975651751307,12.332626033066289,12.433752160140287,22317000
12.469868659973145,12.469868659973143,12.306140770415608,12.380781223340339,24810900
12.534882545471191,12.60230090491682,12.472280767229265,12.479504261294197,24796200
12.573406219482422,12.636007987333802,12.445793015837149,12.498764378360804,26537400
12.356164932250977,12.501475152772482,12.34647832329939,12.501475152772482,33918900
12.213278770446777,12.298042846680351,12.111562433278952,12.244762332628191,38390700
12.206010818481445,12.288353919502827,12.109139190514453,12.189058560743401,30285900
12.208434104919434,12.24718331340665,12.123670038131023,12.15031029218861,28946100
12.356164932250977,12.501475152772482,12.268979908562844,12.300463466326946,48946500
12.317418098449707,12.428822437546353,12.259294276196833,12.351324007875856,47235000
12.123672485351562,12.341637866425248,12.109142568571679,12.278669350587275,46902300
12.162419319152832,12.22296547744307,12.116404460577213,12.150310364650986,35105100
12.385228157043457,12.472414570921957,12.203591065095866,12.247183579144599,43973400
12.423978805541992,12.525695145365342,12.254450648648943,12.271402910025769,50102400
12.484518051147461,12.542641846103876,12.373115150149767,12.411862961006795,44527200
12.344056129455566,12.501475305986313,12.290777008006945,12.501475305986313,35696100
12.351322174072266,12.411866947149974,12.283511751069026,12.356165478762277,35805000
12.242340087890625,12.411866836781778,12.237495397462666,12.356165368889387,25507500
12.143046379089355,12.375541663264439,12.13820307378101,12.232653763309186,76078200
12.39975643157959,12.455457886730134,12.220540342828647,12.227805991027536,40294500
12.535383224487305,12.547493567782311,12.380387736843792,12.380387736843792,33618300
12.603193283081055,12.615302238897554,12.484523298829506,12.559600764985428,28839300
12.559601783752441,12.729129950496958,12.554758478189212,12.610459956619541,31751400
12.55233383178711,12.58866208130588,12.477256373302332,12.566865131594618,26880000
12.571710586547852,12.61772545328804,12.554758324393575,12.608037456498982,21869100
12.58624267578125,12.610460590596203,12.525696502962525,12.569289026785707,24481200
12.644364356994629,12.707331479140208,12.595927149803414,12.654052352745317,23604000
12.753350257873535,12.842957663628159,12.629836935249678,12.6322592813766,33604200
12.801780700683594,12.859904504916107,12.692797355189427,12.707328652692757,30594300
12.872014045715332,12.90349760122387,12.726703835604223,12.753344086983954,32228100
12.838112831115723,12.915611268586726,12.806629264115799,12.876862049851225,62399400
12.966465950012207,12.997949508526148,12.857483974915953,12.859906320102024,27780300
12.973726272583008,13.068178295122411,12.91318013982135,12.961617323186761,28275300
13.034278869628906,13.077871386230962,12.94467149103202,12.961623751438065,29730000
12.993110656738281,13.058500141361533,12.964048047669513,13.012485267523633,21873600
13.097248077392578,13.172324167148796,13.039124250741569,13.065764511179282,29305200
12.951935768127441,13.080290958931261,12.949513422991513,13.05607305069586,25986600
13.034278869628906,13.075450426619309,12.847797076256823,12.96404471104972,33441900
12.920451164245605,13.031855485151342,12.862327351483614,13.029433139951715,29592300
12.961627960205078,13.075454672346966,12.869598206332464,12.964048920602842,32703000
12.922873497009277,12.985840614328922,12.88412428853857,12.980997309715335,24688200
12.973726272583008,13.005209818169332,12.869587644838779,12.918024828204192,21427500
13.077872276306152,13.13841705743491,13.036700716513627,13.063340974522765,30648000
13.213491439819336,13.230443697419563,13.053651314879986,13.058494619082781,31241400
13.16506290435791,13.27646589151429,13.087563065364,13.237716664908161,23309400
13.177166938781738,13.220759455973194,13.082714868122258,13.162635637790874,26380800
13.225600242614746,13.25708518402661,13.182007733724205,13.20380329527904,21111900
13.058496475219727,13.186853062414203,13.017326304972698,13.186853062414203,45104400
13.034278869628906,13.20380563103271,13.012481918437318,13.12146390283302,40840800
12.896238327026367,13.046391915490409,12.818739879532867,13.046391915490409,46640700
12.920451164245605,12.976154017588977,12.840530402029989,12.922873509445234,37677000
13.019743919372559,13.05364981646187,12.896230668803494,12.896230668803494,27689700
12.91319465637207,13.019755748099882,12.867179765469787,12.944679623133098,30675000
12.949514389038086,13.039121764818645,12.896233878320649,12.905920488025052,29226900
13.085139274597168,13.160215365240028,12.978578231587843,13.00279753231446,28806600
13.092402458190918,13.10208906803046,13.043965251649924,13.068184547810967,17386500
13.06576156616211,13.17474354334559,13.053652611561835,13.12146303447957,23889300
13.213491439819336,13.254662989995316,13.03669767149887,13.039120016490712,30880800
13.04638957977295,13.230447666726999,12.968891146154126,13.135996970422049,39060900
13.097248077392578,13.133576335162795,12.9785780783121,13.12388833783029,24550800
13.11904239654541,13.220758726305355,12.983420161605133,13.087557450875847,24098700
13.15294361114502,13.198959845441442,13.082710858920214,13.089976507189084,24622500
13.269195556640625,13.317632765699408,13.196541821724201,13.211071737238788,26547600
13.29826545715332,13.307953458594197,13.13115955789006,13.264359530783144,27567600
13.407238960266113,13.441144865027002,13.307944977026356,13.320052545992551,39740400
13.368492126464844,13.494427772621888,13.295836999288905,13.429038296741673,30784200
13.29826545715332,13.339437038158675,13.20139237165419,13.29826545715332,29823300
13.332167625427246,13.370916848704194,13.278887096976057,13.339433278014365,30141300
13.201383590698242,13.261928362749886,13.099667265026678,13.261928362749886,33710700
13.16021728515625,13.203809815573617,13.068188917782154,13.203809815573617,37698300
13.109354019165039,13.160212182563054,13.043964556001589,13.10208836928232,32033400
13.06576156616211,13.162634588745318,13.046386961645467,13.11904207502813,34378500
13.140836715698242,13.404816896248178,13.135993411354638,13.215914169038298,70665600
13.02216911315918,13.18443300301389,12.971310943876325,13.16263605084359,43514100
13.073025703430176,13.23528817070468,13.053651101155323,13.111774907979882,34761900
13.172325134277344,13.186856438452338,13.065765470484088,13.10209234514013,30922500
13.169901847839355,13.223182363215509,13.058497511811359,13.126309328795772,28505400
12.997955322265625,13.140843264972965,12.971315056427143,13.126313344700572,41554200
13.080292701721191,13.12146425983176,13.014904617929636,13.014904617929636,30937200
13.014899253845215,13.060914098126984,12.973727712703479,13.002790303104842,12465000
13.041547775268555,13.05850003990598,12.93983003009962,12.993110555790757,32362800
13.099665641784668,13.18200735304015,12.980995686018801,13.019744889642656,52670700
13.247401237487793,13.283728108365542,13.172323764246634,13.179589415578445,53648700
13.259513854980469,13.295840735886921,13.169906440119208,13.249827241051419,47324700
13.228028297424316,13.261932826873501,13.152950814714904,13.230449257652703,30290700
13.196541786193848,13.305523774056226,13.19169848103536,13.2909924727996,25898700
13.34184455871582,13.40239069582731,13.20864472000718,13.20864472000718,47679900
13.269527435302734,13.381547908659616,13.259785858145616,13.359630405140187,37439100
13.23299503326416,13.337709646559011,13.22812494259687,13.325533723168231,32198400
13.2183837890625,13.247607120887757,13.184291759859908,13.225689622018814,36149700
13.201343536376953,13.247612902998435,13.15020407680736,13.225695394563282,33975600
13.259780883789062,13.2914385591439,13.155066284221942,13.174548037782221,32238600
13.206205368041992,13.232991556396776,13.159934641802122,13.206205368041992,31650600
13.303618431091309,13.303618431091309,13.150200098792494,13.172117600597472,37005900
13.250043869018555,13.332840993067816,13.242738035507552,13.315794977172317,64686600
13.094184875488281,13.286568056829422,13.055222763021655,13.286568056829422,40846800
13.06496810913086,13.116107556681467,13.062532366506378,13.091755704218404,24875700
12.982170104980469,13.064967233875354,12.945640935287619,13.050355565998213,34376400
13.052789688110352,13.074707187205263,12.940769237367197,12.948075070398835,27185100
13.045475006103516,13.084438493545848,12.962677943649615,13.043039265596786,17628600
13.086878776550293,13.133148108128825,13.030867873007734,13.060091195455106,20367300
13.169678688049316,13.213512287662693,13.045482327940574,13.045482327940574,22886100
13.167248725891113,13.196472067424184,13.111239179213557,13.150202705627237,18911400
13.13315200805664,13.211077639685554,13.09905858622547,13.142892189468334,21281700
13.286571502685547,13.345016776710525,13.186726970350907,13.206210121804482,42894900
13.3377103805542,13.364497970866125,13.218384095245652,13.29874686618143,36463200
13.250043869018555,13.41076802592483,13.228126368485546,13.332840993067816,42646800
13.140460014343262,13.242738903309151,13.096625010404722,13.225691492851269,46756500
13.169678688049316,13.186724700830906,13.091751669427753,13.123409346562138,23905800
13.084447860717773,13.176986558002934,13.038178512075193,13.064966103049594,31437900
13.2208251953125,13.27683474737986,13.0844528397415,13.138028042077261,36070200
13.357192993164062,13.471649194867334,13.232996608966412,13.276830217081676,40659900
13.342582702636719,13.481390768343141,13.318230850442918,13.320666593040468,38596800
13.347456932067871,13.391290553717987,13.252482459472631,13.327975167618298,27856800
13.427811622619629,13.491128370492538,13.332838590977785,13.420507183869882,31602600
13.401022911071777,13.430246237398316,13.323097292239094,13.403458652747286,29685000
13.634808540344238,13.702993995362322,13.422943555103815,13.422943555103815,58837500
13.571489334106445,13.695685678081732,13.486255100935642,13.673768184399684,38876400
13.649413108825684,13.649413108825684,13.466771533101777,13.488689023828716,33222600
13.94408130645752,13.951387139955548,13.58853956804011,13.666466600758735,61443300
13.95869255065918,14.06340717188379,13.880765520300885,13.9757385660081,39633600
14.019572257995605,14.073146041285936,13.885634316157061,13.992784669627897,30519600
13.80771541595459,14.099941924453635,13.75901030114846,14.04880245964704,43794600
13.654291152954102,13.773616055068638,13.564188192406998,13.746829855900703,47065500
13.717609405517578,13.778490437299716,13.615330498355718,13.727350983718786,38554800
13.60315227508545,13.681079313762101,13.5520114366892,13.676207828760786,42115800
13.617759704589844,13.646983034710631,13.488693247928211,13.617759704589844,33850800
13.644551277160645,13.66159868919093,13.556884048088108,13.64698701986368,21318000
13.654291152954102,13.695690413073715,13.595845876373929,13.654291152954102,20162100
13.729779243469238,13.75169673961645,13.625064639840861,13.661593800086216,26458200
13.815018653869629,13.815018653869629,13.661600288311984,13.700562422002786,25743900
13.537402153015137,13.676208829915792,13.46677954977986,13.673774480682297,47286000
13.561756134033203,13.60802549807549,13.46921740594863,13.522792605728718,28747500
13.345014572143555,13.469210933110324,13.31335689479046,13.45703501054721,48821700
13.381547927856445,13.405899780615998,13.274397546201683,13.340148663408842,33992100
13.284144401550293,13.442434310875374,13.254922442251935,13.369377322460247,46191300
13.332840919494629,13.369368693402812,13.23543212896088,13.27682999403444,25617000
13.486261367797852,13.532530724775187,13.27196338829042,13.31579700257851,59923800
13.069835662841797,13.152632781204714,12.894499850955238,13.103929085736587,86089800
12.913984298706055,13.052792367914822,12.882326611366256,13.018698937916017,60355800
12.685070037841797,12.948074440403438,12.633930602553722,12.938332865686846,70616100
12.602273941040039,12.704552819876447,12.546263017147558,12.685071062314977,60968400
12.658291816711426,12.767876588996652,12.585234837372617,12.602280862058414,53704500
12.68020248413086,12.809268969193553,12.650980541024863,12.702119986544393,52932000
12.655851364135742,12.75326016919487,12.59497033843174,12.728906922845992,33432600
12.665589332580566,12.728904696433142,12.590098044405972,12.70942433227409,37542000
12.68020248413086,12.7824827686153,12.59740535297759,12.760565266201766,47178000
12.668023109436035,12.733774205330116,12.602272013541956,12.726468373181328,39093600
12.770302772521973,12.794654618913253,12.665588160905358,12.687505658724564,35746500
12.916214942932129,12.957902965935423,12.805862147716939,12.818122010283158,34149000
12.911308288574219,13.212939893037625,12.815669581173646,12.83774069974846,54933900
12.896598815917969,12.984880505720495,12.786244598846574,12.908860083767644,43617900
12.83038330078125,12.879428358624429,12.766622761088637,12.83774034010008,30649200
12.766623497009277,12.83774108012023,12.599868606875905,12.695507317110176,41569800
12.599873542785645,12.720036233639805,12.499329164527323,12.634204537419059,49214400
12.597416877746582,12.72003234640869,12.516490836815029,12.688152773584374,32648100
12.634199142456055,12.724935027277287,12.567987190316892,12.66117448615807,35415600
12.732293128967285,12.751910031610619,12.673438211401523,12.685699477159567,26150100
12.751914978027344,12.78624737739442,12.700417080582964,12.74455933828883,25284000
12.6636323928833,12.722487329206668,12.599873229336076,12.715130286764703,40587000
12.896598815917969,12.984880505720495,12.69551009418925,12.710224176893725,45207900
12.837743759155273,12.916216995173425,12.820576861768712,12.889241644890667,22837800
12.798505783081055,12.874526196202465,12.754363540095722,12.82793254185928,25064100
12.815673828125,12.845100592764597,12.761723122538083,12.764175937596498,26129100
12.840188026428223,12.93337529315295,12.77152468472304,12.881877436071223,25660200
12.76417064666748,12.83038259367613,12.724934041270627,12.78869317423759,32699100
12.783791542053223,12.840193647545753,12.732293662427004,12.81321970367505,23879700
12.911308288574219,12.955450525723847,12.766623118744661,12.827930845977939,27660300
12.933382987976074,13.043735804979578,12.916217493139868,12.923574534701729,26605200
12.992233276367188,13.048636773789767,12.916212879403169,12.916212879403169,25095300
12.997142791748047,13.055997717610234,12.935833647891608,12.960357586076608,36501300
12.884334564208984,13.033925381332438,12.818122603373878,12.99959299363794,29199900
12.9530029296875,12.977525469175166,12.850007141269405,12.884338135267186,22400100
13.124662399291992,13.181065919184327,12.916218024902335,12.921122251741417,40248900
13.151633262634277,13.232559292311523,13.119752291031643,13.17370438069492,25788900
13.119752883911133,13.178609201399222,13.051089518861431,13.114850061736247,22244400
13.132013320922852,13.166345699220177,13.070705602764173,13.132013320922853,26143800
13.073163986206055,13.156541451982337,12.975072437289192,13.016760468571233,28522200
13.082971572875977,13.112399737207815,13.021665235871493,13.060900449627098,18443400
13.166346549987793,13.230105682937305,13.1540838829944,13.18106062781051,22202400
13.139371871948242,13.225202125966431,13.100135264580599,13.198226782999706,17559900
13.08787727355957,13.158993466798666,13.053544882723145,13.144279384552753,17441400
13.220294952392578,13.298769561167184,13.065801355144762,13.092776694958495,35973600
13.345369338989258,13.3919630065181,13.21294537898227,13.21294537898227,29148300
13.411577224731445,13.438552571550654,13.311032877788206,13.313485692303393,29473800
13.482696533203125,13.526837377622702,13.32329724647247,13.342915555460298,29445600
13.497406959533691,13.507216813996207,13.406672471012,13.507216813996207,24530100
13.600408554077148,13.67642898731273,13.477793050957843,13.507221220734435,33367800
13.578330993652344,13.681326732648731,13.536641573957759,13.563616915735231,24491400
13.504766464233398,13.634737587901405,13.460625619126034,13.524384773526911,33390300
13.492505073547363,13.62247619603266,13.453268455317382,13.561168453843756,24127800
13.512120246887207,13.575879385911225,13.41402872407648,13.4802406773752,19639500
13.617571830749512,13.634737324845599,13.51212324492978,13.524384512600149,26265300
13.618807792663574,13.72742314297525,13.58671727893424,13.603997764209327,28266600
13.7545747756958,13.781728608920961,13.554624592399538,13.63608609207502,26850000
13.7545747756958,13.831098187514689,13.660770881371885,13.766917170344232,26857500
13.838507652282715,13.939717293288025,13.695334140614255,13.727424657884985,42520500
13.710140228271484,13.89527896986227,13.63608586163237,13.715078316044627,43771500
13.621272087097168,13.710137876821173,13.56449679991218,13.700264527961288,34248300
13.695332527160645,13.724953996345096,13.58671717765859,13.633619131989319,23075400
13.648427963256836,13.747168529153761,13.621274131073124,13.712608977965719,26396700
13.631149291992188,13.700266983890298,13.574372582133067,13.574372582133067,22018200
13.522538185119629,13.65336930306914,13.480572900589918,13.636090227819999,36721800
13.46822738647461,13.502786941474879,13.37936157361292,13.48550645772643,30593400
13.483040809631348,13.502788927894308,13.376894497405836,13.460823646899204,17315100
13.50278091430664,13.599052404017357,13.483032807763726,13.515123304333963,15946500
13.631149291992188,13.631149291992188,13.52993967930596,13.54721874915636,26703300
13.404046058654785,13.618806278581145,13.391702250903448,13.571905741611769,33544800
13.218901634216309,13.381823159184293,13.120161102039349,13.381823159184293,44354700
13.246062278747559,13.29296423224776,13.093014021930594,13.120167858825274,39862200
13.270743370056152,13.376889643767809,13.2065609496167,13.295428155804077,33726900
13.288023948669434,13.404044997371749,13.273212510537821,13.31517778107856,29724900
13.253461837768555,13.31023711692947,13.189279429265186,13.233713730343531,34981800
13.236183166503906,13.386763742094388,13.233715535549207,13.263336994479362,34022400
13.014018058776855,13.290491616968566,13.006612340477536,13.248526350771199,43756200
12.989336013793945,13.144851893407708,12.979461249812294,13.060922755798533,37635300
13.060919761657715,13.147316511083867,13.026360214389467,13.048577368882551,26392200
12.915274620056152,12.994267047625522,12.784442175960365,12.994267047625522,45972000
13.041170120239258,13.075729663451686,12.88565288203141,12.949835294424815,35231100
13.03870677947998,13.154726438689238,13.03870677947998,13.097951131256428,61692900
13.093010902404785,13.206561486459558,13.009081779952359,13.009081779952359,45594300
13.154726028442383,13.154726028442383,13.021425887978317,13.107825487350016,32673000
13.085607528686523,13.154725226474767,13.041174622072893,13.107824688241655,31747500
13.154726028442383,13.25593565592375,13.001679183832092,13.172006513315411,54463200
12.937492370605469,13.186813494850288,12.922682347503752,13.130036795890197,62301300
12.907869338989258,13.023888941210876,12.902931252727518,12.915275055885797,30501000
12.96711254119873,12.96711254119873,12.870839642358572,12.94489539242886,32963100
12.99427318572998,13.031300373957647,12.942434557212573,12.989336509798964,26600400
13.117696762084961,13.122633437339738,12.972054248345312,12.99920808099133,29952900
13.209029197692871,13.243588743156451,13.08313623296168,13.130036758059678,28439400
13.17940902709961,13.221372881945713,13.088072773913249,13.167066633762733,27637500
13.260869979858398,13.317645269402789,13.189281841416085,13.189281841416085,24234600
13.450948715209961,13.529941178990054,13.376892927291959,13.470696831154985,38460900
13.349736213684082,13.408980548748653,13.273211398082115,13.391700068211259,27399900
13.297900199890137,13.349738826656072,13.255934924652644,13.28555780423126,22645200
13.315176963806152,13.43366563659336,13.270744064635048,13.29542885167495,28457100
13.33492660522461,13.39663999239823,13.290493700957812,13.34726900016002,30460200
13.238651275634766,13.255930341083195,13.176937906182685,13.211497449575695,46566300
13.238651275634766,13.32258038459252,13.196686014907812,13.263336058417137,30550500
13.162132263183594,13.216439939198473,13.127574117080282,13.184349424961528,24658200
13.322587013244629,13.337398455281946,13.167071109343382,13.181881138883842,25756200
13.302833557128906,13.32258166775607,13.231246832667466,13.307770231661625,26573700
13.446009635925293,13.50031588569457,13.30777143652301,13.329988592676182,31831800
13.458354949951172,13.507725953131844,13.391704872530543,13.47316639215506,20407500
13.322587013244629,13.428733327017298,13.317650336731143,13.337398455281946,24532800
13.228771209716797,13.352197899121538,13.20902310891151,13.337386470393675,32794200
13.144855499267578,13.26828231416482,13.125107378383662,13.191757462929006,36600300
13.080665588378906,13.218902340815918,13.075728914630172,13.159658018342913,26725800
13.011553764343262,13.120169122382345,13.001680411337993,13.02883283835091,39579600
12.989336013793945,13.0806708712652,12.853566837150213,13.031299876350214,32064000
12.757293701171875,12.972053900204207,12.754824657362501,12.895530492071142,45718800
12.658550262451172,12.848627063929701,12.591900212256729,12.777038926686561,64366200
12.367269515991211,12.58696782750209,12.359863796221562,12.58696782750209,78213600
12.552404403686523,12.569683469491995,12.24137133171476,12.488221989631525,81896700
12.075976371765137,12.670888473834092,12.038947797728179,12.54005606223107,99128700
12.544998168945312,12.567213907994038,12.014266875063825,12.179657458796932,71966700
12.036538124084473,12.446789304324035,12.01167333837696,12.436843105498081,81008700
12.364738464355469,12.53132411494173,12.145936343124257,12.145936343124257,64798500
12.369708061218262,12.508946276682268,12.252849143678487,12.456732657240478,45481200
12.426898956298828,12.451762320545896,12.255339466650346,12.402035592051762,44489100
12.90925407409668,13.048490882860406,12.71034434729136,12.789908238013487,76786500
12.817253112792969,12.973895363357723,12.720285184511283,12.859521950172093,46540200
12.876932144165039,12.916715518869383,12.508949799619412,12.558676528248895,75137100
13.003732681274414,13.113133721796158,12.799850605328087,12.802337509963335,69107100
12.976387023925781,13.08827357378801,12.949036757092733,12.988818704719955,41313900
13.229998588562012,13.22999858856201,12.961469704480315,12.968928998228675,51510000
13.269782066345215,13.282213749784082,13.130543797313965,13.182757436843197,34187100
13.103195190429688,13.299618068751213,13.065898716706297,13.272267795592393,32912400
13.152924537658691,13.237462279746683,12.916719655591761,13.125574259067314,31380600
13.225021362304688,13.287181179012077,13.177781551955823,13.205130391684055,25431000
13.133028984069824,13.210105980387974,13.031087201413586,13.142975183148017,40452600
13.225021362304688,13.272262595367993,13.142971997691108,13.177781551955823,39690600
13.0907564163208,13.314530893631595,13.0907564163208,13.227507722907573,37477800
12.936602592468262,13.088272500231765,12.921685430367626,12.99130454436214,32428500
12.84958553314209,12.876934385018677,12.648188832629891,12.799857373144047,51343200
13.033573150634766,13.068382710782407,12.891849427493097,12.94157757380611,31210500
12.981359481811523,13.115622488742535,12.9440630165129,12.949036827029168,34807500
12.770015716552734,12.9738978061222,12.730233776016526,12.904278698826626,36083400
12.884389877319336,12.886876782535502,12.635753418859538,12.643212711793383,33687900
12.827203750610352,12.879417377980099,12.735208176414643,12.876930472785485,32312400
12.978872299194336,13.125568406566439,12.824716898921913,12.85704097572818,37522800
13.055948257446289,13.05594825744629,12.914225971670533,12.9838450847686,32997600
13.0907564163208,13.215076044620481,13.06589305974662,13.115619772894984,107053800
13.041030883789062,13.083299731963317,12.939089120805894,12.973898676789721,27086700
13.001251220703125,13.157892116029782,12.97141404670866,13.038546265481445,25263600
12.760071754455566,13.075841851952188,12.75261246145954,13.018654413220883,31421700
12.501489639282227,12.737695852044897,12.416953352842564,12.593485219042261,63960900
12.630779266357422,12.670562635165394,12.439328828622473,12.47662529228163,38109000
12.886877059936523,12.891849447761237,12.630779880315515,12.66558944051788,34081800
12.936602592468262,13.14297302941109,12.879416580962774,13.018653386237249,34477500
12.757586479187012,13.033574664442806,12.752614090792589,12.958983147667064,34380600
12.911739349365234,13.0285997011854,12.760070862948446,12.881903602180333,31033200
12.904279708862305,13.075840585728125,12.857039895653147,12.891848029310996,40857900
12.919201850891113,13.157893578518166,12.891851579261148,12.899310873588858,46500600
13.147944450378418,13.172807808099858,12.837146788002602,12.864498473296418,56092500
13.0907564163208,13.239939401194665,12.961465823963545,13.103189517322276,40813500
13.115623474121094,13.152919942221807,13.011196208868668,13.113137991390904,30063600
13.35183048248291,13.433881294420543,13.152920716617318,13.19767505825836,41738700
13.627822875976562,13.71981849323052,13.473667404195332,13.473667404195332,36565200
13.605439186096191,13.622843255040102,13.523388383829108,13.620357772456515,30640500
13.724785804748535,14.020664952466568,13.675057654984203,13.687490759461372,66291900
13.680032730102539,13.75213734461681,13.60544120992005,13.685005118724062,31503300
13.789436340332031,13.791921823740322,13.583065813539577,13.744680566400687,32118000
13.620363235473633,13.789437295703905,13.545771696468652,13.622848719054126,26910600
13.896341323852539,13.970932815855676,13.62781394444137,13.660136592342708,42211200
13.985859870910645,14.030614224137294,13.849109904995519,13.851595388515465,38955600
14.015694618225098,14.14249835986973,13.936129282399364,13.973425755866895,37937400
14.15243911743164,14.27675732817647,14.085306913723677,14.107684789197814,43495800
14.117630958557129,14.172331488868716,14.072876625899733,14.142494318620729,27838500
14.100223541259766,14.209623153178246,14.060441605523181,14.087791864181364,30312900
14.26433277130127,14.281738268487334,14.072882261260641,14.197200534075375,38174100
14.37372875213623,14.411023793872076,14.284218660169696,14.371241846934648,45976500
14.209624290466309,14.388644438323317,14.162384482873174,14.383670628922474,33878400
14.102712631225586,14.24443491005313,14.067903076383159,14.067903076383159,28442700
13.980888366699219,14.107693561135873,13.844136969407078,13.878946545328288,41364300
14.137519836425781,14.219570619735878,14.057955957839399,14.115141962055471,26760900
14.276759147644043,14.304109413582095,14.07287702840494,14.184763574605846,28726800
14.296655654907227,14.296655654907227,14.147472601928026,14.192226948735772,21018300
14.406045913696289,14.41101829948902,14.184758384707528,14.256862958201504,25560300
14.749168395996094,14.76905936683926,14.383671628913582,14.425940475473235,60312900
14.433403968811035,14.65220471177678,14.321517403088366,14.552749828610532,41840400
14.453292846679688,14.542802939888974,14.299137444478212,14.50301956968455,28230000
14.719332695007324,14.73176437398209,14.515449176220676,14.547771826097959,25193700
14.642256736755371,14.664634616272576,14.510479210377241,14.622365762533866,31656300
14.28670883178711,14.433404972497808,14.229522803507924,14.413513994481356,48017700
14.092767715454102,14.27675885779508,14.082821517717365,14.197194966759566,35342400
14.105202674865723,14.219576150498273,13.988342293542166,14.057961425741084,30671400
14.229521751403809,14.261844410451294,14.075366327495532,14.179793598682002,26946900
14.087793350219727,14.244434205187801,14.018174243979873,14.154925551695872,29796600
14.135040283203125,14.204657994809404,14.048015653944079,14.062934243115055,22491900
14.082828521728516,14.1723386550181,14.003264591122353,14.085315428078196,24781200
14.144980430603027,14.254381485092077,14.095253713264007,14.095253713264007,12776400
14.234493255615234,14.420971345625171,14.172334840755202,14.304112387516374,27864300
14.463236808776855,14.49555946145511,14.25686778994068,14.25686778994068,32451600
14.644744873046875,14.669609659949844,14.49804874799308,14.609935309554574,44535600
14.57263469696045,14.706899088635176,14.535339664923814,14.580093987910631,26361900
14.44334602355957,14.662148148001442,14.430914343346211,14.639770269988631,33597300
14.50550365447998,14.547771076272731,14.420965965465701,14.485612684602689,31545600
14.614907264709473,14.672094707905146,14.520426199051661,14.562693632375877,34204800
14.638671875,14.811304721911217,14.576125090673736,14.598642791993667,47263800
14.506073951721191,14.64868178046512,14.47855279104324,14.60865126158888,31050900
14.591137886047363,14.633670847571459,14.378475941635335,14.551107368708529,30176700
14.533594131469727,14.621161073177413,14.451030646875651,14.478553240011333,30111300
14.411005020141602,14.598648307218422,14.365969600487803,14.543605970933559,32916300
14.423513412475586,14.54110254881431,14.390987356598698,14.441026231205425,26952600
14.49856948852539,14.611155155081114,14.468545880588172,14.468545880588172,25672200
14.578629493713379,14.63367325360974,14.533595512203853,14.586135395899044,44741700
14.456035614013672,14.653685771314667,14.41350264930642,14.586134089299305,21706200
14.80881118774414,14.828826457091727,14.571130401093413,14.603655034832618,33202200
14.858848571777344,14.926400277933373,14.801303783478954,14.808809687674607,25723500
14.80881118774414,14.89637817009046,14.773784108484616,14.863853536351252,23705100
15.008963584899902,15.0114645985273,14.79630011991056,14.841334112856792,18571800
14.9689359664917,15.00646549785025,14.926404406425661,14.99895959157854,14599200
14.943907737731934,14.99644761664401,14.91888902046034,14.953914651998838,15725100
15.008963584899902,15.008963584899902,14.846339003321237,14.941411879678142,18996600
14.95141315460205,14.996447130552063,14.93390033940046,14.983937772321742,13995900
15.094021797180176,15.276660137788532,14.978933701928353,15.003952417364419,38006400
14.938904762268066,15.099026848535948,14.878858979917611,15.063999784263755,28779900
14.866347312927246,14.916384741315627,14.603646519075792,14.848833067707991,38304600
14.761270523071289,14.873856191087702,14.728744470182502,14.866350289006014,24208200
14.806305885314941,14.898876300284718,14.741255205072887,14.768776371405185,20037900
14.771276473999023,14.938904458603872,14.756264670815462,14.868850331483483,20721900
14.861348152160645,14.893872779468458,14.771280173708961,14.77628363215523,19096800
14.886364936828613,15.011461402922649,14.861346216251613,14.958921517069141,21709200
14.896369934082031,14.91388417983089,14.7637690269182,14.806301987617774,23187900
14.973937034606934,15.038986296876871,14.8913735183071,14.978940493641957,25500000
15.013956069946289,15.018960957229847,14.923888141297029,14.958915194262369,17734200
15.164078712463379,15.194102324636654,14.948915695508271,14.993949682163562,27703800
15.264156341552734,15.32420357104421,15.179091819114385,15.199107085076628,31136400
15.239129066467285,15.256643309110135,15.139052792807936,15.214110355953434,21402300
15.359221458435059,15.511839036999982,15.199099411577192,15.199099411577192,22088400
15.379241943359375,15.414269010920027,15.271659727597418,15.30668679515807,17747400
15.254154205322266,15.471819754030493,15.20411530893112,15.461812833715381,22308600
15.189094543457031,15.291671848776732,15.146561582185214,15.226622616388012,18861900
15.336708068847656,15.341712957921517,15.099027375598677,15.12905098362413,22910700
15.351719856262207,15.404259738645516,15.156570699121042,15.39425282371747,29284500
15.556873321533203,15.669458959072006,15.459298052489933,15.459298052489933,36391800
15.496834754943848,15.629435710374148,15.466811140791098,15.611921458250137,18633900
15.519349098205566,15.619425413557554,15.436787032793013,15.591904247885191,23181600
15.481819152832031,15.506837870756708,15.436785174246738,15.474313251133754,16441800
15.434284210205078,15.486824095528057,15.416771392298921,15.416771392298921,18253200
15.416768074035645,15.516842933793283,15.319192795205234,15.48932320632245,21780000
15.501837730407715,15.55187517696354,15.406764864026037,15.406764864026037,19359300
15.486821174621582,15.489323618823846,15.356721276584366,15.431778855005675,16503000
15.459300994873047,15.531856133691804,15.444290623520573,15.514343317978422,12525000
15.566874504089355,15.571879390016413,15.459292362314004,15.489315951462254,15519300
15.451787948608398,15.621918296375075,15.409256435369477,15.591894704344153,17501100
15.52185344696045,15.5593815329692,15.436788926377783,15.454301746860924,21769200
15.631933212280273,15.654449484170007,15.489323953360158,15.591901262200635,24575400
15.028968811035156,15.136552420319376,14.928892533147048,15.09401946536543,71684400
14.661194801330566,14.986443922157125,14.603651452922069,14.906382864403751,85890600
14.6461820602417,14.736251460267475,14.563619994456328,14.658692852371162,44640900
14.70872974395752,14.748760268780828,14.636174596665835,14.698721396949447,29777700
14.626163482666016,14.706223077726179,14.583630525399105,14.686209252664199,36776400
14.743760108947754,14.786293087937935,14.59864978190626,14.621166062402981,32285700
14.781285285949707,14.843833519508019,14.69121731849445,14.721239497111359,34453200
14.71623706817627,14.866352266569859,14.671203081300046,14.851340460409572,48851700
14.763769149780273,14.831320825992721,14.711229275304863,14.758765693069332,29544300
14.861348152160645,14.908884586411974,14.69872358401687,14.751264908319175,28953000
14.753765106201172,14.81631190626482,14.698721345257086,14.771277923898097,27171300
14.976428985595703,14.976428985595703,14.78878578508502,14.78878578508502,44750700
15.054008483886719,15.099345336821237,14.973412996994446,15.071639962645728,23386800
15.132086753845215,15.162311320660876,15.0691198671037,15.0691198671037,18878700
15.283208847045898,15.338618158660827,15.134608068815725,15.154757302453937,22730400
15.363802909851074,15.38395358279988,15.242907519278665,15.34617287250429,26203800
15.383954048156738,15.40158408603682,15.285725639603584,15.32350635104202,19125000
15.42172908782959,15.429285228044433,15.30838986697972,15.336095234038682,20265000
15.323505401611328,15.482180056261077,15.305873923636895,15.467067772622046,36231300
15.29831600189209,15.333576068043449,15.2277929872166,15.258016106944389,24755700
15.263057708740234,15.328542349595917,15.18497853739382,15.195053873549066,23734500
15.252979278564453,15.293277732637637,15.205124684204247,15.225273911240839,21908400
15.275650024414062,15.305873148975781,15.169866926668126,15.169866926668126,17132400
15.300836563110352,15.326022741037715,15.21520269344533,15.265575049300054,20873100
15.414172172546387,15.444396731885979,15.303350709882958,15.338612215383714,18644400
15.386474609375,15.48973998456949,15.368844568277568,15.451960707423405,22054800
15.411653518676758,15.484694277893755,15.35876198411225,15.4015781857574,21372000
15.31846809387207,15.351211857796063,15.268095733103083,15.305875003679823,20075100
15.414172172546387,15.4695829038781,15.343650602731186,15.381429860719367,20824200
15.454473495483398,15.487217254580168,15.35624654175283,15.383951912566047,19397700
15.275650024414062,15.467066989802587,15.172384679689408,15.399063158055451,33540300
15.1774263381958,15.260542478617472,15.116978629121967,15.245430191052247,32555100
15.28068733215332,15.285724279501338,15.129567382219578,15.162311142948322,19586100
15.144676208496094,15.197567746543779,15.132083122407247,15.167344628167811,20495100
15.094310760498047,15.210167781923248,14.998601533071156,15.119496944182918,28659300
15.061565399169922,15.184979992070978,15.026305322215473,15.184979992070978,23243100
15.14719009399414,15.162302368479327,15.001107175947029,15.061554832701958,22103100
15.054008483886719,15.164829980588758,15.048972977365223,15.11193842668524,20077800
15.258018493652344,15.315948430737308,15.07919461755921,15.096824653392636,20533800
15.582926750183105,15.603075982002299,15.386471379649302,15.391509768494156,32029200
15.630779266357422,15.678633865679075,15.502327750533313,15.502327750533313,23871900
15.55270004272461,15.628260011950658,15.48217846165043,15.605593030013424,19138800
15.729004859924316,15.739078752101081,15.530030356977143,15.5401056903402,26993100
14.996074676513672,15.17238075460438,14.892809358503687,14.897847745616062,114021900
14.550278663635254,14.94822638313161,14.520055534162884,14.925557955137194,90271800
14.447013854980469,14.716510014977676,14.401677001779372,14.585539285485781,84035400
14.847474098205566,14.968369448652693,14.499900325966639,14.504937271938704,75278700
14.867626190185547,14.975928475993173,14.844959208347277,14.905406895226891,27083700
14.83740520477295,14.85755443663546,14.741695993129332,14.814736778482594,22447800
14.877703666687012,14.928076025743787,14.72910290157073,14.84747909830355,29747100
14.862590789794922,14.940668519693988,14.814736185887316,14.849997700532924,22043100
14.857548713684082,14.910440246801642,14.812211878566583,14.910440246801642,20675700
14.784514427185059,14.905409824704813,14.779476038064955,14.824812893024976,20833500
14.907925605773926,14.950743260509162,14.746731763740039,14.746731763740039,25974600
14.872658729553223,14.953257062693586,14.766875669159791,14.875177922871584,30819900
14.968514442443848,15.021766349005942,14.77579712603347,14.829049032595565,33472800
15.00908374786377,15.115586091512602,14.983726668837503,15.049655654692133,23222100
15.067412376403809,15.125733970055126,14.912730654478388,14.98119595409354,22420800
14.978659629821777,15.10037538351432,14.94062254993896,14.983730756817408,18603000
15.049659729003906,15.125732437643293,14.948229934473467,14.948229934473467,31684200
15.00908374786377,15.128264631025736,14.998941496639599,15.095298687132582,32514300
15.64049243927002,15.848423203348668,15.531456654557564,15.55427745674471,87877200
15.830674171447754,15.881389807968743,15.66077903810071,15.68867242054226,49892100
15.985352516174316,16.000567350368826,15.757135807122484,15.817993692934069,33449700
16.16031265258789,16.216099384576687,15.949845714511252,15.972667955133696,36223200
16.375858306884766,16.40375168580883,16.04874662782958,16.074103717409113,47046600
16.500102996826172,16.527996363290356,16.34542278813316,16.408815483764673,33908100
16.560964584350586,16.60914246349274,16.431641424789653,16.446856255553556,30539700
16.654783248901367,16.67506920174945,16.535603820031046,16.58378168845017,30110700
16.593936920166016,16.723260140799717,16.566043534248276,16.586329501191468,29939100
16.690288543701172,16.90329038073826,16.57871504737417,16.58378617421644,50296500
16.621824264526367,16.705502940897976,16.515321888560067,16.591394599688485,45902100
16.733394622802734,16.768893957153544,16.583784066755708,16.710572378463493,41630400
16.60914421081543,16.710575459268185,16.59139454036765,16.670003540273594,28023000
16.71818733215332,16.728329589122534,16.59900638148175,16.634507182807322,32540700
16.702972412109375,16.756222888347803,16.68015015759291,16.756222888347803,37640100
17.298870086669922,17.301406375983635,16.756220250849204,16.784113629434355,54037800
17.123899459838867,17.36479609906856,17.1086846297894,17.34197385399436,31474200
17.172082901000977,17.205047406693605,17.065580516109716,17.15940435657815,26963400
17.00725555419922,17.179685465368866,16.979362181605225,17.13911500182846,32246700
17.14925765991211,17.18982957537664,17.012327082477782,17.01486337130662,29983200
17.1796875,17.25829650052005,17.139117031654738,17.25576021145072,38226000
17.273509979248047,17.3140818953799,17.098543772300197,17.108686025850073,22660500
17.194902420043945,17.306475924202005,17.167010494970725,17.265904004683854,23718000
17.374940872192383,17.380011999289135,17.187294659949888,17.207582070269428,26969400
17.16701316833496,17.410444723352672,17.161940589380535,17.367336508039177,29530800
17.065584182739258,17.331838025723833,17.037692249596155,17.265909000173384,34202100
17.288721084594727,17.30139962428277,17.0047162819123,17.0047162819123,35491800
17.39015769958496,17.476372673986077,17.306477563539907,17.364800610225767,32435400
17.3926944732666,17.43326785210901,17.309014327910262,17.3926944732666,26393400
17.319150924682617,17.331829465567587,17.11375653099368,17.222792272797637,25735200
17.679227828979492,17.679227828979492,17.385080733362656,17.481439389768695,31990200
17.585399627685547,17.737544976904843,17.53468402762392,17.648793765021185,31275600
17.940412521362305,17.945485099729645,17.572730392879535,17.661481651745405,28184100
18.02408790588379,18.07987464550134,17.844050597350552,17.844050597350552,37321500
18.0950927734375,18.0950927734375,17.935341391008908,17.935341391008908,24027600
18.19652557373047,18.19652557373047,18.00887933444683,18.069737221276707,33451200
18.2852783203125,18.404457814223203,18.166097375435207,18.239635264236764,39984600
18.32330894470215,18.36895343925468,18.20159319449446,18.290344443725008,36731700
18.335988998413086,18.414598000421066,18.166093901709385,18.275131118293835,30587400
18.55660057067871,18.571815404147014,18.295417916349585,18.325847583286187,24540300
18.505884170532227,18.55659834137884,18.40445292690659,18.490669338891763,24241800
18.536312103271484,18.536312103271484,18.335987358936645,18.48559648222359,36528900
18.47292137145996,18.6276031012636,18.439956864589718,18.48306507794043,28485300
18.138200759887695,18.475456119506216,17.8085542677196,18.472919830356073,50634000
18.320775985717773,18.381635322849405,18.082417019795685,18.120452654536496,33156000
18.21934700012207,18.2548477952397,18.06973640277159,18.161023954364584,19969500
18.292884826660156,18.31824191755357,18.117918577949172,18.17624017719733,22427100
18.277667999267578,18.374026675318202,18.2244175338097,18.323311048093426,20945700
18.68084716796875,18.751847285133614,18.432343130476834,18.434879418969345,24577200
18.89638900756836,18.96738913881816,18.711279086973757,18.72395763001957,32584500
19.013031005859375,19.07896000096757,18.878636726998035,18.88117156467694,27436800
18.873571395874023,19.01303830557105,18.873571395874023,18.95725154169224,24968700
18.668174743652344,18.964856751975663,18.61745911394791,18.942034500963704,29097000
18.77720832824707,18.80510170368649,18.49574118675773,18.52363456219715,24279000
18.90399742126465,19.007963511079957,18.827924708008723,18.95217675796119,26220000
18.835529327392578,18.997816984390457,18.835529327392578,18.997816984390457,18352500
18.76199722290039,18.916677500128234,18.756926095196143,18.868498159521785,22843500
18.94504737854004,18.9960358267972,18.720694996818903,18.776781998139086,19734900
18.827768325805664,18.998582220857447,18.804822653164134,18.93739521929322,15854100
18.7844295501709,18.929749245777952,18.720693993266096,18.827770895916878,16932600
18.71304702758789,18.786981155179003,18.656958565686526,18.715595574792992,18903000
18.86855697631836,18.934842520547853,18.756380093333387,18.825215642653625,21726000
18.980741500854492,18.99858716723532,18.820124668172753,18.843070346788306,23323200
18.394359588623047,18.54732782430757,18.300029808769985,18.503986483807207,53439600
18.353580474853516,18.53204157604965,18.315337664100433,18.46065742733401,29204700
18.43260383605957,18.460648063448797,18.269438483113767,18.358668259044343,16646100
18.210798263549805,18.442799159710923,18.210798263549805,18.432602055543473,22902600
18.297487258911133,18.317884393539238,18.190410325589507,18.190410325589507,19983000
18.24394416809082,18.340823968356784,18.203152826801304,18.305131180025096,18015300
18.38416290283203,18.407108576351078,18.19040332772872,18.200601891119376,15570300
18.483591079711914,18.557523728466535,18.373962732804628,18.399458409645288,17300700
18.460649490356445,18.53713362016493,18.39691247238047,18.402011025350784,14468100
18.55242919921875,18.616166216920377,18.465747963842748,18.511637858004935,12692400
18.419862747192383,18.547336825061883,18.394368515144052,18.516742579552748,15711600
18.509090423583984,18.598321670204893,18.447903408085093,18.506540417549793,17655300
18.74108123779297,18.8252138922087,18.501433298813932,18.552421725383823,25572300
18.751291275024414,18.85326964939237,18.70540137126227,18.830325426918165,23892300
19.072521209716797,19.072521209716797,18.825223134761806,18.8609159261724,19525500
18.820125579833984,19.069972215336204,18.738542885889288,19.044477988181896,19864200
18.74108123779297,18.89659943998196,18.73853269175218,18.837960998851173,19500300
18.881311416625977,18.973092670966825,18.75128882395101,18.79463017444718,15874200
18.88385581970215,18.955239921841592,18.802271696265034,18.88130581437773,12893400
19.156652450561523,19.169399562494306,18.853265934832912,18.853265934832912,22222200
18.993478775024414,19.11840421982704,18.932291784525713,19.080161439007274,25607100
18.863462448120117,19.039374907762177,18.83286821575804,18.957792233214363,20563800
18.853273391723633,18.909361873462878,18.78443779300984,18.827779157774533,15912300
18.960344314575195,19.026629880198733,18.86346451324021,18.929750078863748,16967700
19.057231903076172,19.075077575324315,18.94760348618942,18.94760348618942,13569600
18.980741500854492,19.143906880840028,18.95014726270042,19.110764095382162,31686900
19.054676055908203,19.110764521231452,18.91190634523949,18.91700489877426,13241100
18.932302474975586,19.133710677520497,18.932302474975586,19.09801788153847,19274100
18.914457321166992,19.080172732239987,18.901710206286573,18.906808760475982,14414700
18.860912322998047,18.993483438891737,18.82267099160101,18.960342118731596,16170300
18.815019607543945,18.881305155534704,18.718139831980185,18.830316721330448,18063000
18.878759384155273,18.99093629866296,18.815023827106263,18.815023827106263,13986900
18.80228042602539,18.95779872913237,18.771687641993942,18.8609189052075,12709500
18.91700553894043,19.057226706993752,18.802278598237297,18.873664185394194,24494100
19.049579620361328,19.12351230186952,18.996039696445937,18.996039696445937,15002700
19.154104232788086,19.248435495761207,19.09291721451053,19.10566432763332,15615300
19.18470001220703,19.261184161716304,19.1362615582921,19.16175578852392,13637700
18.90171241760254,19.217846155351076,18.899162410802614,19.161757676264408,24921900
19.228038787841797,19.582413792192323,19.02918060935488,19.03173061556106,58094400
19.123498916625977,19.53141359433166,19.108203265027047,19.5288635896588,24976500
19.32746696472168,19.38610397316028,19.197444376710134,19.228037154517473,24087900
19.66909408569336,19.720082533055965,19.26372921861883,19.342763354369684,29008800
19.6079044342041,19.783816888027502,19.5518159826044,19.783816888027502,18930300
19.638498306274414,19.758322315206893,19.49827862823768,19.71498243011869,22483500
19.5186710357666,19.689484918323327,19.41924125373979,19.63594501940954,21977100
19.27902603149414,19.556916858140998,19.23058613197758,19.523774076116702,20827500
19.28667449951172,19.319817281380104,19.143904807486845,19.29432305822187,16276200
19.059772491455078,19.245883533522015,18.996035473505554,19.133706615341,17501700
19.075069427490234,19.120959321393823,18.998585298441974,19.10311365676838,13749600
19.202545166015625,19.24843652629093,19.09291823671406,19.197446612256257,13298700
19.149003982543945,19.228036660427755,19.039377068825463,19.17194965941995,13340700
19.126062393188477,19.294327808613055,18.89915995830046,19.184699412651916,19653600
18.725799560546875,19.161757351859933,18.649315404797544,19.15410879040361,38830800
18.55242919921875,18.756385905287836,18.537133540373645,18.728343134665092,25690500
18.646759033203125,18.662056150894298,18.521836462227707,18.524385009300612,14303100
18.80483055114746,18.937403172956728,18.64421515163823,18.654412260108437,16003200
18.63910484313965,18.840511467145486,18.575367849546634,18.71813748979217,20429700
18.478492736816406,18.8609118769969,18.478492736816406,18.613613855133355,21411300
18.43515396118164,18.50908954452652,18.33572561277319,18.389264066440315,20674200
18.478492736816406,18.509086968261204,18.33062450833521,18.424954290601256,13148400
18.307680130004883,18.432604152554003,18.147064779996033,18.348471468941735,26932200
18.180208206176758,18.356120679237566,18.121569742614216,18.320427891696898,27333900
17.5198917388916,17.76718823700177,17.298087995602284,17.759539681149082,69146700
17.34398651123047,17.512251906179607,17.30574517173126,17.486756221033207,36771300
17.596385955810547,17.62443019278205,17.247109455763585,17.374583525418398,38507100
17.591278076171875,17.65246507199734,17.451058424460076,17.65246507199734,28183800
17.56324005126953,17.606581402327162,17.509701593382793,17.555591491740916,21118800
17.897220611572266,17.90741917792224,17.56069126304173,17.677966752591285,15404700
17.823286056518555,17.904868750143205,17.706010569729713,17.87937452308891,27219600
17.718761444091797,17.889573954598436,17.70601287009472,17.820738365557816,22146900
17.989002227783203,18.052737798174654,17.665219986702592,17.708561341619735,31489200
18.057832717895508,18.111371165450027,17.87937025350492,17.968601485700216,28861500
18.36121940612793,18.386715088220598,18.06293290908316,18.09352714406899,37455600
18.187854766845703,18.44279988684171,18.187854766845703,18.38416288853407,27260400
18.3867130279541,18.50908703655835,18.215899125259014,18.220997677580876,38461500
18.36824607849121,18.46309927410631,18.260575042053297,18.44259043540824,28539600
18.352874755859375,18.41952962057215,18.227258962599198,18.373383606484374,21498300
18.532325744628906,18.60923429364304,18.419527810728926,18.432345657746524,21849000
18.496437072753906,18.545145777306526,18.404147976586952,18.47849237819609,17704800
18.17342185974121,18.637435886470342,18.155477165620436,18.522072318708208,43785000
17.673519134521484,18.034988922720476,17.665828131909937,17.996533909662737,70205700
17.699146270751953,17.78118310329042,17.688892583502174,17.699146270751953,42730500
17.62481117248535,17.76580896948433,17.62224701608387,17.701718261625505,31506900
17.740175247192383,17.81964650157741,17.660702525898497,17.6786486888885,31595100
17.817075729370117,17.85809194939083,17.665821358548047,17.71709420066328,34769400
17.565853118896484,17.81708772060277,17.565853118896484,17.799141553675646,29919600
17.688899993896484,17.70428199812317,17.476120491789555,17.517138191788273,29058900
17.599172592163086,17.72991668684639,17.501755193472217,17.655572293185017,39693000
17.578662872314453,17.64018941576925,17.51200948363222,17.56328086972363,8714400
17.429975509643555,17.599173151175087,17.363322115541532,17.576100145412713,18278700
17.481252670288086,17.54021654884132,17.378708389009752,17.440234957776752,22152600
17.33256721496582,17.52227380566141,17.314621045418253,17.40947580767544,16540200
17.49150276184082,17.509447455772225,17.271032254269983,17.301796263190884,21037500
17.75042724609375,17.75042724609375,17.547902894429054,17.670955999293135,31172400
17.637632369995117,17.77863167240483,17.529961242270677,17.75299450211546,26730300
17.70429039001465,17.735052946140907,17.51971065252902,17.61969079357606,19314000
17.535083770751953,17.668392035932534,17.465866215145905,17.645319028427608,18604200
17.58379554748535,17.660704119030168,17.486379588231515,17.504324285931407,17600700
17.578662872314453,17.614553722723542,17.488936479745984,17.601735876200692,15165600
17.524829864501953,17.696591673182755,17.360759058228794,17.601738421669676,34361400
17.594043731689453,17.63506142466076,17.486372654366882,17.586352730893783,18673500
17.50943946838379,17.604292674438987,17.460730787751224,17.558148149016354,16471200
17.68377685546875,17.750430265213165,17.458179458180062,17.4812510024483,18421200
17.742733001708984,17.783750695835554,17.660697613455838,17.673515459506838,14753700
17.65045166015625,17.770940639376697,17.61456079533623,17.76581379209072,21697800
17.740175247192383,17.740175247192383,17.650448832968948,17.650448832968948,23440200
17.83759117126465,17.855537334228096,17.67864866272978,17.70172020524156,17243700
17.81452178955078,17.85297534300718,17.727358054661824,17.78888462033748,19096200
17.891427993774414,17.94270086270507,17.778630029181304,17.85553859912281,27417000
17.688899993896484,17.945259885434137,17.670955300237793,17.922188346002773,23903100
17.77862548828125,17.817080496884557,17.637626234916766,17.709407939703883,21164400
17.917064666748047,17.996535924449926,17.74017598760528,17.742738677490195,28682700
17.88117218017578,17.976025436197467,17.817082935246958,17.976025436197467,21061800
17.93244171142578,18.058057488293855,17.865786855411063,17.865786855411063,21048600
18.07088279724121,18.083699181189214,17.93244766093117,17.973465370437182,19349400
17.850414276123047,17.919631857854142,17.72223427550327,17.801707020076776,32277900
18.14266014099121,18.219568700687667,17.88373460778285,17.911935928810607,31576500
18.281091690063477,18.283654379178056,18.022166207348228,18.068312214312417,29273400
18.26058006286621,18.36568697327595,18.175980529885273,18.314415595887443,24920700
18.32467269897461,18.36568892509948,18.219564310486167,18.252891002712158,17719800
18.304166793823242,18.332366647938674,18.08113358433134,18.265713247434256,18607800
18.304166793823242,18.370821661236427,18.22725970104527,18.327239801801895,14286000
18.301603317260742,18.381074563144313,18.25545877019637,18.275966153861688,11905800
18.15547752380371,18.26058593492141,18.137531362420184,18.227259235520364,20463000
17.765811920166016,17.945263291539725,17.4658686484495,17.82733848184216,77051100
17.62737274169922,17.804261382533618,17.57097303972054,17.737607989418052,44046900
17.742733001708984,17.906803778215274,17.50944468300055,17.61711723026414,35920800
18.011920928955078,18.322117941731108,17.873485777227827,17.945266043402857,61239300
18.047805786132812,18.08369517381568,17.91706168269186,18.001661239891497,27495600
18.058059692382812,18.288785360148655,18.058059692382812,18.07344169694894,35452800
18.229822158813477,18.30160387145052,18.101642205571604,18.122151056766654,31672800
18.37082290649414,18.44773147139409,18.093952659617862,18.18111491748641,26457000
18.14522933959961,18.427226515037827,18.14522933959961,18.352882085195887,56650800
18.391328811645508,18.432346510763466,18.145221150029123,18.145221150029123,26706900
18.78099822998047,18.78099822998047,18.332366198562323,18.33493035502224,31701600
18.898935317993164,18.980970768808678,18.71179139572919,18.83484457195246,27426000
18.81175994873047,19.004030601355637,18.778434717664044,18.90661319686927,21448800
18.796377182006836,18.87072157127337,18.765613177119445,18.839959033294473,20040000
18.842824935913086,18.93571093766668,18.793803449745617,18.912489068135052,17233800
18.829917907714844,18.897001311735387,18.78605488703941,18.85829821220639,15446100
18.989891052246094,19.067295796349214,18.79380070707391,18.82218249579081,24460200
19.00279426574707,19.144703229262216,18.97441247304404,19.064717774451978,15978300
18.891845703125,19.09309743749966,18.86862383810663,19.05955425146003,19059600
18.706083297729492,18.96409724194245,18.688021347228233,18.83766949392668,51585300
18.641569137573242,18.76541760529588,18.57964564189822,18.651890458372044,17313000
18.69317626953125,18.801543514420196,18.626092839152047,18.685435646583976,17258400
18.832502365112305,18.933127499114637,18.76799964192082,18.786060109139896,18960900
18.868623733520508,18.956348318038174,18.796378915889996,18.80154031455833,16520100
19.16533851623535,19.16791773890666,18.909903936683897,18.925385178201548,21971400
19.312406539916992,19.37948994848885,19.124055379756513,19.129215301253026,31316100
19.291772842407227,19.374339006480614,19.20404823081891,19.333056662630458,19927200
19.294342041015625,19.34078575744136,19.155015320854993,19.17307578188354,17910900
19.307252883911133,19.343375301615957,19.191146483634824,19.309833583880398,22104900
19.462051391601562,19.591058265995223,19.32530389805218,19.351104977656483,25246200
19.614282608032227,19.622023228168462,19.459473158052177,19.493014861060978,19928400
19.609128952026367,19.784579632846707,19.53688559618711,19.68911440743077,22361700
19.66073226928711,19.758778192836473,19.598808761209547,19.598808761209547,22524600
19.70975112915039,19.714911051323107,19.462057148389185,19.493018157798044,17640900
19.941959381103516,19.98324317831623,19.565258572527338,19.634922673492152,24225300
20.15612030029297,20.24384489440444,19.872302397400134,19.92906745435148,26009700
19.96260643005371,20.223200953409506,19.96260643005371,20.19739838990212,25797000
20.070968627929688,20.220616678496143,19.936800341083263,19.960022201221772,21387300
20.2696475982666,20.344471652996614,20.01679364152848,20.029694187891632,19010400
20.246423721313477,20.455414603354967,20.236102400175334,20.23868309955303,25636500
20.30060386657715,20.34704611452012,20.13289386252941,20.1844975085335,20563200
20.256746292114258,20.401234472884145,20.1535404487072,20.261906215191402,21745800
19.908422470092773,20.396071294178686,19.7665150116992,20.321245777826007,42656700
20.19998550415039,20.238688623516282,19.970351917156247,19.996153012484815,23521500
20.11741828918457,20.238686079456603,19.996150498912538,20.1999829649558,15464700
20.406394958496094,20.439938150354294,20.138059758240647,20.153541004271684,19960800
20.132896423339844,20.512178028590576,20.10451463588343,20.44251390962895,24250800
20.292869567871094,20.339311830282625,20.09419701905224,20.171601773986723,17187300
20.393489837646484,20.42187162354589,20.272223549142243,20.27480277198693,17770800
20.225786209106445,20.447680644317728,20.163862695689232,20.40381760200732,18470400
20.05290985107422,20.20255791422026,19.962604578107488,20.197396516174063,23897400
20.14063262939453,20.29544060041254,20.04516744326517,20.086449765719614,18780900
20.243846893310547,20.251587516551286,20.073556134760096,20.101937927851836,13558800
20.447673797607422,20.470894184630613,20.357367043192706,20.36252844152899,16812300
20.339305877685547,20.42445123083173,20.32382463595488,20.408969989101063,14417100
20.339305877685547,20.419289832673194,20.32382463595488,20.408969989101063,19713300
20.310752868652344,20.41717388747181,20.188759237627917,20.391218048569197,24025500
20.34969139099121,20.49504619158427,20.219910690340104,20.326330241078285,19550400
20.476869583129883,20.482060452720045,20.31853543619747,20.367853895599733,17493600
20.375646591186523,20.489853179967472,20.22509944951797,20.45351411230763,23141700
20.448322296142578,20.46908726452732,20.16020743153696,20.24067261229515,30041100
20.728654861450195,20.75461070657139,20.414584085708398,20.453517853390192,24003300
20.375646591186523,20.469088210622957,20.074553793077182,20.271820259236186,36385800
20.21211814880371,20.39900284164741,20.090123046041324,20.32373002601658,32007900
20.090124130249023,20.21990628787065,20.079742389366746,20.214713932201917,16747800
20.087533950805664,20.292587488963157,20.05119487909803,20.14723268736055,22452900
19.99408721923828,20.193949849637583,19.921409088968904,20.035617155041454,27093900
19.812395095825195,19.97072928937095,19.79163161135181,19.942177270378366,24144600
20.066770553588867,20.092726398890278,19.765677698317155,19.809803823511988,22768800
20.069360733032227,20.256245450579225,20.001874956336074,20.121273897186917,18177600
19.786434173583984,19.99927468705376,19.74230806734075,19.99927468705376,17646900
19.63070297241211,19.866904709265672,19.62551210083557,19.853928272938287,18684000
19.425647735595703,19.630701254590605,19.4204568644734,19.560620781370062,29237100
19.64628028869629,19.674832314883428,19.373739435732983,19.482756668055202,25321500
19.711172103881836,19.825378727525006,19.58917842870396,19.66704597359458,28032000
19.532072067260742,19.71376745337897,19.485351245246427,19.654067222534092,20335800
19.63070297241211,19.65925647915287,19.425649435473616,19.537261343122744,28275300
19.812395095825195,19.95255901261506,19.776057512768986,19.825373016234956,25041600
19.66185760498047,19.895463239859172,19.638496447401234,19.799425400747445,20194500
19.532072067260742,19.682619248550658,19.464587755665093,19.576198195691465,18019200
19.425647735595703,19.651467709535385,19.37633074686437,19.589172800384404,14193300
19.467182159423828,19.552838236198298,19.352974057057875,19.410078108240853,21718500
19.433433532714844,19.537258374609944,19.415263257115893,19.42564648391925,19054500
19.45420265197754,19.5839833607304,19.33999455891085,19.467180574330023,19441800
19.656660079956055,19.695593844184643,19.41526598900951,19.46717915987553,20219100
19.32701301574707,19.716356554292265,19.295866304981875,19.659254003684786,24987300
18.955842971801758,19.378930989401443,18.95065209959077,19.337399556029236,27209100
19.080427169799805,19.25952631774538,19.012942880571256,19.083023347751066,43693500
19.259523391723633,19.41266519257335,18.92209160025191,18.96102683746727,29091900
19.30365753173828,19.402291526758923,19.166088283299995,19.2777002010505,21653400
19.469776153564453,19.51390227975311,19.347782489717808,19.368547463472222,16435200
19.534664154052734,19.75529326476196,19.529473282744757,19.591768194124015,21263400
19.334800720214844,19.638488215302537,19.32441897801707,19.49572960610258,43644900
19.360759735107422,19.539857441817976,19.23357520358017,19.464586085474032,20093100
19.39190673828125,19.643682577635786,19.262126036189233,19.28808187956205,20179200
19.40488624572754,19.498329368824923,19.23097940750779,19.31403930127077,6949200
19.521684646606445,19.53466256643557,19.31403495888499,19.506110548720407,16331700
19.911035537719727,19.92660964135899,19.643687022977627,19.643687022977627,20140200
19.99408721923828,20.100508236694278,19.918814396248493,19.975918429284768,15819300
19.92660903930664,20.11608851535586,19.84354913604446,19.97592604252209,15432900
20.149824142456055,20.18097233525484,20.071955145686665,20.103103338485454,14042100
20.149824142456055,20.160205883237264,20.071955145686665,20.144633272065448,13373100
19.99408721923828,20.06416917155959,19.90843265491153,20.06416917155959,14661600
20.082338333129883,20.103103299880004,19.960343225205687,19.98110819195581,14122800
20.038219451904297,20.191361322595686,20.009667426667452,20.147235195369994,16053900
20.074556350708008,20.129064216528548,19.988900284288327,20.043408150108867,12449700
20.266632080078125,20.28999323065401,20.074556459436284,20.10310848173082,20477700
20.21211814880371,20.310750622772805,20.17577908722167,20.217309018964713,12474600
20.388628005981445,20.409392980397715,20.193956185175384,20.235487619236054,15758700
20.305561065673828,20.424958504502104,20.173184223711825,20.422363812057363,14790000
20.248458862304688,20.365263113002857,20.149826373054204,20.258842089462906,17760600
20.245866775512695,20.25365382557678,20.012261214501798,20.22769798218178,16047300
20.243274688720703,20.310758999099853,20.18876533125377,20.201743254622237,10395000
20.217317581176758,20.339312735605166,20.16540588712665,20.300377479839444,13601100
20.230295181274414,20.370459129333977,20.175787309301942,20.225104308998016,18122400
20.30297088623047,20.41977366712175,20.274418864310476,20.354882573191954,15506100
20.44053840637207,20.44053840637207,20.24586661202567,20.310756219989187,18371700
20.445728302001953,20.5054270355243,20.3574775482474,20.406794539082316,11718300
20.21211814880371,20.393811971486407,20.131652977784366,20.39121579379215,20102700
20.20428466796875,20.272180233626887,20.008430810361823,20.149444332671877,17459100
20.17295265197754,20.340081161811487,20.089388397060564,20.240848235535893,13424100
20.08155059814453,20.19122829024651,20.047602812219942,20.162504390038386,17293800
20.12856101989746,20.2095148355605,19.97449071369372,19.992769836328893,17361000
20.07111358642578,20.172956983631718,19.903985040705024,20.152065915416625,19143000
19.950984954833984,20.165117980935836,19.906590884805123,20.05805072076155,20460300
19.43132209777832,19.606284969901704,19.332089156410376,19.444378827814056,39664500
19.35297966003418,19.45482304789686,19.245913879158604,19.35559160366409,21763500
19.214570999145508,19.30596957466129,19.11795003212078,19.292912848765678,16094700
19.123172760009766,19.225017614581404,19.11533842548529,19.20673700260879,19989300
19.206737518310547,19.358197338526352,19.04483142036612,19.104894155250932,24233700
19.18323516845703,19.332083039162065,19.12578437908137,19.274632249786404,11842200
19.17801284790039,19.25896515281188,19.070945594802655,19.232851698872253,16422300
19.070951461791992,19.25897107764359,19.070951461791992,19.230247166021346,16044600
19.026552200317383,19.091837326593815,18.935153621229002,18.979547686406562,17362800
18.901206970214844,19.02655334434489,18.872481572695875,18.974324941334046,16825800
18.914264678955078,19.031776724019412,18.862037767480583,18.893373615515937,12264600
19.057889938354492,19.081391448678986,18.953433136425197,18.96910180613925,18198600
18.97954750061035,19.214571562110297,18.94298777048358,19.188458109553977,21471000
19.039613723754883,19.094452586175255,18.919489718609487,18.98477486133451,14002500
18.97693634033203,19.188458900953844,18.963879613515367,19.021330406905975,14041500
18.9560489654541,19.104898369758597,18.851593636358025,18.984774367736385,17370600
19.196290969848633,19.232850700013348,18.984769911977747,19.023940090852882,16569000
19.313800811767578,19.379085925022615,19.211955975319878,19.23545897471079,20535900
19.33730697631836,19.3869249295147,19.235463609577323,19.32425174361715,16007400
19.300745010375977,19.460039140315047,19.264185285436067,19.371252517672115,15785400
19.418262481689453,19.42870726646689,19.319029555070074,19.35819973935558,12061200
19.527931213378906,19.63499842647104,19.504429711313215,19.55926854179458,12601800
19.62456703186035,19.708132806247484,19.53055796382652,19.54361469581749,12875400
19.956205368041992,19.984930764124094,19.559275203151582,19.627170778847507,20645100
19.901363372802734,19.984927604832677,19.747291633216733,19.97709327129908,21328500
19.80213165283203,19.9640377355924,19.80213165283203,19.93008995108959,26542800
19.956205368041992,19.95881731104821,19.637617056625803,19.687232019771358,16814100
19.781248092651367,20.037164786184498,19.765579418711177,19.950988573760444,20624400
19.493988037109375,19.83085692583885,19.209347543315054,19.823022591886257,44916900
19.486162185668945,19.58017273977735,19.38170684457464,19.527944322106666,15234300
19.418262481689453,19.44437593787979,19.34253256218943,19.423484874078174,12643800
19.313800811767578,19.48092926722406,19.25635003164285,19.39736503949582,20257500
19.217182159423828,19.295522511607174,19.14667464706167,19.290300120310906,17026500
19.251136779785156,19.251136779785156,19.073561964441993,19.164960568688876,22128300
19.104894638061523,19.201515611821872,19.05005578777844,19.201515611821872,21538800
19.01088523864746,19.162345071658024,19.008273295433018,19.065724092177263,17243100
18.768030166625977,18.91165568986323,18.67401961934113,18.91165568986323,20659200
19.036998748779297,19.11273015974996,18.749746258475255,18.762804480338495,27672600
19.063108444213867,19.15189656528948,18.950820310008734,19.01871587792246,19402200
19.53055191040039,19.551442973960263,19.13362020851609,19.188460557826645,23040600
19.538381576538086,19.540992024954992,19.27985453998921,19.483542734580197,19587600
19.50182342529297,19.50965775966907,19.258963542373255,19.413036792774623,17712000
19.42087745666504,19.682015047826276,19.321644514555096,19.436544636276885,26979900
19.7420711517334,19.7472935431788,19.473097819967908,19.535771000052126,17743500
19.789079666137695,19.877866315655005,18.72102344581535,19.713349744998215,19185300
19.770797729492188,19.828247027323325,19.710734994412196,19.79429923952647,20365500
19.62456703186035,19.799529930184242,19.53839230187054,19.773416466202313,16092300
19.930091857910156,19.974485923409325,19.640227449159326,19.697678241159057,20845500
19.820411682128906,19.93792520329583,19.796910173292716,19.89353113999959,17610300
19.956205368041992,19.97970687811166,19.799521661093543,19.85436051025153,17592900
19.867422103881836,20.04499540803994,19.789080237107697,19.943152027206338,19376400
20.144229888916016,20.162510505975767,19.85958929513399,19.888314698301937,21097200
20.12333106994629,20.272180421495968,20.04237728468396,20.17294752046285,22312800
20.08417320251465,20.2460778837551,19.99277457916266,20.17818227586412,13938000
20.042375564575195,20.146832341931997,20.00320539375107,20.076324839051587,13837200
20.125944137573242,20.2121188244483,20.00059778007639,20.099830686656343,15348300
20.19384002685547,20.277404266507585,20.159892241277603,20.165114632694245,14112300
20.217344284057617,20.266960741210504,20.034547124914685,20.058048634871035,15256500
20.41058921813965,20.44192506742301,20.186009903662892,20.274796553253662,14487600
20.24085235595703,20.42626151820194,20.170346308983852,20.4184271809278,25042800
20.35835838317871,20.35835838317871,20.05282531959841,20.235622470322625,17381400
20.632553100585938,20.64822176970167,20.3139647978808,20.332243915684806,22351500
20.554214477539062,20.622110057106497,20.43408900034849,20.590772716231278,15798300
20.60382652282715,20.627329525151907,20.460201048833042,20.478480165588003,24860100
20.65083885192871,20.76835091104843,20.28524445089234,20.303525067492302,27906300
20.687397003173828,20.705676124124007,20.56466106630415,20.61166558749517,17733300
20.687397003173828,20.71351046003031,20.606443194973235,20.690007452311402,17888100
20.695226669311523,20.72134012027564,20.598604211100675,20.70828190054713,13365000
20.60382652282715,20.731784822851196,20.496760776589404,20.71089376331134,13533900
20.593387603759766,20.682174258522878,20.512433791088714,20.562051752650905,11523000
20.841463088989258,20.85713175763964,20.564656915982784,20.59599425328355,14436300
21.003368377685547,21.039928105060387,20.86757723921676,20.906747415102814,17011200
21.06865692138672,21.06865692138672,20.919807539192924,21.005983733238807,16613400
21.133943557739258,21.15222267857495,20.990316557434603,21.03471062921,14439900
21.154834747314453,21.24362289766289,21.10521977349807,21.19661837316759,10341600
21.18094825744629,21.225340835349673,20.987706285492425,21.123497456839424,18535200
21.207069396972656,21.23840675201862,21.073888626521978,21.207069396972656,22519200
21.070478439331055,21.372535811244386,20.989054892453666,21.18079460037654,22923600
20.865602493286133,20.952280327473915,20.71588814707338,20.939147595556644,19350000
20.996932983398438,21.07310373088426,20.918135088330576,20.936520612570312,15264300
20.999563217163086,21.125639275645685,20.933899542710797,21.075735484240013,13474800
20.77104949951172,20.960163574259095,20.76316955852911,20.939150899287164,18857100
20.7736759185791,20.939151679489424,20.763170332174226,20.776303066652883,17996400
20.61870765686035,20.818327314476214,20.592440686350468,20.778929113128953,17074800
20.508390426635742,20.689624561423365,20.46899222444542,20.67911897535064,14943600
20.41908073425293,20.61870183848289,20.382308188271946,20.55303518221113,18440700
20.290382385253906,20.45848377479819,20.282502444750897,20.419085575228113,17296200
20.471622467041016,20.482129558418514,20.174817801126114,20.298268234348303,31901100
20.28775978088379,20.442726957517806,20.2772526909901,20.40070160383345,17866200
20.337663650512695,20.455859770330495,20.290385503174615,20.298265444888496,28706400
20.453227996826172,20.484747754237695,20.32189918114926,20.416455447494315,13475700
20.490001678466797,20.550414053627033,20.390192607364796,20.47424330067908,6284700
20.589811325073242,20.62395672982602,20.479495170803524,20.5031349908377,8334600
20.61082649230957,20.731648237112516,20.566173997744382,20.644971898705617,9150000
20.652851104736328,20.71851627513854,20.600320170770562,20.647598311928753,9259500
20.668609619140625,20.71588926011688,20.5793061355381,20.660729678977916,11577300
20.726390838623047,20.873479519689905,20.618701850753766,20.676485562535856,20634000
20.65810775756836,20.78418381700542,20.623960843060456,20.700133110714045,14872200
20.54253387451172,20.726395139736084,20.43221771655507,20.71326240692648,21840600
20.605567932128906,20.710631277351172,20.46635918757749,20.532024341945643,15036900
20.442724227905273,20.621332708687714,20.382313353654816,20.61870706377378,17865600
20.51102066040039,20.592444225021502,20.35342482203948,20.589817076635544,17748900
20.497880935668945,20.67648940448152,20.366552107478608,20.5687988936574,15543900
20.35342025756836,20.479496298805074,20.287756592098173,20.38231287155323,18473700
20.476869583129883,20.487375167877744,20.3245265807268,20.34553925316741,12264600
20.3980712890625,20.513640233765955,20.374431469422206,20.476869184918634,14977200
20.16167640686035,20.348164799434755,20.05398740841786,20.327152128647835,21604500
20.011966705322266,20.17744096251947,19.969939851062453,20.15380264174565,34322100
19.920032501220703,20.064494056941488,19.662626143214613,20.027723008321914,26913300
19.791336059570312,19.98307731955128,19.707285343350495,19.98307731955128,17561100
19.688888549804688,19.730913883874116,19.560185400612884,19.657368797780368,18018900
19.547056198120117,19.73091744358087,19.49715091704107,19.62847973396528,27998400
19.47614288330078,19.53392811756567,19.392092179986445,19.470888587134787,27266100
19.612720489501953,19.804461680592482,19.463006144366922,19.50502998443278,18070200
19.463010787963867,19.796586464093224,19.45513084640122,19.775573787574558,25301100
19.633739471435547,19.723042971463734,19.531301733423778,19.578579880151032,20198700
19.615346908569336,19.749302872309116,19.342182189144722,19.415725785209737,31634400
19.08477783203125,19.568069309009893,19.053259574135534,19.486645765079793,31292100
19.103168487548828,19.200351930352788,18.990225161332006,19.08740860413597,23266500
19.139942169189453,19.21611293955385,18.98234633171841,18.98234633171841,14322900
19.12680435180664,19.229242077881125,19.04275515794439,19.166204055275678,22059300
19.371074676513672,19.384208911729267,19.042753363855812,19.187214921778654,21862800
19.373701095581055,19.373701095581055,19.163574381261714,19.3290501081287,18612300
19.646862030029297,19.65999626221451,19.3500590427118,19.410469897807868,19533600
19.688888549804688,19.746672256941775,19.494520252525216,19.494520252525216,16019400
19.793960571289062,19.82810598233666,19.583832305785496,19.615352071641837,15750600
19.906902313232422,19.959434755139153,19.725668169102736,19.804466080490254,14726700
19.78607749938965,19.87012819111501,19.662627106577446,19.82810284525233,17981400
19.659997940063477,19.783446807817093,19.544427508171022,19.702021775453417,24390900
19.31066131591797,19.436738835928466,19.124174437612357,19.18721244614527,39237300
19.205604553222656,19.27914967319917,19.12680663980359,19.22399158468938,26913000
19.266010284423828,19.38945915388817,19.210850712018722,19.237117676050328,21964500
19.266010284423828,19.368446484429686,19.197717981475254,19.2213577982203,28448100
19.641613006591797,19.72566369221049,19.381581010090873,19.42098070831514,27066600
19.583831787109375,19.641617021018792,19.46038288098028,19.641617021018792,16344600
19.620601654052734,19.749304838661885,19.48927282468202,19.562817931014365,22333800
19.46826171875,19.612723292390154,19.392090961525554,19.565445150482745,16042800
19.733549118041992,19.828106917123737,19.610100202823418,19.638991318960244,22631400
19.646862030029297,19.78607226645854,19.589078321959175,19.783445119432592,16574400
19.667879104614258,19.728291476192155,19.570695684100524,19.66262631232983,15319800
19.715465545654297,19.815920061366285,19.65730750891142,19.815920061366285,15163800
19.67581558227539,19.72075616739933,19.575361046493466,19.69960792368954,14481000
19.805347442626953,19.81856490473109,19.615013265572532,19.752477594210404,27016800
19.966594696044922,20.024752716399853,19.778904690747883,19.78683546740001,25882800
19.80799102783203,20.138432109814367,19.802702833013875,20.014186759135434,17473500
19.636152267456055,19.844990490656787,19.633508171222804,19.739249330939796,19857000
19.741901397705078,19.78684197596929,19.56478469459048,19.641446877256534,17341200
19.765687942504883,19.823847482036772,19.681096511538097,19.736610441700662,11831400
19.6625919342041,19.85557016459561,19.567424111124065,19.710175089423505,17283300
19.926942825317383,20.006249081187153,19.525126378255834,19.56742133372656,25912500
20.117290496826172,20.360494596139702,19.94546041201752,20.061776534076802,51480600
20.291748046875,20.302322919474175,20.119919602746368,20.14635451528294,21838500
20.320831298828125,20.392206787693212,20.133141262930426,20.32347539569025,22146600
20.15164566040039,20.495304137445327,20.15164566040039,20.37634549203136,23183400
20.127851486206055,20.307612242662145,20.101416570228753,20.191296192136246,16789800
20.093488693237305,20.24945714024192,20.03004397814939,20.159577505361042,17613300
20.204519271850586,20.297041496587806,20.09613397660329,20.18337103223951,14086800
20.294401168823242,20.42129062060011,20.23359902777917,20.291757071337297,17310000
20.40278434753418,20.405426932102845,20.18072707377074,20.244171793040092,18234300
20.4768009185791,20.500593253789077,20.35519968343828,20.408069522605366,18121500
20.437145233154297,20.593113653692804,20.421283678913518,20.508520714596735,20280600
20.437145233154297,20.54553050361153,20.378987209365484,20.41599699838028,23027100
20.667137145996094,20.70150284744771,20.30233037851118,20.378992560617323,22496100
20.611623764038086,20.67771258409633,20.42922037534147,20.672425902031293,20633400
20.326122283935547,20.656564880175342,20.262677559581284,20.606337617648027,22798800
20.223026275634766,20.41600455663095,20.167512327881173,20.297044368425677,23937000
20.455659866333008,20.500600455525436,20.29969136577322,20.339345271720024,16127700
20.323474884033203,20.43714684398315,20.207158827287703,20.363127260119434,20785800
20.41335105895996,20.47943985390294,20.363123816825848,20.437143388173258,15110400
20.52967643737793,20.55346877741713,20.376350544861324,20.376350544861324,20894100
20.513816833496094,20.548182541735333,20.40278892800906,20.463589563718205,13785300
20.50324249267578,20.57461800882997,20.45830341732664,20.49266912646721,19396500
20.630125045776367,20.693569759680294,20.505879714954997,20.571968525845406,17418600
20.70150375366211,20.74380174880971,20.540248603187923,20.664495465950452,13042500
20.783451080322266,20.825747556613948,20.624838537907806,20.701500712106316,16177800
21.08481216430664,21.145614291690784,20.838964095801884,20.84689487383639,28796100
21.061023712158203,21.11389355481432,21.034587278188727,21.105962775887622,14087100
21.07159423828125,21.129752267484964,21.018722890102996,21.039872639487267,18335100
21.06895637512207,21.076887154757962,20.926205366959145,21.076887154757962,15294000
20.91562843322754,21.084814348446056,20.88654941496918,21.04251786964143,16860000
20.783451080322266,20.87068812991435,20.75437206379157,20.84689579475979,13773000
20.622196197509766,20.722650715419608,20.611622833856853,20.706790669940244,16916700
20.736574172973633,20.77381158338802,20.622196908392965,20.707315120500564,18258600
20.930744171142578,20.967983100894944,20.747211511514553,20.747211511514553,14461800
21.066402435302734,21.087681609695885,20.88552869195767,20.88552869195767,14689200
21.053098678588867,21.074377848471123,20.920104247326343,20.99990151488637,17999400
21.05044174194336,21.11162031686895,21.010543862475267,21.058421622238285,13091100
20.944049835205078,21.026506071175444,20.765835024546448,21.026506071175444,16824900
20.436012268066406,20.598265823721455,20.281738595083837,20.28971695574932,39107400
20.48387336730957,20.58228930347684,20.388116375197292,20.48121442325457,21731400
20.377479553222656,20.515793361830017,20.348220511708195,20.510473951192637,18393900
20.132776260375977,20.313649990719576,20.087557447288454,20.31098952335919,22310100
20.124794006347656,20.20459127567465,20.021058621626985,20.19927186358787,17112300
20.052976608276367,20.193952443568087,20.0130787346317,20.159372460001794,15731100
20.111499786376953,20.14873872438711,20.063622021510586,20.098200491803336,11110800
20.106176376342773,20.164694478440122,20.02637910275606,20.13809589458002,16112400
20.090211868286133,20.199268167142716,20.03967365769435,20.050314001927063,15110700
20.20991325378418,20.265770888596712,20.100856929336707,20.127455513150977,12010500
20.420040130615234,20.430678953061353,20.21788728407829,20.231186573138974,17894400
20.417383193969727,20.510479755496075,20.340246390877915,20.369505440672455,13171200
20.404085159301758,20.47324360944212,20.31098859204157,20.412065039010507,21640800
20.51580047607422,20.56101928718721,20.356207447569503,20.374826152259683,18599700
20.56633949279785,20.598259012933614,20.446644336301734,20.494522094498883,14087400
20.537078857421875,20.638153771223788,20.499839930228397,20.603575310974943,12566700
20.48387336730957,20.68336570570487,20.4014171834953,20.499833119662576,16642800
20.380151748657227,20.465268455865026,20.350891168296915,20.43068846180592,10097100
20.257787704467773,20.41206129183211,20.228528658242443,20.36152307762528,13389900
20.143413543701172,20.265769149556238,20.103514149397203,20.228530222207954,16009800
20.023717880249023,20.15139290436915,19.98116106088199,20.12745478860059,14944500
20.039676666259766,20.076915593655887,19.954559987643645,19.97849962425678,11540700
19.946590423583984,20.06096467913708,19.927970190674667,20.026386203457267,19632600
20.135433197021484,20.20459011619991,19.927960917479968,19.959878910175306,20222100
20.18065071105957,20.289705494631608,20.1620304880062,20.183309655777098,15765900
20.130111694335938,20.26044564047968,19.981157525881603,20.257786695868223,33992100
20.159372329711914,20.199271725105028,20.029038363444563,20.09819528611755,12802200
20.207242965698242,20.271080449030745,20.130106196922178,20.223201195027123,16956900
20.114152908325195,20.17267100068344,20.023715303042035,20.151390310729397,12954600
19.925294876098633,20.111487934416726,19.869437263004365,20.087548305088124,20766300
20.039676666259766,20.050317012089916,19.86146343015648,19.896041890593494,41882400
19.96786117553711,20.13277513652559,19.933282711814858,20.055638329451885,19961400
20.023717880249023,20.060956809452314,19.882745086706855,20.02105893516715,19813500
20.114152908325195,20.18862923513975,20.015735424810806,20.018395891556597,13100400
20.148738861083984,20.228536151073776,20.08756027922223,20.111499922821185,8622000
20.233848571777344,20.271087497170477,20.09553321546265,20.13277214085578,15084000
20.38812828063965,20.475905447832016,20.223214294705496,20.239174056378044,23881500
20.537078857421875,20.568996850726094,20.380144791826616,20.420042663958455,18720300
20.49717903137207,20.632833924570605,20.457281160080946,20.457281160080946,16117500
20.433340072631836,20.473239463094956,20.36418315850392,20.4466393621175,13642500
20.361520767211914,20.547713846424323,20.342902068093064,20.51579433707089,14468700
20.43866539001465,20.46260503121016,20.364189042972885,20.364189042972885,13970700
20.443986892700195,20.4945235999499,20.401428544064,20.454625718855944,11172600
20.377479553222656,20.494514197274587,20.332260757790145,20.36949967626363,13890900
20.50516700744629,20.507827475385465,20.350891829117547,20.380152410427986,14739900
20.420040130615234,20.45727905318879,20.342903340859635,20.41737966400067,10372800
20.385469436645508,20.45196590726817,20.321631911643756,20.43866661314364,13149600
20.47856330871582,20.49718201362604,20.372167447786445,20.38280627287616,11982900
20.308326721191406,20.425361388711398,20.265768383546643,20.396102341329847,21684900
20.207242965698242,20.310978305361434,20.1620241775856,20.26576103925445,11845200
20.138093948364258,20.19661052279996,20.04499739184467,20.063616094346088,16529700
20.066280364990234,20.217893524684925,19.989142029418463,20.00510179001997,18880500
19.890724182128906,20.193953517172186,19.861465131098075,20.183313170430793,29931600
19.5715389251709,19.74975219761791,19.56089857717082,19.680595262640438,28894800
19.560894012451172,19.651331622324328,19.47577885834588,19.502377439129173,24671700
19.560894012451172,19.58483364835987,19.433218998283895,19.518335674395413,16206300
19.50769805908203,19.555575811858482,19.356083399615894,19.499718179951568,31739700
19.866470336914062,19.89056615306974,19.593373185573846,19.59605117938362,23804400
19.799545288085938,20.029803858686986,19.748674101648458,19.903965656259583,21147000
19.992307662963867,20.00837256110837,19.772759672443364,19.828985283916115,14988900
19.909313201904297,19.973571278455626,19.818279777764868,19.89057030538929,14164200
19.8718318939209,19.930735522521218,19.815606260087364,19.895929250721107,11784600
19.82095718383789,19.92269951836608,19.68173058942563,19.88521525848201,19857300
19.917346954345703,19.92805586845393,19.70850780890031,19.78347480375839,18408900
19.786151885986328,19.986958570574846,19.676378627287775,19.986958570574846,20828100
19.944124221801758,19.99499540269983,19.8263169540307,19.853092308000146,12047100
20.048540115356445,20.06460501898258,19.85041141074589,20.02979874914831,15143700
20.069955825805664,20.09405164298938,19.949470611754542,20.035148032925832,14694900
20.22791862487793,20.324306472530797,20.080661158001256,20.096726054615544,15781800
20.276119232177734,20.401957384304712,20.25202188022364,20.289506139252236,12413400
20.26540184020996,20.353757235052953,20.21720868485596,20.329659891359558,10180800
20.219894409179688,20.38857282824206,20.198476581017434,20.302895387459106,12668700
20.308244705200195,20.310922699059514,20.19847146949769,20.217212830413626,9601200
20.321636199951172,20.33234664577424,20.206508482562217,20.206508482562217,8771100
20.21453857421875,20.31627937147745,20.158311421269726,20.281473107674042,15241500
20.281476974487305,20.332348148832253,20.19044507241224,20.193121535040778,13597200
20.35108757019043,20.436765006785727,20.316281303077766,20.33502419985387,14128200
20.498336791992188,20.509045700414493,20.37785314606151,20.391240047605734,15846900
20.752700805664062,20.811604425958226,20.476927132883922,20.48763604637373,23525400
20.490312576293945,20.701828156917728,20.463538762449577,20.65095699139345,17816700
20.546539306640625,20.616153371238187,20.393925801834488,20.49834613271414,16896000
20.484956741333008,20.63757023904893,20.44747401448346,20.559925259098716,20091300
20.375186920166016,20.46621882245974,20.372508925497485,20.442122998577215,14859900
20.286828994750977,20.361797515948272,20.257377185140136,20.34037815732524,16956900
20.29754066467285,20.318960024588158,20.243991498867853,20.289508213200428,11245500
20.434085845947266,20.50102037692728,20.241311639065042,20.25202055120856,12328500
20.412662506103516,20.474242568994445,20.351080911179675,20.444790768297462,12717000
20.407312393188477,20.503698732311577,20.324311428464057,20.431408211952633,14255100
20.573312759399414,20.634894371918513,20.450151066394564,20.46889396239314,39970500
20.43140411376953,20.57866311904951,20.415340748493204,20.55992022817773,13352100
20.241315841674805,20.407316270630915,20.23328338988282,20.34841111347852,20124000
20.637569427490234,20.69915103581183,20.268085905693628,20.27611835599789,25303800
20.380538940429688,20.62953879365373,20.380538940429688,20.59741052164097,14890500
20.479604721069336,20.501022547624142,20.310926314666567,20.415346645304798,11258700
20.369827270507812,20.415343976069057,20.254698041644925,20.364471282536016,14877900
20.4742488861084,20.5411849567115,20.286829114046427,20.359119641328427,16922100
20.380538940429688,20.57866915730298,20.32431331538233,20.484957739512872,19574700
20.409992218017578,20.592057545961968,20.337701685748,20.404637760969255,14763600
20.701828002929688,20.744668249608626,20.490312423879235,20.50102133652401,17459100
20.70986557006836,20.86247910321113,20.613479204318782,20.629542577254604,16289100
20.69647979736328,20.800900153369934,20.54118979288037,20.624189253061367,21179700
20.948152542114258,21.015088611979788,20.56528055117414,20.725926506038068,24321300
20.846406936645508,21.106117192395104,20.792859314778116,20.913342996012872,21218100
20.96154022216797,21.250702338766065,20.865153871324218,20.865153871324218,30234000
20.76608657836914,21.03918377386473,20.736636301865357,20.891926263212525,24603600
20.8785400390625,21.05257136970211,20.79553906718819,20.838377784273845,23703300
20.134218215942383,20.80089636712745,19.909314171048173,20.771444555770262,63173100
19.764734268188477,19.831670346293507,19.440765856288454,19.60676628820611,43039800
19.83970069885254,19.946795961234404,19.553215050254153,19.86112005773559,34386900
20.118154525756836,20.13957388694111,19.791508118671494,19.850411744936636,21122100
20.3537654876709,20.401958662565256,20.083344738909787,20.128861451441544,24899100
20.3564395904541,20.525117981082424,20.351085134316136,20.47424681768869,17782800
20.41534996032715,20.522445238624687,20.28951025066702,20.447478237409687,19101300
20.450151443481445,20.482281247480966,20.21454003030739,20.38321690520474,13438800
20.506378173828125,20.61079697058729,20.431409654077946,20.436764110622004,12322200
20.442119598388672,20.56260329386163,20.34840818498011,20.517086584268895,14938800
20.45282745361328,20.519763517429624,20.340376214591068,20.495666166767766,17279100
20.46889877319336,20.509059504857813,20.343060588351104,20.39393023564593,14617200
20.420690536499023,20.723239417232353,20.35107803488996,20.586690875132916,22712100
20.42337989807129,20.450153716357672,20.238638100641555,20.442122796498595,20683200
20.68576431274414,20.715217654324483,20.423377553189336,20.47960470998207,20714700
20.80357551574707,20.945480133890793,20.696478702453284,20.849092235909552,17021400
20.833023071289062,20.932087411826444,20.66166820505503,20.924054960967556,13865700
21.09005355834961,21.173054522070203,20.779473656005553,20.841053731254263,28496400
21.269445419311523,21.45418721669182,20.99634818316954,21.044542894512396,37921500
21.154314041137695,21.264088829922404,21.111475323372943,21.258734373210157,16807200
21.205183029174805,21.26944109921342,21.057925526515444,21.106118696036095,20373600
22.206533432006836,22.23866169169655,21.64962878773481,21.676404124847828,68437200
22.21190071105957,22.26277188930307,21.98164217754698,22.110158354572565,31909800
22.375221252441406,22.41538351185685,22.09676955930637,22.11015646843367,23980200
22.43411636352539,22.46892262045262,22.31363269507484,22.356469868803536,18289200
22.755413055419922,22.929445921026,22.468928938577122,22.479639384045733,36569400
22.6456298828125,22.835727580228106,22.501048880729158,22.70721147438354,23438100
22.664379119873047,22.87589469546745,22.64563622500102,22.849120882259705,19948800
22.86518096923828,22.92140657795079,22.69650261106782,22.7179219635313,23986500
22.744699478149414,22.89463342769859,22.594762464534075,22.891956965905297,20026500
22.752737045288086,22.787543312694396,22.618864900453445,22.73131615392513,11828400
23.438159942626953,23.58541748485893,22.99906224668079,23.074030781222138,23461800
23.084732055664062,23.312312514711568,22.958892385485377,23.21860417560165,27422700
23.1329288482666,23.21325182641314,23.007090690395952,23.098122581877558,20298900
22.869068145751953,23.154461212708068,22.79906674128363,23.140997982071845,19122900
22.82061004638672,22.83676469480637,22.52175675358353,22.650990859756597,20704200
22.64830780029297,22.836773119208807,22.484071381760423,22.83408170387406,19710300
22.677913665771484,22.796377481718316,22.575602956141093,22.656373109499054,18798000
22.49752426147461,22.6725293539317,22.25251774827149,22.521756233544554,19900800
22.34136962890625,22.699455643043056,22.31983060895372,22.597146453712703,20920800
22.570220947265625,22.750611967930194,22.38983146719325,22.400601747190738,24098400
22.564838409423828,22.88523077132836,22.486759650324146,22.486759650324146,21852300
22.599834442138672,22.804455870962656,22.36021230377206,22.685990508887297,18953100
22.33599090576172,22.820618206914748,22.330606534560435,22.513687480144988,22312200
22.677913665771484,22.685989448633745,22.33328787429144,22.422136891695505,19923000
23.138315200805664,23.141006615463677,22.691378605389577,22.831383007150404,25937700
22.92831039428711,23.246011341973052,22.92831039428711,23.224470780191727,36206400
23.256778717041016,23.262163086874114,22.96330976314218,22.97138708818794,13727400
23.332164764404297,23.445244227595538,23.251393059013925,23.34024208900255,16657800
23.270235061645508,23.44254718142455,23.259466324455254,23.415623797857045,7475400
23.399477005004883,23.461402656704394,23.15716339038628,23.202934390286583,9747900
23.3267822265625,23.442554661554087,23.262165161027127,23.27831981255906,10816800
23.367162704467773,23.458703138065324,23.28369959451,23.294468332301733,9796200
23.122159957885742,23.542171611811398,23.116775588115466,23.445245252985398,12454200
23.127546310424805,23.348322436447955,23.033312898701237,23.227164092380264,13505400
23.06023406982422,23.24062355025641,23.022540400646104,23.07908167470937,20937000
23.237937927246094,23.356403334018747,23.097933495659557,23.149088872166605,24615300
23.85447883605957,23.87601784869838,23.334849578426436,23.364465913378762,25495200
24.357959747314453,24.411806519133105,23.98102618221586,24.01871984684412,38140800
24.056411743164062,24.336418959509743,24.029488357509592,24.31757289767001,25567500
24.236804962158203,24.31488371703077,24.021414762305522,24.0591084324278,22117500
24.04564666748047,24.49258171602118,23.943335937700358,24.446810720963704,24646200
23.318700790405273,23.83294423461527,23.289082909379328,23.598708006535784,35862900
23.526010513305664,23.633705582152434,23.342928125970264,23.423699812753288,28238100
23.361778259277344,23.547553633452566,23.216391046424462,23.477552211642806,25226700
23.34024429321289,23.61217423780198,23.033312091861777,23.37524500938262,23559300
23.3267822265625,23.39947661786384,23.07639129018698,23.181394984552185,24521400
23.77371597290039,23.80064090413108,23.3860136015751,23.485632920003315,21371400
23.83025360107422,24.03218209418103,23.663327361411216,23.806023167880372,22697400
23.862565994262695,24.0052618192385,23.725254539518044,23.776409908194864,14000100
23.5664005279541,23.816792963544533,23.493706148665538,23.768329016957416,18061500
23.375244140625,23.75486917493204,23.361780905128747,23.698329440098252,17810400
23.617551803588867,23.617551803588867,23.227156586967467,23.442546732567166,19568400
22.879850387573242,23.520636720472897,22.85830982352693,23.36447764498825,30840600
23.076387405395508,23.11946544183379,22.59714463516765,22.828687925579334,20781600
23.205625534057617,23.29716599219627,23.06292970621409,23.1087007055796,24850500
23.3294677734375,23.434469893865547,23.15446423939076,23.184079037004917,26796900
23.49909782409668,23.52063838967167,23.305246599255064,23.453328358879446,15272400
23.512548446655273,23.69293633607406,23.36446676648674,23.493700847038316,16852800
23.130233764648438,23.474858027002856,23.057539391734057,23.4156253467627,16368600
23.501785278320312,23.534094578526805,23.267549014192163,23.321395793746678,17196300
23.24601173400879,23.456017579291366,23.13293071541519,23.32409049456167,17559300
23.124855041503906,23.337553857395136,22.94715848615351,23.305244552462817,20824800
23.103309631347656,23.197543023892194,22.971384114258925,23.111386955347704,16791000
23.14369773864746,23.146390693684545,22.87715219188474,23.001001933524492,15261600
23.232545852661133,23.23523880777072,23.025232986395803,23.143698361742945,18098100
22.486759185791016,22.83138351709368,22.451758469717124,22.75061334488883,55940400
22.696767807006836,22.718306830355413,22.225600708386395,22.27406466636505,41521200
22.77753448486328,22.847535910093878,22.67791671651386,22.72099321307781,20191200
22.769453048706055,22.836761506738057,22.59444797663914,22.755989816507803,15593100
22.50022315979004,22.80984680637487,22.486761463059278,22.785614827904038,20425200
22.56214714050293,22.57830179272204,22.419451307283097,22.575610377747143,17664300
22.59714698791504,22.659071094020383,22.454449629337915,22.540607251777057,17632200
22.6052303314209,22.61599907422262,22.400608812261428,22.59715300402327,18184500
22.44637680053711,22.5675336140148,22.392528471995654,22.524455567418624,19382400
22.233675003051758,22.40329575166353,22.13136427094844,22.40329575166353,18643200
22.50022315979004,22.580994880767047,22.335988302845337,22.387143674777693,17992500
22.236366271972656,22.37367770925748,22.179824999661847,22.2955974181685,17193000
22.31444549560547,22.438295241353956,22.22290350841318,22.23636674345312,14014500
22.096357345581055,22.212129740331925,22.096357345581055,22.15020411118137,18933300
21.855300903320312,22.2019951359513,21.81467170428045,22.161365936911437,18482700
22.18303871154785,22.242627182021995,21.879681198028656,21.887807039442926,15677400
22.18303871154785,22.277839678099102,22.017817402379727,22.19658281380216,14286600
22.559518814086914,22.5811887496542,22.329292409520395,22.332001538927607,19557300
22.378055572509766,22.483688410102534,22.275130315463006,22.475562568772972,14406000
22.35367774963379,22.470145557390623,21.982605933056103,22.204708126839048,30756900
22.080110549926758,22.329297821044094,22.03948289804365,22.299503589724917,21638700
22.54597282409668,22.61368554583092,22.13156445773475,22.164066254198215,37095900
22.56494140625,22.724745975369746,22.513478786546564,22.529730466420386,19517100
22.494522094726562,22.673287506373462,22.470146120298917,22.532442171425522,16077300
22.025941848754883,22.54869239781307,22.023232718506453,22.505355612912258,19937700
22.180326461791992,22.294085117952907,21.84446565331778,21.92030579065536,24801600
22.034061431884766,22.258871133441506,22.006974786630224,22.16948845877652,17152200
22.35367774963379,22.426808770776255,22.05573695419857,22.128867975341034,17105100
22.277835845947266,22.491810616948086,22.277835845947266,22.315754366230227,16763100
21.8607234954834,22.285965560887444,21.784883336765716,22.285965560887444,24920100
21.866134643554688,22.02593921248021,21.817381153837978,21.866134643554688,17387100
21.93655776977539,22.02864803793312,21.70903890449959,21.7930033328426,19142100
21.8038387298584,22.017815064794743,21.79300530902005,21.963644860911767,19818300
21.947391510009766,22.001563259616862,21.7659185510865,21.774044391019842,20084100
21.895931243896484,22.044900859098956,21.825509356698635,21.895931243896484,11770800
21.844467163085938,21.939266566387193,21.817382062098595,21.901346495097577,16440900
21.7469539642334,21.917593473505484,21.741537255167124,21.77674818886575,14094300
21.709035873413086,21.782166871689324,21.58173313388416,21.746954387460185,16595100
21.597990036010742,21.933850883427784,21.57361251407308,21.82550892455868,18601200
21.462562561035156,21.63861727214917,21.432768329189955,21.53298444548076,24045300
21.094200134277344,21.438186844671183,21.004818981061412,21.381307506303116,35468400
21.164623260498047,21.351512955176332,21.13211989628667,21.232336019528898,26542800
21.13482666015625,21.354219694480857,21.10232329958422,21.291922103332976,18600600
21.243167877197266,21.300047206384466,21.004815590684217,21.05356908000961,22784100
21.446311950683594,21.54381894173047,21.180874530783004,21.229628026306443,22406700
21.625076293945312,21.920309503756286,21.46256412187956,21.50048264712595,20603400
21.497772216796875,21.63049168710234,21.476103826737543,21.606114167093526,19349400
21.42464256286621,21.527567809624912,21.33525986702119,21.522151099228562,14687700
21.094200134277344,21.34067830043612,21.069824160602877,21.31630232676165,21325200
21.14024543762207,21.256713241318757,21.015651792987747,21.080656970643172,26387700
21.289209365844727,21.332544586366865,21.17274160175197,21.180867439926484,14999100
21.446311950683594,21.546528071977313,21.251296418744158,21.392141744512145,20007600
21.161911010742188,21.40026329705607,21.142951750977456,21.40026329705607,17566200
21.164640426635742,21.29274663724074,21.03380954748198,21.238232991113122,16440300
21.26821517944336,21.35270953703988,21.069242633314243,21.18644549038496,16614300
21.404499053955078,21.60074695079235,21.369065882467787,21.42357953372864,16042200
21.287288665771484,21.426296633811518,21.268209752364694,21.347253193088108,11234700
21.52169418334961,21.663428377958617,21.224599335750504,21.26548338977386,25347000
21.303638458251953,21.649795972073562,21.25457729144207,21.58165433621857,25263600
21.456283569335938,21.469911590397665,21.26548815521768,21.36088586227681,18510600
21.59801483154297,21.600741059231975,21.415396567050127,21.4535559565621,19851600
21.783361434936523,21.78881389123336,21.576213324842207,21.633451638942308,24900900
20.83210563659668,21.358155212315484,20.777592007989718,21.309092478681237,67375800
20.68764305114746,20.851182360175887,20.66856414093227,20.845731465775323,31625700
20.744888305664062,20.829382649578456,20.59497697339421,20.660392402122824,20268600
20.6767520904541,20.818484776850696,20.6767520904541,20.769423582300124,20445000
20.41507911682129,20.668563635958428,20.39327398012534,20.652209393529862,31720800
20.49412727355957,20.581347840478667,20.44233986699801,20.44506453494751,20961300
20.398727416992188,20.4859479746476,20.34694001593096,20.461416607947044,15076500
20.243364334106445,20.409628319958532,20.210657406220285,20.393275635828715,19125300
20.368749618530273,20.46414731932268,20.281529041763154,20.357847826247852,16938000
20.31422996520996,20.44233612418399,20.284249265494143,20.31695619228707,17393400
20.41236114501953,20.49685705865459,20.29788452097587,20.360573729469536,18281400
20.21065902709961,20.436887551783958,20.15614539674869,20.295153360572886,26948400
19.913564682006836,20.243368046653835,19.891761099168395,20.216112008478973,31905300
19.79090690612793,20.030764983855175,19.78818223864334,20.014410740441683,28779000
19.752756118774414,19.856329391483044,19.722773848381085,19.815445328015983,25006800
19.878129959106445,19.987155662869174,19.717316851103085,19.818166991756964,33647400
19.880859375,20.079831901137673,19.853603334594737,19.95990282795142,22260000
19.741844177246094,19.869948768078388,19.733667056184785,19.826340055128696,21739800
19.60556411743164,19.733668719058777,19.542873370554382,19.67915665355838,22700400
19.720046997070312,19.78273620433066,19.54833206438305,19.68461383125994,18646800
19.823619842529297,19.869954796432463,19.717318796107943,19.796362244179786,17111700
19.891761779785156,20.028043534949298,19.826346350151145,19.826346350151145,25129800
19.82634925842285,19.95718013688209,19.815445905404367,19.842701948509937,43652100
19.839975357055664,19.94900264673571,19.812719314449183,19.891764333411277,19468500
19.780012130737305,19.880860734836293,19.71732136196487,19.867232713701515,23628900
19.72822380065918,19.80181635907914,19.662808366466653,19.77728498639683,22015200
19.58648681640625,19.796361109873583,19.57830969333262,19.747299931058553,15879600
19.6573543548584,19.750025815370993,19.589212703513613,19.61374407230815,20693400
19.4665584564209,19.6246453365167,19.463832228974642,19.570131704978365,24563400
19.33300018310547,19.57285671578607,19.292114572086476,19.57285671578607,33307800
19.591938018798828,19.611018492811755,19.17764032088149,19.515620801627446,32321700
19.58648681640625,19.77728219578628,19.531974742084387,19.630097099714444,19758300
19.769107818603516,19.812718107969093,19.455658668835056,19.455658668835056,31609500
20.112537384033203,20.131617858639366,19.624647121758144,19.804539158908604,37263900
19.913564682006836,20.058025115512596,19.86995439707633,19.978980109402592,23373000
19.83724021911621,20.096177166100393,19.81816131128632,20.079822925316922,26087400
19.929922103881836,20.047124958258,19.919020310725806,19.919020310725806,16737900
20.13707160949707,20.199760818711866,20.03622144565937,20.03622144565937,18253500
20.112537384033203,20.194307058965894,20.02804304103308,20.164324792836346,16554600
20.07437515258789,20.14251679865636,19.948996769684218,20.058022467617807,13700100
20.12343978881836,20.207934127844883,20.104359315109512,20.1615991766093,15695100
20.003511428833008,20.188855919131267,19.981706286423027,20.098909121830033,17041800
19.924474716186523,20.017146212841325,19.913571361483253,19.9926163941068,15256800
19.82634925842285,19.97625905513057,19.769109384423228,19.924471637453735,19323300
19.94082260131836,20.120714639650426,19.83724778303175,19.83724778303175,20884800
19.763660430908203,19.957182099089987,19.739129053924987,19.91629647078463,12758700
19.510168075561523,19.777280650040623,19.488361375985033,19.7691035276061,17853300
19.455657958984375,19.52925051455709,19.354809363459367,19.455657958984375,18592800
19.65190315246582,19.73094659967317,19.414772810843772,19.496540926117483,25776900
19.687339782714844,19.796363946983334,19.649180389444684,19.692789119375895,14819100
19.668251037597656,19.769099594850164,19.564676253533772,19.632817887181343,13813500
19.619197845458984,19.758205836430896,19.531977267564997,19.74457781608833,23785200
19.673709869384766,19.72822351022281,19.58103839554973,19.58103839554973,15395400
19.692790985107422,19.842702344433434,19.605571957354734,19.739127507013123,17620200
20.173030853271484,20.22242860651657,19.827254431937614,19.86567438325834,26147400
19.97545051574707,20.137361757974173,19.939775396824004,20.12913036691846,19103100
19.552833557128906,19.98642619612541,19.53087951933512,19.95349592457305,23392500
19.615955352783203,19.690050437785874,19.5775353882861,19.621441900212513,18060300
19.739437103271484,19.860183485869914,19.525384913351395,19.552827058904295,20487600
19.917821884155273,19.939775924864453,19.55832427125787,19.629674510993485,26524200
19.78883934020996,19.969959754718886,19.750419382503036,19.86842252885363,22957200
19.862934112548828,19.92330810656679,19.769628278056857,19.84098007565835,17737500
19.73394775390625,19.821765447667627,19.692784534876104,19.711993723034944,22813200
19.067092895507812,19.347007167381374,19.001230806259684,19.20979330374072,63945000
18.81736946105957,19.04239791946489,18.597829118645503,18.899697482033943,49000200
18.77895164489746,19.01770277585629,18.644484151294314,18.68290253788003,29580300
18.260286331176758,18.74601994585028,18.260286331176758,18.636249770523758,47239500
17.549522399902344,18.156002358372756,16.87717877290172,17.49189326021469,66718800
17.316261291503906,18.032513061090167,17.288819140180514,17.96116283953877,44403000
17.791017532348633,17.79650564820559,17.29430614579977,17.626361494429112,41784900
18.134052276611328,18.161494430960403,17.82395090758156,17.925488134894444,41738400
17.821205139160156,18.14502754002599,17.68673608923413,18.13679458081864,42909000
17.763574600219727,17.837669656991647,17.642826635028072,17.78827190562618,24525600
17.513851165771484,17.651065090818726,17.362917732551644,17.50836304844709,40181700
17.683992385864258,17.82120628779542,17.579710322885056,17.72515718455421,28543800
17.799253463745117,17.840416694961075,17.670272512770545,17.76083350577759,25571400
17.53306007385254,17.645573533325084,17.42877800435592,17.582456265091135,27697200
18.216381072998047,18.24931291581772,17.887070496184815,17.900791573934114,53120400
17.870607376098633,18.38927141959855,17.840420372207507,18.348108179898073,28392600
17.59617805480957,17.74162336118343,17.516594862847082,17.582456977258452,43574400
17.741619110107422,17.749852068720724,17.560498731443644,17.612639755810363,24187200
17.64008903503418,17.747115969994585,17.513852902395282,17.741626281849076,20870100
17.651063919067383,17.75534599269204,17.576968844138108,17.694971995301273,20582400
17.752593994140625,17.77454802340931,17.576961759991164,17.727895122359843,16876200
17.692228317260742,17.91725683021532,17.607157002806765,17.755347162428198,21399300
17.382122039794922,17.626361250223724,17.360168006394904,17.494637049823627,38655600
17.486404418945312,17.563242752148188,17.390355324734443,17.494637377909257,21358800
17.45073699951172,17.513854285677844,17.266871689038332,17.351944588966735,26402400
17.486404418945312,17.54403356141656,17.321749950495512,17.486404418945312,17629800
17.516599655151367,17.557764469343528,17.371154308985634,17.387620234662496,20868600
17.502878189086914,17.689488345342628,17.458970101765225,17.582461401072845,21489000
17.469940185546875,17.54952493978013,17.42054399727657,17.45347583630778,28183200
17.502878189086914,17.574228438415393,17.351944727772505,17.494645226429466,22920300
17.793760299682617,17.82120401874053,17.544032977106884,17.68124686156752,23937600
17.637338638305664,17.821205446648232,17.53031330731632,17.771807690551825,23511600
17.832183837890625,17.832183837890625,17.401336048285014,17.49738358834492,21252000
18.07642364501953,18.090144722589276,17.876092457892593,17.895303222711572,18900900
18.024276733398438,18.098371784346437,17.887064432146218,17.985856786559445,22232700
18.210891723632812,18.210891723632812,18.04897893442824,18.06818969819863,21408000
18.353586196899414,18.38377318417712,18.153255086000136,18.175210686089443,17923500
18.30144691467285,18.39200788509059,18.252050735479642,18.370053853196247,20262000
18.367311477661133,18.386520669295493,18.271262378936466,18.295961256989017,16931700
18.31242561340332,18.37005475366632,18.183444688279,18.28223862178436,26575200
16.47377586364746,18.647227024455606,16.47103102026026,18.279496524397537,242694300
16.281675338745117,16.59452148878985,16.084089040426697,16.3832125457631,138760500
16.160932540893555,16.325588627300924,16.0182320649322,16.320100509827828,78585300
16.149951934814453,16.27344318105753,16.053902838786193,16.133486016575006,53417400
16.12250518798828,16.191113691199696,16.07310901281842,16.152693745944873,31271100
16.09232521057129,16.202095398209796,16.073114446311656,16.13623328562669,39352800
16.163671493530273,16.454563597457103,16.09232128155489,16.174649294752154,43765500
15.999015808105469,16.267953885596363,15.977063345746345,16.24325501002793,39121800
15.922185897827148,16.0401890819208,15.908464816459576,16.026468000553226,32519400
15.773990631103516,15.927668891360064,15.746548477198282,15.919435931133174,31534200
15.81789493560791,15.839848967555147,15.686170743924492,15.823383051025662,35504100
15.905713081359863,15.949621150824965,15.773988872964551,15.839850977162207,38566500
15.70813274383545,15.949627217753326,15.70813274383545,15.842601846575425,47416500
15.809664726257324,15.809664726257324,15.579146565591758,15.7218485831993,32157600
15.946885108947754,16.007257554130558,15.787717107255435,15.79869491473776,30761700
16.018226623535156,16.125251944149635,15.968830442503572,16.075855763118053,30169500
16.084089279174805,16.185626487699977,16.03194825339338,16.056645559627086,26581500
16.1307430267334,16.246002897375558,16.00176364968396,16.169162983614118,29931900
16.051162719726562,16.13074434287549,15.922181761876718,16.05390599312122,25321200
16.103302001953125,16.11153496259575,16.001764771155226,16.001764771155226,22844700
15.801430702209473,16.11702171162776,15.771245279058443,16.053902881633544,26069700
15.628545761108398,15.853574255821071,15.62031280065497,15.817899140707313,28654500
15.483095169067383,15.658727411351684,15.450163338501023,15.570911290209533,37544700
15.881021499633789,15.924928014653023,15.466637963227521,15.474870925505188,39964800
16.44359016418457,16.712526737105886,16.246003822191565,16.28442378125937,74037900
16.720760345458984,16.75918030601531,16.342053567869176,16.476521074401226,44633100
16.657642364501953,16.83876278474415,16.583547290249086,16.772900670994566,34698300
16.4847469329834,16.86894323246647,16.471025860898436,16.73447578386823,37113300
16.536890029907227,16.668615793105186,16.432607984608474,16.545122988249364,31731000
16.44359016418457,16.580802509110548,16.427124243115987,16.45182312471886,37361700
16.531404495239258,16.66038543570029,16.432610549986627,16.46554238849633,23460600
16.435354232788086,16.6548945730961,16.42986611684948,16.586289198172583,16022700
16.147201538085938,16.48200162260737,16.117016125397306,16.429860612966525,44827800
16.18837547302246,16.270701941902313,16.09506962918251,16.226793863722364,36612300
16.14686393737793,16.406983350163333,16.138562018161284,16.21881179268329,40760700
16.337797164916992,16.50936640266085,16.21603784025084,16.240943588503985,47532300
16.50937271118164,16.561950477521222,16.335035573649517,16.34056965867758,31305900
16.7418212890625,16.805467223895672,16.48446654871083,16.48446654871083,34787700
16.49553871154785,16.739055900097622,16.465097281621073,16.622830599808648,31132800
16.362714767456055,16.633905637496675,16.299068803111968,16.398688711079224,26945100
16.48169708251953,16.62836219335856,16.351637391571124,16.362705560259545,34078200
16.426355361938477,16.473397460565092,16.27415614553973,16.340569917214854,29235000
16.711380004882812,16.72521759237404,16.346105064042707,16.409750999414026,43574700
16.503835678100586,16.835906087194125,16.48446559038939,16.78056049120218,43846200
16.68647575378418,16.78332936519993,16.52044053894885,16.633897988533963,29881500
16.32120132446289,16.69477981404073,16.318435073365986,16.69477981404073,38928300
16.28523063659668,16.437428313840723,16.257557036109844,16.307368566928343,48770100
16.47892951965332,16.487231437222956,16.235412410183233,16.276920414602536,28936500
16.752887725830078,16.797163567245825,16.495534595529676,16.545344521265143,27798900
16.905092239379883,16.913394160963694,16.725222549829464,16.880186474628456,22559400
16.83313751220703,16.90785319262122,16.791629504612036,16.819301509675366,7448400
16.810998916625977,16.871878592064604,16.741818906744744,16.763955243163593,16265100
17.048986434936523,17.08772661728758,16.874650864068737,16.88018336619964,23650800
17.068357467651367,17.120935241947393,17.015781276784775,17.062823381785847,17150100
16.963199615478516,17.07942490344779,16.9272256870937,16.97150153486412,19725300
17.007474899291992,17.015776817629387,16.703078088446567,16.741819846211406,35967600
17.411495208740234,17.44746914011473,17.115400254239358,17.165210191263327,39978000
17.585832595825195,17.696523819308847,17.286971359393775,17.289739194181198,49693800
17.99538230895996,18.05072791225394,17.411494348869216,17.425330353835392,79290000
17.58306312561035,18.100537296060335,17.547089197107038,18.00921776594708,53303700
17.771236419677734,17.840416442982526,17.607967447762412,17.64394137656675,37961400
17.60519790649414,17.912362536218062,17.552620148551686,17.815507354835017,36587700
17.13477325439453,17.635645294455816,17.109869073369296,17.635645294455816,41177100
17.450237274169922,17.60520275690526,17.10709862782699,17.15691014913538,38804700
17.13753890991211,17.28697031077817,16.952133576139296,17.03238336238196,45523200
17.31187629699707,17.37829008393838,17.159678629042663,17.226092415983974,39153900
16.835905075073242,17.24822364422406,16.65880171203241,17.10156011963449,52107300
17.123703002929688,17.375522118166025,16.855280046738788,16.87465172232892,36267600
17.34784507751465,17.505576770578564,17.192878051426153,17.278663482541496,27592500
17.55815887451172,17.66054658367808,17.30910760446222,17.372753547519068,38470200
17.710351943969727,17.840413214418284,17.505576578558788,17.533250166301876,28323600
17.696517944335938,18.03688867243324,17.679914107982658,17.73802595179015,30642900
17.771236419677734,17.8514846133396,17.55262342911858,17.718657068479317,33834900
18.36343002319336,18.41047213192749,17.915135780493394,17.917902031930957,49317300
18.678890228271484,18.79788176158262,18.23336393689064,18.23889802174882,44185200
18.501787185668945,18.772976349857252,18.34128605439661,18.623544971934017,40757700
18.338523864746094,18.678894708312086,18.006454942173114,18.626316930976007,36946800
18.38003158569336,18.416005520455087,17.989850805979845,18.197394077122468,38500200
18.5405330657959,18.687198238059327,18.230602044712935,18.501792875732775,42589500
18.512861251831055,18.58204287786667,18.031360871517222,18.402173183661557,62230800
18.211223602294922,18.3772587934852,17.898524889496294,18.122671922574487,43927200
18.20569610595703,18.42707538536489,18.16695433620328,18.31638574566096,29127900
18.075626373291016,18.197385711986527,17.926195033411535,17.99260878631033,33560100
18.313615798950195,18.33298588987855,17.95110707279576,18.130978310357904,29086500
18.236133575439453,18.48518483642088,18.125442366748484,18.432607066492924,34081500
18.294246673583984,18.432608318703274,18.211229053140645,18.291478838978424,37280100
17.743560791015625,17.926198248385234,17.253758681757667,17.638406850971943,83683800
17.892993927001953,17.92343377014504,17.555390985026467,17.679916608429583,46686900
18.16141700744629,18.302546470799534,17.89299408530375,17.89299408530375,31761900
18.396629333496094,18.42983700592498,18.064560526352096,18.21952596968596,34296000
18.57373809814453,18.631849958363773,18.18632516887312,18.316384895703855,30873600
18.828323364257812,18.853227540163207,18.631848290841386,18.665055969954306,28743900
18.404935836791992,18.87260011714735,18.34682397899311,18.839392436445493,32952900
18.357891082763672,18.526694144133273,18.324684987422117,18.438140861887483,28035600
18.39109230041504,18.51008380182455,18.26379888222943,18.443670051044503,31288500
18.321916580200195,18.449210039126335,18.263804727597424,18.321916580200195,27496800
18.302553176879883,18.31915702181199,17.95388035045468,18.24997539021475,35540400
18.479646682739258,18.618008287998848,18.288707319126654,18.302543321309717,30031500
18.78681755065918,18.9500865612885,18.338524876314835,18.435378515336506,38476200
18.828323364257812,18.947314908696953,18.676125724135044,18.74253949893159,30203700
18.825532913208008,18.953768715423134,18.711235542406296,18.898013394618253,23474400
18.79207992553711,18.96770767557457,18.51051977477452,18.83110849167335,30677400
18.725173950195312,18.939830260114505,18.6220282817452,18.89243831724771,24872700
18.77814483642578,18.86456536219338,18.66663576700916,18.719602774376,20137500
18.981643676757812,19.054124150907302,18.677780159840594,18.677780159840594,22700700
18.953765869140625,19.051336469533595,18.747474562958853,18.93982743982034,24654000
18.803237915039062,19.2130340086091,18.750270899391037,18.906383620981916,35514300
18.663848876953125,18.964922564216515,18.60809354514788,18.81159819326729,69459300
18.948190689086914,19.062486446805423,18.669417319101996,18.68614247708333,28247400
18.920310974121094,19.1461173409005,18.898009169815133,18.956552801875286,22543500
18.806020736694336,18.984435223441242,18.800444087619994,18.959345088060708,18331800
18.956560134887695,18.967710243778463,18.783719090717405,18.797659119558094,18914100
18.990009307861328,19.11824511245164,18.937042310418565,18.937042310418565,16810500
18.964920043945312,19.01510031444698,18.797657261060415,18.99837355761309,19473000
19.179576873779297,19.235332204282702,19.037402615419843,19.048554319581125,21625500
19.09316062927246,19.288301920732245,19.087585573984054,19.165642728628658,18850500
19.252059936523438,19.29108851033434,18.96213475548665,18.96213475548665,19807200
19.263206481933594,19.338475290659634,19.21302780783333,19.235329618005814,20470200
19.134971618652344,19.305022730212855,19.03182594090997,19.24369394557642,17337000
19.24648094177246,19.252057591031456,19.10151996406635,19.15169864133759,16088100
19.01788902282715,19.215818610605023,18.939833474732062,19.18794014793039,18331500
18.973283767700195,19.065279336809688,18.917530037440883,19.042977525675692,19548000
18.789291381835938,19.0597013991047,18.78371473353266,18.95934246661022,23596200
19.179576873779297,19.199091957273666,18.80323437469945,18.83668629688029,23203800
19.277145385742188,19.352414196310573,19.199089845803588,19.238116818197224,18788100
19.179576873779297,19.302237643795884,18.998375638734114,19.277147505796627,20931300
19.252059936523438,19.349630573474904,19.218606417499352,19.218606417499352,22753500
19.475072860717773,19.486222967303487,19.193512730039114,19.249266453269982,19868700
19.449981689453125,19.53640218905733,19.374714486141308,19.45555674244825,24598200
19.293874740600586,19.51131782317241,19.271572926879156,19.447199111753584,16237500
19.08757972717285,19.424895193648464,19.023462623116885,19.36635314317318,19852800
19.15727424621582,19.218603028358864,19.034613491627127,19.1851511103855,18645300
19.366361618041992,19.37472499964852,18.973290658294946,19.109889899281647,17688600
19.3189640045166,19.483440072659125,19.263208675161685,19.430473068074967,19945200
19.352413177490234,19.452772118015062,19.23254234694713,19.371928257810996,15441900
19.21023941040039,19.408168971898792,19.165637385376158,19.254843030575906,14330700
18.64154624938965,19.18515313378762,18.499371993917737,19.16006299629794,36297000
18.842266082763672,18.87293128037193,18.54676581269853,18.571855954873953,22829100
18.677783966064453,18.817171484942733,18.608091801776702,18.63875699212387,17767800
18.73076057434082,18.814392802407145,18.521680801751046,18.635976638128017,18088500
18.736328125,18.74747982867907,18.560700356902604,18.669422688379907,24273000
19.0262508392334,19.029037568665903,18.622029912745987,18.652695102563094,29476200
19.221391677856445,19.263206974818036,19.001160299798606,19.02625043506636,25968600
19.176786422729492,19.271568711525543,19.08200413393344,19.21302666270589,19208700
18.648855209350586,18.954941926965468,18.42420426001578,18.94651731551162,43792500
18.772417068481445,18.82858062311356,18.64043520568362,18.688172539948642,28600500
18.23606300354004,18.688172136812867,18.15462561005561,18.668515776872553,41234100
18.539337158203125,18.632006278819286,18.16304641045493,18.213594079971212,30545400
18.280994415283203,18.60954632373766,18.219214984474796,18.5505756331772,27758100
17.7334041595459,17.91031782210394,17.612655655896983,17.696898573768692,66767700
19.432334899902344,19.46884049428446,18.954950218616048,19.12343930773616,105230100
19.617664337158203,19.69629137124559,19.33404269559189,19.46883327416779,50239800
19.516569137573242,19.67382318101911,19.49971991619326,19.54465010198642,30299400
19.7243709564209,19.774917014015777,19.5306081231185,19.558690694520276,26484000
19.791778564453125,19.937802563482926,19.724383243400414,19.727191984339314,21791700
19.895675659179688,20.044506763708654,19.825471610682808,19.850745453781098,26081700
19.867589950561523,19.90690427580897,19.794580386811646,19.89848126959868,17321100
19.876014709472656,19.937795741169747,19.791771792106406,19.819852764561823,25170600
19.797393798828125,19.91252807112896,19.772119951689554,19.797393798828125,21662700
19.923751831054688,19.9377939228324,19.699100858238335,19.797385859699304,19526100
19.901287078857422,19.951833146909934,19.803002075692213,19.817042560882882,19123500
19.95183563232422,20.092243715382697,19.93779675221525,20.08381910185273,27054000
19.946218490600586,20.024847140660057,19.895672419465573,19.96587645653077,22090200
20.01642417907715,20.064163121039755,19.88163357370942,19.89567406091471,18417000
19.96306610107422,20.103472557011564,19.89567080940463,20.038886005056316,18209700
19.977113723754883,20.052933654827243,19.847938966860085,19.937800994690832,22534200
19.805810928344727,19.98834045052479,19.79457918286039,19.937794382184197,23722800
19.923751831054688,19.985531250286808,19.713141343185544,19.84231605426257,27199200
19.971492767333984,20.109092104538753,19.937795921448924,19.99395786686758,24051000
20.02203941345215,20.066969613807135,19.88163293905049,19.93779649290958,20115600
19.923751831054688,20.024845572237297,19.769304889804886,19.951832800949106,54177900
19.96588134765625,20.156833932869482,19.951839251338754,20.02485204623184,21427500
20.066972732543945,20.13998552459122,19.923757495800587,19.923757495800587,20024400
20.148405075073242,20.288809929175027,20.09785739939993,20.106282012012148,25372500
20.246688842773438,20.286003166738393,20.15963718890801,20.274771420937313,20910600
20.207374572753906,20.42079218804912,19.8001924855592,19.81142583732761,45361200
20.078201293945312,20.15402120764694,19.904097973269714,20.117515620833323,33910200
20.081008911132812,20.18210265935894,19.84512617665621,20.151212947590697,25683600
20.3477840423584,20.35620865572618,20.095050461817017,20.114708428618744,21044100
20.505037307739258,20.552776242211014,20.308467304047984,20.378671335889297,26140800
20.446063995361328,20.54715611709246,20.336545655517245,20.535924373269136,22916400
20.538732528686523,20.673524709091506,20.409559434133655,20.429215790218556,32245800
20.729690551757812,20.774620751417704,20.547161013078004,20.5724348529482,33188100
20.64825439453125,20.76057989166168,20.541544770549674,20.704417946511793,23378400
20.735305786132812,20.738114526086523,20.566818346014827,20.729689913056028,27382800
20.797080993652344,20.878516760661025,20.639825331573093,20.6875642601228,27120300
20.575244903564453,20.70442125444118,20.49942498003389,20.656682307972034,37083600
20.673532485961914,20.676339619698368,20.482578298150475,20.569631580600348,19197000
20.69599723815918,20.81112989017119,20.670723393974832,20.721269475512567,19939200
20.687572479248047,20.783048767449667,20.62298430239296,20.77462415278027,17984400
20.735305786132812,20.830783662591326,20.648254129535427,20.679143841703695,16371900
20.684757232666016,20.769001746031215,20.662292136223993,20.67914136026312,14394300
20.721269607543945,20.811130022775142,20.67633939992835,20.746543451889334,15846000
20.645442962646484,20.68475728322373,20.538733352578443,20.620170733356467,13175700
20.65386199951172,20.754955709874533,20.617356428412098,20.71283266104419,12949800
20.71003532409668,20.732502033728597,20.614559038900083,20.653873370509586,14202000
20.704416275024414,20.79989253816973,20.614554277744055,20.698798795498405,15744900
20.58928871154785,20.729695215364913,20.53874102043563,20.68476500559697,17333700
20.566816329956055,20.58928142689169,20.350589972804364,20.53873375366365,13809600
20.490999221801758,20.56962787521623,20.432026928325552,20.54716116838578,18906600
20.718456268310547,20.777428558693554,20.446067949370015,20.446067949370015,17605200
20.53592872619629,20.70160903393626,20.39552065083081,20.695993160834224,19539300
20.482576370239258,20.61175110805635,20.361826246500545,20.49942399156518,19704300
20.58367156982422,20.637028002488936,20.384294363250987,20.44326506369052,14834700
20.71284294128418,20.766197758397112,20.6286000154719,20.6286000154719,16246200
20.59490203857422,20.79989669784528,20.510657503972194,20.780240336064843,19731600
20.651063919067383,20.746541807807507,20.52189078753223,20.600517841213154,19283700
20.908357620239258,21.06668986205485,20.750025378423665,20.800917480263845,24156900
20.865942001342773,21.148677259886487,20.78960306090009,21.063856035191254,18870900
20.89139175415039,20.956422074873036,20.79808984285584,20.865946513720353,29982600
20.7302303314209,20.925318031195545,20.670855954779086,20.868770004308317,28908300
20.608654022216797,20.727402777872467,20.416392668356252,20.523832789106837,29289900
20.619956970214844,20.62561290393796,20.354186327108888,20.354186327108888,43029900
21.007307052612305,21.258942728456496,20.6199580810425,20.6199580810425,80574900
20.586029052734375,21.00447754154622,20.546445606600017,20.95075911487171,46039200
20.554933547973633,20.67933661857702,20.484248918833472,20.656717731391822,30936300
20.348535537719727,20.65954564008732,20.34570918797365,20.608653548523293,28174200
20.42205047607422,20.569072450303047,20.289163487857508,20.348537871129196,30152100
20.136484146118164,20.52100524392481,20.0884184022059,20.461630864874657,31542600
20.11387062072754,20.269376529062868,20.043185969863213,20.19020959066835,30115500
20.187379837036133,20.26089244985341,20.102560204896687,20.113868842049634,22404300
20.16192626953125,20.289157283036655,20.11668850393688,20.187371501534265,17322600
20.198680877685547,20.25522727331623,20.116687633323032,20.204335193682606,18934800
20.594518661499023,20.600172979292516,20.1902050093991,20.235442787408143,35284200
20.498388290405273,20.693476001107708,20.475767784118958,20.636927971052955,24248700
20.639760971069336,20.662381484643948,20.413573631464622,20.57190428383861,28712700
20.373979568481445,20.653888460032462,20.359841350389,20.639750241940018,28854900
20.308950424194336,20.447491703194345,20.275022905195936,20.325914992608684,28983600
19.876359939575195,20.218471122423253,19.876359939575195,20.1647510776567,36517800
20.340055465698242,20.424876706086618,19.995117804037594,20.01490872573496,32592000
20.2043399810791,20.331571019225436,20.11669239995153,20.311780099631267,22523700
20.221303939819336,20.37398182811308,20.18737480116278,20.24957714347955,20941500
20.470111846923828,20.515349620256334,20.14779149855693,20.20999545917711,21886800
20.602998733520508,20.62844396977266,20.419219673417512,20.447492877177854,41807100
20.382465362548828,20.60299992384761,20.382465362548828,20.53796961004527,20762100
20.348535537719727,20.51252206488739,20.3287446181755,20.399427629283757,17731800
20.410743713378906,20.50970157503446,20.218482309005896,20.40791574499442,20027700
20.4333553314209,20.509694272311812,20.35419004098274,20.478593102479934,17615700
20.455978393554688,20.57472716237264,20.45315042559973,20.52666303195285,23089200
20.249576568603516,20.450320191684906,20.221303365745968,20.444664256849133,17846100
20.4503231048584,20.495560883006785,20.238270817559016,20.33722865948743,19033200
20.29764175415039,20.447491666604957,20.181719360633515,20.4192184645185,18554700
19.997943878173828,20.27502484485112,19.966842705715596,20.235441387374237,23990400
20.39094352722168,20.487073376833433,20.187371959597737,20.21564515927823,29947800
20.359848022460938,20.39943148686514,20.243927215190325,20.30895592127309,17573100
20.286333084106445,20.51817625289458,20.22978506220455,20.357016089195966,19707900
20.26371192932129,20.43335437174034,20.243921012098834,20.32025994940438,19393200
19.610597610473633,20.263717471404313,19.477710616740683,20.263717471404313,60330900
19.423986434936523,19.641694626963766,19.27413651832684,19.582318635973397,37961400
19.220417022705078,19.497499595972993,19.155386712810195,19.438125221081407,26965200
19.053598403930664,19.214758542167242,19.02815155542067,19.211930575278345,25774500
19.073392868041992,19.200623887816505,19.047946016955013,19.15255815281783,26822100
19.291101455688477,19.378749033393227,18.963126795503236,18.997055933860146,27581400
19.35330581665039,19.45509000667988,19.28544915068722,19.34482353117618,19248000
19.28827667236328,19.409853408495078,19.169527904171527,19.409853408495078,22480200
19.47205352783203,19.50315470028388,19.29110242835252,19.3872322954934,23573100
19.477703094482422,19.6049341030426,19.421156698602363,19.57100658908057,21369900
19.432466506958008,19.5314243235684,19.387228740383552,19.5031511239169,18882000
19.32220458984375,19.40419785876356,19.223246750021765,19.32220458984375,23533800
19.56252098083496,19.61341305204223,19.336332200102905,19.401360867877205,21490800
19.610597610473633,19.754793240617946,19.508811793617955,19.51163814380546,22889100
19.675621032714844,19.737823369771863,19.548390009172,19.593627778335243,15151500
19.743480682373047,19.791544808258436,19.619075989381603,19.678451986019645,21394800
19.78871726989746,19.850919612657332,19.715206292725096,19.73499721186215,20858700
19.797197341918945,19.839607142971293,19.749131606462118,19.808505975067487,19167000
19.5936336517334,19.80851231075583,19.548395869009653,19.78589503722468,26515800
19.636037826538086,19.783061387077893,19.56535482247783,19.56535482247783,22935900
19.686931610107422,19.81416426404429,19.607766315169563,19.686931610107422,20411700
19.554046630859375,19.774581185984008,19.54556434591261,19.709552491832707,21786300
19.729339599609375,19.746304166225208,19.55404285284939,19.6841018338539,29266200
19.732168197631836,19.802852821366738,19.64169427364001,19.709550930006607,22863900
20.10256004333496,20.21565288527864,19.590806197253663,19.593634165434562,50338500
20.184553146362305,20.38246885367915,20.074286655741595,20.144969681332785,42963900
20.139305114746094,20.15344171267077,19.96118042166933,20.105375985462928,24671700
19.930091857910156,20.161935103708487,19.845270605797804,20.1195236687369,38752500
20.193031311035156,20.193031311035156,19.89050349333316,20.014906563677954,29175300
20.184553146362305,20.373986567042056,20.167588573088118,20.286338968176675,33577200
19.56252098083496,19.655822841743326,19.259993284377114,19.531419821255582,70320900
19.378753662109375,19.621907152311177,19.350480451945653,19.489021770277088,33405900
19.613422393798828,19.621904679345064,19.34482369543371,19.37875121978811,25068000
19.825475692749023,19.910296934718218,19.715209210670512,19.715209210670512,32952000
20.026216506958008,20.04317945867692,19.842437445111408,19.85374769742108,22196700
20.139305114746094,20.258053831577314,20.06862050729278,20.105375985462928,12703200
20.12799644470215,20.221299939720364,20.017730001541576,20.0544854825951,21297600
20.17889404296875,20.297642792068306,20.130828302699708,20.18172039262375,21930300
19.913124084472656,20.11952043612626,19.83961148161014,20.051663768905094,27978300
19.980979919433594,19.997944489989905,19.805683131956187,19.862231161200395,20549400
20.04035186767578,20.060142785703864,19.91877515648683,19.955530643013443,20022600
19.774581909179688,20.071455421852036,19.73782641828643,20.046008566081095,31583700
19.89333152770996,19.901813813333888,19.65017968375647,19.794373685871555,23334000
20.104049682617188,20.11828746119627,19.90471752369139,19.9132605167207,20898600
20.030017852783203,20.189483296002457,20.02432306573495,20.069884620940453,20532600
19.955978393554688,20.05564448755942,19.859160507445065,20.010081308285393,32270100
20.408740997314453,20.440064759328784,19.93888782591785,19.95312560330451,27252300
20.445768356323242,20.568216879322826,20.391665430699774,20.40874979328145,26662500
20.314775466918945,20.63940109373511,20.269213918263713,20.474240887212265,26008200
20.24073600769043,20.445762969339654,20.22649822791875,20.28060276869681,21408900
20.212263107299805,20.400204106185004,20.10405401150755,20.237892091906286,53534400
20.383115768432617,20.431525520106394,20.172392404743245,20.172392404743245,17667900
20.45145606994629,20.482779832130724,20.363179568496736,20.42582709286561,18324300
20.286298751831055,20.502715280921997,20.286298751831055,20.405897402892087,15303000
19.816442489624023,20.286297326102563,19.708233417978818,20.286297326102563,36320400
19.80220603942871,19.86200536476767,19.750949707625235,19.770882272935086,14411700
19.84777069091797,19.881941040997106,19.719627397244636,19.733866808304743,13307100
19.736711502075195,19.933195477142004,19.7224737217845,19.916111118438877,14627100
19.722475051879883,19.796512166148407,19.68260991614121,19.70823727062898,12895200
19.6826171875,19.770892115630875,19.60003541868117,19.6826171875,20668500
19.551612854003906,19.71677301103994,19.37790807606954,19.71677301103994,31419600
19.665525436401367,19.827837458648382,19.534535557664846,19.551621548241293,23754000
19.70823097229004,19.742402939899247,19.397843203748867,19.486118071057486,21297600
19.437715530395508,19.5060578615326,19.36652662050877,19.480430505737253,28473300
19.56585693359375,19.5914842869091,19.454799637862095,19.457647845745818,26055600
19.429170608520508,19.725320655908778,19.42632240088248,19.545921051129238,30769500
19.514598846435547,19.540227829000596,19.417780961316804,19.420629169182764,20092800
19.355134963989258,19.523141750889483,19.340895554134434,19.466190629108294,19634700
19.115938186645508,19.369373314404434,19.10170040458352,19.35798374051873,30037500
19.483274459838867,19.73101474508956,19.38076017081177,19.392151371552266,39502500
19.394994735717773,19.394994735717773,19.232681150575893,19.32950063789337,21964500
19.25547218322754,19.417784211747733,19.215605413478272,19.400698220510932,20463300
19.130178451538086,19.315272901186034,19.084616891262584,19.289643912502342,36164100
18.979249954223633,19.13017237098912,18.953620973686146,19.081762617554777,23854200
19.192811965942383,19.19565854299631,18.982088681741484,19.047584395112754,32131800
19.047595977783203,19.286794954430476,19.019118784066098,19.226993988211365,26168700
19.002031326293945,19.141564175715466,18.970707558896894,19.115935194369843,19512300
18.697338104248047,19.070373472455802,18.58912902321477,19.039049705345676,40300800
18.913755416870117,18.93084140498195,18.68879588123251,18.68879588123251,25924500
19.0048828125,19.04759615936827,18.75998741712883,18.8539587355307,27962700
18.859655380249023,18.996340047173575,18.805549199838744,18.925149505455046,27150000
18.99349021911621,19.11878367174024,18.890975912960535,18.890975912960535,26996100
18.936538696289062,19.05898393832729,18.919452707387137,19.02766016847696,22875900
18.908065795898438,19.0390556915235,18.899522799508766,18.899522799508766,27291600
19.047595977783203,19.07891812087549,18.93938687812349,18.95362466027718,17417100
19.309568405151367,19.312416612505643,19.047590357881354,19.047590357881354,22982400
19.671213150024414,19.688299134457033,19.292481432344104,19.309567416776723,33241500
19.369367599487305,19.534529407376866,19.29533050284567,19.43486333293964,37336800
19.298179626464844,19.548768113419275,19.238380304845062,19.45479681978287,25122900
19.551612854003906,19.55730763852711,19.281090221539007,19.329499963508784,25386900
19.56015968322754,19.565854468868068,19.29533178332619,19.306722984016588,25689900
19.61141586303711,19.716776728924277,19.537378762047638,19.55446311883875,25241400
19.75379753112793,19.873396189345247,19.56016176348175,19.600026896614516,38512200
20.346099853515625,20.582448968612844,20.132529884028664,20.277757528456178,67238700
20.420129776000977,20.608070696396815,20.354635681905012,20.57389873119267,45728100
20.306230545043945,20.645095549377142,20.26351557885398,20.502714501289727,38399100
20.613773345947266,20.73052543239602,20.30338548082355,20.31477668337422,41669700
20.428680419921875,20.622316197251717,20.368879458413076,20.582449432715716,27764100
20.198026657104492,20.217960856249032,19.933198686942447,20.18094066624053,47857800
20.061336517333984,20.240734484245895,19.975908215724314,20.209412348751368,40568100
20.149614334106445,20.189481097923302,19.981605913901436,20.052796447187994,26748900
19.94173240661621,20.22364460710294,19.899019078733893,20.149607520343316,27893700
19.89902114868164,20.058486537202914,19.870545593797996,19.93319148866018,27547800
19.89617347717285,19.99299133610081,19.893325270077376,19.90471483964109,21848700
20.022396087646484,20.088371786719247,19.947814577148456,19.990841992884082,23939400
20.03960609436035,20.091239317357168,19.953549628438616,20.008052002142694,22693500
20.108449935913086,20.183031436676583,20.022393474283405,20.07976335444287,21296400
20.065414428710938,20.208840712622663,19.99656961546653,20.07688774355676,20407500
20.286296844482422,20.426855658567426,20.286296844482422,20.3149817807805,29875200
20.24614143371582,20.280564678011093,20.085503456916012,20.223193151315847,26441400
20.205974578857422,20.280557702045723,20.09983901443915,20.11131397238738,21183000
20.0482120513916,20.29490484812797,20.025263769737712,20.24614077548257,42235200
20.07402229309082,20.20884278399212,19.996571665078587,20.119917198568082,22398600
20.051074981689453,20.19450294031472,19.99083596127853,20.12852561975784,26240400
20.151477813720703,20.177293601732654,19.99944402909411,20.08836799471819,19366800
20.03960609436035,20.168689972547675,20.008052002142694,20.13713588033002,20696400
19.96788787841797,20.128525814867594,19.94493960178231,20.076892602784913,17577000
19.98223114013672,20.099841678089074,19.89617633037626,19.942071244081003,17377800
20.171552658081055,20.185895124239355,19.887567560532634,19.887567560532634,21756600
20.292036056518555,20.418252418334507,20.1686888452495,20.180163806046618,20973000
20.53586196899414,20.573154361705022,20.263351748596634,20.2776942189975,24424500
20.67641258239746,20.814102213156964,20.432587399767904,20.458403179666643,29819400
20.604707717895508,20.805505595119264,20.590365246863897,20.676421714444164,24873900
20.65633773803711,20.67068184823451,20.518648067820937,20.57888873475706,16701900
20.553068161010742,20.742391018239946,20.52725073627445,20.550199011132236,19063500
20.48996925354004,20.68216134749296,20.4756267804468,20.567419921356205,17823300
20.911638259887695,20.93745568895668,20.596099017291735,20.682155472797973,32304000
20.957538604736328,21.078018320774213,20.8628779638238,20.93745947275868,22487700
21.063669204711914,21.069405863268685,20.920241251061643,20.94032037670541,17431500
21.06653594970703,21.17840981515481,21.012035233307955,21.098090032710758,19881900
20.98335075378418,21.129646225321366,20.98335075378418,21.046458926092427,16009200
21.080886840820312,21.106702632391816,20.983355410557166,20.98622456134983,16396200
21.195621490478516,21.255862152839004,21.078012598637596,21.09522257506466,19883700
21.247264862060547,21.336188854116195,21.187025816940157,21.2558706744193,17821800
21.4566593170166,21.545584918852153,21.25873062729694,21.26733643659653,23043900
21.4968204498291,21.545586158201782,21.399290674474123,21.43945057305219,17267100
21.450923919677734,21.628773492419555,21.347657484789185,21.536980376345117,23437500
21.52837371826172,21.562796956128455,21.473871352566267,21.505425440147334,17161200
21.63738250732422,21.734912297252592,21.562800999813735,21.59148594248844,20845500
21.64024543762207,21.714826923693977,21.51976575851727,21.668930372051243,18156600
21.565664291381836,21.6402474256958,21.493951948720753,21.58287591017662,21991200
21.580005645751953,21.720562804254115,21.53984575415558,21.53984575415558,18497700
21.663185119628906,21.717689103776472,21.58573450841445,21.600078612415704,21955200
21.732040405273438,21.766463645253637,21.56566578907694,21.628773968113688,16570800
21.898414611816406,21.915626230194434,21.7521191383837,21.78080407475357,16502400
21.94431495666504,21.97299989798921,21.852521831315244,21.92136667532759,16793400
21.835308074951172,21.950049470419227,21.820965605691462,21.944312810993424,19536600
22.007417678833008,22.102078289987773,21.89554380920899,21.92709789339063,24765900
22.148923873901367,22.17202407496056,22.001649351712178,22.042076355940665,22535700
21.984315872192383,22.15469219607459,21.926560429959284,22.047846362936472,25048200
21.863039016723633,22.018976946100867,21.764854896819475,21.932344579516297,17678700
22.030527114868164,22.082505874028943,21.889027637423585,21.889027637423585,26531700
21.68976593017578,22.02474186181024,21.68110253161636,22.001641668817555,25115400
21.69266128540039,21.8688127066592,21.646457579746446,21.689772934156448,32913000
22.391489028930664,22.426142629883763,21.984319131979593,22.20378587930887,57500400
22.746679306030273,22.940157497612567,22.457905367849744,22.51566081643568,55745100
22.683149337768555,22.813097034651932,22.610957090819245,22.712027888922897,26692800
22.66582489013672,22.804435991411026,22.65138644030081,22.691813438891483,22754700
22.567642211914062,22.7004782721135,22.564755513189475,22.686039821366244,22281000
22.61384391784668,22.769781815943187,22.567640218586575,22.628284019693258,18405000
22.56186866760254,22.680266284955177,22.463686204544796,22.631174227238866,18377400
22.567642211914062,22.639836118025116,22.50411335910109,22.524326859672293,16231200
22.697580337524414,22.789987698462742,22.587846183316667,22.625386467151117,24605100
23.047006607055664,23.047006607055664,22.697592124784244,22.70914222471273,24459300
22.992137908935547,23.08165695405925,22.876628664078552,23.04411665602755,23989500
23.176950454711914,23.23759425253635,22.951708672290717,22.986360618673,30437100
22.79288101196289,22.97480908935312,22.599402837289645,22.93726879462166,34577700
22.85641098022461,22.957481764819214,22.735126699660842,22.836197484255447,25533600
22.79288101196289,23.139408716069955,22.590741090514594,22.856411504142795,32799000
22.93438148498535,22.974810132059627,22.73223990198847,22.821758943305188,28215300
22.882404327392578,23.20871857251235,22.766895079435308,22.928608026575485,31231800
22.963260650634766,22.977699100507554,22.781334199388052,22.873741600473622,16584000
23.0729923248291,23.113420971468674,22.88817754290476,22.9632581349679,15019500
22.787109375,22.899730276055948,22.455020068963623,22.86507832664438,33891600
21.727306365966797,21.802388603186603,21.164198674877063,21.35478848732109,168699000
21.802391052246094,21.949663888149846,21.51939217355967,21.76773745388673,48285300
21.81393814086914,21.92367231736987,21.750407654224055,21.912120568718816,30057600
22.01608657836914,22.122932438008988,21.82549505886312,21.83127176118134,27034200
21.808164596557617,21.964102485482208,21.744635753092567,21.955439085833675,24333900
21.611797332763672,21.883244433155486,21.528053348548248,21.831265693362177,39240900
21.802391052246094,21.92656204003511,21.63490141413336,21.6435648137232,25762500
21.949663162231445,22.05362230149689,21.787950230776445,21.802390331198296,19363200
22.094051361083984,22.177797011388993,21.987205513642635,22.018972415641645,20966700
21.926563262939453,22.039185811514137,21.799503917409208,22.018972312926824,21190500
21.854373931884766,22.02474864813524,21.851485580683555,21.969883194310835,20889900
21.761966705322266,22.044963987557114,21.681109394755254,21.90057782140156,14545800
21.750411987304688,21.932340085088637,21.707096639076166,21.816829185063344,18110700
21.793725967407227,21.938112093865726,21.727307126479268,21.75907237172753,18485400
21.753293991088867,21.894791745441427,21.672436715138144,21.84570136224733,15921300
21.146883010864258,21.747531310600635,21.118006101855347,21.7013275952363,45200100
21.2161865234375,21.38367456227332,21.175757863326254,21.190196316428477,22597800
21.351905822753906,21.429874772658106,21.271048521973757,21.271048521973757,17100600
21.67243766784668,21.730191451172477,21.516499809068296,21.56270349667862,24481500
22.044960021972656,22.108490518507786,21.92078737960838,22.02474487177991,27455700
22.05362319946289,22.198009338190264,22.00164445390096,22.03052135117153,26506800
22.004531860351562,22.102714305655915,21.94677641157721,22.018971961826086,12944700
21.90924072265625,22.010311532370796,21.83127176509432,21.969882878010015,15940800
21.95254898071289,22.01896781691927,21.8601416019686,21.94099888455699,14896200
21.99009132385254,22.013193170694432,21.816826646351142,21.90057228698062,21459900
22.20378875732422,22.281757717200247,21.955443426219066,21.955443426219066,22164000
22.674488067626953,22.772672176500496,22.348175445539166,22.4117059507221,34512000
22.78421974182129,22.862188689077772,22.506997552631383,22.683148945465646,20148300
23.038339614868164,23.061443115873548,22.66293498771086,22.732240533603342,24157500
23.047006607055664,23.09032361272451,22.969037649226554,23.04411990826095,14925600
23.098983764648438,23.200054560492244,23.012351417871667,23.049891715920864,18789600
23.24625587463379,23.31267472110175,23.101871388506552,23.17406363157017,17179500
23.254920959472656,23.422410610741554,23.18850376056622,23.200055511718226,26019000
23.353105545043945,23.610112598101544,23.29535009283598,23.488828296551905,29840700
23.240488052368164,23.506158544838627,23.162519089258648,23.407976079297907,21425400
23.471500396728516,23.520592446188086,23.25780870355082,23.26647210359513,16453500
23.561025619506836,23.638994582501706,23.361772337353248,23.439741300348118,22144200
23.715030670166016,23.82545509276458,23.508712754483856,23.569736339928326,19819500
23.438976287841797,23.65401214210179,23.40701122905693,23.558116965747192,24135000
23.363420486450195,23.61042138606552,23.351797736306732,23.45931565759094,23716500
23.450592041015625,23.607510769037756,23.392473316176083,23.418626991769056,23376000
23.470935821533203,23.65400824965069,23.40410085865201,23.488371607595454,21198300
23.531959533691406,23.665631113479357,23.404099327954768,23.616230277123297,34608000
23.160005569458008,23.191968958923752,22.761897338545285,22.913003044267015,51881100
23.04667854309082,23.348891668649102,23.037960648930603,23.136762340900876,29259000
23.16291046142578,23.2675235109698,22.895567294743973,22.991462451595318,28841700
23.252992630004883,23.29367557506654,23.16291050993865,23.189064188071438,19638300
23.235557556152344,23.40991041492934,23.212310397464215,23.348886831218994,23397900
22.764806747436523,23.50290462661771,22.622418905914905,23.424446902350223,57384000
22.849077224731445,22.98274883293083,22.80548941593023,22.81130245398505,29706600
22.674718856811523,22.79967254055374,22.62531802187272,22.785143274458306,25864500
22.889760971069336,22.950786233382992,22.520711191901093,22.570112040470306,22995600
22.822927474975586,22.98565763856413,22.81711443634249,22.904291725385615,17489400
22.686342239379883,22.883943921896382,22.683437383740266,22.840356122390432,24584400
22.77351951599121,22.811297604242533,22.7270251980474,22.75608373107029,19423200
23.189067840576172,23.215219860060138,22.636947296474474,22.65147656569185,36205500
23.270435333251953,23.363423999454795,23.16582391515801,23.212318248259432,25278300
23.28205680847168,23.46803411739709,23.247186894432314,23.34017388612672,20462400
22.921724319458008,23.21231468815794,22.5875461436988,23.171631737241665,29998800
22.97984504699707,23.0583044367083,22.857796183686048,23.000185692831373,21000600
23.13385772705078,23.221035013063915,23.005997485862395,23.04377392182212,18015000
23.20650291442871,23.444785915242036,23.1280435328553,23.133854907809717,26471100
23.154191970825195,23.194874914751097,23.020522053704045,23.18615702228355,20817900
23.357603073120117,23.465122629377316,23.03504772988418,23.191966455633132,39953400
23.2471866607666,23.57264694811475,23.232655728730595,23.308210256798343,24528300
23.26171875,23.380861108830672,23.160013845526542,23.299496852698184,18523200
23.392480850219727,23.40991663956394,23.20941005041065,23.29658733436333,15954600
23.250091552734375,23.412821696658845,23.165820793190953,23.412821696658845,19290900
23.110605239868164,23.270428841782053,23.029241011022126,23.215216628779935,17265900
23.00018310546875,23.27624419798447,22.91591234968023,22.93334813715874,25643400
23.06992530822754,23.113513115507665,22.93334884853519,22.96821876180564,17505900
23.040861129760742,23.122225349319773,22.86069524412365,23.078637552709708,18943800
22.942062377929688,22.979838802939337,22.700872898774577,22.956589981490993,37118400
22.706684112548828,22.956589819523955,22.660189795516068,22.91300202084372,31060200
22.79676628112793,22.907190700028792,22.520705233875773,22.63694268949516,23127600
23.020532608032227,23.14839120971758,22.883954447113656,22.9072016167627,23810100
22.98274803161621,23.18325460554028,22.97693665653233,23.03505373290765,18520200
23.075740814208984,23.191976650532187,22.979847288472694,23.005999312415064,15416100
22.95659637451172,23.005997224002837,22.73865399334377,22.892667917413604,18740100
23.40118980407715,23.64819229136639,23.072824764983206,23.101883294275673,40479000
24.44731330871582,24.66525560236186,24.00561734816101,24.025957985964446,75372000
24.912261962890625,25.074990416165562,24.43859921879449,24.578082175402727,55683000
25.0197811126709,25.098240487513973,24.717566362210416,24.903545309712285,38631000
25.17088508605957,25.266780240412995,25.060462327954134,25.060462327954134,28167000
24.91517448425293,25.170893316711823,24.70594998496838,25.15927056480249,27900900
24.98490333557129,25.09532773665086,24.793114724010973,24.845420406660573,17554500
25.054655075073242,25.098244547463906,24.99363147649466,25.034314429803164,16416300
25.106958389282227,25.18251291331135,24.923887610972706,25.034312046826795,21087000
25.4091739654541,25.4120788215835,25.072089272361843,25.165077923867536,22853400
25.760780334472656,25.839239698964885,25.35686076463303,25.380107922157844,31758000
25.566085815429688,25.80436875477003,25.545743514184863,25.772403706614845,23102700
25.711383819580078,25.74625372808493,25.40626422201446,25.528311395933493,19224000
25.7520694732666,25.8944573035565,25.577714924102864,25.763692223067803,19454700
25.621295928955078,25.685226024196382,25.324894271716104,25.612578037534195,19851000
25.266780853271484,25.557371179023395,25.10405073642546,25.55446466054171,21156000
25.37139320373535,25.414982668776535,25.165075278433992,25.240628134147947,18020700
25.554471969604492,25.688143590938346,25.281317351079267,25.301657997964828,18528300
25.80437469482422,25.911892610950286,25.513784339191236,25.653267310830703,15549300
26.060089111328125,26.11820617505972,25.792745962412674,25.868298810370906,19536300
25.77531623840332,26.06009355736251,25.769503200824094,25.984540696514433,15772200
25.847959518432617,25.87992457025894,25.661982244365294,25.824712359174203,16047900
26.2286319732666,26.275126291808483,25.89154899522196,25.89445385090083,20302500
26.24026107788086,26.31872046230031,25.964199972929404,26.135648011065495,20713500
26.420425415039062,26.644179141689758,26.211200956808366,26.222823706437087,22943400
26.440759658813477,26.728443427098576,26.405889755598686,26.455288923716953,25474800
26.469823837280273,26.50178889199638,26.205387168963515,26.35649454918801,29502300
26.103679656982422,26.400081368964983,26.051373961564344,26.251880512973703,25300200
28.94855308532715,28.9659855440265,27.52466174445677,27.640897534744653,114367200
28.323789596557617,29.096757320637757,28.06516263190652,28.838133681523047,70726500
28.326690673828125,28.37318499455184,27.826877557432226,28.024479251892046,49182900
28.0477237701416,28.454549893652963,27.98960670265027,28.402245863125174,38239500
28.015762329101562,28.131999804603073,27.928586716627766,28.08550547950976,26754600
28.07678985595703,28.254047603596256,28.05063451121983,28.149436201257,13488300
28.07678985595703,28.37609479391481,27.983797878221946,28.143623163418393,26714700
28.120376586914062,28.155244836001657,27.844315497034817,28.068069224978082,26128800
28.349943161010742,28.553356256158878,28.152339778243853,28.251141469627296,34272000
28.254043579101562,28.60565583091372,28.04481747868861,28.503950961980564,38564100
28.288917541503906,28.39352893778571,27.963457277654488,28.36447040134834,24888600
28.190113067626953,28.466172462000774,28.094217911551166,28.39933916502286,26869500
28.42839813232422,28.46036318483718,28.16396148223337,28.18720697922313,27030300
28.268573760986328,28.518481151953427,28.256951012125015,28.474893349571385,21423000
28.27149200439453,28.505192115496023,28.233518160060683,28.353286708973826,22507800
28.204313278198242,28.24813080593992,28.084541357361957,28.131280722232365,17463300
28.3153133392334,28.414632377900833,28.128355921668426,28.32407550559199,26786700
28.248125076293945,28.405870818618446,28.21891339705791,28.291942595147994,23431800
28.55777359008789,28.601591110019385,28.20430825096552,28.23644176752778,23638200
28.37373924255371,28.794393469822,28.364977075408852,28.627885549568706,28157400
28.367895126342773,28.77102501302968,28.30947176478854,28.54316855406805,48428400
28.59866714477539,28.677540012006464,28.440924753375477,28.446765083094153,23893200
28.861581802368164,29.185835469661683,28.712598219192724,29.185835469661683,36036600
28.84697151184082,29.109879940521964,28.759333140239075,29.051456588162164,32189400
28.64540672302246,29.016399670736142,28.622035377504897,28.919999138717184,22107300
28.689228057861328,28.750573251309326,28.534404156010442,28.712596063430894,16436100
28.96674919128418,29.048543916229903,28.73013052790356,28.73013052790356,12887700
28.995952606201172,29.095274982667323,28.87034038899016,29.08359098045429,15422400
29.036848068237305,29.101118437583516,28.955056710295853,29.071903417676285,29291700
28.84697151184082,29.121563942381513,28.84697151184082,29.036847407010168,21432900
28.80023765563965,29.150781179734622,28.77978814118769,29.00764126469629,30451500
29.051456451416016,29.21212066964921,28.85281170542845,28.876183052099588,26710800
29.077749252319336,29.147856613347937,28.89371366867409,29.077749252319336,20491200
29.250099182128906,29.323128375550013,29.098197122588132,29.106959288573794,21852000
29.68244743347168,29.723346470122742,29.273477125340953,29.28516447470601,26531700
29.3260555267334,29.898615204720272,29.302687517828478,29.80513313991221,21938100
29.1157283782959,29.179995421014084,28.78271250265455,29.139099731585684,23791200
29.217973709106445,29.343585962196155,28.85574279254101,29.124494978577502,19613100
29.466266632080078,29.632774521054575,29.29975874310558,29.326048582664185,20853600
29.413692474365234,29.77008304921603,29.311451578443226,29.60357176699769,21512100
30.000856399536133,30.07096377002759,29.41661271114748,29.548068627530345,26045700
30.468242645263672,30.655200045448392,30.26960124333291,30.59677669365617,36923700
30.552976608276367,30.652295694365748,30.281302518571103,30.567582454556096,25135800
30.804183959960938,30.804183959960938,30.392291970332263,30.526666349618708,21924900
30.935644149780273,31.008673358415574,30.547123410939854,30.757452212097558,24863400
30.903505325317383,31.09338457824257,30.62014736415786,31.067094736258632,20469300
31.140119552612305,31.201464737321714,30.921028652061036,30.921028652061036,17571300
31.66302490234375,31.668865232667635,31.163497805803615,31.256976521611563,20358900
32.00188064575195,32.127492864279624,31.546171124045454,31.58122647411415,25065600
31.470224380493164,31.94638347843596,31.300794622834502,31.882116442244286,27541500
31.140119552612305,31.601672699017488,30.985295672816004,31.481900822582393,29438400
30.824636459350586,31.12844397209737,30.725317408367456,30.953170535630484,19160400
30.520828247070312,31.102150007104846,30.424427702628996,30.71654782933959,27759300
29.238414764404297,30.558800615234976,28.362051083552778,30.20533531242388,37684800
29.475032806396484,29.527615835727364,28.408793124419205,28.522718006709102,49241400
30.044666290283203,30.552958805217248,29.21504200136961,29.3581818859552,33495600
29.217973709106445,30.22871206506776,29.21213003479972,30.155682851549244,41925300
29.028091430664062,29.5334622282913,28.16925526422076,29.36695095827597,42553800
29.080677032470703,29.343585540421515,28.861586052001186,29.2501068112362,27405300
29.498395919799805,29.5685066059988,29.01639665289704,29.01639665289704,19868400
29.7087345123291,29.86939875933693,29.27347110076889,29.463350372113503,21922800
30.155675888061523,30.275444439187797,29.746705700670187,29.95703446732317,22484700
30.60846519470215,30.655204551618795,29.790524777129605,30.11478178197712,48192900
27.491535186767578,28.61035969905126,27.48861334984518,28.332845366554988,156265500
26.73493194580078,27.850835961069297,26.65313892312662,27.78364710407278,148511100
27.100088119506836,27.281203544594536,26.673591907520077,26.708647260809226,61095000
27.13514518737793,27.310418621836146,26.805047833016058,27.132223350575465,38374500
27.202333450317383,27.40097488860623,26.939423304537943,27.1380664143581,44097900
26.73493194580078,27.377598812163285,26.7320101097467,27.35130730226931,40128300
26.29383087158203,26.904365958544588,26.290910706774092,26.875154281278686,42431100
26.022157669067383,26.343491122143835,25.621953024487585,26.340570957439873,56728800
25.93160629272461,25.969581814162037,25.484660531441587,25.493424370470436,57130200
26.28506851196289,26.436972241382342,25.727116454027165,25.747564293656424,40149600
26.016321182250977,26.436977098102084,25.890708942019636,26.393157902945,33164100
25.630718231201172,25.86149316016544,25.513868176992364,25.700827260807785,34359000
25.836429595947266,25.898140542703167,25.66598799660072,25.79234914719506,28766100
26.071514129638672,26.071514129638672,25.72181659764419,25.930460086858584,29263200
25.880504608154297,26.28309701369326,25.824670502167365,26.06563910305769,25422000
25.94809341430664,26.12441182778204,25.854059057015977,25.974541680777055,21519000
25.762954711914062,26.150854124105678,25.712999128648423,26.009798416629668,33121800
25.7159366607666,26.09208072942349,25.242817318847873,25.765893925446328,49845600
26.20375633239746,26.474110798967676,25.7130063595652,25.777654878530164,85188000
25.69830322265625,26.177299371703967,25.59545112375677,26.12734379097899,36160200
25.84524154663086,25.904013226892044,25.67479997458021,25.818793281615175,24774000
25.912826538085938,26.353620818791416,25.765895671683023,25.827606601942314,35508000
25.607215881347656,25.939279621777192,25.563137114825206,25.721821683204322,36744600
25.101768493652344,25.768836838800453,25.060627307245266,25.66892397023781,30375300
25.713003158569336,25.76883558129374,25.304532252635266,25.336857348842166,27599400
25.286897659301758,25.87168522870071,25.11939704414465,25.848176222933333,19637400
25.792339324951172,25.930455769780966,25.328036091059516,25.34860583831238,34728900
26.144975662231445,26.253704590286624,25.79233893778711,25.83054085725273,27823800
25.139972686767578,25.930464662306896,24.93133084223501,25.859935946975188,57386700
25.507295608520508,25.55137604666953,25.139967591928148,25.34567181929884,29086500
25.630718231201172,25.71300059178621,25.107641593974048,25.15465960530929,19609800
25.80409812927246,25.962784342644994,25.580761728007893,25.74238719773798,19142700
25.4749698638916,25.83054250392946,25.310405151861897,25.5161093604024,19050000
25.354490280151367,25.69830932241188,25.342736616542652,25.52199259780259,25104300
25.404441833496094,25.595451435351983,25.1722893737837,25.519047594609628,27382200
25.24575424194336,25.52492301153996,25.213429153843293,25.272202499887904,18837000
25.10470199584961,25.51610872112668,25.098823483783953,25.32803669094366,20568900
25.27808380126953,25.351550081332974,25.03417931623228,25.239881873715543,22677600
25.51905059814453,25.75707991635342,25.307469542457778,25.330978548645195,21062100
25.830543518066406,25.90988662108989,25.68655191163208,25.70712166069507,20405700
25.733572006225586,26.024496180373188,25.715939830459835,25.9187048072755,17562000
25.827608108520508,25.871686866563568,25.442647904521888,25.686554064986517,19764900
25.56018829345703,25.97159500488095,25.469089855969287,25.821726582184834,24974700
25.301593780517578,25.589578698109346,25.27808309183985,25.533744595867613,22081500
25.427953720092773,25.539621926760102,25.14584562840491,25.49848074301474,25409100
25.616029739379883,25.771776718654376,25.23988390220198,25.366245039688156,20281200
25.842304229736328,25.953972448410667,25.53668709754664,25.616030217052245,17347500
25.651290893554688,25.830546871939486,25.589579956856387,25.821732465122796,16953300
25.99510955810547,26.347744655305736,25.836423343991154,25.842300175236964,26057700
25.686553955078125,25.862870667992766,25.375058349150773,25.76295780795791,20873100
25.372119903564453,25.63953337946758,25.319223378158025,25.6042707106934,18249000
25.339797973632812,25.357428469472904,25.013609418884943,25.32804262824244,20628300
25.721817016601562,25.889319325692504,25.08413455725202,25.272208298852313,20914500
25.11646270751953,25.71300573739769,25.057689340840565,25.710066480539773,32350800
25.195804595947266,25.22812969381584,24.95483767178705,25.131154400210118,19654200
24.408246994018555,24.590442198904306,24.096751423892393,24.261316136560787,96795600
24.45260238647461,24.7719725069483,24.251516117066085,24.437816905091463,47572800
24.65665054321289,24.698050916088857,24.233780261387075,24.452608144732448,29804400
24.955318450927734,25.07360400796625,24.736490593429004,24.807461927652113,28497600
24.99376678466797,25.100224656493147,24.780852733108084,24.857739631905893,27968700
25.469860076904297,25.469860076904297,25.058819262431093,25.09726185549305,41200800
24.984893798828125,25.901607387581485,24.79563688719338,25.738963671588962,89162100
24.733537673950195,24.970110526544957,24.689181215889533,24.91096689037366,36129300
24.990812301635742,24.99968393252969,24.786769867346674,24.881398340761347,32147100
24.6536922454834,25.07952026284253,24.630033441317764,24.987849588083733,24201900
24.547237396240234,24.550193478054755,24.29883684303293,24.529494136991786,28197600
24.499923706054688,24.544281855153056,24.18350957487795,24.544281855153056,25728600
24.384592056274414,24.64482028560635,24.343191687676352,24.49991984155819,17740500
24.366844177246094,24.402328992106042,24.192372799619417,24.236729241216796,25284600
24.875478744506836,24.908007486248874,24.325449600628087,24.381635455265226,27942300
24.408246994018555,24.931661215851467,24.399375365773412,24.822247287644828,34406100
24.541316986083984,24.668474156586488,24.49991662292482,24.55610246747871,15713700
25.25990867614746,25.289479646901345,24.632994282041142,24.69213622354891,32766000
25.023332595825195,25.274689181891482,24.913916979830336,25.268775327323926,24844200
25.005590438842773,25.180061846927508,24.943490732929575,25.120919914473063,22088400
25.120920181274414,25.36044737918497,25.044033299340935,25.070648184482152,23117100
24.946449279785156,25.191892029678556,24.881391798396272,25.070648695462015,22807200
24.928707122802734,24.999678462334458,24.77789281478655,24.961235864932718,18756900
24.86956214904785,25.014462593957106,24.683263027384623,24.934619629789974,24185100
24.866605758666992,24.949404803236337,24.795634423854658,24.807462133611665,19075200
24.777894973754883,25.079523616069014,24.74240845485188,24.905052179673397,22552200
24.751277923583984,24.83703643941536,24.562021018199278,24.69213429460616,37509000
24.544282913208008,24.712838810776795,24.491053131995336,24.559066707424268,25506900
24.724666595458984,24.727622677272418,24.357980467547307,24.42599403852093,28057500
24.724666595458984,24.786766310715407,24.591593843234836,24.754237566135313,23899800
24.902095794677734,25.00263811702686,24.51471029952828,24.66256685499351,24276000
25.08247947692871,25.091351106576298,24.869565441657613,24.97602330533833,32439000
25.570409774780273,25.608852376425382,24.98193796198338,25.01446670770395,47818500
25.42550277709961,25.741916831031823,25.360445302364397,25.58814477184768,30378600
25.69460678100586,25.872035978694722,25.298349705978932,25.401849789282394,30899100
25.390018463134766,25.812888673137177,25.339746469460355,25.682775413171047,25401000
25.32792091369629,25.490564628459573,25.289478315322306,25.401850028778714,24766800
24.83999252319336,25.41367878675893,24.662563328334464,25.327920270920004,24375300
24.970108032226562,25.15049331258075,24.86660794833346,24.86660794833346,13188600
25.008544921875,25.307215702489394,24.91983034277562,25.117958836191967,16102500
24.990812301635742,25.097270180272538,24.786769867346674,24.899141602549243,16841100
25.410720825195312,25.570406760969583,25.06769184064652,25.13570540598843,19726200
25.78923225402832,25.82471876630001,25.395932998193956,25.410718480943817,18145200
25.588146209716797,25.77148924332315,25.546747534458955,25.744876050955973,16787700
25.585189819335938,25.84837581104477,25.49647523097352,25.709389227789305,14665800
25.93413734436035,26.01989417494653,25.57927892634945,25.585194474182547,19165800
25.916393280029297,25.940050394355833,25.676864362939263,25.910479424470235,13341600
26.079030990600586,26.22984527119956,25.84541598288888,25.84541598288888,17734500
26.04355239868164,26.374752023639996,26.005109796581703,26.120437602881513,15136500
25.940044403076172,26.16478778331523,25.84837374076755,25.98144476660809,14649300
26.04058837890625,26.073117117209783,25.786275711234072,25.845417641175043,14445300
25.913436889648438,26.067208987025516,25.83950946098767,25.919352437613604,12450000
26.011016845703125,26.170702760399276,25.90751677847747,26.058331065458283,16768500
25.99327850341797,26.028765020986842,25.75966513375395,25.806979362452253,17427300
26.090866088867188,26.445722822523024,26.076080603142824,26.170709065451046,19644900
26.061290740966797,26.283076373768708,26.031718082393805,26.212105038955702,14038200
26.2830810546875,26.300824314573283,25.990324034933646,26.022851088603723,18032100
26.38657569885254,26.513732881624314,26.259418516080768,26.31856213945626,20124300
26.093828201293945,26.35701259829011,25.98737031745197,26.27717130052195,15150000
26.24759292602539,26.271250040392868,25.91047946931141,26.00510792678132,12918300
26.495986938476562,26.697071514963405,26.318559470522874,26.374743622710465,17241600
26.516685485839844,26.60835783623749,26.356999584964434,26.410229346649455,13954800
26.546262741088867,26.720735856300067,26.510777916976078,26.56400599919038,13580100
26.629058837890625,26.68228860290754,26.427974254793156,26.60540172857975,15123300
26.47439956665039,26.65880749730218,26.400041063442288,26.608243510890503,14183700
26.8223934173584,26.87890560592065,26.36732265804218,26.382195719805335,24734700
26.661779403686523,26.92946898058562,26.581474402726595,26.828342714780007,17637600
27.021669387817383,27.101976082663697,26.658803486741164,26.661776737194614,17510400
26.83428955078125,26.89080173518294,26.670701200692694,26.843211004497068,25850700
29.33866310119629,29.805628498427374,29.12153583260156,29.7758857830222,127893900
29.10369873046875,29.645021024166656,29.03231347619176,29.079902511097664,49389900
28.553447723388672,29.234565561985164,28.538576362955155,29.050159331075065,38037900
28.577238082885742,28.66051632270352,28.36308577118234,28.541545463629255,31593900
28.45529556274414,28.806265125726785,28.32442656582071,28.612934030408308,23297100
28.309555053710938,28.51180760294442,28.27386242624729,28.404731422471638,18289200
28.241151809692383,28.45232927048704,28.062693733528672,28.282792651500724,25782900
28.11919403076172,28.437447583264447,28.044837235150858,28.333344665573325,21120900
28.574262619018555,28.65754426118069,28.116216990962272,28.187600526279358,29949000
28.44637107849121,28.800317279820405,28.413653405307457,28.636728913901628,23588400
28.58319091796875,28.70216520724488,28.389861527210847,28.404731185972693,21176100
28.511802673339844,28.68431417305716,28.2887288960153,28.609953978058503,18974100
28.36309051513672,28.633753349403822,28.3273995918284,28.493959503157953,24842100
28.737852096557617,28.80031247970984,28.363086393808693,28.45528949238239,28423800
28.68729019165039,28.7675968906253,28.556419511271155,28.711083004172522,18452400
28.502883911132812,28.696215001790073,28.446371719988104,28.493960754434372,20017200
28.821138381958008,28.907395003822316,28.580218235202395,28.5861681414815,24997800
28.743803024291992,29.047183533685775,28.699188944288576,28.931184202608,19390500
28.544523239135742,28.77354524261266,28.532626832109475,28.63077814678928,17700000
28.29170799255371,28.440423298581038,28.229247598060596,28.3511934341974,22958700
28.134071350097656,28.20842815696296,28.062687794356037,28.116225035682696,18958200
28.202482223510742,28.39878829404438,28.068638258458577,28.181660954377467,15989400
28.3839111328125,28.431500166936512,28.00319885982038,28.095403677134478,20279400
28.3273983001709,28.520727671604895,28.22032213129225,28.42554961123186,17025300
28.479087829589844,28.490984235877963,28.241140982730265,28.360113555201092,16656900
28.52370834350586,28.63970769154328,28.443401626224045,28.529656547992357,28590300
28.232223510742188,28.5534503720415,28.214378897717545,28.386888737050295,16011000
28.28575897216797,28.708110361015645,28.253041299441254,28.550473604827197,18579600
28.134071350097656,28.431501981395304,28.1132500826408,28.285761618788378,17755800
27.997251510620117,28.244119845413596,27.90504669049157,28.01509782444089,16090200
27.93181610107422,28.06863500354191,27.866380751817736,28.041865532868396,18918900
28.077558517456055,28.15489027560531,27.97048233531862,28.044840842411787,14982900
28.300626754760742,28.437445631981817,27.913964636443893,27.93775914979026,23263800
27.979402542114258,28.416626977730367,27.970479386050503,28.404728869006025,18982200
28.02104377746582,28.107298684779774,27.720638227259894,27.979402949201763,18135900
27.753358840942383,28.015100261299192,27.62843803716722,27.91694722866539,20080200
28.163808822631836,28.235192365066354,27.667097276159634,27.735505866106834,17287800
28.874675750732422,29.070981801188307,28.312528772322807,28.446372723685702,34796700
28.482065200805664,29.103699322036928,28.46421888687367,28.73190849009909,27008400
27.93479347229004,28.639707610452643,27.839615393102317,28.49693878975275,29779500
28.199506759643555,28.306582950897553,27.860435274189474,28.184635397342394,25661700
27.905046463012695,28.253042772008282,27.905046463012695,28.10730071352365,24916500
28.496931076049805,28.574264520895525,28.059706680391663,28.166782841453053,33725100
28.720008850097656,28.737855162021322,28.22627053107801,28.30955218544315,28618200
28.60401153564453,28.925238365183954,28.476115794395916,28.6724184316863,34195200
28.895492553710938,29.044209562584932,28.553447858287857,28.553447858287857,26852100
28.89252281188965,29.023393515577748,28.77354851658143,28.952008257625533,21368700
29.088815689086914,29.145329566615224,28.586157714617514,28.70215701789326,28217400
29.017444610595703,29.496309953731007,28.93416294139031,28.999598295491936,31094100
29.499279022216797,29.58850717609937,28.850875516860917,29.15128105286864,32211300
29.427888870239258,29.64501271745922,29.154251145246153,29.389224704870042,44776800
29.683683395385742,30.257726666425782,29.472506026348853,29.59742679557652,38118300
30.46295928955078,30.516498229930363,29.761020178032098,29.805634259763625,38125500
29.826454162597656,30.48377916233537,29.778865130158962,30.48377916233537,37064700
29.91568946838379,30.09117085635851,29.659897961545823,29.731279817215952,23205300
30.141733169555664,30.210143472134316,29.835381092101006,30.004915968234695,21909600
30.60869598388672,30.6860277261074,29.930549806562595,30.097113100449956,22850400
30.73362159729004,30.766339270752887,30.35290932705777,30.498651381225347,19106100
31.0280818939209,31.072695976645885,30.650341157642167,30.83177584532737,26017800
31.194631576538086,31.307655924640454,30.94181512025273,31.031046660246815,17884200
31.396892547607422,31.498017104191913,31.173818767260688,31.230329248542983,25351200
30.89423942565918,31.590228718634588,30.828804069384685,31.3790546912069,26829300
30.61761474609375,30.977509065818833,30.498643892775632,30.83474199953588,23870100
30.198246002197266,30.680082844747623,30.043579088596058,30.635468763527285,31445700
29.606359481811523,30.575986579759025,29.332721655800082,30.433219462340436,48247800
29.05609893798828,29.570656736858528,28.827078680123716,29.392197050168257,42705600
28.785442352294922,29.222668508584547,28.6813428315609,29.130465395167185,27643200
28.006175994873047,28.31550474078159,27.839614362460754,28.250069388282917,37861800
28.00914192199707,28.23221569124373,27.753350485056334,28.06565410238522,28052700
28.28575897216797,28.419602913920325,27.997249823154593,27.997249823154593,14670000
28.300626754760742,28.574264509202887,28.178679235641418,28.461240145328183,30103800
28.26791000366211,28.4166252914243,28.080527141278925,28.25303864507768,27126900
28.98769187927246,29.035280901841148,28.270879886694793,28.389854145034203,30212400
28.9371337890625,29.097747198372655,28.773545427017698,28.85682708440742,18723900
29.044204711914062,29.276203343164863,28.871694916579372,28.969847921813503,31992000
29.371381759643555,29.62122330054298,29.050154976295318,29.15425448372484,27246300
28.496931076049805,29.433841954103972,28.437445643618467,29.222664584369898,31278900
28.341426849365234,28.5328217612334,27.84200468170581,28.392266764532277,31101600
27.868921279907227,28.449086700502676,27.647621332546933,28.260682968756303,25489500
28.09320640563965,28.18591436923262,27.61471921033783,27.97956526895417,21830700
28.06629753112793,28.257694165952692,27.88686393463216,28.185921069595505,19357500
27.844995498657227,28.200869766478057,27.83004298526703,28.200869766478057,28917600
27.80013656616211,28.01545582836683,27.64163616751226,27.88686045499962,24126900
27.468189239501953,27.680517347719242,27.38445310224077,27.527999299369384,34480800
27.145206451416016,27.516034942102706,26.962783393218942,27.27978249371094,27005400
27.237913131713867,27.291742519343412,26.998667796371198,27.154177007663126,28820100
27.07941436767578,27.81209950811889,26.989697575408496,27.300716016762486,36694500
26.101503372192383,26.94782961839545,25.76058163531154,26.94782961839545,49121400
26.0566463470459,26.75643524540939,25.957957708362407,25.978892595407313,44764500
25.66488265991211,26.188229126545036,25.65291962380365,25.880201909016872,18330900
27.037548065185547,27.04053754116994,25.80843194458442,25.84431934604103,30084900
27.39043426513672,27.39641492861768,26.448410463059368,26.84017386715996,29644500
27.551923751831055,27.95265902574366,27.408377554252954,27.533981760538033,29622000
27.856956481933594,27.92872957204619,27.587807821812724,27.713410301708404,21017400
27.913774490356445,28.00648245939144,27.40538224330659,27.40538224330659,24458100
27.770235061645508,28.323486689635107,27.722386327696324,27.874904381060066,24831900
27.943683624267578,28.009474339727966,27.719392505147127,27.874900010496784,24087300
28.272642135620117,28.461047564178244,27.86592796369244,27.997512816095284,23369100
28.47002601623535,28.63749659645266,28.0842449308183,28.42815794337957,21602700
28.37731170654297,28.75112966890901,28.341426017224084,28.62253771357802,18816900
28.39824676513672,28.404227428191682,27.84798640635446,28.075267003292232,28188900
28.36236000061035,28.496934333995796,28.275634395148867,28.407219252542493,16183800
28.395263671875,28.544792269309376,28.19489685717416,28.2547086383891,21255300
28.784021377563477,28.888692375643057,28.52384460930207,28.550760155482976,21174600
28.813934326171875,28.96645064475821,28.658423398062986,28.688330135563362,16230000
28.930561065673828,29.071116047640118,28.75710987277813,28.804958595729037,16843500
29.226634979248047,29.367189999760612,28.963465219640216,28.993370251884457,18361800
29.154855728149414,29.435969148815932,28.942525924626466,29.05317589605988,24189600
29.519699096679688,29.711097416363447,29.166814327031187,29.56755124340867,25037400
29.415035247802734,29.44494027650084,28.837859295660245,29.36718651740353,22829100
28.990373611450195,29.579514272051075,28.933554745355366,29.531665544977724,21654600
29.02625846862793,29.02924965550993,28.73318717999392,28.867759787988245,17627400
28.921592712402344,29.05616532890131,28.86177923821419,28.939536412417706,15760200
28.350399017333984,28.94850812362187,28.188909130834876,28.91262072164184,35547900
28.65842628479004,28.96944474992543,28.299560799486454,28.299560799486454,44169000
28.069290161132812,28.709267397677433,27.84499900958846,28.685343030995444,37775700
28.341426849365234,28.341426849365234,27.916768960856373,28.069286995152,21805800
28.589643478393555,28.691321601572245,28.41619054919984,28.48497416789572,18299700
28.601604461669922,28.7122561454768,28.4760019750636,28.53880321836676,12794700
28.92757225036621,28.954489512140164,28.41020981615044,28.443104318571343,21030300
28.58366584777832,28.915615804790967,28.45208097106328,28.810948194393127,18507600
28.76906967163086,28.813930627725963,28.601599150187493,28.604590336915226,16628400
28.999343872070312,29.059153918501472,28.858788893992877,28.954486337246944,17643900
29.289432525634766,29.307376227193316,29.035236361308993,29.098037605558364,16375500
29.462881088256836,29.666237316903924,29.014298856963283,29.21167613390391,21602400
29.902496337890625,29.905484102853894,29.56456403521225,29.60044801647214,28443000
30.56339454650879,31.155522814789684,30.524519391178888,30.61722563359251,62091900
29.869600296020508,30.605278470221673,29.501762920125724,30.44677974440138,52895400
29.72306251525879,29.881561220784167,29.57951632408046,29.8038074616973,19239600
29.770915985107422,29.95333737366464,29.648301241048298,29.85166094440033,24260700
29.642316818237305,29.94436170729283,29.621381929717074,29.941370520016932,27705000
29.513729095458984,29.62437909009993,29.268503025556804,29.61241776099566,25464300
29.34027099609375,29.424003702689628,29.184760064392208,29.343262183274526,23706900
29.60344123840332,29.746987440541936,29.238595069102438,29.340274912354904,34127700
29.28644371032715,29.773904611984307,29.044208853283845,29.74698734626078,31057500
29.26251792907715,29.483817871901135,29.11897174272556,29.343262872800608,23051400
29.409053802490234,29.663249976868475,29.334291228382302,29.346252555757317,18357900
29.3851318359375,29.60643179840882,29.265508292151967,29.388123023454124,14089800
29.142894744873047,29.36718587763379,29.08009350149293,29.22064850227648,18379800
29.184755325317383,29.43297248485116,29.008312956823392,29.172794000947555,16977000
29.4509220123291,29.480827040378482,29.253544720309886,29.31933715098296,16035900
29.41802215576172,29.52867211481311,29.322324708884267,29.465870879200445,15211500
29.61540412902832,29.711105024582,29.424009182744165,29.51671889055998,16446900
29.531213760375977,29.594352912637373,29.341792862766052,29.588338349250293,14777400
29.591344833374023,29.618403486235106,29.344799353534874,29.549249772450516,43800000
29.964170455932617,29.997243674051354,29.543240465781007,29.555266152144405,17310300
30.02129364013672,30.21371837623848,29.937106957885774,30.063388701675038,16243200
29.657487869262695,29.931091970630632,29.627421938232185,29.8258577711986,18969300
29.78377342224121,29.804817514601524,29.495136284939477,29.54023519248798,19653000
29.549251556396484,29.925082641657013,29.447028061180053,29.639452806088453,20124300
29.51618003845215,29.651480200370493,29.35382122048055,29.40493469144584,16222200
29.561281204223633,29.72063273385588,29.47408723478999,29.573306890785748,14837700
29.22754669189453,29.723645055997654,28.563081805719733,29.507165457041154,25413600
29.2034912109375,29.42598190251642,29.02309214396167,29.34179521248423,24162900
29.323753356933594,29.365848420059002,29.17643095847214,29.341793606726508,22319700
29.410945892333984,29.57330469174038,29.332773774254175,29.456044794207838,25517400
29.1463623046875,29.558273896722138,29.13433661813582,29.392907803539405,18822000
29.221529006958008,29.28466815897163,29.101261825468516,29.200481476011557,17062500
29.49814224243164,29.549252270862713,29.236563773239048,29.2395710551058,12078900
29.714624404907227,29.825869770806687,29.51318120962765,29.54023987027636,13968000
29.83488655090332,29.840897674011718,29.543242134951647,29.600366729024675,16267200
29.67253303527832,29.834891882260607,29.510174188296038,29.7056062611757,13102500
29.946134567260742,29.982215072431472,29.615402337906314,29.6184096201416,12273300
30.306930541992188,30.315952389068812,29.907048008924242,29.976201739872376,16820700
30.535432815551758,30.67374026379574,30.367062869165977,30.367062869165977,15486000
30.797012329101562,30.941330905457836,30.4452360142848,30.457261702107918,15335700
30.947345733642578,31.085649746853342,30.830085814095128,30.93531660489062,14485200
31.01649284362793,31.08865384544489,30.790994874188847,30.968386656025274,11187600
31.022499084472656,31.208909221111917,30.93530513747444,31.001451557785153,11183400
30.778968811035156,31.130745088525373,30.718836937473796,30.902239840001123,15238200
30.98943519592285,31.055581636130377,30.64968458977786,30.827076377381843,15152400
31.127737045288086,31.22395285778906,30.99544761485412,31.010480582876745,14093400
31.124738693237305,31.314156188221972,30.917280945278897,31.040551992968645,11883300
30.526412963867188,30.769951186960306,29.964171673822328,30.201695333076362,24323100
30.535432815551758,30.667725699671685,30.300916427106014,30.631645196579676,19139100
30.920272827148438,30.94432763541812,30.502350210579227,30.59856256200775,18400800
30.47528648376465,30.911249273683417,30.451231679503326,30.899223591965022,16011600
30.412153244018555,30.685757340845484,30.138549147191625,30.496339914001886,15021000
30.69178009033203,30.893223254958276,30.607593397891854,30.76393765469068,15950700
30.80602264404297,30.8330847355704,30.2287484902299,30.29188763575162,13841100
30.457256317138672,30.718834765794465,30.294897517340292,30.607589431240118,13726800
30.156593322753906,30.37908399033533,30.0243004585188,30.14156035552952,17646000
30.087078094482422,30.207980721468076,29.87851829564842,30.00546743762523,18720300
30.80343246459961,30.863883767385644,30.135434499680873,30.153570582337498,26228100
30.192861557006836,30.57371236211895,29.926873757994144,30.362129350190877,22084500
30.313770294189453,30.489081157470366,30.19286422279667,30.26843181458126,19061100
30.189836502075195,30.334925149936762,29.963140678447132,30.286563420350824,20220900
30.6220760345459,31.423066198293157,30.480014085008257,31.081514251633955,51366000
30.486055374145508,30.81552119171854,30.198908234650176,30.29865495698535,37113900
30.685550689697266,30.824589382605726,30.301680061339923,30.343995282893577,21582300
30.56464385986328,30.72483841187772,30.347014349811925,30.68252319616671,20667300
30.900148391723633,30.960599679756932,30.54650351398429,30.709724758956792,22022700
30.788320541381836,30.809476422514635,30.422582538776705,30.776227513186896,19363800
31.03314971923828,31.09964753939924,30.85481905857567,30.88504471153897,13449600
30.95758819580078,31.30519015238159,30.951541681056845,30.999906880799234,30815100
30.866905212402344,31.09662084132537,30.670435030776808,30.8638819556197,19560600
30.888065338134766,31.28100575540691,30.803434891208994,30.97874575856145,15058800
30.6613712310791,30.836685567572594,30.407472957557484,30.63416883294594,17782500
30.818553924560547,31.036180059203023,30.64928607841192,30.718807171555646,19844100
30.99990463256836,31.027107028734154,30.661369013550793,31.01501745922761,17894700
31.562114715576172,31.670927777689123,31.011999430581692,31.05733791820335,20708700
31.770666122436523,31.936910658848387,31.495608552693238,31.583265706193302,24191100
32.05781555175781,32.14849596860173,31.752532309775756,31.806940559882104,20428200
32.49911880493164,32.57770619615761,32.15152032922783,32.18476578092345,18977100
32.62607192993164,32.937401734890095,32.56864387284554,32.64420801614429,20241900
32.892051696777344,32.919254086990094,32.620013958235674,32.620013958235674,13905300
32.840675354003906,33.12177947687281,32.69559013619193,32.94646514530028,16455000
32.967613220214844,33.124787954352456,32.783232638901026,32.879956084386215,13577700
32.99482345581055,33.11270626400275,32.72278913307044,32.98273388702532,12441000
33.1429328918457,33.2366331061236,32.91926029676163,33.18827137045396,14733600
33.13386154174805,33.20035935057081,32.90716572407178,33.188266324164005,11773800
33.345455169677734,33.396840170982784,33.031102105820516,33.19432342332843,15004500
33.590274810791016,33.91067430511613,33.32731027683053,33.351489412758546,39535800
33.623531341552734,33.919744818438346,33.56005331889409,33.699095474568814,18098400
33.466346740722656,33.68095298862029,33.369623285205925,33.514708468481025,18315000
33.297080993652344,33.57516178110065,33.2789449141336,33.505640719462704,12485100
33.27895736694336,33.402883254406476,32.90415298788091,33.266867795774836,16443900
33.39683151245117,33.70513452214066,33.32126392931595,33.4149641349356,19520100
33.436126708984375,33.84417993644955,33.25476933465494,33.64166322170215,16544100
33.73234939575195,33.73537265334255,33.351498498747276,33.499606988743274,12188700
33.949974060058594,33.974156660642336,33.55099055281629,33.60539880980123,9621900
33.847206115722656,33.925793510925935,33.614463728343914,33.85324917128937,10738200
34.07086944580078,34.13434399613188,33.762563004576755,33.82906081141954,14147100
34.11923599243164,34.27036424832889,34.034602093666756,34.122259249370394,16270200
34.14945602416992,34.33987967072784,33.971121944273584,34.19177469614067,13737000
34.43358612060547,34.43963263458634,34.1615517962361,34.258275265305386,11689800
34.63913345336914,34.69051845582221,34.342916469184274,34.48497844600993,11229900
34.753990173339844,34.78421582897985,34.59379212298507,34.66028648993035,10038000
34.6874885559082,34.90813789342576,34.469859016340926,34.85977615786683,10464600
34.63913345336914,34.811421088318994,34.518227361767515,34.70260802725092,8065500
34.6754035949707,34.693536221498874,34.379186628142534,34.56356728282224,9670800
34.42753982543945,34.85372908427152,34.41545025771968,34.76002542190786,11388900
34.101097106933594,34.560535268947014,33.9499654043547,34.48799094479594,13550700
33.88045120239258,34.215960087564476,33.72327297063023,34.191780949818956,17262600
33.853248596191406,34.09203749418483,33.72327620580427,33.86231836804415,12531900
33.919742584228516,33.97112757493656,33.75047824560066,33.907653015563106,11554500
34.161556243896484,34.25827972555869,33.798844917215526,33.88952188410963,14187000
33.934844970703125,34.14945117924058,33.78069350510356,34.10713597237675,11239800
33.871376037597656,33.97414600441092,33.753493247324045,33.871376037597656,9105600
33.363582611083984,33.95601647413446,33.136886756348275,33.8260440918432,18633900
33.06132507324219,33.90463399204919,33.043188988427524,33.34545245653254,22365000
33.0673713684082,33.29104398113031,32.689543765336886,33.170141361974345,16970100
31.985275268554688,32.64420350064612,31.915754190873464,32.64420350064612,22710000
32.42355728149414,32.59584490462661,31.915757266165585,32.097114661576114,21049200
32.704654693603516,32.83765033423572,32.01550081076141,32.34798645323766,21835500
32.962833404541016,33.06003297103832,32.735021703304795,32.807923116243124,13123200
32.586185455322266,32.944609304936385,32.41304980720152,32.82311158025679,12580500
31.96047019958496,32.45254441460781,31.845045254969794,32.41609370028061,17605200
32.62567901611328,32.838303541158815,31.84808234217822,31.969580084414908,20025900
32.258148193359375,32.82312041263576,31.93617148882987,32.03944736350271,27938400
34.22947311401367,34.51803721216391,33.46099083491924,34.18087332053267,59438700
34.32060241699219,34.909876259725365,34.0381145758542,34.65169005517626,32895600
34.56968688964844,34.8643204133727,34.50589985629104,34.733711682891084,21534300
34.035072326660156,34.63953331571679,34.02292324789869,34.58486072322455,18336900
34.02597427368164,34.64866085478356,33.983447267712855,34.62132107205146,24469200
33.992557525634766,34.259858183687044,33.82245995098235,34.080646190528945,17986200
33.664512634277344,33.992562223173096,33.451888029479456,33.904477022238304,18710100
34.0168571472168,34.10190419143088,33.78296908529819,33.88624496544208,17807100
34.147457122802734,34.26592019313687,33.87104560944378,34.147457122802734,17201100
34.238582611083984,34.34793126167175,33.92268226078153,34.10493232918176,16113000
34.65168762207031,34.8065979434699,34.41779959440112,34.68813486019693,15811500
34.706363677978516,35.0465622673357,34.597015000432364,34.931137311430184,17115900
34.821781158447266,35.02529472621502,34.47247170267153,34.530182430169226,17828100
35.20755386352539,35.22274108544064,34.87646964486716,35.14072869664539,17348700
35.06479263305664,35.830240437438775,35.01315468802416,35.74215176930898,17479200
34.84912109375,35.15894520943028,34.815711994850616,35.064783762027666,13039200
35.33512878417969,35.42017583017019,34.7488895474773,34.77926746519622,17921100
35.25007629394531,35.526487868311655,35.07693711998202,35.23185093478434,14572200
35.240966796875,35.44751857878489,34.997967767686,35.23489399372797,15852300
35.514339447021484,35.55990458829579,35.204515257470284,35.43232705931287,13422900
35.66925048828125,35.90010041162608,35.52345108555798,35.587238106991165,16915800
35.10427474975586,35.59027271055119,35.04656053658738,35.39891166526271,18270900
35.38979721069336,35.44447328477428,35.00707512052172,35.02833514144351,13813500
35.58723068237305,35.60849417712519,35.289555660367945,35.51129459558857,11868000
35.57204818725586,35.78467273460982,35.46877231461398,35.66013336439303,10141800
35.53256607055664,35.73304157566208,35.477893460896865,35.64495638181807,33997200
35.72695541381836,35.96691621660659,35.4049787749422,35.420165991517095,15487500
35.96387481689453,36.40734914815604,35.84541175744761,35.91831317130133,21819300
35.98514938354492,36.06108548290397,35.78467390987886,35.98514938354492,13840800
35.93352127075195,36.31320534749519,35.90010868267168,36.08539351099615,11960700
35.97908020019531,36.21600296259565,35.766455603928726,36.20993015912846,10304100
36.04893112182617,36.27977752528992,36.01248040902036,36.04589298307047,10204200
35.79682159423828,36.179547167569055,35.75733621456449,36.1005729320898,11187900
35.271339416503906,35.70569946412808,35.1164256033522,35.66013432864525,17833500
35.32904815673828,35.4778856830992,34.80356134402416,35.19843598831253,15619500
35.89097595214844,35.93350293862711,35.29259128814443,35.35637829173145,13881000
35.60849380493164,35.93350511955576,35.50217980841338,35.87275625076315,14085000
35.71482467651367,36.04591245713158,35.43537485424655,35.48094000793636,15375300
36.124874114990234,36.23726093751374,35.848462529620114,35.897062330606815,11710200
36.331417083740234,36.41342945316259,36.024631102162196,36.115754412128624,13024500
36.52277755737305,36.66553878431819,36.06107782855439,36.42557450424132,18383700
36.1977653503418,36.589601824741365,36.17650533120243,36.40431707324258,13719900
36.307125091552734,36.44684821912587,36.106649604218546,36.246376207923724,13550100
36.273704528808594,36.483290912117766,36.17650494593677,36.2402919549382,11344800
36.401283264160156,36.52581915956263,36.255483870957846,36.349645327292976,11732700
36.188663482666016,36.63213799896996,36.185625343132635,36.58657633436587,16776900
36.37089920043945,36.39823549313985,36.09144956838482,36.237248923004955,10230300
36.32230758666992,36.50151955096439,36.264593373825754,36.373945521488935,7634100
36.252445220947266,36.40432089027547,36.05196975456984,36.19776914571751,8520000
36.176509857177734,36.319271112127055,35.99729788467019,36.191697076805035,8700900
36.15827941894531,36.24636806131451,35.903131384144025,36.146130340176505,7692900
36.212955474853516,36.358754848421675,36.00336561647623,36.2220664148941,10213800
35.58420181274414,36.064127044175414,35.562941788585356,35.99426374045678,14373300
35.87276840209961,35.95478079320252,35.55382978064059,35.593318644410736,8988600
35.61761474609375,35.92743893051721,35.4870025558355,35.82112838027854,14643900
35.72695541381836,35.833265929842646,35.60849234362931,35.818078713267745,11287800
35.71177291870117,36.17954902975235,35.59027515821234,35.96388633352646,13938000
36.103607177734375,36.188657690395004,35.56293661582614,35.745183245072525,12651300
36.298004150390625,36.334454864470466,36.058043322272596,36.09449403635244,10843200
36.519744873046875,36.72933127499811,36.31015847109564,36.4498815803526,13324200
36.279781341552734,36.71717951283836,36.12790914910529,36.544043822995604,11498100
36.15827941894531,36.33749136627747,35.92742954168164,36.05500355908229,13317000
36.182586669921875,36.44988382498957,36.088421735483635,36.32838606617656,15189300
36.74755096435547,36.862975895993756,36.04285229649303,36.19472793836047,23135400
36.64731216430664,38.084042275970816,36.301037379643624,37.84711961875777,67512600
36.10664749145508,36.753632102189364,35.95780995436753,36.656432503617715,30413100
36.525814056396484,36.71414041888664,35.91528026895308,35.97906727730892,19644000
36.416473388671875,36.559234654129305,36.361797308310045,36.48329855040344,11146200
36.185611724853516,36.595673504229936,35.96387628821669,36.51366114835465,15227700
36.40736770629883,36.449891235302104,36.04590554330714,36.09450535193911,12908400
36.2554817199707,36.54100421116951,36.22814542165826,36.495442555271595,11529300
36.1218376159668,36.4559634355057,35.81201343609078,36.44988715655695,17644500
36.2038459777832,36.23725855602395,35.97907234750818,36.13398268216495,18877500
36.07322311401367,36.38912344411851,36.064112175435106,36.26458410934001,10302300
36.17346954345703,36.44077015463954,36.146133244997564,36.18865676217135,9471900
36.231178283691406,36.26155271944699,35.793780151774584,36.19169290766169,17012700
36.0458984375,36.13398361795648,35.772525002352445,35.96388605934255,19784400
36.051963806152344,36.206877589010716,35.93350421023071,36.182579432561035,16669800
36.20452117919922,36.24113538774277,35.82618250493642,36.11298914956345,13058400
36.54624938964844,36.552352922272135,36.28385335440495,36.33267114022412,13022400
36.41809844970703,36.57065532014739,36.363177138334976,36.482171567112914,14448000
36.35098648071289,36.47913276105089,36.314372260123676,36.41505962088189,12846900
36.30825424194336,36.50657360654621,36.16484919758822,36.43029692785281,10519200
36.54015350341797,36.646944396338924,36.21063599897631,36.30827159104588,12447000
36.70186233520508,36.81170149320371,36.314368277955566,36.35708602786672,16098900
36.77813720703125,37.02527791898178,36.74152299228516,36.74152299228516,16052100
37.003910064697266,37.13205629348535,36.82694605866978,36.90322274444296,13727400
36.57065963745117,37.1259623816731,36.56455610489273,37.0740928300966,15309000
36.63778305053711,36.76897756973973,36.54624752447061,36.595065307798315,13392300
36.70186233520508,37.26021691692758,36.61948209377514,37.06494225910664,23863200
36.317413330078125,36.823898259966384,36.31130979786959,36.674393146366356,13457400
36.463863372802734,36.491325773528956,36.31130650692488,36.34792071341123,6682200
36.4669189453125,36.56760627779899,36.293006683932475,36.494377857182165,12671400
36.48828125,36.59506863310393,36.38454214160587,36.59506863310393,10632000
36.43031692504883,36.555414936841395,36.34793667015107,36.55236316967399,8837400
36.25945281982422,36.552359588155305,36.06112987406844,36.46082404072427,14736000
36.28995895385742,36.57981391896878,36.21673052509633,36.26554831369584,20294700
35.96958923339844,36.24419234508404,35.878057190652314,36.085531915911034,16197600
35.8963623046875,36.03061208664089,35.627862740780714,35.8200821149103,19336500
35.563785552978516,35.85669223010914,35.453946421985286,35.777363774851636,20540700
35.44175338745117,35.61566568754102,35.29530000534287,35.48446764783624,17627400
35.80788040161133,35.810932168036686,35.417338100531715,35.43869697378563,16691100
35.50886535644531,35.80177553449507,35.38682264967078,35.77126485780144,18164400
35.3563232421875,35.560746237880345,35.20071804310891,35.508876674279406,18337800
35.44786071777344,35.4570160201324,35.12749496970524,35.231234112758166,19757400
35.173248291015625,35.35326409669273,34.941362932563166,34.97492537896348,22362600
35.3624267578125,35.371582059671816,35.173259086748374,35.240384000151664,16108200
35.07561492919922,35.48446435275136,34.97797935019344,35.40818764781676,30135000
35.26784133911133,35.298352027156916,34.94137208860935,34.962730966931026,22061100
35.42344284057617,35.55464086754892,35.14273967917823,35.15494325357195,14778300
35.33495330810547,35.48751018418401,35.100019699508906,35.45699950731293,12915300
34.89559555053711,35.40208050140037,34.82847066035632,35.392928694431795,13150200
35.3502082824707,35.463099182420294,34.37995619775966,34.53556134654422,21055200
35.575992584228516,35.667524611352285,35.377669700404,35.386821506427175,15810600
35.3593635559082,35.734650464053736,35.3593635559082,35.56378648538634,11326500
35.56989669799805,35.61261095482579,35.188506186224686,35.27393819160393,13744500
34.93220901489258,35.47225639929824,34.75219322009069,35.33190308947656,23327400
34.86507797241211,35.20680239643199,34.813208431925375,35.05729730622529,13041300
35.170188903808594,35.46614732458214,35.054246249705415,35.16103709846589,15696600
35.64007568359375,35.6827899432036,35.04205509871185,35.27088872233576,17048700
35.48751449584961,35.76821764558084,35.411237794404435,35.64617143154499,16058700
35.530216217041016,35.62479999181334,35.31968980193662,35.42648063801299,11068800
35.164100646972656,35.691941061099044,35.10307578792294,35.31665406528714,18434700
35.209861755371094,35.24037243477314,34.91695504304332,35.21901356250233,17390400
35.3471565246582,35.52106876058208,35.21290676766016,35.240365675510574,14206800
35.8322868347168,35.86279751194135,35.264780556549006,35.347160781744584,15999600
35.96958923339844,36.17706745038077,35.746859167682025,35.90246433869517,24391800
36.500484466552734,36.59812004112389,35.807880145344114,36.1465563816632,34539600
35.905513763427734,36.595066280659196,35.905513763427734,36.46081650000823,21563400
35.9085693359375,36.036715597697395,35.65532857897843,35.76211596653709,15068700
36.18012237548828,36.231988442538366,35.79262831389654,35.8322942975837,18726300
35.490570068359375,36.14350847957897,35.37767914142436,35.838394657629884,19848000
34.90169906616211,35.719397829413076,34.7979599647103,35.499716053316135,23292900
34.71558380126953,35.13968857199163,34.67591781909101,34.99628696793444,20019900
33.68430709838867,34.8040680125832,33.66905175698696,34.343349020458994,28476900
32.854393005371094,33.11068544342753,31.84447509741553,32.857444770914164,52369200
35.3563232421875,35.51498020825277,32.73541407650253,32.8300013944686,51222600
34.45013427734375,35.85975008262048,34.276221999442186,35.41733822591435,33340800
35.627864837646484,35.64922371104798,34.62099839718408,34.855935529429665,24625200
35.368526458740234,35.77432417073685,34.75525398617394,34.90475564975885,25638300
35.768211364746094,35.97568605127891,34.48063852341627,34.74303801210263,29411100
35.74686050415039,36.80559653508079,34.39521773541315,34.7277869632034,59243400
36.5493049621582,36.82085283289242,35.063412360384554,36.033668136909,37797300
34.913902282714844,36.31741444558982,34.41656914414026,35.8536437517466,31620000
31.746843338012695,34.016871823448376,31.420374220405765,32.347912027973706,56323200
34.81321716308594,34.96272229078855,31.694978829523176,33.025266146886,42962100
32.573707580566406,33.96806839268427,31.121377158617197,32.09773315795709,36753900
36.387596130371094,36.390647896990885,33.70261414766394,34.40742209271075,52806000
37.40056610107422,39.07867809170366,34.935265926549626,35.087819340055326,77355900
36.60682678222656,38.92061097090908,36.0490669222493,38.14220078565164,57100500
34.92741012573242,37.6303986297408,34.289967462919975,36.622139092571686,55423500
35.022422790527344,36.021486816792475,34.38804520877458,34.988711836769006,39366000
35.25226593017578,35.96938469327024,34.11222764614314,35.509692459045915,42705000
33.526885986328125,34.93660831016794,33.11316229174675,34.62095219451153,53287500
33.65560531616211,33.977392028736084,32.74541653107396,33.52689203400208,58250700
33.582054138183594,34.40949811438259,33.28172082834112,33.74447836507274,36160500
35.30130386352539,35.488243242976615,33.99884121135133,34.28078642266542,29212500
34.82015609741211,35.6077620768641,34.51982279178629,35.03161411637768,26258400
34.97951889038086,35.40550024479486,34.262400007623256,34.36965991015942,28269600
36.36165237426758,36.502626706691785,34.42788126483552,34.68530777493446,29515500
36.616031646728516,36.74781022339446,35.865198182483844,35.9203625310328,28625100
38.6356086730957,38.7336762755433,36.45053749487805,36.48731372258942,47768700
37.385231018066406,38.764307477338185,37.27796764518644,37.995089788885274,41369700
37.33926773071289,37.942996047985545,36.95618971379223,37.90621982886912,27876600
37.327003479003906,37.65492064654066,36.058255591927455,36.22987208792288,32828700
38.39962387084961,38.5130142930643,37.133937609337444,37.164583290241595,24194100
39.53353500366211,39.775638709386584,38.62640804067548,38.95126000200777,34098900
39.45998764038086,39.80322425031304,38.95739205263084,39.533540096096246,22435200
40.55405807495117,40.734870438898895,39.303694371233085,39.53354053714673,31882200
40.48969268798828,40.75018448549782,39.757247579666576,40.29355752246706,30915300
39.79402542114258,40.87583414513681,39.76644500835926,40.572439082999686,24401700
39.59789276123047,40.155652634705945,39.27610956775376,39.861449855763304,27900600
40.32726287841797,40.569366532174854,39.50288084081924,39.839986794600264,19448100
39.389488220214844,40.17402872937935,39.144319311100936,39.794016043459614,28839900
39.66838455200195,39.80629014788064,39.39869688636051,39.64080413426105,17343600
39.31901550292969,39.93500502448441,39.27917400617866,39.83999918773364,17923800
39.22706985473633,39.91354290206336,39.13512930820032,39.31287635527227,20732100
37.87865447998047,38.54060915142578,37.55686769551811,38.48238303731646,44612100
37.250389099121094,37.82960222295793,37.094095442705665,37.71927708271333,40497900
37.67024612426758,37.90622279033174,37.01441869653834,37.22894198191297,31143900
37.9092903137207,38.12381361184867,37.29943137363579,37.95219357047679,17807700
38.22494125366211,38.387365463217854,37.77444133697431,37.93993081598833,19337400
37.786705017089844,38.457858850034725,37.648799433730076,38.372048827195435,17309100
37.5189208984375,38.16224314260224,37.39887414325404,38.002179628156945,27345600
37.84210968017578,37.8636574312324,37.43580229908645,37.7836274563664,20830800
38.06681442260742,38.2638159164917,37.86366246634814,37.872895205113814,25341900
38.10066223144531,38.67934447902095,38.10066223144531,38.31612913817881,19100100
38.0791130065918,38.85787181692176,37.888269102635014,38.014473295319355,29175300
37.98984909057617,38.51620306989818,37.337294433554824,38.430019131401224,22233000
38.765541076660156,38.765541076660156,37.88828300138229,38.005250979592766,31770000
39.29497528076172,39.57200322887307,38.81479186015468,39.24572578948411,38633700
38.46080780029297,40.6277851414188,38.41771229926994,40.55391267518093,74746200
38.614715576171875,38.96561952645173,38.36231060955638,38.9348390343818,32246400
38.47312927246094,38.82710849678162,38.24535078544733,38.44234877665931,22448100
38.26996612548828,38.58393205156722,38.09759467892408,38.50698082744045,22359600
38.12528991699219,38.63317495486709,38.05449268930154,38.27303835569399,23730600
37.70051574707031,38.319211268621366,37.2541916525391,38.159151331545615,31073700
38.072967529296875,38.460809442054675,37.90982882334834,38.08220378959652,24424800
38.186851501464844,38.386928175920204,37.53121801431776,38.242258487846556,29311200
38.156063079833984,38.29457875567567,37.663568378663484,37.996003182603566,20550300
38.14991760253906,38.21455733228402,37.80209597229287,38.042185893831146,19187700
38.005245208740234,38.16530866770338,37.75591904482923,38.13760341220161,20262900
37.586639404296875,38.13453788165124,37.497373145796466,37.7990276495818,24015000
37.417327880859375,37.762074234817156,36.9094428474234,37.72821499774805,39337200
37.31883239746094,37.31883239746094,36.77093057007164,36.80786856351383,28344300
37.35268783569336,37.55276450343906,37.10951919505191,37.42963904536456,20746200
37.294212341308594,37.70667727911286,37.28497960265246,37.417337833200136,28141500
36.964847564697266,37.731295031571136,36.77708590057689,37.24187897652201,34162800
36.24149703979492,37.168004475578904,36.03218761866462,37.094128490120646,32359200
36.34614562988281,36.53083203087777,36.016789565105185,36.44464457406678,32703300
36.829410552978516,37.007943002900554,36.48774294090149,36.87558480327602,25167600
36.63858413696289,36.97717312539292,36.44466489297291,36.89406789734185,20166900
36.31845474243164,36.64781090551056,36.216877015437014,36.487747431488195,20070000
36.89098358154297,37.02949579668175,36.24458267642402,36.59548662879171,40078800
37.45426940917969,37.58047011057734,37.06027001626322,37.23572372405125,27338400
37.266510009765625,37.81441192315208,37.23265076422933,37.78363143131935,19727700
37.02949523925781,37.28190020357551,36.807874289331316,37.164932221213725,20614800
36.84788131713867,36.98639702947797,36.43849520908373,36.86327156044294,20569800
36.42002868652344,37.19570897859164,36.327687220425304,36.81402810063843,26991600
36.64781188964844,36.838652335113835,36.3892494351002,36.47543691994961,16511400
36.86943435668945,36.97716607527625,36.487749927299404,36.69706290243029,20509200
36.841732025146484,36.912525744321286,36.52468733654173,36.76785602979723,19733700
36.6939697265625,37.20800865628011,36.58623452771868,36.96484005467836,17695800
36.59548568725586,36.897140139737324,36.38925146282421,36.875592386673944,21695100
39.0764274597168,39.261113922720284,36.389249814689826,36.46004705540477,93458100
38.303829193115234,39.43964628311924,38.291517700545946,39.39963305161865,52217100
39.322669982910156,39.455028187198884,38.46080580106343,38.6639577146083,42771600
40.224552154541016,40.436940315480754,39.17184056354312,39.627400892495594,44236800
39.867496490478516,41.13259290086664,39.673577296990054,40.42463461148358,42338400
40.63394546508789,40.784772683922974,39.71667066061771,39.793625408093504,26455800
40.63086700439453,41.286500603813856,40.26149407713224,40.71397573689848,31731300
40.69241714477539,40.85555581278772,40.396920290722825,40.646246421817246,17676600
40.55082702636719,41.05255805121101,40.46771831435626,41.05255805121101,18189600
40.46772003173828,40.85863710875711,40.366142321347425,40.618547220870106,18342600
40.73244094848633,41.24340478755236,40.461567023997894,40.49542626455895,21712500
40.834022521972656,40.947911744802546,40.38154086159337,40.8063172626996,16164600
40.52006149291992,40.98485117850067,40.418483749364604,40.93868043759418,16796400
40.396934509277344,40.75399245294819,40.17223479823301,40.307671784660435,13037400
40.387699127197266,40.62471031533183,40.27996388682588,40.27996388682588,14045700
40.55698776245117,40.747831717876046,40.2984288476315,40.47695778989275,14414100
40.22762680053711,40.58776691787356,39.96906791664483,40.495421943197314,14223300
40.052181243896484,40.144522706603716,39.6212473727274,39.83671430831195,13788300
39.83055114746094,40.04294282221851,39.28265291034874,39.907505878060235,21631500
39.79978561401367,40.05219060269977,39.482744404410084,39.98755085918045,14971500
40.52006149291992,40.54160572511525,39.68897406619618,39.907519800275644,18219600
39.95676040649414,40.24609980322438,39.65510599684699,40.15375834195327,25483500
39.81516647338867,40.08603685301676,39.71666399045038,39.74744447523079,14496300
40.006011962890625,40.15683917552788,39.74129553307853,39.88596523893834,16558500
40.59392547607422,40.73551994566869,39.907511446191165,40.08911914048769,17683200
40.076812744140625,40.89866384154372,39.93213950288724,40.81247635204417,25360200
40.59700393676758,40.70166041157438,39.732060972091126,40.15991608585869,19094400
40.75155258178711,40.785551031381,40.405388800429954,40.55374470672588,19867200
40.98335647583008,41.097713925749886,40.6835532697677,40.9029974734878,20106300
41.910560607910156,42.07436994114696,41.36968066727767,41.52421577198305,39465000
41.63549041748047,42.53799117989452,41.15951582920918,42.086740798687494,80232600
40.924625396728516,41.62004424652509,40.75154530549573,41.48096259881568,38155200
40.35593032836914,40.81954290296894,40.195208802969056,40.553738171553945,26810700
40.68354797363281,41.00498394115777,40.21066471725804,40.34974636344679,24864000
40.5908203125,40.946254665701666,40.28174296344869,40.87516638022831,19813800
40.37446975708008,40.56300689592922,40.077758006718945,40.42701312607627,21722400
40.396114349365234,40.45174914033335,40.08704043051568,40.244667032632975,18814800
42.22891616821289,43.06960292239244,40.457916520016894,40.51355129461315,119018700
43.36322784423828,43.601216945373935,42.60290352936525,43.57958060788439,64050900
42.915069580078125,42.927431685832445,41.888940523722574,42.491638277056346,45236400
45.61638641357422,46.234537689036856,43.285961446075746,43.64139586508143,106798200
45.644203186035156,46.7723276120626,45.00441909345589,46.747603399704445,51666000
44.673702239990234,46.23762339447468,43.829927603954005,45.34130539363043,48015000
44.14518737792969,44.82824409457822,43.30141268221669,44.512987420516055,33982200
42.791439056396484,43.857745781119554,42.73271286745058,43.70629849857443,33966900
43.23650360107422,44.07718681607061,43.10050984378941,43.29831765908268,33669000
42.28455352783203,43.43740559071196,42.21655664486282,43.28904971980177,33709200
42.25054931640625,42.78834148568904,41.89511497169755,42.358727447114106,28879800
42.442176818847656,43.61047867263232,41.997105740462416,42.07746825258919,45733800
42.454551696777344,42.98616119312557,42.244381734412976,42.72344785589924,30427800
42.11456298828125,42.862525193481304,42.049657513255255,42.77907479172173,27860400
42.24746322631836,42.51945075530124,41.731310862679734,41.8580303957288,37245000
41.81476593017578,42.50709339771035,41.64786511640256,42.170200359337876,54709200
42.36491394042969,42.41745730968038,41.81476311131398,42.188742443137926,47275500
42.748165130615234,42.95833859594861,42.21037643674646,42.3649115882176,33102000
42.03112030029297,43.03561309477866,41.97857692550703,42.96143338047298,23133300
42.25054931640625,42.58744227473087,41.74675912104755,41.950746205014745,29453100
42.426734924316406,42.51018533223106,42.021844991116275,42.19492862867384,22618800
42.4205436706543,42.6678034343863,42.25673429824951,42.392728052572785,21197100
42.38655090332031,42.695624765068196,42.15474462273862,42.420549346450066,27702900
43.2426872253418,43.808295109310265,42.40509533658461,42.463817990170696,34826400
44.222450256347656,44.624248698383475,43.35086003227062,43.51776081474449,43290900
43.4250373840332,44.22863429014964,43.31067996136141,43.99373662414383,24585000
43.826839447021484,43.94737970028416,43.601215993424844,43.66921287797902,14259000
43.4652099609375,44.1791735102339,43.347761151397854,43.8484634125276,21475500
43.545589447021484,43.74958013925125,43.34778157713215,43.65994690073352,16949100
43.69083786010742,43.916464810414624,43.616661704737496,43.73719839934893,14676900
44.12973403930664,44.30281412428254,43.75266330056478,43.78357033227179,14494800
44.584075927734375,44.93642248416075,44.20391374796074,44.20391374796074,18402300
45.19603729248047,45.31039825288424,44.618067355178155,44.71697126383863,23800200
44.488258361816406,45.288763897136946,44.432623584357,45.248582635013555,19710900
44.67061233520508,44.80351468834119,44.148277154042,44.22554473013872,13692600
44.72624969482422,45.171317325589634,44.65206998782176,44.93951104683162,16935000
44.18227767944336,44.930239877430076,44.120460078566545,44.846789476475294,14643300
44.475894927978516,44.97968517221141,44.38935312243305,44.5408003978669,14523000
44.630428314208984,45.04150099004546,44.45734824703603,44.45734824703603,13114200
44.36772155761719,44.67989037322652,44.101916828698926,44.565529398943966,13344000
44.46044158935547,44.550071268564835,44.15136775356252,44.49753144003382,10540500
43.9380989074707,44.23481414898331,43.56102822522612,44.14827235092057,16111800
44.15755081176758,44.41408484095743,43.8793839820686,43.90410819324564,11831100
43.282875061035156,43.92884203397578,43.233423094739464,43.56722475150628,16849200
43.245784759521484,43.61358486042072,42.86871396251075,43.27051251095811,15153900
42.8841552734375,43.29831581116729,42.45763263205016,43.01705761473324,18601800
43.39412307739258,43.52084612013649,42.97069189719444,43.452849252586624,16575600
44.12973403930664,44.55625673619634,43.75575117406904,43.780478921684484,15413100
43.87629318237305,44.627346816393434,43.68466816329164,43.755752924227835,17927400
44.34300231933594,44.57790004152753,44.17919290343266,44.506811735239225,14202600
45.053855895996094,45.19294103923349,44.36770794621753,44.618059081795565,16198500
44.364627838134766,45.804917319417406,44.346082913318604,45.74309972433596,28198500
44.988956451416016,45.26094041760607,44.36153459227489,44.42953146809305,18199200
45.7369270324707,46.039818082567145,45.248586707485416,45.40930469627808,18805800
45.814186096191406,45.962541951429984,45.46493102378095,45.89145366545652,12564300
46.52815628051758,46.65178440868082,45.594748349719566,46.03363669369846,19738200
47.115386962890625,47.412098652002975,46.13871010195855,46.52505499463045,34560300
46.166534423828125,47.362655544100896,46.10780823917358,46.51578951019652,42711600
46.079994201660156,46.877408309203226,46.06763209707603,46.31798328458952,24936900
47.01649856567383,47.118490360875846,46.15108748370795,46.19435662297295,18590700
46.4354362487793,47.214301963060095,46.302533885707604,46.72287377559726,21937200
46.6486930847168,46.79395753939717,46.16653563896074,46.47560947359089,18557100
46.78160095214844,46.97322597406041,46.44470792134093,46.899049801317574,17155200
46.92686080932617,47.099940886761495,46.73523226917508,46.7475979109856,13833300
46.85577392578125,47.20193762814083,46.701238769333315,47.02576613495699,10999500
47.22357177734375,47.273023732532934,46.392159233251874,46.855771755285815,32695500
47.17721176147461,47.49246842147544,46.87431720613896,47.473923495936226,22935300
46.52198028564453,47.17103866498988,46.21599779387594,46.979413623385675,23547000
46.14488983154297,46.447784320299384,45.863631674006896,46.447784320299384,25725900
46.02436065673828,46.20980637879295,45.61329148738492,46.20980637879295,20889300
45.777099609375,46.049087132491515,45.48347928752539,45.88527775137192,18479100
46.191253662109375,46.314885301654684,45.48965569163447,45.54528692290985,20716500
45.8265495300293,46.36125032127897,45.70910069908767,46.36125032127897,20139600
45.61251449584961,45.956840841948555,45.46671903939463,45.83276081092724,20652300
45.60010528564453,45.758308028548065,45.27128895724724,45.57528715047627,16860900
45.18133544921875,45.8234617572694,45.10378542047391,45.81725633496471,25088100
45.15961456298828,45.40157273441536,44.9362655547377,45.14100184979973,31871400
45.11308288574219,45.56598279217923,45.00451286263015,45.36434919924468,25650900
45.320919036865234,45.42638634265161,45.02622189272558,45.30851174501012,30679500
45.27438735961914,45.65593908268017,45.02932294195291,45.48222280306956,41384100
45.28059768676758,45.49774130182794,44.99831134219036,45.13480222308759,25553100
44.73154067993164,45.361256178531285,44.40272427967968,45.02623435562817,37599000
44.42753219604492,44.737735806968395,44.142143169989495,44.526797635541406,20430600
44.51438903808594,44.790473496242626,44.4151235935832,44.52679988115802,9054600
45.04793930053711,45.07275743535265,44.46165479692017,44.68189754959589,19344900
44.762550354003906,45.24337109804652,44.54230760094058,45.17822482529563,17938200
44.72533416748047,45.026229684600246,44.650883303442,44.942474237563275,18751200
44.71601486206055,44.75324028477891,44.312751282650595,44.73152486319125,17814000
45.45431137084961,45.56598410784886,44.75635055208277,44.76255242357521,32182200
45.21234893798828,45.62182155071756,44.82149258948733,45.47602609770588,26498100
45.49463653564453,45.94133458931239,44.982799305415035,45.007617441735405,21918900
45.49153137207031,45.83586125112445,45.302308624133914,45.79243395242072,20538000
45.48533630371094,45.60011176389098,45.230967244656775,45.56288633085619,24478200
45.690059661865234,45.907203226227494,45.28989524539815,45.28989524539815,26264400
46.21120071411133,46.508996989538666,46.00956715366355,46.220508844599976,23373300
45.73969650268555,46.24222555126132,45.73349108171088,46.142960115738695,16069500
45.590797424316406,45.910305597788444,45.30230570505233,45.85447101019741,23017200
44.86801528930664,45.25887157412216,44.56711630019707,45.023118849160184,35920500
44.48027038574219,45.001415792027196,44.256924890200494,44.868027616907455,24123600
45.13789749145508,45.1844274977218,44.32516131195577,44.5423048912124,23775600
44.933170318603516,45.20615209076198,44.73463941158377,45.09137663201698,14325900
45.392276763916016,45.70558313699929,45.016926818430306,45.165825002173236,19219500
45.3519401550293,45.367450157731994,44.75324482067395,45.09136926961439,19031100
45.758296966552734,45.85136051342054,45.125482597908295,45.17511175622269,15031500
44.6198616027832,45.866885128076994,44.52990073714744,45.58770149853621,29910300
44.591949462890625,45.37056313479027,44.55472402797591,44.812192261108144,22301700
43.58066940307617,44.59193642243888,43.53723855837229,44.415117433309305,32509200
43.20222473144531,43.89088100168356,43.177410144236035,43.71096281937266,25945200
43.66752624511719,44.09560799349298,43.25495449921808,43.35421993507369,27002400
43.8009147644043,44.06458835873517,43.62409931467979,43.633403896239166,14966700
44.21348190307617,44.415115465952226,43.8195229079248,43.983931048421226,17346300
44.781166076660156,44.93316695660146,44.2134906974964,44.50198245330438,20451600
44.98899841308594,45.15961198255539,44.8121794229042,44.92075298529816,15825300
45.23716735839844,45.38916823377645,44.849410168148886,44.849410168148886,15906900
44.70981979370117,45.25888248088591,44.52680244798545,45.23717060428279,18576900
44.675697326660156,44.96418552320688,44.579531044465654,44.71291920523853,12791400
44.81528854370117,44.858719394875905,44.567124929889694,44.71912580897654,13423500
45.18442916870117,45.410877337580736,44.957980999821615,45.27128731361834,27891000
45.66214370727539,45.755207273398,44.82459291224423,44.871122920299506,25571100
42.702781677246094,43.64580670217716,42.653148968039794,43.11845606060027,96927300
42.91373062133789,43.248748802707325,42.705891619457496,42.74621975564718,36606000
42.71208953857422,42.913723084084275,42.26539515852588,42.72759953822796,32106600
42.0234489440918,42.619041669938014,41.89626619013901,42.532187059928276,31300200
41.322383880615234,42.237488364534926,41.27275115521641,42.14753104663162,46565700
40.9315185546875,41.57053842329914,40.785723121316146,41.28825568741667,33324600
40.30180358886719,40.888091587334586,40.283190877009766,40.78572344712468,42470700
40.751609802246094,41.12385347219509,40.677158938248745,40.816752533237484,34634400
40.360748291015625,41.17969001296047,40.32972828223163,40.79503551401649,29230800
39.57902526855469,40.30490684069948,39.56661797715364,40.17151869560566,41837400
39.56041717529297,40.196337971499965,39.17266353615253,39.66278532883016,45348000
40.053646087646484,40.24907426676539,39.31845983285174,39.343277969095524,34073700
39.66898727416992,40.27698717067242,39.64727185107671,40.11878443816857,40988400
39.982303619384766,40.289404580195,39.805488129828134,39.95438631840552,31988700
41.002864837646484,41.27274027019364,39.85200432410024,39.972985169732034,44929200
40.98735046386719,41.409230285027846,40.801230458954564,41.36890570396806,35489700
41.604671478271484,41.72875150990303,40.971853376916044,41.10834070170827,28437600
41.390621185302734,41.8000937518591,41.20139845379882,41.79699104150425,25071900
41.37821578979492,41.65429667382519,41.2014003415971,41.2014003415971,19881000
41.033897399902344,41.30067375397706,40.9408338170782,41.10214284396915,24156300
40.498104095458984,41.102414701041866,40.47318590802963,40.856330667216994,29815500
41.03700637817383,41.273747019699215,40.46384520025282,40.5354912387015,57703500
41.23324203491211,41.25816378592872,40.80337302216869,40.806488686649956,24654000
41.72230529785156,41.83444428501567,41.00273996428315,41.02765815483779,29154900
41.46376419067383,41.874946474040506,41.44507376280856,41.874946474040506,23547300
41.74410629272461,41.906088784726734,41.38899891892017,41.51048133187927,28125900
42.09298324584961,42.114789334035166,41.560318653915274,41.74099155916628,28653600
42.57270050048828,42.67860815873247,41.927896861336826,42.052494945114496,30146400
42.282997131347656,42.85927386627463,42.198892013027695,42.46678212583694,27230100
42.31103515625,42.63187731146423,42.04002937500407,42.22381437213824,24546000
42.24562454223633,42.6412284263037,42.15528808481251,42.345300864639846,25595100
43.43243408203125,43.65983126455526,42.4262918287782,42.588270746452494,40043100
43.64114761352539,43.90592211940954,43.14897588982823,43.33276092430675,31044600
43.547691345214844,43.84361891030335,43.50096706593792,43.703442507638584,20361600
43.51966857910156,43.95888475884843,43.504093815374254,43.75017793413364,19095600
43.54146957397461,43.638033810739735,43.208164678483406,43.4947417234313,20676600
43.547691345214844,43.72836069731934,43.40440284246549,43.631796473846904,18723000
43.413761138916016,43.61000530186678,43.25800993594631,43.54770268177794,17397900
43.39816665649414,43.44177883080639,43.117817447368914,43.33586762442933,21924600
43.65983200073242,43.756396220019035,43.36079234852197,43.42309138485735,21710400
43.800010681152344,43.909037574131595,43.51966141537392,43.88723148256888,26488500
43.51966857910156,43.78755879301313,43.488519051646946,43.70033797723927,19281000
43.856082916259766,44.16135394545508,43.24242875743604,43.42932589547294,24452100
43.983795166015625,44.13954634054244,43.77509194309392,43.849850082779476,17335200
43.5072021484375,44.06167291225059,43.429324778091406,43.94641825415943,19705200
43.57883834838867,43.71589907822064,43.30783611829723,43.32964220663426,22971000
42.95896530151367,43.61000033632638,42.874860160563344,43.58196291278659,22846200
43.1053581237793,43.28291179014946,42.84681143835699,42.98698782458799,16151400
42.952720642089844,43.1707708078225,42.94649287810706,43.09601268619516,14286600
43.49473190307617,43.60999010590292,42.9558395591718,42.9558395591718,19596000
43.58195495605469,43.606876709669606,43.33275524407486,43.5196559192682,19680000
44.27037811279297,44.463510149849924,43.51031975553965,43.51031975553965,27139500
43.83427047729492,44.242337012225704,43.641142036686816,44.089701519728706,19084200
43.796897888183594,43.98379501919074,43.68787099692849,43.83115951033415,18351000
44.109619140625,44.20656259555627,43.60926236146297,43.781261122685535,16302000
43.84380340576172,44.31914411999167,43.568605396716194,44.29099659162682,23408400
44.03769302368164,44.43172623557153,43.87820586139736,43.9219857387922,26307600
43.64052963256836,44.05332661617793,43.255880175280836,44.05332661617793,26464200
42.511600494384766,43.4622819251142,42.50222037079667,43.42788217390139,25998300
43.230873107910156,43.46228769469797,42.45531823109782,42.60229737904853,21475200
43.63114929199219,43.85630802844345,43.29027970792445,43.40911487726457,16091700
43.43413543701172,43.9063482628795,43.396611362926684,43.78126085826147,19675800
44.37856674194336,45.213537442167535,44.15966017714227,44.87892358182173,58183800
44.38169479370117,44.944595345764256,43.937625860031986,44.00329747181153,34874700
44.53805160522461,44.67877852486989,44.00017071442334,44.250349121366106,30540900
44.328529357910156,44.74445074143088,44.28162157700198,44.56932764360681,22927500
44.33164978027344,44.538044697217245,44.20655880678699,44.33164978027344,18945900
44.513023376464844,44.60683891134031,44.11586593512548,44.344152550622404,21505200
44.45986557006836,44.68189999264704,44.331650273356445,44.52866506942608,19294200
44.30976867675781,44.9320886350742,44.30976867675781,44.8288893624462,56577000
44.41608810424805,44.54743130874565,44.2941250234286,44.384816253542326,21186300
44.30038833618164,44.656890357738504,44.178425234683495,44.4723835442247,20767500
44.203433990478516,44.31601336017331,43.8094008282963,44.21594201403713,23298000
44.2816162109375,44.35979583631063,44.01580190583501,44.2159446098573,18374400
44.35980224609375,44.49740126969995,44.17216753925206,44.2378391498215,13635900
44.062713623046875,44.39732745994685,43.903222878416535,44.35979980487687,16630800
43.72809982299805,44.062713660180016,43.721844020869725,43.940750570516876,20120700
43.49355697631836,43.78438735379265,43.47792104996493,43.574864509123024,17085300
43.74372863769531,43.840672081918406,43.4935502757485,43.4935502757485,16378500
44.015804290771484,44.04707614261516,43.737478367461506,43.85318565081672,25232400
43.95638656616211,44.072093853878975,43.79064359784243,44.072093853878975,15140700
43.781253814697266,44.06583190902088,43.67492667481077,44.0439401852011,19327200
42.88999557495117,43.79376560524347,42.83370409978578,43.73434980826364,28794900
43.06825256347656,43.26527096467176,42.75240255171507,42.84309378901662,19341900
42.270809173583984,42.65233078921422,42.03001089596038,42.35524460792163,44812800
42.65545654296875,42.764908022575156,42.327098525315535,42.42404198016229,20775000
42.85246658325195,43.06824519638001,42.602288221738725,42.602288221738725,19107000
42.51785659790039,42.83996238549825,42.50847647424569,42.6867274543562,19390500
42.81494140625,42.91814065736374,42.561638708395634,42.58352685584367,23444100
43.32154083251953,43.42474005236229,42.818056332437735,42.88372791254991,28640700
43.18708419799805,43.355955054359754,42.717999281178614,43.1683203718652,15549000
42.93690872192383,43.30279440920694,42.915016993480705,43.1245434171248,35962500
44.10023880004883,44.588087552043035,43.3715917835263,43.64366189924433,45511200
43.568603515625,44.172159505919375,43.47166006801821,43.90947311141487,26348700
43.8156623840332,44.11900436287929,43.577992011036876,43.577992011036876,26280600
43.76249694824219,44.015803236710795,43.628025841234184,43.749985344737105,18279300
43.690574645996094,44.153403822386714,43.58112315438159,43.706210573369596,25607400
43.653038024902344,43.984523911753364,43.224608692475435,43.262136341999536,21267000
43.87506866455078,44.04393949403418,43.75936140417635,43.90946841051345,15185400
43.79689025878906,44.02830478592245,43.571727953654715,43.99703293942696,19515000
43.962642669677734,44.15027736793311,43.76249994589445,43.778135872512884,18947700
44.265995025634766,44.3441746770403,43.72811043476061,44.003304955009106,18812100
44.30038833618164,44.60685467235908,44.122133746568686,44.406711930841354,17974800
44.269107818603516,44.44735879450586,44.07834523967841,44.31288769268172,18095400
44.16590881347656,44.71317334726458,43.709331929107435,44.22219671205826,27383100
44.366058349609375,44.55369305772427,44.02518868951455,44.084608076854224,19020300
44.14714813232422,44.57557751908618,44.00329331718218,44.56306949393638,18591900
44.17840576171875,44.44421999945417,44.03142667173361,44.13462231953905,13013400
44.541175842285156,44.631867073081416,44.097110548554404,44.256597704120665,15947400
44.60372543334961,44.988378555680114,44.2378397186624,44.51929357196124,18517200
44.60684585571289,44.719428809690214,44.394195129589846,44.719428809690214,15395700
44.42546081542969,44.79760221863613,44.30037343347793,44.556803998012356,14071500
44.481754302978516,44.672516863710825,44.412954808249935,44.606841690606146,11063100
44.578704833984375,44.70692014246084,44.15652767593083,44.15652767593083,16332300
44.47550582885742,44.678776446072135,44.30350706370127,44.66626842101552,19958400
44.975860595703125,45.00088022352461,44.51928728159149,44.54430333057907,18915300
44.669395446777344,45.01338939151568,44.63812359533149,44.83826272881813,15301500
45.498111724853516,45.51374765108446,45.029026780256956,45.104082089232776,27005400
45.41680908203125,45.80458653620625,45.32924573841086,45.723278995285355,19263600
45.52626037597656,45.80771063389688,45.469968892858816,45.62945606010779,15811800
46.49569320678711,46.58012862582133,45.73577443547908,45.96093674584819,38262000
46.91161346435547,47.40259004410024,46.64579919000429,46.75525065286454,41455800
46.78606033325195,47.14701351956061,46.70758943813912,46.76722746210499,18269100
46.933589935302734,47.19410359031261,46.817456866056894,46.886505951767596,15981300
47.3165168762207,47.62411452383,46.779792494537304,46.98067171126083,47791500
47.30083084106445,47.86580282883391,46.798632720379544,47.20666644843335,50950200
46.79861831665039,47.88776038016875,46.7735066223429,47.25373589694532,28211700
47.115638732910156,47.28827043621609,46.453363029684375,46.55694205166794,22630500
47.536224365234375,47.62097050108326,47.00263944648388,47.231766158369986,19400400
47.22235107421875,47.642942338557056,47.20979343050466,47.561332022428864,16166100
46.735843658447266,47.23804524645772,46.67306980694723,47.23804524645772,18828900
46.75468063354492,46.85512024155673,46.462780043262676,46.58205252677717,21921300
46.24933624267578,46.53809735595238,46.03589943025016,46.28699839310127,23466900
45.988826751708984,46.35605882189283,45.882108327619996,46.29956019878628,23088600
46.359188079833984,46.4533488390526,45.83187848900267,45.95742975996354,16440600
46.48474884033203,46.591463670831004,46.214816965064024,46.450222503169684,25078500
46.384307861328125,46.43139184479888,46.00452172642227,46.31525877571185,19056600
46.62913131713867,46.701323405417476,46.35606001973938,46.49102596286744,20018100
46.84571075439453,46.97125848222187,46.421979988969035,46.516144376843656,17211900
46.2242431640625,46.820602093975836,46.15832988427217,46.757828225985875,25345200
46.28386688232422,46.55379876246167,46.054740162116,46.12379283768637,19508400
45.95743942260742,46.33095031164424,45.77539309464086,46.28386633013271,22328700
45.79109191894531,46.214822658134345,45.64670773047888,46.202265012525864,15775200
45.53057098388672,46.18656782591962,45.39874445165103,45.98882802756608,19529400
45.29202651977539,45.787949318659294,45.17275403882872,45.662398015345666,16533900
45.3704948425293,45.43326869460244,45.13194989424722,45.21983544235169,14850000
45.52115249633789,45.609038041070725,45.10056123797715,45.33596676622381,18428400
45.426998138427734,45.875840601630415,45.20415020461827,45.241812367513056,73032600
44.802391052246094,45.57138164442603,44.45085239319229,45.04093244831529,25054500
44.8902702331543,45.379914232978294,44.780415980529,44.78983062252393,17437500
44.78668975830078,45.07231870826907,44.66114204508752,45.03151354627255,15044400
44.811790466308594,45.08172229392229,44.71135088356875,44.953035201037736,15585300
44.93735885620117,45.10057594736718,44.72392554252804,44.72706495443585,13360500
44.64858627319336,45.056619917430815,44.51989556169993,44.84318665798325,21250800
44.099300384521484,44.59208371726853,43.93922635205139,44.53244568744399,20580900
44.080474853515625,44.51676323194243,44.0428126932518,44.14638812398213,21375600
43.747764587402344,44.48536813204643,43.706963019981444,44.14324776150293,22457700
43.01643753051758,43.826229524963665,42.66175953508813,43.71009646706239,30014400
42.60212326049805,43.38681077639135,42.28197158735838,43.028993355352085,29970300
42.881473541259766,43.22359390873031,42.655482644945955,42.67117610796741,20597400
43.195350646972656,43.248709863301066,42.727678937277176,42.762205277724746,19376700
43.70382308959961,44.162080110904235,43.55316368982865,43.55943891981696,21068100
43.83565139770508,43.97061733998767,43.631632778719435,43.83565139770508,13847400
43.79484558105469,44.18718934953461,43.766598065373344,43.79170976198172,13048200
43.747764587402344,44.07105567575372,43.65046439739466,43.735210535273104,15789300
43.430755615234375,43.945507711610645,43.35542411273828,43.78543365681205,17937900
43.90155792236328,43.96433176718061,43.471552056560334,43.471552056560334,19783500
44.114994049072266,44.28762572566787,43.92980832108878,44.13696633300351,20737200
44.46967315673828,44.57325216529023,43.88900785546678,43.942367065205964,19887000
45.4144287109375,45.70319341407258,45.0911376761666,45.395595839863155,33444300
45.825618743896484,45.97941757618822,45.47721591466267,45.47721591466267,17453700
46.07984924316406,46.1143719869862,45.76597280984122,46.007657160619345,13954500
46.56007385253906,46.98380451320931,46.17086952688652,46.17086952688652,21195600
47.09994125366211,47.24432183466376,46.45649848127782,46.69818284530605,19287900
46.68875503540039,47.253730375267075,46.597733685179314,47.08109872208536,17418600
46.305843353271484,46.77351506917543,46.26190237030206,46.75468219304458,14565600
46.5946044921875,46.76095736100369,46.36233835806692,46.5600781539801,12598500
46.89906311035156,47.11249637161775,46.3152583590038,46.42511260477205,22022700
47.015201568603516,47.31652041623214,46.87709619877273,47.07483601902826,12549600
46.993221282958984,47.13760545121265,46.85511593663057,47.071692189011074,13638900
47.13759994506836,47.17212627761744,46.77664315860095,46.955553642538185,14209500
47.48287582397461,47.6617863687461,47.027758116895775,47.13761597308938,15149100
47.15330505371094,47.70886233032127,46.96184047209803,47.70886233032127,15081900
46.85197067260742,47.24117134543125,46.6824784348281,47.150149997884775,15373200
47.015201568603516,47.040313268574565,46.72643677495842,46.930455418207714,15001800
46.591468811035156,46.961840327636054,46.447088216429655,46.682493780506434,16803600
46.61029815673828,46.76409697377962,46.5129979639173,46.695044297067035,13603200
46.37802505493164,46.84255725539625,46.30897238859181,46.76722935975473,18313800
46.11124038696289,46.594605540740474,45.95116274476162,46.5004411653269,28896000
44.93735885620117,46.039058955552754,44.66429108429749,45.543139634252505,73986600
44.55128479003906,45.42385793156582,44.51362263078191,44.93421394118533,33116100
44.93421936035156,44.975020935801844,44.21230913680444,44.614067620030376,24394200
44.69252395629883,45.19786134766217,44.55127920278607,45.07858887829664,28119300
45.44268035888672,45.62473026517915,44.57011094101533,44.77726894969094,29126400
45.76597213745117,45.819331345852305,44.96245537659625,45.276328213304396,29907900
45.9951171875,46.158330683903095,45.71262759264272,45.7408787073311,18089400
45.48035430908203,46.41569774364972,45.32969489159454,45.96371949118725,21039600
44.767852783203125,45.59020603425741,44.64230508148718,45.51173512868158,33039600
44.140113830566406,44.727058046519666,43.945509834387025,44.406906329453896,64818900
43.04469299316406,44.16836162533611,43.01330606274635,44.102448353058136,36621300
42.52052688598633,43.45273461742058,42.448338375609076,43.19849614521124,39805800
43.16082000732422,43.27695307035168,42.464021629159454,42.64292854420102,44142600
43.62849426269531,43.74149151343873,43.03213544912083,43.17651603573256,32589300
43.48725128173828,43.88900968902469,43.34286710911754,43.81681760271432,37739100
43.047828674316406,43.47155938224514,42.69001123295396,43.333454026771534,34496400
43.646583557128906,43.668640701157585,42.76734886593746,43.057272641029876,32351700
44.443885803222656,44.5289731600979,43.35351042110492,43.59616789238851,38575500
45.24434280395508,45.30106891750925,44.12245037899461,44.19493314523605,54039300
45.67607498168945,45.78322309304361,44.79684015639575,45.15925034023513,46721400
45.93763732910156,46.158234029911235,45.190759876267876,45.76115852586746,33489900
45.17185592651367,46.177147587507626,45.03004606523465,45.937642160699056,39069600
43.72537612915039,45.36409316865595,43.611927514409686,44.98592631089834,78581100
43.867183685302734,44.04050683246832,43.362963680616396,43.52683428052297,31017900
43.99955368041992,44.07518489971092,43.49218147810555,43.77265280961294,24620400
44.05625915527344,44.11613730358617,43.65603524207358,44.08777245166305,17028000
43.95857238769531,44.169716547402466,43.756884381897095,44.056264339291445,17592600
44.35879135131836,44.39346030527989,43.98378023722475,43.9932327836029,16040700
44.99538040161133,45.05525495466838,44.30838103488499,44.30838103488499,15783000
44.97331619262695,45.23173030060368,44.850411437965754,44.95755954269254,13045200
45.11827850341797,45.28530476458649,44.90083384717385,45.14664335873053,14949000
45.5972900390625,45.70759019780822,45.03949596201545,45.12773536771881,17947800
45.58469009399414,45.628807998116926,45.067861812442594,45.37985001238161,20706600
44.74956512451172,45.73910000032061,44.67393393002605,45.39244650673603,33930000
45.35464096069336,45.99437406547452,44.98278178037439,45.0174471387934,35418000
45.228580474853516,45.581534499804256,44.875626449902775,45.26009377627299,21828900
45.660308837890625,45.808426374693916,45.05209286244074,45.222267542051156,19723500
45.57207489013672,45.880907360070715,45.102520280109424,45.83363741526644,22731600
45.442874908447266,45.57523582876297,45.121434172041766,45.446026960008695,21668700
45.203372955322266,45.36724719091745,45.06471513415701,45.27900777274568,18946800
45.84310531616211,45.9092839771406,45.09937978662614,45.200223803971134,24252600
45.713890075683594,46.20865754473523,45.44917546862041,45.44917546862041,26867400
44.9134521484375,45.60045162306345,44.79054736503158,45.509060146896616,21123900
45.360939025878906,45.69183591277929,44.7243616642503,44.91974558098925,22674000
44.50376892089844,45.52481371072003,44.45649896324804,44.859875038877966,22387200
44.179176330566406,44.83151040494774,44.138210476316345,44.50376914508077,27508200
44.18231964111328,44.28631569177283,43.27157159474221,43.82621359179389,28699200
43.22114944458008,44.2358935380789,43.114001343097854,44.11614083832403,29479500
42.77996063232422,43.73797872658492,42.594029263626055,43.28102863041262,26185500
42.80832290649414,43.82937123621567,42.66020893959247,43.14867234973465,27759000
43.33776092529297,43.353517578688574,42.21272000439259,42.85875000654615,25131900
44.05941390991211,44.13189665993547,43.07933518489724,43.20223993353124,20193600
44.406070709228516,44.481701909540256,43.801006680870245,43.8703337784618,20323200
44.38716506958008,44.63612304721029,44.16656834321501,44.434435023844095,18149700
44.4312744140625,44.746414594720676,44.04680714438379,44.20122518374248,20741100
43.90815353393555,44.43443433881395,43.59932100695869,44.399768984928166,22036500
43.47642135620117,44.141360048365165,43.36612117851265,44.138211602932195,20010300
43.48586654663086,43.87979001869562,43.3346005392443,43.589862602921514,19458900
43.391326904296875,43.737976820875616,43.3219961996879,43.64658896950278,21473700
42.88396453857422,43.17704046738594,42.68857697956614,43.03207852902963,27810600
42.64759826660156,43.23060150286074,42.28203606910109,43.1171529067579,23733300
42.21271514892578,42.846140476797224,41.821943698022466,42.64760450296883,29363400
42.345069885253906,42.7547464079275,42.1622905741432,42.461670542453255,21824400
42.080345153808594,42.505781867761655,41.81878263004172,42.33245873771571,28490700
43.766334533691406,43.95226948572922,42.15913467788529,42.22846537689171,53831400
43.48586654663086,43.99008657125274,43.224303986687175,43.52053189872775,31103400
43.00055694580078,43.56465514957435,42.83983477787888,43.41653758115625,25380900
42.559364318847656,43.23375909249209,42.493185662104324,43.12976303004792,21030900
42.3954963684082,42.54676239425623,41.601348831089446,42.20010883097959,31717500
42.978492736816406,43.104549541119574,42.256828081093666,42.48372888625299,24997800
42.59402847290039,42.88080384619696,42.155987087528686,42.543606468875346,26286600
42.8555908203125,43.4543507122144,42.54990677199656,42.81777341905435,24024900
42.9091682434082,43.12031242938568,42.600335700146346,42.75160172331536,23863800
43.89555358886719,44.26741636645548,43.03207530815653,43.26527665549834,29885100
45.00798416137695,45.045801566005345,43.359814679706815,43.429145386036794,35576400
44.645572662353516,45.263244898182435,44.26110534387872,44.528972006909505,45870000
43.722232818603516,44.89454742685267,43.67181080125303,44.59201532274975,28305600
43.94911193847656,44.194917798924024,43.53312779645957,44.11928661358072,22122900
44.94810485839844,45.06470912077776,43.80730749739918,43.95857350559465,27512700
44.771629333496094,45.395602063670786,44.71175117704093,44.844112088928,19162200
45.395599365234375,45.6477093621135,44.746417475695324,44.75587002274947,22646400
45.940792083740234,46.05739274019834,45.33257599673292,45.546868607728065,22872600
45.80527877807617,46.306346713173156,45.285302142687584,45.8178833761153,24615900
45.8748893737793,45.96663432289258,45.128287289956965,45.69773158225724,19023000
46.01091003417969,46.05203794275759,45.59015632368687,45.928657837438365,31233300
45.62812423706055,46.59617609573359,45.43514526567133,46.00775007431097,21350700
45.492088317871094,45.862225027911705,45.232674748438214,45.74833764491797,20235000
44.90682601928711,45.4699416834003,44.770792561675904,45.283291209478286,19625400
45.18523406982422,45.52689993068283,44.884692509748604,45.046036330894324,13440900
45.3813591003418,45.53321014291858,45.00489392590735,45.3813591003418,14085300
46.18807601928711,46.20705785434476,45.33391154376705,45.39718191368265,20105700
46.57719421386719,46.852425389376364,46.26716361110018,46.377890377980464,19934400
47.412376403808594,47.510446199557215,46.517084031146325,46.54555497303082,24991500
47.111839294433594,47.62433801852657,46.877736011699305,47.0707149990425,27163800
47.77302551269531,47.85527772503835,47.08653324860584,47.34594323666882,20939700
47.78251647949219,48.4658444755244,47.47881434338564,47.74138856462951,25332600
47.91854476928711,48.506967141772414,47.7318906716439,47.7318906716439,18657900
49.03212356567383,49.16815703795158,47.611682713478224,47.77618712912086,28018500
49.52246856689453,49.838823999142114,48.85811890080162,49.06691544110882,27088200
49.797706604003906,50.11406208003657,49.418077136432785,49.63952705578012,23294400
48.810672760009766,50.06028068858347,48.60187619133733,49.658508764394,24712800
48.475337982177734,49.16183023197923,48.26021291700317,48.79485771672807,26761200
49.737613677978516,49.9179393652535,48.51331565281493,48.544950849076756,29284500
49.693302154541016,50.07609219684815,49.48766985348494,49.70279126086638,22360500
49.31367874145508,49.97802849801012,49.10172155049963,49.58890992380737,14671800
49.873626708984375,49.96853587920285,49.364292293458305,49.56359612029512,15855000
50.5000114440918,50.72778982630777,50.0760934825238,50.09507531607635,19821600
50.5759391784668,50.86065944317859,50.32285409645469,50.59175676981664,18168300
49.62370300292969,50.73095245552338,49.56043264004275,50.696153031852674,21046200
49.649009704589844,49.816681958919126,48.82964836796643,49.468687722179325,18057600
49.13019561767578,50.02548445749758,49.09856043017305,49.468697192536204,19601100
48.79485321044922,49.41491078592328,48.7252543570162,49.202953603534795,17496900
49.41807174682617,49.661667717665786,48.75056143935957,49.10804116946931,14955900
48.39940643310547,49.42123954269038,48.31082574457501,49.29153456262367,21088800
48.07988739013672,49.032121659053225,47.55473535716124,49.0226289313574,20016000
48.247554779052734,48.80750622475965,48.016615763640374,48.22224808002263,17950500
48.915069580078125,48.97833994914612,47.931200135328716,48.095704543071406,20022600
48.4959602355957,48.842043700786306,48.07050132894731,48.781715458418546,23234400
47.48629379272461,48.880147792254505,47.07670992359131,48.16893357461343,34258200
48.04193115234375,48.61026590395988,47.05130956747107,47.14021224992378,28207200
47.365631103515625,48.353076773894244,47.16877857169137,48.08002091776738,24861300
46.87032699584961,47.86412058375874,46.64489638635915,47.43548594136835,27878700
46.82587814331055,47.673620273022784,46.52107206596626,46.94653100312287,25244400
47.00685501098633,47.11163278001964,46.400418608707156,46.898905130967925,19962300
47.05765914916992,47.54027061426411,46.502023722217594,47.42914134872849,21449100
41.704498291015625,43.638112640587856,41.47906764739912,43.31743145472085,132940200
38.87233352661133,40.72657207996941,38.58657468577573,40.65036875346002,104253000
37.805519104003906,38.6691400841285,37.6562917879177,38.3770333085195,71008500
37.8467903137207,38.36749977884937,37.23400242456059,37.98649400525461,49356000
38.92631149291992,39.297793637317675,38.05634286716744,38.07539006581501,43680900
39.412105560302734,39.54545778802505,38.44371040316493,38.48498418939648,34584900
39.17079544067383,39.58355505851878,38.92631759490935,39.37082376000166,27121800
40.005836486816406,40.132837204423375,39.497826349238274,39.783581597429084,28197600
40.79325485229492,40.83770437765266,39.786758156916115,39.8439106611548,25299900
40.84087371826172,41.24410602869779,40.45668860600995,40.46939158289899,36912300
39.831207275390625,40.93295449967084,39.586729438057645,40.79960229138464,28534800
40.48527145385742,40.49161930947733,39.47559905278651,39.86930781064796,23214300
39.78993606567383,40.45669715017876,39.71690846743743,40.2185671532626,18302700
39.64705276489258,40.101086133969005,39.55815008439806,39.948683096081986,19855500
39.17079544067383,39.20889711109111,38.38020213060389,38.49450714185575,47707800
38.8310546875,39.3422404776674,38.719929079607915,38.846929774341724,22522800
38.42465591430664,39.48195366730858,38.41513231333538,38.73581350513958,19880100
38.64055633544922,38.9707647362306,37.89124048645403,38.021420580149844,25238100
37.91345977783203,38.49449738694107,37.81185777151648,38.01823752814013,24897900
37.92934036254883,38.10079422725748,37.51975653391982,37.82456259705189,21544200
37.90394592285156,38.23097863158756,37.4340373861964,38.09127854878173,25914000
38.29765319824219,38.65960815354123,37.53881009612238,37.57691176517759,30706800
37.557865142822266,38.38020506296885,37.45626310299698,38.107152760317014,36838800
38.78978729248047,38.983467762224166,37.53563694043919,37.56103926608649,23916600
38.31986999511719,39.13268609213735,38.28811982052416,38.76755545074295,20235000
39.25016784667969,39.35811771639062,38.48180124737698,38.65642721218353,18040800
39.28192138671875,39.786755759561835,39.10411602885107,39.39939849926258,31845900
39.408912658691406,39.60576880299963,38.986629576884205,39.300959172019994,19889100
38.8532829284668,39.86930306420024,38.82788060828615,39.580372111002625,15399000
38.71039962768555,39.164436532617835,38.40876936141391,39.01838138175947,19111500
38.60246658325195,38.754869654717034,38.065878271051936,38.380208016259225,19166100
38.93584060668945,39.027915402967125,38.46910423507686,38.71676145546729,17460900
39.45020294189453,39.5327541389499,38.61198435854532,38.802489077521315,18218100
39.729610443115234,40.09474482488991,39.4660817367634,39.523230614317676,21300000
39.78993606567383,39.85661217412432,39.40892661717782,39.748658649216196,17487300
39.815330505371094,40.19951565772891,39.735955059401505,39.948682708030006,14751000
39.831207275390625,40.11061467071421,39.56767860350602,39.694679322416626,11532900
39.71055221557617,40.36461750922479,39.59942659267663,39.72325519362466,13732200
39.80580520629883,40.151885042814904,39.342244627757054,39.510522746175155,12689100
40.58369064331055,40.74244514326828,39.41526755228705,39.421615406797734,20905500
40.980587005615234,41.36159282941806,40.656730056916324,40.89486005938389,21184200
40.88533401489258,41.37112126887277,40.723407352616235,40.84723234133029,14243700
41.13616180419922,41.263162521917614,40.831355721384924,41.08218504573885,16995300
41.47905731201172,41.69178855703671,41.11710243478835,41.43778354075085,18564900
42.08550262451172,42.088678368916746,41.43461309732459,41.491765595890605,18764700
41.9775390625,42.35219687391584,41.66638158967696,42.08231680132249,13616400
41.917232513427734,42.133135937736654,41.73942712853178,42.034709643829316,20535300
38.72945022583008,38.954880804997075,38.11983820913135,38.459570133035804,95391600
40.19315719604492,40.2503096873734,38.42782142218588,38.49449751194859,42159600
41.19648742675781,41.43779315661929,40.09156444111726,40.09156444111726,33262200
41.926753997802734,41.99343010537803,40.64402559604029,40.74245551855295,30141900
42.08232498168945,42.61890948753817,41.59336573904319,41.612416571039105,24996300
42.12678146362305,42.453814138720155,41.720373336735484,42.27600876641921,19695000
41.43461227416992,42.20932674916373,41.23140823918304,41.961673194114,32003100
39.86931228637695,41.52987080691876,39.79311257535849,41.488597023243265,53106000
40.18998336791992,40.263010949169626,39.726426461485836,39.85025141490545,32007000
40.51702117919922,40.70752588359031,40.19951576093075,40.212215105603484,18175200
40.91707992553711,40.94883010284543,40.390015354779436,40.6059223741958,19325100
41.0028076171875,41.32348880264931,40.76467762828687,41.275863531584235,25251000
41.398231506347656,41.573621685444344,41.00918718586072,41.35996389465378,23854500
42.16356658935547,42.36127650591322,41.39823258258295,41.455630352215636,26625000
42.28473663330078,42.594059751275346,41.88931322837041,41.97541351532621,26516100
44.443626403808594,44.94109075297291,44.06733309199409,44.29374553449085,91773300
44.491458892822266,45.511904193281424,44.134299388261304,44.188511229110745,41792100
44.34794998168945,44.77845141342212,44.16618433246885,44.494637601309634,19197600
43.69422912597656,44.347953438098635,43.65915109364221,44.300120752933594,22918800
42.9129524230957,43.59856521494275,42.87149523825841,43.43274377439372,18667200
42.73118591308594,43.03731948164703,42.47926053215337,42.92570623198829,16955100
43.040504455566406,43.14254896751,42.60362387984567,42.84279093280094,15766500
43.32749938964844,43.36576698973811,43.05962983841993,43.13935461350662,19414500
41.965858459472656,43.633649114990625,41.93715592403391,43.40404707848347,21331800
42.374027252197266,42.68972955366152,41.643771349507325,41.72030656782596,17381700
42.24647903442383,42.619579149803165,42.010501495585665,42.52072418750617,14468100
42.268802642822266,42.66422614351743,42.07108906777439,42.34214464621368,22460700
42.884254455566406,43.094719011705934,42.2209613804232,42.26560814187715,21741900
42.41230392456055,43.26373833860034,42.23372779265676,43.00225146873399,17234400
42.20183563232422,42.6100137831033,41.68523379171925,42.42824444137162,21899700
43.28605270385742,43.359398346902765,42.32938436618808,42.43142889155548,17058900
43.50608444213867,43.64639657189749,43.01180606181552,43.17762749731233,16956000
43.636837005615234,43.84730157743367,43.4104245539465,43.46463639723625,16140600
44.02906799316406,44.086465759216104,43.67828764773411,43.7133656822771,14284500
43.120235443115234,43.99080356882239,42.98949202274984,43.64321277397725,17687400
43.024559020996094,43.53797118511193,42.76307222517548,43.250971435157695,19934700
42.56216812133789,43.09789995629401,42.40272221124887,43.066011504156094,20189400
42.47288513183594,42.906572530300416,41.863803919460075,42.09340592112951,41874300
42.83642578125,42.973544705990925,42.24328871904727,42.35490198373938,16853100
42.587684631347656,42.69291873085355,42.26560683096299,42.565361251313064,13963500
42.97673034667969,43.83135417478293,42.928897658791854,43.19038812840558,24903600
42.53666305541992,42.960785386516974,42.361272886748175,42.91295269944289,16744500
41.474761962890625,42.4696979437233,41.06339427176558,42.370842990677794,27195300
41.873374938964844,42.13805133862827,40.9039519164599,41.057018709487,23011200
41.75857925415039,42.54942259299623,41.55130060363579,42.166757403077405,17171700
42.4473762512207,42.61957685665368,41.366343577491925,41.90526512639857,16838400
42.17312240600586,42.76944889947554,41.97541253286803,42.57173537693811,15241500
41.35996627807617,42.20821103956995,41.35996627807617,42.16994707507138,19602300
42.26241683959961,42.34532755825532,41.458815309659606,41.53216095090889,17574900
42.81090545654297,43.113849438183195,42.530284853880396,42.6865375585244,16134300
42.38679122924805,42.92890238377819,42.25604415535038,42.654657230422835,14553900
41.99135971069336,42.884251076617666,41.95947125468176,42.43780539365551,14200500
40.996429443359375,41.98179673685855,40.840173067971406,41.87337670144268,17080500
41.2387809753418,41.43330493867262,40.90713445984333,41.30574746366554,11411700
42.30705261230469,42.667397955450326,41.283417985550926,41.29936221139635,21276000
41.82871627807617,42.9767187239155,41.764939378140426,42.41547397580274,16947600
42.182701110839844,42.39316568539512,40.93584329656352,41.22603267380532,20545500
41.59274673461914,42.48244852555153,41.4715684120685,42.23371637888435,16641000
41.89250564575195,42.358085141965226,41.64376984460516,41.76175859408251,17812500
42.77582931518555,43.08196288583551,42.517528430687136,42.549416888121506,16842300
42.6546516418457,42.96397479286578,42.402729904728346,42.83642096117095,11339400
42.759883880615234,43.17762704050489,42.619571752340875,42.724805848546644,12754800
43.62407302856445,43.81859699403622,42.73118529128737,42.98948617026465,18134700
44.456382751464844,44.79759439142971,43.72931270686282,43.83135724125604,18806700
44.66684341430664,44.78483216878694,44.10878809993762,44.35433433594804,15051300
45.008060455322266,45.29506391104633,44.58712764934112,44.75932826301535,20754300
44.8773193359375,45.31420004469078,44.73700717693934,44.9666092234273,16602900
45.4449348449707,45.56929909919246,44.65727753769939,44.660467113325595,13648200
45.38753890991211,45.623516443132,45.20896279669185,45.39072848592328,22572000
45.18344497680664,45.776578322053496,45.12285763671479,45.59162307670986,14814300
44.88369369506836,45.78296067819121,44.8677494650123,45.01443711140811,15522000
44.87412643432617,45.189828768677025,44.35114910247076,44.48827167507559,10976400
44.9538459777832,45.34926576936263,44.25866446809673,45.29186800575918,14669400
45.42580032348633,45.59162175943091,45.04632111675932,45.04632111675932,11364000
45.53422164916992,45.942399716236224,45.12603993270384,45.467255163129344,15068400
44.47551345825195,45.65221509772971,44.392599086610566,45.52465761392771,15932100
45.39710998535156,45.502340453358116,44.80397289622012,45.444942679791026,20310600
45.46725845336914,45.63945904404901,44.64133353323421,45.495957335349104,19270800
44.13111114501953,45.70323620011788,44.092843535911236,45.16750062080199,37525800
47.01707077026367,47.91952746323382,46.09548026850606,46.43350237514916,76548600
47.35508346557617,47.89719455901209,46.915016899125845,47.1573699136665,32593200
47.195640563964844,47.42843216510968,46.784272853791485,46.879941884878534,24791400
47.906761169433594,47.90995074502349,47.44118166710853,47.728181430399324,18987000
48.20014190673828,48.51584423678031,47.894008304552294,48.02794494873402,21157200
48.37233352661133,48.61469016232905,48.190567874522905,48.47119211575389,16898400
48.60512924194336,48.90807323779581,48.43292865180827,48.496705566850885,16920600
48.81240463256836,48.81878013401037,48.42654629343442,48.50946065677876,8777400
48.95271682739258,49.31306223994898,48.70079509098945,48.70079509098945,17674800
48.780517578125,49.01649507445202,48.646580952398956,48.79964773240025,13841700
48.60512924194336,48.71673884326793,48.21608495102336,48.665716581353834,31338000
48.9080696105957,48.98460482249074,48.066200526749135,48.4871368933723,22732200
48.86023712158203,48.8666162723985,48.305367781342376,48.305367781342376,20733000
48.35958480834961,48.79008629969756,47.99604981016687,48.710365152929484,23608200
47.79833984375,48.44249546735186,47.58149613518505,48.216086680947356,20625600
47.54961395263672,48.21927897180055,47.45713449078042,47.992870155512136,17550300
47.623226165771484,47.78326951387844,47.41836774966863,47.74486130822723,13512600
46.512516021728516,47.28393679464846,46.483705284325254,47.20391144572136,27929400
47.37995529174805,47.4055644250212,46.59253030674871,46.70135904947681,19432200
47.210304260253906,48.07775086527096,46.97023559260022,48.01373353073855,23408100
46.94783020019531,47.54319949743019,46.720564256457585,47.08226807410409,20334600
46.52851486206055,46.867811165427185,45.9747553377479,46.598935402481175,17514000
45.69307327270508,46.32365653814027,45.6354591308991,46.24683279818891,40343100
45.709075927734375,45.95234621109433,45.36657803654948,45.776294866142074,15067500
46.10919189453125,46.29804597573612,45.53302851529762,45.7474880669248,17009400
46.47089385986328,46.71416413491353,46.176408982863364,46.19561491648915,13726500
45.9267463684082,46.40688379481483,45.43060460533188,46.33966484817053,13082400
46.01956558227539,46.02917038108533,45.542629809789936,45.78910169504095,9547500
46.03237533569336,46.237233767346986,45.833916440555335,46.10599381614796,10044600
45.225746154785156,45.9875621042938,45.10411099822939,45.92354475763008,15246300
45.50101852416992,45.77949909249928,45.37298383915443,45.49782058757063,9171900
45.38578414916992,45.449805151413386,45.07209698975387,45.31216567448394,11505900
45.96516036987305,46.00036698165017,45.48182132112223,45.62906195793229,17249700
46.0163688659668,46.109196948526694,45.475415696638436,45.90754011000721,13338300
45.85952377319336,46.1347990746429,45.66106488585745,45.92033951506815,13274400
46.983036041259766,47.22950789563928,46.17000567541017,46.285237604594165,21231900
46.397274017333984,47.3287416968438,46.349261012475814,46.8358015866165,17756700
46.368465423583984,46.557319500347155,46.006761604484524,46.39407089340407,11970600
46.77498245239258,46.79098678743738,46.326853744823076,46.650149371674594,14834700
46.35246658325195,46.86781427182742,46.2180286928684,46.8646126719311,12472800
46.506107330322266,46.675755482016136,46.04837748071724,46.58292740695839,13699800
46.22442626953125,46.64054632262322,46.15720732718964,46.50610843794,15122400
45.081703186035156,46.17321432524175,44.96647123011335,46.157209988673664,22674300
44.43832015991211,45.30256531167124,44.425513760314985,45.25775390255464,17342100
44.98567199707031,45.06249207113775,44.22705407618329,44.62076657156711,29543100
45.65786361694336,45.776297164997786,44.876841787099416,44.96006506439515,13149900
45.77949905395508,46.909421998790485,45.13291510359296,46.909421998790485,13669200
45.56184005737305,45.721887084272666,44.937659949306536,45.52983138462468,12491700
45.52021789550781,46.013161618575964,45.3761788956359,45.78269409036099,15819000
45.86912536621094,46.24363194663882,45.37298363766392,45.64506100527123,18412800
45.50101852416992,45.59704820108916,45.21934001924127,45.49141738805681,15897600
46.05158233642578,46.05478027317868,45.34417894563276,45.55543691868701,14103600
46.307647705078125,46.60853579692129,45.67706811416547,45.98435574211755,12849300
45.9715576171875,46.36847175888779,45.75389644134844,46.22442906620795,17806800
45.36017990112305,46.08038597472073,45.08810253951826,45.88833028912984,17155500
45.03048324584961,45.485015142156406,44.822423231935964,45.39538867009004,17454000
45.12651062011719,45.22893983039201,44.39350181303535,44.73920131350224,16341300
44.883243560791016,45.16492205475504,44.80962142187836,44.918453830431204,11691300
45.29935836791992,45.43379624256819,44.99527235020052,45.091302020061676,13064400
46.003562927246094,46.07398346846066,45.507421202181476,45.801906102763056,15002700
46.704559326171875,46.77178192542587,46.256430643422256,46.32045164321312,16015800
46.570133209228516,47.09508209581477,46.27245032084678,46.64695696310652,13831200
46.915828704833984,46.92543350481451,46.27244630613905,46.40048100061618,14674200
46.17961120605469,46.730169100239095,46.15080413680557,46.56692049379363,16312200
46.87421417236328,46.954239517761636,46.27564319762526,46.44849296179108,24770700
47.159095764160156,47.48238774118357,45.501018745158724,45.734687907499065,54393900
46.170013427734375,47.2359153621848,45.6962755714877,46.97984233035859,29844000
45.48181915283203,46.21162642817818,45.04008993714473,46.21162642817818,22021200
45.60344696044922,45.689871829683014,44.66237453405578,45.081696145601256,20623500
45.27375411987305,45.801904497311966,45.02408063465341,45.68026935431015,16647300
45.4946174621582,45.66106401235963,45.11690929297671,45.13291362806694,18054000
44.86083221435547,45.22253601575999,44.611162411615695,45.152115482463785,14180100
44.97286605834961,45.04968979635954,44.65277569734229,44.761608105137206,14785500
45.02729034423828,45.19373692225885,44.73920860130789,45.14572390896347,16888800
45.020877838134766,45.126508643445774,44.819221026081394,44.972864834763584,16720800
44.57275390625,45.350574104199296,44.4255096298354,45.19053075569313,17387400
44.204647064208984,44.467123285282966,43.942170843135,44.3518913412426,19090800
43.906959533691406,44.486328166100115,43.826937860997326,44.43831516248367,15415800
43.84294509887695,44.2622667505082,43.56126659444623,43.8589494344756,20065200
43.97098159790039,44.33268542827277,43.718110175548624,43.750118845399996,28142100
44.204647064208984,44.25906326819282,43.85254803285775,44.073410785250715,25542600
44.697593688964844,44.75200990088097,43.75972633869551,43.81734415069341,33133500
44.44368362426758,44.88400491738937,44.31512048808669,44.813295744215644,28905600
44.80365753173828,44.832582675625126,44.22191786272212,44.41475705953029,43081200
45.28575897216797,45.61359072789227,44.93542784082219,45.0286363871069,33928500
45.13148880004883,45.44325064743362,44.845437374009244,45.44325064743362,19013400
44.84222412109375,45.38860916856969,44.82293946694885,45.202195749397916,18548400
45.20540237426758,45.513953132252176,44.83257557236937,45.06077299957648,22044300
45.57501983642578,45.790362062900755,45.189337811326084,45.32111198216086,22752300
46.33675003051758,46.59708734509166,45.889999296144836,45.89321401820841,26775600
46.156761169433594,46.413883755219004,45.976777198469605,46.16961637917996,21282900
46.35602951049805,46.59065270054675,46.1053327119256,46.40102457985068,24216900
46.818851470947266,47.11775806916777,46.609938692189765,46.76421223491003,21879000
47.39094924926758,47.70913681305268,47.07597272901866,47.111327311458254,20868000
47.789493560791016,47.8730616249085,47.40702621875191,47.48094643814316,19766700
47.320247650146484,47.82163764970884,47.25275319618346,47.73806958463855,18113700
48.10446548461914,48.171959931297856,47.29131372442863,47.30095789005215,26540700
48.4676513671875,48.544789978777274,47.73485294794189,47.82484309056803,17891700
48.37445068359375,48.57050828809361,48.136612722837874,48.326240882603564,14519100
48.233028411865234,48.531931337864954,48.08839535348562,48.531931337864954,18370500
47.99839782714844,48.52228710493047,47.94375859424114,48.14303087436357,11209800
48.04661560058594,48.21052963582542,47.632004751464116,48.09803643831702,13272600
47.72199249267578,48.175172625448035,47.61592874431025,47.89876540661834,10464900
48.056251525878906,48.10446131530361,47.72841980835126,47.77341487618009,16166700
48.16231155395508,48.31979979646303,48.03053372588836,48.13981218269083,13482300
48.2137451171875,48.663710557965906,48.136606503032766,48.48050818843421,12433500
48.522281646728516,48.65727051391997,48.08196046773062,48.27801432601505,13641600
48.76655960083008,48.94975829222567,48.58978667516758,48.840479814875835,25335000
49.097599029541016,49.15866770793022,48.76012681113413,48.76012681113413,13579500
48.71513748168945,49.41579609674708,48.637998863723304,49.26795198320764,17246700
48.503013610839844,48.66371662491614,48.28124558475432,48.52551298913525,12910200
48.65406036376953,48.83404798904868,48.46121753044791,48.46121753044791,12861000
48.522281646728516,48.90796359896541,48.2683738404317,48.62513065774779,14088600
48.7215576171875,49.026893653483334,48.50943379863839,48.54478838142513,11409600
48.58978271484375,48.68941701821586,48.03696828559037,48.682991253006506,11329500
48.40980529785156,48.88548118346288,48.2973120925259,48.71192297045945,12334500
48.5452995300293,48.71306685098577,48.2291301822121,48.57111130715482,14011200
48.9647102355957,49.04213817942944,48.338818049305296,48.49045069559341,14556000
49.271209716796875,49.34541443017776,48.73565312957239,48.80340397495697,14926200
49.3550910949707,49.41961869791942,49.14861162668073,49.271209272495916,15209700
49.21635818481445,49.79708440790807,48.79049524159417,49.58415109022603,15827700
49.4002571105957,49.448650040098435,49.03891806797389,49.216358809483914,11926800
49.38412857055664,49.70675180863597,49.26798110344709,49.55511914518877,16119300
49.000205993652344,49.63577537752373,48.83889252416672,49.52285853338469,16113900
48.322689056396484,48.88728060534469,48.25493821820845,48.66789711464743,15512100
48.242034912109375,48.764683715802946,47.97748173048603,48.76146047424213,26985900
48.867923736572266,49.777723294413995,48.37753322758321,48.974386696417916,46768500
48.364627838134766,48.86469544148694,48.1065285490544,48.845337533287974,27594000
47.93876647949219,48.41947991930819,47.84198062006672,48.29688228208294,16117800
47.84843444824219,48.02587519037644,47.451606517493595,47.75164489675237,16302300
47.629051208496094,47.92263943675918,47.199961289056844,47.912962326879814,20515200
47.15479278564453,47.56775170526222,46.809584708017624,47.38708033185749,21299100
47.23867416381836,47.36772197892255,46.932181910801944,47.00638292762928,15720900
47.122528076171875,47.51935599554728,46.97411866552223,47.19995602300076,15742500
47.383853912353516,47.52580576234407,46.78376979190289,46.916044533176894,30130800
47.558067321777344,47.716153838563734,47.083811463561865,47.17092020986687,20239200
48.01297378540039,48.07427076125838,47.458059300184544,47.49677512290752,19178100
48.329139709472656,48.796945370509455,48.19041110866765,48.19041110866765,15553200
48.322689056396484,48.454963799117166,47.912957093612896,48.296880971440935,15015600
48.3936767578125,48.50982054823078,48.08395752193406,48.151708374023436,24256500
49.0937614440918,49.17764695293273,48.325917358831134,48.51949277005566,18873000
49.39057922363281,49.593835446967326,48.90986944968308,49.09054082772619,15603900
49.7164306640625,49.78095457072366,49.416388590657895,49.50027040774618,14713500
50.10357666015625,50.1713274990431,49.706748735757344,49.85193121459706,15738900
50.61009979248047,50.75850551760186,50.2035910540406,50.300380607071006,21103200
50.88755798339844,51.04886775458297,50.64558963447764,50.65203981003862,18160500
50.17778778076172,51.02306360020038,50.09712919680941,51.00047875363642,34675800
49.73578643798828,50.15197229482926,49.64545075055079,49.91000394513772,19994400
49.83257293701172,50.11648033307572,49.47768407675199,49.75191436396517,19251000
50.2487678527832,50.355234530109186,49.83903212257613,50.00034560568923,13307400
50.15519332885742,50.42297342580772,50.01323779274612,50.29069499800237,18975000
50.02292251586914,50.25843698859967,49.78740435099474,50.216494234316436,14106300
49.842254638671875,50.281025353930595,49.70352601544944,49.73256103682117,12093600
50.113258361816406,50.22617519794247,49.89064423902319,49.919682950599274,18889800
49.77450180053711,49.9261344613913,49.40670887860109,49.848706510119705,21530400
50.71010971069336,50.823026541989194,49.93581179109076,49.99710876107975,19073100
51.03919219970703,51.11662015380509,50.43588477595591,50.590744376296136,8647500
51.01014709472656,51.335997208602556,50.76172491964263,51.02627806914755,17585400
50.68752670288086,51.0327347686287,50.61009875418893,50.9520798862113,14427000
49.51962661743164,50.422976048238034,49.50672257497137,50.26811646228355,19774800
49.96807861328125,50.16810421078787,49.7874072350254,49.864838880604786,12967800
49.89386749267578,50.17132470012195,49.63899512764655,49.93258331049236,11460900
50.019691467285156,50.29392173800326,49.948713699502555,50.106800210278024,16509900
49.72610855102539,50.20036813354865,49.58415300043525,50.14552133517119,11859600
49.897098541259766,49.90032547503454,49.54866353646186,49.72288103886081,10427400
49.958396911621094,50.000335972334945,49.62609289881815,49.81321443557655,10135200
49.86806106567383,50.21971929478415,49.63899677681632,49.90032301754496,13437300
49.88419723510742,50.07131879072765,49.60351305560502,49.9422672776637,12372900
50.80690002441406,50.82948486951255,49.974528303246444,49.98420910492181,14987700
51.094032287597656,51.22630702504803,50.79399023604558,50.9423959489864,16960500
51.394073486328125,51.45214721658825,50.83270886238891,51.11984319569678,12529800
51.352134704589844,51.78445151983331,51.06499667757253,51.768320543363735,15553800
51.53602981567383,51.842522063727834,51.27793049750037,51.37472004940534,15094200
51.348907470703125,51.82639027884146,51.33922666959166,51.64572260500959,13400400
51.59087371826172,51.9231777255592,51.39084814245483,51.39084814245483,11020200
51.57474899291992,51.826394459962174,51.268256724919404,51.60701094827323,13033200
51.33277893066406,51.765095763898834,51.28438599924142,51.60378230034604,11782500
51.36827087402344,51.75864497462373,51.14566042252394,51.14566042252394,12660000
51.38116455078125,51.4585961837545,51.13919623595504,51.30373660995147,13202700
51.0843505859375,51.70056565366264,50.96175295908645,51.542479142929885,14262000
51.77799606323242,52.010287286266234,51.33277521890666,51.45859978522263,14268900
51.829620361328125,52.142566491022144,51.46182743176854,51.93931396105924,11017500
51.91349792480469,52.297421800235625,51.84897402067491,51.91349792480469,13209600
51.88759994506836,52.370022318279155,51.813135145535206,52.05920208771548,15169500
52.191951751708984,52.39592685157548,51.8358049283835,51.981499840315394,14195100
51.80341720581055,52.703501205992474,51.5379272552876,52.45096117141154,20813700
51.53792953491211,52.05920165364492,51.45374581439229,51.654486194084285,14559300
51.5638313293457,52.11748011306016,51.27567622326568,51.764568011403995,26980800
50.407962799072266,52.17251568695241,50.19103411496753,52.09480878361068,53614200
51.13321304321289,51.696573305564634,50.28493239166993,50.28493239166993,27954900
50.99722671508789,51.427841974124796,50.84505501840508,51.0360764616052,15679200
50.83534240722656,50.93247604166895,50.586040773574574,50.82239249105734,16670700
51.18825912475586,51.285389062730935,50.67346007873301,50.705840429994325,14210400
50.79649353027344,51.554121126110005,50.77383210125281,51.19797060984717,14033100
51.09759521484375,51.16882530826662,50.68316827512458,50.89038174498416,12267000
51.38899230957031,51.42460735878774,51.11054872669567,51.11054872669567,11871000
51.81960678100586,51.87788696205908,51.43432176184018,51.4796483213687,12702300
52.191951751708984,52.22108999304141,51.7775247404489,51.93293486967143,10967700
52.648460388183594,52.77149384638237,52.11423469918796,52.16604177078969,19582800
52.311737060546875,52.7617790406357,51.85197986498141,52.732640804743895,12553500
51.890838623046875,52.709981064368684,51.8617003841752,52.402399237662785,15209400
52.27936935424805,52.50600958560562,51.7742855159446,51.93293404842187,14594700
52.92690658569336,52.93014128571943,52.285839432187345,52.45096104955487,19120800
53.02403259277344,53.053170827738356,52.79739240735901,52.93013737249801,12667200
53.208587646484375,53.25391791245659,52.988424243361635,53.09850779755771,11912100
53.26686477661133,53.39960975091721,53.11145467061816,53.260387966052335,11757300
53.27981185913086,53.69747719151476,53.21829698316842,53.39960691121744,14364300
53.50321578979492,53.661864298996534,53.231249034174525,53.42227418521008,14923800
53.305721282958984,53.635968240270785,53.024039291814034,53.490269636500805,63925200
52.91071319580078,53.4870270496273,52.85567512827598,53.31866703130283,12997800
52.89776611328125,53.02727639180722,52.564284463983796,52.89776611328125,14019600
53.069366455078125,53.328383316178375,52.761784627259594,52.968998116139794,10120800
52.42506408691406,53.26039490493202,52.382975928604836,53.182691694446696,18782400
52.56428146362305,52.84919813168626,52.4250559768882,52.52542801175607,13215000
52.79739761352539,52.81034752975686,52.408874189696114,52.57075740576277,10459500
52.61284637451172,52.949566409646145,52.56428141235992,52.75530285576984,14435700
52.36030578613281,52.52543111368449,51.89731385739456,52.45096261075319,15711000
52.62580108642578,52.71969631935896,52.318219259495145,52.45096424252913,11617200
51.78075408935547,52.816821436289445,51.54116027326652,52.78444479485639,18842400
51.83579635620117,51.89083442400073,51.25624409426955,51.63829439525329,12992700
51.5087890625,52.046249518546084,51.37604407757513,51.70305263684896,11253300
52.127197265625,52.14338558880284,51.48289162839188,51.69010512928397,15755700
51.50554656982422,52.11423332928129,51.479643034704274,51.949111724491516,14269500
50.641075134277344,51.47640580294948,49.09992406494685,51.36632226040122,42616200
50.4565315246582,50.459769930083844,49.621200777771485,50.21046458608034,21022500
51.026363372802734,51.181773469871686,50.398246174339846,50.582798211981654,16014300
51.230342864990234,51.63829672090203,50.84505784669543,51.240058081111805,12026100
51.463470458984375,51.580027139510065,51.081420062283996,51.327487047492724,13514100
51.74838638305664,51.95236148246567,51.447277637307785,51.56383430764584,13809000
52.1951789855957,52.47686094241703,51.90702021863359,51.978250309106514,14348100
52.2631721496582,52.35706366774244,51.929686818082224,52.04300876713859,10893000
52.302024841308594,52.56751477643272,52.03653120091545,52.41210467833481,10559100
52.05272674560547,52.39268522448083,51.874651492256696,52.266417049623996,11745900
51.401947021484375,52.1595746367596,51.385758698081595,52.07215620827668,15056700
