setup,model,strategy,assets,attacked_ticker,attack_day,target_signal,target_label,baseline_signal,baseline_label,attacked_signal,attacked_label,success,already_target,valid,min_delta_norm,min_abs_delta_norm,prediction_shift,delta_final_cr,objective,timing_policy
LSTM_rolling_All_MA,LSTM_rolling,MA,"GOOGL,AMZN,AAPL,PEP,JNJ,PFE,MRK,ABBV,PG,KO,WMT,JPM,BAC,GS,V,XOM,CVX,COP,BP,BA,MMM,HON,GE,T,VZ,TMUS,HSY,DUK,SO,EXC,AEP,AMT,PLD,SPG,BHP,RIO,VALE,FCX",GOOGL,30,1,BUY,-1,SELL,,NA,False,False,True,,,,,force_buy,uniform
LSTM_rolling_All_MA,LSTM_rolling,MA,"GOOGL,AMZN,AAPL,PEP,JNJ,PFE,MRK,ABBV,PG,KO,WMT,JPM,BAC,GS,V,XOM,CVX,COP,BP,BA,MMM,HON,GE,T,VZ,TMUS,HSY,DUK,SO,EXC,AEP,AMT,PLD,SPG,BHP,RIO,VALE,FCX",GOOGL,30,-1,SELL,-1,SELL,-1.0,SELL,True,True,True,0.0,0.0,0.0,0.0,force_sell,uniform
LSTM_rolling_All_MA,LSTM_rolling,MA,"GOOGL,AMZN,AAPL,PEP,JNJ,PFE,MRK,ABBV,PG,KO,WMT,JPM,BAC,GS,V,XOM,CVX,COP,BP,BA,MMM,HON,GE,T,VZ,TMUS,HSY,DUK,SO,EXC,AEP,AMT,PLD,SPG,BHP,RIO,VALE,FCX",GOOGL,90,1,BUY,1,BUY,1.0,BUY,True,True,True,0.0,0.0,0.0,0.0,force_buy,uniform
LSTM_rolling_All_MA,LSTM_rolling,MA,"GOOGL,AMZN,AAPL,PEP,JNJ,PFE,MRK,ABBV,PG,KO,WMT,JPM,BAC,GS,V,XOM,CVX,COP,BP,BA,MMM,HON,GE,T,VZ,TMUS,HSY,DUK,SO,EXC,AEP,AMT,PLD,SPG,BHP,RIO,VALE,FCX",GOOGL,90,-1,SELL,1,BUY,,NA,False,False,True,,,,,force_sell,uniform
LSTM_rolling_All_MA,LSTM_rolling,MA,"GOOGL,AMZN,AAPL,PEP,JNJ,PFE,MRK,ABBV,PG,KO,WMT,JPM,BAC,GS,V,XOM,CVX,COP,BP,BA,MMM,HON,GE,T,VZ,TMUS,HSY,DUK,SO,EXC,AEP,AMT,PLD,SPG,BHP,RIO,VALE,FCX",GOOGL,149,1,BUY,1,BUY,1.0,BUY,True,True,True,0.0,0.0,0.0,0.0,force_buy,uniform
LSTM_rolling_All_MA,LSTM_rolling,MA,"GOOGL,AMZN,AAPL,PEP,JNJ,PFE,MRK,ABBV,PG,KO,WMT,JPM,BAC,GS,V,XOM,CVX,COP,BP,BA,MMM,HON,GE,T,VZ,TMUS,HSY,DUK,SO,EXC,AEP,AMT,PLD,SPG,BHP,RIO,VALE,FCX",GOOGL,149,-1,SELL,1,BUY,,NA,False,False,True,,,,,force_sell,uniform
LSTM_rolling_All_MA,LSTM_rolling,MA,"GOOGL,AMZN,AAPL,PEP,JNJ,PFE,MRK,ABBV,PG,KO,WMT,JPM,BAC,GS,V,XOM,CVX,COP,BP,BA,MMM,HON,GE,T,VZ,TMUS,HSY,DUK,SO,EXC,AEP,AMT,PLD,SPG,BHP,RIO,VALE,FCX",GOOGL,209,1,BUY,1,BUY,1.0,BUY,True,True,True,0.0,0.0,0.0,0.0,force_buy,uniform
LSTM_rolling_All_MA,LSTM_rolling,MA,"GOOGL,AMZN,AAPL,PEP,JNJ,PFE,MRK,ABBV,PG,KO,WMT,JPM,BAC,GS,V,XOM,CVX,COP,BP,BA,MMM,HON,GE,T,VZ,TMUS,HSY,DUK,SO,EXC,AEP,AMT,PLD,SPG,BHP,RIO,VALE,FCX",GOOGL,209,-1,SELL,1,BUY,,NA,False,False,True,,,,,force_sell,uniform
LSTM_rolling_All_MA,LSTM_rolling,MA,"GOOGL,AMZN,AAPL,PEP,JNJ,PFE,MRK,ABBV,PG,KO,WMT,JPM,BAC,GS,V,XOM,CVX,COP,BP,BA,MMM,HON,GE,T,VZ,TMUS,HSY,DUK,SO,EXC,AEP,AMT,PLD,SPG,BHP,RIO,VALE,FCX",GOOGL,269,1,BUY,1,BUY,1.0,BUY,True,True,True,0.0,0.0,0.0,0.0,force_buy,uniform
LSTM_rolling_All_MA,LSTM_rolling,MA,"GOOGL,AMZN,AAPL,PEP,JNJ,PFE,MRK,ABBV,PG,KO,WMT,JPM,BAC,GS,V,XOM,CVX,COP,BP,BA,MMM,HON,GE,T,VZ,TMUS,HSY,DUK,SO,EXC,AEP,AMT,PLD,SPG,BHP,RIO,VALE,FCX",GOOGL,269,-1,SELL,1,BUY,,NA,False,False,True,,,,,force_sell,uniform
LSTM_rolling_All_MA,LSTM_rolling,MA,"GOOGL,AMZN,AAPL,PEP,JNJ,PFE,MRK,ABBV,PG,KO,WMT,JPM,BAC,GS,V,XOM,CVX,COP,BP,BA,MMM,HON,GE,T,VZ,TMUS,HSY,DUK,SO,EXC,AEP,AMT,PLD,SPG,BHP,RIO,VALE,FCX",GOOGL,328,1,BUY,-1,SELL,,NA,False,False,True,,,,,force_buy,uniform
LSTM_rolling_All_MA,LSTM_rolling,MA,"GOOGL,AMZN,AAPL,PEP,JNJ,PFE,MRK,ABBV,PG,KO,WMT,JPM,BAC,GS,V,XOM,CVX,COP,BP,BA,MMM,HON,GE,T,VZ,TMUS,HSY,DUK,SO,EXC,AEP,AMT,PLD,SPG,BHP,RIO,VALE,FCX",GOOGL,328,-1,SELL,-1,SELL,-1.0,SELL,True,True,True,0.0,0.0,0.0,0.0,force_sell,uniform
LSTM_rolling_All_MA,LSTM_rolling,MA,"GOOGL,AMZN,AAPL,PEP,JNJ,PFE,MRK,ABBV,PG,KO,WMT,JPM,BAC,GS,V,XOM,CVX,COP,BP,BA,MMM,HON,GE,T,VZ,TMUS,HSY,DUK,SO,EXC,AEP,AMT,PLD,SPG,BHP,RIO,VALE,FCX",GOOGL,388,1,BUY,1,BUY,1.0,BUY,True,True,True,0.0,0.0,0.0,0.0,force_buy,uniform
LSTM_rolling_All_MA,LSTM_rolling,MA,"GOOGL,AMZN,AAPL,PEP,JNJ,PFE,MRK,ABBV,PG,KO,WMT,JPM,BAC,GS,V,XOM,CVX,COP,BP,BA,MMM,HON,GE,T,VZ,TMUS,HSY,DUK,SO,EXC,AEP,AMT,PLD,SPG,BHP,RIO,VALE,FCX",GOOGL,388,-1,SELL,1,BUY,,NA,False,False,True,,,,,force_sell,uniform
LSTM_rolling_All_MA,LSTM_rolling,MA,"GOOGL,AMZN,AAPL,PEP,JNJ,PFE,MRK,ABBV,PG,KO,WMT,JPM,BAC,GS,V,XOM,CVX,COP,BP,BA,MMM,HON,GE,T,VZ,TMUS,HSY,DUK,SO,EXC,AEP,AMT,PLD,SPG,BHP,RIO,VALE,FCX",GOOGL,447,1,BUY,-1,SELL,,NA,False,False,True,,,,,force_buy,uniform
LSTM_rolling_All_MA,LSTM_rolling,MA,"GOOGL,AMZN,AAPL,PEP,JNJ,PFE,MRK,ABBV,PG,KO,WMT,JPM,BAC,GS,V,XOM,CVX,COP,BP,BA,MMM,HON,GE,T,VZ,TMUS,HSY,DUK,SO,EXC,AEP,AMT,PLD,SPG,BHP,RIO,VALE,FCX",GOOGL,447,-1,SELL,-1,SELL,-1.0,SELL,True,True,True,0.0,0.0,0.0,0.0,force_sell,uniform
LSTM_rolling_All_MA,LSTM_rolling,MA,"GOOGL,AMZN,AAPL,PEP,JNJ,PFE,MRK,ABBV,PG,KO,WMT,JPM,BAC,GS,V,XOM,CVX,COP,BP,BA,MMM,HON,GE,T,VZ,TMUS,HSY,DUK,SO,EXC,AEP,AMT,PLD,SPG,BHP,RIO,VALE,FCX",GOOGL,507,1,BUY,1,BUY,1.0,BUY,True,True,True,0.0,0.0,0.0,0.0,force_buy,uniform
LSTM_rolling_All_MA,LSTM_rolling,MA,"GOOGL,AMZN,AAPL,PEP,JNJ,PFE,MRK,ABBV,PG,KO,WMT,JPM,BAC,GS,V,XOM,CVX,COP,BP,BA,MMM,HON,GE,T,VZ,TMUS,HSY,DUK,SO,EXC,AEP,AMT,PLD,SPG,BHP,RIO,VALE,FCX",GOOGL,507,-1,SELL,1,BUY,,NA,False,False,True,,,,,force_sell,uniform
LSTM_rolling_All_MA,LSTM_rolling,MA,"GOOGL,AMZN,AAPL,PEP,JNJ,PFE,MRK,ABBV,PG,KO,WMT,JPM,BAC,GS,V,XOM,CVX,COP,BP,BA,MMM,HON,GE,T,VZ,TMUS,HSY,DUK,SO,EXC,AEP,AMT,PLD,SPG,BHP,RIO,VALE,FCX",GOOGL,567,1,BUY,1,BUY,1.0,BUY,True,True,True,0.0,0.0,0.0,0.0,force_buy,uniform
LSTM_rolling_All_MA,LSTM_rolling,MA,"GOOGL,AMZN,AAPL,PEP,JNJ,PFE,MRK,ABBV,PG,KO,WMT,JPM,BAC,GS,V,XOM,CVX,COP,BP,BA,MMM,HON,GE,T,VZ,TMUS,HSY,DUK,SO,EXC,AEP,AMT,PLD,SPG,BHP,RIO,VALE,FCX",GOOGL,567,-1,SELL,1,BUY,,NA,False,False,True,,,,,force_sell,uniform
LSTM_rolling_All_MA,LSTM_rolling,MA,"GOOGL,AMZN,AAPL,PEP,JNJ,PFE,MRK,ABBV,PG,KO,WMT,JPM,BAC,GS,V,XOM,CVX,COP,BP,BA,MMM,HON,GE,T,VZ,TMUS,HSY,DUK,SO,EXC,AEP,AMT,PLD,SPG,BHP,RIO,VALE,FCX",GOOGL,626,1,BUY,1,BUY,1.0,BUY,True,True,True,0.0,0.0,0.0,0.0,force_buy,uniform
LSTM_rolling_All_MA,LSTM_rolling,MA,"GOOGL,AMZN,AAPL,PEP,JNJ,PFE,MRK,ABBV,PG,KO,WMT,JPM,BAC,GS,V,XOM,CVX,COP,BP,BA,MMM,HON,GE,T,VZ,TMUS,HSY,DUK,SO,EXC,AEP,AMT,PLD,SPG,BHP,RIO,VALE,FCX",GOOGL,626,-1,SELL,1,BUY,,NA,False,False,True,,,,,force_sell,uniform
LSTM_rolling_All_MA,LSTM_rolling,MA,"GOOGL,AMZN,AAPL,PEP,JNJ,PFE,MRK,ABBV,PG,KO,WMT,JPM,BAC,GS,V,XOM,CVX,COP,BP,BA,MMM,HON,GE,T,VZ,TMUS,HSY,DUK,SO,EXC,AEP,AMT,PLD,SPG,BHP,RIO,VALE,FCX",GOOGL,686,1,BUY,1,BUY,1.0,BUY,True,True,True,0.0,0.0,0.0,0.0,force_buy,uniform
LSTM_rolling_All_MA,LSTM_rolling,MA,"GOOGL,AMZN,AAPL,PEP,JNJ,PFE,MRK,ABBV,PG,KO,WMT,JPM,BAC,GS,V,XOM,CVX,COP,BP,BA,MMM,HON,GE,T,VZ,TMUS,HSY,DUK,SO,EXC,AEP,AMT,PLD,SPG,BHP,RIO,VALE,FCX",GOOGL,686,-1,SELL,1,BUY,,NA,False,False,True,,,,,force_sell,uniform
LSTM_rolling_All_MA,LSTM_rolling,MA,"GOOGL,AMZN,AAPL,PEP,JNJ,PFE,MRK,ABBV,PG,KO,WMT,JPM,BAC,GS,V,XOM,CVX,COP,BP,BA,MMM,HON,GE,T,VZ,TMUS,HSY,DUK,SO,EXC,AEP,AMT,PLD,SPG,BHP,RIO,VALE,FCX",GOOGL,330,1,BUY,-1,SELL,,NA,False,False,True,,,,,force_buy,high_volatility
LSTM_rolling_All_MA,LSTM_rolling,MA,"GOOGL,AMZN,AAPL,PEP,JNJ,PFE,MRK,ABBV,PG,KO,WMT,JPM,BAC,GS,V,XOM,CVX,COP,BP,BA,MMM,HON,GE,T,VZ,TMUS,HSY,DUK,SO,EXC,AEP,AMT,PLD,SPG,BHP,RIO,VALE,FCX",GOOGL,330,-1,SELL,-1,SELL,-1.0,SELL,True,True,True,0.0,0.0,0.0,0.0,force_sell,high_volatility
LSTM_rolling_All_MA,LSTM_rolling,MA,"GOOGL,AMZN,AAPL,PEP,JNJ,PFE,MRK,ABBV,PG,KO,WMT,JPM,BAC,GS,V,XOM,CVX,COP,BP,BA,MMM,HON,GE,T,VZ,TMUS,HSY,DUK,SO,EXC,AEP,AMT,PLD,SPG,BHP,RIO,VALE,FCX",GOOGL,331,1,BUY,-1,SELL,,NA,False,False,True,,,,,force_buy,high_volatility
LSTM_rolling_All_MA,LSTM_rolling,MA,"GOOGL,AMZN,AAPL,PEP,JNJ,PFE,MRK,ABBV,PG,KO,WMT,JPM,BAC,GS,V,XOM,CVX,COP,BP,BA,MMM,HON,GE,T,VZ,TMUS,HSY,DUK,SO,EXC,AEP,AMT,PLD,SPG,BHP,RIO,VALE,FCX",GOOGL,331,-1,SELL,-1,SELL,-1.0,SELL,True,True,True,0.0,0.0,0.0,0.0,force_sell,high_volatility
LSTM_rolling_All_MA,LSTM_rolling,MA,"GOOGL,AMZN,AAPL,PEP,JNJ,PFE,MRK,ABBV,PG,KO,WMT,JPM,BAC,GS,V,XOM,CVX,COP,BP,BA,MMM,HON,GE,T,VZ,TMUS,HSY,DUK,SO,EXC,AEP,AMT,PLD,SPG,BHP,RIO,VALE,FCX",GOOGL,332,1,BUY,-1,SELL,,NA,False,False,True,,,,,force_buy,high_volatility
LSTM_rolling_All_MA,LSTM_rolling,MA,"GOOGL,AMZN,AAPL,PEP,JNJ,PFE,MRK,ABBV,PG,KO,WMT,JPM,BAC,GS,V,XOM,CVX,COP,BP,BA,MMM,HON,GE,T,VZ,TMUS,HSY,DUK,SO,EXC,AEP,AMT,PLD,SPG,BHP,RIO,VALE,FCX",GOOGL,332,-1,SELL,-1,SELL,-1.0,SELL,True,True,True,0.0,0.0,0.0,0.0,force_sell,high_volatility
LSTM_rolling_All_MA,LSTM_rolling,MA,"GOOGL,AMZN,AAPL,PEP,JNJ,PFE,MRK,ABBV,PG,KO,WMT,JPM,BAC,GS,V,XOM,CVX,COP,BP,BA,MMM,HON,GE,T,VZ,TMUS,HSY,DUK,SO,EXC,AEP,AMT,PLD,SPG,BHP,RIO,VALE,FCX",GOOGL,333,1,BUY,-1,SELL,,NA,False,False,True,,,,,force_buy,high_volatility
LSTM_rolling_All_MA,LSTM_rolling,MA,"GOOGL,AMZN,AAPL,PEP,JNJ,PFE,MRK,ABBV,PG,KO,WMT,JPM,BAC,GS,V,XOM,CVX,COP,BP,BA,MMM,HON,GE,T,VZ,TMUS,HSY,DUK,SO,EXC,AEP,AMT,PLD,SPG,BHP,RIO,VALE,FCX",GOOGL,333,-1,SELL,-1,SELL,-1.0,SELL,True,True,True,0.0,0.0,0.0,0.0,force_sell,high_volatility
LSTM_rolling_All_MA,LSTM_rolling,MA,"GOOGL,AMZN,AAPL,PEP,JNJ,PFE,MRK,ABBV,PG,KO,WMT,JPM,BAC,GS,V,XOM,CVX,COP,BP,BA,MMM,HON,GE,T,VZ,TMUS,HSY,DUK,SO,EXC,AEP,AMT,PLD,SPG,BHP,RIO,VALE,FCX",GOOGL,334,1,BUY,-1,SELL,,NA,False,False,True,,,,,force_buy,high_volatility
LSTM_rolling_All_MA,LSTM_rolling,MA,"GOOGL,AMZN,AAPL,PEP,JNJ,PFE,MRK,ABBV,PG,KO,WMT,JPM,BAC,GS,V,XOM,CVX,COP,BP,BA,MMM,HON,GE,T,VZ,TMUS,HSY,DUK,SO,EXC,AEP,AMT,PLD,SPG,BHP,RIO,VALE,FCX",GOOGL,334,-1,SELL,-1,SELL,-1.0,SELL,True,True,True,0.0,0.0,0.0,0.0,force_sell,high_volatility
LSTM_rolling_All_MA,LSTM_rolling,MA,"GOOGL,AMZN,AAPL,PEP,JNJ,PFE,MRK,ABBV,PG,KO,WMT,JPM,BAC,GS,V,XOM,CVX,COP,BP,BA,MMM,HON,GE,T,VZ,TMUS,HSY,DUK,SO,EXC,AEP,AMT,PLD,SPG,BHP,RIO,VALE,FCX",GOOGL,335,1,BUY,-1,SELL,,NA,False,False,True,,,,,force_buy,high_volatility
LSTM_rolling_All_MA,LSTM_rolling,MA,"GOOGL,AMZN,AAPL,PEP,JNJ,PFE,MRK,ABBV,PG,KO,WMT,JPM,BAC,GS,V,XOM,CVX,COP,BP,BA,MMM,HON,GE,T,VZ,TMUS,HSY,DUK,SO,EXC,AEP,AMT,PLD,SPG,BHP,RIO,VALE,FCX",GOOGL,335,-1,SELL,-1,SELL,-1.0,SELL,True,True,True,0.0,0.0,0.0,0.0,force_sell,high_volatility
LSTM_rolling_All_MA,LSTM_rolling,MA,"GOOGL,AMZN,AAPL,PEP,JNJ,PFE,MRK,ABBV,PG,KO,WMT,JPM,BAC,GS,V,XOM,CVX,COP,BP,BA,MMM,HON,GE,T,VZ,TMUS,HSY,DUK,SO,EXC,AEP,AMT,PLD,SPG,BHP,RIO,VALE,FCX",GOOGL,599,1,BUY,1,BUY,1.0,BUY,True,True,True,0.0,0.0,0.0,0.0,force_buy,high_volatility
LSTM_rolling_All_MA,LSTM_rolling,MA,"GOOGL,AMZN,AAPL,PEP,JNJ,PFE,MRK,ABBV,PG,KO,WMT,JPM,BAC,GS,V,XOM,CVX,COP,BP,BA,MMM,HON,GE,T,VZ,TMUS,HSY,DUK,SO,EXC,AEP,AMT,PLD,SPG,BHP,RIO,VALE,FCX",GOOGL,599,-1,SELL,1,BUY,,NA,False,False,True,,,,,force_sell,high_volatility
LSTM_rolling_All_MA,LSTM_rolling,MA,"GOOGL,AMZN,AAPL,PEP,JNJ,PFE,MRK,ABBV,PG,KO,WMT,JPM,BAC,GS,V,XOM,CVX,COP,BP,BA,MMM,HON,GE,T,VZ,TMUS,HSY,DUK,SO,EXC,AEP,AMT,PLD,SPG,BHP,RIO,VALE,FCX",GOOGL,600,1,BUY,1,BUY,1.0,BUY,True,True,True,0.0,0.0,0.0,0.0,force_buy,high_volatility
LSTM_rolling_All_MA,LSTM_rolling,MA,"GOOGL,AMZN,AAPL,PEP,JNJ,PFE,MRK,ABBV,PG,KO,WMT,JPM,BAC,GS,V,XOM,CVX,COP,BP,BA,MMM,HON,GE,T,VZ,TMUS,HSY,DUK,SO,EXC,AEP,AMT,PLD,SPG,BHP,RIO,VALE,FCX",GOOGL,600,-1,SELL,1,BUY,,NA,False,False,True,,,,,force_sell,high_volatility
LSTM_rolling_All_MA,LSTM_rolling,MA,"GOOGL,AMZN,AAPL,PEP,JNJ,PFE,MRK,ABBV,PG,KO,WMT,JPM,BAC,GS,V,XOM,CVX,COP,BP,BA,MMM,HON,GE,T,VZ,TMUS,HSY,DUK,SO,EXC,AEP,AMT,PLD,SPG,BHP,RIO,VALE,FCX",GOOGL,601,1,BUY,1,BUY,1.0,BUY,True,True,True,0.0,0.0,0.0,0.0,force_buy,high_volatility
LSTM_rolling_All_MA,LSTM_rolling,MA,"GOOGL,AMZN,AAPL,PEP,JNJ,PFE,MRK,ABBV,PG,KO,WMT,JPM,BAC,GS,V,XOM,CVX,COP,BP,BA,MMM,HON,GE,T,VZ,TMUS,HSY,DUK,SO,EXC,AEP,AMT,PLD,SPG,BHP,RIO,VALE,FCX",GOOGL,601,-1,SELL,1,BUY,,NA,False,False,True,,,,,force_sell,high_volatility
LSTM_rolling_All_MA,LSTM_rolling,MA,"GOOGL,AMZN,AAPL,PEP,JNJ,PFE,MRK,ABBV,PG,KO,WMT,JPM,BAC,GS,V,XOM,CVX,COP,BP,BA,MMM,HON,GE,T,VZ,TMUS,HSY,DUK,SO,EXC,AEP,AMT,PLD,SPG,BHP,RIO,VALE,FCX",GOOGL,602,1,BUY,1,BUY,1.0,BUY,True,True,True,0.0,0.0,0.0,0.0,force_buy,high_volatility
LSTM_rolling_All_MA,LSTM_rolling,MA,"GOOGL,AMZN,AAPL,PEP,JNJ,PFE,MRK,ABBV,PG,KO,WMT,JPM,BAC,GS,V,XOM,CVX,COP,BP,BA,MMM,HON,GE,T,VZ,TMUS,HSY,DUK,SO,EXC,AEP,AMT,PLD,SPG,BHP,RIO,VALE,FCX",GOOGL,602,-1,SELL,1,BUY,,NA,False,False,True,,,,,force_sell,high_volatility
LSTM_rolling_All_MA,LSTM_rolling,MA,"GOOGL,AMZN,AAPL,PEP,JNJ,PFE,MRK,ABBV,PG,KO,WMT,JPM,BAC,GS,V,XOM,CVX,COP,BP,BA,MMM,HON,GE,T,VZ,TMUS,HSY,DUK,SO,EXC,AEP,AMT,PLD,SPG,BHP,RIO,VALE,FCX",GOOGL,603,1,BUY,0,HOLD,1.0,BUY,True,False,True,0.01,0.01,-0.4675140380859375,0.0,force_buy,high_volatility
LSTM_rolling_All_MA,LSTM_rolling,MA,"GOOGL,AMZN,AAPL,PEP,JNJ,PFE,MRK,ABBV,PG,KO,WMT,JPM,BAC,GS,V,XOM,CVX,COP,BP,BA,MMM,HON,GE,T,VZ,TMUS,HSY,DUK,SO,EXC,AEP,AMT,PLD,SPG,BHP,RIO,VALE,FCX",GOOGL,603,-1,SELL,0,HOLD,,NA,False,False,True,,,,,force_sell,high_volatility
LSTM_rolling_All_MA,LSTM_rolling,MA,"GOOGL,AMZN,AAPL,PEP,JNJ,PFE,MRK,ABBV,PG,KO,WMT,JPM,BAC,GS,V,XOM,CVX,COP,BP,BA,MMM,HON,GE,T,VZ,TMUS,HSY,DUK,SO,EXC,AEP,AMT,PLD,SPG,BHP,RIO,VALE,FCX",GOOGL,604,1,BUY,-1,SELL,,NA,False,False,True,,,,,force_buy,high_volatility
LSTM_rolling_All_MA,LSTM_rolling,MA,"GOOGL,AMZN,AAPL,PEP,JNJ,PFE,MRK,ABBV,PG,KO,WMT,JPM,BAC,GS,V,XOM,CVX,COP,BP,BA,MMM,HON,GE,T,VZ,TMUS,HSY,DUK,SO,EXC,AEP,AMT,PLD,SPG,BHP,RIO,VALE,FCX",GOOGL,604,-1,SELL,-1,SELL,-1.0,SELL,True,True,True,0.0,0.0,0.0,0.0,force_sell,high_volatility
LSTM_rolling_All_MA,LSTM_rolling,MA,"GOOGL,AMZN,AAPL,PEP,JNJ,PFE,MRK,ABBV,PG,KO,WMT,JPM,BAC,GS,V,XOM,CVX,COP,BP,BA,MMM,HON,GE,T,VZ,TMUS,HSY,DUK,SO,EXC,AEP,AMT,PLD,SPG,BHP,RIO,VALE,FCX",GOOGL,334,1,BUY,-1,SELL,,NA,False,False,True,,,,,force_buy,high_pred_volatility
LSTM_rolling_All_MA,LSTM_rolling,MA,"GOOGL,AMZN,AAPL,PEP,JNJ,PFE,MRK,ABBV,PG,KO,WMT,JPM,BAC,GS,V,XOM,CVX,COP,BP,BA,MMM,HON,GE,T,VZ,TMUS,HSY,DUK,SO,EXC,AEP,AMT,PLD,SPG,BHP,RIO,VALE,FCX",GOOGL,334,-1,SELL,-1,SELL,-1.0,SELL,True,True,True,0.0,0.0,0.0,0.0,force_sell,high_pred_volatility
LSTM_rolling_All_MA,LSTM_rolling,MA,"GOOGL,AMZN,AAPL,PEP,JNJ,PFE,MRK,ABBV,PG,KO,WMT,JPM,BAC,GS,V,XOM,CVX,COP,BP,BA,MMM,HON,GE,T,VZ,TMUS,HSY,DUK,SO,EXC,AEP,AMT,PLD,SPG,BHP,RIO,VALE,FCX",GOOGL,335,1,BUY,-1,SELL,,NA,False,False,True,,,,,force_buy,high_pred_volatility
LSTM_rolling_All_MA,LSTM_rolling,MA,"GOOGL,AMZN,AAPL,PEP,JNJ,PFE,MRK,ABBV,PG,KO,WMT,JPM,BAC,GS,V,XOM,CVX,COP,BP,BA,MMM,HON,GE,T,VZ,TMUS,HSY,DUK,SO,EXC,AEP,AMT,PLD,SPG,BHP,RIO,VALE,FCX",GOOGL,335,-1,SELL,-1,SELL,-1.0,SELL,True,True,True,0.0,0.0,0.0,0.0,force_sell,high_pred_volatility
LSTM_rolling_All_MA,LSTM_rolling,MA,"GOOGL,AMZN,AAPL,PEP,JNJ,PFE,MRK,ABBV,PG,KO,WMT,JPM,BAC,GS,V,XOM,CVX,COP,BP,BA,MMM,HON,GE,T,VZ,TMUS,HSY,DUK,SO,EXC,AEP,AMT,PLD,SPG,BHP,RIO,VALE,FCX",GOOGL,336,1,BUY,-1,SELL,,NA,False,False,True,,,,,force_buy,high_pred_volatility
LSTM_rolling_All_MA,LSTM_rolling,MA,"GOOGL,AMZN,AAPL,PEP,JNJ,PFE,MRK,ABBV,PG,KO,WMT,JPM,BAC,GS,V,XOM,CVX,COP,BP,BA,MMM,HON,GE,T,VZ,TMUS,HSY,DUK,SO,EXC,AEP,AMT,PLD,SPG,BHP,RIO,VALE,FCX",GOOGL,336,-1,SELL,-1,SELL,-1.0,SELL,True,True,True,0.0,0.0,0.0,0.0,force_sell,high_pred_volatility
LSTM_rolling_All_MA,LSTM_rolling,MA,"GOOGL,AMZN,AAPL,PEP,JNJ,PFE,MRK,ABBV,PG,KO,WMT,JPM,BAC,GS,V,XOM,CVX,COP,BP,BA,MMM,HON,GE,T,VZ,TMUS,HSY,DUK,SO,EXC,AEP,AMT,PLD,SPG,BHP,RIO,VALE,FCX",GOOGL,337,1,BUY,-1,SELL,,NA,False,False,True,,,,,force_buy,high_pred_volatility
LSTM_rolling_All_MA,LSTM_rolling,MA,"GOOGL,AMZN,AAPL,PEP,JNJ,PFE,MRK,ABBV,PG,KO,WMT,JPM,BAC,GS,V,XOM,CVX,COP,BP,BA,MMM,HON,GE,T,VZ,TMUS,HSY,DUK,SO,EXC,AEP,AMT,PLD,SPG,BHP,RIO,VALE,FCX",GOOGL,337,-1,SELL,-1,SELL,-1.0,SELL,True,True,True,0.0,0.0,0.0,0.0,force_sell,high_pred_volatility
LSTM_rolling_All_MA,LSTM_rolling,MA,"GOOGL,AMZN,AAPL,PEP,JNJ,PFE,MRK,ABBV,PG,KO,WMT,JPM,BAC,GS,V,XOM,CVX,COP,BP,BA,MMM,HON,GE,T,VZ,TMUS,HSY,DUK,SO,EXC,AEP,AMT,PLD,SPG,BHP,RIO,VALE,FCX",GOOGL,338,1,BUY,-1,SELL,,NA,False,False,True,,,,,force_buy,high_pred_volatility
LSTM_rolling_All_MA,LSTM_rolling,MA,"GOOGL,AMZN,AAPL,PEP,JNJ,PFE,MRK,ABBV,PG,KO,WMT,JPM,BAC,GS,V,XOM,CVX,COP,BP,BA,MMM,HON,GE,T,VZ,TMUS,HSY,DUK,SO,EXC,AEP,AMT,PLD,SPG,BHP,RIO,VALE,FCX",GOOGL,338,-1,SELL,-1,SELL,-1.0,SELL,True,True,True,0.0,0.0,0.0,0.0,force_sell,high_pred_volatility
LSTM_rolling_All_MA,LSTM_rolling,MA,"GOOGL,AMZN,AAPL,PEP,JNJ,PFE,MRK,ABBV,PG,KO,WMT,JPM,BAC,GS,V,XOM,CVX,COP,BP,BA,MMM,HON,GE,T,VZ,TMUS,HSY,DUK,SO,EXC,AEP,AMT,PLD,SPG,BHP,RIO,VALE,FCX",GOOGL,339,1,BUY,-1,SELL,,NA,False,False,True,,,,,force_buy,high_pred_volatility
LSTM_rolling_All_MA,LSTM_rolling,MA,"GOOGL,AMZN,AAPL,PEP,JNJ,PFE,MRK,ABBV,PG,KO,WMT,JPM,BAC,GS,V,XOM,CVX,COP,BP,BA,MMM,HON,GE,T,VZ,TMUS,HSY,DUK,SO,EXC,AEP,AMT,PLD,SPG,BHP,RIO,VALE,FCX",GOOGL,339,-1,SELL,-1,SELL,-1.0,SELL,True,True,True,0.0,0.0,0.0,0.0,force_sell,high_pred_volatility
LSTM_rolling_All_MA,LSTM_rolling,MA,"GOOGL,AMZN,AAPL,PEP,JNJ,PFE,MRK,ABBV,PG,KO,WMT,JPM,BAC,GS,V,XOM,CVX,COP,BP,BA,MMM,HON,GE,T,VZ,TMUS,HSY,DUK,SO,EXC,AEP,AMT,PLD,SPG,BHP,RIO,VALE,FCX",GOOGL,340,1,BUY,-1,SELL,,NA,False,False,True,,,,,force_buy,high_pred_volatility
LSTM_rolling_All_MA,LSTM_rolling,MA,"GOOGL,AMZN,AAPL,PEP,JNJ,PFE,MRK,ABBV,PG,KO,WMT,JPM,BAC,GS,V,XOM,CVX,COP,BP,BA,MMM,HON,GE,T,VZ,TMUS,HSY,DUK,SO,EXC,AEP,AMT,PLD,SPG,BHP,RIO,VALE,FCX",GOOGL,340,-1,SELL,-1,SELL,-1.0,SELL,True,True,True,0.0,0.0,0.0,0.0,force_sell,high_pred_volatility
LSTM_rolling_All_MA,LSTM_rolling,MA,"GOOGL,AMZN,AAPL,PEP,JNJ,PFE,MRK,ABBV,PG,KO,WMT,JPM,BAC,GS,V,XOM,CVX,COP,BP,BA,MMM,HON,GE,T,VZ,TMUS,HSY,DUK,SO,EXC,AEP,AMT,PLD,SPG,BHP,RIO,VALE,FCX",GOOGL,341,1,BUY,-1,SELL,,NA,False,False,True,,,,,force_buy,high_pred_volatility
LSTM_rolling_All_MA,LSTM_rolling,MA,"GOOGL,AMZN,AAPL,PEP,JNJ,PFE,MRK,ABBV,PG,KO,WMT,JPM,BAC,GS,V,XOM,CVX,COP,BP,BA,MMM,HON,GE,T,VZ,TMUS,HSY,DUK,SO,EXC,AEP,AMT,PLD,SPG,BHP,RIO,VALE,FCX",GOOGL,341,-1,SELL,-1,SELL,-1.0,SELL,True,True,True,0.0,0.0,0.0,0.0,force_sell,high_pred_volatility
LSTM_rolling_All_MA,LSTM_rolling,MA,"GOOGL,AMZN,AAPL,PEP,JNJ,PFE,MRK,ABBV,PG,KO,WMT,JPM,BAC,GS,V,XOM,CVX,COP,BP,BA,MMM,HON,GE,T,VZ,TMUS,HSY,DUK,SO,EXC,AEP,AMT,PLD,SPG,BHP,RIO,VALE,FCX",GOOGL,342,1,BUY,-1,SELL,,NA,False,False,True,,,,,force_buy,high_pred_volatility
LSTM_rolling_All_MA,LSTM_rolling,MA,"GOOGL,AMZN,AAPL,PEP,JNJ,PFE,MRK,ABBV,PG,KO,WMT,JPM,BAC,GS,V,XOM,CVX,COP,BP,BA,MMM,HON,GE,T,VZ,TMUS,HSY,DUK,SO,EXC,AEP,AMT,PLD,SPG,BHP,RIO,VALE,FCX",GOOGL,342,-1,SELL,-1,SELL,-1.0,SELL,True,True,True,0.0,0.0,0.0,0.0,force_sell,high_pred_volatility
LSTM_rolling_All_MA,LSTM_rolling,MA,"GOOGL,AMZN,AAPL,PEP,JNJ,PFE,MRK,ABBV,PG,KO,WMT,JPM,BAC,GS,V,XOM,CVX,COP,BP,BA,MMM,HON,GE,T,VZ,TMUS,HSY,DUK,SO,EXC,AEP,AMT,PLD,SPG,BHP,RIO,VALE,FCX",GOOGL,343,1,BUY,1,BUY,1.0,BUY,True,True,True,0.0,0.0,0.0,0.0,force_buy,high_pred_volatility
LSTM_rolling_All_MA,LSTM_rolling,MA,"GOOGL,AMZN,AAPL,PEP,JNJ,PFE,MRK,ABBV,PG,KO,WMT,JPM,BAC,GS,V,XOM,CVX,COP,BP,BA,MMM,HON,GE,T,VZ,TMUS,HSY,DUK,SO,EXC,AEP,AMT,PLD,SPG,BHP,RIO,VALE,FCX",GOOGL,343,-1,SELL,1,BUY,,NA,False,False,True,,,,,force_sell,high_pred_volatility
LSTM_rolling_All_MA,LSTM_rolling,MA,"GOOGL,AMZN,AAPL,PEP,JNJ,PFE,MRK,ABBV,PG,KO,WMT,JPM,BAC,GS,V,XOM,CVX,COP,BP,BA,MMM,HON,GE,T,VZ,TMUS,HSY,DUK,SO,EXC,AEP,AMT,PLD,SPG,BHP,RIO,VALE,FCX",GOOGL,344,1,BUY,1,BUY,1.0,BUY,True,True,True,0.0,0.0,0.0,0.0,force_buy,high_pred_volatility
LSTM_rolling_All_MA,LSTM_rolling,MA,"GOOGL,AMZN,AAPL,PEP,JNJ,PFE,MRK,ABBV,PG,KO,WMT,JPM,BAC,GS,V,XOM,CVX,COP,BP,BA,MMM,HON,GE,T,VZ,TMUS,HSY,DUK,SO,EXC,AEP,AMT,PLD,SPG,BHP,RIO,VALE,FCX",GOOGL,344,-1,SELL,1,BUY,,NA,False,False,True,,,,,force_sell,high_pred_volatility
LSTM_rolling_All_MA,LSTM_rolling,MA,"GOOGL,AMZN,AAPL,PEP,JNJ,PFE,MRK,ABBV,PG,KO,WMT,JPM,BAC,GS,V,XOM,CVX,COP,BP,BA,MMM,HON,GE,T,VZ,TMUS,HSY,DUK,SO,EXC,AEP,AMT,PLD,SPG,BHP,RIO,VALE,FCX",GOOGL,345,1,BUY,1,BUY,1.0,BUY,True,True,True,0.0,0.0,0.0,0.0,force_buy,high_pred_volatility
LSTM_rolling_All_MA,LSTM_rolling,MA,"GOOGL,AMZN,AAPL,PEP,JNJ,PFE,MRK,ABBV,PG,KO,WMT,JPM,BAC,GS,V,XOM,CVX,COP,BP,BA,MMM,HON,GE,T,VZ,TMUS,HSY,DUK,SO,EXC,AEP,AMT,PLD,SPG,BHP,RIO,VALE,FCX",GOOGL,345,-1,SELL,1,BUY,,NA,False,False,True,,,,,force_sell,high_pred_volatility
LSTM_rolling_All_MA,LSTM_rolling,MA,"GOOGL,AMZN,AAPL,PEP,JNJ,PFE,MRK,ABBV,PG,KO,WMT,JPM,BAC,GS,V,XOM,CVX,COP,BP,BA,MMM,HON,GE,T,VZ,TMUS,HSY,DUK,SO,EXC,AEP,AMT,PLD,SPG,BHP,RIO,VALE,FCX",GOOGL,30,1,BUY,-1,SELL,,NA,False,False,True,,,,,force_buy,strong_trend
LSTM_rolling_All_MA,LSTM_rolling,MA,"GOOGL,AMZN,AAPL,PEP,JNJ,PFE,MRK,ABBV,PG,KO,WMT,JPM,BAC,GS,V,XOM,CVX,COP,BP,BA,MMM,HON,GE,T,VZ,TMUS,HSY,DUK,SO,EXC,AEP,AMT,PLD,SPG,BHP,RIO,VALE,FCX",GOOGL,30,-1,SELL,-1,SELL,-1.0,SELL,True,True,True,0.0,0.0,0.0,0.0,force_sell,strong_trend
LSTM_rolling_All_MA,LSTM_rolling,MA,"GOOGL,AMZN,AAPL,PEP,JNJ,PFE,MRK,ABBV,PG,KO,WMT,JPM,BAC,GS,V,XOM,CVX,COP,BP,BA,MMM,HON,GE,T,VZ,TMUS,HSY,DUK,SO,EXC,AEP,AMT,PLD,SPG,BHP,RIO,VALE,FCX",GOOGL,331,1,BUY,-1,SELL,,NA,False,False,True,,,,,force_buy,strong_trend
LSTM_rolling_All_MA,LSTM_rolling,MA,"GOOGL,AMZN,AAPL,PEP,JNJ,PFE,MRK,ABBV,PG,KO,WMT,JPM,BAC,GS,V,XOM,CVX,COP,BP,BA,MMM,HON,GE,T,VZ,TMUS,HSY,DUK,SO,EXC,AEP,AMT,PLD,SPG,BHP,RIO,VALE,FCX",GOOGL,331,-1,SELL,-1,SELL,-1.0,SELL,True,True,True,0.0,0.0,0.0,0.0,force_sell,strong_trend
LSTM_rolling_All_MA,LSTM_rolling,MA,"GOOGL,AMZN,AAPL,PEP,JNJ,PFE,MRK,ABBV,PG,KO,WMT,JPM,BAC,GS,V,XOM,CVX,COP,BP,BA,MMM,HON,GE,T,VZ,TMUS,HSY,DUK,SO,EXC,AEP,AMT,PLD,SPG,BHP,RIO,VALE,FCX",GOOGL,483,1,BUY,-1,SELL,,NA,False,False,True,,,,,force_buy,strong_trend
LSTM_rolling_All_MA,LSTM_rolling,MA,"GOOGL,AMZN,AAPL,PEP,JNJ,PFE,MRK,ABBV,PG,KO,WMT,JPM,BAC,GS,V,XOM,CVX,COP,BP,BA,MMM,HON,GE,T,VZ,TMUS,HSY,DUK,SO,EXC,AEP,AMT,PLD,SPG,BHP,RIO,VALE,FCX",GOOGL,483,-1,SELL,-1,SELL,-1.0,SELL,True,True,True,0.0,0.0,0.0,0.0,force_sell,strong_trend
LSTM_rolling_All_MA,LSTM_rolling,MA,"GOOGL,AMZN,AAPL,PEP,JNJ,PFE,MRK,ABBV,PG,KO,WMT,JPM,BAC,GS,V,XOM,CVX,COP,BP,BA,MMM,HON,GE,T,VZ,TMUS,HSY,DUK,SO,EXC,AEP,AMT,PLD,SPG,BHP,RIO,VALE,FCX",GOOGL,524,1,BUY,-1,SELL,,NA,False,False,True,,,,,force_buy,strong_trend
LSTM_rolling_All_MA,LSTM_rolling,MA,"GOOGL,AMZN,AAPL,PEP,JNJ,PFE,MRK,ABBV,PG,KO,WMT,JPM,BAC,GS,V,XOM,CVX,COP,BP,BA,MMM,HON,GE,T,VZ,TMUS,HSY,DUK,SO,EXC,AEP,AMT,PLD,SPG,BHP,RIO,VALE,FCX",GOOGL,524,-1,SELL,-1,SELL,-1.0,SELL,True,True,True,0.0,0.0,0.0,0.0,force_sell,strong_trend
LSTM_rolling_All_MA,LSTM_rolling,MA,"GOOGL,AMZN,AAPL,PEP,JNJ,PFE,MRK,ABBV,PG,KO,WMT,JPM,BAC,GS,V,XOM,CVX,COP,BP,BA,MMM,HON,GE,T,VZ,TMUS,HSY,DUK,SO,EXC,AEP,AMT,PLD,SPG,BHP,RIO,VALE,FCX",GOOGL,525,1,BUY,-1,SELL,,NA,False,False,True,,,,,force_buy,strong_trend
LSTM_rolling_All_MA,LSTM_rolling,MA,"GOOGL,AMZN,AAPL,PEP,JNJ,PFE,MRK,ABBV,PG,KO,WMT,JPM,BAC,GS,V,XOM,CVX,COP,BP,BA,MMM,HON,GE,T,VZ,TMUS,HSY,DUK,SO,EXC,AEP,AMT,PLD,SPG,BHP,RIO,VALE,FCX",GOOGL,525,-1,SELL,-1,SELL,-1.0,SELL,True,True,True,0.0,0.0,0.0,0.0,force_sell,strong_trend
LSTM_rolling_All_MA,LSTM_rolling,MA,"GOOGL,AMZN,AAPL,PEP,JNJ,PFE,MRK,ABBV,PG,KO,WMT,JPM,BAC,GS,V,XOM,CVX,COP,BP,BA,MMM,HON,GE,T,VZ,TMUS,HSY,DUK,SO,EXC,AEP,AMT,PLD,SPG,BHP,RIO,VALE,FCX",GOOGL,527,1,BUY,-1,SELL,,NA,False,False,True,,,,,force_buy,strong_trend
LSTM_rolling_All_MA,LSTM_rolling,MA,"GOOGL,AMZN,AAPL,PEP,JNJ,PFE,MRK,ABBV,PG,KO,WMT,JPM,BAC,GS,V,XOM,CVX,COP,BP,BA,MMM,HON,GE,T,VZ,TMUS,HSY,DUK,SO,EXC,AEP,AMT,PLD,SPG,BHP,RIO,VALE,FCX",GOOGL,527,-1,SELL,-1,SELL,-1.0,SELL,True,True,True,0.0,0.0,0.0,0.0,force_sell,strong_trend
LSTM_rolling_All_MA,LSTM_rolling,MA,"GOOGL,AMZN,AAPL,PEP,JNJ,PFE,MRK,ABBV,PG,KO,WMT,JPM,BAC,GS,V,XOM,CVX,COP,BP,BA,MMM,HON,GE,T,VZ,TMUS,HSY,DUK,SO,EXC,AEP,AMT,PLD,SPG,BHP,RIO,VALE,FCX",GOOGL,559,1,BUY,1,BUY,1.0,BUY,True,True,True,0.0,0.0,0.0,0.0,force_buy,strong_trend
LSTM_rolling_All_MA,LSTM_rolling,MA,"GOOGL,AMZN,AAPL,PEP,JNJ,PFE,MRK,ABBV,PG,KO,WMT,JPM,BAC,GS,V,XOM,CVX,COP,BP,BA,MMM,HON,GE,T,VZ,TMUS,HSY,DUK,SO,EXC,AEP,AMT,PLD,SPG,BHP,RIO,VALE,FCX",GOOGL,559,-1,SELL,1,BUY,,NA,False,False,True,,,,,force_sell,strong_trend
LSTM_rolling_All_MA,LSTM_rolling,MA,"GOOGL,AMZN,AAPL,PEP,JNJ,PFE,MRK,ABBV,PG,KO,WMT,JPM,BAC,GS,V,XOM,CVX,COP,BP,BA,MMM,HON,GE,T,VZ,TMUS,HSY,DUK,SO,EXC,AEP,AMT,PLD,SPG,BHP,RIO,VALE,FCX",GOOGL,599,1,BUY,1,BUY,1.0,BUY,True,True,True,0.0,0.0,0.0,0.0,force_buy,strong_trend
LSTM_rolling_All_MA,LSTM_rolling,MA,"GOOGL,AMZN,AAPL,PEP,JNJ,PFE,MRK,ABBV,PG,KO,WMT,JPM,BAC,GS,V,XOM,CVX,COP,BP,BA,MMM,HON,GE,T,VZ,TMUS,HSY,DUK,SO,EXC,AEP,AMT,PLD,SPG,BHP,RIO,VALE,FCX",GOOGL,599,-1,SELL,1,BUY,,NA,False,False,True,,,,,force_sell,strong_trend
LSTM_rolling_All_MA,LSTM_rolling,MA,"GOOGL,AMZN,AAPL,PEP,JNJ,PFE,MRK,ABBV,PG,KO,WMT,JPM,BAC,GS,V,XOM,CVX,COP,BP,BA,MMM,HON,GE,T,VZ,TMUS,HSY,DUK,SO,EXC,AEP,AMT,PLD,SPG,BHP,RIO,VALE,FCX",GOOGL,600,1,BUY,1,BUY,1.0,BUY,True,True,True,0.0,0.0,0.0,0.0,force_buy,strong_trend
LSTM_rolling_All_MA,LSTM_rolling,MA,"GOOGL,AMZN,AAPL,PEP,JNJ,PFE,MRK,ABBV,PG,KO,WMT,JPM,BAC,GS,V,XOM,CVX,COP,BP,BA,MMM,HON,GE,T,VZ,TMUS,HSY,DUK,SO,EXC,AEP,AMT,PLD,SPG,BHP,RIO,VALE,FCX",GOOGL,600,-1,SELL,1,BUY,,NA,False,False,True,,,,,force_sell,strong_trend
LSTM_rolling_All_MA,LSTM_rolling,MA,"GOOGL,AMZN,AAPL,PEP,JNJ,PFE,MRK,ABBV,PG,KO,WMT,JPM,BAC,GS,V,XOM,CVX,COP,BP,BA,MMM,HON,GE,T,VZ,TMUS,HSY,DUK,SO,EXC,AEP,AMT,PLD,SPG,BHP,RIO,VALE,FCX",GOOGL,607,1,BUY,-1,SELL,,NA,False,False,True,,,,,force_buy,strong_trend
LSTM_rolling_All_MA,LSTM_rolling,MA,"GOOGL,AMZN,AAPL,PEP,JNJ,PFE,MRK,ABBV,PG,KO,WMT,JPM,BAC,GS,V,XOM,CVX,COP,BP,BA,MMM,HON,GE,T,VZ,TMUS,HSY,DUK,SO,EXC,AEP,AMT,PLD,SPG,BHP,RIO,VALE,FCX",GOOGL,607,-1,SELL,-1,SELL,-1.0,SELL,True,True,True,0.0,0.0,0.0,0.0,force_sell,strong_trend
LSTM_rolling_All_MA,LSTM_rolling,MA,"GOOGL,AMZN,AAPL,PEP,JNJ,PFE,MRK,ABBV,PG,KO,WMT,JPM,BAC,GS,V,XOM,CVX,COP,BP,BA,MMM,HON,GE,T,VZ,TMUS,HSY,DUK,SO,EXC,AEP,AMT,PLD,SPG,BHP,RIO,VALE,FCX",GOOGL,608,1,BUY,-1,SELL,,NA,False,False,True,,,,,force_buy,strong_trend
LSTM_rolling_All_MA,LSTM_rolling,MA,"GOOGL,AMZN,AAPL,PEP,JNJ,PFE,MRK,ABBV,PG,KO,WMT,JPM,BAC,GS,V,XOM,CVX,COP,BP,BA,MMM,HON,GE,T,VZ,TMUS,HSY,DUK,SO,EXC,AEP,AMT,PLD,SPG,BHP,RIO,VALE,FCX",GOOGL,608,-1,SELL,-1,SELL,-1.0,SELL,True,True,True,0.0,0.0,0.0,0.0,force_sell,strong_trend
LSTM_rolling_All_MA,LSTM_rolling,MA,"GOOGL,AMZN,AAPL,PEP,JNJ,PFE,MRK,ABBV,PG,KO,WMT,JPM,BAC,GS,V,XOM,CVX,COP,BP,BA,MMM,HON,GE,T,VZ,TMUS,HSY,DUK,SO,EXC,AEP,AMT,PLD,SPG,BHP,RIO,VALE,FCX",GOOGL,609,1,BUY,1,BUY,1.0,BUY,True,True,True,0.0,0.0,0.0,0.0,force_buy,strong_trend
LSTM_rolling_All_MA,LSTM_rolling,MA,"GOOGL,AMZN,AAPL,PEP,JNJ,PFE,MRK,ABBV,PG,KO,WMT,JPM,BAC,GS,V,XOM,CVX,COP,BP,BA,MMM,HON,GE,T,VZ,TMUS,HSY,DUK,SO,EXC,AEP,AMT,PLD,SPG,BHP,RIO,VALE,FCX",GOOGL,609,-1,SELL,1,BUY,,NA,False,False,True,,,,,force_sell,strong_trend
LSTM_rolling_All_MA,LSTM_rolling,MA,"GOOGL,AMZN,AAPL,PEP,JNJ,PFE,MRK,ABBV,PG,KO,WMT,JPM,BAC,GS,V,XOM,CVX,COP,BP,BA,MMM,HON,GE,T,VZ,TMUS,HSY,DUK,SO,EXC,AEP,AMT,PLD,SPG,BHP,RIO,VALE,FCX",GOOGL,57,1,BUY,1,BUY,1.0,BUY,True,True,True,0.0,0.0,0.0,0.0,force_buy,weak_trend
LSTM_rolling_All_MA,LSTM_rolling,MA,"GOOGL,AMZN,AAPL,PEP,JNJ,PFE,MRK,ABBV,PG,KO,WMT,JPM,BAC,GS,V,XOM,CVX,COP,BP,BA,MMM,HON,GE,T,VZ,TMUS,HSY,DUK,SO,EXC,AEP,AMT,PLD,SPG,BHP,RIO,VALE,FCX",GOOGL,57,-1,SELL,1,BUY,,NA,False,False,True,,,,,force_sell,weak_trend
LSTM_rolling_All_MA,LSTM_rolling,MA,"GOOGL,AMZN,AAPL,PEP,JNJ,PFE,MRK,ABBV,PG,KO,WMT,JPM,BAC,GS,V,XOM,CVX,COP,BP,BA,MMM,HON,GE,T,VZ,TMUS,HSY,DUK,SO,EXC,AEP,AMT,PLD,SPG,BHP,RIO,VALE,FCX",GOOGL,91,1,BUY,1,BUY,1.0,BUY,True,True,True,0.0,0.0,0.0,0.0,force_buy,weak_trend
LSTM_rolling_All_MA,LSTM_rolling,MA,"GOOGL,AMZN,AAPL,PEP,JNJ,PFE,MRK,ABBV,PG,KO,WMT,JPM,BAC,GS,V,XOM,CVX,COP,BP,BA,MMM,HON,GE,T,VZ,TMUS,HSY,DUK,SO,EXC,AEP,AMT,PLD,SPG,BHP,RIO,VALE,FCX",GOOGL,91,-1,SELL,1,BUY,,NA,False,False,True,,,,,force_sell,weak_trend
LSTM_rolling_All_MA,LSTM_rolling,MA,"GOOGL,AMZN,AAPL,PEP,JNJ,PFE,MRK,ABBV,PG,KO,WMT,JPM,BAC,GS,V,XOM,CVX,COP,BP,BA,MMM,HON,GE,T,VZ,TMUS,HSY,DUK,SO,EXC,AEP,AMT,PLD,SPG,BHP,RIO,VALE,FCX",GOOGL,92,1,BUY,1,BUY,1.0,BUY,True,True,True,0.0,0.0,0.0,0.0,force_buy,weak_trend
LSTM_rolling_All_MA,LSTM_rolling,MA,"GOOGL,AMZN,AAPL,PEP,JNJ,PFE,MRK,ABBV,PG,KO,WMT,JPM,BAC,GS,V,XOM,CVX,COP,BP,BA,MMM,HON,GE,T,VZ,TMUS,HSY,DUK,SO,EXC,AEP,AMT,PLD,SPG,BHP,RIO,VALE,FCX",GOOGL,92,-1,SELL,1,BUY,,NA,False,False,True,,,,,force_sell,weak_trend
LSTM_rolling_All_MA,LSTM_rolling,MA,"GOOGL,AMZN,AAPL,PEP,JNJ,PFE,MRK,ABBV,PG,KO,WMT,JPM,BAC,GS,V,XOM,CVX,COP,BP,BA,MMM,HON,GE,T,VZ,TMUS,HSY,DUK,SO,EXC,AEP,AMT,PLD,SPG,BHP,RIO,VALE,FCX",GOOGL,101,1,BUY,1,BUY,1.0,BUY,True,True,True,0.0,0.0,0.0,0.0,force_buy,weak_trend
LSTM_rolling_All_MA,LSTM_rolling,MA,"GOOGL,AMZN,AAPL,PEP,JNJ,PFE,MRK,ABBV,PG,KO,WMT,JPM,BAC,GS,V,XOM,CVX,COP,BP,BA,MMM,HON,GE,T,VZ,TMUS,HSY,DUK,SO,EXC,AEP,AMT,PLD,SPG,BHP,RIO,VALE,FCX",GOOGL,101,-1,SELL,1,BUY,,NA,False,False,True,,,,,force_sell,weak_trend
LSTM_rolling_All_MA,LSTM_rolling,MA,"GOOGL,AMZN,AAPL,PEP,JNJ,PFE,MRK,ABBV,PG,KO,WMT,JPM,BAC,GS,V,XOM,CVX,COP,BP,BA,MMM,HON,GE,T,VZ,TMUS,HSY,DUK,SO,EXC,AEP,AMT,PLD,SPG,BHP,RIO,VALE,FCX",GOOGL,226,1,BUY,1,BUY,1.0,BUY,True,True,True,0.0,0.0,0.0,0.0,force_buy,weak_trend
LSTM_rolling_All_MA,LSTM_rolling,MA,"GOOGL,AMZN,AAPL,PEP,JNJ,PFE,MRK,ABBV,PG,KO,WMT,JPM,BAC,GS,V,XOM,CVX,COP,BP,BA,MMM,HON,GE,T,VZ,TMUS,HSY,DUK,SO,EXC,AEP,AMT,PLD,SPG,BHP,RIO,VALE,FCX",GOOGL,226,-1,SELL,1,BUY,,NA,False,False,True,,,,,force_sell,weak_trend
LSTM_rolling_All_MA,LSTM_rolling,MA,"GOOGL,AMZN,AAPL,PEP,JNJ,PFE,MRK,ABBV,PG,KO,WMT,JPM,BAC,GS,V,XOM,CVX,COP,BP,BA,MMM,HON,GE,T,VZ,TMUS,HSY,DUK,SO,EXC,AEP,AMT,PLD,SPG,BHP,RIO,VALE,FCX",GOOGL,285,1,BUY,-1,SELL,,NA,False,False,True,,,,,force_buy,weak_trend
LSTM_rolling_All_MA,LSTM_rolling,MA,"GOOGL,AMZN,AAPL,PEP,JNJ,PFE,MRK,ABBV,PG,KO,WMT,JPM,BAC,GS,V,XOM,CVX,COP,BP,BA,MMM,HON,GE,T,VZ,TMUS,HSY,DUK,SO,EXC,AEP,AMT,PLD,SPG,BHP,RIO,VALE,FCX",GOOGL,285,-1,SELL,-1,SELL,-1.0,SELL,True,True,True,0.0,0.0,0.0,0.0,force_sell,weak_trend
LSTM_rolling_All_MA,LSTM_rolling,MA,"GOOGL,AMZN,AAPL,PEP,JNJ,PFE,MRK,ABBV,PG,KO,WMT,JPM,BAC,GS,V,XOM,CVX,COP,BP,BA,MMM,HON,GE,T,VZ,TMUS,HSY,DUK,SO,EXC,AEP,AMT,PLD,SPG,BHP,RIO,VALE,FCX",GOOGL,369,1,BUY,1,BUY,1.0,BUY,True,True,True,0.0,0.0,0.0,0.0,force_buy,weak_trend
LSTM_rolling_All_MA,LSTM_rolling,MA,"GOOGL,AMZN,AAPL,PEP,JNJ,PFE,MRK,ABBV,PG,KO,WMT,JPM,BAC,GS,V,XOM,CVX,COP,BP,BA,MMM,HON,GE,T,VZ,TMUS,HSY,DUK,SO,EXC,AEP,AMT,PLD,SPG,BHP,RIO,VALE,FCX",GOOGL,369,-1,SELL,1,BUY,,NA,False,False,True,,,,,force_sell,weak_trend
LSTM_rolling_All_MA,LSTM_rolling,MA,"GOOGL,AMZN,AAPL,PEP,JNJ,PFE,MRK,ABBV,PG,KO,WMT,JPM,BAC,GS,V,XOM,CVX,COP,BP,BA,MMM,HON,GE,T,VZ,TMUS,HSY,DUK,SO,EXC,AEP,AMT,PLD,SPG,BHP,RIO,VALE,FCX",GOOGL,453,1,BUY,-1,SELL,,NA,False,False,True,,,,,force_buy,weak_trend
LSTM_rolling_All_MA,LSTM_rolling,MA,"GOOGL,AMZN,AAPL,PEP,JNJ,PFE,MRK,ABBV,PG,KO,WMT,JPM,BAC,GS,V,XOM,CVX,COP,BP,BA,MMM,HON,GE,T,VZ,TMUS,HSY,DUK,SO,EXC,AEP,AMT,PLD,SPG,BHP,RIO,VALE,FCX",GOOGL,453,-1,SELL,-1,SELL,-1.0,SELL,True,True,True,0.0,0.0,0.0,0.0,force_sell,weak_trend
LSTM_rolling_All_MA,LSTM_rolling,MA,"GOOGL,AMZN,AAPL,PEP,JNJ,PFE,MRK,ABBV,PG,KO,WMT,JPM,BAC,GS,V,XOM,CVX,COP,BP,BA,MMM,HON,GE,T,VZ,TMUS,HSY,DUK,SO,EXC,AEP,AMT,PLD,SPG,BHP,RIO,VALE,FCX",GOOGL,469,1,BUY,1,BUY,1.0,BUY,True,True,True,0.0,0.0,0.0,0.0,force_buy,weak_trend
LSTM_rolling_All_MA,LSTM_rolling,MA,"GOOGL,AMZN,AAPL,PEP,JNJ,PFE,MRK,ABBV,PG,KO,WMT,JPM,BAC,GS,V,XOM,CVX,COP,BP,BA,MMM,HON,GE,T,VZ,TMUS,HSY,DUK,SO,EXC,AEP,AMT,PLD,SPG,BHP,RIO,VALE,FCX",GOOGL,469,-1,SELL,1,BUY,,NA,False,False,True,,,,,force_sell,weak_trend
LSTM_rolling_All_MA,LSTM_rolling,MA,"GOOGL,AMZN,AAPL,PEP,JNJ,PFE,MRK,ABBV,PG,KO,WMT,JPM,BAC,GS,V,XOM,CVX,COP,BP,BA,MMM,HON,GE,T,VZ,TMUS,HSY,DUK,SO,EXC,AEP,AMT,PLD,SPG,BHP,RIO,VALE,FCX",GOOGL,490,1,BUY,-1,SELL,,NA,False,False,True,,,,,force_buy,weak_trend
LSTM_rolling_All_MA,LSTM_rolling,MA,"GOOGL,AMZN,AAPL,PEP,JNJ,PFE,MRK,ABBV,PG,KO,WMT,JPM,BAC,GS,V,XOM,CVX,COP,BP,BA,MMM,HON,GE,T,VZ,TMUS,HSY,DUK,SO,EXC,AEP,AMT,PLD,SPG,BHP,RIO,VALE,FCX",GOOGL,490,-1,SELL,-1,SELL,-1.0,SELL,True,True,True,0.0,0.0,0.0,0.0,force_sell,weak_trend
LSTM_rolling_All_MA,LSTM_rolling,MA,"GOOGL,AMZN,AAPL,PEP,JNJ,PFE,MRK,ABBV,PG,KO,WMT,JPM,BAC,GS,V,XOM,CVX,COP,BP,BA,MMM,HON,GE,T,VZ,TMUS,HSY,DUK,SO,EXC,AEP,AMT,PLD,SPG,BHP,RIO,VALE,FCX",GOOGL,578,1,BUY,1,BUY,1.0,BUY,True,True,True,0.0,0.0,0.0,0.0,force_buy,weak_trend
LSTM_rolling_All_MA,LSTM_rolling,MA,"GOOGL,AMZN,AAPL,PEP,JNJ,PFE,MRK,ABBV,PG,KO,WMT,JPM,BAC,GS,V,XOM,CVX,COP,BP,BA,MMM,HON,GE,T,VZ,TMUS,HSY,DUK,SO,EXC,AEP,AMT,PLD,SPG,BHP,RIO,VALE,FCX",GOOGL,578,-1,SELL,1,BUY,,NA,False,False,True,,,,,force_sell,weak_trend
LSTM_rolling_All_MA,LSTM_rolling,MA,"GOOGL,AMZN,AAPL,PEP,JNJ,PFE,MRK,ABBV,PG,KO,WMT,JPM,BAC,GS,V,XOM,CVX,COP,BP,BA,MMM,HON,GE,T,VZ,TMUS,HSY,DUK,SO,EXC,AEP,AMT,PLD,SPG,BHP,RIO,VALE,FCX",GOOGL,637,1,BUY,1,BUY,1.0,BUY,True,True,True,0.0,0.0,0.0,0.0,force_buy,weak_trend
LSTM_rolling_All_MA,LSTM_rolling,MA,"GOOGL,AMZN,AAPL,PEP,JNJ,PFE,MRK,ABBV,PG,KO,WMT,JPM,BAC,GS,V,XOM,CVX,COP,BP,BA,MMM,HON,GE,T,VZ,TMUS,HSY,DUK,SO,EXC,AEP,AMT,PLD,SPG,BHP,RIO,VALE,FCX",GOOGL,637,-1,SELL,1,BUY,,NA,False,False,True,,,,,force_sell,weak_trend
LSTM_rolling_All_MA,LSTM_rolling,MA,"GOOGL,AMZN,AAPL,PEP,JNJ,PFE,MRK,ABBV,PG,KO,WMT,JPM,BAC,GS,V,XOM,CVX,COP,BP,BA,MMM,HON,GE,T,VZ,TMUS,HSY,DUK,SO,EXC,AEP,AMT,PLD,SPG,BHP,RIO,VALE,FCX",GOOGL,34,1,BUY,1,BUY,1.0,BUY,True,True,True,0.0,0.0,0.0,0.0,force_buy,near_strategy_boundary
LSTM_rolling_All_MA,LSTM_rolling,MA,"GOOGL,AMZN,AAPL,PEP,JNJ,PFE,MRK,ABBV,PG,KO,WMT,JPM,BAC,GS,V,XOM,CVX,COP,BP,BA,MMM,HON,GE,T,VZ,TMUS,HSY,DUK,SO,EXC,AEP,AMT,PLD,SPG,BHP,RIO,VALE,FCX",GOOGL,34,-1,SELL,1,BUY,,NA,False,False,True,,,,,force_sell,near_strategy_boundary
LSTM_rolling_All_MA,LSTM_rolling,MA,"GOOGL,AMZN,AAPL,PEP,JNJ,PFE,MRK,ABBV,PG,KO,WMT,JPM,BAC,GS,V,XOM,CVX,COP,BP,BA,MMM,HON,GE,T,VZ,TMUS,HSY,DUK,SO,EXC,AEP,AMT,PLD,SPG,BHP,RIO,VALE,FCX",GOOGL,37,1,BUY,1,BUY,1.0,BUY,True,True,True,0.0,0.0,0.0,0.0,force_buy,near_strategy_boundary
LSTM_rolling_All_MA,LSTM_rolling,MA,"GOOGL,AMZN,AAPL,PEP,JNJ,PFE,MRK,ABBV,PG,KO,WMT,JPM,BAC,GS,V,XOM,CVX,COP,BP,BA,MMM,HON,GE,T,VZ,TMUS,HSY,DUK,SO,EXC,AEP,AMT,PLD,SPG,BHP,RIO,VALE,FCX",GOOGL,37,-1,SELL,1,BUY,,NA,False,False,True,,,,,force_sell,near_strategy_boundary
LSTM_rolling_All_MA,LSTM_rolling,MA,"GOOGL,AMZN,AAPL,PEP,JNJ,PFE,MRK,ABBV,PG,KO,WMT,JPM,BAC,GS,V,XOM,CVX,COP,BP,BA,MMM,HON,GE,T,VZ,TMUS,HSY,DUK,SO,EXC,AEP,AMT,PLD,SPG,BHP,RIO,VALE,FCX",GOOGL,38,1,BUY,-1,SELL,,NA,False,False,True,,,,,force_buy,near_strategy_boundary
LSTM_rolling_All_MA,LSTM_rolling,MA,"GOOGL,AMZN,AAPL,PEP,JNJ,PFE,MRK,ABBV,PG,KO,WMT,JPM,BAC,GS,V,XOM,CVX,COP,BP,BA,MMM,HON,GE,T,VZ,TMUS,HSY,DUK,SO,EXC,AEP,AMT,PLD,SPG,BHP,RIO,VALE,FCX",GOOGL,38,-1,SELL,-1,SELL,-1.0,SELL,True,True,True,0.0,0.0,0.0,0.0,force_sell,near_strategy_boundary
LSTM_rolling_All_MA,LSTM_rolling,MA,"GOOGL,AMZN,AAPL,PEP,JNJ,PFE,MRK,ABBV,PG,KO,WMT,JPM,BAC,GS,V,XOM,CVX,COP,BP,BA,MMM,HON,GE,T,VZ,TMUS,HSY,DUK,SO,EXC,AEP,AMT,PLD,SPG,BHP,RIO,VALE,FCX",GOOGL,83,1,BUY,1,BUY,1.0,BUY,True,True,True,0.0,0.0,0.0,0.0,force_buy,near_strategy_boundary
LSTM_rolling_All_MA,LSTM_rolling,MA,"GOOGL,AMZN,AAPL,PEP,JNJ,PFE,MRK,ABBV,PG,KO,WMT,JPM,BAC,GS,V,XOM,CVX,COP,BP,BA,MMM,HON,GE,T,VZ,TMUS,HSY,DUK,SO,EXC,AEP,AMT,PLD,SPG,BHP,RIO,VALE,FCX",GOOGL,83,-1,SELL,1,BUY,,NA,False,False,True,,,,,force_sell,near_strategy_boundary
LSTM_rolling_All_MA,LSTM_rolling,MA,"GOOGL,AMZN,AAPL,PEP,JNJ,PFE,MRK,ABBV,PG,KO,WMT,JPM,BAC,GS,V,XOM,CVX,COP,BP,BA,MMM,HON,GE,T,VZ,TMUS,HSY,DUK,SO,EXC,AEP,AMT,PLD,SPG,BHP,RIO,VALE,FCX",GOOGL,163,1,BUY,1,BUY,1.0,BUY,True,True,True,0.0,0.0,0.0,0.0,force_buy,near_strategy_boundary
LSTM_rolling_All_MA,LSTM_rolling,MA,"GOOGL,AMZN,AAPL,PEP,JNJ,PFE,MRK,ABBV,PG,KO,WMT,JPM,BAC,GS,V,XOM,CVX,COP,BP,BA,MMM,HON,GE,T,VZ,TMUS,HSY,DUK,SO,EXC,AEP,AMT,PLD,SPG,BHP,RIO,VALE,FCX",GOOGL,163,-1,SELL,1,BUY,,NA,False,False,True,,,,,force_sell,near_strategy_boundary
LSTM_rolling_All_MA,LSTM_rolling,MA,"GOOGL,AMZN,AAPL,PEP,JNJ,PFE,MRK,ABBV,PG,KO,WMT,JPM,BAC,GS,V,XOM,CVX,COP,BP,BA,MMM,HON,GE,T,VZ,TMUS,HSY,DUK,SO,EXC,AEP,AMT,PLD,SPG,BHP,RIO,VALE,FCX",GOOGL,226,1,BUY,1,BUY,1.0,BUY,True,True,True,0.0,0.0,0.0,0.0,force_buy,near_strategy_boundary
LSTM_rolling_All_MA,LSTM_rolling,MA,"GOOGL,AMZN,AAPL,PEP,JNJ,PFE,MRK,ABBV,PG,KO,WMT,JPM,BAC,GS,V,XOM,CVX,COP,BP,BA,MMM,HON,GE,T,VZ,TMUS,HSY,DUK,SO,EXC,AEP,AMT,PLD,SPG,BHP,RIO,VALE,FCX",GOOGL,226,-1,SELL,1,BUY,,NA,False,False,True,,,,,force_sell,near_strategy_boundary
LSTM_rolling_All_MA,LSTM_rolling,MA,"GOOGL,AMZN,AAPL,PEP,JNJ,PFE,MRK,ABBV,PG,KO,WMT,JPM,BAC,GS,V,XOM,CVX,COP,BP,BA,MMM,HON,GE,T,VZ,TMUS,HSY,DUK,SO,EXC,AEP,AMT,PLD,SPG,BHP,RIO,VALE,FCX",GOOGL,241,1,BUY,-1,SELL,,NA,False,False,True,,,,,force_buy,near_strategy_boundary
LSTM_rolling_All_MA,LSTM_rolling,MA,"GOOGL,AMZN,AAPL,PEP,JNJ,PFE,MRK,ABBV,PG,KO,WMT,JPM,BAC,GS,V,XOM,CVX,COP,BP,BA,MMM,HON,GE,T,VZ,TMUS,HSY,DUK,SO,EXC,AEP,AMT,PLD,SPG,BHP,RIO,VALE,FCX",GOOGL,241,-1,SELL,-1,SELL,-1.0,SELL,True,True,True,0.0,0.0,0.0,0.0,force_sell,near_strategy_boundary
LSTM_rolling_All_MA,LSTM_rolling,MA,"GOOGL,AMZN,AAPL,PEP,JNJ,PFE,MRK,ABBV,PG,KO,WMT,JPM,BAC,GS,V,XOM,CVX,COP,BP,BA,MMM,HON,GE,T,VZ,TMUS,HSY,DUK,SO,EXC,AEP,AMT,PLD,SPG,BHP,RIO,VALE,FCX",GOOGL,443,1,BUY,-1,SELL,,NA,False,False,True,,,,,force_buy,near_strategy_boundary
LSTM_rolling_All_MA,LSTM_rolling,MA,"GOOGL,AMZN,AAPL,PEP,JNJ,PFE,MRK,ABBV,PG,KO,WMT,JPM,BAC,GS,V,XOM,CVX,COP,BP,BA,MMM,HON,GE,T,VZ,TMUS,HSY,DUK,SO,EXC,AEP,AMT,PLD,SPG,BHP,RIO,VALE,FCX",GOOGL,443,-1,SELL,-1,SELL,-1.0,SELL,True,True,True,0.0,0.0,0.0,0.0,force_sell,near_strategy_boundary
LSTM_rolling_All_MA,LSTM_rolling,MA,"GOOGL,AMZN,AAPL,PEP,JNJ,PFE,MRK,ABBV,PG,KO,WMT,JPM,BAC,GS,V,XOM,CVX,COP,BP,BA,MMM,HON,GE,T,VZ,TMUS,HSY,DUK,SO,EXC,AEP,AMT,PLD,SPG,BHP,RIO,VALE,FCX",GOOGL,495,1,BUY,1,BUY,1.0,BUY,True,True,True,0.0,0.0,0.0,0.0,force_buy,near_strategy_boundary
LSTM_rolling_All_MA,LSTM_rolling,MA,"GOOGL,AMZN,AAPL,PEP,JNJ,PFE,MRK,ABBV,PG,KO,WMT,JPM,BAC,GS,V,XOM,CVX,COP,BP,BA,MMM,HON,GE,T,VZ,TMUS,HSY,DUK,SO,EXC,AEP,AMT,PLD,SPG,BHP,RIO,VALE,FCX",GOOGL,495,-1,SELL,1,BUY,,NA,False,False,True,,,,,force_sell,near_strategy_boundary
LSTM_rolling_All_MA,LSTM_rolling,MA,"GOOGL,AMZN,AAPL,PEP,JNJ,PFE,MRK,ABBV,PG,KO,WMT,JPM,BAC,GS,V,XOM,CVX,COP,BP,BA,MMM,HON,GE,T,VZ,TMUS,HSY,DUK,SO,EXC,AEP,AMT,PLD,SPG,BHP,RIO,VALE,FCX",GOOGL,602,1,BUY,1,BUY,1.0,BUY,True,True,True,0.0,0.0,0.0,0.0,force_buy,near_strategy_boundary
LSTM_rolling_All_MA,LSTM_rolling,MA,"GOOGL,AMZN,AAPL,PEP,JNJ,PFE,MRK,ABBV,PG,KO,WMT,JPM,BAC,GS,V,XOM,CVX,COP,BP,BA,MMM,HON,GE,T,VZ,TMUS,HSY,DUK,SO,EXC,AEP,AMT,PLD,SPG,BHP,RIO,VALE,FCX",GOOGL,602,-1,SELL,1,BUY,,NA,False,False,True,,,,,force_sell,near_strategy_boundary
LSTM_rolling_All_MA,LSTM_rolling,MA,"GOOGL,AMZN,AAPL,PEP,JNJ,PFE,MRK,ABBV,PG,KO,WMT,JPM,BAC,GS,V,XOM,CVX,COP,BP,BA,MMM,HON,GE,T,VZ,TMUS,HSY,DUK,SO,EXC,AEP,AMT,PLD,SPG,BHP,RIO,VALE,FCX",GOOGL,603,1,BUY,0,HOLD,1.0,BUY,True,False,True,0.01,0.01,-0.4675140380859375,0.0,force_buy,near_strategy_boundary
LSTM_rolling_All_MA,LSTM_rolling,MA,"GOOGL,AMZN,AAPL,PEP,JNJ,PFE,MRK,ABBV,PG,KO,WMT,JPM,BAC,GS,V,XOM,CVX,COP,BP,BA,MMM,HON,GE,T,VZ,TMUS,HSY,DUK,SO,EXC,AEP,AMT,PLD,SPG,BHP,RIO,VALE,FCX",GOOGL,603,-1,SELL,0,HOLD,,NA,False,False,True,,,,,force_sell,near_strategy_boundary
LSTM_rolling_All_MA,LSTM_rolling,MA,"GOOGL,AMZN,AAPL,PEP,JNJ,PFE,MRK,ABBV,PG,KO,WMT,JPM,BAC,GS,V,XOM,CVX,COP,BP,BA,MMM,HON,GE,T,VZ,TMUS,HSY,DUK,SO,EXC,AEP,AMT,PLD,SPG,BHP,RIO,VALE,FCX",GOOGL,650,1,BUY,1,BUY,1.0,BUY,True,True,True,0.0,0.0,0.0,0.0,force_buy,near_strategy_boundary
LSTM_rolling_All_MA,LSTM_rolling,MA,"GOOGL,AMZN,AAPL,PEP,JNJ,PFE,MRK,ABBV,PG,KO,WMT,JPM,BAC,GS,V,XOM,CVX,COP,BP,BA,MMM,HON,GE,T,VZ,TMUS,HSY,DUK,SO,EXC,AEP,AMT,PLD,SPG,BHP,RIO,VALE,FCX",GOOGL,650,-1,SELL,1,BUY,,NA,False,False,True,,,,,force_sell,near_strategy_boundary
LSTM_cumulative_All_MA,LSTM_cumulative,MA,"GOOGL,AMZN,AAPL,PEP,JNJ,PFE,MRK,ABBV,PG,KO,WMT,JPM,BAC,GS,V,XOM,CVX,COP,BP,BA,MMM,HON,GE,T,VZ,TMUS,HSY,DUK,SO,EXC,AEP,AMT,PLD,SPG,BHP,RIO,VALE,FCX",GOOGL,30,1,BUY,-1,SELL,,NA,False,False,True,,,,,force_buy,uniform
LSTM_cumulative_All_MA,LSTM_cumulative,MA,"GOOGL,AMZN,AAPL,PEP,JNJ,PFE,MRK,ABBV,PG,KO,WMT,JPM,BAC,GS,V,XOM,CVX,COP,BP,BA,MMM,HON,GE,T,VZ,TMUS,HSY,DUK,SO,EXC,AEP,AMT,PLD,SPG,BHP,RIO,VALE,FCX",GOOGL,30,-1,SELL,-1,SELL,-1.0,SELL,True,True,True,0.0,0.0,0.0,0.0,force_sell,uniform
LSTM_cumulative_All_MA,LSTM_cumulative,MA,"GOOGL,AMZN,AAPL,PEP,JNJ,PFE,MRK,ABBV,PG,KO,WMT,JPM,BAC,GS,V,XOM,CVX,COP,BP,BA,MMM,HON,GE,T,VZ,TMUS,HSY,DUK,SO,EXC,AEP,AMT,PLD,SPG,BHP,RIO,VALE,FCX",GOOGL,90,1,BUY,1,BUY,1.0,BUY,True,True,True,0.0,0.0,0.0,0.0,force_buy,uniform
LSTM_cumulative_All_MA,LSTM_cumulative,MA,"GOOGL,AMZN,AAPL,PEP,JNJ,PFE,MRK,ABBV,PG,KO,WMT,JPM,BAC,GS,V,XOM,CVX,COP,BP,BA,MMM,HON,GE,T,VZ,TMUS,HSY,DUK,SO,EXC,AEP,AMT,PLD,SPG,BHP,RIO,VALE,FCX",GOOGL,90,-1,SELL,1,BUY,,NA,False,False,True,,,,,force_sell,uniform
LSTM_cumulative_All_MA,LSTM_cumulative,MA,"GOOGL,AMZN,AAPL,PEP,JNJ,PFE,MRK,ABBV,PG,KO,WMT,JPM,BAC,GS,V,XOM,CVX,COP,BP,BA,MMM,HON,GE,T,VZ,TMUS,HSY,DUK,SO,EXC,AEP,AMT,PLD,SPG,BHP,RIO,VALE,FCX",GOOGL,149,1,BUY,1,BUY,1.0,BUY,True,True,True,0.0,0.0,0.0,0.0,force_buy,uniform
LSTM_cumulative_All_MA,LSTM_cumulative,MA,"GOOGL,AMZN,AAPL,PEP,JNJ,PFE,MRK,ABBV,PG,KO,WMT,JPM,BAC,GS,V,XOM,CVX,COP,BP,BA,MMM,HON,GE,T,VZ,TMUS,HSY,DUK,SO,EXC,AEP,AMT,PLD,SPG,BHP,RIO,VALE,FCX",GOOGL,149,-1,SELL,1,BUY,,NA,False,False,True,,,,,force_sell,uniform
LSTM_cumulative_All_MA,LSTM_cumulative,MA,"GOOGL,AMZN,AAPL,PEP,JNJ,PFE,MRK,ABBV,PG,KO,WMT,JPM,BAC,GS,V,XOM,CVX,COP,BP,BA,MMM,HON,GE,T,VZ,TMUS,HSY,DUK,SO,EXC,AEP,AMT,PLD,SPG,BHP,RIO,VALE,FCX",GOOGL,209,1,BUY,1,BUY,1.0,BUY,True,True,True,0.0,0.0,0.0,0.0,force_buy,uniform
LSTM_cumulative_All_MA,LSTM_cumulative,MA,"GOOGL,AMZN,AAPL,PEP,JNJ,PFE,MRK,ABBV,PG,KO,WMT,JPM,BAC,GS,V,XOM,CVX,COP,BP,BA,MMM,HON,GE,T,VZ,TMUS,HSY,DUK,SO,EXC,AEP,AMT,PLD,SPG,BHP,RIO,VALE,FCX",GOOGL,209,-1,SELL,1,BUY,,NA,False,False,True,,,,,force_sell,uniform
LSTM_cumulative_All_MA,LSTM_cumulative,MA,"GOOGL,AMZN,AAPL,PEP,JNJ,PFE,MRK,ABBV,PG,KO,WMT,JPM,BAC,GS,V,XOM,CVX,COP,BP,BA,MMM,HON,GE,T,VZ,TMUS,HSY,DUK,SO,EXC,AEP,AMT,PLD,SPG,BHP,RIO,VALE,FCX",GOOGL,269,1,BUY,1,BUY,1.0,BUY,True,True,True,0.0,0.0,0.0,0.0,force_buy,uniform
LSTM_cumulative_All_MA,LSTM_cumulative,MA,"GOOGL,AMZN,AAPL,PEP,JNJ,PFE,MRK,ABBV,PG,KO,WMT,JPM,BAC,GS,V,XOM,CVX,COP,BP,BA,MMM,HON,GE,T,VZ,TMUS,HSY,DUK,SO,EXC,AEP,AMT,PLD,SPG,BHP,RIO,VALE,FCX",GOOGL,269,-1,SELL,1,BUY,,NA,False,False,True,,,,,force_sell,uniform
LSTM_cumulative_All_MA,LSTM_cumulative,MA,"GOOGL,AMZN,AAPL,PEP,JNJ,PFE,MRK,ABBV,PG,KO,WMT,JPM,BAC,GS,V,XOM,CVX,COP,BP,BA,MMM,HON,GE,T,VZ,TMUS,HSY,DUK,SO,EXC,AEP,AMT,PLD,SPG,BHP,RIO,VALE,FCX",GOOGL,328,1,BUY,-1,SELL,,NA,False,False,True,,,,,force_buy,uniform
LSTM_cumulative_All_MA,LSTM_cumulative,MA,"GOOGL,AMZN,AAPL,PEP,JNJ,PFE,MRK,ABBV,PG,KO,WMT,JPM,BAC,GS,V,XOM,CVX,COP,BP,BA,MMM,HON,GE,T,VZ,TMUS,HSY,DUK,SO,EXC,AEP,AMT,PLD,SPG,BHP,RIO,VALE,FCX",GOOGL,328,-1,SELL,-1,SELL,-1.0,SELL,True,True,True,0.0,0.0,0.0,0.0,force_sell,uniform
LSTM_cumulative_All_MA,LSTM_cumulative,MA,"GOOGL,AMZN,AAPL,PEP,JNJ,PFE,MRK,ABBV,PG,KO,WMT,JPM,BAC,GS,V,XOM,CVX,COP,BP,BA,MMM,HON,GE,T,VZ,TMUS,HSY,DUK,SO,EXC,AEP,AMT,PLD,SPG,BHP,RIO,VALE,FCX",GOOGL,388,1,BUY,1,BUY,1.0,BUY,True,True,True,0.0,0.0,0.0,0.0,force_buy,uniform
LSTM_cumulative_All_MA,LSTM_cumulative,MA,"GOOGL,AMZN,AAPL,PEP,JNJ,PFE,MRK,ABBV,PG,KO,WMT,JPM,BAC,GS,V,XOM,CVX,COP,BP,BA,MMM,HON,GE,T,VZ,TMUS,HSY,DUK,SO,EXC,AEP,AMT,PLD,SPG,BHP,RIO,VALE,FCX",GOOGL,388,-1,SELL,1,BUY,,NA,False,False,True,,,,,force_sell,uniform
LSTM_cumulative_All_MA,LSTM_cumulative,MA,"GOOGL,AMZN,AAPL,PEP,JNJ,PFE,MRK,ABBV,PG,KO,WMT,JPM,BAC,GS,V,XOM,CVX,COP,BP,BA,MMM,HON,GE,T,VZ,TMUS,HSY,DUK,SO,EXC,AEP,AMT,PLD,SPG,BHP,RIO,VALE,FCX",GOOGL,447,1,BUY,-1,SELL,,NA,False,False,True,,,,,force_buy,uniform
LSTM_cumulative_All_MA,LSTM_cumulative,MA,"GOOGL,AMZN,AAPL,PEP,JNJ,PFE,MRK,ABBV,PG,KO,WMT,JPM,BAC,GS,V,XOM,CVX,COP,BP,BA,MMM,HON,GE,T,VZ,TMUS,HSY,DUK,SO,EXC,AEP,AMT,PLD,SPG,BHP,RIO,VALE,FCX",GOOGL,447,-1,SELL,-1,SELL,-1.0,SELL,True,True,True,0.0,0.0,0.0,0.0,force_sell,uniform
LSTM_cumulative_All_MA,LSTM_cumulative,MA,"GOOGL,AMZN,AAPL,PEP,JNJ,PFE,MRK,ABBV,PG,KO,WMT,JPM,BAC,GS,V,XOM,CVX,COP,BP,BA,MMM,HON,GE,T,VZ,TMUS,HSY,DUK,SO,EXC,AEP,AMT,PLD,SPG,BHP,RIO,VALE,FCX",GOOGL,507,1,BUY,1,BUY,1.0,BUY,True,True,True,0.0,0.0,0.0,0.0,force_buy,uniform
LSTM_cumulative_All_MA,LSTM_cumulative,MA,"GOOGL,AMZN,AAPL,PEP,JNJ,PFE,MRK,ABBV,PG,KO,WMT,JPM,BAC,GS,V,XOM,CVX,COP,BP,BA,MMM,HON,GE,T,VZ,TMUS,HSY,DUK,SO,EXC,AEP,AMT,PLD,SPG,BHP,RIO,VALE,FCX",GOOGL,507,-1,SELL,1,BUY,,NA,False,False,True,,,,,force_sell,uniform
LSTM_cumulative_All_MA,LSTM_cumulative,MA,"GOOGL,AMZN,AAPL,PEP,JNJ,PFE,MRK,ABBV,PG,KO,WMT,JPM,BAC,GS,V,XOM,CVX,COP,BP,BA,MMM,HON,GE,T,VZ,TMUS,HSY,DUK,SO,EXC,AEP,AMT,PLD,SPG,BHP,RIO,VALE,FCX",GOOGL,567,1,BUY,1,BUY,1.0,BUY,True,True,True,0.0,0.0,0.0,0.0,force_buy,uniform
LSTM_cumulative_All_MA,LSTM_cumulative,MA,"GOOGL,AMZN,AAPL,PEP,JNJ,PFE,MRK,ABBV,PG,KO,WMT,JPM,BAC,GS,V,XOM,CVX,COP,BP,BA,MMM,HON,GE,T,VZ,TMUS,HSY,DUK,SO,EXC,AEP,AMT,PLD,SPG,BHP,RIO,VALE,FCX",GOOGL,567,-1,SELL,1,BUY,,NA,False,False,True,,,,,force_sell,uniform
LSTM_cumulative_All_MA,LSTM_cumulative,MA,"GOOGL,AMZN,AAPL,PEP,JNJ,PFE,MRK,ABBV,PG,KO,WMT,JPM,BAC,GS,V,XOM,CVX,COP,BP,BA,MMM,HON,GE,T,VZ,TMUS,HSY,DUK,SO,EXC,AEP,AMT,PLD,SPG,BHP,RIO,VALE,FCX",GOOGL,626,1,BUY,1,BUY,1.0,BUY,True,True,True,0.0,0.0,0.0,0.0,force_buy,uniform
LSTM_cumulative_All_MA,LSTM_cumulative,MA,"GOOGL,AMZN,AAPL,PEP,JNJ,PFE,MRK,ABBV,PG,KO,WMT,JPM,BAC,GS,V,XOM,CVX,COP,BP,BA,MMM,HON,GE,T,VZ,TMUS,HSY,DUK,SO,EXC,AEP,AMT,PLD,SPG,BHP,RIO,VALE,FCX",GOOGL,626,-1,SELL,1,BUY,,NA,False,False,True,,,,,force_sell,uniform
LSTM_cumulative_All_MA,LSTM_cumulative,MA,"GOOGL,AMZN,AAPL,PEP,JNJ,PFE,MRK,ABBV,PG,KO,WMT,JPM,BAC,GS,V,XOM,CVX,COP,BP,BA,MMM,HON,GE,T,VZ,TMUS,HSY,DUK,SO,EXC,AEP,AMT,PLD,SPG,BHP,RIO,VALE,FCX",GOOGL,686,1,BUY,1,BUY,1.0,BUY,True,True,True,0.0,0.0,0.0,0.0,force_buy,uniform
LSTM_cumulative_All_MA,LSTM_cumulative,MA,"GOOGL,AMZN,AAPL,PEP,JNJ,PFE,MRK,ABBV,PG,KO,WMT,JPM,BAC,GS,V,XOM,CVX,COP,BP,BA,MMM,HON,GE,T,VZ,TMUS,HSY,DUK,SO,EXC,AEP,AMT,PLD,SPG,BHP,RIO,VALE,FCX",GOOGL,686,-1,SELL,1,BUY,,NA,False,False,True,,,,,force_sell,uniform
LSTM_cumulative_All_MA,LSTM_cumulative,MA,"GOOGL,AMZN,AAPL,PEP,JNJ,PFE,MRK,ABBV,PG,KO,WMT,JPM,BAC,GS,V,XOM,CVX,COP,BP,BA,MMM,HON,GE,T,VZ,TMUS,HSY,DUK,SO,EXC,AEP,AMT,PLD,SPG,BHP,RIO,VALE,FCX",GOOGL,330,1,BUY,-1,SELL,,NA,False,False,True,,,,,force_buy,high_volatility
LSTM_cumulative_All_MA,LSTM_cumulative,MA,"GOOGL,AMZN,AAPL,PEP,JNJ,PFE,MRK,ABBV,PG,KO,WMT,JPM,BAC,GS,V,XOM,CVX,COP,BP,BA,MMM,HON,GE,T,VZ,TMUS,HSY,DUK,SO,EXC,AEP,AMT,PLD,SPG,BHP,RIO,VALE,FCX",GOOGL,330,-1,SELL,-1,SELL,-1.0,SELL,True,True,True,0.0,0.0,0.0,0.0,force_sell,high_volatility
LSTM_cumulative_All_MA,LSTM_cumulative,MA,"GOOGL,AMZN,AAPL,PEP,JNJ,PFE,MRK,ABBV,PG,KO,WMT,JPM,BAC,GS,V,XOM,CVX,COP,BP,BA,MMM,HON,GE,T,VZ,TMUS,HSY,DUK,SO,EXC,AEP,AMT,PLD,SPG,BHP,RIO,VALE,FCX",GOOGL,331,1,BUY,-1,SELL,,NA,False,False,True,,,,,force_buy,high_volatility
LSTM_cumulative_All_MA,LSTM_cumulative,MA,"GOOGL,AMZN,AAPL,PEP,JNJ,PFE,MRK,ABBV,PG,KO,WMT,JPM,BAC,GS,V,XOM,CVX,COP,BP,BA,MMM,HON,GE,T,VZ,TMUS,HSY,DUK,SO,EXC,AEP,AMT,PLD,SPG,BHP,RIO,VALE,FCX",GOOGL,331,-1,SELL,-1,SELL,-1.0,SELL,True,True,True,0.0,0.0,0.0,0.0,force_sell,high_volatility
LSTM_cumulative_All_MA,LSTM_cumulative,MA,"GOOGL,AMZN,AAPL,PEP,JNJ,PFE,MRK,ABBV,PG,KO,WMT,JPM,BAC,GS,V,XOM,CVX,COP,BP,BA,MMM,HON,GE,T,VZ,TMUS,HSY,DUK,SO,EXC,AEP,AMT,PLD,SPG,BHP,RIO,VALE,FCX",GOOGL,332,1,BUY,-1,SELL,,NA,False,False,True,,,,,force_buy,high_volatility
LSTM_cumulative_All_MA,LSTM_cumulative,MA,"GOOGL,AMZN,AAPL,PEP,JNJ,PFE,MRK,ABBV,PG,KO,WMT,JPM,BAC,GS,V,XOM,CVX,COP,BP,BA,MMM,HON,GE,T,VZ,TMUS,HSY,DUK,SO,EXC,AEP,AMT,PLD,SPG,BHP,RIO,VALE,FCX",GOOGL,332,-1,SELL,-1,SELL,-1.0,SELL,True,True,True,0.0,0.0,0.0,0.0,force_sell,high_volatility
LSTM_cumulative_All_MA,LSTM_cumulative,MA,"GOOGL,AMZN,AAPL,PEP,JNJ,PFE,MRK,ABBV,PG,KO,WMT,JPM,BAC,GS,V,XOM,CVX,COP,BP,BA,MMM,HON,GE,T,VZ,TMUS,HSY,DUK,SO,EXC,AEP,AMT,PLD,SPG,BHP,RIO,VALE,FCX",GOOGL,333,1,BUY,-1,SELL,,NA,False,False,True,,,,,force_buy,high_volatility
LSTM_cumulative_All_MA,LSTM_cumulative,MA,"GOOGL,AMZN,AAPL,PEP,JNJ,PFE,MRK,ABBV,PG,KO,WMT,JPM,BAC,GS,V,XOM,CVX,COP,BP,BA,MMM,HON,GE,T,VZ,TMUS,HSY,DUK,SO,EXC,AEP,AMT,PLD,SPG,BHP,RIO,VALE,FCX",GOOGL,333,-1,SELL,-1,SELL,-1.0,SELL,True,True,True,0.0,0.0,0.0,0.0,force_sell,high_volatility
LSTM_cumulative_All_MA,LSTM_cumulative,MA,"GOOGL,AMZN,AAPL,PEP,JNJ,PFE,MRK,ABBV,PG,KO,WMT,JPM,BAC,GS,V,XOM,CVX,COP,BP,BA,MMM,HON,GE,T,VZ,TMUS,HSY,DUK,SO,EXC,AEP,AMT,PLD,SPG,BHP,RIO,VALE,FCX",GOOGL,334,1,BUY,-1,SELL,,NA,False,False,True,,,,,force_buy,high_volatility
LSTM_cumulative_All_MA,LSTM_cumulative,MA,"GOOGL,AMZN,AAPL,PEP,JNJ,PFE,MRK,ABBV,PG,KO,WMT,JPM,BAC,GS,V,XOM,CVX,COP,BP,BA,MMM,HON,GE,T,VZ,TMUS,HSY,DUK,SO,EXC,AEP,AMT,PLD,SPG,BHP,RIO,VALE,FCX",GOOGL,334,-1,SELL,-1,SELL,-1.0,SELL,True,True,True,0.0,0.0,0.0,0.0,force_sell,high_volatility
LSTM_cumulative_All_MA,LSTM_cumulative,MA,"GOOGL,AMZN,AAPL,PEP,JNJ,PFE,MRK,ABBV,PG,KO,WMT,JPM,BAC,GS,V,XOM,CVX,COP,BP,BA,MMM,HON,GE,T,VZ,TMUS,HSY,DUK,SO,EXC,AEP,AMT,PLD,SPG,BHP,RIO,VALE,FCX",GOOGL,335,1,BUY,-1,SELL,,NA,False,False,True,,,,,force_buy,high_volatility
LSTM_cumulative_All_MA,LSTM_cumulative,MA,"GOOGL,AMZN,AAPL,PEP,JNJ,PFE,MRK,ABBV,PG,KO,WMT,JPM,BAC,GS,V,XOM,CVX,COP,BP,BA,MMM,HON,GE,T,VZ,TMUS,HSY,DUK,SO,EXC,AEP,AMT,PLD,SPG,BHP,RIO,VALE,FCX",GOOGL,335,-1,SELL,-1,SELL,-1.0,SELL,True,True,True,0.0,0.0,0.0,0.0,force_sell,high_volatility
LSTM_cumulative_All_MA,LSTM_cumulative,MA,"GOOGL,AMZN,AAPL,PEP,JNJ,PFE,MRK,ABBV,PG,KO,WMT,JPM,BAC,GS,V,XOM,CVX,COP,BP,BA,MMM,HON,GE,T,VZ,TMUS,HSY,DUK,SO,EXC,AEP,AMT,PLD,SPG,BHP,RIO,VALE,FCX",GOOGL,599,1,BUY,1,BUY,1.0,BUY,True,True,True,0.0,0.0,0.0,0.0,force_buy,high_volatility
LSTM_cumulative_All_MA,LSTM_cumulative,MA,"GOOGL,AMZN,AAPL,PEP,JNJ,PFE,MRK,ABBV,PG,KO,WMT,JPM,BAC,GS,V,XOM,CVX,COP,BP,BA,MMM,HON,GE,T,VZ,TMUS,HSY,DUK,SO,EXC,AEP,AMT,PLD,SPG,BHP,RIO,VALE,FCX",GOOGL,599,-1,SELL,1,BUY,,NA,False,False,True,,,,,force_sell,high_volatility
LSTM_cumulative_All_MA,LSTM_cumulative,MA,"GOOGL,AMZN,AAPL,PEP,JNJ,PFE,MRK,ABBV,PG,KO,WMT,JPM,BAC,GS,V,XOM,CVX,COP,BP,BA,MMM,HON,GE,T,VZ,TMUS,HSY,DUK,SO,EXC,AEP,AMT,PLD,SPG,BHP,RIO,VALE,FCX",GOOGL,600,1,BUY,1,BUY,1.0,BUY,True,True,True,0.0,0.0,0.0,0.0,force_buy,high_volatility
LSTM_cumulative_All_MA,LSTM_cumulative,MA,"GOOGL,AMZN,AAPL,PEP,JNJ,PFE,MRK,ABBV,PG,KO,WMT,JPM,BAC,GS,V,XOM,CVX,COP,BP,BA,MMM,HON,GE,T,VZ,TMUS,HSY,DUK,SO,EXC,AEP,AMT,PLD,SPG,BHP,RIO,VALE,FCX",GOOGL,600,-1,SELL,1,BUY,,NA,False,False,True,,,,,force_sell,high_volatility
LSTM_cumulative_All_MA,LSTM_cumulative,MA,"GOOGL,AMZN,AAPL,PEP,JNJ,PFE,MRK,ABBV,PG,KO,WMT,JPM,BAC,GS,V,XOM,CVX,COP,BP,BA,MMM,HON,GE,T,VZ,TMUS,HSY,DUK,SO,EXC,AEP,AMT,PLD,SPG,BHP,RIO,VALE,FCX",GOOGL,601,1,BUY,1,BUY,1.0,BUY,True,True,True,0.0,0.0,0.0,0.0,force_buy,high_volatility
LSTM_cumulative_All_MA,LSTM_cumulative,MA,"GOOGL,AMZN,AAPL,PEP,JNJ,PFE,MRK,ABBV,PG,KO,WMT,JPM,BAC,GS,V,XOM,CVX,COP,BP,BA,MMM,HON,GE,T,VZ,TMUS,HSY,DUK,SO,EXC,AEP,AMT,PLD,SPG,BHP,RIO,VALE,FCX",GOOGL,601,-1,SELL,1,BUY,,NA,False,False,True,,,,,force_sell,high_volatility
LSTM_cumulative_All_MA,LSTM_cumulative,MA,"GOOGL,AMZN,AAPL,PEP,JNJ,PFE,MRK,ABBV,PG,KO,WMT,JPM,BAC,GS,V,XOM,CVX,COP,BP,BA,MMM,HON,GE,T,VZ,TMUS,HSY,DUK,SO,EXC,AEP,AMT,PLD,SPG,BHP,RIO,VALE,FCX",GOOGL,602,1,BUY,1,BUY,1.0,BUY,True,True,True,0.0,0.0,0.0,0.0,force_buy,high_volatility
LSTM_cumulative_All_MA,LSTM_cumulative,MA,"GOOGL,AMZN,AAPL,PEP,JNJ,PFE,MRK,ABBV,PG,KO,WMT,JPM,BAC,GS,V,XOM,CVX,COP,BP,BA,MMM,HON,GE,T,VZ,TMUS,HSY,DUK,SO,EXC,AEP,AMT,PLD,SPG,BHP,RIO,VALE,FCX",GOOGL,602,-1,SELL,1,BUY,,NA,False,False,True,,,,,force_sell,high_volatility
LSTM_cumulative_All_MA,LSTM_cumulative,MA,"GOOGL,AMZN,AAPL,PEP,JNJ,PFE,MRK,ABBV,PG,KO,WMT,JPM,BAC,GS,V,XOM,CVX,COP,BP,BA,MMM,HON,GE,T,VZ,TMUS,HSY,DUK,SO,EXC,AEP,AMT,PLD,SPG,BHP,RIO,VALE,FCX",GOOGL,603,1,BUY,1,BUY,1.0,BUY,True,True,True,0.0,0.0,0.0,0.0,force_buy,high_volatility
LSTM_cumulative_All_MA,LSTM_cumulative,MA,"GOOGL,AMZN,AAPL,PEP,JNJ,PFE,MRK,ABBV,PG,KO,WMT,JPM,BAC,GS,V,XOM,CVX,COP,BP,BA,MMM,HON,GE,T,VZ,TMUS,HSY,DUK,SO,EXC,AEP,AMT,PLD,SPG,BHP,RIO,VALE,FCX",GOOGL,603,-1,SELL,1,BUY,,NA,False,False,True,,,,,force_sell,high_volatility
LSTM_cumulative_All_MA,LSTM_cumulative,MA,"GOOGL,AMZN,AAPL,PEP,JNJ,PFE,MRK,ABBV,PG,KO,WMT,JPM,BAC,GS,V,XOM,CVX,COP,BP,BA,MMM,HON,GE,T,VZ,TMUS,HSY,DUK,SO,EXC,AEP,AMT,PLD,SPG,BHP,RIO,VALE,FCX",GOOGL,604,1,BUY,-1,SELL,,NA,False,False,True,,,,,force_buy,high_volatility
LSTM_cumulative_All_MA,LSTM_cumulative,MA,"GOOGL,AMZN,AAPL,PEP,JNJ,PFE,MRK,ABBV,PG,KO,WMT,JPM,BAC,GS,V,XOM,CVX,COP,BP,BA,MMM,HON,GE,T,VZ,TMUS,HSY,DUK,SO,EXC,AEP,AMT,PLD,SPG,BHP,RIO,VALE,FCX",GOOGL,604,-1,SELL,-1,SELL,-1.0,SELL,True,True,True,0.0,0.0,0.0,0.0,force_sell,high_volatility
LSTM_cumulative_All_MA,LSTM_cumulative,MA,"GOOGL,AMZN,AAPL,PEP,JNJ,PFE,MRK,ABBV,PG,KO,WMT,JPM,BAC,GS,V,XOM,CVX,COP,BP,BA,MMM,HON,GE,T,VZ,TMUS,HSY,DUK,SO,EXC,AEP,AMT,PLD,SPG,BHP,RIO,VALE,FCX",GOOGL,333,1,BUY,-1,SELL,,NA,False,False,True,,,,,force_buy,high_pred_volatility
LSTM_cumulative_All_MA,LSTM_cumulative,MA,"GOOGL,AMZN,AAPL,PEP,JNJ,PFE,MRK,ABBV,PG,KO,WMT,JPM,BAC,GS,V,XOM,CVX,COP,BP,BA,MMM,HON,GE,T,VZ,TMUS,HSY,DUK,SO,EXC,AEP,AMT,PLD,SPG,BHP,RIO,VALE,FCX",GOOGL,333,-1,SELL,-1,SELL,-1.0,SELL,True,True,True,0.0,0.0,0.0,0.0,force_sell,high_pred_volatility
LSTM_cumulative_All_MA,LSTM_cumulative,MA,"GOOGL,AMZN,AAPL,PEP,JNJ,PFE,MRK,ABBV,PG,KO,WMT,JPM,BAC,GS,V,XOM,CVX,COP,BP,BA,MMM,HON,GE,T,VZ,TMUS,HSY,DUK,SO,EXC,AEP,AMT,PLD,SPG,BHP,RIO,VALE,FCX",GOOGL,334,1,BUY,-1,SELL,,NA,False,False,True,,,,,force_buy,high_pred_volatility
LSTM_cumulative_All_MA,LSTM_cumulative,MA,"GOOGL,AMZN,AAPL,PEP,JNJ,PFE,MRK,ABBV,PG,KO,WMT,JPM,BAC,GS,V,XOM,CVX,COP,BP,BA,MMM,HON,GE,T,VZ,TMUS,HSY,DUK,SO,EXC,AEP,AMT,PLD,SPG,BHP,RIO,VALE,FCX",GOOGL,334,-1,SELL,-1,SELL,-1.0,SELL,True,True,True,0.0,0.0,0.0,0.0,force_sell,high_pred_volatility
LSTM_cumulative_All_MA,LSTM_cumulative,MA,"GOOGL,AMZN,AAPL,PEP,JNJ,PFE,MRK,ABBV,PG,KO,WMT,JPM,BAC,GS,V,XOM,CVX,COP,BP,BA,MMM,HON,GE,T,VZ,TMUS,HSY,DUK,SO,EXC,AEP,AMT,PLD,SPG,BHP,RIO,VALE,FCX",GOOGL,335,1,BUY,-1,SELL,,NA,False,False,True,,,,,force_buy,high_pred_volatility
LSTM_cumulative_All_MA,LSTM_cumulative,MA,"GOOGL,AMZN,AAPL,PEP,JNJ,PFE,MRK,ABBV,PG,KO,WMT,JPM,BAC,GS,V,XOM,CVX,COP,BP,BA,MMM,HON,GE,T,VZ,TMUS,HSY,DUK,SO,EXC,AEP,AMT,PLD,SPG,BHP,RIO,VALE,FCX",GOOGL,335,-1,SELL,-1,SELL,-1.0,SELL,True,True,True,0.0,0.0,0.0,0.0,force_sell,high_pred_volatility
LSTM_cumulative_All_MA,LSTM_cumulative,MA,"GOOGL,AMZN,AAPL,PEP,JNJ,PFE,MRK,ABBV,PG,KO,WMT,JPM,BAC,GS,V,XOM,CVX,COP,BP,BA,MMM,HON,GE,T,VZ,TMUS,HSY,DUK,SO,EXC,AEP,AMT,PLD,SPG,BHP,RIO,VALE,FCX",GOOGL,336,1,BUY,-1,SELL,,NA,False,False,True,,,,,force_buy,high_pred_volatility
LSTM_cumulative_All_MA,LSTM_cumulative,MA,"GOOGL,AMZN,AAPL,PEP,JNJ,PFE,MRK,ABBV,PG,KO,WMT,JPM,BAC,GS,V,XOM,CVX,COP,BP,BA,MMM,HON,GE,T,VZ,TMUS,HSY,DUK,SO,EXC,AEP,AMT,PLD,SPG,BHP,RIO,VALE,FCX",GOOGL,336,-1,SELL,-1,SELL,-1.0,SELL,True,True,True,0.0,0.0,0.0,0.0,force_sell,high_pred_volatility
LSTM_cumulative_All_MA,LSTM_cumulative,MA,"GOOGL,AMZN,AAPL,PEP,JNJ,PFE,MRK,ABBV,PG,KO,WMT,JPM,BAC,GS,V,XOM,CVX,COP,BP,BA,MMM,HON,GE,T,VZ,TMUS,HSY,DUK,SO,EXC,AEP,AMT,PLD,SPG,BHP,RIO,VALE,FCX",GOOGL,337,1,BUY,-1,SELL,,NA,False,False,True,,,,,force_buy,high_pred_volatility
LSTM_cumulative_All_MA,LSTM_cumulative,MA,"GOOGL,AMZN,AAPL,PEP,JNJ,PFE,MRK,ABBV,PG,KO,WMT,JPM,BAC,GS,V,XOM,CVX,COP,BP,BA,MMM,HON,GE,T,VZ,TMUS,HSY,DUK,SO,EXC,AEP,AMT,PLD,SPG,BHP,RIO,VALE,FCX",GOOGL,337,-1,SELL,-1,SELL,-1.0,SELL,True,True,True,0.0,0.0,0.0,0.0,force_sell,high_pred_volatility
LSTM_cumulative_All_MA,LSTM_cumulative,MA,"GOOGL,AMZN,AAPL,PEP,JNJ,PFE,MRK,ABBV,PG,KO,WMT,JPM,BAC,GS,V,XOM,CVX,COP,BP,BA,MMM,HON,GE,T,VZ,TMUS,HSY,DUK,SO,EXC,AEP,AMT,PLD,SPG,BHP,RIO,VALE,FCX",GOOGL,338,1,BUY,-1,SELL,,NA,False,False,True,,,,,force_buy,high_pred_volatility
LSTM_cumulative_All_MA,LSTM_cumulative,MA,"GOOGL,AMZN,AAPL,PEP,JNJ,PFE,MRK,ABBV,PG,KO,WMT,JPM,BAC,GS,V,XOM,CVX,COP,BP,BA,MMM,HON,GE,T,VZ,TMUS,HSY,DUK,SO,EXC,AEP,AMT,PLD,SPG,BHP,RIO,VALE,FCX",GOOGL,338,-1,SELL,-1,SELL,-1.0,SELL,True,True,True,0.0,0.0,0.0,0.0,force_sell,high_pred_volatility
LSTM_cumulative_All_MA,LSTM_cumulative,MA,"GOOGL,AMZN,AAPL,PEP,JNJ,PFE,MRK,ABBV,PG,KO,WMT,JPM,BAC,GS,V,XOM,CVX,COP,BP,BA,MMM,HON,GE,T,VZ,TMUS,HSY,DUK,SO,EXC,AEP,AMT,PLD,SPG,BHP,RIO,VALE,FCX",GOOGL,339,1,BUY,-1,SELL,,NA,False,False,True,,,,,force_buy,high_pred_volatility
LSTM_cumulative_All_MA,LSTM_cumulative,MA,"GOOGL,AMZN,AAPL,PEP,JNJ,PFE,MRK,ABBV,PG,KO,WMT,JPM,BAC,GS,V,XOM,CVX,COP,BP,BA,MMM,HON,GE,T,VZ,TMUS,HSY,DUK,SO,EXC,AEP,AMT,PLD,SPG,BHP,RIO,VALE,FCX",GOOGL,339,-1,SELL,-1,SELL,-1.0,SELL,True,True,True,0.0,0.0,0.0,0.0,force_sell,high_pred_volatility
LSTM_cumulative_All_MA,LSTM_cumulative,MA,"GOOGL,AMZN,AAPL,PEP,JNJ,PFE,MRK,ABBV,PG,KO,WMT,JPM,BAC,GS,V,XOM,CVX,COP,BP,BA,MMM,HON,GE,T,VZ,TMUS,HSY,DUK,SO,EXC,AEP,AMT,PLD,SPG,BHP,RIO,VALE,FCX",GOOGL,340,1,BUY,-1,SELL,,NA,False,False,True,,,,,force_buy,high_pred_volatility
LSTM_cumulative_All_MA,LSTM_cumulative,MA,"GOOGL,AMZN,AAPL,PEP,JNJ,PFE,MRK,ABBV,PG,KO,WMT,JPM,BAC,GS,V,XOM,CVX,COP,BP,BA,MMM,HON,GE,T,VZ,TMUS,HSY,DUK,SO,EXC,AEP,AMT,PLD,SPG,BHP,RIO,VALE,FCX",GOOGL,340,-1,SELL,-1,SELL,-1.0,SELL,True,True,True,0.0,0.0,0.0,0.0,force_sell,high_pred_volatility
LSTM_cumulative_All_MA,LSTM_cumulative,MA,"GOOGL,AMZN,AAPL,PEP,JNJ,PFE,MRK,ABBV,PG,KO,WMT,JPM,BAC,GS,V,XOM,CVX,COP,BP,BA,MMM,HON,GE,T,VZ,TMUS,HSY,DUK,SO,EXC,AEP,AMT,PLD,SPG,BHP,RIO,VALE,FCX",GOOGL,341,1,BUY,-1,SELL,,NA,False,False,True,,,,,force_buy,high_pred_volatility
LSTM_cumulative_All_MA,LSTM_cumulative,MA,"GOOGL,AMZN,AAPL,PEP,JNJ,PFE,MRK,ABBV,PG,KO,WMT,JPM,BAC,GS,V,XOM,CVX,COP,BP,BA,MMM,HON,GE,T,VZ,TMUS,HSY,DUK,SO,EXC,AEP,AMT,PLD,SPG,BHP,RIO,VALE,FCX",GOOGL,341,-1,SELL,-1,SELL,-1.0,SELL,True,True,True,0.0,0.0,0.0,0.0,force_sell,high_pred_volatility
LSTM_cumulative_All_MA,LSTM_cumulative,MA,"GOOGL,AMZN,AAPL,PEP,JNJ,PFE,MRK,ABBV,PG,KO,WMT,JPM,BAC,GS,V,XOM,CVX,COP,BP,BA,MMM,HON,GE,T,VZ,TMUS,HSY,DUK,SO,EXC,AEP,AMT,PLD,SPG,BHP,RIO,VALE,FCX",GOOGL,342,1,BUY,-1,SELL,,NA,False,False,True,,,,,force_buy,high_pred_volatility
LSTM_cumulative_All_MA,LSTM_cumulative,MA,"GOOGL,AMZN,AAPL,PEP,JNJ,PFE,MRK,ABBV,PG,KO,WMT,JPM,BAC,GS,V,XOM,CVX,COP,BP,BA,MMM,HON,GE,T,VZ,TMUS,HSY,DUK,SO,EXC,AEP,AMT,PLD,SPG,BHP,RIO,VALE,FCX",GOOGL,342,-1,SELL,-1,SELL,-1.0,SELL,True,True,True,0.0,0.0,0.0,0.0,force_sell,high_pred_volatility
LSTM_cumulative_All_MA,LSTM_cumulative,MA,"GOOGL,AMZN,AAPL,PEP,JNJ,PFE,MRK,ABBV,PG,KO,WMT,JPM,BAC,GS,V,XOM,CVX,COP,BP,BA,MMM,HON,GE,T,VZ,TMUS,HSY,DUK,SO,EXC,AEP,AMT,PLD,SPG,BHP,RIO,VALE,FCX",GOOGL,343,1,BUY,1,BUY,1.0,BUY,True,True,True,0.0,0.0,0.0,0.0,force_buy,high_pred_volatility
LSTM_cumulative_All_MA,LSTM_cumulative,MA,"GOOGL,AMZN,AAPL,PEP,JNJ,PFE,MRK,ABBV,PG,KO,WMT,JPM,BAC,GS,V,XOM,CVX,COP,BP,BA,MMM,HON,GE,T,VZ,TMUS,HSY,DUK,SO,EXC,AEP,AMT,PLD,SPG,BHP,RIO,VALE,FCX",GOOGL,343,-1,SELL,1,BUY,,NA,False,False,True,,,,,force_sell,high_pred_volatility
LSTM_cumulative_All_MA,LSTM_cumulative,MA,"GOOGL,AMZN,AAPL,PEP,JNJ,PFE,MRK,ABBV,PG,KO,WMT,JPM,BAC,GS,V,XOM,CVX,COP,BP,BA,MMM,HON,GE,T,VZ,TMUS,HSY,DUK,SO,EXC,AEP,AMT,PLD,SPG,BHP,RIO,VALE,FCX",GOOGL,471,1,BUY,1,BUY,1.0,BUY,True,True,True,0.0,0.0,0.0,0.0,force_buy,high_pred_volatility
LSTM_cumulative_All_MA,LSTM_cumulative,MA,"GOOGL,AMZN,AAPL,PEP,JNJ,PFE,MRK,ABBV,PG,KO,WMT,JPM,BAC,GS,V,XOM,CVX,COP,BP,BA,MMM,HON,GE,T,VZ,TMUS,HSY,DUK,SO,EXC,AEP,AMT,PLD,SPG,BHP,RIO,VALE,FCX",GOOGL,471,-1,SELL,1,BUY,,NA,False,False,True,,,,,force_sell,high_pred_volatility
LSTM_cumulative_All_MA,LSTM_cumulative,MA,"GOOGL,AMZN,AAPL,PEP,JNJ,PFE,MRK,ABBV,PG,KO,WMT,JPM,BAC,GS,V,XOM,CVX,COP,BP,BA,MMM,HON,GE,T,VZ,TMUS,HSY,DUK,SO,EXC,AEP,AMT,PLD,SPG,BHP,RIO,VALE,FCX",GOOGL,30,1,BUY,-1,SELL,,NA,False,False,True,,,,,force_buy,strong_trend
LSTM_cumulative_All_MA,LSTM_cumulative,MA,"GOOGL,AMZN,AAPL,PEP,JNJ,PFE,MRK,ABBV,PG,KO,WMT,JPM,BAC,GS,V,XOM,CVX,COP,BP,BA,MMM,HON,GE,T,VZ,TMUS,HSY,DUK,SO,EXC,AEP,AMT,PLD,SPG,BHP,RIO,VALE,FCX",GOOGL,30,-1,SELL,-1,SELL,-1.0,SELL,True,True,True,0.0,0.0,0.0,0.0,force_sell,strong_trend
LSTM_cumulative_All_MA,LSTM_cumulative,MA,"GOOGL,AMZN,AAPL,PEP,JNJ,PFE,MRK,ABBV,PG,KO,WMT,JPM,BAC,GS,V,XOM,CVX,COP,BP,BA,MMM,HON,GE,T,VZ,TMUS,HSY,DUK,SO,EXC,AEP,AMT,PLD,SPG,BHP,RIO,VALE,FCX",GOOGL,331,1,BUY,-1,SELL,,NA,False,False,True,,,,,force_buy,strong_trend
LSTM_cumulative_All_MA,LSTM_cumulative,MA,"GOOGL,AMZN,AAPL,PEP,JNJ,PFE,MRK,ABBV,PG,KO,WMT,JPM,BAC,GS,V,XOM,CVX,COP,BP,BA,MMM,HON,GE,T,VZ,TMUS,HSY,DUK,SO,EXC,AEP,AMT,PLD,SPG,BHP,RIO,VALE,FCX",GOOGL,331,-1,SELL,-1,SELL,-1.0,SELL,True,True,True,0.0,0.0,0.0,0.0,force_sell,strong_trend
LSTM_cumulative_All_MA,LSTM_cumulative,MA,"GOOGL,AMZN,AAPL,PEP,JNJ,PFE,MRK,ABBV,PG,KO,WMT,JPM,BAC,GS,V,XOM,CVX,COP,BP,BA,MMM,HON,GE,T,VZ,TMUS,HSY,DUK,SO,EXC,AEP,AMT,PLD,SPG,BHP,RIO,VALE,FCX",GOOGL,483,1,BUY,-1,SELL,,NA,False,False,True,,,,,force_buy,strong_trend
LSTM_cumulative_All_MA,LSTM_cumulative,MA,"GOOGL,AMZN,AAPL,PEP,JNJ,PFE,MRK,ABBV,PG,KO,WMT,JPM,BAC,GS,V,XOM,CVX,COP,BP,BA,MMM,HON,GE,T,VZ,TMUS,HSY,DUK,SO,EXC,AEP,AMT,PLD,SPG,BHP,RIO,VALE,FCX",GOOGL,483,-1,SELL,-1,SELL,-1.0,SELL,True,True,True,0.0,0.0,0.0,0.0,force_sell,strong_trend
LSTM_cumulative_All_MA,LSTM_cumulative,MA,"GOOGL,AMZN,AAPL,PEP,JNJ,PFE,MRK,ABBV,PG,KO,WMT,JPM,BAC,GS,V,XOM,CVX,COP,BP,BA,MMM,HON,GE,T,VZ,TMUS,HSY,DUK,SO,EXC,AEP,AMT,PLD,SPG,BHP,RIO,VALE,FCX",GOOGL,524,1,BUY,-1,SELL,,NA,False,False,True,,,,,force_buy,strong_trend
LSTM_cumulative_All_MA,LSTM_cumulative,MA,"GOOGL,AMZN,AAPL,PEP,JNJ,PFE,MRK,ABBV,PG,KO,WMT,JPM,BAC,GS,V,XOM,CVX,COP,BP,BA,MMM,HON,GE,T,VZ,TMUS,HSY,DUK,SO,EXC,AEP,AMT,PLD,SPG,BHP,RIO,VALE,FCX",GOOGL,524,-1,SELL,-1,SELL,-1.0,SELL,True,True,True,0.0,0.0,0.0,0.0,force_sell,strong_trend
LSTM_cumulative_All_MA,LSTM_cumulative,MA,"GOOGL,AMZN,AAPL,PEP,JNJ,PFE,MRK,ABBV,PG,KO,WMT,JPM,BAC,GS,V,XOM,CVX,COP,BP,BA,MMM,HON,GE,T,VZ,TMUS,HSY,DUK,SO,EXC,AEP,AMT,PLD,SPG,BHP,RIO,VALE,FCX",GOOGL,525,1,BUY,-1,SELL,,NA,False,False,True,,,,,force_buy,strong_trend
LSTM_cumulative_All_MA,LSTM_cumulative,MA,"GOOGL,AMZN,AAPL,PEP,JNJ,PFE,MRK,ABBV,PG,KO,WMT,JPM,BAC,GS,V,XOM,CVX,COP,BP,BA,MMM,HON,GE,T,VZ,TMUS,HSY,DUK,SO,EXC,AEP,AMT,PLD,SPG,BHP,RIO,VALE,FCX",GOOGL,525,-1,SELL,-1,SELL,-1.0,SELL,True,True,True,0.0,0.0,0.0,0.0,force_sell,strong_trend
LSTM_cumulative_All_MA,LSTM_cumulative,MA,"GOOGL,AMZN,AAPL,PEP,JNJ,PFE,MRK,ABBV,PG,KO,WMT,JPM,BAC,GS,V,XOM,CVX,COP,BP,BA,MMM,HON,GE,T,VZ,TMUS,HSY,DUK,SO,EXC,AEP,AMT,PLD,SPG,BHP,RIO,VALE,FCX",GOOGL,527,1,BUY,-1,SELL,,NA,False,False,True,,,,,force_buy,strong_trend
LSTM_cumulative_All_MA,LSTM_cumulative,MA,"GOOGL,AMZN,AAPL,PEP,JNJ,PFE,MRK,ABBV,PG,KO,WMT,JPM,BAC,GS,V,XOM,CVX,COP,BP,BA,MMM,HON,GE,T,VZ,TMUS,HSY,DUK,SO,EXC,AEP,AMT,PLD,SPG,BHP,RIO,VALE,FCX",GOOGL,527,-1,SELL,-1,SELL,-1.0,SELL,True,True,True,0.0,0.0,0.0,0.0,force_sell,strong_trend
LSTM_cumulative_All_MA,LSTM_cumulative,MA,"GOOGL,AMZN,AAPL,PEP,JNJ,PFE,MRK,ABBV,PG,KO,WMT,JPM,BAC,GS,V,XOM,CVX,COP,BP,BA,MMM,HON,GE,T,VZ,TMUS,HSY,DUK,SO,EXC,AEP,AMT,PLD,SPG,BHP,RIO,VALE,FCX",GOOGL,559,1,BUY,1,BUY,1.0,BUY,True,True,True,0.0,0.0,0.0,0.0,force_buy,strong_trend
LSTM_cumulative_All_MA,LSTM_cumulative,MA,"GOOGL,AMZN,AAPL,PEP,JNJ,PFE,MRK,ABBV,PG,KO,WMT,JPM,BAC,GS,V,XOM,CVX,COP,BP,BA,MMM,HON,GE,T,VZ,TMUS,HSY,DUK,SO,EXC,AEP,AMT,PLD,SPG,BHP,RIO,VALE,FCX",GOOGL,559,-1,SELL,1,BUY,,NA,False,False,True,,,,,force_sell,strong_trend
LSTM_cumulative_All_MA,LSTM_cumulative,MA,"GOOGL,AMZN,AAPL,PEP,JNJ,PFE,MRK,ABBV,PG,KO,WMT,JPM,BAC,GS,V,XOM,CVX,COP,BP,BA,MMM,HON,GE,T,VZ,TMUS,HSY,DUK,SO,EXC,AEP,AMT,PLD,SPG,BHP,RIO,VALE,FCX",GOOGL,599,1,BUY,1,BUY,1.0,BUY,True,True,True,0.0,0.0,0.0,0.0,force_buy,strong_trend
LSTM_cumulative_All_MA,LSTM_cumulative,MA,"GOOGL,AMZN,AAPL,PEP,JNJ,PFE,MRK,ABBV,PG,KO,WMT,JPM,BAC,GS,V,XOM,CVX,COP,BP,BA,MMM,HON,GE,T,VZ,TMUS,HSY,DUK,SO,EXC,AEP,AMT,PLD,SPG,BHP,RIO,VALE,FCX",GOOGL,599,-1,SELL,1,BUY,,NA,False,False,True,,,,,force_sell,strong_trend
LSTM_cumulative_All_MA,LSTM_cumulative,MA,"GOOGL,AMZN,AAPL,PEP,JNJ,PFE,MRK,ABBV,PG,KO,WMT,JPM,BAC,GS,V,XOM,CVX,COP,BP,BA,MMM,HON,GE,T,VZ,TMUS,HSY,DUK,SO,EXC,AEP,AMT,PLD,SPG,BHP,RIO,VALE,FCX",GOOGL,600,1,BUY,1,BUY,1.0,BUY,True,True,True,0.0,0.0,0.0,0.0,force_buy,strong_trend
LSTM_cumulative_All_MA,LSTM_cumulative,MA,"GOOGL,AMZN,AAPL,PEP,JNJ,PFE,MRK,ABBV,PG,KO,WMT,JPM,BAC,GS,V,XOM,CVX,COP,BP,BA,MMM,HON,GE,T,VZ,TMUS,HSY,DUK,SO,EXC,AEP,AMT,PLD,SPG,BHP,RIO,VALE,FCX",GOOGL,600,-1,SELL,1,BUY,,NA,False,False,True,,,,,force_sell,strong_trend
LSTM_cumulative_All_MA,LSTM_cumulative,MA,"GOOGL,AMZN,AAPL,PEP,JNJ,PFE,MRK,ABBV,PG,KO,WMT,JPM,BAC,GS,V,XOM,CVX,COP,BP,BA,MMM,HON,GE,T,VZ,TMUS,HSY,DUK,SO,EXC,AEP,AMT,PLD,SPG,BHP,RIO,VALE,FCX",GOOGL,607,1,BUY,-1,SELL,,NA,False,False,True,,,,,force_buy,strong_trend
LSTM_cumulative_All_MA,LSTM_cumulative,MA,"GOOGL,AMZN,AAPL,PEP,JNJ,PFE,MRK,ABBV,PG,KO,WMT,JPM,BAC,GS,V,XOM,CVX,COP,BP,BA,MMM,HON,GE,T,VZ,TMUS,HSY,DUK,SO,EXC,AEP,AMT,PLD,SPG,BHP,RIO,VALE,FCX",GOOGL,607,-1,SELL,-1,SELL,-1.0,SELL,True,True,True,0.0,0.0,0.0,0.0,force_sell,strong_trend
LSTM_cumulative_All_MA,LSTM_cumulative,MA,"GOOGL,AMZN,AAPL,PEP,JNJ,PFE,MRK,ABBV,PG,KO,WMT,JPM,BAC,GS,V,XOM,CVX,COP,BP,BA,MMM,HON,GE,T,VZ,TMUS,HSY,DUK,SO,EXC,AEP,AMT,PLD,SPG,BHP,RIO,VALE,FCX",GOOGL,608,1,BUY,-1,SELL,,NA,False,False,True,,,,,force_buy,strong_trend
LSTM_cumulative_All_MA,LSTM_cumulative,MA,"GOOGL,AMZN,AAPL,PEP,JNJ,PFE,MRK,ABBV,PG,KO,WMT,JPM,BAC,GS,V,XOM,CVX,COP,BP,BA,MMM,HON,GE,T,VZ,TMUS,HSY,DUK,SO,EXC,AEP,AMT,PLD,SPG,BHP,RIO,VALE,FCX",GOOGL,608,-1,SELL,-1,SELL,-1.0,SELL,True,True,True,0.0,0.0,0.0,0.0,force_sell,strong_trend
LSTM_cumulative_All_MA,LSTM_cumulative,MA,"GOOGL,AMZN,AAPL,PEP,JNJ,PFE,MRK,ABBV,PG,KO,WMT,JPM,BAC,GS,V,XOM,CVX,COP,BP,BA,MMM,HON,GE,T,VZ,TMUS,HSY,DUK,SO,EXC,AEP,AMT,PLD,SPG,BHP,RIO,VALE,FCX",GOOGL,609,1,BUY,-1,SELL,,NA,False,False,True,,,,,force_buy,strong_trend
LSTM_cumulative_All_MA,LSTM_cumulative,MA,"GOOGL,AMZN,AAPL,PEP,JNJ,PFE,MRK,ABBV,PG,KO,WMT,JPM,BAC,GS,V,XOM,CVX,COP,BP,BA,MMM,HON,GE,T,VZ,TMUS,HSY,DUK,SO,EXC,AEP,AMT,PLD,SPG,BHP,RIO,VALE,FCX",GOOGL,609,-1,SELL,-1,SELL,-1.0,SELL,True,True,True,0.0,0.0,0.0,0.0,force_sell,strong_trend
LSTM_cumulative_All_MA,LSTM_cumulative,MA,"GOOGL,AMZN,AAPL,PEP,JNJ,PFE,MRK,ABBV,PG,KO,WMT,JPM,BAC,GS,V,XOM,CVX,COP,BP,BA,MMM,HON,GE,T,VZ,TMUS,HSY,DUK,SO,EXC,AEP,AMT,PLD,SPG,BHP,RIO,VALE,FCX",GOOGL,57,1,BUY,1,BUY,1.0,BUY,True,True,True,0.0,0.0,0.0,0.0,force_buy,weak_trend
LSTM_cumulative_All_MA,LSTM_cumulative,MA,"GOOGL,AMZN,AAPL,PEP,JNJ,PFE,MRK,ABBV,PG,KO,WMT,JPM,BAC,GS,V,XOM,CVX,COP,BP,BA,MMM,HON,GE,T,VZ,TMUS,HSY,DUK,SO,EXC,AEP,AMT,PLD,SPG,BHP,RIO,VALE,FCX",GOOGL,57,-1,SELL,1,BUY,,NA,False,False,True,,,,,force_sell,weak_trend
LSTM_cumulative_All_MA,LSTM_cumulative,MA,"GOOGL,AMZN,AAPL,PEP,JNJ,PFE,MRK,ABBV,PG,KO,WMT,JPM,BAC,GS,V,XOM,CVX,COP,BP,BA,MMM,HON,GE,T,VZ,TMUS,HSY,DUK,SO,EXC,AEP,AMT,PLD,SPG,BHP,RIO,VALE,FCX",GOOGL,91,1,BUY,1,BUY,1.0,BUY,True,True,True,0.0,0.0,0.0,0.0,force_buy,weak_trend
LSTM_cumulative_All_MA,LSTM_cumulative,MA,"GOOGL,AMZN,AAPL,PEP,JNJ,PFE,MRK,ABBV,PG,KO,WMT,JPM,BAC,GS,V,XOM,CVX,COP,BP,BA,MMM,HON,GE,T,VZ,TMUS,HSY,DUK,SO,EXC,AEP,AMT,PLD,SPG,BHP,RIO,VALE,FCX",GOOGL,91,-1,SELL,1,BUY,,NA,False,False,True,,,,,force_sell,weak_trend
LSTM_cumulative_All_MA,LSTM_cumulative,MA,"GOOGL,AMZN,AAPL,PEP,JNJ,PFE,MRK,ABBV,PG,KO,WMT,JPM,BAC,GS,V,XOM,CVX,COP,BP,BA,MMM,HON,GE,T,VZ,TMUS,HSY,DUK,SO,EXC,AEP,AMT,PLD,SPG,BHP,RIO,VALE,FCX",GOOGL,92,1,BUY,1,BUY,1.0,BUY,True,True,True,0.0,0.0,0.0,0.0,force_buy,weak_trend
LSTM_cumulative_All_MA,LSTM_cumulative,MA,"GOOGL,AMZN,AAPL,PEP,JNJ,PFE,MRK,ABBV,PG,KO,WMT,JPM,BAC,GS,V,XOM,CVX,COP,BP,BA,MMM,HON,GE,T,VZ,TMUS,HSY,DUK,SO,EXC,AEP,AMT,PLD,SPG,BHP,RIO,VALE,FCX",GOOGL,92,-1,SELL,1,BUY,,NA,False,False,True,,,,,force_sell,weak_trend
LSTM_cumulative_All_MA,LSTM_cumulative,MA,"GOOGL,AMZN,AAPL,PEP,JNJ,PFE,MRK,ABBV,PG,KO,WMT,JPM,BAC,GS,V,XOM,CVX,COP,BP,BA,MMM,HON,GE,T,VZ,TMUS,HSY,DUK,SO,EXC,AEP,AMT,PLD,SPG,BHP,RIO,VALE,FCX",GOOGL,101,1,BUY,1,BUY,1.0,BUY,True,True,True,0.0,0.0,0.0,0.0,force_buy,weak_trend
LSTM_cumulative_All_MA,LSTM_cumulative,MA,"GOOGL,AMZN,AAPL,PEP,JNJ,PFE,MRK,ABBV,PG,KO,WMT,JPM,BAC,GS,V,XOM,CVX,COP,BP,BA,MMM,HON,GE,T,VZ,TMUS,HSY,DUK,SO,EXC,AEP,AMT,PLD,SPG,BHP,RIO,VALE,FCX",GOOGL,101,-1,SELL,1,BUY,,NA,False,False,True,,,,,force_sell,weak_trend
LSTM_cumulative_All_MA,LSTM_cumulative,MA,"GOOGL,AMZN,AAPL,PEP,JNJ,PFE,MRK,ABBV,PG,KO,WMT,JPM,BAC,GS,V,XOM,CVX,COP,BP,BA,MMM,HON,GE,T,VZ,TMUS,HSY,DUK,SO,EXC,AEP,AMT,PLD,SPG,BHP,RIO,VALE,FCX",GOOGL,226,1,BUY,1,BUY,1.0,BUY,True,True,True,0.0,0.0,0.0,0.0,force_buy,weak_trend
LSTM_cumulative_All_MA,LSTM_cumulative,MA,"GOOGL,AMZN,AAPL,PEP,JNJ,PFE,MRK,ABBV,PG,KO,WMT,JPM,BAC,GS,V,XOM,CVX,COP,BP,BA,MMM,HON,GE,T,VZ,TMUS,HSY,DUK,SO,EXC,AEP,AMT,PLD,SPG,BHP,RIO,VALE,FCX",GOOGL,226,-1,SELL,1,BUY,,NA,False,False,True,,,,,force_sell,weak_trend
LSTM_cumulative_All_MA,LSTM_cumulative,MA,"GOOGL,AMZN,AAPL,PEP,JNJ,PFE,MRK,ABBV,PG,KO,WMT,JPM,BAC,GS,V,XOM,CVX,COP,BP,BA,MMM,HON,GE,T,VZ,TMUS,HSY,DUK,SO,EXC,AEP,AMT,PLD,SPG,BHP,RIO,VALE,FCX",GOOGL,285,1,BUY,-1,SELL,,NA,False,False,True,,,,,force_buy,weak_trend
LSTM_cumulative_All_MA,LSTM_cumulative,MA,"GOOGL,AMZN,AAPL,PEP,JNJ,PFE,MRK,ABBV,PG,KO,WMT,JPM,BAC,GS,V,XOM,CVX,COP,BP,BA,MMM,HON,GE,T,VZ,TMUS,HSY,DUK,SO,EXC,AEP,AMT,PLD,SPG,BHP,RIO,VALE,FCX",GOOGL,285,-1,SELL,-1,SELL,-1.0,SELL,True,True,True,0.0,0.0,0.0,0.0,force_sell,weak_trend
LSTM_cumulative_All_MA,LSTM_cumulative,MA,"GOOGL,AMZN,AAPL,PEP,JNJ,PFE,MRK,ABBV,PG,KO,WMT,JPM,BAC,GS,V,XOM,CVX,COP,BP,BA,MMM,HON,GE,T,VZ,TMUS,HSY,DUK,SO,EXC,AEP,AMT,PLD,SPG,BHP,RIO,VALE,FCX",GOOGL,369,1,BUY,1,BUY,1.0,BUY,True,True,True,0.0,0.0,0.0,0.0,force_buy,weak_trend
LSTM_cumulative_All_MA,LSTM_cumulative,MA,"GOOGL,AMZN,AAPL,PEP,JNJ,PFE,MRK,ABBV,PG,KO,WMT,JPM,BAC,GS,V,XOM,CVX,COP,BP,BA,MMM,HON,GE,T,VZ,TMUS,HSY,DUK,SO,EXC,AEP,AMT,PLD,SPG,BHP,RIO,VALE,FCX",GOOGL,369,-1,SELL,1,BUY,,NA,False,False,True,,,,,force_sell,weak_trend
LSTM_cumulative_All_MA,LSTM_cumulative,MA,"GOOGL,AMZN,AAPL,PEP,JNJ,PFE,MRK,ABBV,PG,KO,WMT,JPM,BAC,GS,V,XOM,CVX,COP,BP,BA,MMM,HON,GE,T,VZ,TMUS,HSY,DUK,SO,EXC,AEP,AMT,PLD,SPG,BHP,RIO,VALE,FCX",GOOGL,453,1,BUY,-1,SELL,,NA,False,False,True,,,,,force_buy,weak_trend
LSTM_cumulative_All_MA,LSTM_cumulative,MA,"GOOGL,AMZN,AAPL,PEP,JNJ,PFE,MRK,ABBV,PG,KO,WMT,JPM,BAC,GS,V,XOM,CVX,COP,BP,BA,MMM,HON,GE,T,VZ,TMUS,HSY,DUK,SO,EXC,AEP,AMT,PLD,SPG,BHP,RIO,VALE,FCX",GOOGL,453,-1,SELL,-1,SELL,-1.0,SELL,True,True,True,0.0,0.0,0.0,0.0,force_sell,weak_trend
LSTM_cumulative_All_MA,LSTM_cumulative,MA,"GOOGL,AMZN,AAPL,PEP,JNJ,PFE,MRK,ABBV,PG,KO,WMT,JPM,BAC,GS,V,XOM,CVX,COP,BP,BA,MMM,HON,GE,T,VZ,TMUS,HSY,DUK,SO,EXC,AEP,AMT,PLD,SPG,BHP,RIO,VALE,FCX",GOOGL,469,1,BUY,1,BUY,1.0,BUY,True,True,True,0.0,0.0,0.0,0.0,force_buy,weak_trend
LSTM_cumulative_All_MA,LSTM_cumulative,MA,"GOOGL,AMZN,AAPL,PEP,JNJ,PFE,MRK,ABBV,PG,KO,WMT,JPM,BAC,GS,V,XOM,CVX,COP,BP,BA,MMM,HON,GE,T,VZ,TMUS,HSY,DUK,SO,EXC,AEP,AMT,PLD,SPG,BHP,RIO,VALE,FCX",GOOGL,469,-1,SELL,1,BUY,,NA,False,False,True,,,,,force_sell,weak_trend
LSTM_cumulative_All_MA,LSTM_cumulative,MA,"GOOGL,AMZN,AAPL,PEP,JNJ,PFE,MRK,ABBV,PG,KO,WMT,JPM,BAC,GS,V,XOM,CVX,COP,BP,BA,MMM,HON,GE,T,VZ,TMUS,HSY,DUK,SO,EXC,AEP,AMT,PLD,SPG,BHP,RIO,VALE,FCX",GOOGL,490,1,BUY,-1,SELL,,NA,False,False,True,,,,,force_buy,weak_trend
LSTM_cumulative_All_MA,LSTM_cumulative,MA,"GOOGL,AMZN,AAPL,PEP,JNJ,PFE,MRK,ABBV,PG,KO,WMT,JPM,BAC,GS,V,XOM,CVX,COP,BP,BA,MMM,HON,GE,T,VZ,TMUS,HSY,DUK,SO,EXC,AEP,AMT,PLD,SPG,BHP,RIO,VALE,FCX",GOOGL,490,-1,SELL,-1,SELL,-1.0,SELL,True,True,True,0.0,0.0,0.0,0.0,force_sell,weak_trend
LSTM_cumulative_All_MA,LSTM_cumulative,MA,"GOOGL,AMZN,AAPL,PEP,JNJ,PFE,MRK,ABBV,PG,KO,WMT,JPM,BAC,GS,V,XOM,CVX,COP,BP,BA,MMM,HON,GE,T,VZ,TMUS,HSY,DUK,SO,EXC,AEP,AMT,PLD,SPG,BHP,RIO,VALE,FCX",GOOGL,578,1,BUY,1,BUY,1.0,BUY,True,True,True,0.0,0.0,0.0,0.0,force_buy,weak_trend
LSTM_cumulative_All_MA,LSTM_cumulative,MA,"GOOGL,AMZN,AAPL,PEP,JNJ,PFE,MRK,ABBV,PG,KO,WMT,JPM,BAC,GS,V,XOM,CVX,COP,BP,BA,MMM,HON,GE,T,VZ,TMUS,HSY,DUK,SO,EXC,AEP,AMT,PLD,SPG,BHP,RIO,VALE,FCX",GOOGL,578,-1,SELL,1,BUY,,NA,False,False,True,,,,,force_sell,weak_trend
LSTM_cumulative_All_MA,LSTM_cumulative,MA,"GOOGL,AMZN,AAPL,PEP,JNJ,PFE,MRK,ABBV,PG,KO,WMT,JPM,BAC,GS,V,XOM,CVX,COP,BP,BA,MMM,HON,GE,T,VZ,TMUS,HSY,DUK,SO,EXC,AEP,AMT,PLD,SPG,BHP,RIO,VALE,FCX",GOOGL,637,1,BUY,1,BUY,1.0,BUY,True,True,True,0.0,0.0,0.0,0.0,force_buy,weak_trend
LSTM_cumulative_All_MA,LSTM_cumulative,MA,"GOOGL,AMZN,AAPL,PEP,JNJ,PFE,MRK,ABBV,PG,KO,WMT,JPM,BAC,GS,V,XOM,CVX,COP,BP,BA,MMM,HON,GE,T,VZ,TMUS,HSY,DUK,SO,EXC,AEP,AMT,PLD,SPG,BHP,RIO,VALE,FCX",GOOGL,637,-1,SELL,1,BUY,,NA,False,False,True,,,,,force_sell,weak_trend
LSTM_cumulative_All_MA,LSTM_cumulative,MA,"GOOGL,AMZN,AAPL,PEP,JNJ,PFE,MRK,ABBV,PG,KO,WMT,JPM,BAC,GS,V,XOM,CVX,COP,BP,BA,MMM,HON,GE,T,VZ,TMUS,HSY,DUK,SO,EXC,AEP,AMT,PLD,SPG,BHP,RIO,VALE,FCX",GOOGL,34,1,BUY,0,HOLD,1.0,BUY,True,False,True,0.01,0.01,-0.45278167724609375,-0.5975992999989703,force_buy,near_strategy_boundary
LSTM_cumulative_All_MA,LSTM_cumulative,MA,"GOOGL,AMZN,AAPL,PEP,JNJ,PFE,MRK,ABBV,PG,KO,WMT,JPM,BAC,GS,V,XOM,CVX,COP,BP,BA,MMM,HON,GE,T,VZ,TMUS,HSY,DUK,SO,EXC,AEP,AMT,PLD,SPG,BHP,RIO,VALE,FCX",GOOGL,34,-1,SELL,0,HOLD,,NA,False,False,True,,,,,force_sell,near_strategy_boundary
LSTM_cumulative_All_MA,LSTM_cumulative,MA,"GOOGL,AMZN,AAPL,PEP,JNJ,PFE,MRK,ABBV,PG,KO,WMT,JPM,BAC,GS,V,XOM,CVX,COP,BP,BA,MMM,HON,GE,T,VZ,TMUS,HSY,DUK,SO,EXC,AEP,AMT,PLD,SPG,BHP,RIO,VALE,FCX",GOOGL,38,1,BUY,0,HOLD,1.0,BUY,True,False,True,0.01,0.01,-0.34287261962890625,-0.6099182514632933,force_buy,near_strategy_boundary
LSTM_cumulative_All_MA,LSTM_cumulative,MA,"GOOGL,AMZN,AAPL,PEP,JNJ,PFE,MRK,ABBV,PG,KO,WMT,JPM,BAC,GS,V,XOM,CVX,COP,BP,BA,MMM,HON,GE,T,VZ,TMUS,HSY,DUK,SO,EXC,AEP,AMT,PLD,SPG,BHP,RIO,VALE,FCX",GOOGL,38,-1,SELL,0,HOLD,,NA,False,False,True,,,,,force_sell,near_strategy_boundary
LSTM_cumulative_All_MA,LSTM_cumulative,MA,"GOOGL,AMZN,AAPL,PEP,JNJ,PFE,MRK,ABBV,PG,KO,WMT,JPM,BAC,GS,V,XOM,CVX,COP,BP,BA,MMM,HON,GE,T,VZ,TMUS,HSY,DUK,SO,EXC,AEP,AMT,PLD,SPG,BHP,RIO,VALE,FCX",GOOGL,74,1,BUY,-1,SELL,,NA,False,False,True,,,,,force_buy,near_strategy_boundary
LSTM_cumulative_All_MA,LSTM_cumulative,MA,"GOOGL,AMZN,AAPL,PEP,JNJ,PFE,MRK,ABBV,PG,KO,WMT,JPM,BAC,GS,V,XOM,CVX,COP,BP,BA,MMM,HON,GE,T,VZ,TMUS,HSY,DUK,SO,EXC,AEP,AMT,PLD,SPG,BHP,RIO,VALE,FCX",GOOGL,74,-1,SELL,-1,SELL,-1.0,SELL,True,True,True,0.0,0.0,0.0,0.0,force_sell,near_strategy_boundary
LSTM_cumulative_All_MA,LSTM_cumulative,MA,"GOOGL,AMZN,AAPL,PEP,JNJ,PFE,MRK,ABBV,PG,KO,WMT,JPM,BAC,GS,V,XOM,CVX,COP,BP,BA,MMM,HON,GE,T,VZ,TMUS,HSY,DUK,SO,EXC,AEP,AMT,PLD,SPG,BHP,RIO,VALE,FCX",GOOGL,83,1,BUY,-1,SELL,,NA,False,False,True,,,,,force_buy,near_strategy_boundary
LSTM_cumulative_All_MA,LSTM_cumulative,MA,"GOOGL,AMZN,AAPL,PEP,JNJ,PFE,MRK,ABBV,PG,KO,WMT,JPM,BAC,GS,V,XOM,CVX,COP,BP,BA,MMM,HON,GE,T,VZ,TMUS,HSY,DUK,SO,EXC,AEP,AMT,PLD,SPG,BHP,RIO,VALE,FCX",GOOGL,83,-1,SELL,-1,SELL,-1.0,SELL,True,True,True,0.0,0.0,0.0,0.0,force_sell,near_strategy_boundary
LSTM_cumulative_All_MA,LSTM_cumulative,MA,"GOOGL,AMZN,AAPL,PEP,JNJ,PFE,MRK,ABBV,PG,KO,WMT,JPM,BAC,GS,V,XOM,CVX,COP,BP,BA,MMM,HON,GE,T,VZ,TMUS,HSY,DUK,SO,EXC,AEP,AMT,PLD,SPG,BHP,RIO,VALE,FCX",GOOGL,212,1,BUY,1,BUY,1.0,BUY,True,True,True,0.0,0.0,0.0,0.0,force_buy,near_strategy_boundary
LSTM_cumulative_All_MA,LSTM_cumulative,MA,"GOOGL,AMZN,AAPL,PEP,JNJ,PFE,MRK,ABBV,PG,KO,WMT,JPM,BAC,GS,V,XOM,CVX,COP,BP,BA,MMM,HON,GE,T,VZ,TMUS,HSY,DUK,SO,EXC,AEP,AMT,PLD,SPG,BHP,RIO,VALE,FCX",GOOGL,212,-1,SELL,1,BUY,,NA,False,False,True,,,,,force_sell,near_strategy_boundary
LSTM_cumulative_All_MA,LSTM_cumulative,MA,"GOOGL,AMZN,AAPL,PEP,JNJ,PFE,MRK,ABBV,PG,KO,WMT,JPM,BAC,GS,V,XOM,CVX,COP,BP,BA,MMM,HON,GE,T,VZ,TMUS,HSY,DUK,SO,EXC,AEP,AMT,PLD,SPG,BHP,RIO,VALE,FCX",GOOGL,374,1,BUY,-1,SELL,,NA,False,False,True,,,,,force_buy,near_strategy_boundary
LSTM_cumulative_All_MA,LSTM_cumulative,MA,"GOOGL,AMZN,AAPL,PEP,JNJ,PFE,MRK,ABBV,PG,KO,WMT,JPM,BAC,GS,V,XOM,CVX,COP,BP,BA,MMM,HON,GE,T,VZ,TMUS,HSY,DUK,SO,EXC,AEP,AMT,PLD,SPG,BHP,RIO,VALE,FCX",GOOGL,374,-1,SELL,-1,SELL,-1.0,SELL,True,True,True,0.0,0.0,0.0,0.0,force_sell,near_strategy_boundary
LSTM_cumulative_All_MA,LSTM_cumulative,MA,"GOOGL,AMZN,AAPL,PEP,JNJ,PFE,MRK,ABBV,PG,KO,WMT,JPM,BAC,GS,V,XOM,CVX,COP,BP,BA,MMM,HON,GE,T,VZ,TMUS,HSY,DUK,SO,EXC,AEP,AMT,PLD,SPG,BHP,RIO,VALE,FCX",GOOGL,382,1,BUY,-1,SELL,,NA,False,False,True,,,,,force_buy,near_strategy_boundary
LSTM_cumulative_All_MA,LSTM_cumulative,MA,"GOOGL,AMZN,AAPL,PEP,JNJ,PFE,MRK,ABBV,PG,KO,WMT,JPM,BAC,GS,V,XOM,CVX,COP,BP,BA,MMM,HON,GE,T,VZ,TMUS,HSY,DUK,SO,EXC,AEP,AMT,PLD,SPG,BHP,RIO,VALE,FCX",GOOGL,382,-1,SELL,-1,SELL,-1.0,SELL,True,True,True,0.0,0.0,0.0,0.0,force_sell,near_strategy_boundary
LSTM_cumulative_All_MA,LSTM_cumulative,MA,"GOOGL,AMZN,AAPL,PEP,JNJ,PFE,MRK,ABBV,PG,KO,WMT,JPM,BAC,GS,V,XOM,CVX,COP,BP,BA,MMM,HON,GE,T,VZ,TMUS,HSY,DUK,SO,EXC,AEP,AMT,PLD,SPG,BHP,RIO,VALE,FCX",GOOGL,457,1,BUY,-1,SELL,,NA,False,False,True,,,,,force_buy,near_strategy_boundary
LSTM_cumulative_All_MA,LSTM_cumulative,MA,"GOOGL,AMZN,AAPL,PEP,JNJ,PFE,MRK,ABBV,PG,KO,WMT,JPM,BAC,GS,V,XOM,CVX,COP,BP,BA,MMM,HON,GE,T,VZ,TMUS,HSY,DUK,SO,EXC,AEP,AMT,PLD,SPG,BHP,RIO,VALE,FCX",GOOGL,457,-1,SELL,-1,SELL,-1.0,SELL,True,True,True,0.0,0.0,0.0,0.0,force_sell,near_strategy_boundary
LSTM_cumulative_All_MA,LSTM_cumulative,MA,"GOOGL,AMZN,AAPL,PEP,JNJ,PFE,MRK,ABBV,PG,KO,WMT,JPM,BAC,GS,V,XOM,CVX,COP,BP,BA,MMM,HON,GE,T,VZ,TMUS,HSY,DUK,SO,EXC,AEP,AMT,PLD,SPG,BHP,RIO,VALE,FCX",GOOGL,568,1,BUY,1,BUY,1.0,BUY,True,True,True,0.0,0.0,0.0,0.0,force_buy,near_strategy_boundary
LSTM_cumulative_All_MA,LSTM_cumulative,MA,"GOOGL,AMZN,AAPL,PEP,JNJ,PFE,MRK,ABBV,PG,KO,WMT,JPM,BAC,GS,V,XOM,CVX,COP,BP,BA,MMM,HON,GE,T,VZ,TMUS,HSY,DUK,SO,EXC,AEP,AMT,PLD,SPG,BHP,RIO,VALE,FCX",GOOGL,568,-1,SELL,1,BUY,,NA,False,False,True,,,,,force_sell,near_strategy_boundary
LSTM_cumulative_All_MA,LSTM_cumulative,MA,"GOOGL,AMZN,AAPL,PEP,JNJ,PFE,MRK,ABBV,PG,KO,WMT,JPM,BAC,GS,V,XOM,CVX,COP,BP,BA,MMM,HON,GE,T,VZ,TMUS,HSY,DUK,SO,EXC,AEP,AMT,PLD,SPG,BHP,RIO,VALE,FCX",GOOGL,569,1,BUY,1,BUY,1.0,BUY,True,True,True,0.0,0.0,0.0,0.0,force_buy,near_strategy_boundary
LSTM_cumulative_All_MA,LSTM_cumulative,MA,"GOOGL,AMZN,AAPL,PEP,JNJ,PFE,MRK,ABBV,PG,KO,WMT,JPM,BAC,GS,V,XOM,CVX,COP,BP,BA,MMM,HON,GE,T,VZ,TMUS,HSY,DUK,SO,EXC,AEP,AMT,PLD,SPG,BHP,RIO,VALE,FCX",GOOGL,569,-1,SELL,1,BUY,,NA,False,False,True,,,,,force_sell,near_strategy_boundary
LSTM_cumulative_All_MA,LSTM_cumulative,MA,"GOOGL,AMZN,AAPL,PEP,JNJ,PFE,MRK,ABBV,PG,KO,WMT,JPM,BAC,GS,V,XOM,CVX,COP,BP,BA,MMM,HON,GE,T,VZ,TMUS,HSY,DUK,SO,EXC,AEP,AMT,PLD,SPG,BHP,RIO,VALE,FCX",GOOGL,603,1,BUY,1,BUY,1.0,BUY,True,True,True,0.0,0.0,0.0,0.0,force_buy,near_strategy_boundary
LSTM_cumulative_All_MA,LSTM_cumulative,MA,"GOOGL,AMZN,AAPL,PEP,JNJ,PFE,MRK,ABBV,PG,KO,WMT,JPM,BAC,GS,V,XOM,CVX,COP,BP,BA,MMM,HON,GE,T,VZ,TMUS,HSY,DUK,SO,EXC,AEP,AMT,PLD,SPG,BHP,RIO,VALE,FCX",GOOGL,603,-1,SELL,1,BUY,,NA,False,False,True,,,,,force_sell,near_strategy_boundary
LSTM_cumulative_All_MA,LSTM_cumulative,MA,"GOOGL,AMZN,AAPL,PEP,JNJ,PFE,MRK,ABBV,PG,KO,WMT,JPM,BAC,GS,V,XOM,CVX,COP,BP,BA,MMM,HON,GE,T,VZ,TMUS,HSY,DUK,SO,EXC,AEP,AMT,PLD,SPG,BHP,RIO,VALE,FCX",GOOGL,676,1,BUY,-1,SELL,,NA,False,False,True,,,,,force_buy,near_strategy_boundary
LSTM_cumulative_All_MA,LSTM_cumulative,MA,"GOOGL,AMZN,AAPL,PEP,JNJ,PFE,MRK,ABBV,PG,KO,WMT,JPM,BAC,GS,V,XOM,CVX,COP,BP,BA,MMM,HON,GE,T,VZ,TMUS,HSY,DUK,SO,EXC,AEP,AMT,PLD,SPG,BHP,RIO,VALE,FCX",GOOGL,676,-1,SELL,-1,SELL,-1.0,SELL,True,True,True,0.0,0.0,0.0,0.0,force_sell,near_strategy_boundary
LSTM3y_All_MA,LSTM3y,MA,"GOOGL,AMZN,AAPL,PEP,JNJ,PFE,MRK,ABBV,PG,KO,WMT,JPM,BAC,GS,V,XOM,CVX,COP,BP,BA,MMM,HON,GE,T,VZ,TMUS,HSY,DUK,SO,EXC,AEP,AMT,PLD,SPG,BHP,RIO,VALE,FCX",GOOGL,30,1,BUY,-1,SELL,,NA,False,False,True,,,,,force_buy,uniform
LSTM3y_All_MA,LSTM3y,MA,"GOOGL,AMZN,AAPL,PEP,JNJ,PFE,MRK,ABBV,PG,KO,WMT,JPM,BAC,GS,V,XOM,CVX,COP,BP,BA,MMM,HON,GE,T,VZ,TMUS,HSY,DUK,SO,EXC,AEP,AMT,PLD,SPG,BHP,RIO,VALE,FCX",GOOGL,30,-1,SELL,-1,SELL,-1.0,SELL,True,True,True,0.0,0.0,0.0,0.0,force_sell,uniform
LSTM3y_All_MA,LSTM3y,MA,"GOOGL,AMZN,AAPL,PEP,JNJ,PFE,MRK,ABBV,PG,KO,WMT,JPM,BAC,GS,V,XOM,CVX,COP,BP,BA,MMM,HON,GE,T,VZ,TMUS,HSY,DUK,SO,EXC,AEP,AMT,PLD,SPG,BHP,RIO,VALE,FCX",GOOGL,74,1,BUY,1,BUY,1.0,BUY,True,True,True,0.0,0.0,0.0,0.0,force_buy,uniform
LSTM3y_All_MA,LSTM3y,MA,"GOOGL,AMZN,AAPL,PEP,JNJ,PFE,MRK,ABBV,PG,KO,WMT,JPM,BAC,GS,V,XOM,CVX,COP,BP,BA,MMM,HON,GE,T,VZ,TMUS,HSY,DUK,SO,EXC,AEP,AMT,PLD,SPG,BHP,RIO,VALE,FCX",GOOGL,74,-1,SELL,1,BUY,,NA,False,False,True,,,,,force_sell,uniform
LSTM3y_All_MA,LSTM3y,MA,"GOOGL,AMZN,AAPL,PEP,JNJ,PFE,MRK,ABBV,PG,KO,WMT,JPM,BAC,GS,V,XOM,CVX,COP,BP,BA,MMM,HON,GE,T,VZ,TMUS,HSY,DUK,SO,EXC,AEP,AMT,PLD,SPG,BHP,RIO,VALE,FCX",GOOGL,118,1,BUY,1,BUY,1.0,BUY,True,True,True,0.0,0.0,0.0,0.0,force_buy,uniform
LSTM3y_All_MA,LSTM3y,MA,"GOOGL,AMZN,AAPL,PEP,JNJ,PFE,MRK,ABBV,PG,KO,WMT,JPM,BAC,GS,V,XOM,CVX,COP,BP,BA,MMM,HON,GE,T,VZ,TMUS,HSY,DUK,SO,EXC,AEP,AMT,PLD,SPG,BHP,RIO,VALE,FCX",GOOGL,118,-1,SELL,1,BUY,,NA,False,False,True,,,,,force_sell,uniform
LSTM3y_All_MA,LSTM3y,MA,"GOOGL,AMZN,AAPL,PEP,JNJ,PFE,MRK,ABBV,PG,KO,WMT,JPM,BAC,GS,V,XOM,CVX,COP,BP,BA,MMM,HON,GE,T,VZ,TMUS,HSY,DUK,SO,EXC,AEP,AMT,PLD,SPG,BHP,RIO,VALE,FCX",GOOGL,162,1,BUY,-1,SELL,,NA,False,False,True,,,,,force_buy,uniform
LSTM3y_All_MA,LSTM3y,MA,"GOOGL,AMZN,AAPL,PEP,JNJ,PFE,MRK,ABBV,PG,KO,WMT,JPM,BAC,GS,V,XOM,CVX,COP,BP,BA,MMM,HON,GE,T,VZ,TMUS,HSY,DUK,SO,EXC,AEP,AMT,PLD,SPG,BHP,RIO,VALE,FCX",GOOGL,162,-1,SELL,-1,SELL,-1.0,SELL,True,True,True,0.0,0.0,0.0,0.0,force_sell,uniform
LSTM3y_All_MA,LSTM3y,MA,"GOOGL,AMZN,AAPL,PEP,JNJ,PFE,MRK,ABBV,PG,KO,WMT,JPM,BAC,GS,V,XOM,CVX,COP,BP,BA,MMM,HON,GE,T,VZ,TMUS,HSY,DUK,SO,EXC,AEP,AMT,PLD,SPG,BHP,RIO,VALE,FCX",GOOGL,206,1,BUY,1,BUY,1.0,BUY,True,True,True,0.0,0.0,0.0,0.0,force_buy,uniform
LSTM3y_All_MA,LSTM3y,MA,"GOOGL,AMZN,AAPL,PEP,JNJ,PFE,MRK,ABBV,PG,KO,WMT,JPM,BAC,GS,V,XOM,CVX,COP,BP,BA,MMM,HON,GE,T,VZ,TMUS,HSY,DUK,SO,EXC,AEP,AMT,PLD,SPG,BHP,RIO,VALE,FCX",GOOGL,206,-1,SELL,1,BUY,,NA,False,False,True,,,,,force_sell,uniform
LSTM3y_All_MA,LSTM3y,MA,"GOOGL,AMZN,AAPL,PEP,JNJ,PFE,MRK,ABBV,PG,KO,WMT,JPM,BAC,GS,V,XOM,CVX,COP,BP,BA,MMM,HON,GE,T,VZ,TMUS,HSY,DUK,SO,EXC,AEP,AMT,PLD,SPG,BHP,RIO,VALE,FCX",GOOGL,250,1,BUY,1,BUY,1.0,BUY,True,True,True,0.0,0.0,0.0,0.0,force_buy,uniform
LSTM3y_All_MA,LSTM3y,MA,"GOOGL,AMZN,AAPL,PEP,JNJ,PFE,MRK,ABBV,PG,KO,WMT,JPM,BAC,GS,V,XOM,CVX,COP,BP,BA,MMM,HON,GE,T,VZ,TMUS,HSY,DUK,SO,EXC,AEP,AMT,PLD,SPG,BHP,RIO,VALE,FCX",GOOGL,250,-1,SELL,1,BUY,,NA,False,False,True,,,,,force_sell,uniform
LSTM3y_All_MA,LSTM3y,MA,"GOOGL,AMZN,AAPL,PEP,JNJ,PFE,MRK,ABBV,PG,KO,WMT,JPM,BAC,GS,V,XOM,CVX,COP,BP,BA,MMM,HON,GE,T,VZ,TMUS,HSY,DUK,SO,EXC,AEP,AMT,PLD,SPG,BHP,RIO,VALE,FCX",GOOGL,294,1,BUY,-1,SELL,1.0,BUY,True,False,True,-0.13,0.13,-10.933714109123827,0.03158264506029873,force_buy,uniform
LSTM3y_All_MA,LSTM3y,MA,"GOOGL,AMZN,AAPL,PEP,JNJ,PFE,MRK,ABBV,PG,KO,WMT,JPM,BAC,GS,V,XOM,CVX,COP,BP,BA,MMM,HON,GE,T,VZ,TMUS,HSY,DUK,SO,EXC,AEP,AMT,PLD,SPG,BHP,RIO,VALE,FCX",GOOGL,294,-1,SELL,-1,SELL,-1.0,SELL,True,True,True,0.0,0.0,0.0,0.0,force_sell,uniform
LSTM3y_All_MA,LSTM3y,MA,"GOOGL,AMZN,AAPL,PEP,JNJ,PFE,MRK,ABBV,PG,KO,WMT,JPM,BAC,GS,V,XOM,CVX,COP,BP,BA,MMM,HON,GE,T,VZ,TMUS,HSY,DUK,SO,EXC,AEP,AMT,PLD,SPG,BHP,RIO,VALE,FCX",GOOGL,338,1,BUY,1,BUY,1.0,BUY,True,True,True,0.0,0.0,0.0,0.0,force_buy,uniform
LSTM3y_All_MA,LSTM3y,MA,"GOOGL,AMZN,AAPL,PEP,JNJ,PFE,MRK,ABBV,PG,KO,WMT,JPM,BAC,GS,V,XOM,CVX,COP,BP,BA,MMM,HON,GE,T,VZ,TMUS,HSY,DUK,SO,EXC,AEP,AMT,PLD,SPG,BHP,RIO,VALE,FCX",GOOGL,338,-1,SELL,1,BUY,,NA,False,False,True,,,,,force_sell,uniform
LSTM3y_All_MA,LSTM3y,MA,"GOOGL,AMZN,AAPL,PEP,JNJ,PFE,MRK,ABBV,PG,KO,WMT,JPM,BAC,GS,V,XOM,CVX,COP,BP,BA,MMM,HON,GE,T,VZ,TMUS,HSY,DUK,SO,EXC,AEP,AMT,PLD,SPG,BHP,RIO,VALE,FCX",GOOGL,382,1,BUY,1,BUY,1.0,BUY,True,True,True,0.0,0.0,0.0,0.0,force_buy,uniform
LSTM3y_All_MA,LSTM3y,MA,"GOOGL,AMZN,AAPL,PEP,JNJ,PFE,MRK,ABBV,PG,KO,WMT,JPM,BAC,GS,V,XOM,CVX,COP,BP,BA,MMM,HON,GE,T,VZ,TMUS,HSY,DUK,SO,EXC,AEP,AMT,PLD,SPG,BHP,RIO,VALE,FCX",GOOGL,382,-1,SELL,1,BUY,,NA,False,False,True,,,,,force_sell,uniform
LSTM3y_All_MA,LSTM3y,MA,"GOOGL,AMZN,AAPL,PEP,JNJ,PFE,MRK,ABBV,PG,KO,WMT,JPM,BAC,GS,V,XOM,CVX,COP,BP,BA,MMM,HON,GE,T,VZ,TMUS,HSY,DUK,SO,EXC,AEP,AMT,PLD,SPG,BHP,RIO,VALE,FCX",GOOGL,426,1,BUY,-1,SELL,,NA,False,False,True,,,,,force_buy,uniform
LSTM3y_All_MA,LSTM3y,MA,"GOOGL,AMZN,AAPL,PEP,JNJ,PFE,MRK,ABBV,PG,KO,WMT,JPM,BAC,GS,V,XOM,CVX,COP,BP,BA,MMM,HON,GE,T,VZ,TMUS,HSY,DUK,SO,EXC,AEP,AMT,PLD,SPG,BHP,RIO,VALE,FCX",GOOGL,426,-1,SELL,-1,SELL,-1.0,SELL,True,True,True,0.0,0.0,0.0,0.0,force_sell,uniform
LSTM3y_All_MA,LSTM3y,MA,"GOOGL,AMZN,AAPL,PEP,JNJ,PFE,MRK,ABBV,PG,KO,WMT,JPM,BAC,GS,V,XOM,CVX,COP,BP,BA,MMM,HON,GE,T,VZ,TMUS,HSY,DUK,SO,EXC,AEP,AMT,PLD,SPG,BHP,RIO,VALE,FCX",GOOGL,470,1,BUY,-1,SELL,1.0,BUY,True,False,True,-0.16,0.16,-15.355290643680064,-0.3209861090933419,force_buy,uniform
LSTM3y_All_MA,LSTM3y,MA,"GOOGL,AMZN,AAPL,PEP,JNJ,PFE,MRK,ABBV,PG,KO,WMT,JPM,BAC,GS,V,XOM,CVX,COP,BP,BA,MMM,HON,GE,T,VZ,TMUS,HSY,DUK,SO,EXC,AEP,AMT,PLD,SPG,BHP,RIO,VALE,FCX",GOOGL,470,-1,SELL,-1,SELL,-1.0,SELL,True,True,True,0.0,0.0,0.0,0.0,force_sell,uniform
LSTM3y_All_MA,LSTM3y,MA,"GOOGL,AMZN,AAPL,PEP,JNJ,PFE,MRK,ABBV,PG,KO,WMT,JPM,BAC,GS,V,XOM,CVX,COP,BP,BA,MMM,HON,GE,T,VZ,TMUS,HSY,DUK,SO,EXC,AEP,AMT,PLD,SPG,BHP,RIO,VALE,FCX",GOOGL,514,1,BUY,1,BUY,1.0,BUY,True,True,True,0.0,0.0,0.0,0.0,force_buy,uniform
LSTM3y_All_MA,LSTM3y,MA,"GOOGL,AMZN,AAPL,PEP,JNJ,PFE,MRK,ABBV,PG,KO,WMT,JPM,BAC,GS,V,XOM,CVX,COP,BP,BA,MMM,HON,GE,T,VZ,TMUS,HSY,DUK,SO,EXC,AEP,AMT,PLD,SPG,BHP,RIO,VALE,FCX",GOOGL,514,-1,SELL,1,BUY,,NA,False,False,True,,,,,force_sell,uniform
LSTM3y_All_MA,LSTM3y,MA,"GOOGL,AMZN,AAPL,PEP,JNJ,PFE,MRK,ABBV,PG,KO,WMT,JPM,BAC,GS,V,XOM,CVX,COP,BP,BA,MMM,HON,GE,T,VZ,TMUS,HSY,DUK,SO,EXC,AEP,AMT,PLD,SPG,BHP,RIO,VALE,FCX",GOOGL,47,1,BUY,-1,SELL,1.0,BUY,True,False,True,-0.09,0.09,-6.46060104370676,0.33967692605751587,force_buy,high_volatility
LSTM3y_All_MA,LSTM3y,MA,"GOOGL,AMZN,AAPL,PEP,JNJ,PFE,MRK,ABBV,PG,KO,WMT,JPM,BAC,GS,V,XOM,CVX,COP,BP,BA,MMM,HON,GE,T,VZ,TMUS,HSY,DUK,SO,EXC,AEP,AMT,PLD,SPG,BHP,RIO,VALE,FCX",GOOGL,47,-1,SELL,-1,SELL,-1.0,SELL,True,True,True,0.0,0.0,0.0,0.0,force_sell,high_volatility
LSTM3y_All_MA,LSTM3y,MA,"GOOGL,AMZN,AAPL,PEP,JNJ,PFE,MRK,ABBV,PG,KO,WMT,JPM,BAC,GS,V,XOM,CVX,COP,BP,BA,MMM,HON,GE,T,VZ,TMUS,HSY,DUK,SO,EXC,AEP,AMT,PLD,SPG,BHP,RIO,VALE,FCX",GOOGL,48,1,BUY,1,BUY,1.0,BUY,True,True,True,0.0,0.0,0.0,0.0,force_buy,high_volatility
LSTM3y_All_MA,LSTM3y,MA,"GOOGL,AMZN,AAPL,PEP,JNJ,PFE,MRK,ABBV,PG,KO,WMT,JPM,BAC,GS,V,XOM,CVX,COP,BP,BA,MMM,HON,GE,T,VZ,TMUS,HSY,DUK,SO,EXC,AEP,AMT,PLD,SPG,BHP,RIO,VALE,FCX",GOOGL,48,-1,SELL,1,BUY,-1.0,SELL,True,False,True,0.07,0.07,5.009186182394743,-0.18710914430283943,force_sell,high_volatility
LSTM3y_All_MA,LSTM3y,MA,"GOOGL,AMZN,AAPL,PEP,JNJ,PFE,MRK,ABBV,PG,KO,WMT,JPM,BAC,GS,V,XOM,CVX,COP,BP,BA,MMM,HON,GE,T,VZ,TMUS,HSY,DUK,SO,EXC,AEP,AMT,PLD,SPG,BHP,RIO,VALE,FCX",GOOGL,49,1,BUY,1,BUY,1.0,BUY,True,True,True,0.0,0.0,0.0,0.0,force_buy,high_volatility
LSTM3y_All_MA,LSTM3y,MA,"GOOGL,AMZN,AAPL,PEP,JNJ,PFE,MRK,ABBV,PG,KO,WMT,JPM,BAC,GS,V,XOM,CVX,COP,BP,BA,MMM,HON,GE,T,VZ,TMUS,HSY,DUK,SO,EXC,AEP,AMT,PLD,SPG,BHP,RIO,VALE,FCX",GOOGL,49,-1,SELL,1,BUY,-1.0,SELL,True,False,True,0.34,0.34,25.153341508319116,-0.25969490596774136,force_sell,high_volatility
LSTM3y_All_MA,LSTM3y,MA,"GOOGL,AMZN,AAPL,PEP,JNJ,PFE,MRK,ABBV,PG,KO,WMT,JPM,BAC,GS,V,XOM,CVX,COP,BP,BA,MMM,HON,GE,T,VZ,TMUS,HSY,DUK,SO,EXC,AEP,AMT,PLD,SPG,BHP,RIO,VALE,FCX",GOOGL,50,1,BUY,1,BUY,1.0,BUY,True,True,True,0.0,0.0,0.0,0.0,force_buy,high_volatility
LSTM3y_All_MA,LSTM3y,MA,"GOOGL,AMZN,AAPL,PEP,JNJ,PFE,MRK,ABBV,PG,KO,WMT,JPM,BAC,GS,V,XOM,CVX,COP,BP,BA,MMM,HON,GE,T,VZ,TMUS,HSY,DUK,SO,EXC,AEP,AMT,PLD,SPG,BHP,RIO,VALE,FCX",GOOGL,50,-1,SELL,1,BUY,,NA,False,False,True,,,,,force_sell,high_volatility
LSTM3y_All_MA,LSTM3y,MA,"GOOGL,AMZN,AAPL,PEP,JNJ,PFE,MRK,ABBV,PG,KO,WMT,JPM,BAC,GS,V,XOM,CVX,COP,BP,BA,MMM,HON,GE,T,VZ,TMUS,HSY,DUK,SO,EXC,AEP,AMT,PLD,SPG,BHP,RIO,VALE,FCX",GOOGL,51,1,BUY,1,BUY,1.0,BUY,True,True,True,0.0,0.0,0.0,0.0,force_buy,high_volatility
LSTM3y_All_MA,LSTM3y,MA,"GOOGL,AMZN,AAPL,PEP,JNJ,PFE,MRK,ABBV,PG,KO,WMT,JPM,BAC,GS,V,XOM,CVX,COP,BP,BA,MMM,HON,GE,T,VZ,TMUS,HSY,DUK,SO,EXC,AEP,AMT,PLD,SPG,BHP,RIO,VALE,FCX",GOOGL,51,-1,SELL,1,BUY,,NA,False,False,True,,,,,force_sell,high_volatility
LSTM3y_All_MA,LSTM3y,MA,"GOOGL,AMZN,AAPL,PEP,JNJ,PFE,MRK,ABBV,PG,KO,WMT,JPM,BAC,GS,V,XOM,CVX,COP,BP,BA,MMM,HON,GE,T,VZ,TMUS,HSY,DUK,SO,EXC,AEP,AMT,PLD,SPG,BHP,RIO,VALE,FCX",GOOGL,52,1,BUY,1,BUY,1.0,BUY,True,True,True,0.0,0.0,0.0,0.0,force_buy,high_volatility
LSTM3y_All_MA,LSTM3y,MA,"GOOGL,AMZN,AAPL,PEP,JNJ,PFE,MRK,ABBV,PG,KO,WMT,JPM,BAC,GS,V,XOM,CVX,COP,BP,BA,MMM,HON,GE,T,VZ,TMUS,HSY,DUK,SO,EXC,AEP,AMT,PLD,SPG,BHP,RIO,VALE,FCX",GOOGL,52,-1,SELL,1,BUY,,NA,False,False,True,,,,,force_sell,high_volatility
LSTM3y_All_MA,LSTM3y,MA,"GOOGL,AMZN,AAPL,PEP,JNJ,PFE,MRK,ABBV,PG,KO,WMT,JPM,BAC,GS,V,XOM,CVX,COP,BP,BA,MMM,HON,GE,T,VZ,TMUS,HSY,DUK,SO,EXC,AEP,AMT,PLD,SPG,BHP,RIO,VALE,FCX",GOOGL,53,1,BUY,1,BUY,1.0,BUY,True,True,True,0.0,0.0,0.0,0.0,force_buy,high_volatility
LSTM3y_All_MA,LSTM3y,MA,"GOOGL,AMZN,AAPL,PEP,JNJ,PFE,MRK,ABBV,PG,KO,WMT,JPM,BAC,GS,V,XOM,CVX,COP,BP,BA,MMM,HON,GE,T,VZ,TMUS,HSY,DUK,SO,EXC,AEP,AMT,PLD,SPG,BHP,RIO,VALE,FCX",GOOGL,53,-1,SELL,1,BUY,,NA,False,False,True,,,,,force_sell,high_volatility
LSTM3y_All_MA,LSTM3y,MA,"GOOGL,AMZN,AAPL,PEP,JNJ,PFE,MRK,ABBV,PG,KO,WMT,JPM,BAC,GS,V,XOM,CVX,COP,BP,BA,MMM,HON,GE,T,VZ,TMUS,HSY,DUK,SO,EXC,AEP,AMT,PLD,SPG,BHP,RIO,VALE,FCX",GOOGL,54,1,BUY,1,BUY,1.0,BUY,True,True,True,0.0,0.0,0.0,0.0,force_buy,high_volatility
LSTM3y_All_MA,LSTM3y,MA,"GOOGL,AMZN,AAPL,PEP,JNJ,PFE,MRK,ABBV,PG,KO,WMT,JPM,BAC,GS,V,XOM,CVX,COP,BP,BA,MMM,HON,GE,T,VZ,TMUS,HSY,DUK,SO,EXC,AEP,AMT,PLD,SPG,BHP,RIO,VALE,FCX",GOOGL,54,-1,SELL,1,BUY,,NA,False,False,True,,,,,force_sell,high_volatility
LSTM3y_All_MA,LSTM3y,MA,"GOOGL,AMZN,AAPL,PEP,JNJ,PFE,MRK,ABBV,PG,KO,WMT,JPM,BAC,GS,V,XOM,CVX,COP,BP,BA,MMM,HON,GE,T,VZ,TMUS,HSY,DUK,SO,EXC,AEP,AMT,PLD,SPG,BHP,RIO,VALE,FCX",GOOGL,276,1,BUY,-1,SELL,1.0,BUY,True,False,True,-0.21,0.21,-17.665672364081075,-0.5030740816491566,force_buy,high_volatility
LSTM3y_All_MA,LSTM3y,MA,"GOOGL,AMZN,AAPL,PEP,JNJ,PFE,MRK,ABBV,PG,KO,WMT,JPM,BAC,GS,V,XOM,CVX,COP,BP,BA,MMM,HON,GE,T,VZ,TMUS,HSY,DUK,SO,EXC,AEP,AMT,PLD,SPG,BHP,RIO,VALE,FCX",GOOGL,276,-1,SELL,-1,SELL,-1.0,SELL,True,True,True,0.0,0.0,0.0,0.0,force_sell,high_volatility
LSTM3y_All_MA,LSTM3y,MA,"GOOGL,AMZN,AAPL,PEP,JNJ,PFE,MRK,ABBV,PG,KO,WMT,JPM,BAC,GS,V,XOM,CVX,COP,BP,BA,MMM,HON,GE,T,VZ,TMUS,HSY,DUK,SO,EXC,AEP,AMT,PLD,SPG,BHP,RIO,VALE,FCX",GOOGL,277,1,BUY,-1,SELL,1.0,BUY,True,False,True,-0.09,0.09,-7.65621023607892,-0.527357813979993,force_buy,high_volatility
LSTM3y_All_MA,LSTM3y,MA,"GOOGL,AMZN,AAPL,PEP,JNJ,PFE,MRK,ABBV,PG,KO,WMT,JPM,BAC,GS,V,XOM,CVX,COP,BP,BA,MMM,HON,GE,T,VZ,TMUS,HSY,DUK,SO,EXC,AEP,AMT,PLD,SPG,BHP,RIO,VALE,FCX",GOOGL,277,-1,SELL,-1,SELL,-1.0,SELL,True,True,True,0.0,0.0,0.0,0.0,force_sell,high_volatility
LSTM3y_All_MA,LSTM3y,MA,"GOOGL,AMZN,AAPL,PEP,JNJ,PFE,MRK,ABBV,PG,KO,WMT,JPM,BAC,GS,V,XOM,CVX,COP,BP,BA,MMM,HON,GE,T,VZ,TMUS,HSY,DUK,SO,EXC,AEP,AMT,PLD,SPG,BHP,RIO,VALE,FCX",GOOGL,278,1,BUY,-1,SELL,1.0,BUY,True,False,True,-0.19,0.19,-16.042998919356677,-0.5326401406436361,force_buy,high_volatility
LSTM3y_All_MA,LSTM3y,MA,"GOOGL,AMZN,AAPL,PEP,JNJ,PFE,MRK,ABBV,PG,KO,WMT,JPM,BAC,GS,V,XOM,CVX,COP,BP,BA,MMM,HON,GE,T,VZ,TMUS,HSY,DUK,SO,EXC,AEP,AMT,PLD,SPG,BHP,RIO,VALE,FCX",GOOGL,278,-1,SELL,-1,SELL,-1.0,SELL,True,True,True,0.0,0.0,0.0,0.0,force_sell,high_volatility
LSTM3y_All_MA,LSTM3y,MA,"GOOGL,AMZN,AAPL,PEP,JNJ,PFE,MRK,ABBV,PG,KO,WMT,JPM,BAC,GS,V,XOM,CVX,COP,BP,BA,MMM,HON,GE,T,VZ,TMUS,HSY,DUK,SO,EXC,AEP,AMT,PLD,SPG,BHP,RIO,VALE,FCX",GOOGL,279,1,BUY,-1,SELL,1.0,BUY,True,False,True,-0.2,0.2,-16.850816838530136,-0.5570175895311191,force_buy,high_volatility
LSTM3y_All_MA,LSTM3y,MA,"GOOGL,AMZN,AAPL,PEP,JNJ,PFE,MRK,ABBV,PG,KO,WMT,JPM,BAC,GS,V,XOM,CVX,COP,BP,BA,MMM,HON,GE,T,VZ,TMUS,HSY,DUK,SO,EXC,AEP,AMT,PLD,SPG,BHP,RIO,VALE,FCX",GOOGL,279,-1,SELL,-1,SELL,-1.0,SELL,True,True,True,0.0,0.0,0.0,0.0,force_sell,high_volatility
LSTM3y_All_MA,LSTM3y,MA,"GOOGL,AMZN,AAPL,PEP,JNJ,PFE,MRK,ABBV,PG,KO,WMT,JPM,BAC,GS,V,XOM,CVX,COP,BP,BA,MMM,HON,GE,T,VZ,TMUS,HSY,DUK,SO,EXC,AEP,AMT,PLD,SPG,BHP,RIO,VALE,FCX",GOOGL,49,1,BUY,1,BUY,1.0,BUY,True,True,True,0.0,0.0,0.0,0.0,force_buy,high_pred_volatility
LSTM3y_All_MA,LSTM3y,MA,"GOOGL,AMZN,AAPL,PEP,JNJ,PFE,MRK,ABBV,PG,KO,WMT,JPM,BAC,GS,V,XOM,CVX,COP,BP,BA,MMM,HON,GE,T,VZ,TMUS,HSY,DUK,SO,EXC,AEP,AMT,PLD,SPG,BHP,RIO,VALE,FCX",GOOGL,49,-1,SELL,1,BUY,-1.0,SELL,True,False,True,0.34,0.34,25.153341508319116,-0.25969490596774136,force_sell,high_pred_volatility
LSTM3y_All_MA,LSTM3y,MA,"GOOGL,AMZN,AAPL,PEP,JNJ,PFE,MRK,ABBV,PG,KO,WMT,JPM,BAC,GS,V,XOM,CVX,COP,BP,BA,MMM,HON,GE,T,VZ,TMUS,HSY,DUK,SO,EXC,AEP,AMT,PLD,SPG,BHP,RIO,VALE,FCX",GOOGL,50,1,BUY,1,BUY,1.0,BUY,True,True,True,0.0,0.0,0.0,0.0,force_buy,high_pred_volatility
LSTM3y_All_MA,LSTM3y,MA,"GOOGL,AMZN,AAPL,PEP,JNJ,PFE,MRK,ABBV,PG,KO,WMT,JPM,BAC,GS,V,XOM,CVX,COP,BP,BA,MMM,HON,GE,T,VZ,TMUS,HSY,DUK,SO,EXC,AEP,AMT,PLD,SPG,BHP,RIO,VALE,FCX",GOOGL,50,-1,SELL,1,BUY,,NA,False,False,True,,,,,force_sell,high_pred_volatility
LSTM3y_All_MA,LSTM3y,MA,"GOOGL,AMZN,AAPL,PEP,JNJ,PFE,MRK,ABBV,PG,KO,WMT,JPM,BAC,GS,V,XOM,CVX,COP,BP,BA,MMM,HON,GE,T,VZ,TMUS,HSY,DUK,SO,EXC,AEP,AMT,PLD,SPG,BHP,RIO,VALE,FCX",GOOGL,51,1,BUY,1,BUY,1.0,BUY,True,True,True,0.0,0.0,0.0,0.0,force_buy,high_pred_volatility
LSTM3y_All_MA,LSTM3y,MA,"GOOGL,AMZN,AAPL,PEP,JNJ,PFE,MRK,ABBV,PG,KO,WMT,JPM,BAC,GS,V,XOM,CVX,COP,BP,BA,MMM,HON,GE,T,VZ,TMUS,HSY,DUK,SO,EXC,AEP,AMT,PLD,SPG,BHP,RIO,VALE,FCX",GOOGL,51,-1,SELL,1,BUY,,NA,False,False,True,,,,,force_sell,high_pred_volatility
LSTM3y_All_MA,LSTM3y,MA,"GOOGL,AMZN,AAPL,PEP,JNJ,PFE,MRK,ABBV,PG,KO,WMT,JPM,BAC,GS,V,XOM,CVX,COP,BP,BA,MMM,HON,GE,T,VZ,TMUS,HSY,DUK,SO,EXC,AEP,AMT,PLD,SPG,BHP,RIO,VALE,FCX",GOOGL,52,1,BUY,1,BUY,1.0,BUY,True,True,True,0.0,0.0,0.0,0.0,force_buy,high_pred_volatility
LSTM3y_All_MA,LSTM3y,MA,"GOOGL,AMZN,AAPL,PEP,JNJ,PFE,MRK,ABBV,PG,KO,WMT,JPM,BAC,GS,V,XOM,CVX,COP,BP,BA,MMM,HON,GE,T,VZ,TMUS,HSY,DUK,SO,EXC,AEP,AMT,PLD,SPG,BHP,RIO,VALE,FCX",GOOGL,52,-1,SELL,1,BUY,,NA,False,False,True,,,,,force_sell,high_pred_volatility
LSTM3y_All_MA,LSTM3y,MA,"GOOGL,AMZN,AAPL,PEP,JNJ,PFE,MRK,ABBV,PG,KO,WMT,JPM,BAC,GS,V,XOM,CVX,COP,BP,BA,MMM,HON,GE,T,VZ,TMUS,HSY,DUK,SO,EXC,AEP,AMT,PLD,SPG,BHP,RIO,VALE,FCX",GOOGL,53,1,BUY,1,BUY,1.0,BUY,True,True,True,0.0,0.0,0.0,0.0,force_buy,high_pred_volatility
LSTM3y_All_MA,LSTM3y,MA,"GOOGL,AMZN,AAPL,PEP,JNJ,PFE,MRK,ABBV,PG,KO,WMT,JPM,BAC,GS,V,XOM,CVX,COP,BP,BA,MMM,HON,GE,T,VZ,TMUS,HSY,DUK,SO,EXC,AEP,AMT,PLD,SPG,BHP,RIO,VALE,FCX",GOOGL,53,-1,SELL,1,BUY,,NA,False,False,True,,,,,force_sell,high_pred_volatility
LSTM3y_All_MA,LSTM3y,MA,"GOOGL,AMZN,AAPL,PEP,JNJ,PFE,MRK,ABBV,PG,KO,WMT,JPM,BAC,GS,V,XOM,CVX,COP,BP,BA,MMM,HON,GE,T,VZ,TMUS,HSY,DUK,SO,EXC,AEP,AMT,PLD,SPG,BHP,RIO,VALE,FCX",GOOGL,54,1,BUY,1,BUY,1.0,BUY,True,True,True,0.0,0.0,0.0,0.0,force_buy,high_pred_volatility
LSTM3y_All_MA,LSTM3y,MA,"GOOGL,AMZN,AAPL,PEP,JNJ,PFE,MRK,ABBV,PG,KO,WMT,JPM,BAC,GS,V,XOM,CVX,COP,BP,BA,MMM,HON,GE,T,VZ,TMUS,HSY,DUK,SO,EXC,AEP,AMT,PLD,SPG,BHP,RIO,VALE,FCX",GOOGL,54,-1,SELL,1,BUY,,NA,False,False,True,,,,,force_sell,high_pred_volatility
LSTM3y_All_MA,LSTM3y,MA,"GOOGL,AMZN,AAPL,PEP,JNJ,PFE,MRK,ABBV,PG,KO,WMT,JPM,BAC,GS,V,XOM,CVX,COP,BP,BA,MMM,HON,GE,T,VZ,TMUS,HSY,DUK,SO,EXC,AEP,AMT,PLD,SPG,BHP,RIO,VALE,FCX",GOOGL,55,1,BUY,1,BUY,1.0,BUY,True,True,True,0.0,0.0,0.0,0.0,force_buy,high_pred_volatility
LSTM3y_All_MA,LSTM3y,MA,"GOOGL,AMZN,AAPL,PEP,JNJ,PFE,MRK,ABBV,PG,KO,WMT,JPM,BAC,GS,V,XOM,CVX,COP,BP,BA,MMM,HON,GE,T,VZ,TMUS,HSY,DUK,SO,EXC,AEP,AMT,PLD,SPG,BHP,RIO,VALE,FCX",GOOGL,55,-1,SELL,1,BUY,,NA,False,False,True,,,,,force_sell,high_pred_volatility
LSTM3y_All_MA,LSTM3y,MA,"GOOGL,AMZN,AAPL,PEP,JNJ,PFE,MRK,ABBV,PG,KO,WMT,JPM,BAC,GS,V,XOM,CVX,COP,BP,BA,MMM,HON,GE,T,VZ,TMUS,HSY,DUK,SO,EXC,AEP,AMT,PLD,SPG,BHP,RIO,VALE,FCX",GOOGL,56,1,BUY,1,BUY,1.0,BUY,True,True,True,0.0,0.0,0.0,0.0,force_buy,high_pred_volatility
LSTM3y_All_MA,LSTM3y,MA,"GOOGL,AMZN,AAPL,PEP,JNJ,PFE,MRK,ABBV,PG,KO,WMT,JPM,BAC,GS,V,XOM,CVX,COP,BP,BA,MMM,HON,GE,T,VZ,TMUS,HSY,DUK,SO,EXC,AEP,AMT,PLD,SPG,BHP,RIO,VALE,FCX",GOOGL,56,-1,SELL,1,BUY,,NA,False,False,True,,,,,force_sell,high_pred_volatility
LSTM3y_All_MA,LSTM3y,MA,"GOOGL,AMZN,AAPL,PEP,JNJ,PFE,MRK,ABBV,PG,KO,WMT,JPM,BAC,GS,V,XOM,CVX,COP,BP,BA,MMM,HON,GE,T,VZ,TMUS,HSY,DUK,SO,EXC,AEP,AMT,PLD,SPG,BHP,RIO,VALE,FCX",GOOGL,277,1,BUY,-1,SELL,1.0,BUY,True,False,True,-0.09,0.09,-7.65621023607892,-0.527357813979993,force_buy,high_pred_volatility
LSTM3y_All_MA,LSTM3y,MA,"GOOGL,AMZN,AAPL,PEP,JNJ,PFE,MRK,ABBV,PG,KO,WMT,JPM,BAC,GS,V,XOM,CVX,COP,BP,BA,MMM,HON,GE,T,VZ,TMUS,HSY,DUK,SO,EXC,AEP,AMT,PLD,SPG,BHP,RIO,VALE,FCX",GOOGL,277,-1,SELL,-1,SELL,-1.0,SELL,True,True,True,0.0,0.0,0.0,0.0,force_sell,high_pred_volatility
LSTM3y_All_MA,LSTM3y,MA,"GOOGL,AMZN,AAPL,PEP,JNJ,PFE,MRK,ABBV,PG,KO,WMT,JPM,BAC,GS,V,XOM,CVX,COP,BP,BA,MMM,HON,GE,T,VZ,TMUS,HSY,DUK,SO,EXC,AEP,AMT,PLD,SPG,BHP,RIO,VALE,FCX",GOOGL,278,1,BUY,-1,SELL,1.0,BUY,True,False,True,-0.19,0.19,-16.042998919356677,-0.5326401406436361,force_buy,high_pred_volatility
LSTM3y_All_MA,LSTM3y,MA,"GOOGL,AMZN,AAPL,PEP,JNJ,PFE,MRK,ABBV,PG,KO,WMT,JPM,BAC,GS,V,XOM,CVX,COP,BP,BA,MMM,HON,GE,T,VZ,TMUS,HSY,DUK,SO,EXC,AEP,AMT,PLD,SPG,BHP,RIO,VALE,FCX",GOOGL,278,-1,SELL,-1,SELL,-1.0,SELL,True,True,True,0.0,0.0,0.0,0.0,force_sell,high_pred_volatility
LSTM3y_All_MA,LSTM3y,MA,"GOOGL,AMZN,AAPL,PEP,JNJ,PFE,MRK,ABBV,PG,KO,WMT,JPM,BAC,GS,V,XOM,CVX,COP,BP,BA,MMM,HON,GE,T,VZ,TMUS,HSY,DUK,SO,EXC,AEP,AMT,PLD,SPG,BHP,RIO,VALE,FCX",GOOGL,279,1,BUY,-1,SELL,1.0,BUY,True,False,True,-0.2,0.2,-16.850816838530136,-0.5570175895311191,force_buy,high_pred_volatility
LSTM3y_All_MA,LSTM3y,MA,"GOOGL,AMZN,AAPL,PEP,JNJ,PFE,MRK,ABBV,PG,KO,WMT,JPM,BAC,GS,V,XOM,CVX,COP,BP,BA,MMM,HON,GE,T,VZ,TMUS,HSY,DUK,SO,EXC,AEP,AMT,PLD,SPG,BHP,RIO,VALE,FCX",GOOGL,279,-1,SELL,-1,SELL,-1.0,SELL,True,True,True,0.0,0.0,0.0,0.0,force_sell,high_pred_volatility
LSTM3y_All_MA,LSTM3y,MA,"GOOGL,AMZN,AAPL,PEP,JNJ,PFE,MRK,ABBV,PG,KO,WMT,JPM,BAC,GS,V,XOM,CVX,COP,BP,BA,MMM,HON,GE,T,VZ,TMUS,HSY,DUK,SO,EXC,AEP,AMT,PLD,SPG,BHP,RIO,VALE,FCX",GOOGL,280,1,BUY,-1,SELL,1.0,BUY,True,False,True,-0.1,0.1,-8.511549418118136,-0.5378439453133357,force_buy,high_pred_volatility
LSTM3y_All_MA,LSTM3y,MA,"GOOGL,AMZN,AAPL,PEP,JNJ,PFE,MRK,ABBV,PG,KO,WMT,JPM,BAC,GS,V,XOM,CVX,COP,BP,BA,MMM,HON,GE,T,VZ,TMUS,HSY,DUK,SO,EXC,AEP,AMT,PLD,SPG,BHP,RIO,VALE,FCX",GOOGL,280,-1,SELL,-1,SELL,-1.0,SELL,True,True,True,0.0,0.0,0.0,0.0,force_sell,high_pred_volatility
LSTM3y_All_MA,LSTM3y,MA,"GOOGL,AMZN,AAPL,PEP,JNJ,PFE,MRK,ABBV,PG,KO,WMT,JPM,BAC,GS,V,XOM,CVX,COP,BP,BA,MMM,HON,GE,T,VZ,TMUS,HSY,DUK,SO,EXC,AEP,AMT,PLD,SPG,BHP,RIO,VALE,FCX",GOOGL,46,1,BUY,-1,SELL,1.0,BUY,True,False,True,-0.22,0.22,-15.61299942771086,0.33967707722406004,force_buy,strong_trend
LSTM3y_All_MA,LSTM3y,MA,"GOOGL,AMZN,AAPL,PEP,JNJ,PFE,MRK,ABBV,PG,KO,WMT,JPM,BAC,GS,V,XOM,CVX,COP,BP,BA,MMM,HON,GE,T,VZ,TMUS,HSY,DUK,SO,EXC,AEP,AMT,PLD,SPG,BHP,RIO,VALE,FCX",GOOGL,46,-1,SELL,-1,SELL,-1.0,SELL,True,True,True,0.0,0.0,0.0,0.0,force_sell,strong_trend
LSTM3y_All_MA,LSTM3y,MA,"GOOGL,AMZN,AAPL,PEP,JNJ,PFE,MRK,ABBV,PG,KO,WMT,JPM,BAC,GS,V,XOM,CVX,COP,BP,BA,MMM,HON,GE,T,VZ,TMUS,HSY,DUK,SO,EXC,AEP,AMT,PLD,SPG,BHP,RIO,VALE,FCX",GOOGL,48,1,BUY,1,BUY,1.0,BUY,True,True,True,0.0,0.0,0.0,0.0,force_buy,strong_trend
LSTM3y_All_MA,LSTM3y,MA,"GOOGL,AMZN,AAPL,PEP,JNJ,PFE,MRK,ABBV,PG,KO,WMT,JPM,BAC,GS,V,XOM,CVX,COP,BP,BA,MMM,HON,GE,T,VZ,TMUS,HSY,DUK,SO,EXC,AEP,AMT,PLD,SPG,BHP,RIO,VALE,FCX",GOOGL,48,-1,SELL,1,BUY,-1.0,SELL,True,False,True,0.07,0.07,5.009186182394743,-0.18710914430283943,force_sell,strong_trend
LSTM3y_All_MA,LSTM3y,MA,"GOOGL,AMZN,AAPL,PEP,JNJ,PFE,MRK,ABBV,PG,KO,WMT,JPM,BAC,GS,V,XOM,CVX,COP,BP,BA,MMM,HON,GE,T,VZ,TMUS,HSY,DUK,SO,EXC,AEP,AMT,PLD,SPG,BHP,RIO,VALE,FCX",GOOGL,49,1,BUY,1,BUY,1.0,BUY,True,True,True,0.0,0.0,0.0,0.0,force_buy,strong_trend
LSTM3y_All_MA,LSTM3y,MA,"GOOGL,AMZN,AAPL,PEP,JNJ,PFE,MRK,ABBV,PG,KO,WMT,JPM,BAC,GS,V,XOM,CVX,COP,BP,BA,MMM,HON,GE,T,VZ,TMUS,HSY,DUK,SO,EXC,AEP,AMT,PLD,SPG,BHP,RIO,VALE,FCX",GOOGL,49,-1,SELL,1,BUY,-1.0,SELL,True,False,True,0.34,0.34,25.153341508319116,-0.25969490596774136,force_sell,strong_trend
LSTM3y_All_MA,LSTM3y,MA,"GOOGL,AMZN,AAPL,PEP,JNJ,PFE,MRK,ABBV,PG,KO,WMT,JPM,BAC,GS,V,XOM,CVX,COP,BP,BA,MMM,HON,GE,T,VZ,TMUS,HSY,DUK,SO,EXC,AEP,AMT,PLD,SPG,BHP,RIO,VALE,FCX",GOOGL,50,1,BUY,1,BUY,1.0,BUY,True,True,True,0.0,0.0,0.0,0.0,force_buy,strong_trend
LSTM3y_All_MA,LSTM3y,MA,"GOOGL,AMZN,AAPL,PEP,JNJ,PFE,MRK,ABBV,PG,KO,WMT,JPM,BAC,GS,V,XOM,CVX,COP,BP,BA,MMM,HON,GE,T,VZ,TMUS,HSY,DUK,SO,EXC,AEP,AMT,PLD,SPG,BHP,RIO,VALE,FCX",GOOGL,50,-1,SELL,1,BUY,,NA,False,False,True,,,,,force_sell,strong_trend
LSTM3y_All_MA,LSTM3y,MA,"GOOGL,AMZN,AAPL,PEP,JNJ,PFE,MRK,ABBV,PG,KO,WMT,JPM,BAC,GS,V,XOM,CVX,COP,BP,BA,MMM,HON,GE,T,VZ,TMUS,HSY,DUK,SO,EXC,AEP,AMT,PLD,SPG,BHP,RIO,VALE,FCX",GOOGL,51,1,BUY,1,BUY,1.0,BUY,True,True,True,0.0,0.0,0.0,0.0,force_buy,strong_trend
LSTM3y_All_MA,LSTM3y,MA,"GOOGL,AMZN,AAPL,PEP,JNJ,PFE,MRK,ABBV,PG,KO,WMT,JPM,BAC,GS,V,XOM,CVX,COP,BP,BA,MMM,HON,GE,T,VZ,TMUS,HSY,DUK,SO,EXC,AEP,AMT,PLD,SPG,BHP,RIO,VALE,FCX",GOOGL,51,-1,SELL,1,BUY,,NA,False,False,True,,,,,force_sell,strong_trend
LSTM3y_All_MA,LSTM3y,MA,"GOOGL,AMZN,AAPL,PEP,JNJ,PFE,MRK,ABBV,PG,KO,WMT,JPM,BAC,GS,V,XOM,CVX,COP,BP,BA,MMM,HON,GE,T,VZ,TMUS,HSY,DUK,SO,EXC,AEP,AMT,PLD,SPG,BHP,RIO,VALE,FCX",GOOGL,52,1,BUY,1,BUY,1.0,BUY,True,True,True,0.0,0.0,0.0,0.0,force_buy,strong_trend
LSTM3y_All_MA,LSTM3y,MA,"GOOGL,AMZN,AAPL,PEP,JNJ,PFE,MRK,ABBV,PG,KO,WMT,JPM,BAC,GS,V,XOM,CVX,COP,BP,BA,MMM,HON,GE,T,VZ,TMUS,HSY,DUK,SO,EXC,AEP,AMT,PLD,SPG,BHP,RIO,VALE,FCX",GOOGL,52,-1,SELL,1,BUY,,NA,False,False,True,,,,,force_sell,strong_trend
LSTM3y_All_MA,LSTM3y,MA,"GOOGL,AMZN,AAPL,PEP,JNJ,PFE,MRK,ABBV,PG,KO,WMT,JPM,BAC,GS,V,XOM,CVX,COP,BP,BA,MMM,HON,GE,T,VZ,TMUS,HSY,DUK,SO,EXC,AEP,AMT,PLD,SPG,BHP,RIO,VALE,FCX",GOOGL,53,1,BUY,1,BUY,1.0,BUY,True,True,True,0.0,0.0,0.0,0.0,force_buy,strong_trend
LSTM3y_All_MA,LSTM3y,MA,"GOOGL,AMZN,AAPL,PEP,JNJ,PFE,MRK,ABBV,PG,KO,WMT,JPM,BAC,GS,V,XOM,CVX,COP,BP,BA,MMM,HON,GE,T,VZ,TMUS,HSY,DUK,SO,EXC,AEP,AMT,PLD,SPG,BHP,RIO,VALE,FCX",GOOGL,53,-1,SELL,1,BUY,,NA,False,False,True,,,,,force_sell,strong_trend
LSTM3y_All_MA,LSTM3y,MA,"GOOGL,AMZN,AAPL,PEP,JNJ,PFE,MRK,ABBV,PG,KO,WMT,JPM,BAC,GS,V,XOM,CVX,COP,BP,BA,MMM,HON,GE,T,VZ,TMUS,HSY,DUK,SO,EXC,AEP,AMT,PLD,SPG,BHP,RIO,VALE,FCX",GOOGL,55,1,BUY,1,BUY,1.0,BUY,True,True,True,0.0,0.0,0.0,0.0,force_buy,strong_trend
LSTM3y_All_MA,LSTM3y,MA,"GOOGL,AMZN,AAPL,PEP,JNJ,PFE,MRK,ABBV,PG,KO,WMT,JPM,BAC,GS,V,XOM,CVX,COP,BP,BA,MMM,HON,GE,T,VZ,TMUS,HSY,DUK,SO,EXC,AEP,AMT,PLD,SPG,BHP,RIO,VALE,FCX",GOOGL,55,-1,SELL,1,BUY,,NA,False,False,True,,,,,force_sell,strong_trend
LSTM3y_All_MA,LSTM3y,MA,"GOOGL,AMZN,AAPL,PEP,JNJ,PFE,MRK,ABBV,PG,KO,WMT,JPM,BAC,GS,V,XOM,CVX,COP,BP,BA,MMM,HON,GE,T,VZ,TMUS,HSY,DUK,SO,EXC,AEP,AMT,PLD,SPG,BHP,RIO,VALE,FCX",GOOGL,80,1,BUY,1,BUY,1.0,BUY,True,True,True,0.0,0.0,0.0,0.0,force_buy,strong_trend
LSTM3y_All_MA,LSTM3y,MA,"GOOGL,AMZN,AAPL,PEP,JNJ,PFE,MRK,ABBV,PG,KO,WMT,JPM,BAC,GS,V,XOM,CVX,COP,BP,BA,MMM,HON,GE,T,VZ,TMUS,HSY,DUK,SO,EXC,AEP,AMT,PLD,SPG,BHP,RIO,VALE,FCX",GOOGL,80,-1,SELL,1,BUY,,NA,False,False,True,,,,,force_sell,strong_trend
LSTM3y_All_MA,LSTM3y,MA,"GOOGL,AMZN,AAPL,PEP,JNJ,PFE,MRK,ABBV,PG,KO,WMT,JPM,BAC,GS,V,XOM,CVX,COP,BP,BA,MMM,HON,GE,T,VZ,TMUS,HSY,DUK,SO,EXC,AEP,AMT,PLD,SPG,BHP,RIO,VALE,FCX",GOOGL,82,1,BUY,1,BUY,1.0,BUY,True,True,True,0.0,0.0,0.0,0.0,force_buy,strong_trend
LSTM3y_All_MA,LSTM3y,MA,"GOOGL,AMZN,AAPL,PEP,JNJ,PFE,MRK,ABBV,PG,KO,WMT,JPM,BAC,GS,V,XOM,CVX,COP,BP,BA,MMM,HON,GE,T,VZ,TMUS,HSY,DUK,SO,EXC,AEP,AMT,PLD,SPG,BHP,RIO,VALE,FCX",GOOGL,82,-1,SELL,1,BUY,,NA,False,False,True,,,,,force_sell,strong_trend
LSTM3y_All_MA,LSTM3y,MA,"GOOGL,AMZN,AAPL,PEP,JNJ,PFE,MRK,ABBV,PG,KO,WMT,JPM,BAC,GS,V,XOM,CVX,COP,BP,BA,MMM,HON,GE,T,VZ,TMUS,HSY,DUK,SO,EXC,AEP,AMT,PLD,SPG,BHP,RIO,VALE,FCX",GOOGL,279,1,BUY,-1,SELL,1.0,BUY,True,False,True,-0.2,0.2,-16.850816838530136,-0.5570175895311191,force_buy,strong_trend
LSTM3y_All_MA,LSTM3y,MA,"GOOGL,AMZN,AAPL,PEP,JNJ,PFE,MRK,ABBV,PG,KO,WMT,JPM,BAC,GS,V,XOM,CVX,COP,BP,BA,MMM,HON,GE,T,VZ,TMUS,HSY,DUK,SO,EXC,AEP,AMT,PLD,SPG,BHP,RIO,VALE,FCX",GOOGL,279,-1,SELL,-1,SELL,-1.0,SELL,True,True,True,0.0,0.0,0.0,0.0,force_sell,strong_trend
LSTM3y_All_MA,LSTM3y,MA,"GOOGL,AMZN,AAPL,PEP,JNJ,PFE,MRK,ABBV,PG,KO,WMT,JPM,BAC,GS,V,XOM,CVX,COP,BP,BA,MMM,HON,GE,T,VZ,TMUS,HSY,DUK,SO,EXC,AEP,AMT,PLD,SPG,BHP,RIO,VALE,FCX",GOOGL,280,1,BUY,-1,SELL,1.0,BUY,True,False,True,-0.1,0.1,-8.511549418118136,-0.5378439453133357,force_buy,strong_trend
LSTM3y_All_MA,LSTM3y,MA,"GOOGL,AMZN,AAPL,PEP,JNJ,PFE,MRK,ABBV,PG,KO,WMT,JPM,BAC,GS,V,XOM,CVX,COP,BP,BA,MMM,HON,GE,T,VZ,TMUS,HSY,DUK,SO,EXC,AEP,AMT,PLD,SPG,BHP,RIO,VALE,FCX",GOOGL,280,-1,SELL,-1,SELL,-1.0,SELL,True,True,True,0.0,0.0,0.0,0.0,force_sell,strong_trend
LSTM3y_All_MA,LSTM3y,MA,"GOOGL,AMZN,AAPL,PEP,JNJ,PFE,MRK,ABBV,PG,KO,WMT,JPM,BAC,GS,V,XOM,CVX,COP,BP,BA,MMM,HON,GE,T,VZ,TMUS,HSY,DUK,SO,EXC,AEP,AMT,PLD,SPG,BHP,RIO,VALE,FCX",GOOGL,32,1,BUY,-1,SELL,,NA,False,False,True,,,,,force_buy,weak_trend
LSTM3y_All_MA,LSTM3y,MA,"GOOGL,AMZN,AAPL,PEP,JNJ,PFE,MRK,ABBV,PG,KO,WMT,JPM,BAC,GS,V,XOM,CVX,COP,BP,BA,MMM,HON,GE,T,VZ,TMUS,HSY,DUK,SO,EXC,AEP,AMT,PLD,SPG,BHP,RIO,VALE,FCX",GOOGL,32,-1,SELL,-1,SELL,-1.0,SELL,True,True,True,0.0,0.0,0.0,0.0,force_sell,weak_trend
LSTM3y_All_MA,LSTM3y,MA,"GOOGL,AMZN,AAPL,PEP,JNJ,PFE,MRK,ABBV,PG,KO,WMT,JPM,BAC,GS,V,XOM,CVX,COP,BP,BA,MMM,HON,GE,T,VZ,TMUS,HSY,DUK,SO,EXC,AEP,AMT,PLD,SPG,BHP,RIO,VALE,FCX",GOOGL,123,1,BUY,1,BUY,1.0,BUY,True,True,True,0.0,0.0,0.0,0.0,force_buy,weak_trend
LSTM3y_All_MA,LSTM3y,MA,"GOOGL,AMZN,AAPL,PEP,JNJ,PFE,MRK,ABBV,PG,KO,WMT,JPM,BAC,GS,V,XOM,CVX,COP,BP,BA,MMM,HON,GE,T,VZ,TMUS,HSY,DUK,SO,EXC,AEP,AMT,PLD,SPG,BHP,RIO,VALE,FCX",GOOGL,123,-1,SELL,1,BUY,,NA,False,False,True,,,,,force_sell,weak_trend
LSTM3y_All_MA,LSTM3y,MA,"GOOGL,AMZN,AAPL,PEP,JNJ,PFE,MRK,ABBV,PG,KO,WMT,JPM,BAC,GS,V,XOM,CVX,COP,BP,BA,MMM,HON,GE,T,VZ,TMUS,HSY,DUK,SO,EXC,AEP,AMT,PLD,SPG,BHP,RIO,VALE,FCX",GOOGL,153,1,BUY,1,BUY,1.0,BUY,True,True,True,0.0,0.0,0.0,0.0,force_buy,weak_trend
LSTM3y_All_MA,LSTM3y,MA,"GOOGL,AMZN,AAPL,PEP,JNJ,PFE,MRK,ABBV,PG,KO,WMT,JPM,BAC,GS,V,XOM,CVX,COP,BP,BA,MMM,HON,GE,T,VZ,TMUS,HSY,DUK,SO,EXC,AEP,AMT,PLD,SPG,BHP,RIO,VALE,FCX",GOOGL,153,-1,SELL,1,BUY,,NA,False,False,True,,,,,force_sell,weak_trend
LSTM3y_All_MA,LSTM3y,MA,"GOOGL,AMZN,AAPL,PEP,JNJ,PFE,MRK,ABBV,PG,KO,WMT,JPM,BAC,GS,V,XOM,CVX,COP,BP,BA,MMM,HON,GE,T,VZ,TMUS,HSY,DUK,SO,EXC,AEP,AMT,PLD,SPG,BHP,RIO,VALE,FCX",GOOGL,156,1,BUY,-1,SELL,1.0,BUY,True,False,True,-0.22,0.22,-16.488123167777857,-0.6006792309037632,force_buy,weak_trend
LSTM3y_All_MA,LSTM3y,MA,"GOOGL,AMZN,AAPL,PEP,JNJ,PFE,MRK,ABBV,PG,KO,WMT,JPM,BAC,GS,V,XOM,CVX,COP,BP,BA,MMM,HON,GE,T,VZ,TMUS,HSY,DUK,SO,EXC,AEP,AMT,PLD,SPG,BHP,RIO,VALE,FCX",GOOGL,156,-1,SELL,-1,SELL,-1.0,SELL,True,True,True,0.0,0.0,0.0,0.0,force_sell,weak_trend
LSTM3y_All_MA,LSTM3y,MA,"GOOGL,AMZN,AAPL,PEP,JNJ,PFE,MRK,ABBV,PG,KO,WMT,JPM,BAC,GS,V,XOM,CVX,COP,BP,BA,MMM,HON,GE,T,VZ,TMUS,HSY,DUK,SO,EXC,AEP,AMT,PLD,SPG,BHP,RIO,VALE,FCX",GOOGL,173,1,BUY,-1,SELL,1.0,BUY,True,False,True,-0.16,0.16,-12.231808444368042,-0.5550634009995914,force_buy,weak_trend
LSTM3y_All_MA,LSTM3y,MA,"GOOGL,AMZN,AAPL,PEP,JNJ,PFE,MRK,ABBV,PG,KO,WMT,JPM,BAC,GS,V,XOM,CVX,COP,BP,BA,MMM,HON,GE,T,VZ,TMUS,HSY,DUK,SO,EXC,AEP,AMT,PLD,SPG,BHP,RIO,VALE,FCX",GOOGL,173,-1,SELL,-1,SELL,-1.0,SELL,True,True,True,0.0,0.0,0.0,0.0,force_sell,weak_trend
LSTM3y_All_MA,LSTM3y,MA,"GOOGL,AMZN,AAPL,PEP,JNJ,PFE,MRK,ABBV,PG,KO,WMT,JPM,BAC,GS,V,XOM,CVX,COP,BP,BA,MMM,HON,GE,T,VZ,TMUS,HSY,DUK,SO,EXC,AEP,AMT,PLD,SPG,BHP,RIO,VALE,FCX",GOOGL,241,1,BUY,1,BUY,1.0,BUY,True,True,True,0.0,0.0,0.0,0.0,force_buy,weak_trend
LSTM3y_All_MA,LSTM3y,MA,"GOOGL,AMZN,AAPL,PEP,JNJ,PFE,MRK,ABBV,PG,KO,WMT,JPM,BAC,GS,V,XOM,CVX,COP,BP,BA,MMM,HON,GE,T,VZ,TMUS,HSY,DUK,SO,EXC,AEP,AMT,PLD,SPG,BHP,RIO,VALE,FCX",GOOGL,241,-1,SELL,1,BUY,-1.0,SELL,True,False,True,0.1,0.1,8.157927117467523,1.2342185002636157,force_sell,weak_trend
LSTM3y_All_MA,LSTM3y,MA,"GOOGL,AMZN,AAPL,PEP,JNJ,PFE,MRK,ABBV,PG,KO,WMT,JPM,BAC,GS,V,XOM,CVX,COP,BP,BA,MMM,HON,GE,T,VZ,TMUS,HSY,DUK,SO,EXC,AEP,AMT,PLD,SPG,BHP,RIO,VALE,FCX",GOOGL,243,1,BUY,1,BUY,1.0,BUY,True,True,True,0.0,0.0,0.0,0.0,force_buy,weak_trend
LSTM3y_All_MA,LSTM3y,MA,"GOOGL,AMZN,AAPL,PEP,JNJ,PFE,MRK,ABBV,PG,KO,WMT,JPM,BAC,GS,V,XOM,CVX,COP,BP,BA,MMM,HON,GE,T,VZ,TMUS,HSY,DUK,SO,EXC,AEP,AMT,PLD,SPG,BHP,RIO,VALE,FCX",GOOGL,243,-1,SELL,1,BUY,-1.0,SELL,True,False,True,0.1,0.1,8.139305332275626,0.037851933537407234,force_sell,weak_trend
LSTM3y_All_MA,LSTM3y,MA,"GOOGL,AMZN,AAPL,PEP,JNJ,PFE,MRK,ABBV,PG,KO,WMT,JPM,BAC,GS,V,XOM,CVX,COP,BP,BA,MMM,HON,GE,T,VZ,TMUS,HSY,DUK,SO,EXC,AEP,AMT,PLD,SPG,BHP,RIO,VALE,FCX",GOOGL,308,1,BUY,1,BUY,1.0,BUY,True,True,True,0.0,0.0,0.0,0.0,force_buy,weak_trend
LSTM3y_All_MA,LSTM3y,MA,"GOOGL,AMZN,AAPL,PEP,JNJ,PFE,MRK,ABBV,PG,KO,WMT,JPM,BAC,GS,V,XOM,CVX,COP,BP,BA,MMM,HON,GE,T,VZ,TMUS,HSY,DUK,SO,EXC,AEP,AMT,PLD,SPG,BHP,RIO,VALE,FCX",GOOGL,308,-1,SELL,1,BUY,,NA,False,False,True,,,,,force_sell,weak_trend
LSTM3y_All_MA,LSTM3y,MA,"GOOGL,AMZN,AAPL,PEP,JNJ,PFE,MRK,ABBV,PG,KO,WMT,JPM,BAC,GS,V,XOM,CVX,COP,BP,BA,MMM,HON,GE,T,VZ,TMUS,HSY,DUK,SO,EXC,AEP,AMT,PLD,SPG,BHP,RIO,VALE,FCX",GOOGL,342,1,BUY,1,BUY,1.0,BUY,True,True,True,0.0,0.0,0.0,0.0,force_buy,weak_trend
LSTM3y_All_MA,LSTM3y,MA,"GOOGL,AMZN,AAPL,PEP,JNJ,PFE,MRK,ABBV,PG,KO,WMT,JPM,BAC,GS,V,XOM,CVX,COP,BP,BA,MMM,HON,GE,T,VZ,TMUS,HSY,DUK,SO,EXC,AEP,AMT,PLD,SPG,BHP,RIO,VALE,FCX",GOOGL,342,-1,SELL,1,BUY,,NA,False,False,True,,,,,force_sell,weak_trend
LSTM3y_All_MA,LSTM3y,MA,"GOOGL,AMZN,AAPL,PEP,JNJ,PFE,MRK,ABBV,PG,KO,WMT,JPM,BAC,GS,V,XOM,CVX,COP,BP,BA,MMM,HON,GE,T,VZ,TMUS,HSY,DUK,SO,EXC,AEP,AMT,PLD,SPG,BHP,RIO,VALE,FCX",GOOGL,343,1,BUY,1,BUY,1.0,BUY,True,True,True,0.0,0.0,0.0,0.0,force_buy,weak_trend
LSTM3y_All_MA,LSTM3y,MA,"GOOGL,AMZN,AAPL,PEP,JNJ,PFE,MRK,ABBV,PG,KO,WMT,JPM,BAC,GS,V,XOM,CVX,COP,BP,BA,MMM,HON,GE,T,VZ,TMUS,HSY,DUK,SO,EXC,AEP,AMT,PLD,SPG,BHP,RIO,VALE,FCX",GOOGL,343,-1,SELL,1,BUY,,NA,False,False,True,,,,,force_sell,weak_trend
LSTM3y_All_MA,LSTM3y,MA,"GOOGL,AMZN,AAPL,PEP,JNJ,PFE,MRK,ABBV,PG,KO,WMT,JPM,BAC,GS,V,XOM,CVX,COP,BP,BA,MMM,HON,GE,T,VZ,TMUS,HSY,DUK,SO,EXC,AEP,AMT,PLD,SPG,BHP,RIO,VALE,FCX",GOOGL,352,1,BUY,1,BUY,1.0,BUY,True,True,True,0.0,0.0,0.0,0.0,force_buy,weak_trend
LSTM3y_All_MA,LSTM3y,MA,"GOOGL,AMZN,AAPL,PEP,JNJ,PFE,MRK,ABBV,PG,KO,WMT,JPM,BAC,GS,V,XOM,CVX,COP,BP,BA,MMM,HON,GE,T,VZ,TMUS,HSY,DUK,SO,EXC,AEP,AMT,PLD,SPG,BHP,RIO,VALE,FCX",GOOGL,352,-1,SELL,1,BUY,,NA,False,False,True,,,,,force_sell,weak_trend
LSTM3y_All_MA,LSTM3y,MA,"GOOGL,AMZN,AAPL,PEP,JNJ,PFE,MRK,ABBV,PG,KO,WMT,JPM,BAC,GS,V,XOM,CVX,COP,BP,BA,MMM,HON,GE,T,VZ,TMUS,HSY,DUK,SO,EXC,AEP,AMT,PLD,SPG,BHP,RIO,VALE,FCX",GOOGL,477,1,BUY,-1,SELL,1.0,BUY,True,False,True,-0.16,0.16,-15.460149236722742,-0.7388229801500223,force_buy,weak_trend
LSTM3y_All_MA,LSTM3y,MA,"GOOGL,AMZN,AAPL,PEP,JNJ,PFE,MRK,ABBV,PG,KO,WMT,JPM,BAC,GS,V,XOM,CVX,COP,BP,BA,MMM,HON,GE,T,VZ,TMUS,HSY,DUK,SO,EXC,AEP,AMT,PLD,SPG,BHP,RIO,VALE,FCX",GOOGL,477,-1,SELL,-1,SELL,-1.0,SELL,True,True,True,0.0,0.0,0.0,0.0,force_sell,weak_trend
LSTM3y_All_MA,LSTM3y,MA,"GOOGL,AMZN,AAPL,PEP,JNJ,PFE,MRK,ABBV,PG,KO,WMT,JPM,BAC,GS,V,XOM,CVX,COP,BP,BA,MMM,HON,GE,T,VZ,TMUS,HSY,DUK,SO,EXC,AEP,AMT,PLD,SPG,BHP,RIO,VALE,FCX",GOOGL,97,1,BUY,1,BUY,1.0,BUY,True,True,True,0.0,0.0,0.0,0.0,force_buy,near_strategy_boundary
LSTM3y_All_MA,LSTM3y,MA,"GOOGL,AMZN,AAPL,PEP,JNJ,PFE,MRK,ABBV,PG,KO,WMT,JPM,BAC,GS,V,XOM,CVX,COP,BP,BA,MMM,HON,GE,T,VZ,TMUS,HSY,DUK,SO,EXC,AEP,AMT,PLD,SPG,BHP,RIO,VALE,FCX",GOOGL,97,-1,SELL,1,BUY,-1.0,SELL,True,False,True,0.02,0.02,1.507010209712334,0.01368596152976842,force_sell,near_strategy_boundary
LSTM3y_All_MA,LSTM3y,MA,"GOOGL,AMZN,AAPL,PEP,JNJ,PFE,MRK,ABBV,PG,KO,WMT,JPM,BAC,GS,V,XOM,CVX,COP,BP,BA,MMM,HON,GE,T,VZ,TMUS,HSY,DUK,SO,EXC,AEP,AMT,PLD,SPG,BHP,RIO,VALE,FCX",GOOGL,104,1,BUY,-1,SELL,1.0,BUY,True,False,True,-0.03,0.03,-2.25912826157888,-0.5297887532139605,force_buy,near_strategy_boundary
LSTM3y_All_MA,LSTM3y,MA,"GOOGL,AMZN,AAPL,PEP,JNJ,PFE,MRK,ABBV,PG,KO,WMT,JPM,BAC,GS,V,XOM,CVX,COP,BP,BA,MMM,HON,GE,T,VZ,TMUS,HSY,DUK,SO,EXC,AEP,AMT,PLD,SPG,BHP,RIO,VALE,FCX",GOOGL,104,-1,SELL,-1,SELL,-1.0,SELL,True,True,True,0.0,0.0,0.0,0.0,force_sell,near_strategy_boundary
LSTM3y_All_MA,LSTM3y,MA,"GOOGL,AMZN,AAPL,PEP,JNJ,PFE,MRK,ABBV,PG,KO,WMT,JPM,BAC,GS,V,XOM,CVX,COP,BP,BA,MMM,HON,GE,T,VZ,TMUS,HSY,DUK,SO,EXC,AEP,AMT,PLD,SPG,BHP,RIO,VALE,FCX",GOOGL,127,1,BUY,1,BUY,1.0,BUY,True,True,True,0.0,0.0,0.0,0.0,force_buy,near_strategy_boundary
LSTM3y_All_MA,LSTM3y,MA,"GOOGL,AMZN,AAPL,PEP,JNJ,PFE,MRK,ABBV,PG,KO,WMT,JPM,BAC,GS,V,XOM,CVX,COP,BP,BA,MMM,HON,GE,T,VZ,TMUS,HSY,DUK,SO,EXC,AEP,AMT,PLD,SPG,BHP,RIO,VALE,FCX",GOOGL,127,-1,SELL,1,BUY,-1.0,SELL,True,False,True,0.01,0.01,0.7663892375713743,0.04651234944605598,force_sell,near_strategy_boundary
LSTM3y_All_MA,LSTM3y,MA,"GOOGL,AMZN,AAPL,PEP,JNJ,PFE,MRK,ABBV,PG,KO,WMT,JPM,BAC,GS,V,XOM,CVX,COP,BP,BA,MMM,HON,GE,T,VZ,TMUS,HSY,DUK,SO,EXC,AEP,AMT,PLD,SPG,BHP,RIO,VALE,FCX",GOOGL,245,1,BUY,1,BUY,1.0,BUY,True,True,True,0.0,0.0,0.0,0.0,force_buy,near_strategy_boundary
LSTM3y_All_MA,LSTM3y,MA,"GOOGL,AMZN,AAPL,PEP,JNJ,PFE,MRK,ABBV,PG,KO,WMT,JPM,BAC,GS,V,XOM,CVX,COP,BP,BA,MMM,HON,GE,T,VZ,TMUS,HSY,DUK,SO,EXC,AEP,AMT,PLD,SPG,BHP,RIO,VALE,FCX",GOOGL,245,-1,SELL,1,BUY,-1.0,SELL,True,False,True,0.02,0.02,1.6110108767300346,-0.581415963673436,force_sell,near_strategy_boundary
LSTM3y_All_MA,LSTM3y,MA,"GOOGL,AMZN,AAPL,PEP,JNJ,PFE,MRK,ABBV,PG,KO,WMT,JPM,BAC,GS,V,XOM,CVX,COP,BP,BA,MMM,HON,GE,T,VZ,TMUS,HSY,DUK,SO,EXC,AEP,AMT,PLD,SPG,BHP,RIO,VALE,FCX",GOOGL,272,1,BUY,-1,SELL,1.0,BUY,True,False,True,-0.02,0.02,-1.6601521826480337,-0.15652137183389137,force_buy,near_strategy_boundary
LSTM3y_All_MA,LSTM3y,MA,"GOOGL,AMZN,AAPL,PEP,JNJ,PFE,MRK,ABBV,PG,KO,WMT,JPM,BAC,GS,V,XOM,CVX,COP,BP,BA,MMM,HON,GE,T,VZ,TMUS,HSY,DUK,SO,EXC,AEP,AMT,PLD,SPG,BHP,RIO,VALE,FCX",GOOGL,272,-1,SELL,-1,SELL,-1.0,SELL,True,True,True,0.0,0.0,0.0,0.0,force_sell,near_strategy_boundary
LSTM3y_All_MA,LSTM3y,MA,"GOOGL,AMZN,AAPL,PEP,JNJ,PFE,MRK,ABBV,PG,KO,WMT,JPM,BAC,GS,V,XOM,CVX,COP,BP,BA,MMM,HON,GE,T,VZ,TMUS,HSY,DUK,SO,EXC,AEP,AMT,PLD,SPG,BHP,RIO,VALE,FCX",GOOGL,283,1,BUY,1,BUY,1.0,BUY,True,True,True,0.0,0.0,0.0,0.0,force_buy,near_strategy_boundary
LSTM3y_All_MA,LSTM3y,MA,"GOOGL,AMZN,AAPL,PEP,JNJ,PFE,MRK,ABBV,PG,KO,WMT,JPM,BAC,GS,V,XOM,CVX,COP,BP,BA,MMM,HON,GE,T,VZ,TMUS,HSY,DUK,SO,EXC,AEP,AMT,PLD,SPG,BHP,RIO,VALE,FCX",GOOGL,283,-1,SELL,1,BUY,-1.0,SELL,True,False,True,0.01,0.01,0.8484757738393967,0.0,force_sell,near_strategy_boundary
LSTM3y_All_MA,LSTM3y,MA,"GOOGL,AMZN,AAPL,PEP,JNJ,PFE,MRK,ABBV,PG,KO,WMT,JPM,BAC,GS,V,XOM,CVX,COP,BP,BA,MMM,HON,GE,T,VZ,TMUS,HSY,DUK,SO,EXC,AEP,AMT,PLD,SPG,BHP,RIO,VALE,FCX",GOOGL,286,1,BUY,1,BUY,1.0,BUY,True,True,True,0.0,0.0,0.0,0.0,force_buy,near_strategy_boundary
LSTM3y_All_MA,LSTM3y,MA,"GOOGL,AMZN,AAPL,PEP,JNJ,PFE,MRK,ABBV,PG,KO,WMT,JPM,BAC,GS,V,XOM,CVX,COP,BP,BA,MMM,HON,GE,T,VZ,TMUS,HSY,DUK,SO,EXC,AEP,AMT,PLD,SPG,BHP,RIO,VALE,FCX",GOOGL,286,-1,SELL,1,BUY,-1.0,SELL,True,False,True,0.02,0.02,1.7182385649888943,-0.10888680665565964,force_sell,near_strategy_boundary
LSTM3y_All_MA,LSTM3y,MA,"GOOGL,AMZN,AAPL,PEP,JNJ,PFE,MRK,ABBV,PG,KO,WMT,JPM,BAC,GS,V,XOM,CVX,COP,BP,BA,MMM,HON,GE,T,VZ,TMUS,HSY,DUK,SO,EXC,AEP,AMT,PLD,SPG,BHP,RIO,VALE,FCX",GOOGL,288,1,BUY,0,HOLD,1.0,BUY,True,False,True,-0.01,0.01,-0.8307511092624509,-0.0214428542675158,force_buy,near_strategy_boundary
LSTM3y_All_MA,LSTM3y,MA,"GOOGL,AMZN,AAPL,PEP,JNJ,PFE,MRK,ABBV,PG,KO,WMT,JPM,BAC,GS,V,XOM,CVX,COP,BP,BA,MMM,HON,GE,T,VZ,TMUS,HSY,DUK,SO,EXC,AEP,AMT,PLD,SPG,BHP,RIO,VALE,FCX",GOOGL,288,-1,SELL,0,HOLD,-1.0,SELL,True,False,True,0.01,0.01,0.871670261194879,-0.715457480805938,force_sell,near_strategy_boundary
LSTM3y_All_MA,LSTM3y,MA,"GOOGL,AMZN,AAPL,PEP,JNJ,PFE,MRK,ABBV,PG,KO,WMT,JPM,BAC,GS,V,XOM,CVX,COP,BP,BA,MMM,HON,GE,T,VZ,TMUS,HSY,DUK,SO,EXC,AEP,AMT,PLD,SPG,BHP,RIO,VALE,FCX",GOOGL,413,1,BUY,0,HOLD,1.0,BUY,True,False,True,-0.01,0.01,-0.9666431076553295,-0.005523294529133693,force_buy,near_strategy_boundary
LSTM3y_All_MA,LSTM3y,MA,"GOOGL,AMZN,AAPL,PEP,JNJ,PFE,MRK,ABBV,PG,KO,WMT,JPM,BAC,GS,V,XOM,CVX,COP,BP,BA,MMM,HON,GE,T,VZ,TMUS,HSY,DUK,SO,EXC,AEP,AMT,PLD,SPG,BHP,RIO,VALE,FCX",GOOGL,413,-1,SELL,0,HOLD,-1.0,SELL,True,False,True,0.01,0.01,0.9443196111881491,-0.5426223117840898,force_sell,near_strategy_boundary
LSTM3y_All_MA,LSTM3y,MA,"GOOGL,AMZN,AAPL,PEP,JNJ,PFE,MRK,ABBV,PG,KO,WMT,JPM,BAC,GS,V,XOM,CVX,COP,BP,BA,MMM,HON,GE,T,VZ,TMUS,HSY,DUK,SO,EXC,AEP,AMT,PLD,SPG,BHP,RIO,VALE,FCX",GOOGL,461,1,BUY,1,BUY,1.0,BUY,True,True,True,0.0,0.0,0.0,0.0,force_buy,near_strategy_boundary
LSTM3y_All_MA,LSTM3y,MA,"GOOGL,AMZN,AAPL,PEP,JNJ,PFE,MRK,ABBV,PG,KO,WMT,JPM,BAC,GS,V,XOM,CVX,COP,BP,BA,MMM,HON,GE,T,VZ,TMUS,HSY,DUK,SO,EXC,AEP,AMT,PLD,SPG,BHP,RIO,VALE,FCX",GOOGL,461,-1,SELL,1,BUY,,NA,False,False,True,,,,,force_sell,near_strategy_boundary
LSTM3y_All_MA,LSTM3y,MA,"GOOGL,AMZN,AAPL,PEP,JNJ,PFE,MRK,ABBV,PG,KO,WMT,JPM,BAC,GS,V,XOM,CVX,COP,BP,BA,MMM,HON,GE,T,VZ,TMUS,HSY,DUK,SO,EXC,AEP,AMT,PLD,SPG,BHP,RIO,VALE,FCX",GOOGL,471,1,BUY,1,BUY,1.0,BUY,True,True,True,0.0,0.0,0.0,0.0,force_buy,near_strategy_boundary
LSTM3y_All_MA,LSTM3y,MA,"GOOGL,AMZN,AAPL,PEP,JNJ,PFE,MRK,ABBV,PG,KO,WMT,JPM,BAC,GS,V,XOM,CVX,COP,BP,BA,MMM,HON,GE,T,VZ,TMUS,HSY,DUK,SO,EXC,AEP,AMT,PLD,SPG,BHP,RIO,VALE,FCX",GOOGL,471,-1,SELL,1,BUY,,NA,False,False,True,,,,,force_sell,near_strategy_boundary
LSTM3y_All_MA,LSTM3y,MA,"GOOGL,AMZN,AAPL,PEP,JNJ,PFE,MRK,ABBV,PG,KO,WMT,JPM,BAC,GS,V,XOM,CVX,COP,BP,BA,MMM,HON,GE,T,VZ,TMUS,HSY,DUK,SO,EXC,AEP,AMT,PLD,SPG,BHP,RIO,VALE,FCX",GOOGL,487,1,BUY,1,BUY,1.0,BUY,True,True,True,0.0,0.0,0.0,0.0,force_buy,near_strategy_boundary
LSTM3y_All_MA,LSTM3y,MA,"GOOGL,AMZN,AAPL,PEP,JNJ,PFE,MRK,ABBV,PG,KO,WMT,JPM,BAC,GS,V,XOM,CVX,COP,BP,BA,MMM,HON,GE,T,VZ,TMUS,HSY,DUK,SO,EXC,AEP,AMT,PLD,SPG,BHP,RIO,VALE,FCX",GOOGL,487,-1,SELL,1,BUY,-1.0,SELL,True,False,True,0.02,0.02,1.6921959374286644,-0.0003306805751872588,force_sell,near_strategy_boundary
LSTM13y_All_MA,LSTM,MA,"GOOGL,AMZN,AAPL,PEP,JNJ,PFE,MRK,ABBV,PG,KO,WMT,JPM,BAC,GS,V,XOM,CVX,COP,BP,BA,MMM,HON,GE,T,VZ,TMUS,HSY,DUK,SO,EXC,AEP,AMT,PLD,SPG,BHP,RIO,VALE,FCX",GOOGL,30,1,BUY,-1,SELL,,NA,False,False,True,,,,,force_buy,uniform
LSTM13y_All_MA,LSTM,MA,"GOOGL,AMZN,AAPL,PEP,JNJ,PFE,MRK,ABBV,PG,KO,WMT,JPM,BAC,GS,V,XOM,CVX,COP,BP,BA,MMM,HON,GE,T,VZ,TMUS,HSY,DUK,SO,EXC,AEP,AMT,PLD,SPG,BHP,RIO,VALE,FCX",GOOGL,30,-1,SELL,-1,SELL,-1.0,SELL,True,True,True,0.0,0.0,0.0,0.0,force_sell,uniform
LSTM13y_All_MA,LSTM,MA,"GOOGL,AMZN,AAPL,PEP,JNJ,PFE,MRK,ABBV,PG,KO,WMT,JPM,BAC,GS,V,XOM,CVX,COP,BP,BA,MMM,HON,GE,T,VZ,TMUS,HSY,DUK,SO,EXC,AEP,AMT,PLD,SPG,BHP,RIO,VALE,FCX",GOOGL,74,1,BUY,1,BUY,1.0,BUY,True,True,True,0.0,0.0,0.0,0.0,force_buy,uniform
LSTM13y_All_MA,LSTM,MA,"GOOGL,AMZN,AAPL,PEP,JNJ,PFE,MRK,ABBV,PG,KO,WMT,JPM,BAC,GS,V,XOM,CVX,COP,BP,BA,MMM,HON,GE,T,VZ,TMUS,HSY,DUK,SO,EXC,AEP,AMT,PLD,SPG,BHP,RIO,VALE,FCX",GOOGL,74,-1,SELL,1,BUY,,NA,False,False,True,,,,,force_sell,uniform
LSTM13y_All_MA,LSTM,MA,"GOOGL,AMZN,AAPL,PEP,JNJ,PFE,MRK,ABBV,PG,KO,WMT,JPM,BAC,GS,V,XOM,CVX,COP,BP,BA,MMM,HON,GE,T,VZ,TMUS,HSY,DUK,SO,EXC,AEP,AMT,PLD,SPG,BHP,RIO,VALE,FCX",GOOGL,118,1,BUY,1,BUY,1.0,BUY,True,True,True,0.0,0.0,0.0,0.0,force_buy,uniform
LSTM13y_All_MA,LSTM,MA,"GOOGL,AMZN,AAPL,PEP,JNJ,PFE,MRK,ABBV,PG,KO,WMT,JPM,BAC,GS,V,XOM,CVX,COP,BP,BA,MMM,HON,GE,T,VZ,TMUS,HSY,DUK,SO,EXC,AEP,AMT,PLD,SPG,BHP,RIO,VALE,FCX",GOOGL,118,-1,SELL,1,BUY,,NA,False,False,True,,,,,force_sell,uniform
LSTM13y_All_MA,LSTM,MA,"GOOGL,AMZN,AAPL,PEP,JNJ,PFE,MRK,ABBV,PG,KO,WMT,JPM,BAC,GS,V,XOM,CVX,COP,BP,BA,MMM,HON,GE,T,VZ,TMUS,HSY,DUK,SO,EXC,AEP,AMT,PLD,SPG,BHP,RIO,VALE,FCX",GOOGL,162,1,BUY,-1,SELL,,NA,False,False,True,,,,,force_buy,uniform
LSTM13y_All_MA,LSTM,MA,"GOOGL,AMZN,AAPL,PEP,JNJ,PFE,MRK,ABBV,PG,KO,WMT,JPM,BAC,GS,V,XOM,CVX,COP,BP,BA,MMM,HON,GE,T,VZ,TMUS,HSY,DUK,SO,EXC,AEP,AMT,PLD,SPG,BHP,RIO,VALE,FCX",GOOGL,162,-1,SELL,-1,SELL,-1.0,SELL,True,True,True,0.0,0.0,0.0,0.0,force_sell,uniform
LSTM13y_All_MA,LSTM,MA,"GOOGL,AMZN,AAPL,PEP,JNJ,PFE,MRK,ABBV,PG,KO,WMT,JPM,BAC,GS,V,XOM,CVX,COP,BP,BA,MMM,HON,GE,T,VZ,TMUS,HSY,DUK,SO,EXC,AEP,AMT,PLD,SPG,BHP,RIO,VALE,FCX",GOOGL,206,1,BUY,1,BUY,1.0,BUY,True,True,True,0.0,0.0,0.0,0.0,force_buy,uniform
LSTM13y_All_MA,LSTM,MA,"GOOGL,AMZN,AAPL,PEP,JNJ,PFE,MRK,ABBV,PG,KO,WMT,JPM,BAC,GS,V,XOM,CVX,COP,BP,BA,MMM,HON,GE,T,VZ,TMUS,HSY,DUK,SO,EXC,AEP,AMT,PLD,SPG,BHP,RIO,VALE,FCX",GOOGL,206,-1,SELL,1,BUY,,NA,False,False,True,,,,,force_sell,uniform
LSTM13y_All_MA,LSTM,MA,"GOOGL,AMZN,AAPL,PEP,JNJ,PFE,MRK,ABBV,PG,KO,WMT,JPM,BAC,GS,V,XOM,CVX,COP,BP,BA,MMM,HON,GE,T,VZ,TMUS,HSY,DUK,SO,EXC,AEP,AMT,PLD,SPG,BHP,RIO,VALE,FCX",GOOGL,250,1,BUY,1,BUY,1.0,BUY,True,True,True,0.0,0.0,0.0,0.0,force_buy,uniform
LSTM13y_All_MA,LSTM,MA,"GOOGL,AMZN,AAPL,PEP,JNJ,PFE,MRK,ABBV,PG,KO,WMT,JPM,BAC,GS,V,XOM,CVX,COP,BP,BA,MMM,HON,GE,T,VZ,TMUS,HSY,DUK,SO,EXC,AEP,AMT,PLD,SPG,BHP,RIO,VALE,FCX",GOOGL,250,-1,SELL,1,BUY,,NA,False,False,True,,,,,force_sell,uniform
LSTM13y_All_MA,LSTM,MA,"GOOGL,AMZN,AAPL,PEP,JNJ,PFE,MRK,ABBV,PG,KO,WMT,JPM,BAC,GS,V,XOM,CVX,COP,BP,BA,MMM,HON,GE,T,VZ,TMUS,HSY,DUK,SO,EXC,AEP,AMT,PLD,SPG,BHP,RIO,VALE,FCX",GOOGL,294,1,BUY,-1,SELL,1.0,BUY,True,False,True,-0.2,0.2,-9.255454025907994,0.6294079029396222,force_buy,uniform
LSTM13y_All_MA,LSTM,MA,"GOOGL,AMZN,AAPL,PEP,JNJ,PFE,MRK,ABBV,PG,KO,WMT,JPM,BAC,GS,V,XOM,CVX,COP,BP,BA,MMM,HON,GE,T,VZ,TMUS,HSY,DUK,SO,EXC,AEP,AMT,PLD,SPG,BHP,RIO,VALE,FCX",GOOGL,294,-1,SELL,-1,SELL,-1.0,SELL,True,True,True,0.0,0.0,0.0,0.0,force_sell,uniform
LSTM13y_All_MA,LSTM,MA,"GOOGL,AMZN,AAPL,PEP,JNJ,PFE,MRK,ABBV,PG,KO,WMT,JPM,BAC,GS,V,XOM,CVX,COP,BP,BA,MMM,HON,GE,T,VZ,TMUS,HSY,DUK,SO,EXC,AEP,AMT,PLD,SPG,BHP,RIO,VALE,FCX",GOOGL,338,1,BUY,1,BUY,1.0,BUY,True,True,True,0.0,0.0,0.0,0.0,force_buy,uniform
LSTM13y_All_MA,LSTM,MA,"GOOGL,AMZN,AAPL,PEP,JNJ,PFE,MRK,ABBV,PG,KO,WMT,JPM,BAC,GS,V,XOM,CVX,COP,BP,BA,MMM,HON,GE,T,VZ,TMUS,HSY,DUK,SO,EXC,AEP,AMT,PLD,SPG,BHP,RIO,VALE,FCX",GOOGL,338,-1,SELL,1,BUY,,NA,False,False,True,,,,,force_sell,uniform
LSTM13y_All_MA,LSTM,MA,"GOOGL,AMZN,AAPL,PEP,JNJ,PFE,MRK,ABBV,PG,KO,WMT,JPM,BAC,GS,V,XOM,CVX,COP,BP,BA,MMM,HON,GE,T,VZ,TMUS,HSY,DUK,SO,EXC,AEP,AMT,PLD,SPG,BHP,RIO,VALE,FCX",GOOGL,382,1,BUY,1,BUY,1.0,BUY,True,True,True,0.0,0.0,0.0,0.0,force_buy,uniform
LSTM13y_All_MA,LSTM,MA,"GOOGL,AMZN,AAPL,PEP,JNJ,PFE,MRK,ABBV,PG,KO,WMT,JPM,BAC,GS,V,XOM,CVX,COP,BP,BA,MMM,HON,GE,T,VZ,TMUS,HSY,DUK,SO,EXC,AEP,AMT,PLD,SPG,BHP,RIO,VALE,FCX",GOOGL,382,-1,SELL,1,BUY,,NA,False,False,True,,,,,force_sell,uniform
LSTM13y_All_MA,LSTM,MA,"GOOGL,AMZN,AAPL,PEP,JNJ,PFE,MRK,ABBV,PG,KO,WMT,JPM,BAC,GS,V,XOM,CVX,COP,BP,BA,MMM,HON,GE,T,VZ,TMUS,HSY,DUK,SO,EXC,AEP,AMT,PLD,SPG,BHP,RIO,VALE,FCX",GOOGL,426,1,BUY,-1,SELL,,NA,False,False,True,,,,,force_buy,uniform
LSTM13y_All_MA,LSTM,MA,"GOOGL,AMZN,AAPL,PEP,JNJ,PFE,MRK,ABBV,PG,KO,WMT,JPM,BAC,GS,V,XOM,CVX,COP,BP,BA,MMM,HON,GE,T,VZ,TMUS,HSY,DUK,SO,EXC,AEP,AMT,PLD,SPG,BHP,RIO,VALE,FCX",GOOGL,426,-1,SELL,-1,SELL,-1.0,SELL,True,True,True,0.0,0.0,0.0,0.0,force_sell,uniform
LSTM13y_All_MA,LSTM,MA,"GOOGL,AMZN,AAPL,PEP,JNJ,PFE,MRK,ABBV,PG,KO,WMT,JPM,BAC,GS,V,XOM,CVX,COP,BP,BA,MMM,HON,GE,T,VZ,TMUS,HSY,DUK,SO,EXC,AEP,AMT,PLD,SPG,BHP,RIO,VALE,FCX",GOOGL,470,1,BUY,-1,SELL,,NA,False,False,True,,,,,force_buy,uniform
LSTM13y_All_MA,LSTM,MA,"GOOGL,AMZN,AAPL,PEP,JNJ,PFE,MRK,ABBV,PG,KO,WMT,JPM,BAC,GS,V,XOM,CVX,COP,BP,BA,MMM,HON,GE,T,VZ,TMUS,HSY,DUK,SO,EXC,AEP,AMT,PLD,SPG,BHP,RIO,VALE,FCX",GOOGL,470,-1,SELL,-1,SELL,-1.0,SELL,True,True,True,0.0,0.0,0.0,0.0,force_sell,uniform
LSTM13y_All_MA,LSTM,MA,"GOOGL,AMZN,AAPL,PEP,JNJ,PFE,MRK,ABBV,PG,KO,WMT,JPM,BAC,GS,V,XOM,CVX,COP,BP,BA,MMM,HON,GE,T,VZ,TMUS,HSY,DUK,SO,EXC,AEP,AMT,PLD,SPG,BHP,RIO,VALE,FCX",GOOGL,514,1,BUY,1,BUY,1.0,BUY,True,True,True,0.0,0.0,0.0,0.0,force_buy,uniform
LSTM13y_All_MA,LSTM,MA,"GOOGL,AMZN,AAPL,PEP,JNJ,PFE,MRK,ABBV,PG,KO,WMT,JPM,BAC,GS,V,XOM,CVX,COP,BP,BA,MMM,HON,GE,T,VZ,TMUS,HSY,DUK,SO,EXC,AEP,AMT,PLD,SPG,BHP,RIO,VALE,FCX",GOOGL,514,-1,SELL,1,BUY,,NA,False,False,True,,,,,force_sell,uniform
LSTM13y_All_MA,LSTM,MA,"GOOGL,AMZN,AAPL,PEP,JNJ,PFE,MRK,ABBV,PG,KO,WMT,JPM,BAC,GS,V,XOM,CVX,COP,BP,BA,MMM,HON,GE,T,VZ,TMUS,HSY,DUK,SO,EXC,AEP,AMT,PLD,SPG,BHP,RIO,VALE,FCX",GOOGL,47,1,BUY,-1,SELL,1.0,BUY,True,False,True,-0.28,0.28,-11.805371305455381,2.252805536784308e-06,force_buy,high_volatility
LSTM13y_All_MA,LSTM,MA,"GOOGL,AMZN,AAPL,PEP,JNJ,PFE,MRK,ABBV,PG,KO,WMT,JPM,BAC,GS,V,XOM,CVX,COP,BP,BA,MMM,HON,GE,T,VZ,TMUS,HSY,DUK,SO,EXC,AEP,AMT,PLD,SPG,BHP,RIO,VALE,FCX",GOOGL,47,-1,SELL,-1,SELL,-1.0,SELL,True,True,True,0.0,0.0,0.0,0.0,force_sell,high_volatility
LSTM13y_All_MA,LSTM,MA,"GOOGL,AMZN,AAPL,PEP,JNJ,PFE,MRK,ABBV,PG,KO,WMT,JPM,BAC,GS,V,XOM,CVX,COP,BP,BA,MMM,HON,GE,T,VZ,TMUS,HSY,DUK,SO,EXC,AEP,AMT,PLD,SPG,BHP,RIO,VALE,FCX",GOOGL,48,1,BUY,1,BUY,1.0,BUY,True,True,True,0.0,0.0,0.0,0.0,force_buy,high_volatility
LSTM13y_All_MA,LSTM,MA,"GOOGL,AMZN,AAPL,PEP,JNJ,PFE,MRK,ABBV,PG,KO,WMT,JPM,BAC,GS,V,XOM,CVX,COP,BP,BA,MMM,HON,GE,T,VZ,TMUS,HSY,DUK,SO,EXC,AEP,AMT,PLD,SPG,BHP,RIO,VALE,FCX",GOOGL,48,-1,SELL,1,BUY,-1.0,SELL,True,False,True,0.02,0.02,0.838428893942833,-0.1878260317837075,force_sell,high_volatility
LSTM13y_All_MA,LSTM,MA,"GOOGL,AMZN,AAPL,PEP,JNJ,PFE,MRK,ABBV,PG,KO,WMT,JPM,BAC,GS,V,XOM,CVX,COP,BP,BA,MMM,HON,GE,T,VZ,TMUS,HSY,DUK,SO,EXC,AEP,AMT,PLD,SPG,BHP,RIO,VALE,FCX",GOOGL,49,1,BUY,1,BUY,1.0,BUY,True,True,True,0.0,0.0,0.0,0.0,force_buy,high_volatility
LSTM13y_All_MA,LSTM,MA,"GOOGL,AMZN,AAPL,PEP,JNJ,PFE,MRK,ABBV,PG,KO,WMT,JPM,BAC,GS,V,XOM,CVX,COP,BP,BA,MMM,HON,GE,T,VZ,TMUS,HSY,DUK,SO,EXC,AEP,AMT,PLD,SPG,BHP,RIO,VALE,FCX",GOOGL,49,-1,SELL,1,BUY,,NA,False,False,True,,,,,force_sell,high_volatility
LSTM13y_All_MA,LSTM,MA,"GOOGL,AMZN,AAPL,PEP,JNJ,PFE,MRK,ABBV,PG,KO,WMT,JPM,BAC,GS,V,XOM,CVX,COP,BP,BA,MMM,HON,GE,T,VZ,TMUS,HSY,DUK,SO,EXC,AEP,AMT,PLD,SPG,BHP,RIO,VALE,FCX",GOOGL,50,1,BUY,1,BUY,1.0,BUY,True,True,True,0.0,0.0,0.0,0.0,force_buy,high_volatility
LSTM13y_All_MA,LSTM,MA,"GOOGL,AMZN,AAPL,PEP,JNJ,PFE,MRK,ABBV,PG,KO,WMT,JPM,BAC,GS,V,XOM,CVX,COP,BP,BA,MMM,HON,GE,T,VZ,TMUS,HSY,DUK,SO,EXC,AEP,AMT,PLD,SPG,BHP,RIO,VALE,FCX",GOOGL,50,-1,SELL,1,BUY,,NA,False,False,True,,,,,force_sell,high_volatility
LSTM13y_All_MA,LSTM,MA,"GOOGL,AMZN,AAPL,PEP,JNJ,PFE,MRK,ABBV,PG,KO,WMT,JPM,BAC,GS,V,XOM,CVX,COP,BP,BA,MMM,HON,GE,T,VZ,TMUS,HSY,DUK,SO,EXC,AEP,AMT,PLD,SPG,BHP,RIO,VALE,FCX",GOOGL,51,1,BUY,1,BUY,1.0,BUY,True,True,True,0.0,0.0,0.0,0.0,force_buy,high_volatility
LSTM13y_All_MA,LSTM,MA,"GOOGL,AMZN,AAPL,PEP,JNJ,PFE,MRK,ABBV,PG,KO,WMT,JPM,BAC,GS,V,XOM,CVX,COP,BP,BA,MMM,HON,GE,T,VZ,TMUS,HSY,DUK,SO,EXC,AEP,AMT,PLD,SPG,BHP,RIO,VALE,FCX",GOOGL,51,-1,SELL,1,BUY,,NA,False,False,True,,,,,force_sell,high_volatility
LSTM13y_All_MA,LSTM,MA,"GOOGL,AMZN,AAPL,PEP,JNJ,PFE,MRK,ABBV,PG,KO,WMT,JPM,BAC,GS,V,XOM,CVX,COP,BP,BA,MMM,HON,GE,T,VZ,TMUS,HSY,DUK,SO,EXC,AEP,AMT,PLD,SPG,BHP,RIO,VALE,FCX",GOOGL,52,1,BUY,1,BUY,1.0,BUY,True,True,True,0.0,0.0,0.0,0.0,force_buy,high_volatility
LSTM13y_All_MA,LSTM,MA,"GOOGL,AMZN,AAPL,PEP,JNJ,PFE,MRK,ABBV,PG,KO,WMT,JPM,BAC,GS,V,XOM,CVX,COP,BP,BA,MMM,HON,GE,T,VZ,TMUS,HSY,DUK,SO,EXC,AEP,AMT,PLD,SPG,BHP,RIO,VALE,FCX",GOOGL,52,-1,SELL,1,BUY,,NA,False,False,True,,,,,force_sell,high_volatility
LSTM13y_All_MA,LSTM,MA,"GOOGL,AMZN,AAPL,PEP,JNJ,PFE,MRK,ABBV,PG,KO,WMT,JPM,BAC,GS,V,XOM,CVX,COP,BP,BA,MMM,HON,GE,T,VZ,TMUS,HSY,DUK,SO,EXC,AEP,AMT,PLD,SPG,BHP,RIO,VALE,FCX",GOOGL,53,1,BUY,1,BUY,1.0,BUY,True,True,True,0.0,0.0,0.0,0.0,force_buy,high_volatility
LSTM13y_All_MA,LSTM,MA,"GOOGL,AMZN,AAPL,PEP,JNJ,PFE,MRK,ABBV,PG,KO,WMT,JPM,BAC,GS,V,XOM,CVX,COP,BP,BA,MMM,HON,GE,T,VZ,TMUS,HSY,DUK,SO,EXC,AEP,AMT,PLD,SPG,BHP,RIO,VALE,FCX",GOOGL,53,-1,SELL,1,BUY,,NA,False,False,True,,,,,force_sell,high_volatility
LSTM13y_All_MA,LSTM,MA,"GOOGL,AMZN,AAPL,PEP,JNJ,PFE,MRK,ABBV,PG,KO,WMT,JPM,BAC,GS,V,XOM,CVX,COP,BP,BA,MMM,HON,GE,T,VZ,TMUS,HSY,DUK,SO,EXC,AEP,AMT,PLD,SPG,BHP,RIO,VALE,FCX",GOOGL,54,1,BUY,1,BUY,1.0,BUY,True,True,True,0.0,0.0,0.0,0.0,force_buy,high_volatility
LSTM13y_All_MA,LSTM,MA,"GOOGL,AMZN,AAPL,PEP,JNJ,PFE,MRK,ABBV,PG,KO,WMT,JPM,BAC,GS,V,XOM,CVX,COP,BP,BA,MMM,HON,GE,T,VZ,TMUS,HSY,DUK,SO,EXC,AEP,AMT,PLD,SPG,BHP,RIO,VALE,FCX",GOOGL,54,-1,SELL,1,BUY,,NA,False,False,True,,,,,force_sell,high_volatility
LSTM13y_All_MA,LSTM,MA,"GOOGL,AMZN,AAPL,PEP,JNJ,PFE,MRK,ABBV,PG,KO,WMT,JPM,BAC,GS,V,XOM,CVX,COP,BP,BA,MMM,HON,GE,T,VZ,TMUS,HSY,DUK,SO,EXC,AEP,AMT,PLD,SPG,BHP,RIO,VALE,FCX",GOOGL,276,1,BUY,-1,SELL,1.0,BUY,True,False,True,-0.35,0.35,-16.118330921285917,0.5199922486667052,force_buy,high_volatility
LSTM13y_All_MA,LSTM,MA,"GOOGL,AMZN,AAPL,PEP,JNJ,PFE,MRK,ABBV,PG,KO,WMT,JPM,BAC,GS,V,XOM,CVX,COP,BP,BA,MMM,HON,GE,T,VZ,TMUS,HSY,DUK,SO,EXC,AEP,AMT,PLD,SPG,BHP,RIO,VALE,FCX",GOOGL,276,-1,SELL,-1,SELL,-1.0,SELL,True,True,True,0.0,0.0,0.0,0.0,force_sell,high_volatility
LSTM13y_All_MA,LSTM,MA,"GOOGL,AMZN,AAPL,PEP,JNJ,PFE,MRK,ABBV,PG,KO,WMT,JPM,BAC,GS,V,XOM,CVX,COP,BP,BA,MMM,HON,GE,T,VZ,TMUS,HSY,DUK,SO,EXC,AEP,AMT,PLD,SPG,BHP,RIO,VALE,FCX",GOOGL,277,1,BUY,-1,SELL,1.0,BUY,True,False,True,-0.18,0.18,-8.37975978680916,0.1419716725875766,force_buy,high_volatility
LSTM13y_All_MA,LSTM,MA,"GOOGL,AMZN,AAPL,PEP,JNJ,PFE,MRK,ABBV,PG,KO,WMT,JPM,BAC,GS,V,XOM,CVX,COP,BP,BA,MMM,HON,GE,T,VZ,TMUS,HSY,DUK,SO,EXC,AEP,AMT,PLD,SPG,BHP,RIO,VALE,FCX",GOOGL,277,-1,SELL,-1,SELL,-1.0,SELL,True,True,True,0.0,0.0,0.0,0.0,force_sell,high_volatility
LSTM13y_All_MA,LSTM,MA,"GOOGL,AMZN,AAPL,PEP,JNJ,PFE,MRK,ABBV,PG,KO,WMT,JPM,BAC,GS,V,XOM,CVX,COP,BP,BA,MMM,HON,GE,T,VZ,TMUS,HSY,DUK,SO,EXC,AEP,AMT,PLD,SPG,BHP,RIO,VALE,FCX",GOOGL,278,1,BUY,-1,SELL,1.0,BUY,True,False,True,-0.23,0.23,-10.676048874637445,0.26539754108146774,force_buy,high_volatility
LSTM13y_All_MA,LSTM,MA,"GOOGL,AMZN,AAPL,PEP,JNJ,PFE,MRK,ABBV,PG,KO,WMT,JPM,BAC,GS,V,XOM,CVX,COP,BP,BA,MMM,HON,GE,T,VZ,TMUS,HSY,DUK,SO,EXC,AEP,AMT,PLD,SPG,BHP,RIO,VALE,FCX",GOOGL,278,-1,SELL,-1,SELL,-1.0,SELL,True,True,True,0.0,0.0,0.0,0.0,force_sell,high_volatility
LSTM13y_All_MA,LSTM,MA,"GOOGL,AMZN,AAPL,PEP,JNJ,PFE,MRK,ABBV,PG,KO,WMT,JPM,BAC,GS,V,XOM,CVX,COP,BP,BA,MMM,HON,GE,T,VZ,TMUS,HSY,DUK,SO,EXC,AEP,AMT,PLD,SPG,BHP,RIO,VALE,FCX",GOOGL,279,1,BUY,-1,SELL,1.0,BUY,True,False,True,-0.34,0.34,-15.664353050485147,1.1484253577313304,force_buy,high_volatility
LSTM13y_All_MA,LSTM,MA,"GOOGL,AMZN,AAPL,PEP,JNJ,PFE,MRK,ABBV,PG,KO,WMT,JPM,BAC,GS,V,XOM,CVX,COP,BP,BA,MMM,HON,GE,T,VZ,TMUS,HSY,DUK,SO,EXC,AEP,AMT,PLD,SPG,BHP,RIO,VALE,FCX",GOOGL,279,-1,SELL,-1,SELL,-1.0,SELL,True,True,True,0.0,0.0,0.0,0.0,force_sell,high_volatility
LSTM13y_All_MA,LSTM,MA,"GOOGL,AMZN,AAPL,PEP,JNJ,PFE,MRK,ABBV,PG,KO,WMT,JPM,BAC,GS,V,XOM,CVX,COP,BP,BA,MMM,HON,GE,T,VZ,TMUS,HSY,DUK,SO,EXC,AEP,AMT,PLD,SPG,BHP,RIO,VALE,FCX",GOOGL,49,1,BUY,1,BUY,1.0,BUY,True,True,True,0.0,0.0,0.0,0.0,force_buy,high_pred_volatility
LSTM13y_All_MA,LSTM,MA,"GOOGL,AMZN,AAPL,PEP,JNJ,PFE,MRK,ABBV,PG,KO,WMT,JPM,BAC,GS,V,XOM,CVX,COP,BP,BA,MMM,HON,GE,T,VZ,TMUS,HSY,DUK,SO,EXC,AEP,AMT,PLD,SPG,BHP,RIO,VALE,FCX",GOOGL,49,-1,SELL,1,BUY,,NA,False,False,True,,,,,force_sell,high_pred_volatility
LSTM13y_All_MA,LSTM,MA,"GOOGL,AMZN,AAPL,PEP,JNJ,PFE,MRK,ABBV,PG,KO,WMT,JPM,BAC,GS,V,XOM,CVX,COP,BP,BA,MMM,HON,GE,T,VZ,TMUS,HSY,DUK,SO,EXC,AEP,AMT,PLD,SPG,BHP,RIO,VALE,FCX",GOOGL,50,1,BUY,1,BUY,1.0,BUY,True,True,True,0.0,0.0,0.0,0.0,force_buy,high_pred_volatility
LSTM13y_All_MA,LSTM,MA,"GOOGL,AMZN,AAPL,PEP,JNJ,PFE,MRK,ABBV,PG,KO,WMT,JPM,BAC,GS,V,XOM,CVX,COP,BP,BA,MMM,HON,GE,T,VZ,TMUS,HSY,DUK,SO,EXC,AEP,AMT,PLD,SPG,BHP,RIO,VALE,FCX",GOOGL,50,-1,SELL,1,BUY,,NA,False,False,True,,,,,force_sell,high_pred_volatility
LSTM13y_All_MA,LSTM,MA,"GOOGL,AMZN,AAPL,PEP,JNJ,PFE,MRK,ABBV,PG,KO,WMT,JPM,BAC,GS,V,XOM,CVX,COP,BP,BA,MMM,HON,GE,T,VZ,TMUS,HSY,DUK,SO,EXC,AEP,AMT,PLD,SPG,BHP,RIO,VALE,FCX",GOOGL,51,1,BUY,1,BUY,1.0,BUY,True,True,True,0.0,0.0,0.0,0.0,force_buy,high_pred_volatility
LSTM13y_All_MA,LSTM,MA,"GOOGL,AMZN,AAPL,PEP,JNJ,PFE,MRK,ABBV,PG,KO,WMT,JPM,BAC,GS,V,XOM,CVX,COP,BP,BA,MMM,HON,GE,T,VZ,TMUS,HSY,DUK,SO,EXC,AEP,AMT,PLD,SPG,BHP,RIO,VALE,FCX",GOOGL,51,-1,SELL,1,BUY,,NA,False,False,True,,,,,force_sell,high_pred_volatility
LSTM13y_All_MA,LSTM,MA,"GOOGL,AMZN,AAPL,PEP,JNJ,PFE,MRK,ABBV,PG,KO,WMT,JPM,BAC,GS,V,XOM,CVX,COP,BP,BA,MMM,HON,GE,T,VZ,TMUS,HSY,DUK,SO,EXC,AEP,AMT,PLD,SPG,BHP,RIO,VALE,FCX",GOOGL,52,1,BUY,1,BUY,1.0,BUY,True,True,True,0.0,0.0,0.0,0.0,force_buy,high_pred_volatility
LSTM13y_All_MA,LSTM,MA,"GOOGL,AMZN,AAPL,PEP,JNJ,PFE,MRK,ABBV,PG,KO,WMT,JPM,BAC,GS,V,XOM,CVX,COP,BP,BA,MMM,HON,GE,T,VZ,TMUS,HSY,DUK,SO,EXC,AEP,AMT,PLD,SPG,BHP,RIO,VALE,FCX",GOOGL,52,-1,SELL,1,BUY,,NA,False,False,True,,,,,force_sell,high_pred_volatility
LSTM13y_All_MA,LSTM,MA,"GOOGL,AMZN,AAPL,PEP,JNJ,PFE,MRK,ABBV,PG,KO,WMT,JPM,BAC,GS,V,XOM,CVX,COP,BP,BA,MMM,HON,GE,T,VZ,TMUS,HSY,DUK,SO,EXC,AEP,AMT,PLD,SPG,BHP,RIO,VALE,FCX",GOOGL,53,1,BUY,1,BUY,1.0,BUY,True,True,True,0.0,0.0,0.0,0.0,force_buy,high_pred_volatility
LSTM13y_All_MA,LSTM,MA,"GOOGL,AMZN,AAPL,PEP,JNJ,PFE,MRK,ABBV,PG,KO,WMT,JPM,BAC,GS,V,XOM,CVX,COP,BP,BA,MMM,HON,GE,T,VZ,TMUS,HSY,DUK,SO,EXC,AEP,AMT,PLD,SPG,BHP,RIO,VALE,FCX",GOOGL,53,-1,SELL,1,BUY,,NA,False,False,True,,,,,force_sell,high_pred_volatility
LSTM13y_All_MA,LSTM,MA,"GOOGL,AMZN,AAPL,PEP,JNJ,PFE,MRK,ABBV,PG,KO,WMT,JPM,BAC,GS,V,XOM,CVX,COP,BP,BA,MMM,HON,GE,T,VZ,TMUS,HSY,DUK,SO,EXC,AEP,AMT,PLD,SPG,BHP,RIO,VALE,FCX",GOOGL,54,1,BUY,1,BUY,1.0,BUY,True,True,True,0.0,0.0,0.0,0.0,force_buy,high_pred_volatility
LSTM13y_All_MA,LSTM,MA,"GOOGL,AMZN,AAPL,PEP,JNJ,PFE,MRK,ABBV,PG,KO,WMT,JPM,BAC,GS,V,XOM,CVX,COP,BP,BA,MMM,HON,GE,T,VZ,TMUS,HSY,DUK,SO,EXC,AEP,AMT,PLD,SPG,BHP,RIO,VALE,FCX",GOOGL,54,-1,SELL,1,BUY,,NA,False,False,True,,,,,force_sell,high_pred_volatility
LSTM13y_All_MA,LSTM,MA,"GOOGL,AMZN,AAPL,PEP,JNJ,PFE,MRK,ABBV,PG,KO,WMT,JPM,BAC,GS,V,XOM,CVX,COP,BP,BA,MMM,HON,GE,T,VZ,TMUS,HSY,DUK,SO,EXC,AEP,AMT,PLD,SPG,BHP,RIO,VALE,FCX",GOOGL,55,1,BUY,1,BUY,1.0,BUY,True,True,True,0.0,0.0,0.0,0.0,force_buy,high_pred_volatility
LSTM13y_All_MA,LSTM,MA,"GOOGL,AMZN,AAPL,PEP,JNJ,PFE,MRK,ABBV,PG,KO,WMT,JPM,BAC,GS,V,XOM,CVX,COP,BP,BA,MMM,HON,GE,T,VZ,TMUS,HSY,DUK,SO,EXC,AEP,AMT,PLD,SPG,BHP,RIO,VALE,FCX",GOOGL,55,-1,SELL,1,BUY,,NA,False,False,True,,,,,force_sell,high_pred_volatility
LSTM13y_All_MA,LSTM,MA,"GOOGL,AMZN,AAPL,PEP,JNJ,PFE,MRK,ABBV,PG,KO,WMT,JPM,BAC,GS,V,XOM,CVX,COP,BP,BA,MMM,HON,GE,T,VZ,TMUS,HSY,DUK,SO,EXC,AEP,AMT,PLD,SPG,BHP,RIO,VALE,FCX",GOOGL,56,1,BUY,1,BUY,1.0,BUY,True,True,True,0.0,0.0,0.0,0.0,force_buy,high_pred_volatility
LSTM13y_All_MA,LSTM,MA,"GOOGL,AMZN,AAPL,PEP,JNJ,PFE,MRK,ABBV,PG,KO,WMT,JPM,BAC,GS,V,XOM,CVX,COP,BP,BA,MMM,HON,GE,T,VZ,TMUS,HSY,DUK,SO,EXC,AEP,AMT,PLD,SPG,BHP,RIO,VALE,FCX",GOOGL,56,-1,SELL,1,BUY,,NA,False,False,True,,,,,force_sell,high_pred_volatility
LSTM13y_All_MA,LSTM,MA,"GOOGL,AMZN,AAPL,PEP,JNJ,PFE,MRK,ABBV,PG,KO,WMT,JPM,BAC,GS,V,XOM,CVX,COP,BP,BA,MMM,HON,GE,T,VZ,TMUS,HSY,DUK,SO,EXC,AEP,AMT,PLD,SPG,BHP,RIO,VALE,FCX",GOOGL,278,1,BUY,-1,SELL,1.0,BUY,True,False,True,-0.23,0.23,-10.676048874637445,0.26539754108146774,force_buy,high_pred_volatility
LSTM13y_All_MA,LSTM,MA,"GOOGL,AMZN,AAPL,PEP,JNJ,PFE,MRK,ABBV,PG,KO,WMT,JPM,BAC,GS,V,XOM,CVX,COP,BP,BA,MMM,HON,GE,T,VZ,TMUS,HSY,DUK,SO,EXC,AEP,AMT,PLD,SPG,BHP,RIO,VALE,FCX",GOOGL,278,-1,SELL,-1,SELL,-1.0,SELL,True,True,True,0.0,0.0,0.0,0.0,force_sell,high_pred_volatility
LSTM13y_All_MA,LSTM,MA,"GOOGL,AMZN,AAPL,PEP,JNJ,PFE,MRK,ABBV,PG,KO,WMT,JPM,BAC,GS,V,XOM,CVX,COP,BP,BA,MMM,HON,GE,T,VZ,TMUS,HSY,DUK,SO,EXC,AEP,AMT,PLD,SPG,BHP,RIO,VALE,FCX",GOOGL,279,1,BUY,-1,SELL,1.0,BUY,True,False,True,-0.34,0.34,-15.664353050485147,1.1484253577313304,force_buy,high_pred_volatility
LSTM13y_All_MA,LSTM,MA,"GOOGL,AMZN,AAPL,PEP,JNJ,PFE,MRK,ABBV,PG,KO,WMT,JPM,BAC,GS,V,XOM,CVX,COP,BP,BA,MMM,HON,GE,T,VZ,TMUS,HSY,DUK,SO,EXC,AEP,AMT,PLD,SPG,BHP,RIO,VALE,FCX",GOOGL,279,-1,SELL,-1,SELL,-1.0,SELL,True,True,True,0.0,0.0,0.0,0.0,force_sell,high_pred_volatility
LSTM13y_All_MA,LSTM,MA,"GOOGL,AMZN,AAPL,PEP,JNJ,PFE,MRK,ABBV,PG,KO,WMT,JPM,BAC,GS,V,XOM,CVX,COP,BP,BA,MMM,HON,GE,T,VZ,TMUS,HSY,DUK,SO,EXC,AEP,AMT,PLD,SPG,BHP,RIO,VALE,FCX",GOOGL,280,1,BUY,-1,SELL,1.0,BUY,True,False,True,-0.28,0.28,-12.956668836385177,0.2530499707215146,force_buy,high_pred_volatility
LSTM13y_All_MA,LSTM,MA,"GOOGL,AMZN,AAPL,PEP,JNJ,PFE,MRK,ABBV,PG,KO,WMT,JPM,BAC,GS,V,XOM,CVX,COP,BP,BA,MMM,HON,GE,T,VZ,TMUS,HSY,DUK,SO,EXC,AEP,AMT,PLD,SPG,BHP,RIO,VALE,FCX",GOOGL,280,-1,SELL,-1,SELL,-1.0,SELL,True,True,True,0.0,0.0,0.0,0.0,force_sell,high_pred_volatility
LSTM13y_All_MA,LSTM,MA,"GOOGL,AMZN,AAPL,PEP,JNJ,PFE,MRK,ABBV,PG,KO,WMT,JPM,BAC,GS,V,XOM,CVX,COP,BP,BA,MMM,HON,GE,T,VZ,TMUS,HSY,DUK,SO,EXC,AEP,AMT,PLD,SPG,BHP,RIO,VALE,FCX",GOOGL,281,1,BUY,-1,SELL,1.0,BUY,True,False,True,-0.08,0.08,-3.7460969709513847,0.007999357838400556,force_buy,high_pred_volatility
LSTM13y_All_MA,LSTM,MA,"GOOGL,AMZN,AAPL,PEP,JNJ,PFE,MRK,ABBV,PG,KO,WMT,JPM,BAC,GS,V,XOM,CVX,COP,BP,BA,MMM,HON,GE,T,VZ,TMUS,HSY,DUK,SO,EXC,AEP,AMT,PLD,SPG,BHP,RIO,VALE,FCX",GOOGL,281,-1,SELL,-1,SELL,-1.0,SELL,True,True,True,0.0,0.0,0.0,0.0,force_sell,high_pred_volatility
LSTM13y_All_MA,LSTM,MA,"GOOGL,AMZN,AAPL,PEP,JNJ,PFE,MRK,ABBV,PG,KO,WMT,JPM,BAC,GS,V,XOM,CVX,COP,BP,BA,MMM,HON,GE,T,VZ,TMUS,HSY,DUK,SO,EXC,AEP,AMT,PLD,SPG,BHP,RIO,VALE,FCX",GOOGL,46,1,BUY,-1,SELL,,NA,False,False,True,,,,,force_buy,strong_trend
LSTM13y_All_MA,LSTM,MA,"GOOGL,AMZN,AAPL,PEP,JNJ,PFE,MRK,ABBV,PG,KO,WMT,JPM,BAC,GS,V,XOM,CVX,COP,BP,BA,MMM,HON,GE,T,VZ,TMUS,HSY,DUK,SO,EXC,AEP,AMT,PLD,SPG,BHP,RIO,VALE,FCX",GOOGL,46,-1,SELL,-1,SELL,-1.0,SELL,True,True,True,0.0,0.0,0.0,0.0,force_sell,strong_trend
LSTM13y_All_MA,LSTM,MA,"GOOGL,AMZN,AAPL,PEP,JNJ,PFE,MRK,ABBV,PG,KO,WMT,JPM,BAC,GS,V,XOM,CVX,COP,BP,BA,MMM,HON,GE,T,VZ,TMUS,HSY,DUK,SO,EXC,AEP,AMT,PLD,SPG,BHP,RIO,VALE,FCX",GOOGL,48,1,BUY,1,BUY,1.0,BUY,True,True,True,0.0,0.0,0.0,0.0,force_buy,strong_trend
LSTM13y_All_MA,LSTM,MA,"GOOGL,AMZN,AAPL,PEP,JNJ,PFE,MRK,ABBV,PG,KO,WMT,JPM,BAC,GS,V,XOM,CVX,COP,BP,BA,MMM,HON,GE,T,VZ,TMUS,HSY,DUK,SO,EXC,AEP,AMT,PLD,SPG,BHP,RIO,VALE,FCX",GOOGL,48,-1,SELL,1,BUY,-1.0,SELL,True,False,True,0.02,0.02,0.838428893942833,-0.1878260317837075,force_sell,strong_trend
LSTM13y_All_MA,LSTM,MA,"GOOGL,AMZN,AAPL,PEP,JNJ,PFE,MRK,ABBV,PG,KO,WMT,JPM,BAC,GS,V,XOM,CVX,COP,BP,BA,MMM,HON,GE,T,VZ,TMUS,HSY,DUK,SO,EXC,AEP,AMT,PLD,SPG,BHP,RIO,VALE,FCX",GOOGL,49,1,BUY,1,BUY,1.0,BUY,True,True,True,0.0,0.0,0.0,0.0,force_buy,strong_trend
LSTM13y_All_MA,LSTM,MA,"GOOGL,AMZN,AAPL,PEP,JNJ,PFE,MRK,ABBV,PG,KO,WMT,JPM,BAC,GS,V,XOM,CVX,COP,BP,BA,MMM,HON,GE,T,VZ,TMUS,HSY,DUK,SO,EXC,AEP,AMT,PLD,SPG,BHP,RIO,VALE,FCX",GOOGL,49,-1,SELL,1,BUY,,NA,False,False,True,,,,,force_sell,strong_trend
LSTM13y_All_MA,LSTM,MA,"GOOGL,AMZN,AAPL,PEP,JNJ,PFE,MRK,ABBV,PG,KO,WMT,JPM,BAC,GS,V,XOM,CVX,COP,BP,BA,MMM,HON,GE,T,VZ,TMUS,HSY,DUK,SO,EXC,AEP,AMT,PLD,SPG,BHP,RIO,VALE,FCX",GOOGL,50,1,BUY,1,BUY,1.0,BUY,True,True,True,0.0,0.0,0.0,0.0,force_buy,strong_trend
LSTM13y_All_MA,LSTM,MA,"GOOGL,AMZN,AAPL,PEP,JNJ,PFE,MRK,ABBV,PG,KO,WMT,JPM,BAC,GS,V,XOM,CVX,COP,BP,BA,MMM,HON,GE,T,VZ,TMUS,HSY,DUK,SO,EXC,AEP,AMT,PLD,SPG,BHP,RIO,VALE,FCX",GOOGL,50,-1,SELL,1,BUY,,NA,False,False,True,,,,,force_sell,strong_trend
LSTM13y_All_MA,LSTM,MA,"GOOGL,AMZN,AAPL,PEP,JNJ,PFE,MRK,ABBV,PG,KO,WMT,JPM,BAC,GS,V,XOM,CVX,COP,BP,BA,MMM,HON,GE,T,VZ,TMUS,HSY,DUK,SO,EXC,AEP,AMT,PLD,SPG,BHP,RIO,VALE,FCX",GOOGL,51,1,BUY,1,BUY,1.0,BUY,True,True,True,0.0,0.0,0.0,0.0,force_buy,strong_trend
LSTM13y_All_MA,LSTM,MA,"GOOGL,AMZN,AAPL,PEP,JNJ,PFE,MRK,ABBV,PG,KO,WMT,JPM,BAC,GS,V,XOM,CVX,COP,BP,BA,MMM,HON,GE,T,VZ,TMUS,HSY,DUK,SO,EXC,AEP,AMT,PLD,SPG,BHP,RIO,VALE,FCX",GOOGL,51,-1,SELL,1,BUY,,NA,False,False,True,,,,,force_sell,strong_trend
LSTM13y_All_MA,LSTM,MA,"GOOGL,AMZN,AAPL,PEP,JNJ,PFE,MRK,ABBV,PG,KO,WMT,JPM,BAC,GS,V,XOM,CVX,COP,BP,BA,MMM,HON,GE,T,VZ,TMUS,HSY,DUK,SO,EXC,AEP,AMT,PLD,SPG,BHP,RIO,VALE,FCX",GOOGL,52,1,BUY,1,BUY,1.0,BUY,True,True,True,0.0,0.0,0.0,0.0,force_buy,strong_trend
LSTM13y_All_MA,LSTM,MA,"GOOGL,AMZN,AAPL,PEP,JNJ,PFE,MRK,ABBV,PG,KO,WMT,JPM,BAC,GS,V,XOM,CVX,COP,BP,BA,MMM,HON,GE,T,VZ,TMUS,HSY,DUK,SO,EXC,AEP,AMT,PLD,SPG,BHP,RIO,VALE,FCX",GOOGL,52,-1,SELL,1,BUY,,NA,False,False,True,,,,,force_sell,strong_trend
LSTM13y_All_MA,LSTM,MA,"GOOGL,AMZN,AAPL,PEP,JNJ,PFE,MRK,ABBV,PG,KO,WMT,JPM,BAC,GS,V,XOM,CVX,COP,BP,BA,MMM,HON,GE,T,VZ,TMUS,HSY,DUK,SO,EXC,AEP,AMT,PLD,SPG,BHP,RIO,VALE,FCX",GOOGL,53,1,BUY,1,BUY,1.0,BUY,True,True,True,0.0,0.0,0.0,0.0,force_buy,strong_trend
LSTM13y_All_MA,LSTM,MA,"GOOGL,AMZN,AAPL,PEP,JNJ,PFE,MRK,ABBV,PG,KO,WMT,JPM,BAC,GS,V,XOM,CVX,COP,BP,BA,MMM,HON,GE,T,VZ,TMUS,HSY,DUK,SO,EXC,AEP,AMT,PLD,SPG,BHP,RIO,VALE,FCX",GOOGL,53,-1,SELL,1,BUY,,NA,False,False,True,,,,,force_sell,strong_trend
LSTM13y_All_MA,LSTM,MA,"GOOGL,AMZN,AAPL,PEP,JNJ,PFE,MRK,ABBV,PG,KO,WMT,JPM,BAC,GS,V,XOM,CVX,COP,BP,BA,MMM,HON,GE,T,VZ,TMUS,HSY,DUK,SO,EXC,AEP,AMT,PLD,SPG,BHP,RIO,VALE,FCX",GOOGL,55,1,BUY,1,BUY,1.0,BUY,True,True,True,0.0,0.0,0.0,0.0,force_buy,strong_trend
LSTM13y_All_MA,LSTM,MA,"GOOGL,AMZN,AAPL,PEP,JNJ,PFE,MRK,ABBV,PG,KO,WMT,JPM,BAC,GS,V,XOM,CVX,COP,BP,BA,MMM,HON,GE,T,VZ,TMUS,HSY,DUK,SO,EXC,AEP,AMT,PLD,SPG,BHP,RIO,VALE,FCX",GOOGL,55,-1,SELL,1,BUY,,NA,False,False,True,,,,,force_sell,strong_trend
LSTM13y_All_MA,LSTM,MA,"GOOGL,AMZN,AAPL,PEP,JNJ,PFE,MRK,ABBV,PG,KO,WMT,JPM,BAC,GS,V,XOM,CVX,COP,BP,BA,MMM,HON,GE,T,VZ,TMUS,HSY,DUK,SO,EXC,AEP,AMT,PLD,SPG,BHP,RIO,VALE,FCX",GOOGL,80,1,BUY,1,BUY,1.0,BUY,True,True,True,0.0,0.0,0.0,0.0,force_buy,strong_trend
LSTM13y_All_MA,LSTM,MA,"GOOGL,AMZN,AAPL,PEP,JNJ,PFE,MRK,ABBV,PG,KO,WMT,JPM,BAC,GS,V,XOM,CVX,COP,BP,BA,MMM,HON,GE,T,VZ,TMUS,HSY,DUK,SO,EXC,AEP,AMT,PLD,SPG,BHP,RIO,VALE,FCX",GOOGL,80,-1,SELL,1,BUY,,NA,False,False,True,,,,,force_sell,strong_trend
LSTM13y_All_MA,LSTM,MA,"GOOGL,AMZN,AAPL,PEP,JNJ,PFE,MRK,ABBV,PG,KO,WMT,JPM,BAC,GS,V,XOM,CVX,COP,BP,BA,MMM,HON,GE,T,VZ,TMUS,HSY,DUK,SO,EXC,AEP,AMT,PLD,SPG,BHP,RIO,VALE,FCX",GOOGL,82,1,BUY,1,BUY,1.0,BUY,True,True,True,0.0,0.0,0.0,0.0,force_buy,strong_trend
LSTM13y_All_MA,LSTM,MA,"GOOGL,AMZN,AAPL,PEP,JNJ,PFE,MRK,ABBV,PG,KO,WMT,JPM,BAC,GS,V,XOM,CVX,COP,BP,BA,MMM,HON,GE,T,VZ,TMUS,HSY,DUK,SO,EXC,AEP,AMT,PLD,SPG,BHP,RIO,VALE,FCX",GOOGL,82,-1,SELL,1,BUY,,NA,False,False,True,,,,,force_sell,strong_trend
LSTM13y_All_MA,LSTM,MA,"GOOGL,AMZN,AAPL,PEP,JNJ,PFE,MRK,ABBV,PG,KO,WMT,JPM,BAC,GS,V,XOM,CVX,COP,BP,BA,MMM,HON,GE,T,VZ,TMUS,HSY,DUK,SO,EXC,AEP,AMT,PLD,SPG,BHP,RIO,VALE,FCX",GOOGL,279,1,BUY,-1,SELL,1.0,BUY,True,False,True,-0.34,0.34,-15.664353050485147,1.1484253577313304,force_buy,strong_trend
LSTM13y_All_MA,LSTM,MA,"GOOGL,AMZN,AAPL,PEP,JNJ,PFE,MRK,ABBV,PG,KO,WMT,JPM,BAC,GS,V,XOM,CVX,COP,BP,BA,MMM,HON,GE,T,VZ,TMUS,HSY,DUK,SO,EXC,AEP,AMT,PLD,SPG,BHP,RIO,VALE,FCX",GOOGL,279,-1,SELL,-1,SELL,-1.0,SELL,True,True,True,0.0,0.0,0.0,0.0,force_sell,strong_trend
LSTM13y_All_MA,LSTM,MA,"GOOGL,AMZN,AAPL,PEP,JNJ,PFE,MRK,ABBV,PG,KO,WMT,JPM,BAC,GS,V,XOM,CVX,COP,BP,BA,MMM,HON,GE,T,VZ,TMUS,HSY,DUK,SO,EXC,AEP,AMT,PLD,SPG,BHP,RIO,VALE,FCX",GOOGL,280,1,BUY,-1,SELL,1.0,BUY,True,False,True,-0.28,0.28,-12.956668836385177,0.2530499707215146,force_buy,strong_trend
LSTM13y_All_MA,LSTM,MA,"GOOGL,AMZN,AAPL,PEP,JNJ,PFE,MRK,ABBV,PG,KO,WMT,JPM,BAC,GS,V,XOM,CVX,COP,BP,BA,MMM,HON,GE,T,VZ,TMUS,HSY,DUK,SO,EXC,AEP,AMT,PLD,SPG,BHP,RIO,VALE,FCX",GOOGL,280,-1,SELL,-1,SELL,-1.0,SELL,True,True,True,0.0,0.0,0.0,0.0,force_sell,strong_trend
LSTM13y_All_MA,LSTM,MA,"GOOGL,AMZN,AAPL,PEP,JNJ,PFE,MRK,ABBV,PG,KO,WMT,JPM,BAC,GS,V,XOM,CVX,COP,BP,BA,MMM,HON,GE,T,VZ,TMUS,HSY,DUK,SO,EXC,AEP,AMT,PLD,SPG,BHP,RIO,VALE,FCX",GOOGL,32,1,BUY,-1,SELL,,NA,False,False,True,,,,,force_buy,weak_trend
LSTM13y_All_MA,LSTM,MA,"GOOGL,AMZN,AAPL,PEP,JNJ,PFE,MRK,ABBV,PG,KO,WMT,JPM,BAC,GS,V,XOM,CVX,COP,BP,BA,MMM,HON,GE,T,VZ,TMUS,HSY,DUK,SO,EXC,AEP,AMT,PLD,SPG,BHP,RIO,VALE,FCX",GOOGL,32,-1,SELL,-1,SELL,-1.0,SELL,True,True,True,0.0,0.0,0.0,0.0,force_sell,weak_trend
LSTM13y_All_MA,LSTM,MA,"GOOGL,AMZN,AAPL,PEP,JNJ,PFE,MRK,ABBV,PG,KO,WMT,JPM,BAC,GS,V,XOM,CVX,COP,BP,BA,MMM,HON,GE,T,VZ,TMUS,HSY,DUK,SO,EXC,AEP,AMT,PLD,SPG,BHP,RIO,VALE,FCX",GOOGL,123,1,BUY,1,BUY,1.0,BUY,True,True,True,0.0,0.0,0.0,0.0,force_buy,weak_trend
LSTM13y_All_MA,LSTM,MA,"GOOGL,AMZN,AAPL,PEP,JNJ,PFE,MRK,ABBV,PG,KO,WMT,JPM,BAC,GS,V,XOM,CVX,COP,BP,BA,MMM,HON,GE,T,VZ,TMUS,HSY,DUK,SO,EXC,AEP,AMT,PLD,SPG,BHP,RIO,VALE,FCX",GOOGL,123,-1,SELL,1,BUY,,NA,False,False,True,,,,,force_sell,weak_trend
LSTM13y_All_MA,LSTM,MA,"GOOGL,AMZN,AAPL,PEP,JNJ,PFE,MRK,ABBV,PG,KO,WMT,JPM,BAC,GS,V,XOM,CVX,COP,BP,BA,MMM,HON,GE,T,VZ,TMUS,HSY,DUK,SO,EXC,AEP,AMT,PLD,SPG,BHP,RIO,VALE,FCX",GOOGL,153,1,BUY,1,BUY,1.0,BUY,True,True,True,0.0,0.0,0.0,0.0,force_buy,weak_trend
LSTM13y_All_MA,LSTM,MA,"GOOGL,AMZN,AAPL,PEP,JNJ,PFE,MRK,ABBV,PG,KO,WMT,JPM,BAC,GS,V,XOM,CVX,COP,BP,BA,MMM,HON,GE,T,VZ,TMUS,HSY,DUK,SO,EXC,AEP,AMT,PLD,SPG,BHP,RIO,VALE,FCX",GOOGL,153,-1,SELL,1,BUY,,NA,False,False,True,,,,,force_sell,weak_trend
LSTM13y_All_MA,LSTM,MA,"GOOGL,AMZN,AAPL,PEP,JNJ,PFE,MRK,ABBV,PG,KO,WMT,JPM,BAC,GS,V,XOM,CVX,COP,BP,BA,MMM,HON,GE,T,VZ,TMUS,HSY,DUK,SO,EXC,AEP,AMT,PLD,SPG,BHP,RIO,VALE,FCX",GOOGL,156,1,BUY,-1,SELL,1.0,BUY,True,False,True,-0.29,0.29,-12.63822150275864,0.5924085100845939,force_buy,weak_trend
LSTM13y_All_MA,LSTM,MA,"GOOGL,AMZN,AAPL,PEP,JNJ,PFE,MRK,ABBV,PG,KO,WMT,JPM,BAC,GS,V,XOM,CVX,COP,BP,BA,MMM,HON,GE,T,VZ,TMUS,HSY,DUK,SO,EXC,AEP,AMT,PLD,SPG,BHP,RIO,VALE,FCX",GOOGL,156,-1,SELL,-1,SELL,-1.0,SELL,True,True,True,0.0,0.0,0.0,0.0,force_sell,weak_trend
LSTM13y_All_MA,LSTM,MA,"GOOGL,AMZN,AAPL,PEP,JNJ,PFE,MRK,ABBV,PG,KO,WMT,JPM,BAC,GS,V,XOM,CVX,COP,BP,BA,MMM,HON,GE,T,VZ,TMUS,HSY,DUK,SO,EXC,AEP,AMT,PLD,SPG,BHP,RIO,VALE,FCX",GOOGL,173,1,BUY,-1,SELL,1.0,BUY,True,False,True,-0.34,0.34,-14.822448902897989,0.007170801878405797,force_buy,weak_trend
LSTM13y_All_MA,LSTM,MA,"GOOGL,AMZN,AAPL,PEP,JNJ,PFE,MRK,ABBV,PG,KO,WMT,JPM,BAC,GS,V,XOM,CVX,COP,BP,BA,MMM,HON,GE,T,VZ,TMUS,HSY,DUK,SO,EXC,AEP,AMT,PLD,SPG,BHP,RIO,VALE,FCX",GOOGL,173,-1,SELL,-1,SELL,-1.0,SELL,True,True,True,0.0,0.0,0.0,0.0,force_sell,weak_trend
LSTM13y_All_MA,LSTM,MA,"GOOGL,AMZN,AAPL,PEP,JNJ,PFE,MRK,ABBV,PG,KO,WMT,JPM,BAC,GS,V,XOM,CVX,COP,BP,BA,MMM,HON,GE,T,VZ,TMUS,HSY,DUK,SO,EXC,AEP,AMT,PLD,SPG,BHP,RIO,VALE,FCX",GOOGL,241,1,BUY,1,BUY,1.0,BUY,True,True,True,0.0,0.0,0.0,0.0,force_buy,weak_trend
LSTM13y_All_MA,LSTM,MA,"GOOGL,AMZN,AAPL,PEP,JNJ,PFE,MRK,ABBV,PG,KO,WMT,JPM,BAC,GS,V,XOM,CVX,COP,BP,BA,MMM,HON,GE,T,VZ,TMUS,HSY,DUK,SO,EXC,AEP,AMT,PLD,SPG,BHP,RIO,VALE,FCX",GOOGL,241,-1,SELL,1,BUY,-1.0,SELL,True,False,True,0.1,0.1,4.572214408688069,0.5721697629510718,force_sell,weak_trend
LSTM13y_All_MA,LSTM,MA,"GOOGL,AMZN,AAPL,PEP,JNJ,PFE,MRK,ABBV,PG,KO,WMT,JPM,BAC,GS,V,XOM,CVX,COP,BP,BA,MMM,HON,GE,T,VZ,TMUS,HSY,DUK,SO,EXC,AEP,AMT,PLD,SPG,BHP,RIO,VALE,FCX",GOOGL,243,1,BUY,1,BUY,1.0,BUY,True,True,True,0.0,0.0,0.0,0.0,force_buy,weak_trend
LSTM13y_All_MA,LSTM,MA,"GOOGL,AMZN,AAPL,PEP,JNJ,PFE,MRK,ABBV,PG,KO,WMT,JPM,BAC,GS,V,XOM,CVX,COP,BP,BA,MMM,HON,GE,T,VZ,TMUS,HSY,DUK,SO,EXC,AEP,AMT,PLD,SPG,BHP,RIO,VALE,FCX",GOOGL,243,-1,SELL,1,BUY,-1.0,SELL,True,False,True,0.19,0.19,8.706285560924698,0.003718763480980769,force_sell,weak_trend
LSTM13y_All_MA,LSTM,MA,"GOOGL,AMZN,AAPL,PEP,JNJ,PFE,MRK,ABBV,PG,KO,WMT,JPM,BAC,GS,V,XOM,CVX,COP,BP,BA,MMM,HON,GE,T,VZ,TMUS,HSY,DUK,SO,EXC,AEP,AMT,PLD,SPG,BHP,RIO,VALE,FCX",GOOGL,308,1,BUY,1,BUY,1.0,BUY,True,True,True,0.0,0.0,0.0,0.0,force_buy,weak_trend
LSTM13y_All_MA,LSTM,MA,"GOOGL,AMZN,AAPL,PEP,JNJ,PFE,MRK,ABBV,PG,KO,WMT,JPM,BAC,GS,V,XOM,CVX,COP,BP,BA,MMM,HON,GE,T,VZ,TMUS,HSY,DUK,SO,EXC,AEP,AMT,PLD,SPG,BHP,RIO,VALE,FCX",GOOGL,308,-1,SELL,1,BUY,,NA,False,False,True,,,,,force_sell,weak_trend
LSTM13y_All_MA,LSTM,MA,"GOOGL,AMZN,AAPL,PEP,JNJ,PFE,MRK,ABBV,PG,KO,WMT,JPM,BAC,GS,V,XOM,CVX,COP,BP,BA,MMM,HON,GE,T,VZ,TMUS,HSY,DUK,SO,EXC,AEP,AMT,PLD,SPG,BHP,RIO,VALE,FCX",GOOGL,342,1,BUY,1,BUY,1.0,BUY,True,True,True,0.0,0.0,0.0,0.0,force_buy,weak_trend
LSTM13y_All_MA,LSTM,MA,"GOOGL,AMZN,AAPL,PEP,JNJ,PFE,MRK,ABBV,PG,KO,WMT,JPM,BAC,GS,V,XOM,CVX,COP,BP,BA,MMM,HON,GE,T,VZ,TMUS,HSY,DUK,SO,EXC,AEP,AMT,PLD,SPG,BHP,RIO,VALE,FCX",GOOGL,342,-1,SELL,1,BUY,,NA,False,False,True,,,,,force_sell,weak_trend
LSTM13y_All_MA,LSTM,MA,"GOOGL,AMZN,AAPL,PEP,JNJ,PFE,MRK,ABBV,PG,KO,WMT,JPM,BAC,GS,V,XOM,CVX,COP,BP,BA,MMM,HON,GE,T,VZ,TMUS,HSY,DUK,SO,EXC,AEP,AMT,PLD,SPG,BHP,RIO,VALE,FCX",GOOGL,343,1,BUY,1,BUY,1.0,BUY,True,True,True,0.0,0.0,0.0,0.0,force_buy,weak_trend
LSTM13y_All_MA,LSTM,MA,"GOOGL,AMZN,AAPL,PEP,JNJ,PFE,MRK,ABBV,PG,KO,WMT,JPM,BAC,GS,V,XOM,CVX,COP,BP,BA,MMM,HON,GE,T,VZ,TMUS,HSY,DUK,SO,EXC,AEP,AMT,PLD,SPG,BHP,RIO,VALE,FCX",GOOGL,343,-1,SELL,1,BUY,,NA,False,False,True,,,,,force_sell,weak_trend
LSTM13y_All_MA,LSTM,MA,"GOOGL,AMZN,AAPL,PEP,JNJ,PFE,MRK,ABBV,PG,KO,WMT,JPM,BAC,GS,V,XOM,CVX,COP,BP,BA,MMM,HON,GE,T,VZ,TMUS,HSY,DUK,SO,EXC,AEP,AMT,PLD,SPG,BHP,RIO,VALE,FCX",GOOGL,352,1,BUY,1,BUY,1.0,BUY,True,True,True,0.0,0.0,0.0,0.0,force_buy,weak_trend
LSTM13y_All_MA,LSTM,MA,"GOOGL,AMZN,AAPL,PEP,JNJ,PFE,MRK,ABBV,PG,KO,WMT,JPM,BAC,GS,V,XOM,CVX,COP,BP,BA,MMM,HON,GE,T,VZ,TMUS,HSY,DUK,SO,EXC,AEP,AMT,PLD,SPG,BHP,RIO,VALE,FCX",GOOGL,352,-1,SELL,1,BUY,,NA,False,False,True,,,,,force_sell,weak_trend
LSTM13y_All_MA,LSTM,MA,"GOOGL,AMZN,AAPL,PEP,JNJ,PFE,MRK,ABBV,PG,KO,WMT,JPM,BAC,GS,V,XOM,CVX,COP,BP,BA,MMM,HON,GE,T,VZ,TMUS,HSY,DUK,SO,EXC,AEP,AMT,PLD,SPG,BHP,RIO,VALE,FCX",GOOGL,477,1,BUY,-1,SELL,,NA,False,False,True,,,,,force_buy,weak_trend
LSTM13y_All_MA,LSTM,MA,"GOOGL,AMZN,AAPL,PEP,JNJ,PFE,MRK,ABBV,PG,KO,WMT,JPM,BAC,GS,V,XOM,CVX,COP,BP,BA,MMM,HON,GE,T,VZ,TMUS,HSY,DUK,SO,EXC,AEP,AMT,PLD,SPG,BHP,RIO,VALE,FCX",GOOGL,477,-1,SELL,-1,SELL,-1.0,SELL,True,True,True,0.0,0.0,0.0,0.0,force_sell,weak_trend
LSTM13y_All_MA,LSTM,MA,"GOOGL,AMZN,AAPL,PEP,JNJ,PFE,MRK,ABBV,PG,KO,WMT,JPM,BAC,GS,V,XOM,CVX,COP,BP,BA,MMM,HON,GE,T,VZ,TMUS,HSY,DUK,SO,EXC,AEP,AMT,PLD,SPG,BHP,RIO,VALE,FCX",GOOGL,48,1,BUY,1,BUY,1.0,BUY,True,True,True,0.0,0.0,0.0,0.0,force_buy,near_strategy_boundary
LSTM13y_All_MA,LSTM,MA,"GOOGL,AMZN,AAPL,PEP,JNJ,PFE,MRK,ABBV,PG,KO,WMT,JPM,BAC,GS,V,XOM,CVX,COP,BP,BA,MMM,HON,GE,T,VZ,TMUS,HSY,DUK,SO,EXC,AEP,AMT,PLD,SPG,BHP,RIO,VALE,FCX",GOOGL,48,-1,SELL,1,BUY,-1.0,SELL,True,False,True,0.02,0.02,0.838428893942833,-0.1878260317837075,force_sell,near_strategy_boundary
LSTM13y_All_MA,LSTM,MA,"GOOGL,AMZN,AAPL,PEP,JNJ,PFE,MRK,ABBV,PG,KO,WMT,JPM,BAC,GS,V,XOM,CVX,COP,BP,BA,MMM,HON,GE,T,VZ,TMUS,HSY,DUK,SO,EXC,AEP,AMT,PLD,SPG,BHP,RIO,VALE,FCX",GOOGL,97,1,BUY,1,BUY,1.0,BUY,True,True,True,0.0,0.0,0.0,0.0,force_buy,near_strategy_boundary
LSTM13y_All_MA,LSTM,MA,"GOOGL,AMZN,AAPL,PEP,JNJ,PFE,MRK,ABBV,PG,KO,WMT,JPM,BAC,GS,V,XOM,CVX,COP,BP,BA,MMM,HON,GE,T,VZ,TMUS,HSY,DUK,SO,EXC,AEP,AMT,PLD,SPG,BHP,RIO,VALE,FCX",GOOGL,97,-1,SELL,1,BUY,-1.0,SELL,True,False,True,0.04,0.04,1.756644908208571,0.5261930631700587,force_sell,near_strategy_boundary
LSTM13y_All_MA,LSTM,MA,"GOOGL,AMZN,AAPL,PEP,JNJ,PFE,MRK,ABBV,PG,KO,WMT,JPM,BAC,GS,V,XOM,CVX,COP,BP,BA,MMM,HON,GE,T,VZ,TMUS,HSY,DUK,SO,EXC,AEP,AMT,PLD,SPG,BHP,RIO,VALE,FCX",GOOGL,104,1,BUY,0,HOLD,1.0,BUY,True,False,True,-0.01,0.01,-0.44068219489084015,7.729155848323899e-05,force_buy,near_strategy_boundary
LSTM13y_All_MA,LSTM,MA,"GOOGL,AMZN,AAPL,PEP,JNJ,PFE,MRK,ABBV,PG,KO,WMT,JPM,BAC,GS,V,XOM,CVX,COP,BP,BA,MMM,HON,GE,T,VZ,TMUS,HSY,DUK,SO,EXC,AEP,AMT,PLD,SPG,BHP,RIO,VALE,FCX",GOOGL,104,-1,SELL,0,HOLD,-1.0,SELL,True,False,True,0.01,0.01,0.442576600072897,-0.04231783387174737,force_sell,near_strategy_boundary
LSTM13y_All_MA,LSTM,MA,"GOOGL,AMZN,AAPL,PEP,JNJ,PFE,MRK,ABBV,PG,KO,WMT,JPM,BAC,GS,V,XOM,CVX,COP,BP,BA,MMM,HON,GE,T,VZ,TMUS,HSY,DUK,SO,EXC,AEP,AMT,PLD,SPG,BHP,RIO,VALE,FCX",GOOGL,109,1,BUY,1,BUY,1.0,BUY,True,True,True,0.0,0.0,0.0,0.0,force_buy,near_strategy_boundary
LSTM13y_All_MA,LSTM,MA,"GOOGL,AMZN,AAPL,PEP,JNJ,PFE,MRK,ABBV,PG,KO,WMT,JPM,BAC,GS,V,XOM,CVX,COP,BP,BA,MMM,HON,GE,T,VZ,TMUS,HSY,DUK,SO,EXC,AEP,AMT,PLD,SPG,BHP,RIO,VALE,FCX",GOOGL,109,-1,SELL,1,BUY,-1.0,SELL,True,False,True,0.04,0.04,1.7554472957371559,0.39626405990009594,force_sell,near_strategy_boundary
LSTM13y_All_MA,LSTM,MA,"GOOGL,AMZN,AAPL,PEP,JNJ,PFE,MRK,ABBV,PG,KO,WMT,JPM,BAC,GS,V,XOM,CVX,COP,BP,BA,MMM,HON,GE,T,VZ,TMUS,HSY,DUK,SO,EXC,AEP,AMT,PLD,SPG,BHP,RIO,VALE,FCX",GOOGL,127,1,BUY,1,BUY,1.0,BUY,True,True,True,0.0,0.0,0.0,0.0,force_buy,near_strategy_boundary
LSTM13y_All_MA,LSTM,MA,"GOOGL,AMZN,AAPL,PEP,JNJ,PFE,MRK,ABBV,PG,KO,WMT,JPM,BAC,GS,V,XOM,CVX,COP,BP,BA,MMM,HON,GE,T,VZ,TMUS,HSY,DUK,SO,EXC,AEP,AMT,PLD,SPG,BHP,RIO,VALE,FCX",GOOGL,127,-1,SELL,1,BUY,-1.0,SELL,True,False,True,0.02,0.02,0.8796136980961933,-0.606091808665358,force_sell,near_strategy_boundary
LSTM13y_All_MA,LSTM,MA,"GOOGL,AMZN,AAPL,PEP,JNJ,PFE,MRK,ABBV,PG,KO,WMT,JPM,BAC,GS,V,XOM,CVX,COP,BP,BA,MMM,HON,GE,T,VZ,TMUS,HSY,DUK,SO,EXC,AEP,AMT,PLD,SPG,BHP,RIO,VALE,FCX",GOOGL,222,1,BUY,1,BUY,1.0,BUY,True,True,True,0.0,0.0,0.0,0.0,force_buy,near_strategy_boundary
LSTM13y_All_MA,LSTM,MA,"GOOGL,AMZN,AAPL,PEP,JNJ,PFE,MRK,ABBV,PG,KO,WMT,JPM,BAC,GS,V,XOM,CVX,COP,BP,BA,MMM,HON,GE,T,VZ,TMUS,HSY,DUK,SO,EXC,AEP,AMT,PLD,SPG,BHP,RIO,VALE,FCX",GOOGL,222,-1,SELL,1,BUY,-1.0,SELL,True,False,True,0.03,0.03,1.3556102185532382,0.5753835686978057,force_sell,near_strategy_boundary
LSTM13y_All_MA,LSTM,MA,"GOOGL,AMZN,AAPL,PEP,JNJ,PFE,MRK,ABBV,PG,KO,WMT,JPM,BAC,GS,V,XOM,CVX,COP,BP,BA,MMM,HON,GE,T,VZ,TMUS,HSY,DUK,SO,EXC,AEP,AMT,PLD,SPG,BHP,RIO,VALE,FCX",GOOGL,240,1,BUY,1,BUY,1.0,BUY,True,True,True,0.0,0.0,0.0,0.0,force_buy,near_strategy_boundary
LSTM13y_All_MA,LSTM,MA,"GOOGL,AMZN,AAPL,PEP,JNJ,PFE,MRK,ABBV,PG,KO,WMT,JPM,BAC,GS,V,XOM,CVX,COP,BP,BA,MMM,HON,GE,T,VZ,TMUS,HSY,DUK,SO,EXC,AEP,AMT,PLD,SPG,BHP,RIO,VALE,FCX",GOOGL,240,-1,SELL,1,BUY,-1.0,SELL,True,False,True,0.05,0.05,2.2656214986511714,0.5965059211812349,force_sell,near_strategy_boundary
LSTM13y_All_MA,LSTM,MA,"GOOGL,AMZN,AAPL,PEP,JNJ,PFE,MRK,ABBV,PG,KO,WMT,JPM,BAC,GS,V,XOM,CVX,COP,BP,BA,MMM,HON,GE,T,VZ,TMUS,HSY,DUK,SO,EXC,AEP,AMT,PLD,SPG,BHP,RIO,VALE,FCX",GOOGL,244,1,BUY,-1,SELL,1.0,BUY,True,False,True,-0.04,0.04,-1.8083425723837365,-0.008155187591841084,force_buy,near_strategy_boundary
LSTM13y_All_MA,LSTM,MA,"GOOGL,AMZN,AAPL,PEP,JNJ,PFE,MRK,ABBV,PG,KO,WMT,JPM,BAC,GS,V,XOM,CVX,COP,BP,BA,MMM,HON,GE,T,VZ,TMUS,HSY,DUK,SO,EXC,AEP,AMT,PLD,SPG,BHP,RIO,VALE,FCX",GOOGL,244,-1,SELL,-1,SELL,-1.0,SELL,True,True,True,0.0,0.0,0.0,0.0,force_sell,near_strategy_boundary
LSTM13y_All_MA,LSTM,MA,"GOOGL,AMZN,AAPL,PEP,JNJ,PFE,MRK,ABBV,PG,KO,WMT,JPM,BAC,GS,V,XOM,CVX,COP,BP,BA,MMM,HON,GE,T,VZ,TMUS,HSY,DUK,SO,EXC,AEP,AMT,PLD,SPG,BHP,RIO,VALE,FCX",GOOGL,287,1,BUY,0,HOLD,1.0,BUY,True,False,True,-0.01,0.01,-0.45281074301044555,0.0,force_buy,near_strategy_boundary
LSTM13y_All_MA,LSTM,MA,"GOOGL,AMZN,AAPL,PEP,JNJ,PFE,MRK,ABBV,PG,KO,WMT,JPM,BAC,GS,V,XOM,CVX,COP,BP,BA,MMM,HON,GE,T,VZ,TMUS,HSY,DUK,SO,EXC,AEP,AMT,PLD,SPG,BHP,RIO,VALE,FCX",GOOGL,287,-1,SELL,0,HOLD,-1.0,SELL,True,False,True,0.01,0.01,0.4543436869738571,-0.5771884176529554,force_sell,near_strategy_boundary
LSTM13y_All_MA,LSTM,MA,"GOOGL,AMZN,AAPL,PEP,JNJ,PFE,MRK,ABBV,PG,KO,WMT,JPM,BAC,GS,V,XOM,CVX,COP,BP,BA,MMM,HON,GE,T,VZ,TMUS,HSY,DUK,SO,EXC,AEP,AMT,PLD,SPG,BHP,RIO,VALE,FCX",GOOGL,288,1,BUY,-1,SELL,1.0,BUY,True,False,True,-0.06,0.06,-2.778417384138976,-0.0386083265684487,force_buy,near_strategy_boundary
LSTM13y_All_MA,LSTM,MA,"GOOGL,AMZN,AAPL,PEP,JNJ,PFE,MRK,ABBV,PG,KO,WMT,JPM,BAC,GS,V,XOM,CVX,COP,BP,BA,MMM,HON,GE,T,VZ,TMUS,HSY,DUK,SO,EXC,AEP,AMT,PLD,SPG,BHP,RIO,VALE,FCX",GOOGL,288,-1,SELL,-1,SELL,-1.0,SELL,True,True,True,0.0,0.0,0.0,0.0,force_sell,near_strategy_boundary
LSTM13y_All_MA,LSTM,MA,"GOOGL,AMZN,AAPL,PEP,JNJ,PFE,MRK,ABBV,PG,KO,WMT,JPM,BAC,GS,V,XOM,CVX,COP,BP,BA,MMM,HON,GE,T,VZ,TMUS,HSY,DUK,SO,EXC,AEP,AMT,PLD,SPG,BHP,RIO,VALE,FCX",GOOGL,430,1,BUY,-1,SELL,1.0,BUY,True,False,True,-0.05,0.05,-2.502321982456124,-0.00021010519252762094,force_buy,near_strategy_boundary
LSTM13y_All_MA,LSTM,MA,"GOOGL,AMZN,AAPL,PEP,JNJ,PFE,MRK,ABBV,PG,KO,WMT,JPM,BAC,GS,V,XOM,CVX,COP,BP,BA,MMM,HON,GE,T,VZ,TMUS,HSY,DUK,SO,EXC,AEP,AMT,PLD,SPG,BHP,RIO,VALE,FCX",GOOGL,430,-1,SELL,-1,SELL,-1.0,SELL,True,True,True,0.0,0.0,0.0,0.0,force_sell,near_strategy_boundary
LSTM13y_All_MA,LSTM,MA,"GOOGL,AMZN,AAPL,PEP,JNJ,PFE,MRK,ABBV,PG,KO,WMT,JPM,BAC,GS,V,XOM,CVX,COP,BP,BA,MMM,HON,GE,T,VZ,TMUS,HSY,DUK,SO,EXC,AEP,AMT,PLD,SPG,BHP,RIO,VALE,FCX",GOOGL,475,1,BUY,1,BUY,1.0,BUY,True,True,True,0.0,0.0,0.0,0.0,force_buy,near_strategy_boundary
LSTM13y_All_MA,LSTM,MA,"GOOGL,AMZN,AAPL,PEP,JNJ,PFE,MRK,ABBV,PG,KO,WMT,JPM,BAC,GS,V,XOM,CVX,COP,BP,BA,MMM,HON,GE,T,VZ,TMUS,HSY,DUK,SO,EXC,AEP,AMT,PLD,SPG,BHP,RIO,VALE,FCX",GOOGL,475,-1,SELL,1,BUY,,NA,False,False,True,,,,,force_sell,near_strategy_boundary
