close,high,low,open,volume
15.555864334106445,15.624368011883234,15.493567368563983,15.560828190523049,78169752
15.4873628616333,15.582919942994092,15.426554669728127,15.566538647973083,120067812
15.096945762634277,15.53377555304552,15.049788178517582,15.53377555304552,158988852
14.745495796203613,15.140132809436482,14.709507835023047,15.125240293435954,256315428
14.942070007324219,14.972597536172898,14.621643984302999,14.693373982065,188783028
14.91948413848877,15.002630629433716,14.744006886730208,15.002630629433716,288227484
14.655647277832031,14.846263895275461,14.594093758651738,14.83360549450115,193937868
14.571508407592773,14.603525659974146,14.24413413017102,14.308417395269844,259604136
14.640010833740234,14.747977546625426,14.465278928932108,14.49233232430774,169434396
14.39553451538086,14.732092092549676,14.346886266485978,14.726630715824246,217162620
14.584663391113281,14.65415927752993,14.303454473577993,14.425320562231036,172495332
14.40571117401123,14.543957603681072,14.278634367274961,14.543957603681072,129897972
14.469499588012695,14.564807907577888,14.203182241803582,14.480917026040874,252055692
13.651187896728516,14.162228682717405,13.275166285704259,14.010828212804944,271743984
13.402740478515625,13.647961433555187,13.29129867867255,13.566302774183324,176619204
13.462804794311523,13.641011798382964,13.310659930861418,13.352357085799028,174045780
13.454862594604492,13.59261340961583,13.286335487887543,13.434261831393838,158417424
13.261016845703125,13.576478025853616,13.169431433322986,13.514180120278725,129034836
13.15305233001709,13.427312038031559,13.045582182361663,13.365262882442469,165454380
13.229496002197266,13.298744066857214,13.16198642225082,13.268711223210236,89941968
13.18233871459961,13.277647026655869,13.095220576356372,13.277647026655869,163684152
13.423091888427734,13.454861326881579,13.110610120756004,13.121530983456614,119844036
13.074621200561523,13.353099415690544,13.044340540756483,13.32828013308655,134972892
13.186558723449707,13.24141085178772,12.967399916296461,13.11482872612867,126113760
13.240666389465332,13.452381317451641,13.192516599334828,13.21659149440008,107664228
13.31438159942627,13.44071497168923,13.2803780451055,13.391323272020907,112671216
13.264989852905273,13.347887579979222,13.097206207774532,13.255557768946698,106873020
13.31338882446289,13.414902915428142,13.142131975544482,13.236943724570951,96303600
13.231977462768555,13.332001810949627,13.166949813241853,13.228255516573826,91096812
13.435006141662598,13.50524641531156,13.261266430842522,13.325054069234307,146029824
13.358311653137207,13.487127887963137,13.343420083997772,13.45237994744768,81106812
13.482659339904785,13.527087177647049,13.306934288125843,13.34168222781496,93382524
13.421602249145508,13.502762433174444,13.395293243729046,13.415894003677655,102021876
13.472236633300781,13.58889010670967,13.427560975846273,13.585166268219664,85698216
13.280377388000488,13.49283574665455,13.211379024777727,13.477199787581847,114789096
13.191024780273438,13.364019137858069,13.167197703492985,13.253322687663685,92970936
13.065934181213379,13.117062469833446,12.906341657260244,13.083058918341605,132235632
13.075116157531738,13.19797538353438,12.992714062636564,13.09050524698346,81890028
13.221305847167969,13.236198361777662,13.098447567385955,13.134684285532161,89426484
13.429049491882324,13.543221034635907,13.278889987712352,13.29055429438253,174097728
13.534782409667969,13.604277346718424,13.38412539187458,13.461314874035558,123452424
13.764862060546875,13.803084133998919,13.556623172421936,13.564068957183492,127224648
14.00362777709961,14.089505895475066,13.896655161334353,13.932644065073232,156331512
13.960691452026367,14.027706357685375,13.924206914673544,14.017777698037627,95360544
13.903855323791504,14.014800555430519,13.812268945446341,13.89541544261981,126936936
14.307425498962402,14.358305974423656,13.953989075921184,13.992459910015501,225969804
14.423830032348633,14.54966682104457,14.251579104611066,14.25306882907135,169162668
14.38411808013916,14.601043713933521,14.374685996229047,14.597568636086974,110025864
13.978065490722656,14.133686372470066,13.799858493243391,14.06493487558153,185969844
14.02820110321045,14.108121275078812,13.918001217015538,13.944558038904974,137122740
14.03713607788086,14.183325810446277,14.004621305131025,14.105142234674561,132731136
14.057984352111816,14.10861701044345,13.972603753911152,14.01628625675492,71016912
13.899137496948242,14.097696482437346,13.831626968953556,13.899137496948242,191576232
13.837088584899902,14.069154566849866,13.757168409049639,13.802589401587724,160031808
13.626118659973145,13.857191470501858,13.452379903816139,13.825670793420935,219831948
13.832869529724121,13.895415262676282,13.395295321851354,13.539497826292687,262345392
13.970619201660156,14.196975979803403,13.865878801247016,13.87481336473407,157078764
13.965904235839844,14.082557711844427,13.899635610467204,14.029939693097031,107740152
13.959945678710938,14.01628658391689,13.913284671834196,13.973597229676884,124055820
14.065681457519531,14.088515389770135,13.906088908711283,13.969379979612112,79036884
14.075855255126953,14.140883857217727,13.968881686587439,14.02447820448963,121110768
14.117551803588867,14.232965247581214,14.036887245888856,14.180842863999487,84023892
14.172405242919922,14.268457001165416,14.122516025897188,14.16967455433248,75983940
14.103157997131348,14.169427566115921,14.033165535556915,14.133934287550257,82321596
13.987000465393066,14.116311388042329,13.945303313592797,14.080323427972992,103136760
14.085037231445312,14.14361319272003,13.900377622543775,13.981538750756725,77822100
14.053518295288086,14.116808414325337,13.998417404810676,14.085038974631658,82181736
14.215095520019531,14.246615252037385,14.053517640370806,14.081564186217447,94001904
14.563566207885742,14.615936407274203,14.175383738957425,14.210130734419327,156335508
14.618916511535645,14.701814248273969,14.495065062518005,14.64522457549557,135971892
14.775279998779297,14.838323249607434,14.60129341447826,14.697593938041923,270201528
13.6546630859375,14.117800955050969,13.641756868986064,13.973598454665115,488930580
13.653419494628906,13.749969714161882,13.526839269120515,13.619912519238214,155604240
13.776031494140625,13.890699612506873,13.677248095813992,13.754438527975065,118976904
13.757665634155273,13.905344165259201,13.704551039362784,13.81127585796871,95564340
13.57796859741211,13.712988713064375,13.485886598104969,13.70057907154424,131096772
13.526589393615723,13.634060473846052,13.459079814742083,13.582683427509034,83492424
13.195245742797852,13.52659074169546,13.134933181838747,13.526095112714945,174577248
13.131211280822754,13.361290956260284,13.0857902896853,13.128480592136265,153634212
13.134437561035156,13.274421534842443,12.931906912390174,13.206663188851424,136107756
13.204180717468262,13.315871279218282,13.071891284966979,13.238185217531564,122233644
13.04781436920166,13.345155778150309,13.041360788828534,13.182586655091386,97318584
13.169432640075684,13.227014509429388,13.032426230633607,13.067671692010904,74237688
12.568046569824219,13.073627833364366,12.514436352777603,13.068167402110989,242808948
12.652186393737793,12.8001127228696,12.421609205287885,12.434267606906687,183104712
12.376934051513672,12.844788896945039,11.417149466424144,12.62711791579129,199803996
12.239680290222168,12.541986529967444,11.94655642835327,12.409199584632773,203356440
12.947296142578125,12.976335841518722,12.72267688046764,12.75667949063035,164954880
12.634564399719238,12.903363667270568,12.613963638079792,12.798872972145086,132771096
12.543722152709961,12.708775098512696,12.45958346700683,12.708775098512696,153917928
12.679985046386719,12.955981331030753,12.667326644846627,12.819471494381853,132898968
12.596837997436523,12.682715176404312,12.316870051544312,12.652434515918648,164475360
12.607759475708008,12.617439374956305,12.36899209572524,12.578224148961155,111640248
12.369488716125488,12.682219267234151,12.337222700464663,12.658144372132138,112906980
12.271697044372559,12.396044104370157,12.105651888760203,12.317117086369171,137690172
11.78969669342041,12.052043346430809,11.759664791011543,12.039384943547816,196335468
11.716228485107422,12.037646720794571,11.52635718193001,11.642017502861748,387244368
11.843057632446289,12.156532541246406,11.834123069284473,11.931664549917787,173650176
11.840824127197266,11.850255264900852,11.516676179706325,11.619429328280098,120575304
11.80111312866211,12.15578862688202,11.789446930658375,11.964924179405646,138884976
12.173164367675781,12.21908099183881,11.939608647798226,12.036406699095377,112251636
12.05328369140625,12.247376369966984,11.988007267447966,12.229753163742204,115676208
11.972370147705078,12.188055790166063,11.916525809995726,11.924220355942873,106565328
12.245388984680176,12.257798626434587,11.949784129578125,12.079343816236063,101530368
12.548935890197754,12.60850406086355,12.278399085625628,12.28857461327056,145881972
12.378174781799316,12.63952826459839,12.328038694922618,12.40299501074946,156655188
12.050552368164062,12.432530016199681,11.991729533717669,12.386613397801222,145162692
12.032185554504395,12.132954299106423,11.852488844387468,12.108381885616124,107296596
11.76512336730957,12.133946994666248,11.714988226240163,12.092746417176532,109050840
12.087532997131348,12.124515050719461,11.810295758811918,11.922728806408163,103012884
12.124516487121582,12.129729104361651,11.953756216129802,11.975597943095444,71196732
11.992721557617188,12.273434826483813,11.992721557617188,12.272938251670801,81534384
12.360054969787598,12.419871896533945,11.967654000783783,11.9899913537991,170213616
12.441465377807617,12.509223720648075,12.313394476774862,12.314884201218566,91480428
12.411930084228516,12.555635998347787,12.327790447441046,12.495573146200195,79012908
12.410688400268555,12.496069002721947,12.363531763188787,12.472241923841244,114801084
12.126005172729492,12.434020624252229,12.03491631876187,12.407462855110014,119220660
12.068670272827148,12.325556467609017,12.055764056760347,12.159263491490552,88699212
11.964426040649414,12.084554579722143,11.867877710852564,12.084554579722143,81082836
11.791929244995117,11.98180149488455,11.746260438715327,11.90510858393071,75668256
11.731864929199219,11.85521979071945,11.67924691494966,11.840576035612285,89718192
11.716972351074219,11.852736842234371,11.640775079007485,11.729630751651051,70421508
11.274683952331543,11.530079496636787,11.196749129197364,11.502530469273735,139943916
11.043609619140625,11.363289364153442,11.037901373181105,11.292055940548247,143983872
10.90809154510498,11.129236626982873,10.762647159036463,11.052046206857586,140403456
10.835122108459473,10.977339238931215,10.82147055786623,10.960958891590138,77362560
10.823209762573242,11.111120066256126,10.762648442021032,11.020030270940637,102301596
11.173914909362793,11.200969255170222,10.806084390757485,10.878806600924396,125062812
11.331768035888672,11.350880965320497,11.160512139912187,11.2570604781986,106649244
11.603050231933594,11.746260526926395,11.48614894541607,11.713995457823081,173086740
11.81004810333252,11.899648177045028,11.692153667755786,11.724170922188627,133242624
12.141888618469238,12.235955965840466,11.92049570802205,11.969390827828674,158892948
12.1950044631958,12.25680485433721,12.073882771567455,12.158766797742166,124595280
12.261521339416504,12.278399208640835,11.98006366920721,12.204684802670819,194133672
11.407469749450684,11.67924752979079,11.405235635551703,11.643507382548263,312679008
11.570536613464355,11.65666161114184,11.355595368093754,11.442217886487052,181829988
11.953010559082031,11.987758502176286,11.432042064733444,11.442713221713856,162017820
11.851495742797852,12.055020477938024,11.800119639446585,12.012825806463164,131052816
12.032931327819824,12.136430772872703,11.975100691305181,11.993716100887044,85822092
12.163235664367676,12.176389695479205,11.913795243665783,11.932658466679891,90485424
12.136181831359863,12.180360914626533,12.034668687305052,12.139159388825897,79728192
12.227023124694824,12.347896069916144,12.165966169956448,12.176142644365145,97949952
12.021512031555176,12.29204976274074,11.97981488256913,12.284355218075975,99740160
12.037397384643555,12.133946663392415,11.896916840947306,12.061224463300267,106912980
12.033921241760254,12.096219148542792,11.892199746484309,11.904858146922647,85678236
12.171921730041504,12.243154204865398,12.085796740065543,12.136677214347866,74273652
12.157525062561035,12.222801473276702,12.08132779000596,12.174154169784199,72019908
12.566807746887207,12.583684671211003,12.187807624042177,12.215854172271131,152347500
12.610983848571777,12.623394434701224,12.498302044839358,12.556132671052332,96719184
12.4154052734375,12.552410749708839,12.31190677687532,12.543972760549053,132647220
12.542730331420898,12.546454169773922,12.44370006682268,12.465789607309475,74813112
12.502025604248047,12.55886402978713,12.37445127952204,12.468269867533694,82877040
12.204933166503906,12.360305291071956,12.198976159938155,12.353603895149705,88831080
12.211633682250977,12.27963984042821,11.975844823610803,12.011337154233518,88095816
12.07115364074707,12.191281242975212,12.062713760155264,12.13692568789628,77310612
12.052290916442871,12.15852010264541,11.925957542254087,12.004884569612924,52147800
12.174652099609375,12.278399352774104,12.06321124692199,12.125260401370683,75552372
11.966909408569336,12.183338471897645,11.95201783896799,12.172666369521375,107348544
11.614962577819824,11.975843805355964,11.597091560930155,11.938612993097513,156843000
11.467286109924316,11.70481252943784,11.442465879302452,11.614964637703473,156547296
11.518166542053223,11.621913800342297,11.360809061378735,11.454379845442,119328552
11.203449249267578,11.37669237490005,11.19178305189069,11.360062321204538,110397492
11.283618927001953,11.362794717238398,11.168950802068318,11.168950802068318,103580316
11.19327449798584,11.349143204621193,11.179871705521306,11.319360062128375,71008920
11.38810920715332,11.416900142177662,11.110622252948962,11.232488334305327,92403504
11.235716819763184,11.411193137566256,11.2290154236321,11.396052806180194,49206744
11.169445991516113,11.28982234797144,11.119309906354438,11.171680105260819,77794128
11.425338745117188,11.539758092597035,11.23099922994719,11.292552750898395,129002868
11.496075630187988,11.527099732318634,11.424842210811127,11.487637641922516,67300632
11.6727933883667,11.712009557681313,11.601808726281291,11.678253819746871,101514384
11.526355743408203,11.605530572498125,11.492103433734778,11.528836725604469,68327604
11.679741859436035,11.727396014362544,11.529085795828113,11.54596271787078,95975928
11.818735122680664,11.92347552941265,11.679743346849392,11.85968883358481,97126776
11.817741394042969,11.908334615081696,11.791433332255195,11.889222632034175,78893028
11.969889640808105,12.021514512902517,11.901882526414772,11.935887029468384,89570340
11.924220085144043,12.031442421807824,11.915533335497607,11.963435311662042,88571340
11.929430961608887,11.96045601127839,11.876316371682025,11.912306223818382,96015888
11.939857482910156,11.974356668412394,11.898903769748015,11.912307508239879,78701220
12.165468215942383,12.191528462352164,11.942834335300633,12.006621025827013,225438336
12.615453720092773,12.668319551230628,12.21287528943388,12.223796152640022,175963860
12.744019508361816,12.905846147540906,12.631088936237276,12.65020091865152,178473348
12.807064056396484,12.851242194241427,12.699841719142906,12.729129231940364,101382516
12.74451732635498,12.898648489678987,12.690409583078045,12.772563874797385,92603304
13.087279319763184,13.100682111391473,12.863155700518428,12.949529456757821,134141724
13.164718627929688,13.324558033320763,13.125998085536427,13.125998085536427,124171704
13.08430004119873,13.243643806750217,12.867870980290173,13.24091406402988,146041812
13.097207069396973,13.227512093459604,13.023244846598553,13.10117872233997,86801112
13.050049781799316,13.200953669001416,12.879536391209555,13.1336918995193,129634236
13.045830726623535,13.169929981602992,12.980802123016204,13.154540890816076,88911000
12.964670181274414,13.111106798080039,12.877799847547422,13.02920126713315,77542380
13.358809471130371,13.402740739208124,13.068912853888454,13.114333846532851,140143716
13.262506484985352,13.40149824410445,13.15305099490028,13.384372561613974,110381508
13.154788970947266,13.333243771723737,13.133196006263288,13.308672304004592,95736168
13.312145233154297,13.343170278955778,13.095468379027798,13.223291454227097,114253632
13.37394905090332,13.516912480969186,13.33250065649975,13.36501448680081,104946948
13.437239646911621,13.551411189500097,13.347888333879546,13.405718967441823,149993856
13.484644889831543,13.588639950087902,13.460569997439638,13.576479069583337,122101776
13.425823211669922,13.533044598591598,13.331010520793777,13.506487775749124,265098636
14.927921295166016,14.932637337082856,14.683445692629856,14.87381450378799,592399008
15.33149242401123,15.380636303499362,14.905583531064538,14.905583531064538,283644072
15.086273193359375,15.259764139992937,14.962918332458488,15.111589050708261,183332484
15.089998245239258,15.323305209521854,15.07808517709281,15.093968952669094,140862996
15.189523696899414,15.289050532083062,15.040852034466546,15.177609684735144,116703180
15.202927589416504,15.259765074081992,15.141374062439487,15.187786312777321,90153756
15.301460266113281,15.505976248059637,15.263486009705858,15.27887415301293,126209664
15.353582382202148,15.418858796309618,15.165696445136355,15.217073493829927,100415484
15.300715446472168,15.388330153856746,15.197961356529051,15.283341950356009,89586324
15.353087425231934,15.413151225241807,15.222038016470506,15.389571960487213,87284628
15.231966018676758,15.363511058909449,15.214343759862627,15.31560908502813,91040868
15.264230728149414,15.404711265953939,15.17016338158974,15.28234956025633,123360516
15.279123306274414,15.388331935072433,15.253807448403473,15.355320586088546,79824096
15.392799377441406,15.433752143255978,15.227002960568669,15.32628293743069,135084780
15.494311332702637,15.634545010468369,15.440452353744337,15.503495602410148,142689168
15.514416694641113,15.52459222244486,15.415881113261388,15.467258164687665,70557372
15.556360244750977,15.623870770019415,15.466016737626427,15.488105330223188,83967948
15.507962226867676,15.657626090770306,15.400988662801241,15.636529701184926,89398512
15.459813117980957,15.462791621106422,15.326529595936258,15.439956745763459,99780120
15.318585395812988,15.384606193901275,15.244622238963276,15.380883301905925,90373536
14.973589897155762,15.31138845458808,14.92196408881098,15.239162831656888,135584280
14.779500007629395,14.991213032493388,14.744254544757656,14.968378157023094,139016844
14.487866401672363,14.839563412113474,14.481165005818422,14.712237836745443,132163704
14.483646392822266,14.631324920230295,14.429539595485084,14.51963624735481,97602300
14.806553840637207,14.89143787218752,14.607994840790983,14.618915704014633,103496400
14.664335250854492,14.839562793744598,14.652173423853872,14.81747419941068,91808100
14.674013137817383,14.729114022905144,14.463788907831365,14.580938941707076,87376536
14.470242500305176,14.619161970889069,14.350858352683431,14.569522462646688,86417496
14.76708984375,14.807546033031212,14.570516197589956,14.576968833035492,95760144
14.6437349319458,14.717698099990178,14.569275189055542,14.6551514241168,52391556
14.447904586791992,14.638769971882782,14.394293424614562,14.623133067628773,114273612
13.792661666870117,14.254558570291692,13.73309349328572,14.254558570291692,284411304
14.007104873657227,14.186304070954344,13.958705379705071,13.973597895481438,150013836
14.192508697509766,14.22998732799858,14.031923964809897,14.114078250302704,101814084
14.221796035766602,14.308168841614245,14.09769678540108,14.133685690968466,105142752
14.354830741882324,14.445176151926644,14.311396994703967,14.40968381897541,83668248
14.572749137878418,14.718193534324143,14.544454778281112,14.675255420120788,121566312
14.657136917114258,14.706280798729386,14.487121049520747,14.692629247574562,70205724
14.6809663772583,14.782230768256762,14.618917215435696,14.740037981400116,74681244
14.698586463928223,14.74276648970328,14.650932306087144,14.721668207681862,68119812
14.758401870727539,14.966392951034633,14.745247839731979,14.820451970775771,95844060
14.765599250793457,14.849490122275585,14.705286696025237,14.819706039517072,65666268
14.651182174682617,14.803824568208073,14.622639049701718,14.747980228412953,86621292
14.686178207397461,14.73730650212568,14.59583279388242,14.714472570703352,63812124
14.663591384887695,14.70727389199735,14.58590437800325,14.668555241659915,123360516
14.769323348999023,14.8393158118012,14.610476145617934,14.759147820750997,78853068
14.968130111694336,15.00908287401683,14.832613423032463,14.856440501944764,75104820
15.028193473815918,15.065672102983623,14.973342293115726,14.991212365316045,48251700
14.99692153930664,15.04085280616698,14.942318169703647,15.02447245738587,44387568
14.951004028320312,14.985751020981613,14.879522798017817,14.95993859094767,48275676
14.865128517150879,14.987986806766443,14.842541456030249,14.942813630382016,42549408
14.916753768920898,14.95174952671086,14.865128901757569,14.941573998661333,40727232
14.863638877868652,14.924943642854693,14.827154342123189,14.842293726644535,39540420
14.742268562316895,14.852717204922309,14.694118776835301,14.811019108569107,61510428
14.999900817871094,15.030678055227613,14.804568128008343,14.804568128008343,94513392
14.944551467895508,15.045321164953158,14.894911954564277,15.031421798546223,72907020
15.117049217224121,15.148323026031171,14.893173428440257,14.893670003253458,101190708
15.227002143859863,15.349363859872804,15.14137372410002,15.157009683528386,82229688
15.299971580505371,15.344895995290171,15.14335944839271,15.286817549925697,83963952
15.244625091552734,15.273912604081836,15.10439235006053,15.259267901960403,63104832
15.289299964904785,15.3585470896208,15.251822279548449,15.331493692438308,57514428
15.310646057128906,15.372199586135759,15.258524613056153,15.372199586135759,65242692
15.306177139282227,15.380140302817123,15.243381706886076,15.313126349130314,53306640
15.492077827453613,15.49431099535344,15.315856193294858,15.323798552826771,94529376
15.8755464553833,15.934121476309937,15.51913152739415,15.538739139198329,144535320
15.679965019226074,15.958195422748945,15.628091393847772,15.937346846803273,136107756
15.556360244750977,15.73779448582967,15.469987444247469,15.691380349431107,219212568
15.185551643371582,15.92766613426351,15.173886391851791,15.87430467883981,355819824
15.166936874389648,15.201933576278092,14.922462211135493,15.07981967896443,183784032
15.386096954345703,15.405456751900763,15.053758807553606,15.095455959958201,145726128
15.301460266113281,15.450131920258734,15.271179608431023,15.396520760221552,81442476
15.308658599853516,15.380884222255839,15.220796073449685,15.335960755309817,80687232
14.916505813598633,15.397266877338366,14.885977338024563,15.365248677231234,169074756
14.90086841583252,15.002878127487998,14.781485206196646,14.981285162255285,112083804
15.165945053100586,15.223279110807962,14.969123596715926,15.003374018446852,109702188
15.189772605895996,15.247851054739742,15.078827379513307,15.164952376003177,70357572
15.143855094909668,15.176121108117728,15.044078552204779,15.127225040554316,59744196
15.164456367492676,15.175872859520757,15.055993072228054,15.14385560557291,61969968
15.246609687805176,15.34837063506539,15.120523195942148,15.144102459547542,71912016
15.348123550415039,15.379148601959889,15.252070838319945,15.26249607285936,67728204
15.301460266113281,15.374679036375776,15.198209598491212,15.310643589204336,73626300
15.299971580505371,15.326281533378328,15.178850833266596,15.23692927863107,93282624
15.500020027160645,15.512430614077838,15.214590715917033,15.234199272991976,103492404
15.590614318847656,15.627596378199302,15.389325563823661,15.47123109714923,85034880
15.491333961486816,15.63876467455674,15.465273712519712,15.57001412082478,83596320
15.493071556091309,15.549660278710492,15.440452594601238,15.528067313064417,67292640
15.518882751464844,15.568274445500984,15.395280082067595,15.419354974124163,59092848
15.63851547241211,15.665816683193245,15.492077922067892,15.537250151297572,128587284
15.145345687866211,15.510694250245722,15.084784364847028,15.389075975212823,145450404
15.172893524169922,15.256785345910027,14.991212406939207,15.148323002450947,115468416
15.110844612121582,15.216825974907934,14.925439653794301,15.174631303036065,108359532
15.141124725341797,15.257281618652845,15.12772287998144,15.186297901470343,77218704
15.22452163696289,15.301215500169073,15.09074152468234,15.140134173498714,91168740
14.910797119140625,15.368973028388327,14.874559450432757,15.333231934541379,132795072
14.911540985107422,15.040851903720892,14.772549222302041,14.886968571696412,80986932
15.129212379455566,15.17711530066481,15.016033038038733,15.05028535289213,77734188
14.90732192993164,15.114816430249517,14.896896696162045,15.09868200476941,120319560
14.684935569763184,14.983518931870723,14.56927524790725,14.905585056458191,138369492
14.701069831848145,14.841798205365569,14.648699626819964,14.716457977809773,91304604
14.687666893005371,14.755674003682353,14.538250825320644,14.668555854462557,85953960
14.40298080444336,14.559841689080919,14.381883469470852,14.530555126303346,124998876
14.31387710571289,14.395534810096777,14.22998623355749,14.351354787462448,121158720
14.147089004516602,14.353093786650758,14.098193881040874,14.21683270445482,112531356
14.136415481567383,14.172156572772906,13.787447287380752,13.837087744380467,160063776
13.827159881591797,14.14212548752084,13.682709567407267,14.097945459330207,151788060
13.932893753051758,14.122517249436342,13.91254175047937,14.010332001999286,115856028
13.925447463989258,14.097449640404301,13.892685820284143,14.014302202312503,131812056
14.30866527557373,14.390571744782578,14.12301344960406,14.152796588381682,120715164
14.329017639160156,14.376423982952758,14.209634428975182,14.327776675012991,75400524
14.449148178100586,14.456345203161915,14.196977056599666,14.27615284498627,72575352
14.566545486450195,14.603774412141375,14.365751427071912,14.530307818739816,83864052
14.389082908630371,14.567041146411345,14.376672320850075,14.566297702924164,114221664
14.280372619628906,14.5193878228131,14.264239138342177,14.44691342892009,88647264
14.438474655151367,14.442446308094038,14.222045580839358,14.296256563985116,64127808
14.441205024719238,14.532045115260708,14.409931214289593,14.504246382846986,56835108
14.563318252563477,14.598065247689343,14.438721483156483,14.46999529214063,81094824
14.688410758972168,14.772550401834586,14.612958811371355,14.612958811371355,104423472
14.586153984069824,14.761381543373687,14.472478063138928,14.718195608608681,82097820
14.124751091003418,14.432517781401971,14.04011487280107,14.422342253240453,241658100
14.251083374023438,14.275406081466619,14.097696615402457,14.201443863647173,106625268
14.39553451538086,14.411419233206782,14.251330145068708,14.28955316114965,101158740
14.349867820739746,14.516906153750275,14.347386838024647,14.516906153750275,75995928
14.330260276794434,14.348378165091624,14.221796978083107,14.301220579248083,74253672
14.162476539611816,14.318841802204302,14.098936717421735,14.271435459435693,83340576
14.303204536437988,14.335967123416362,14.190770541573409,14.284093500295658,82693224
14.358553886413574,14.381884390684572,14.199458877924542,14.276151786292553,218033748
13.171916961669922,13.545455736909544,13.156032239937286,13.53403924344087,561186252
13.076109886169434,13.096462832788113,12.881522550168196,13.065685598378538,201390408
12.944316864013672,13.17638284370278,12.928680904322453,13.153300152982043,107256636
13.04856014251709,13.075614485033936,12.940842184848714,13.052779609774637,122277600
13.032922744750977,13.11184881221811,12.965660036398187,13.092241202580585,98705196
13.031682968139648,13.080081518153174,12.956230074167149,13.036646824976229,65166768
13.224531173706055,13.33919832539706,13.035651160710367,13.06816593008891,139860000
13.347142219543457,13.355829914188003,13.262506953697619,13.353099225626348,91844064
13.352356910705566,13.384126351357027,13.25580667867689,13.354590078782799,79920000
13.504500389099121,13.504500389099121,13.365757387887497,13.402739441978735,168970860
13.366999626159668,13.544958812131425,13.33125853275181,13.54421347692076,85262652
13.251089096069336,13.452626565622811,13.145355559497512,13.331505832327332,83176740
13.298248291015625,13.377919701889192,13.229496797020861,13.282860146563372,84595320
13.260522842407227,13.388344995541985,13.191772289104678,13.250347314074002,79832088
13.286087036132812,13.438977229299962,13.283108532907887,13.356823886618445,82161756
13.3451566696167,13.36526180131459,13.181842200556057,13.278639291622053,77870052
13.46876049041748,13.512691755043825,13.341682738510348,13.402739686238029,81634284
13.289809226989746,13.490850144273875,13.24612672232996,13.406214877683189,93458448
13.279881477355957,13.326791245292727,13.177126432304103,13.284596573498003,57874068
13.143372535705566,13.301475347962135,13.130961947803353,13.268961518289204,84263652
12.86712646484375,13.086783748998876,12.816991322047816,13.062956668871108,118209672
13.1659574508667,13.18482067256922,12.782987608737766,12.79291532146853,132011856
13.149826049804688,13.16273226663719,13.04781633348599,13.143124653963113,78049872
13.185565948486328,13.316862218817253,13.147590744919516,13.222299242110596,98649252
13.006366729736328,13.203932577011276,12.984028428766406,13.199216534811335,92607300
12.86638355255127,12.906343168910961,12.742532104501597,12.821955708206556,91908000
12.863155364990234,13.00462906274151,12.860425622179346,12.915525565944241,75924000
12.898152351379395,12.975093076894138,12.838087603793644,12.840072957323123,52011936
12.859929084777832,12.958960295149264,12.782243025547299,12.849256036278966,84655260
12.928680419921875,12.950769960115883,12.814507934791344,12.868615674227769,69762168
13.130218505859375,13.130961949353948,12.993213030920584,13.030441957061026,107384508
13.045332908630371,13.23396322854383,13.038134938763845,13.10589327875442,118117764
13.106389999389648,13.16198651390902,12.967894814962044,13.094227227307703,88091820
12.982786178588867,13.09497235545279,12.943571903779398,12.955980598422911,69870060
12.93265151977539,13.075613988706415,12.887726160276516,12.994204095616997,77606316
12.882266998291016,13.021257818089857,12.881273848646662,12.978070942269355,76227696
12.885741233825684,12.937118284125924,12.801601595280298,12.820217003192207,66069864
12.825180053710938,12.90634118405538,12.798126658881708,12.90634118405538,67496436
12.645980834960938,12.824186867583434,12.640520403945478,12.759407976373357,97498404
12.52734375,12.66310826312887,12.463804868228564,12.658144406222585,96994908
12.617687225341797,12.75940873397671,12.583434912834647,12.612225848145313,93566340
12.483162879943848,12.617189844954131,12.42508443385371,12.534787744976496,82849068
12.41912841796875,12.573010809817644,12.327294233490191,12.479688792561745,110169720
12.038143157958984,12.575989513324977,12.03268178059519,12.56333111130564,209606184
12.027222633361816,12.068175397887899,11.894435680309925,12.037646921830808,121022856
12.236205101013184,12.259536552447555,12.03094470146022,12.092002600047117,110505384
12.087532997131348,12.220071176088213,12.080583787491411,12.197733822766212,96187716
11.919007301330566,11.984531531033854,11.757925996863886,11.966412698205328,191875932
11.786470413208008,11.932162643582723,11.740304083663762,11.930425104453201,152071776
11.983041763305664,12.122033527602591,11.754699636878534,11.764627349797802,137650212
12.252338409423828,12.315877284784813,12.013322291673887,12.013322291673887,108495396
12.349632263183594,12.416149642568202,12.220816971594395,12.324067645622168,93626280
12.568294525146484,12.57549249540525,12.447173778298124,12.459335605050713,97038864
12.931905746459961,12.935629584478239,12.56829382011645,12.57722932881817,145322532
13.21510124206543,13.28856878026229,13.03788834242271,13.03788834242271,153814032
13.287574768066406,13.36575739752696,13.229992899205563,13.241410336358873,107716176
13.566551208496094,13.667815579146778,13.300480755871813,13.427559449233835,157262580
13.203932762145996,13.344414259435005,13.086783661691992,13.227759842114805,190617192
13.087030410766602,13.30296383744918,13.042851332501339,13.109368710231163,113458428
13.254070281982422,13.388345071526135,13.055262514605369,13.108873682963845,113534352
13.359554290771484,13.502021148488591,13.315374260914568,13.328281424147082,111496392
13.1282320022583,13.452379958494461,13.073378929988717,13.380897778167496,265714020
14.832860946655273,14.89813736143554,14.598065240058048,14.82988244361754,548734716
14.76634407043457,14.942813523965812,14.693374054024867,14.705535881069288,178553268
14.955223083496094,15.008088909475894,14.780987755758439,14.796127139044646,118581300
14.776521682739258,14.962174462599112,14.776521682739258,14.946040982539659,89022888
15.065424919128418,15.09198174113501,14.743262301942334,14.743758876774171,138641220
15.34439754486084,15.375919164873379,14.997912268458837,15.02571099654407,140986872
15.363016128540039,15.522607723094364,15.214592266221239,15.223527776209293,125138736
15.450878143310547,15.574480825082365,15.319332155691383,15.339932917938969,93622284
15.07113265991211,15.411909727944023,15.00982789787044,15.318338953196342,157218624
15.163463592529297,15.288555999944467,14.966393369718789,15.020748925940028,124211664
14.983518600463867,15.263238733162828,14.983518600463867,14.996921391776084,165330504
15.059964179992676,15.276642015939688,14.871581652091093,15.17041377755513,158485356
14.703303337097168,15.131942021554622,14.682702574593756,15.04085316795655,127895976
14.92097282409668,14.966392869034193,14.485631814038696,14.74971598660426,152874972
14.33398151397705,14.863389872654855,14.332741495685129,14.75542315414377,196387416
14.371707916259766,14.643734445364638,13.948777498718782,14.458578243983112,236926836
13.552156448364258,14.122517623056408,13.510707106898344,13.973102498856528,299564136
14.231972694396973,14.261756779712321,13.427808066023431,13.923957259461353,258529212
13.626367568969727,14.001396027596874,13.59459812900471,13.93338986575203,214569216
13.952004432678223,14.110107244339584,13.611476100209558,13.745750885862574,193030776
13.992709159851074,14.159747478606095,13.90906609322692,14.134927249147145,126045828
13.830387115478516,14.022989097233328,13.552900161442993,13.736071005087059,285510204
13.377920150756836,13.711500212640773,13.16198765464095,13.711252398148073,277298424
13.2327241897583,13.494326450128957,13.173653535420925,13.403485408797762,163000836
12.531065940856934,13.027710768454998,12.422106071953094,12.992467197222883,251376372
12.184579849243164,12.779016823031489,12.183091070575264,12.39356408071483,216183600
12.364523887634277,12.583683638204896,12.274179429225942,12.509223898948425,196039764
12.877056121826172,12.941339396494474,12.38661511473946,12.496815014170833,173698128
12.987998962402344,13.154540703130426,12.837591647420902,12.88971308784584,143636220
12.90733528137207,13.334981742761721,12.864148404747876,13.16397272110332,131588280
13.076606750488281,13.16571024643183,12.736077486162044,12.90609430383812,143708148
13.379904747009277,13.38908901642892,13.242899282859286,13.267718564998464,93338568
13.420113563537598,13.476951045718112,13.174645747425288,13.357815649934272,119440440
13.426567077636719,13.55910526390106,13.303460029679187,13.520385669303971,107624268
13.216590881347656,13.497799792684768,13.184821442069637,13.421354697654136,96523380
13.026470184326172,13.102915275623356,12.924460475818357,13.017286860791394,95951952
12.960450172424316,12.974845167729068,12.670553562532158,12.677999347606013,108523368
13.25456428527832,13.30197062664316,13.090008853535544,13.165709554349462,110121768
13.277647018432617,13.380401114956488,13.201698502890066,13.248856084082218,95124780
13.026718139648438,13.269953727496151,12.935878052943735,13.18928822234791,130621248
13.15751838684082,13.203931578427195,12.844291297251072,12.855708734292831,106709184
13.142627716064453,13.250842250384794,12.9907297298037,13.204180295279642,94073832
13.205917358398438,13.327038096155,13.050793071183458,13.21882357348495,107668224
13.466279983520508,13.526343787954685,13.267720029351363,13.291051481336778,118313568
13.568538665771484,13.57250937306834,13.480675180081427,13.521876706963527,141230628
13.568288803100586,13.648456790479884,13.288072096078999,13.41142696048027,98637264
13.56729507446289,13.86240428468669,13.469008257833556,13.63604656696466,111052836
13.382884979248047,13.77504009214235,13.374446989744522,13.593606765320613,100471428
12.922723770141602,13.124261271945754,12.757422990000434,13.061466781734484,175835988
13.043099403381348,13.065685517765067,12.769831917029313,12.820961151885308,110980908
13.201451301574707,13.22726373414199,12.738808139540806,13.086285667110532,105262632
13.386357307434082,13.577719254937598,13.304700551221396,13.358062003752872,120315564
13.125748634338379,13.502514589095634,13.097454275672115,13.43996886598387,90441468
13.09249210357666,13.335726763663388,12.89169898694863,13.304453898084843,116147736
12.783235549926758,13.005621614098262,12.766853310387763,12.911553319128764,108835056
12.298748970031738,12.707780897024968,12.285842755975365,12.654418502124386,178797024
12.457101821899414,12.495325787972657,11.92843879513788,12.162490121002916,166185648
12.52659797668457,12.603540593611683,11.932658519937835,12.319352228810862,181182636
12.775045394897461,12.787951610765822,12.474475754181567,12.596093074089076,136835028
12.785222053527832,12.918753397348992,12.665590076432025,12.827664543061696,114121764
13.332499504089355,13.339945288816823,12.985765426731065,13.03490930847459,92795112
13.481666564941406,13.57151539251773,13.240417279603806,13.240417279603806,114021864
13.61370849609375,13.780746808033927,13.517655791587313,13.604525172364264,126984888
13.874069213867188,13.87431702834043,13.601794884601063,13.651683153977887,227276496
14.685430526733398,14.88200415143288,14.583420822219939,14.87877783406234,340854804
14.455350875854492,14.689154368101198,14.345894441131902,14.487864701605767,160167672
14.656393051147461,14.707273527659133,14.331003167563365,14.400251237876835,151879968
14.412908554077148,14.69486183316937,14.376175260954446,14.577712744187183,117142740
14.486623764038086,14.616184392659518,14.383373088516326,14.442693444376228,135024840
14.655896186828613,14.71198927922815,14.561828835126892,14.631573478899062,135504360
14.803077697753906,14.891188992178323,14.55686548577986,14.562325917347806,136938924
14.473966598510742,14.767833911659784,14.46627299904261,14.720676327607332,101518380
14.552148818969727,14.648201523344737,14.218321901742927,14.632565564506091,114809076
14.858922958374023,14.95894731326841,14.72563944138837,14.852717192015044,151060788
14.895407676696777,14.949017890609964,14.749217951366505,14.755919346337746,100219680
14.709259033203125,14.884239711182287,14.68518413903401,14.770068169498742,102209688
14.362029075622559,14.53229276273668,14.314870546029004,14.39801798196668,124878996
14.515167236328125,14.593102056146234,14.407450222330533,14.517153535682683,84751164
14.829882621765137,14.829882621765137,14.487865530984925,14.569274480185998,106685208
14.796128273010254,14.885480530320361,14.704047218741,14.73060404100164,113278608
15.098682403564453,15.109852026939235,14.699083428544201,14.726136825763737,134161704
15.198210716247559,15.248595562649324,14.981285077915313,15.115312042008574,121054824
14.915512084960938,15.124991938456672,14.858673657553892,14.997666369878958,148291560
14.769820213317871,15.039611686717915,14.682454255340968,15.039115111881253,114621264
15.0991792678833,15.192005653720265,14.857185590373172,14.924199544281354,158920920
15.214591979980469,15.340677537885453,15.08503323566087,15.090492721495604,127420452
15.302949905395508,15.340676349459056,15.152541649814673,15.209626944869761,106932960
15.176617622375488,15.346137872383691,15.155273416456163,15.191757953145258,104235660
14.91352653503418,15.196969549741826,14.812012454273143,15.141373033058361,139592268
14.764854431152344,15.0036227304859,14.736808832095397,14.94157263472745,131376492
14.418866157531738,14.606504283456104,14.199210778961984,14.588137636133558,119931948
14.39553451538086,14.518889365921854,14.27739133539011,14.39553451538086,96115788
14.150068283081055,14.401741884801304,14.150068283081055,14.28012360567777,92938968
13.973597526550293,14.253317650989601,13.932147243816926,14.027953079521069,62433504
14.598811149597168,14.614448055709413,14.308666710893467,14.379900139167075,113042844
14.468256950378418,14.652668747247548,14.428545155152788,14.591115228183638,73198728
14.87679386138916,14.879772364567906,14.69560836332279,14.841052769101047,135744120
15.23370361328125,15.289051372420877,14.867114092453065,14.891933376064792,144679176
15.397266387939453,15.48761084760762,15.29550449064142,15.315113048300669,163264572
15.528562545776367,15.683685890591278,15.447897990295644,15.577954239482517,127772100
15.481903076171875,15.602278493447347,15.394288356590629,15.462542332405185,92966940
15.472472190856934,15.528813104071315,15.341174954412853,15.430030645061638,90201708
15.290294647216797,15.57324112664322,15.271679236989609,15.414146099407137,96427476
15.572494506835938,15.614936047035503,15.314119535727334,15.33869005766275,110537352
15.522109985351562,15.541717597098698,15.395528805550121,15.434992789386385,87268644
15.528067588806152,15.799348791965517,15.459068277452738,15.605753649470314,160966872
15.340429306030273,15.495553611380213,15.201934109801801,15.434248846088202,155991852
15.376914024353027,15.487611435194657,15.355817633121319,15.450878138482201,96247656
15.536256790161133,15.619651086614796,15.424815003997592,15.495551845647439,178193628
15.43375015258789,15.599298733602453,15.3883310563917,15.587137853121925,85654260
15.645713806152344,15.682199287344709,15.586641263963616,15.586890970165586,95432472
15.532782554626465,15.681701084346809,15.362516983136983,15.636777616367493,99816084
15.629082679748535,15.67946752353881,15.562317488574978,15.58564799143651,72819108
15.71446418762207,15.752687207395095,15.650429681209616,15.686169826841832,58089852
15.890934944152832,15.996170982090023,15.686171114628898,15.687412078872773,64191744
15.877283096313477,16.008829079308665,15.83757035190009,15.952983800986008,85002912
15.944297790527344,15.959189360979554,15.765594215816506,15.921710728637176,62952984
16.031166076660156,16.052510281167837,15.93486461261048,15.93486461261048,71220708
16.515403747558594,16.583410861640612,16.1917542028002,16.205900439214815,146912940
16.586637496948242,16.63553262382068,16.396516475516986,16.50597103662037,114445440
16.356555938720703,16.479662998591728,16.287557569070355,16.43399513540894,131184684
16.133426666259766,16.381129568820697,16.12771747387595,16.360031284308878,107608284
15.449386596679688,16.058466315732485,15.418858124508697,16.046056675291183,232671096
15.466265678405762,15.730845476037226,15.311637006257074,15.630325488858796,175648176
15.536256790161133,15.621388625433703,15.41612825575979,15.475198900462225,95904000
15.627593994140625,15.708258550893614,15.549659180015496,15.66680921567599,74932992
15.512182235717773,15.560828597386509,15.41463980618208,15.54370291395873,92199708
15.601285934448242,15.685673388552177,15.52930812187229,15.685673388552177,76295628
15.708756446838379,15.735809844346495,15.440950322900969,15.552886805479126,110357532
15.874054908752441,15.909299423499922,15.67276618490707,15.909299423499922,251959788
14.544205665588379,14.668553669489608,14.43772867917996,14.656887472297043,422628948
14.532541275024414,14.610475146811025,14.473966254549856,14.544455287391964,136379484
14.418620109558105,14.586154069745747,14.345896954802189,14.552399274025143,122109768
14.13467788696289,14.363516575172966,14.057487464184591,14.333732492254834,199308492
14.100178718566895,14.258529335604448,14.012068373738078,14.196480183328484,128918952
14.395039558410645,14.403478493052226,14.130706625136199,14.166696477536124,144555300
14.338202476501465,14.395536535741138,14.231724532546274,14.347137986228883,93126780
14.398265838623047,14.49481606605735,14.275158789028287,14.469995837033148,85610304
14.416135787963867,14.53204486610269,14.37419082142822,14.51814550013414,92735172
14.522363662719727,14.554629673518479,14.447160485438717,14.516406657003122,96491412
14.800844192504883,14.819211786165361,14.59533598869421,14.660115830839471,126613260
15.117544174194336,15.160731047314606,14.743261093341163,14.768080374330141,147036816
15.059964179992676,15.124992785155012,14.985256621555099,15.069396264626773,83600316
15.136407852172852,15.173637718310449,15.009577925331806,15.10637500977553,73382544
15.176369667053223,15.251822559847557,15.115312715545677,15.190269033492735,90497412
15.038619995117188,15.093718995012942,14.991213649095949,15.087514173985422,92914992
15.194735527038574,15.23543952869381,15.140628734486496,15.152541800918799,72579348
15.134175300598145,15.189771818155064,15.010076049283553,15.178355326433326,72075852
15.029930114746094,15.212853130499445,14.955470381527196,15.212853130499445,96938964
15.05375862121582,15.110596103162319,14.835592017258996,14.961925382924138,101134764
15.007099151611328,15.081311085025725,14.951502628106807,15.015289326623249,97866036
15.239413261413574,15.335714739086274,14.963415992089283,14.987988409325215,99132768
15.089004516601562,15.30841210474883,15.058476039210204,15.188780123696068,78601320
15.043583869934082,15.089003916595354,14.900621388204291,15.065673411161224,82117800
15.137649536132812,15.181084224382989,15.028689675015775,15.074358476931744,77346576
15.123006820678711,15.198706579907153,15.01752203004943,15.05549628983606,72483444
15.348371505737305,15.382622873305811,15.082549793633095,15.14013261165483,113790096
15.344897270202637,15.527323741379403,15.27664234580806,15.353584019816559,125350524
15.44789981842041,15.5298053476519,15.342415023440582,15.444424740304184,89418492
15.419357299804688,15.487612225456655,15.396275553862434,15.437972709462906,62869068
15.245616912841797,15.450132907861214,15.1743834913237,15.399002726785358,63668268
15.015037536621094,15.110593651839986,14.739040345834445,15.0917304324132,126849024
15.060708999633789,15.169667923050802,15.037378495058944,15.11655333274834,50529420
15.069147109985352,15.177361638157588,15.049539498966897,15.141123973259418,53766180
14.898138046264648,15.187290264271091,14.89193322542448,15.08925220328279,106717176
15.019756317138672,15.06567293720962,14.873566576384205,14.891933224412584,66693240
15.333231925964355,15.33496946504817,15.029684699293071,15.109108301289773,89742168
15.288802146911621,15.457329228851867,15.226008608483742,15.264230680060994,117358524
15.416376113891602,15.475198944296553,15.260010861741335,15.303942123696448,97306596
15.513422966003418,15.535015930826095,15.389571531124705,15.410421052504804,121897980
15.735311508178711,15.81696921226372,15.419106870684628,15.465767875386497,86825088
15.723151206970215,15.786937899993786,15.568771292452757,15.659364513946644,61558380
15.884232521057129,16.068146804241657,15.698827567594067,15.750949005220113,98685216
16.034889221191406,16.10314414053493,15.661349556866933,15.847498906959807,96311592
15.949012756347656,16.095698120485917,15.90706779072898,16.048539592189883,77530392
16.116296768188477,16.120269366690604,15.873311834949089,16.008828520138078,72695232
16.05896759033203,16.219799216446244,16.00386574715045,16.05921540485609,80207712
16.275890350341797,16.346131571567504,16.159733454300156,16.18331177380023,101454444
16.09346580505371,16.296492097981645,15.991457029571565,16.218309457934513,76895028
15.915505409240723,16.219549196640823,15.90954840290363,16.176363265338985,92335572
16.05648422241211,16.07088016408421,15.75665894259902,15.903841839557753,91276632
15.94975471496582,16.08204601801787,15.850972277620636,16.019002776504507,81714204
15.764352798461914,15.85990893116387,15.663831863228404,15.846258325308401,65038896
15.694112777709961,15.796122493252412,15.601038571840567,15.692127424179343,92655252
15.657378196716309,15.76881904178072,15.51962739963771,15.598803178441408,87220692
15.558595657348633,15.748219141968315,15.5012616000271,15.723896433706086,99180720
15.78445816040039,15.785451310151993,15.668796886185827,15.735066458611001,87872040
16.157997131347656,16.210862963164775,15.891184152138404,15.943056834248802,230033736
15.502503395080566,16.10786027148602,15.476193441823513,16.072118234037156,326045628
15.042590141296387,15.482895007758597,14.933134643224655,15.462791766721823,227456316
15.129461288452148,15.330998797268728,15.065921460834648,15.104392297708676,120835044
15.0768404006958,15.209626393544584,14.961675719270247,15.091731969512082,106673220
14.87455940246582,15.295505437783236,14.867114563003515,15.033158791534614,131652216
14.794143676757812,15.111590271111913,14.788435430486972,14.99741872469694,122213664
14.832366943359375,14.853463335558411,14.648699505518596,14.715712520713602,87824088
14.923455238342285,15.056490005699072,14.825417174804915,14.848251105261795,77086836
15.133180618286133,15.17363774761157,14.963412579707935,14.991211308599398,72771156
15.275896072387695,15.338689611394903,15.132685791101869,15.16271768929157,83616300
15.263736724853516,15.307420180846561,15.15502560561082,15.26472987461951,65390544
15.012310028076172,15.29103702022674,14.907073993480669,15.214344108190904,96195708
15.001884460449219,15.17984172771852,14.896647495605006,14.985999742645193,80011908
15.072125434875488,15.09322182421402,14.907072483119604,14.92171623759141,64395540
15.165447235107422,15.260011155813741,15.114070187937314,15.130700241388192,74645280
14.816727638244629,15.087760996077597,14.812756931639862,15.038865877633855,88207704
15.079322814941406,15.154279127951245,14.76783325697202,14.76783325697202,79700220
15.209379196166992,15.311388905924952,14.909307073004022,15.029186855237919,106984908
15.119034767150879,15.298482719122802,14.936857072456045,15.061205082438866,93058848
15.230972290039062,15.293765827746661,15.145839507685173,15.213597847456805,61374564
15.02174186706543,15.253063455308338,15.0103244290569,15.14881962626699,83892024
14.991212844848633,15.10290245492268,14.906328816860903,14.911293619273431,72903024
15.167681694030762,15.264230970261776,14.985007429093148,15.024719225818716,83999916
15.60997200012207,15.639010749197615,15.287561582142686,15.337697666749,193210596
15.464031219482422,15.831365109891665,15.418858990710314,15.73159046011038,134017848
14.901862144470215,15.696594717844619,14.810027956863927,15.514912642020997,238701060
15.242142677307129,15.281357902431685,14.891933502350133,14.904591904613564,122892984
14.911788940429688,15.234695937082051,14.792653547981297,15.225511667615384,121953924
15.126729965209961,15.130204097383931,14.820452061792214,14.932886064384066,126996876
14.98277473449707,15.187785413667143,14.86388715504036,15.119282680383884,75576348
14.681709289550781,14.934871660361676,14.601044725197195,14.916753772293935,143132724
14.75145149230957,14.87033906597641,14.602036391731149,14.78793697094899,104123772
14.59980297088623,14.690891818715075,14.483149505349548,14.598065431936648,76191732
14.41688060760498,14.643734914063037,14.370715226560932,14.611965474247688,118613268
14.171661376953125,14.213110718028506,14.106384954707785,14.191765565364362,122193684
14.360539436340332,14.407697966213734,14.14758544601146,14.152797117149541,97210692
14.157513618469238,14.3491234097671,14.059723369267926,14.28260602597902,93502404
14.409682273864746,14.444430213738368,14.23693572409696,14.308168196859638,83748168
14.351604461669922,14.591364989377062,14.327281752357777,14.584167964482795,70269660
14.406704902648926,14.420356454370435,14.26101173654909,14.292533361482988,56359584
14.110105514526367,14.527576413777723,14.065181102627811,14.500026444404106,106337556
14.025718688964844,14.154782739073642,13.86389299737319,14.141627762899507,128839032
13.926190376281738,14.07287573269829,13.866374395447195,13.94182728006347,78089832
13.875558853149414,14.024974910218457,13.812764364276555,13.931404131915947,93702204
14.011075019836426,14.011322834315768,13.826911027413754,13.907576532153119,119927952
14.168434143066406,14.251829394698142,13.880522888150427,13.9641669001308,99776124
14.433509826660156,14.501764744582074,14.224774366075907,14.236439617908326,82964952
14.333732604980469,14.39553488492507,14.23445358894825,14.39081884317723,93774132
14.028449058532715,14.391565386464887,13.991715762765633,14.391565386464887,80371548
14.184070587158203,14.184070587158203,14.043590978782921,14.097697775246045,89026884
13.916513442993164,14.09993117288207,13.833366001658241,14.081067948991569,63200736
14.015294075012207,14.062948230474811,13.886230973765173,13.967639919549601,53953992
14.129962921142578,14.24636762741037,14.04855397110063,14.090251122846894,67624308
14.006111145019531,14.053765301820379,13.829889512305284,14.045575127874553,76759164
14.397271156311035,14.398760880656587,14.201938500122171,14.270441227742682,100679220
14.407198905944824,14.469994334235713,14.308664281118748,14.440705880597704,66153780
14.589874267578125,14.604270208096414,14.345895234924361,14.395783506060805,47532420
14.790668487548828,14.893422588222796,14.607496694826171,14.61295807206108,93742164
14.543957710266113,14.731100208506264,14.465527263959105,14.704542441123147,86385528
14.544703483581543,14.608986751586105,14.426561235739191,14.518393529888874,68535396
14.437727928161621,14.704045233420844,14.364260400400774,14.648448722223197,76847076
14.176872253417969,14.3421730335767,14.021748892933358,14.303702198037163,139832028
14.159249305725098,14.195239157004131,13.951010418268043,14.075855003292247,92299608
14.309163093566895,14.374439514267943,14.111348477877444,14.200699793686717,78960960
14.269451141357422,14.375431565810656,14.191517264744713,14.305440049315877,58445496
14.314374923706055,14.412165169200955,14.10762480946163,14.35656865084346,67136796
14.414399147033691,14.487121348391128,14.299483218936917,14.320579609378177,61866072
14.719682693481445,14.854207176926499,14.544455154342307,14.547929286370389,186801012
15.160484313964844,15.213102328441847,14.846760634695361,15.10935507811065,258289452
15.276890754699707,15.347378845573475,14.8484989402263,14.90384764617829,142325532
15.079819679260254,15.336953690034992,14.999651693800338,15.26423148936619,80295624
15.09024429321289,15.224023445430454,15.025215690413695,15.09843446748873,72847080
15.223526000976562,15.310644139166287,15.140876090188264,15.26423094725521,67340592
15.759636878967285,15.760630028652693,15.326282161808432,15.36078134430902,141846012
15.693614959716797,15.949260183345167,15.624119078938524,15.786689158213457,87380532
15.710244178771973,15.797857946718768,15.59234975177619,15.593342901398275,74549376
15.703046798706055,15.872566085073592,15.670779841144013,15.817713959760288,73710216
15.605504989624023,15.835834376087556,15.472967743515726,15.525089185572746,79028892
15.917739868164062,15.977060226616972,15.7889245690802,15.884729463960882,75808116
15.954719543457031,16.11753741662474,15.865366356813716,15.875046253838187,71224704
15.898131370544434,15.990462128060539,15.79711481002195,15.92915547362721,79192728
15.940075874328613,16.030420329943894,15.847498250870169,15.86114885583101,52835112
15.943059921264648,16.04283459769142,15.922459154787816,15.99667109867084,42769188
15.934369087219238,15.940324201659273,15.78867592607853,15.849732874511366,57326616
16.381376266479492,16.384849452861875,16.050526887851813,16.068893536319436,130585284
16.596065521240234,16.700060582693286,16.356305960744674,16.362510781233745,146321532
16.568269729614258,16.7348105271543,16.482889124230475,16.63627494481658,96331572
16.700559616088867,16.74449088415888,16.556851798775234,16.56752484766862,68639292
16.806537628173828,16.809269262568943,16.6715184638269,16.73158226138875,87020892
16.766828536987305,16.84947940325141,16.69534634881304,16.765835387258786,70253676
16.617164611816406,16.827884487656338,16.434986911616097,16.706515922923654,88799112
16.80752944946289,16.89241441406839,16.547416962428198,16.564294829566062,76291632
16.7981014251709,16.889439036037174,16.654145798724695,16.735307881789268,71296632
16.843523025512695,16.888695260279885,16.730593384451634,16.768317941833743,57006936
16.609968185424805,16.678966555722766,16.362265284586254,16.455339496820446,104443452
16.80927085876465,16.8184532373055,16.498774422464166,16.505227058064257,82261656
17.076330184936523,17.100655729948333,16.781968200559227,16.81224696822849,119492388
16.91922378540039,17.060945311489892,16.881994856940345,16.982762670009947,65010924
17.003860473632812,17.090482057760223,16.87852117903727,16.97680707169776,84998916
16.903339385986328,17.001625272362705,16.71619780692798,16.990456593612105,75508416
16.895395278930664,17.038855285977032,16.856180052045396,16.87752615046186,68259672
17.359033584594727,17.371195413926838,16.994925931663055,17.025454412260594,121618260
17.52656364440918,17.677965049183864,17.31609159134134,17.37392127552509,129190680
17.393033981323242,17.691864204781865,17.33396143885931,17.616165390959317,102297600
17.180076599121094,17.390054905341,17.150541276325292,17.32328876925216,74877048
17.147563934326172,17.24758828662314,16.899365445542823,17.11107845569257,105586308
17.523832321166992,17.597298903188445,17.139124023381626,17.202415078966435,106253640
17.614179611206055,17.696580768957038,17.547910988024285,17.612193311804358,104635260
17.621623992919922,17.69360180236362,17.49802132028091,17.575210800596835,60271668
17.82762908935547,17.83705928115069,17.54219978969045,17.567019070804452,82589328
18.05647087097168,18.082778935113794,17.78121894281073,17.80827234219927,123808068
18.071857452392578,18.15276982480702,17.90060062375049,17.981265181688492,116179704
18.21755027770996,18.24063296735417,18.121496626720425,18.173371197727104,254109636
18.599529266357422,18.61590961497423,18.12472427039607,18.14333873285009,142409448
18.594064712524414,18.98448218695091,18.55683579397631,18.690613978015172,242097660
18.700794219970703,18.893894691360906,18.39154062844737,18.611195086699492,226689084
18.7762451171875,18.933603530939745,18.6558697046357,18.86187542574705,157086756
18.726604461669922,18.845740800540092,18.643459865683678,18.717919604549135,111228660
18.90729522705078,18.987214451176893,18.769046906025373,18.839535937894787,126593280
18.788408279418945,19.01178751425998,18.621619661434444,18.992179901232472,111496392
18.9251651763916,18.960409693858526,18.66952088215284,18.756887786489287,88243668
19.062915802001953,19.10858555309527,18.848223327421067,18.931369817761745,98069832
19.052989959716797,19.22002829198177,18.98746477565118,19.128938487052856,109326564
18.80950355529785,18.951968495094267,18.71791814040868,18.88793399486709,78265656
18.468229293823242,18.895875718121438,18.429511594039948,18.854923904718948,120007872
18.479894638061523,18.553609033812407,18.32427283585847,18.412880691145542,81514404
18.65165138244629,18.825887684616223,18.622116054442607,18.68689590278425,95260644
18.4846134185791,18.735791402283322,18.468480882729565,18.66083602376947,96071832
18.391040802001953,18.46177764792646,18.13589214937285,18.414866934551338,120643236
18.483369827270508,18.540208254011,18.278854778567144,18.36994457169795,82245672
18.751176834106445,18.772273223022157,18.37316896804612,18.46475438527759,91624284
17.249818801879883,18.84871761018387,16.77824304404864,18.752416159619592,497198304
16.921953201293945,17.54021635000107,16.67896634609186,17.51241950730722,458828712
16.844514846801758,16.992441182222233,16.62187906262032,16.90259234879984,162061776
16.886211395263672,17.059454528794202,16.67896470937224,16.679212523856766,116547336
16.810510635375977,17.05126335214558,16.760126734926985,17.046299495617152,99760140
16.821928024291992,16.927164058364053,16.716444175723012,16.877525490432166,95947956
16.757144927978516,16.9527253877899,16.659106883624,16.79065095483056,77953968
16.884971618652344,16.902345117781458,16.753425627532955,16.87405075514272,61418520
17.06590461730957,17.148057944239667,16.845752693938838,16.865112488260536,81921996
17.074098587036133,17.263474257699375,17.060446089581617,17.2446100891229,92883024
16.950990676879883,17.047787768023596,16.767324207354527,16.989212749356554,65370564
16.920215606689453,17.03885443113334,16.81671616695456,17.013537626739932,63248688
16.557844161987305,16.833593584912148,16.542207256995802,16.753424652340772,89202708
16.18976593017578,16.666307516283247,16.16345597670199,16.634290262720988,103776120
16.456331253051758,16.588125052833124,16.14037345220657,16.2483411182951,124439436
16.52756118774414,16.62436016141853,16.402717563205513,16.47419784499681,56179764
16.357547760009766,16.56975830671141,16.337194812738325,16.45558771216979,63704232
16.19622039794922,16.435236553225145,16.14533897009101,16.397510103592243,66669264
16.064924240112305,16.38112989063562,15.981528033622917,16.132929462457476,73882044
16.062936782836914,16.20788556517301,15.785450752050199,16.033401456125436,137390472
16.584896087646484,16.6025192904022,16.27018117497424,16.274399696028905,94633272
16.628578186035156,16.827881534991675,16.494550297034344,16.617161696125205,83464452
16.526817321777344,16.624361639194536,16.39105471553889,16.604256507600596,84403512
16.57893943786621,16.62932522741931,16.532526246701003,16.6285798922932,36863100
16.409669876098633,16.55486646399074,16.35680404701829,16.540966152243715,88095816
16.646947860717773,16.75342485624937,16.331487581112658,16.385346560961647,100247652
16.968612670898438,16.999390851754526,16.47767703982336,16.57993362041192,121558320
17.172636032104492,17.222522418339185,16.92716534975646,17.070625362137264,110948940
17.333467483520508,17.35456387629491,17.018750618356748,17.158239921979966,126417456
17.25602912902832,17.520112365433306,17.227732875087447,17.429520086721283,87612300
17.151288986206055,17.26248202911828,17.01899955147775,17.24982268065763,79588332
17.07161521911621,17.23741255679127,16.935353204259837,17.179085354557973,74421504
17.15376853942871,17.264961566944404,16.989461872117207,17.065906014445403,58433508
16.98201560974121,17.29648462874069,16.937588714615618,17.24982172807801,76695228
17.01205062866211,17.166679322356693,16.97159443532528,17.011305293387878,54613332
17.29648208618164,17.421573524769094,17.069132189434256,17.125720903312388,107396496
17.313364028930664,17.461042576110252,17.212100577101143,17.354813374961612,96942960
17.440935134887695,17.782705350653476,17.362752504704076,17.769054745523782,137658204
17.422569274902344,17.568013679393673,17.334954556894722,17.35332120478711,85118796
17.88968276977539,17.917977134259555,17.473700562984316,17.51043386308149,121294584
17.896873474121094,18.096178713381974,17.747458389999668,17.785930163596564,120075804
17.87305450439453,17.944784518437356,17.787921696177612,17.887946077540402,76667256
17.92889404296875,17.985730573915788,17.795113958693708,17.951231395520676,66213720
17.761857986450195,17.841031879943465,17.63502804142221,17.720656462060465,140898960
17.609710693359375,17.750686869085296,17.55932679222437,17.734058706174103,33602364
17.594072341918945,17.693601063570952,17.433736381964955,17.574216917167277,47248704
17.5300350189209,17.593326066843524,17.339418431872584,17.551131404324046,65830104
17.37417221069336,17.54542716161881,17.37417221069336,17.415869364404312,56023920
17.557092666625977,17.636268449335628,17.27464279467598,17.373921818243264,79816104
17.950984954833984,18.04406105749221,17.784693852761478,17.855926336107593,101550348
17.961406707763672,18.1664192599789,17.888187939115376,17.992680514333717,92635272
18.316335678100586,18.403205068960897,18.06093917712567,18.10214070437764,110429460
18.236413955688477,18.351329892057365,18.13291640363359,18.25378934666331,66161772
18.200424194335938,18.274883932667453,17.980272242713593,18.256019764820046,66976956
18.320056915283203,18.325764215397317,18.083770528788886,18.174860324975413,80907012
18.403451919555664,18.49081882657767,18.205389491762404,18.43695795318579,73354572
18.36646842956543,18.4270278534424,18.27488301277913,18.416356697659126,51356592
17.950984954833984,18.421323650009338,17.92864759821864,18.292259583915275,114441444
17.9926815032959,18.242616588279628,17.674241795787996,17.85368974245474,156950892
17.75093650817871,17.978038621728757,17.713210063163437,17.929886942873082,80855064
17.654882431030273,17.861383778120796,17.64743664634391,17.81348180661975,88371540
17.485858917236328,17.690871476395753,17.406930954756316,17.63105549543518,128942928
17.445154190063477,17.50646084535483,17.262728677956392,17.489582976356143,151544304
18.403945922851562,18.59009621282776,18.262224417672382,18.267188274067998,236127636
18.71940803527832,18.784435688944,18.379374414369167,18.397493246858183,135172692
18.70600700378418,18.82539116614362,18.621122024884293,18.63402918772602,88946964
18.63303565979004,18.753908598408596,18.562546623875356,18.65860027874101,65018916
18.706254959106445,18.78741704597882,18.52904110640932,18.53425277779971,69814116
18.709976196289062,18.886694404346553,18.6871432133068,18.70774208254407,69250680
18.75614356994629,18.80404554646527,18.621122498386285,18.627577025828145,65302632
19.25030517578125,19.27512635067025,18.8159582616445,18.818440189962036,149694156
18.838790893554688,19.122979247458073,18.820176431520917,19.05397899312049,121498380
19.00558090209961,19.138863473568794,18.849960976765484,18.891160606662545,74753172
19.11553192138672,19.18477998462532,18.825884105326097,18.840032230359192,83040876
19.2093505859375,19.32997568984367,18.999621998236325,19.103866755953778,113494392
19.4927978515625,19.525062922121958,19.34859440036193,19.362742527866278,120683196
19.41957664489746,19.43397258511252,19.204388551956093,19.319800104726216,86625288
19.37688636779785,19.555588981459035,19.34387596608308,19.40294661387365,74285640
19.430496215820312,19.492296602105014,19.358766225702976,19.362738823921404,47880072
19.553606033325195,19.57643901776272,19.30416655569905,19.352811973661847,69342588
19.679441452026367,19.688623829715215,19.534988311791892,19.543179431567893,109082808
20.025924682617188,20.02964757471991,19.7387587949254,19.75638199758239,117154728
19.668771743774414,20.078547240928486,19.65214357863433,19.987459325153726,110457432
19.744964599609375,19.99117868644781,19.637991981153238,19.806271252699254,140115744
19.848712921142578,19.886934995715208,19.702027551954927,19.837544243672802,82073844
19.6268253326416,20.064647347909347,19.61987517629965,19.9129981146071,92063844
19.610939025878906,19.755390276652278,19.46871999715782,19.731811958296603,88011900
19.850452423095703,19.97380729399087,19.6352643076967,19.726849737697908,80962956
19.88569450378418,20.029400413693672,19.881474090901996,19.88321257563473,90541368
20.009544372558594,20.03312458096606,19.760352740541034,19.80130644545987,86928984
20.389537811279297,20.422797919423743,19.98001019714837,19.98745598179497,110912976
20.8139591217041,20.852429009479746,20.57320451522147,20.57394985037999,161602236
20.6347599029541,20.947986071412487,20.570973209225176,20.874271664267106,114805080
20.665037155151367,20.764811793556856,20.590079904479637,20.701272924801504,82025892
20.63823699951172,20.722624463518763,20.477651300838943,20.712199228383636,116359524
20.720138549804688,20.84125929043555,20.637735509495435,20.642451551265204,63724212
20.541189193725586,20.647418380937463,20.443398941678026,20.61813275993796,80251668
20.484100341796875,20.617632616985613,20.40964060524528,20.548384551229976,65586348
20.390533447265625,20.525800443219815,20.287531522047676,20.525800443219815,65981952
20.21083641052246,20.359755895828137,20.18700838485098,20.315079293550955,123864012
20.04925537109375,20.17260832063275,19.892392612053715,19.980007313817314,73458468
20.136871337890625,20.333694679659786,20.015998405547098,20.13488503860803,83844072
20.221012115478516,20.29050800201041,20.1398519222162,20.27363013229765,58493448
20.1353816986084,20.275862236436772,20.10038689017211,20.136127033735914,59044896
20.111804962158203,20.234166677494795,20.095174907282516,20.221757035817568,59468472
20.095176696777344,20.33319969882647,20.025185176456773,20.163929144533522,68411520
20.16417694091797,20.20339216876037,20.04926100045765,20.19098252598921,47628324
19.921932220458984,20.029648280770797,19.888919927585636,20.021706867357107,86441472
19.71170997619629,19.989196030489463,19.6896204329166,19.95494465850847,91420488
19.88544464111328,19.911752698445035,19.688373512861826,19.73205695716361,72219708
20.179563522338867,20.223992312153545,19.95519113443376,19.968595818272085,81578340
20.00979232788086,20.208352250263207,19.872539056076022,20.189985604050634,69470460
19.733551025390625,19.99862742733239,19.639979291969414,19.961396607231652,97806096
19.435213088989258,19.53300332760362,19.270159192805142,19.509920639253473,137218644
19.231691360473633,19.34834577875003,19.07160319517901,19.328488459827977,113170716
19.301183700561523,19.45258508863044,19.18850190180458,19.24782035803165,86205708
19.612178802490234,19.666037777238106,19.260231182985574,19.43198552580049,79064856
19.617393493652344,19.68465526882674,19.460282880766073,19.67919578285663,81066852
19.608951568603516,19.659832986395656,19.432233369328944,19.657103243826818,65402532
19.40741539001465,19.7814506818647,19.285549306977916,19.507191933124652,98025876
19.691354751586914,19.756632115798595,19.45680873833889,19.523077360522777,69610320
19.423051834106445,19.628560029924135,19.31235443090066,19.52704689611979,81398520
19.009803771972656,19.503471084815228,18.894390311993558,19.492300514725464,132767100
19.852685928344727,19.94129190645639,19.018489370095985,19.090465293048922,231895872
19.858644485473633,19.954200627189888,19.235415574090354,19.87080442210286,115220664
20.05198860168457,20.240618935085454,19.864847046914434,19.88073176630757,91600308
20.189739227294922,20.30266885516895,20.05447035330192,20.057200096053187,73090836
20.081771850585938,20.264694884946817,20.045286369508776,20.259235399366442,79608312
19.891155242919922,20.048018030308715,19.771027642857657,20.044542952337714,99408492
20.3289794921875,20.41932206249833,19.930370827114185,19.936575647991116,91939968
20.465736389160156,20.5419327217266,20.294725478660727,20.327488066702095,92175732
20.362979888916016,20.469458770319534,20.261962384573135,20.43322110527848,58141800
20.59082794189453,20.71343936022433,20.328729128024094,20.354791266577354,80651268
20.99067497253418,21.017480553654206,20.749426634167495,20.77325276643332,100403496
21.383575439453125,21.39102122437326,21.053719222293637,21.053719222293637,85566348
21.27635383605957,21.44115804302039,21.113535928497374,21.419813837196873,78281640
21.683401107788086,21.689605928670858,21.169131175999784,21.270644315698387,98633268
21.63003921508789,21.83306550817602,21.54937275474478,21.61415449421408,87935976
21.847213745117188,21.854907345226408,21.64691719405633,21.72509983455646,75832092
21.78019905090332,21.90280858636375,21.677195236822715,21.81395289947339,57882060
22.01772117614746,22.057184210839992,21.770515843346995,21.77945040606464,63108828
22.73228645324707,22.74444827956212,22.18947627986594,22.22620957328415,159276564
22.433950424194336,22.83379999640438,22.38778505008454,22.80947445363771,128255616
22.565746307373047,22.672718927364567,22.35080602604255,22.586594882829765,111568320
22.54961395263672,22.849189502282673,22.461999237099832,22.461999237099832,90817092
22.510896682739258,22.627301399622976,22.278582877987063,22.53695693202892,79240680
22.075305938720703,22.568975117410602,22.012264579070173,22.401441167121924,102321576
21.910749435424805,22.08870671203837,21.69258189569684,21.76704163254507,90912996
21.675701141357422,21.812210956022,21.61836709486683,21.72385091980948,91780128
21.873023986816406,22.142816401457974,21.851430075717293,21.928371744235406,90209700
21.551359176635742,21.791616290609237,21.451584514517684,21.735027563335485,80455464
21.612163543701172,21.814196643560138,21.50419778458123,21.59131497027309,84743172
21.62358283996582,21.767042836304764,21.531749600840943,21.54664306240506,78697224
21.53447914123535,21.691837556279665,21.221500795974464,21.667763608599802,98928972
21.32276725769043,21.607948778081212,21.19792360988117,21.539941669379903,74669256
21.337656021118164,21.57964968514907,21.273869334146642,21.407399713851227,84187728
21.46026611328125,21.50221107379022,21.02790367274148,21.45182717994654,103060836
21.834800720214844,21.841503061824437,21.47714765452634,21.60372789277716,106877016
22.095163345336914,22.1145212518895,21.84373756580034,21.893625840168053,93418488
21.836788177490234,22.015242998056667,21.82959020651175,21.940037916256504,70233696
21.64244842529297,21.990423498795074,21.58461873523573,21.977020706709514,88103808
21.767040252685547,21.833061051223936,21.481610964242392,21.56798470752217,82713204
21.718395233154297,21.958156693002774,21.69581006419719,21.843984208939,89710200
21.996625900268555,22.075551973646224,21.79881130444311,21.822389622322866,85766148
22.353288650512695,22.362720734757772,22.048749237300132,22.05619313050197,86589324
22.354778289794922,22.60694940381968,22.275852209966704,22.371903974102597,116519364
21.95914649963379,22.36271898236756,21.92365417096576,22.188730525011565,134745120
21.864585876464844,22.086724141398342,21.66950100918958,22.04850017432734,159132708
21.588092803955078,21.750165373924776,21.42577052777895,21.63996548491381,120555324
21.498987197875977,21.83355753912756,21.457040342735993,21.77349374380197,102025872
21.683895111083984,21.791860878063503,21.60744907514038,21.686377039251017,73182744
21.768783569335938,21.957909552710863,21.758358334335746,21.811721690191384,76982940
21.850685119628906,21.887170601065094,21.697299300616606,21.7149206133961,93878028
22.037084579467773,22.141327467284054,21.96560239088391,22.001592245537836,68923008
21.89883804321289,22.11452178885778,21.773746578366037,22.094666361113283,75584340
22.001096725463867,22.069101944457834,21.80427336430703,21.839022254893695,41838120
22.176319122314453,22.22397327328085,22.023676772210102,22.08994727424078,68007924
22.4642333984375,22.49351901679222,22.26542564859117,22.318291477060974,78701220
22.467958450317383,22.659320433798047,22.287765145047732,22.61092093650319,79096824
22.486570358276367,22.61439155276639,22.34733078065293,22.42352711170509,68267664
22.840255737304688,22.85440197212465,22.54936692635721,22.66055996413234,103264632
22.90875816345215,22.90875816345215,22.716155230513298,22.834298422715058,102625272
22.95070457458496,23.03285791988244,22.743955394004416,22.941024675259936,78341580
22.82461929321289,23.032111911235507,22.682897777377544,23.011263334463592,79240680
22.798307418823242,23.004560946996044,22.74246214316343,22.859116550833832,60183756
22.60297393798828,22.83429644576275,22.417073362584663,22.80922745872437,145234620
22.25351333618164,22.41111957569996,21.732544827501854,22.005562631304365,294077628
22.603473663330078,22.65236878641954,22.263440023828103,22.387540223654575,116011872
22.432214736938477,22.66055779699623,22.327226530039578,22.60347155905342,81746172
22.409879684448242,22.593546181405326,22.355275364387822,22.518095174801832,83056860
22.03261375427246,22.25971585843729,21.992405382630213,22.185753641807384,119923956
21.974292755126953,22.08945651562117,21.89114436114616,22.01499676371058,71036892
21.897842407226562,22.209331961457263,21.863591041570658,21.963119766924354,75600324
22.11253547668457,22.22894018186793,21.863096011985824,21.977018788914876,70153776
22.033855438232422,22.251277651232307,21.99488992112372,22.163912641200692,86853060
22.442638397216797,22.450829516738462,22.213797813259262,22.213797813259262,85450464
22.50096893310547,22.511641982340336,22.35825426093659,22.423281922660898,68487444
22.461997985839844,22.474905147036164,22.318042372074984,22.47167788380871,52335612
22.252769470214844,22.578902806549138,22.231920893351948,22.454306974365323,60183756
22.1058349609375,22.29942914762144,22.06711347520167,22.214791989318304,55112832
22.155723571777344,22.234651546376462,21.972800523103686,22.22596479663749,59460480
22.099878311157227,22.226706359988807,22.089700891810022,22.103599311873946,52895052
21.978260040283203,22.015241150098426,21.88245420333031,22.01275922181168,55024920
21.872526168823242,22.05247164210931,21.74718690047053,22.01102230530148,56735208
21.58858871459961,21.84721246271656,21.522815720624756,21.80104708134343,83204712
21.336666107177734,21.467218938081377,21.295464584898145,21.455304925807877,74693232
21.26841163635254,21.405664919728174,21.259227366615253,21.37687492979373,66936996
21.48533821105957,21.642944455308793,21.281816289248145,21.28826892504926,72363564
21.47962760925293,21.645672763282487,21.432964711908046,21.55234886030624,49270680
21.57667350769043,21.76480820914347,21.50643228981997,21.609436095616918,70221708
21.68538475036621,21.711197182670606,21.59950851900745,21.66031576151331,34761204
21.5985164642334,21.791862847690478,21.58709997197589,21.787644326110655,43040916
21.50370216369629,21.71491955079278,21.49526322945446,21.593303177003698,42057900
21.100629806518555,21.437684022238017,21.04478641495728,21.335675246948377,69294636
21.060916900634766,21.231180585198484,21.041557103425443,21.103111572977344,53142804
21.231678009033203,21.354535349664843,21.06190995421289,21.07382207483738,59080860
21.019962310791016,21.29645516221098,20.98670409499453,21.23986644329078,74389536
21.354537963867188,21.498741418567313,21.194945417036962,21.20512283752374,81822096
21.633758544921875,21.680171735639107,21.22522409750825,21.353788730380654,81566352
21.830583572387695,21.83852498696505,21.633264579934067,21.68017529901203,51600348
21.831077575683594,21.93532044842704,21.68612692000636,21.90206034156604,62401536
22.041303634643555,22.083498311515264,21.90156840951544,21.934081295029635,49334616
22.056690216064453,22.139341075394963,21.940781139758144,22.09019813923676,51452496
22.24333953857422,22.262699338616553,21.992409365013987,22.053468214531907,64359576
22.165647506713867,22.285776987250685,22.089948700465953,22.2733654551687,43776180
22.066617965698242,22.230676828789726,21.96162975188776,22.20139121034615,52962984
22.034103393554688,22.263439620388187,21.962375287833048,22.24358419412413,53406540
21.993148803710938,22.049737518113538,21.866318879357046,22.025413867321646,50325624
22.42030143737793,22.43643397052027,21.91769773979485,21.999107632358236,77310612
22.297937393188477,22.486569605921055,22.22372736387206,22.486569605921055,63852084
22.415088653564453,22.44040545686471,22.229188064972988,22.29793861285771,173638188
22.002830505371094,22.37736141196014,21.9705635474011,22.24234224926152,71024904
22.01127052307129,22.092182898883745,21.876249462012325,22.002831588523,59412528
21.772750854492188,22.004071478822855,21.732294668560314,22.004071478822855,65894040
21.796083450317383,21.909758420028297,21.71740329288588,21.79930882222594,50345604
21.751901626586914,21.77994817080381,21.625817030701285,21.712932328673244,50301648
21.739988327026367,21.86235003476926,21.55135611009792,21.570468092122972,68827104
22.015239715576172,22.03186976904192,21.842741927460168,21.84770578371021,67324608
22.039813995361328,22.073817550042197,21.78739506266107,21.909261154238052,59752188
21.744457244873047,22.191463535366957,21.645426028618264,22.040062114894457,84595320
21.65163230895996,21.779701329141545,21.593305099222015,21.71740341226385,54265680
21.487567901611328,21.69233263724189,21.44711171842909,21.530010383883692,51692256
21.187997817993164,21.493530422435807,21.13736420362317,21.477150071736048,77670252
21.24234962463379,21.41087671896596,20.922670825885383,21.25277485858335,105945948
21.549619674682617,21.564263429402807,21.350316300144385,21.44041294218786,90121788
21.6426944732666,21.679675582807125,21.476649310346794,21.494768143390896,56299644
21.74495506286621,21.748430141123077,21.47888551641633,21.51040714352258,49694256
21.89139175415039,21.981238697655378,21.69258399163406,21.736267445037935,63612324
22.289003372192383,22.296449156752047,21.94102833855507,21.98719371619583,80223696
22.05967140197754,22.260959204489236,21.983720986272996,22.163914288659623,170093736
25.10308265686035,25.203604532837524,24.17457099086328,24.238605495395394,462193344
24.90179443359375,25.291466614416798,24.808718343895485,25.10432317712421,144986868
24.993629455566406,25.142548950952634,24.715399970258414,24.943990884913543,88255656
25.5994815826416,25.68238025508362,24.835524404199866,24.844708673624037,106421472
25.45403480529785,25.82683100967357,25.435420344040534,25.61089758394806,83600316
25.19715118408203,25.535198524121565,25.086455667320585,25.535198524121565,81138780
25.19218635559082,25.40141744561016,25.142298084768882,25.197150212053614,46301652
25.719364166259766,25.736737665658804,25.154960008300364,25.293949895206445,64135800
25.574909210205078,25.750883980933015,25.465206843834206,25.74889768159882,52911036
25.57888412475586,25.85041316003815,25.414823351751927,25.53793041220412,65534400
25.491018295288086,25.713404360183624,25.442866617853536,25.608913668945515,51280668
25.467937469482422,25.6233095922166,25.366672142487385,25.60171568013485,45506448
25.3540096282959,25.60543346486559,25.252246800893257,25.324969936816217,47208744
25.38454246520996,25.49002821047368,25.201373492492873,25.45528121128061,36479484
25.0172061920166,25.413828531674028,25.009510701263697,25.381065944567446,67116816
25.217750549316406,25.27905531062993,25.03085681652008,25.037061636994313,51580368
25.082733154296875,25.215272300737396,25.01845082646057,25.055929460964936,44459496
25.112268447875977,25.255726555569673,24.943989164853622,25.011003122327732,48675276
25.625791549682617,25.63522363428724,24.981220367237537,24.987425188236966,63112824
25.694293975830078,25.806480164883595,25.57317322298829,25.661781092529413,46621332
25.652843475341797,25.763045251737275,25.5721789152649,25.685358248883734,51000948
25.602956771850586,26.029610070799812,25.54562271646057,25.70719964905353,70317612
25.445348739624023,25.68237854351421,25.39198539484124,25.607173475208366,45218736
25.373620986938477,25.647881647925868,25.325223382091593,25.56324637428415,38509452
25.665504455566406,25.770740490428324,25.465207914002235,25.49002719815446,43628328
25.61139488220215,25.717624063100033,25.545126260778698,25.64936914232759,50117832
25.959863662719727,26.140056943030057,25.689080005023662,25.742193645724033,64455480
26.26961898803711,26.346312844768935,25.88565596710288,26.02613651800718,91360548
26.386272430419922,26.50764099335405,26.309082947550067,26.359466848313613,44899056
26.298904418945312,26.473388509761836,26.295429341157572,26.36269299978504,47664288
26.17207145690918,26.466683107376568,26.079742604449525,26.396195977016184,54873072
26.141799926757812,26.394466687488723,26.03656388513418,26.084465863311305,66976956
26.263912200927734,26.407865940993414,26.0608840243564,26.09488757873674,47616336
26.243061065673828,26.300642934429742,26.087936771126618,26.239584096168475,45302652
26.554054260253906,26.557281523711858,26.311067427518402,26.55206985265286,57094848
26.759315490722656,26.862814930272474,26.508137530045918,26.58185382921936,59244696
26.921144485473633,27.11101580535292,26.6975155318069,26.709927066426086,74081844
26.738216400146484,27.08643923809748,26.685598389098956,26.98914462928222,68403528
26.556291580200195,26.878454234227313,26.532465444115644,26.79481021413088,63796140
26.32868766784668,26.713395995161743,26.256711750468153,26.691308347681936,86409504
26.631244659423828,26.673687147954478,26.358970306855785,26.40836295151327,64015920
26.55380630493164,26.8243421618701,26.51707300980028,26.627272895194363,61366572
26.923376083374023,26.928339940072252,26.285255657736446,26.603197867769925,88323588
26.959861755371094,27.103072048867393,26.782646016510096,26.824590984248832,66561372
27.3172664642334,27.33091706997861,27.004038408705817,27.01148608537141,130333536
27.676658630371094,27.694032128982883,27.42895763862156,27.496467225398447,68795136
27.59574317932129,27.680130626324498,27.502916798446414,27.67342828543516,29338632
27.735231399536133,27.77345347171882,27.517561380446757,27.649602985908352,53458488
27.758562088012695,27.805223094632463,27.623045403863653,27.798274830734208,62725212
27.536672592163086,27.81068541864521,27.52575362113495,27.806714711751923,49394556
27.815898895263672,27.823096866063906,27.45725077803751,27.605674638480703,54261684
27.627511978149414,27.742427894776473,27.506886870346154,27.68558947261609,72783144
27.42597770690918,27.722078188437397,27.42424111376404,27.67417621499381,66601332
27.73175811767578,27.769980192333747,27.461717883310516,27.624785493188835,70701228
28.26637840270996,28.286979164043593,27.82706574848501,27.922374064142595,102001896
28.32520294189453,28.476356544454113,28.128133663561496,28.443593954279407,89610300
28.05243492126465,28.399416862267596,27.93627801465909,28.380057062547692,83296620
28.05094337463379,28.271840672858414,27.854120024711452,28.271840672858414,85654260
27.87224006652832,28.466177612906723,27.728034736174827,27.958859742135772,96659244
28.527982711791992,28.56769546003772,27.999070877703726,28.243794327880277,99204696
28.50861930847168,28.666970868986922,28.388739527071916,28.617082598404565,77929992
28.69725227355957,28.739692868872094,28.49323285016485,28.520534061288114,67288644
28.556028366088867,28.8067088152328,28.39891964645824,28.7128892712167,107943948
28.88290786743164,28.890353653009928,28.575141163340483,28.814155420516677,79116804
28.915668487548828,28.98690096641948,28.762778295680427,28.95513152676595,62793144
28.79355239868164,28.852870860248355,28.651333374521617,28.791070470513272,77886036
27.89333724975586,28.630984518480723,27.87273648769128,28.56794126810752,155544300
27.33240509033203,27.959604627453533,26.86182052248611,27.949676914459715,173969856
27.872982025146484,27.940989126681814,27.548585313252666,27.558017396931533,88319592
27.473630905151367,27.841709187075764,27.287482503525638,27.776433717608707,95100804
28.180252075195312,28.60467315392471,27.97821895497129,28.41877256723818,203452344
29.311542510986328,29.449788933019075,28.570915869819636,29.072774217388506,222429348
28.131607055664062,29.330158971987423,28.096362539181502,29.267613244519072,182581236
28.249006271362305,28.66697284930609,28.22046409486662,28.2447858580695,112363524
28.374095916748047,28.56198280237472,27.997330887572723,28.378564144251296,95684220
28.79007911682129,28.795042973467673,28.48206273168776,28.57091841405711,77786136
29.223928451538086,29.235344942719692,28.80496876330581,28.980446002493398,105342552
29.11199378967285,29.347037319264352,29.01494698759337,29.083945351349378,77730192
29.540136337280273,29.582081304740356,29.094123219163713,29.291690012633072,81949968
29.453514099121094,29.535667439016507,29.32172030163621,29.51084815607859,68911020
29.78138542175293,29.78138542175293,29.27902952293578,29.30608291924008,73382544
29.853361129760742,29.892826058766044,29.605162631041416,29.674906327837864,87380532
30.05390739440918,30.10330003951815,29.783867153250217,29.81886385698503,84271644
29.84194564819336,30.012706856707286,29.72181615574576,29.915412239829898,84059856
29.88587760925293,29.954875974832426,29.78932832531241,29.861801768963126,67963968
29.8779354095459,30.028841200596506,29.854357089086907,29.977711960756515,74417508
30.094364166259766,30.284235463612852,29.910447983423644,29.91690061862611,66905028
30.280269622802734,30.391958305362525,30.042494422907957,30.179499913087835,57490452
30.284482955932617,30.50066420419496,30.1253879493687,30.37954345669769,79208712
30.260656356811523,30.38525218029641,30.206052044214488,30.240303410363175,50349600
30.172300338745117,30.384261185705256,29.93824805898624,30.288705050668195,92451456
29.850629806518555,29.97845288732074,29.588778824653254,29.951399492640377,84107808
30.153928756713867,30.18098215186585,30.019654930555717,30.15616287038945,58649292
30.237077713012695,30.356711577963228,30.067061837574855,30.157406299590125,49362588
30.270586013793945,30.432908291705967,30.2455170237711,30.33685463660486,50673276
30.150951385498047,30.45375418823098,30.06780490032599,30.449038146378687,60543396
30.071033477783203,30.221689550599322,29.885378811255745,30.17329005759329,48535416
29.783620834350586,30.13928951469697,29.700474337242582,30.125638907841207,68451480
29.96505355834961,29.978704164500382,29.39146515181107,29.694515796870345,78493428
29.51233673095703,30.044475773810227,29.405611923347188,29.981184711041866,93730176
29.1087646484375,29.557261579921402,29.102064198677642,29.33685991389336,91664244
29.58778953552246,29.71114439725928,29.24055793370612,29.268854186034964,86397516
30.063337326049805,30.070039667263472,29.61161504030003,29.65157559796232,72527400
29.76525115966797,30.081456766077153,29.645123561490276,30.076740724027186,64451484
29.71337890625,30.022386546769408,29.668702305090836,29.78262508423328,67320612
29.362918853759766,30.02287903235638,29.348275099965317,29.940477886311616,128211660
28.739694595336914,29.409086962462883,28.44235313723338,29.391465648931128,121362516
28.759302139282227,29.0352974806741,28.468413336593837,28.939989165287184,96311592
28.09537124633789,29.078239499060746,28.083706939376704,28.84095995211805,103096800
27.656307220458984,28.094624845766983,27.35400002494242,28.067571448503536,152735112
27.802001953125,28.12565338328072,27.742929404863727,27.77345788290646,90265644
27.662012100219727,28.17057090148872,27.62081057998747,28.05640031606276,77614308
28.1678466796875,28.23262463373183,27.74863723687916,27.804978147585064,87152760
28.173053741455078,28.41380643626794,27.89755216239872,28.341828631456522,83360556
28.340763092041016,29.173877516753382,28.068513355070408,28.43448803918561,80366000
27.03902244567871,28.74839373966035,27.001333836333977,28.6903729929248,107274000
26.80991554260254,27.267137043127782,26.309055992891263,27.016210693453722,79232000
27.646997451782227,27.764525836225953,27.011748664335183,27.029105136896206,69650000
28.11959457397461,28.157283189392803,27.541373312682367,28.060086930787833,60632000
27.110435485839844,28.17761560832609,27.051423471104055,28.167201723372717,65890000
26.66759490966797,27.155064955150344,26.45138148466629,26.676520015220774,63494000
27.036542892456055,27.42433661324764,26.804459901365522,26.96017441449377,50824000
27.210107803344727,27.41789173470295,26.31451004489112,27.32416489211448,79956000
27.963876724243164,27.968836797085075,27.428304251841432,27.656418418017847,91644000
26.94430923461914,27.62171117606904,26.748923563675174,27.587989483952597,112294000
26.747434616088867,26.977037590505887,26.48113617811948,26.977037590505887,48502000
27.051420211791992,27.175395558217907,26.58031351703078,26.58031351703078,46622000
26.655195236206055,27.016707393489355,26.190039870426613,26.960671051186797,39114000
26.502954483032227,26.902650889463146,26.33236352406093,26.862482240537727,41348000
25.940601348876953,26.474191328997914,25.910846585656433,26.394847185456793,47400000
25.93465232849121,26.079455450647572,25.340561511073155,26.07449726885921,75056000
26.596677780151367,26.667592447588508,25.935641165861092,25.979776735684656,50704000
26.5247745513916,26.597176113072933,26.237648341437986,26.536677214524854,40770000
26.70577621459961,26.77421084430802,26.424599478052205,26.493529736713057,40086000
26.474689483642578,26.897693710466534,26.444934717583457,26.85008684145745,35616000
26.547088623046875,26.56642761126412,26.16276430296551,26.294673492869496,24568000
25.914318084716797,26.508408853895983,25.898946019878665,26.451874992501995,36700000
25.68769073486328,26.00655608941972,25.345023839653248,25.94803971229068,61486000
25.795299530029297,26.151357847483677,25.51214028451957,25.574623581860543,49040000
26.115161895751953,26.1513636252523,25.503220814735066,25.7199298875454,45224000
26.700817108154297,26.71668669377473,26.159293273455155,26.37401790387645,38968000
26.855045318603516,26.97654063751523,26.67453798764896,26.75784906347414,40240000
26.501468658447266,26.86893027798475,26.43700094432811,26.86893027798475,25618000
26.239133834838867,26.481135091319185,26.05019514720072,26.438486406308606,36658000
26.198469161987305,26.324427014940426,25.963906144191405,26.262934975289845,38154000
26.72065544128418,26.746443283213537,26.067554508829854,26.227234067020664,39530000
26.798015594482422,27.093571260332705,26.608581281083023,26.77867471410419,48506000
27.25969696044922,27.26217510508781,26.883306515830082,26.922483901681385,31294000
27.544841766357422,27.669314634404437,27.32416579941026,27.383675328172444,42994000
27.958919525146484,28.018427159344938,27.481365889541436,27.677742784938552,53450000
28.50788116455078,28.50788116455078,27.97627560419169,28.15628728284804,43716000
28.2886962890625,28.646241554585405,28.26390159579769,28.493008950340638,31632000
28.29414939880371,28.43895251291948,28.18951493262688,28.434489960386376,28222000
28.348201751708984,28.394319836723977,28.05760238890707,28.347706122754808,37434000
27.98569679260254,28.286710042111253,27.606828178676707,28.25397961361614,33210000
27.498228073120117,27.889494996110066,27.4000386747785,27.81510903095085,40626000
27.46103858947754,27.70006420972302,27.203169606906645,27.34995714828205,34582000
28.014955520629883,28.01842681501308,27.525005491932912,27.627159915904006,35868000
28.069507598876953,28.206872500197438,27.74965096503263,28.175135218826714,34804000
28.302579879760742,28.36555880908541,28.029336983283695,28.105209832537383,30594000
28.18207550048828,28.365558475985537,28.074463481640148,28.205877040781978,29676000
28.142404556274414,28.215301744541794,27.95297023589276,28.064051665633528,22580000
27.745683670043945,28.117609719530556,27.629146538530613,28.117609719530556,30930000
27.787832260131836,27.80270869538445,27.459050555739715,27.774442711719068,27066000
27.388635635375977,27.670803668915244,27.274578533966864,27.634106312501807,39436000
27.305322647094727,27.460044017968087,27.149114389262163,27.391609383570863,29552000
27.80320930480957,27.83990476807113,27.3529303567861,27.41342925412438,41212000
28.017932891845703,28.018428520828685,27.60534257236536,27.827507318129268,52548000
28.093807220458984,28.106203620826022,27.739237632484784,28.090335925682012,63212000
28.479122161865234,28.486560380253078,27.94404336637322,27.986196423427206,34456000
28.392337799072266,28.873856469875015,28.224722515772214,28.475648865902965,56886000
29.05634880065918,29.124287804227574,28.42804260003566,28.442423407106077,42294000
28.998828887939453,29.238348237505857,28.742446801082565,29.22347179976159,40248000
29.04444694519043,29.15304832933475,28.892205620778462,29.032544283429452,40426000
28.993865966796875,29.144620412408223,28.92543133315189,29.09750917522626,29578000
29.332073211669922,29.439685245984016,29.074206129338748,29.141647619957382,32864000
29.29686164855957,29.463981308560818,29.214046207884763,29.37025635519992,23916000
29.410917282104492,29.46893802894074,29.208590949180092,29.342482652077816,17978000
29.29587173461914,29.538366736589406,29.156026795774228,29.43224537873588,26734000
28.68293571472168,29.15751369561005,28.464739789908997,29.078169550976927,42504000
28.92890167236328,28.96559902459229,28.613509504948613,28.7102101210238,27456000
28.764265060424805,29.022629639508096,28.37051810021823,28.415149301037637,28724000
29.092056274414062,29.170409165269177,28.791043002759807,28.811870770893147,30232000
29.469436645507812,29.499191411231383,29.094039291926368,29.28793806056393,39032000
29.409929275512695,29.521010708490813,29.025604921175155,29.51357248992014,33476000
29.288928985595703,29.60531432485186,29.27058125405066,29.599858622431412,28816000
28.802942276000977,29.23338465848263,28.606069759895096,29.207101191053905,58706000
30.007490158081055,30.086336785063725,29.303804821111402,29.903349427226374,97432000
29.67672348022461,29.960378377426906,29.4788577977271,29.821029073726823,44758000
29.931119918823242,30.194940204212877,29.717386537272397,29.73920745489072,37632000
30.011455535888672,30.103693599397015,29.821028077880836,29.85574291418678,22120000
29.903350830078125,30.195932743090804,29.80367453887746,30.02831933462363,27100000
29.65886878967285,29.803671900466075,29.543324813447583,29.716889538126576,27200000
29.70548439025879,29.80863196710666,29.38661903417362,29.64250546041946,27162000
29.45406150817871,29.67920001436478,29.365790369936214,29.640024518203795,27332000
29.527950286865234,29.677217838921425,29.39207417526992,29.546299908629678,24302000
28.73996353149414,29.356864551135928,28.647229843214344,29.206605746540667,46190000
28.44490623474121,28.93237629461598,28.281257855352084,28.690376912111084,44266000
28.87485122680664,28.95171533797588,28.378454200928623,28.589211916263242,30388000
28.422090530395508,28.772197530999545,28.281749974435122,28.731533255709746,32876000
28.489038467407227,28.694836098338165,28.139922722356676,28.241583411270337,26456000
28.356136322021484,28.678472971538625,28.23811230965383,28.566398398486506,23260000
28.660123825073242,28.740461120159043,28.217780639980848,28.366550676183,29866000
28.625905990600586,28.746907560014517,28.52920537423355,28.71269024421877,24068000
28.371511459350586,28.558961369147724,28.261916918285014,28.51433016799883,27890000
28.98841094970703,29.0662663141769,28.52424686150901,28.586234532394144,37988000
28.992874145507812,29.14908239858822,28.807902386667948,29.094037315353177,25458000
28.946258544921875,29.23189784470199,28.799968546374934,29.13420596934688,34468000
29.392072677612305,29.50860979530068,29.087092520859464,29.114367245923276,29320000
29.610763549804688,29.645476491521414,29.478358742358523,29.5353863358731,20864000
29.52646255493164,29.604815437623323,29.406949769258098,29.60283103013054,19346000
29.378190994262695,29.518531559454463,29.31273202466788,29.50117508614196,22640000
29.384140014648438,29.505635318280785,29.248262012790846,29.42033984540451,17544000
29.286447525024414,29.5348938450143,29.221484186705528,29.494727089167792,25912000
29.164953231811523,29.35984325355546,29.131727172175225,29.357363216879122,29434000
28.91105079650879,29.226940497991112,28.806911958123525,29.14957886682371,27292000
28.77815055847168,28.995850862737655,28.657148983389185,28.763272230224167,28116000
28.87931251525879,28.906091613262365,28.67500176916663,28.87881688629037,24122000
29.19023895263672,29.223465007037266,28.881293776456722,28.908566608743943,31660000
29.234376907348633,29.48084070132436,29.084615619277187,29.343971441221726,31580000
29.41389274597168,29.65490083627765,29.287934890640265,29.363807737895346,32616000
29.643991470336914,29.67969567214582,29.43422502835408,29.512577912465716,35982000
29.83491325378418,29.928640095891037,29.655892828806575,29.71143543186433,31984000
29.355873107910156,29.78383737327986,29.281984665384265,29.76747215869957,31424000
29.427778244018555,29.44265657128896,29.11635300495715,29.34446717815858,23202000
29.31322479248047,29.354880324364593,29.061802822629286,29.258179712245948,30028000
29.005271911621094,29.33157358992711,28.92493461859367,29.27752165732674,37030000
28.843608856201172,28.95667279796817,28.61400589468186,28.87336172857621,30908000
29.197683334350586,29.265622344239066,28.80939394047384,28.80939394047384,31592000
29.421335220336914,29.55919575730061,29.115365642292264,29.233885297073666,34390000
29.61870002746582,29.633080833434292,29.4079404438616,29.508609869067882,29890000
30.021869659423828,30.021869659423828,29.643001039659282,29.7287921438991,83832000
29.61870002746582,29.942523543077876,29.412900516638416,29.878055838973754,35644000
29.316696166992188,29.587954645638778,29.270080562110437,29.506130468479643,28074000
29.675729751586914,29.75953834044944,29.27305769701125,29.336038518829184,35160000
29.022628784179688,29.65837319798615,28.99733657304208,29.604816893609435,33420000
29.154041290283203,29.236856726265398,29.010229442454655,29.056347527196074,25782000
29.14957618713379,29.223962145835717,28.84013536605181,28.85302739363316,22874000
29.179330825805664,29.30776871413159,28.985433975115175,29.133708371239695,31430000
28.743932723999023,29.194707281658815,28.664091057029133,29.099493549442336,28954000
28.805917739868164,28.92295048670656,28.46721589785994,28.66309715471953,30726000
29.072219848632812,29.17338302390062,28.935846205663754,28.965600970960747,24290000
29.148090362548828,29.377197685997793,29.030066352260903,29.255700489576054,25722000
28.46969985961914,29.052383637764162,28.46969985961914,29.005274290200713,30914000
28.9477481842041,28.9948594218823,28.14934663888775,28.503916210512287,44158000
28.306547164916992,28.88774212651552,28.218276023570677,28.84211966893014,48234000
27.53194808959961,28.5257333248476,27.52302109330555,28.14091527714127,59574000
27.01422882080078,27.814119180226058,26.99836112568548,27.528975488307264,55116000
27.209613800048828,27.702539536925062,27.001831747990035,27.281519730426353,52198000
26.814878463745117,26.973069246416856,26.204422422127752,26.88182432323318,76720000
26.62593650817871,26.82776721169738,26.032341384223656,26.134002071127014,76100000
25.934154510498047,26.94976068761341,25.708022849074695,26.80098876252701,119930000
26.400794982910156,26.43947674020536,25.744222850745384,25.809184291742906,54964000
26.68098258972168,26.717678050802483,26.292691340830846,26.643293978982797,49190000
26.912071228027344,27.312263229435523,26.790078404643694,26.83074267910491,59474000
27.45557975769043,27.641542768563745,27.051418936695736,27.18927945488832,43026000
27.220027923583984,27.52252808448404,27.034560524986265,27.521536826483743,43508000
27.26862335205078,27.47293598272504,27.135722908035845,27.163493263006938,31934000
27.717910766601562,27.73080279436451,27.295897851928483,27.359374299703347,34774000
27.69361114501953,28.01693903299254,27.571122695902105,27.81262640815117,41066000
27.78386688232422,27.894452678404008,27.38020356684155,27.68369496984324,32250000
28.160749435424805,28.203398116961875,28.009003742890872,28.182074722050103,46810000
27.957429885864258,28.12504516277656,27.851306648806492,27.945529116076376,30834000
27.978260040283203,28.00801480486336,27.686175663609184,27.828003113851935,27726000
27.569637298583984,28.11264801292191,27.48037490055596,28.107194202607097,32906000
27.358383178710938,27.6117895762263,27.303338094094332,27.547321865777153,33014000
27.36482810974121,27.55227989595601,27.24234154985563,27.55227989595601,31782000
27.68270492553711,27.801720202823095,27.354912554720418,27.393594316966404,26090000
27.834447860717773,27.89445112237893,27.58401714762818,27.69708297398543,21966000
27.683692932128906,27.83246295712048,27.54731930572042,27.827504776029947,21882000
27.593936920166016,27.811141588654785,27.477399793056545,27.810645959680972,30220000
27.53194808959961,27.671295493925292,27.399045753376033,27.671295493925292,28502000
27.107954025268555,27.531949482269155,26.998855115263606,27.531949482269155,33612000
27.00232696533203,27.412932881518273,26.96711839003057,27.17192477327861,36440000
27.135723114013672,27.186303751401503,26.738504882379964,27.01422591837934,30346000
26.965131759643555,27.045467158530208,26.85305908270285,26.882316324306473,35016000
27.07076072692871,27.3261496344454,27.026625156121387,27.3261496344454,50120000
27.149608612060547,27.333587217312125,26.984473365884703,27.10448178435733,33076000
27.236391067504883,27.39855064876524,27.121342721667677,27.13621915739558,38072000
27.162006378173828,27.268625253218044,27.038031030062584,27.23639234372605,29604000
27.228952407836914,27.25473835546113,27.000838235713577,27.125804833912934,24202000
26.761316299438477,27.214570857571942,26.710238142826782,27.03108599692254,39888000
26.708751678466797,26.870415626280693,26.513861673954327,26.751398468617822,41480000
26.628416061401367,26.848596398132123,26.541138068105035,26.65469953104307,32476000
26.906620025634766,26.912075728424014,26.525271319122304,26.661644971714875,32598000
26.18756103515625,26.68941377742266,26.14689864797612,26.61502780911854,61402000
26.3189754486084,26.472208040142707,26.13400368494547,26.24409385428611,64566000
26.585769653320312,26.61254875232942,25.955974656187696,26.0784631176768,43322000
26.185575485229492,26.746935802070666,26.158300759459,26.575353600875278,46222000
26.387407302856445,26.631886695532998,26.241117305452736,26.283268468259198,41426000
25.86175537109375,26.393856624805327,25.859275334320373,26.15582417083322,47314000
25.580575942993164,26.053169507037865,25.558756918453025,25.973329734997236,52352000
24.70382308959961,25.567681654600698,24.65572059714176,25.469494153871885,86998000
25.11492347717285,25.244850142208477,24.750931320186087,24.788124298859763,72788000
25.520076751708984,25.60090778072348,25.12037848380091,25.58801386104919,77534000
25.788854598999023,25.827038836465665,25.234436874747782,25.63760453596172,97442000
26.396831512451172,26.430057572408113,25.816130256983005,25.81712340669135,66390000
26.717679977416992,26.892733494629983,26.467251125004548,26.506426625485048,57544000
26.626434326171875,26.79305647054489,26.535683143928384,26.720159282381697,14754000
26.85405158996582,26.93984269469209,26.555022741706782,26.62643303943587,22270000
26.645275115966797,26.973563083097886,26.637836898341124,26.803467768746387,44300000
26.54461097717285,26.671561997143076,26.46179553137189,26.528741390283905,20972000
26.31550407409668,26.699330886956993,26.29269189889482,26.666600456959262,24648000
26.260459899902344,26.570398279090803,26.177642564071707,26.41170808856967,26480000
25.760095596313477,26.183099839449802,25.675297631102644,26.141444300388933,41182000
25.12434959411621,25.846876415134567,25.07029576570784,25.811667839004635,54456000
25.050457000732422,25.36485790431801,24.976072931454695,25.33808069873763,46918000
25.137739181518555,25.16699642626597,24.54811092499961,24.86995196750364,73054000
24.830774307250977,25.221545610890498,24.728124245531504,25.200717842806696,42000000
24.649274826049805,24.808954375529883,24.34429464256883,24.75738058619834,57138000
24.88433265686035,25.221545763633,24.65919413025098,24.922516898578568,60958000
25.089139938354492,25.204685817337108,24.703826212739322,24.815898905182777,52800000
24.993925094604492,25.278571236159127,24.894744443607163,25.235924445335655,51068000
25.313783645629883,25.33312263498767,24.94830266324565,24.951278328926936,49658000
25.287992477416992,25.569169200886698,25.2597264947339,25.42833302468715,46796000
25.806211471557617,25.87861302435766,25.270637097389514,25.332624767082294,46356000
26.6447811126709,26.721149592800394,25.88159004863909,25.935641982816453,56068000
26.87537384033203,27.04695604247036,26.567915529254652,26.6809813562442,45966000
26.61602020263672,26.853061388067903,26.385425977502006,26.853061388067903,30932000
25.845884323120117,26.420634231646282,25.829519108082973,26.3521995975943,39148000
25.411476135253906,26.069041515183972,25.40750921148825,26.03482419659876,35822000
25.451148986816406,25.548345239425768,24.96764397707178,25.434783771142534,79018000
26.657176971435547,26.932402365543986,25.696615942893214,25.737280215844997,121108000
26.39187240600586,26.60511015362786,25.872167586263934,26.49700250116337,75378000
26.446422576904297,26.652220220255426,26.12458153912829,26.27979854116529,47062000
26.089370727539062,26.617504992397134,26.03630816237833,26.438484572025626,33896000
26.274341583251953,26.31698837213654,26.066557665389382,26.1801191178171,33176000
26.47518539428711,26.789586336296473,26.21582954045871,26.332862306470247,42938000
26.247068405151367,26.4751825813196,26.161277301678282,26.33533765344044,30314000
26.786609649658203,26.82826518596834,26.24161449122016,26.38939327600725,47430000
26.679492950439453,26.875374215825545,26.580312299499035,26.76528405270726,38306000
27.076709747314453,27.19225371453774,26.629902158676753,26.7618113391558,48590000
27.332103729248047,27.400538368610793,27.105972041937573,27.15109887525243,47382000
27.02712059020996,27.42334568324706,26.940338227851452,27.33210076845686,39174000
26.91008758544922,27.153080089510205,26.75635937118843,26.96810833337687,31164000
27.09853172302246,27.118863861646584,26.815868081647878,26.901163559729678,30834000
26.867938995361328,27.154569576266784,26.684456000266565,27.154569576266784,38234000
26.53072166442871,26.743959391760264,26.381951640914796,26.729082956922916,32906000
26.71172523498535,26.74891632033732,26.332359138974724,26.35963386270843,28406000
27.142169952392578,27.253251372623044,26.679988387179915,26.70131367413935,40836000
27.735267639160156,27.77692317187372,27.03108672294946,27.06332152210655,54032000
27.900896072387695,28.237613490759202,27.623190653533587,27.678731358961727,68328000
28.51531982421875,28.563422317291515,27.926684766133675,28.1176078515459,50406000
28.7022762298584,28.80443065609995,28.291172813218694,28.581274660996446,50526000
28.679466247558594,28.8431127286666,28.391346893614564,28.612022869052083,37964000
28.833194732666016,28.920968353841317,28.67450644227373,28.74343670388251,35918000
28.41019058227539,28.900140632343085,28.368535047860103,28.86146076348798,37592000
28.46969985961914,28.53664571758496,28.21926911800199,28.312002817833648,23478000
27.76304054260254,28.25447939633866,27.761551763889795,28.191002941820056,40080000
27.556745529174805,27.977765341311013,27.542860350251907,27.76056066028267,40524000
27.8284969329834,27.861721098304436,27.54880897428897,27.695098967604835,35602000
27.42334747314453,27.986692259361273,27.290942644748977,27.732294595019148,35428000
27.851806640625,27.956441108422055,27.340035660068505,27.618236750928325,36856000
27.65195655822754,27.802213474941897,27.49326827415622,27.68567635251468,28892000
28.075950622558594,28.093307093664666,27.4481382140215,27.657904645796876,35324000
27.952470779418945,28.115621607010763,27.875606678001926,27.994621938795152,24660000
28.015949249267578,28.122568126643777,27.992643336149026,28.10322913721107,44320000
28.03677749633789,28.24852836771795,27.92222476963317,28.068019149075543,30234000
28.640291213989258,28.855511490485483,28.171662634965077,28.19397918240136,79156000
28.11760711669922,28.765749792129892,28.11760711669922,28.641774453777348,53070000
27.95098304748535,28.127029692344163,27.686669049151302,28.001069946713034,49842000
27.64897918701172,27.972307066080834,27.618233168344812,27.861223760713244,34552000
27.827011108398438,27.87759364275053,27.611295204391645,27.782877426269927,24788000
27.50765037536621,27.891972812931563,27.506161596720883,27.668321182815355,34932000
27.249286651611328,27.6960924051215,27.077704434444374,27.514098195679992,38902000
26.843639373779297,27.1753967801162,26.800495058394315,27.146139535334154,47760000
26.97455406188965,27.053402572990322,26.565435071288846,26.721147686010898,33718000
27.019685745239258,27.282512901681653,26.95670680751052,27.026132706064068,27318000
27.21704864501953,27.348959718384886,27.07621246740875,27.07621246740875,28386000
27.17638397216797,27.243331711591534,26.875372634365846,27.235397865331503,32366000
27.202173233032227,27.267136568432296,27.025632848374226,27.253251390894178,26104000
27.207134246826172,27.43673722077576,27.091094633196764,27.12828761739278,29326000
26.767765045166016,27.104482506404334,26.567421220305313,27.104482506404334,47206000
26.830251693725586,26.93687057954477,26.400304855484624,26.67751471530006,46962000
26.953231811523438,27.03802976523538,26.68445336019386,26.696849759396873,31722000
26.418651580810547,26.768758621521986,26.233186067673152,26.645278894626806,49234000
27.003314971923828,27.06629578840624,26.448897263930665,26.468733771353683,38508000
26.92347526550293,27.16398771633534,26.88826669436172,27.091586166620782,29128000
27.233909606933594,27.324163257933787,26.84413149919235,26.93041822698677,31806000
27.644519805908203,27.828500322679286,27.278545071849965,27.294910287883802,78184000
28.447879791259766,28.99535497300244,28.184555138354348,28.76476075023351,92168000
28.073970794677734,28.540117445933227,27.884536468398597,28.403745691200935,48062000
27.987184524536133,28.158766723954724,27.818082361538323,27.98470448811535,37178000
27.839406967163086,28.060082925372953,27.720887326741288,27.7957670261414,33622000
27.213581085205078,27.825523999179275,27.111922280020128,27.69906861016574,47240000
27.332103729248047,27.335079395096056,26.96959839223445,27.29986892565613,36572000
27.41541290283203,27.606334107447942,27.14514565901463,27.323670463790585,35260000
26.92943000793457,27.404008010213847,26.896203948302436,27.282510805366798,28528000
26.534692764282227,26.97356657819945,26.393856564951527,26.909594493245102,39034000
26.879840850830078,27.036546643625876,26.45386283195528,26.575358154661167,31844000
27.222503662109375,27.413424841277727,27.176881209020415,27.218536739020784,28226000
27.065303802490234,27.441694263927836,27.056378697965574,27.199693024731946,21858000
26.715694427490234,26.92546086857674,26.530722675982496,26.91802075916091,35282000
26.75338363647461,26.969099521531128,26.72809142566356,26.801981758818354,24238000
27.234905242919922,27.259206198424557,26.9026521975352,26.975549388907698,31736000
27.100515365600586,27.304332389299017,26.90265156509811,27.293918505062045,33440000
27.109439849853516,27.192255287067976,26.890250780477007,26.968108036391747,26706000
27.238872528076172,27.443183282389327,27.131758023465434,27.17539607500563,47126000
27.3990478515625,27.575588249729005,27.031584355924284,27.32019933259099,30840000
27.61228370666504,27.651956723777168,27.239862054993047,27.284493253387403,34170000
27.49872398376465,27.68320011988938,27.45409278255471,27.49574831812216,24266000
27.135229110717773,27.439711778050214,26.925958284692953,27.402518795356663,37474000
27.485334396362305,27.536908186762428,27.10497887448245,27.209117713257594,34844000
27.481861114501953,27.560213998268125,27.31424772660707,27.46252212682138,23544000
27.042495727539062,27.46996248968932,27.028610548955445,27.433265135555313,43446000
27.23539924621582,27.302840726272397,26.95620691732995,27.21159581451539,33210000
27.470457077026367,27.71047391919658,27.103489224742496,27.147129166513526,31842000
27.536907196044922,27.670800794673067,27.381194572471852,27.527484570481313,26710000
27.358383178710938,27.570134041026023,27.230936536477614,27.382682240911098,26866000
27.25126838684082,27.439711442929994,27.144649513335406,27.3737568462272,24396000
26.951248168945312,27.268129122621044,26.924964699478593,27.25523520237596,27336000
26.885786056518555,27.018688383521948,26.721642082223706,26.948269351101462,30016000
27.40351104736328,27.51161870475974,27.032082511080166,27.061339755940764,30316000
27.27655792236328,27.514094708012614,27.233413613187267,27.49723386582882,25872000
27.14911460876465,27.217547352001468,27.05786779825938,27.13324502250304,25468000
26.927444458007812,26.97951387571335,26.73949892529643,26.914054908924438,27150000
27.020177841186523,27.11043149750482,26.856531371953093,27.000838852954665,32526000
27.10597038269043,27.193248378129557,26.868433567264532,27.047454002498426,24440000
27.58104133605957,27.634102008760912,27.17539363774448,27.17539363774448,41192000
27.647489547729492,27.666830425417505,27.38664686367556,27.597900172953118,59290000
27.754610061645508,28.048680755230453,27.716425818599344,27.741222403085306,34752000
27.938587188720703,28.013468778679943,27.62914446634922,27.760062395682265,31396000
27.69956398010254,27.9013965932914,27.612285983657653,27.893462745900152,28924000
27.66881561279297,27.926188919344042,27.64451655196632,27.78535273565518,26684000
27.42632293701172,27.770478632563524,27.366319669195835,27.756097824784703,43676000
26.840660095214844,27.319204965190675,26.79057319712713,27.11340545456024,37756000
26.78066062927246,27.071258129999237,26.755864045325954,27.031089480051104,34510000
26.94232177734375,27.066792746207007,26.766772650629544,26.96017387821555,30760000
27.14266586303711,27.17539439967458,26.95570970169703,27.01373044889129,28124000
27.057374954223633,27.204162494182484,26.882817054233904,26.890255273283046,25614000
27.27606201171875,27.324164504746484,26.771235541120674,27.147128488937113,33578000
26.862977981567383,27.189281572539045,26.838183289862506,27.05638111697833,27662000
27.009267807006836,27.219034249992017,27.007780920138345,27.207629108859532,29766000
27.57756805419922,27.735265065819682,27.373752961842985,27.45855090626489,43436000
28.352169036865234,28.40770974785909,27.706008859173977,27.746177505537858,41792000
28.96956443786621,29.243798578075026,28.47316746343335,28.489532676979604,74832000
28.958656311035156,29.193217446799963,28.772693297581093,28.947746798720402,41466000
29.84235191345215,29.97723676183634,29.155031860535352,29.23338474239481,112642000
34.69424819946289,34.86186536288363,33.62211202541874,33.721290779045155,257162000
34.3580322265625,34.604000420067635,33.80907201914201,34.166617275261125,102436000
34.48250198364258,34.990797837634226,33.92709111290519,33.96329094268302,75604000
34.4701042175293,35.37413141840576,34.297530758000796,34.41654602374495,83100000
33.459957122802734,34.51821211087915,33.30424258998901,34.30893937590027,76232000
32.470130920410156,33.61169678007174,32.391284301881726,33.561116144605975,82622000
32.64370346069336,33.08009533437121,32.31045538646763,32.31144664446251,58382000
32.71263122558594,32.93281155330132,32.402692871636454,32.8167700585017,34364000
32.8004035949707,32.89462606711345,32.37442373787852,32.841563499983586,36756000
32.95562744140625,33.12869656341166,32.31740100316096,32.60254660735346,39606000
32.60551452636719,32.9774405475805,32.590638090866996,32.96256411208031,34922000
32.96355056762695,33.060251167717304,32.61344362171511,32.61344362171511,31348000
32.79296875,33.126216839561486,32.75478639830265,32.944714465604186,26188000
33.388545989990234,33.71683019917647,33.00620417058776,33.01463364676089,36448000
33.23283004760742,33.46094422406888,32.76569029062574,33.42325750568146,40660000
32.94718933105469,33.16587896835945,32.6734508334547,33.11529833514387,27544000
32.88520812988281,33.30573232064785,32.74090063558093,33.081087525365255,34458000
34.23207092285156,34.911457160933935,33.93552211583512,34.69226808978544,109880000
34.29009246826172,34.514733450831635,33.746584251822455,34.43985186216597,58498000
34.04412841796875,34.41704573605791,33.82940377183487,34.177524505881294,36354000
34.18595504760742,34.3292712869736,33.86510903263989,33.921641008579954,27598000
34.4210090637207,34.4522488198693,33.87303642453199,34.11999583386264,24680000
34.15422058105469,34.50283696440737,33.98511649425122,34.270262093636326,27710000
34.417537689208984,34.72301159549296,34.05850558850643,34.222649574438194,50194000
33.69551086425781,34.52267412230523,33.48723316261159,34.17257084529279,57798000
31.937538146972656,33.36871038970972,31.891418166114956,33.276966056992876,91880000
30.652158737182617,31.126736692089594,29.411412213241473,29.783835746200477,129788000
30.37247085571289,32.08481588977504,30.3327978396185,32.058536205453876,71430000
32.71659851074219,32.852476523564945,31.26013596134002,31.89141785393162,87740000
33.124229431152344,33.422764562164154,32.28814113625834,33.324077639023805,58974000
32.714115142822266,33.07661661756933,32.41954888021299,33.01512458132097,38836000
32.12548065185547,32.948183093947854,32.05258536168723,32.44880854942581,38936000
31.219966888427734,31.957867603060503,30.99681089642206,31.430724589655597,51458000
31.98117446899414,31.98861268699744,31.27352412503273,31.6385075698752,37630000
31.591400146484375,32.295579238753994,31.430727439330145,32.130939607871,34572000
31.190214157104492,31.46494395422963,31.068223215776317,31.226911511157642,40478000
31.930097579956055,31.98762080697683,31.385598088825514,31.787276986901123,39092000
31.90679168701172,32.59857243225838,31.782316932336364,32.326820207210766,40978000
32.287147521972656,32.47657994008775,31.82199027741857,31.931089185101307,27850000
32.496421813964844,32.496917443014155,32.10515483867079,32.24401042446281,34892000
32.3560791015625,32.527165687999634,32.20879405681656,32.512784880501904,29942000
32.98091506958008,33.168364974643964,32.39922069065663,32.56633845746613,35546000
33.003231048583984,33.129684543960956,32.83859142004004,33.004717935568486,26252000
33.308204650878906,33.81997367496066,32.97743855348306,33.100918257466,47752000
32.77511215209961,33.217455291338695,32.7309746939043,32.98041224588088,72544000
33.07562255859375,33.17579634225605,32.630305691704756,33.002727280056845,39094000
32.39228057861328,32.6709792043601,31.987128452895835,32.60403145335091,54362000
32.3967399597168,32.74337375689388,32.269787067147824,32.37739908095618,29160000
32.477073669433594,32.56931361997211,31.845298109931004,32.18251117603219,38692000
31.745126724243164,32.659074123106286,31.72082766241659,32.659074123106286,48480000
30.956640243530273,31.879018914596834,30.63876806508901,31.69057398721544,47646000
30.875320434570312,31.47387194592471,30.648197483572922,31.018634785860574,42130000
31.656858444213867,31.703472161677922,31.19963691627631,31.33253737107602,52954000
31.836864471435547,31.928113163008828,31.29732508547901,31.635529405423757,42506000
32.580223083496094,32.580718712462634,31.41535124189224,31.63900286718666,48788000
33.3087043762207,33.375652123583926,32.52468363887434,32.80883795171496,37960000
33.30672836303711,33.661791741022455,32.882235295776574,33.1931649848406,42774000
33.22539520263672,33.65881331694059,32.635766930041534,33.5923611947688,44354000
33.07661819458008,33.31911694873325,32.45624588445839,33.198115386125764,39308000
33.28688049316406,33.428210402054624,32.84651987863882,33.100917498068654,32124000
33.54425811767578,33.62112223124616,33.08852535531506,33.18522597939192,26684000
33.878501892089844,34.14083344065151,33.379622856916804,33.43665425087701,42446000
33.74163055419922,34.219182376672876,33.666748951385145,33.906270197896546,31292000
34.3669548034668,34.423486767909054,33.93899247192577,33.98163925971811,47156000
34.481014251708984,34.52564734412958,34.17256655376191,34.484983066996705,36316000
34.71061706542969,34.724997871932324,34.32678838358476,34.415555150794674,30172000
33.72129821777344,34.61392233102678,33.40788662834572,34.60846662818564,52434000
33.31465148925781,33.964281020637365,33.260102040302456,33.880474331511955,31952000
33.77782440185547,34.12049317943638,33.30969339758653,33.495160778379436,88632000
35.67167282104492,37.31657834222597,35.60274256042105,37.19557677269566,126726000
36.256343841552734,36.44627568678156,35.70589297080628,35.70589297080628,48776000
36.34064483642578,36.4963593573802,35.9102043026409,36.030706464907304,38778000
36.54396438598633,36.56627903959063,36.06541759705097,36.34957189663582,39604000
36.93721389770508,37.03341888468649,36.45668459176194,36.52958366715749,36520000
36.5672721862793,37.00961538322019,36.52462539271881,36.9724242919587,39984000
37.08053207397461,37.102351099818335,36.27270600477491,36.4254467525358,39914000
37.13409423828125,37.27691107121223,36.754230519410406,36.965981407019854,36306000
37.45592498779297,37.68354353190753,37.15292922459669,37.18764216868517,41840000
37.72173309326172,38.00340548666917,37.56304479393347,37.62949313098857,45486000
37.767852783203125,37.83826993515519,37.44204292717733,37.65825823986574,33544000
37.42914962768555,37.85215574227227,37.14847227321365,37.61511265746209,35538000
37.60221481323242,37.718256306786806,37.11375545340267,37.36517553658122,29798000
37.94886016845703,38.13878824930982,37.676112850754286,37.80653517751041,41866000
37.51642608642578,37.97612762255128,37.48320002892764,37.69742902616258,35452000
36.70018005371094,37.45692235833321,36.670423394331124,37.39295216166519,48188000
37.21343231201172,37.27740250220077,36.4155263941077,36.70711892593055,50704000
36.993247985839844,37.438073062163056,36.89753863364928,37.315088984908584,38864000
37.68899917602539,37.74305299961462,37.06317114205296,37.17127878923141,36266000
37.68553161621094,37.84868056944109,37.55114049409953,37.67759398567718,28078000
38.53153610229492,38.64658634351289,37.891826645041604,38.149693700541384,55478000
38.51665496826172,38.8241151515043,38.35846232466683,38.55484109549322,34648000
38.16606140136719,38.48145550536566,37.59478272843168,38.33119667232064,47880000
38.14771270751953,38.33318010532594,38.012330322506855,38.26821487230879,23612000
38.282100677490234,38.382770117150365,38.03563685804571,38.14275325821324,14434000
37.82984161376953,38.43384690963323,37.7440486099861,38.27714112273493,33586000
38.868255615234375,38.928260775611164,37.98356919271066,38.03266294813621,40398000
38.573692321777344,39.327460787154926,38.503271386842805,38.940658299433046,46876000
38.09514236450195,38.90246896222293,37.810000595568624,38.70807647638323,41950000
38.64112854003906,38.800312452228674,37.961746100906474,38.17002376326418,49800000
38.33268356323242,38.729898036561686,38.02175015120801,38.6832824278646,36626000
38.439300537109375,38.61336089691655,37.81347246475396,37.91165997198597,31082000
37.81495666503906,38.48640904040247,37.29227621033942,38.23895399053182,46550000
37.69049072265625,37.98952149071182,37.440557494702865,37.86653739280307,32458000
37.21343231201172,37.56155681578896,37.125656796729835,37.1430151615623,43184000
37.81446075439453,37.894302416018554,36.511232813437,37.25508484436039,53864000
37.692970275878906,38.41995962886247,37.58932706644658,38.07481268341187,49386000
38.51120376586914,38.75469379632032,37.542215067530634,38.01431112545281,53120000
38.17597579956055,38.75915326493866,38.149692330947715,38.73782986935756,36510000
37.532291412353516,38.38970675959236,37.51939749333616,38.04703799805444,67794000
37.728179931640625,38.00340536370995,37.39840504215737,37.83975699146819,34848000
38.04207992553711,38.20126383905244,37.74801305103078,37.90025437574304,36338000
38.11051559448242,38.27862840063212,37.57196742689514,38.218623244545924,30594000
37.978111267089844,38.14473340506595,37.906207231389665,38.11101171760498,10412000
38.791385650634766,38.82014726226013,38.071834597363406,38.18440289921678,31156000
39.372589111328125,39.60715025993219,38.9877691434778,39.02694275079181,38430000
39.19108581542969,39.49656351997176,39.03735759691674,39.37258817383492,28566000
38.58162307739258,39.09339213243624,38.54740576237022,39.06809992202885,32752000
37.66073226928711,37.79760152625233,37.07060845171725,37.79760152625233,67382000
37.76437759399414,38.14473310359051,37.472788854840516,37.891826124773026,45216000
37.655277252197266,37.97265381949493,37.09342319132927,37.21095157135138,48206000
36.74628829956055,37.455922991439444,36.4626334310664,37.01853991923657,63132000
36.24592590332031,37.19855118037878,36.14723899592248,37.08350095161553,47506000
36.35304260253906,36.452720779028354,35.68308085744033,36.29750188930507,50896000
36.96151351928711,37.110285453731414,36.519665943780325,36.73389495664945,46816000
35.68357849121094,37.341378072128926,35.54522232933326,37.15987570253287,51728000
36.269737243652344,36.69125273251061,34.961053306872444,35.925085876574194,55558000
35.233299255371094,35.91119484385276,34.787978510562624,35.208502672773584,76676000
35.65927505493164,35.97020845919307,35.201559805863795,35.712337622552276,48724000
35.63349533081055,36.04955509610112,34.10710924283274,35.0056808982633,82440000
36.03566360473633,36.58115433751783,35.264041218887336,35.71332696791137,51938000
36.967464447021484,37.12119645318262,36.72150004733301,36.79588223031551,47146000
36.38031768798828,37.31459724254527,36.32477697420802,36.88713048466049,45340000
36.38874435424805,36.66992108776197,36.05054002440141,36.45916528243361,30940000
35.58489227294922,36.49288453769845,35.380084007391744,36.49288453769845,42428000
37.108299255371094,37.250124802931474,36.230551739420775,36.606942199152336,62104000
37.75545120239258,37.94190984183688,36.904978400370666,37.141030202687276,75808000
38.222591400146484,38.56079573905824,37.75693853330035,38.2468885694867,111522000
38.72543716430664,40.18537097839742,38.71006131553536,39.696907806285125,135846000
37.1618537902832,39.247115904686765,36.511229249494214,38.99172703500631,131114000
36.2022819519043,36.95654967895893,35.83382916090233,36.92431488361528,104922000
34.89955520629883,36.03814359303884,34.720039149084826,35.977646590955466,109556000
34.91938400268555,34.93723799203983,33.82096072248151,34.102137408396274,89410000
34.76367950439453,35.75250855498528,34.14281148099351,34.36348745813524,84300000
35.052791595458984,35.86458275616313,34.980391923325904,35.29776853790344,60314000
35.02849197387695,35.32404954034548,34.276210399786976,34.53159931735835,65004000
35.05477523803711,35.50653916965729,34.791448691291016,35.31859363034466,46538000
35.58787155151367,35.84772493985097,35.2179279809767,35.637956568764324,43444000
36.298492431640625,36.38725920195434,35.536790155612145,36.052028629810145,49154000
35.5814208984375,36.49834209810593,35.48422464827459,36.39718081601734,47276000
35.80954360961914,35.90475736647923,35.36372711808882,35.50158767886399,34918000
36.153690338134766,36.44131405319691,35.8759867696209,36.176500621712016,37516000
35.57051086425781,36.24543272250396,35.490177346966156,36.00740216126029,41332000
35.749534606933594,35.765406086995576,34.81327618724855,35.239252335086164,37092000
36.157161712646484,36.17649880893466,35.3691722013329,35.8501971322816,36146000
35.94590759277344,36.50627479219468,35.80110448008465,36.3793256728897,42474000
35.567039489746094,36.230554277133685,35.54819423813538,35.75448939760654,45068000
36.8043098449707,36.81224369104345,35.637451824544755,35.76936100114286,60112000
36.67091751098633,36.851424842259085,36.36197037920954,36.83903033340874,36292000
36.27964401245117,36.746288106206386,36.182447774695305,36.6709108915388,40534000
36.211708068847656,36.44874732790451,35.983590130305004,36.43883096612854,48516000
35.34785079956055,36.062445647425086,34.967990906401326,35.960289324527984,61690000
35.38404846191406,35.81647526866855,34.911456792475256,35.12915519101109,52530000
35.97317886352539,36.01433876506363,35.3409039057751,35.465374868244666,39544000
36.30841064453125,36.52511777944269,35.86805000263362,36.09120409724842,44616000
36.93820571899414,36.939692605908576,36.53305362708699,36.694223845072095,35380000
37.204498291015625,37.403850815471394,36.87819289115204,36.94315810717432,32824000
37.22087097167969,37.341872547672736,36.83753788813147,36.99523492674588,29832000
37.557586669921875,37.638915222062195,37.01903850161791,37.14549199055474,29306000
37.61312484741211,37.9533116855653,37.5575841391422,37.57196494514587,44564000
37.46088790893555,37.79462782651566,37.282858730922236,37.76933939753168,56222000
37.79561996459961,37.85413444883395,37.255581140686395,37.386499070206696,28774000
37.690982818603516,37.93645536239399,37.58337458059102,37.611144936649374,22096000
37.5675048828125,37.955798040479515,37.49163202902848,37.854632974291675,24678000
37.43262481689453,37.567507798854024,37.21740453054168,37.25211747995343,31116000
37.35526657104492,37.60420855874698,37.29377451769799,37.498579035742424,21676000
37.98058319091797,38.044557152533734,37.107799625402876,37.3750873695787,40062000
38.102088928222656,38.54691406892856,38.06440220666845,38.09564196772387,40396000
37.832313537597656,38.13877868796318,37.60171744799952,38.10208322990788,32554000
38.16804122924805,38.18638706729147,37.45046887721825,37.54766890303258,31674000
37.94240951538086,38.30541047044651,37.7772742536606,38.160107935876745,26924000
37.617591857910156,37.83082960126046,37.470306818416816,37.59577283294784,24478000
38.08869934082031,38.10605770627769,37.505022410602244,37.581390895074165,25312000
37.69445037841797,38.15266118498666,37.56452372241619,37.95231739140866,25498000
37.66222381591797,38.042083722175875,37.47874271499384,37.97960041671229,23434000
37.56650924682617,38.04654289699704,37.55659288467436,37.95876739073146,31774000
37.902740478515625,37.93249335579649,37.2704653523017,37.61065605850544,27388000
38.279117584228516,38.469541228771526,37.91611671844642,38.19977156143231,35426000
38.451698303222656,38.66096723532075,38.3440862798703,38.45021141628466,26992000
38.6803092956543,38.72642927613029,38.42888540865253,38.45715517847342,31712000
39.061161041259766,39.10430724842004,38.56179022953772,38.68973061373029,33540000
38.494346618652344,39.22332229040227,38.19779778990652,39.20100763516768,43952000
38.42839431762695,38.66345490871502,38.24739134416457,38.63865832235452,34262000
38.6803092956543,38.76362036785129,38.26127200626965,38.54691321102571,77628000
36.58611297607422,37.38699257212472,36.21914704781553,36.89059560857762,140798000
36.80630111694336,36.93870595395627,36.45371591946629,36.46611421215378,49442000
35.9712028503418,36.973913319769586,35.720770209922655,36.91589445735679,55864000
35.77729797363281,36.059462158369726,35.16336887926456,35.968712883974796,66262000
34.96402359008789,36.16410789180207,34.87178740984706,35.868054686016556,62590000
35.10386657714844,35.31363112782292,34.90054520288574,34.91740793762874,58278000
35.42769241333008,35.4772817960254,35.02849163997751,35.304212693865104,33476000
35.13163757324219,35.37611507234514,35.07659249084334,35.33297265193177,38620000
35.27694320678711,35.45943307024009,34.913942212695886,35.04882898575691,34172000
35.44257354736328,35.58340786689551,35.18172889536913,35.45695435674814,29668000
35.96177673339844,36.001945382557324,35.30570014741897,35.31809843914861,39952000
36.157657623291016,36.41354215536826,35.87846339621092,36.03715168342154,38074000
36.66596221923828,36.696706352834255,36.28064659066157,36.446773118112404,32634000
36.22807312011719,36.73637275837127,36.0966595656053,36.72248758116569,29834000
36.10508728027344,36.467096911273465,35.916646139305676,36.299975380588464,27094000
35.94442367553711,36.26477405754417,35.87896281114881,36.033190453960316,25244000
36.21567916870117,36.33370318908895,35.70490132454565,35.91913033901647,22538000
35.714317321777344,36.49089976086906,35.60571783365897,36.25336486459901,33404000
35.79317092895508,35.98111646459101,35.45794035111021,35.63051382153782,32536000
35.47232437133789,35.72969960506779,35.22437365592015,35.62060068493556,30598000
35.789703369140625,36.08674786172503,35.457450296364776,35.52935812734678,34798000
35.56852722167969,35.878465597231845,35.55315515600746,35.703909605619906,24816000
36.3510627746582,36.40908163708497,35.687544157240886,35.697464304438995,37884000
36.60248565673828,36.69125244207645,36.32974212301383,36.448757414394905,32216000
36.54446029663086,36.75125107849786,36.34957217681544,36.49834031875138,27202000
37.07358932495117,37.08896139043082,36.548426902857365,36.57322348596186,34802000
37.13557815551758,37.365179237167304,36.972921040165026,37.131113711060095,42484000
37.116233825683594,37.260541304222976,36.91192119246867,37.116729454640875,20788000
36.90845489501953,37.05871371711532,36.54793209110395,36.99920418639029,33916000
36.491397857666016,36.77059208732676,36.39469724086927,36.77059208732676,24608000
36.20377731323242,36.62231898807054,36.11600557705552,36.62231898807054,29992000
36.25484848022461,36.533543253496205,36.24046767555999,36.362956113080934,24314000
36.842002868652344,36.88564092123862,36.4869395496768,36.67190753588196,32314000
36.8216667175293,36.89158823322022,36.52313540452718,36.5514013881713,19180000
36.35899353027344,36.67884825680012,36.22609307985645,36.495862795917674,29050000
36.29403305053711,36.64711384493055,36.19187672755759,36.19187672755759,23354000
36.36196517944336,36.498338808144105,36.02723403637107,36.16658143874802,26584000
36.30940246582031,36.55536684597205,36.265760634052604,36.4447810548374,23234000
35.9156608581543,36.22014353461452,35.483729643717986,36.099637586057966,45002000
34.923858642578125,35.77383212371017,34.76863974427127,35.77383212371017,82262000
35.01708221435547,35.500089654650886,34.98137801259093,35.22436861959818,45654000
35.15345764160156,35.475794298716586,34.944188709851076,35.2114764995057,30318000
35.232303619384766,35.41777100647632,35.00468506933066,35.40983715953866,29058000
35.45050048828125,35.4509961172374,34.725493694530094,35.23627149298011,42500000
33.979164123535156,34.96105061399816,33.96478331508947,34.22562795004853,95436000
33.77782440185547,33.88642767730192,33.35730026102296,33.84477214472343,58146000
34.279685974121094,34.353080695816615,33.961813695514344,34.28514167744008,38246000
34.474571228027344,34.68830463015796,34.35010023750311,34.42845502682062,43124000
34.88814926147461,34.900051924044455,34.46018687222227,34.59656051250518,42250000
35.22140121459961,35.33446517120268,34.89807325758777,34.966012270729294,30984000
34.955596923828125,35.11577212546143,34.66995947112333,34.9615482558427,28440000
35.15791702270508,35.357765191656206,34.66350259556553,34.705158124325365,28902000
35.073123931884766,35.21743143135888,34.7463265805509,35.21445765718378,21174000
35.59481430053711,35.600765632497165,35.11527617470045,35.236773392267665,29946000
36.06194305419922,36.14773225364934,35.648857181495266,35.67613190426642,28822000
36.32527160644531,36.478504194121754,36.07682528820751,36.29601436340188,26468000
36.17501449584961,36.47454087970051,36.15220421179245,36.47454087970051,20436000
36.488426208496094,36.505285161253894,36.23005973074089,36.396186247042976,21408000
36.4799919128418,36.74628841937157,36.43089438119106,36.74628841937157,32342000
37.35129165649414,37.44749664493927,36.52363289185408,36.59305878213125,38698000
37.36171340942383,37.519406682978314,37.11772771304711,37.18616235633054,30436000
37.543701171875,37.72024345265381,37.39344235996958,37.39344235996958,22502000
37.41130065917969,37.596768066110315,37.26798441972043,37.53973667768347,19062000
37.65280532836914,37.6612348053828,37.3245173030213,37.5556090696255,20920000
37.565521240234375,37.67958022370046,37.394434656748906,37.5734550873279,21466000
37.571964263916016,37.65180592231987,37.3289736696409,37.56551730443537,23792000
37.786197662353516,37.90918175235793,37.48667506795926,37.63742951484033,32172000
37.978111267089844,38.133330155205364,37.643376320784256,38.12688319509839,73464000
39.24265670776367,39.86748965197744,39.17620459857705,39.558546365718506,101810000
39.71872329711914,40.04353807350582,38.9302381893422,39.01107110759106,60594000
39.67805862426758,39.78715752467337,39.400850712843244,39.53970248302262,39928000
39.618553161621094,39.649301075841734,39.32597315639033,39.497059741976315,29206000
39.535736083984375,39.68202608054632,39.37060083648168,39.5848298354815,21520000
40.01576614379883,40.03014694932973,39.56350286267442,39.677561832508765,36146000
39.93147277832031,40.04900117694204,39.75592173222037,39.969655130847045,24426000
40.04304504394531,40.3331468962697,39.87344534998043,39.894768746040526,32154000
40.09313201904297,40.21165166732481,39.993953251882786,40.02172360936183,18370000
40.0787467956543,40.36041915480617,39.96964789374153,40.191315100155975,25646000
40.02172088623047,40.02866347512785,39.8526168244554,39.92452464166716,17946000
39.967674255371094,40.23546149679263,39.87196488046836,40.029661937641976,18596000
39.73112106323242,39.88336238101851,39.52333525412157,39.845671881558154,21158000
39.940887451171875,39.951303226097735,39.48862413730073,39.67210900347558,21322000
39.8084831237793,40.06883209899758,39.752942412631626,39.93791416794562,17292000
39.65475082397461,39.73310560047904,39.517389717467125,39.661693412815055,22416000
39.5208625793457,39.63739971295924,39.39093589583741,39.598222321277916,17056000
39.50300216674805,39.72169559054514,39.4732492977838,39.69590775294846,18350000
39.354736328125,39.59574444443538,39.21389823877548,39.51639840253241,25672000
39.24067306518555,39.41027275205477,39.038842362802484,39.27538600888076,24054000
39.33588790893555,39.64235686348644,39.14695112076273,39.29968807735964,24978000
39.464820861816406,39.59871255910778,39.192073611039746,39.32745597856009,15474000
39.271419525146484,39.5729283869087,39.14992233499226,39.319026386657725,23348000
39.16877365112305,39.25406724185126,39.037360078538164,39.156375359035735,21428000
39.24563217163086,39.319522501186384,38.99421209636444,39.274393783780425,26070000
39.51689147949219,39.528298512721626,39.337871051194526,39.437549226140746,26998000
40.06982421875,40.21214540241337,39.44548305044499,39.59226867828846,39790000
40.06833267211914,40.197759920590386,39.856581839226074,40.06535511520292,22906000
39.81294631958008,40.089662418442124,39.72219702922466,39.93097412171164,23554000
39.100830078125,39.758892905676326,39.07950668293214,39.61111224275351,37752000
39.61359405517578,39.680538014267306,38.85387054339459,38.904454963709604,37274000
39.112735748291016,39.463338398702945,38.8950335522001,39.37506725400617,36180000
39.199012756347656,39.49010960239349,39.053714039483296,39.053714039483296,25842000
39.73310852050781,39.85311505544717,39.10975858250415,39.17670633103821,31144000
39.571441650390625,39.623512960897855,39.35572575706211,39.623512960897855,42612000
39.44350051879883,39.86997600750059,39.352751232306396,39.72715541149446,22990000
39.66120147705078,39.80848652671655,39.58582425070304,39.672112881999176,20984000
39.92155456542969,39.96519640626789,39.47524249308649,39.734600259128946,26970000
40.46307373046875,40.61729757663681,40.054452234070325,40.168011803845225,35186000
40.413978576660156,40.51513985173427,40.303392784561225,40.422903681301484,28234000
39.803524017333984,40.171980650024054,39.694425108236764,40.15908672984777,29454000
40.2042121887207,40.34108145584214,39.76286025686579,39.76286025686579,27346000
40.17098617553711,40.180410693029,39.80997153921569,39.874437357579566,29406000
39.80302810668945,40.36190841394348,39.714756965403055,40.03064665720474,27000000
39.873443603515625,40.07329178970308,39.7464944906586,39.85063332153985,33204000
39.690956115722656,39.84765810849905,39.485156586603146,39.79856435558325,29784000
39.81046676635742,39.99444726895475,39.655747290474906,39.920061304868916,25174000
39.73310852050781,40.093627537747835,39.707320679083224,39.96965218742491,24276000
39.82484436035156,40.01675869450655,39.697399622135485,39.87443373793204,21998000
39.70732116699219,39.966678904553675,39.51441554978678,39.966183275553064,23262000
40.37480545043945,40.53398938105324,39.78319466833775,39.867001371932034,29922000
40.14669418334961,40.656976444141975,40.03759525864112,40.37480839709109,34432000
40.25578689575195,40.39116548922834,40.09610734911758,40.265207629577795,18158000
39.87443923950195,39.9974233342632,39.603678249481995,39.973126162770036,27380000
39.90021896362305,40.17247056869305,39.78715503880597,40.041552653071136,22238000
40.01131057739258,40.34108548678451,39.86204678742056,39.969159409287585,21128000
40.73780822753906,41.10080541633845,40.33315171615701,40.37678977143522,45786000
41.00310516357422,41.14989456215698,40.80673017146021,40.80673017146021,30002000
40.74474334716797,41.08393893001613,40.691185154237466,41.038810212491754,27878000
40.8652458190918,40.876652851654306,40.580104055872475,40.6639107485067,32316000
41.44446563720703,41.55356455917544,41.112212580977946,41.16428389680023,28952000
41.087913513183594,41.581333001019736,40.926743282825875,41.581333001019736,37814000
40.76805114746094,41.046254116175696,40.48290937326526,41.01699309022727,35898000
40.53249740600586,40.9902126297614,40.39661940613847,40.81317851020371,59470000
40.642093658447266,41.60612605093556,40.515140757668846,41.156840283677674,87098000
40.163047790527344,40.79433148720963,40.06882911024519,40.78441134185767,44854000
39.94386291503906,40.3643908598248,39.58582205559819,40.21115448717782,47118000
39.09785842895508,40.00734138767822,38.92825873267209,40.00734138767822,47014000
38.788917541503906,39.17621570764317,38.61237522778571,38.90346838871247,43504000
38.73485565185547,39.10083034211921,38.233994217349625,38.248870652847216,39412000
39.77278137207031,39.92006263479361,39.32002239578502,39.42168309064155,39852000
40.26619338989258,40.4675284429429,39.653259343675956,39.77277401042042,35382000
39.94931411743164,40.25280548782601,39.27736993715862,39.76285549063467,61970000
38.69468688964844,40.17098393698969,38.096629213823995,40.16801016326997,118192000
38.27119064331055,38.54591664906911,37.963234795669976,38.52211510799207,71852000
37.35228729248047,38.27268175064442,36.874735480508704,38.271690492585314,73766000
38.44028854370117,38.692208034147285,37.94736474986214,37.95975925689377,58878000
38.679317474365234,38.85387346355575,38.002413130908955,38.20523510608127,35968000
38.98577880859375,39.12165680622231,38.67286669432445,38.80428024808149,30674000
38.48046112060547,39.240180917697,38.44971698921651,39.035872052433014,36126000
38.91834259033203,39.005123063165335,38.49682338384016,38.58608578500666,32616000
38.928260803222656,39.363165796299874,38.865777497779675,39.126126495505844,27884000
38.63072204589844,39.152411317360304,38.31582357936732,39.152411317360304,26260000
38.69171142578125,38.82411623564059,38.59054637232288,38.8097354297692,12270000
38.967437744140625,39.659218540476544,38.58608717198016,38.598485463809816,51508000
39.148441314697266,39.49557079083197,38.94511991908441,39.095874372556494,31240000
38.475990295410156,39.25108581308266,38.340611717152385,39.131574926882706,45582000
37.903228759765625,38.61088098354522,37.35922489616226,38.608402838728196,57342000
37.9096794128418,38.209205806714394,37.638918418784954,37.78273028415342,34376000
38.59203338623047,38.68030452090309,38.03414437871744,38.184403180891515,33770000
38.490875244140625,38.94214736062982,38.34904967521885,38.689732201472125,34682000
39.249107360839844,39.27538704621044,38.35945715398941,38.677828769919465,40588000
39.43259048461914,39.6225223235874,39.07256709997459,39.32250031409867,32250000
40.1407356262207,40.165532207710385,39.57540837578578,39.63739604608283,38090000
40.063873291015625,40.234959873944966,39.89675552333381,39.91113633053669,32572000
40.43281936645508,40.877148826659145,40.26421472187155,40.28652937481459,42564000
40.55927658081055,40.87516625794876,40.305870201888204,40.46158471019402,35994000
40.44819641113281,40.81268422036397,40.2671896872104,40.53299436488209,35394000
40.16007995605469,40.62424218801325,40.07478258380665,40.580108506608354,51978000
40.291988372802734,40.47646450909607,39.89526574314572,40.13230881964824,25272000
40.42588424682617,40.489858227213944,40.21760654735566,40.335134948016005,25438000
40.27710723876953,40.4516632080779,39.92501774314116,40.4516632080779,29192000
40.15214538574219,40.22107564952607,39.97113865211529,40.123383770654364,22632000
40.05891418457031,40.216115593068096,39.92551810127754,40.06932996020436,15310000
40.16453552246094,40.46554875699755,39.95973105278439,40.10254785470101,19520000
39.89874267578125,40.33315206649653,39.79311693988397,40.33315206649653,24296000
39.81493377685547,39.95725497065917,39.579876990598294,39.78765904771357,21148000
39.29771041870117,39.83526739044925,39.15736795230836,39.83129857481206,34718000
40.0693244934082,40.23941601585389,39.51788245814108,39.702850415096556,39180000
40.05742645263672,40.33810757528948,39.87592787720034,40.1625565476015,30306000
40.31777572631836,40.35347993020166,39.96568619388392,40.04403719083414,26810000
40.92228317260742,41.10824620622748,40.24240123206535,40.415470344409016,40342000
41.01996612548828,41.18113253949711,40.744245115410166,40.97979748335645,28178000
40.96194839477539,41.130556829441424,40.81962721252851,41.01451533275923,23948000
41.15287399291992,41.15485650891124,40.7368142580937,40.99220317879171,26508000
41.136505126953125,41.17865628665447,40.71399470522361,41.07947374903928,26990000
41.20642852783203,41.390405238780495,41.13601138212753,41.20940230155456,25804000
41.03385543823242,41.168738399991994,40.82260021577669,41.15981329531637,28818000
41.1112174987793,41.15039488925985,40.86624057617033,41.14989926027357,20554000
40.880619049072266,41.308585195718834,40.86029069494082,41.110223893139775,21410000
41.06906509399414,41.12212766134273,40.892027182126576,41.114685659918514,26124000
41.87540054321289,41.93044562655304,41.09534864255038,41.23965612545367,49148000
42.12831115722656,42.2269942903419,41.768779631954004,42.00185388462575,33768000
42.57065200805664,42.58751095898606,42.13872084245832,42.327661405847955,33108000
42.49775314331055,42.69710569891243,42.17740280667008,42.600405086499904,69866000
41.905155181884766,42.994649861401655,41.749940071620735,42.59793101150635,75050000
40.85384750366211,41.51835357765872,40.71499193064889,41.509924101168345,70338000
40.673336029052734,40.81615663281486,40.336618550613004,40.639118710966834,40404000
40.42786407470703,40.86227339981706,40.279587780187946,40.86227339981706,45020000
40.57762908935547,40.8900494152213,40.269676991604925,40.415967007104925,33784000
40.67035675048828,40.967896797151255,40.63167499321704,40.81912866553325,30562000
40.74425506591797,40.782437418314714,40.380758465752464,40.70954211672651,27018000
41.12162399291992,41.25502384094169,40.827061510501736,40.93665603665524,33332000
41.15386199951172,41.37057292412029,40.91731834970197,41.18609679896117,26044000
41.16279220581055,41.25800594565628,40.986253688964744,41.245607653298556,23884000
41.400325775146484,41.51438097041983,41.18510552094612,41.30610330506464,28302000
41.60414505004883,41.74200557655793,41.46975392643804,41.54165796360543,25914000
41.65720748901367,41.75489937570321,41.44892979402669,41.64431356740576,27266000
41.5228157043457,41.74349166835377,41.468266249563726,41.59670225604755,27144000
41.76333236694336,41.78911642656534,41.51984231190419,41.58133436194617,20102000
41.980533599853516,41.999874481419,41.64480737399382,41.72068022980646,29224000
42.11541748046875,42.26071622164338,41.98053073116248,42.051942921029976,25206000
42.219058990478516,42.339561144431656,41.98846289059501,42.052436859863256,24488000
42.201210021972656,42.281547323123746,41.77969457229085,42.20517883749999,27734000
42.04301452636719,42.07028925393276,41.80250205149641,42.03508067927258,26924000
42.135257720947266,42.184847106668066,41.80498719091664,41.90119218825459,20206000
41.90019226074219,42.09359727432697,41.727123168204734,42.02020257062519,27662000
42.486351013183594,42.548338683886556,42.103017956057506,42.22005070861212,36374000
42.14418029785156,42.473459550089444,42.088143954841,42.464530661459044,25018000
42.105987548828125,42.19227616365611,41.88928042907905,42.09904496066619,20100000
42.01622772216797,42.09904314763507,41.71372762952799,41.99589558746743,20958000
42.208641052246094,42.316748693394544,41.92945062866984,42.01573546327583,20774000
42.332122802734375,42.495275530197596,42.21360316494218,42.30633496352121,20576000
42.540401458740234,42.682726423260924,42.284021297759324,42.33460571946281,26954000
42.717437744140625,42.85728077510068,42.528996592605864,42.78140792885662,26732000
42.8746452331543,43.00109873372764,42.6881865708931,42.68868219990831,23332000
42.94060134887695,43.02341679481871,42.65396887665128,42.83348494769357,21234000
43.06358337402344,43.13747371728028,42.71198943654988,43.04126871736553,26658000
43.1434211730957,43.27781229685549,43.0204370828692,43.169704643064435,22090000
43.26094436645508,43.36260504779347,43.06258307647032,43.32590580667019,37366000
43.03977584838867,43.16027800433553,42.8791050459838,43.11763121306919,30844000
42.158565521240234,43.31550368614403,42.03706830487495,43.14639959799709,50760000
42.141700744628906,42.416926160608924,42.002845180784206,42.12582926727601,27334000
41.63835525512695,41.73952031148687,41.30858418506288,41.72464387625716,65754000
41.414710998535156,41.85408044189922,41.11518838833277,41.75489788822843,42114000
41.58182144165039,41.724146394759245,40.87714683132068,41.06509234598481,38692000
41.68696212768555,41.92350579956987,41.27238549049056,41.64034651723007,30384000
42.14516830444336,42.23046188484788,41.724148537435966,41.792087537760835,29146000
42.12582778930664,42.25079438729793,41.99144045777014,42.24980312939076,18988000
42.04251480102539,42.129794677416676,41.91556569302621,41.99441231073804,28820000
42.486351013183594,42.5979280637635,42.02912762348738,42.08962840731375,39388000
42.2790641784668,42.300387573764205,42.02813594100939,42.05243689345709,26970000
42.09756088256836,42.67677329553745,42.02863062525979,42.385184573282025,37104000
41.908626556396484,42.329646342464315,41.8540771020873,42.12682059020596,30672000
41.759857177734375,41.947307093025614,41.521826620248596,41.9036690402863,22232000
41.740020751953125,41.9899577562754,41.694895812116435,41.73208690447786,20924000
41.64976119995117,41.88531357959938,41.38792535315097,41.740014850291004,19486000
41.728118896484375,41.84019157800632,41.53620455004589,41.5793469707938,22716000
41.66463851928711,41.84068516330789,41.54909644063523,41.707285308984346,21474000
42.40602111816406,42.43131333318704,41.70679825461488,41.7241566214848,20982000
42.349483489990234,42.51808814517669,42.21360548114079,42.27757567030453,18724000
42.474449157714844,42.657434616117435,42.326668489768906,42.518087207486694,21606000
42.6514778137207,42.84239707761615,42.523533682549676,42.63461508217653,23776000
42.5954475402832,42.76852042174209,42.534950537888896,42.678262980271256,23458000
43.58625411987305,43.637334165964894,42.950509770195445,43.06605562662423,33930000
44.077701568603516,44.24680185831593,43.603619192444796,43.75139608506986,40760000
44.09257507324219,44.28349815976881,43.89470939781327,44.20415212464137,26466000
44.206634521484375,44.30283951744496,43.99538306032128,44.13522610974299,46846000
45.84708023071289,46.41141251059914,45.782610624123535,46.06924310036823,76918000
46.258670806884766,46.40744273241571,45.662599413681235,45.82872591991536,46556000
46.470420837402344,46.763004610173645,46.16841633099598,46.28098842279427,35026000
47.03376770019531,47.120548172946634,46.37719550414564,46.418851039088835,36496000
47.34469985961914,47.563888950498146,46.98021201764203,47.1250151397329,38752000
47.124515533447266,47.52917199142288,47.01640788415368,47.44387462481954,32310000
47.541568756103516,47.65562394932024,46.98169343110504,46.9841753592796,37534000
47.443382263183594,47.71563392102859,47.32883142945087,47.67249149750399,33758000
47.350650787353516,47.44338259547366,47.10270008245912,47.41908542404373,22920000
47.40271759033203,47.506860214208146,47.0417029434433,47.17460339933577,20622000
47.36552429199219,47.506358588677905,47.212787333116125,47.49991541203768,24298000
47.56785202026367,47.740425493350756,47.250475431059215,47.37296389248894,26754000
47.835140228271484,47.899110413907586,47.62388879195865,47.78257707538277,22030000
46.72233581542969,47.6556201873578,46.617697580513514,47.591650007079295,48982000
47.13542938232422,47.31791922016584,46.67771033389201,46.77341969716023,36010000
47.34122085571289,47.58471087173579,47.20980729982092,47.250471573982466,27206000
47.80836486816406,47.84555974302487,47.43594319112979,47.457762216999214,27748000
48.129703521728516,48.32607851042586,47.829681553696936,48.10044628167771,30908000
48.47981262207031,48.50510104843531,48.183263826900564,48.36327550224767,22660000
49.18647384643555,49.38087012749625,48.490228626953694,48.54874689789366,39082000
49.25640106201172,49.41112054637644,48.96332163381129,49.19341834434606,32728000
49.40019989013672,49.472107699818864,49.16167374779163,49.21820571097539,30324000
48.949928283691406,49.57030062685248,48.681645460182665,49.4021916056007,34482000
49.009437561035156,49.249950027594366,48.662304332794264,49.14184237902644,26128000
49.39773178100586,49.415585775682665,48.94894160330658,49.02431883067383,34710000
49.78254699707031,49.95710297789331,49.36450099180219,49.48550256057955,27578000
49.425498962402344,50.01710970920637,49.33227152977824,49.75428258005045,31042000
49.664527893066406,49.78403880333552,49.38533363852673,49.54501319936971,27482000
49.80238342285156,49.86784049676584,49.42252354896753,49.79990149461113,33758000
48.10838317871094,49.86288318658422,47.27774688858592,49.86238755763171,72958000
47.696292877197266,48.003257481100995,46.45604373663614,47.543060281458054,84042000
48.127235412597656,48.49469704135999,47.70621179834885,48.20360390006283,40108000
47.999778747558594,48.58345560190696,47.58222839054987,48.37517794405669,30110000
47.61545944213867,47.640256025476745,46.63308116116803,47.012445428990574,48552000
47.53810119628906,47.604057688648595,47.04616859684755,47.50289261957261,51184000
48.36129379272461,48.56362012415284,48.013169314281434,48.08507334645963,29376000
48.052345275878906,48.63750901209517,48.013167889343364,48.36575301788225,25946000
48.52841567993164,48.576022547275464,48.07516107389255,48.141613193262096,23232000
48.43072509765625,48.623135088158875,48.26658109423568,48.44311960624691,20190000
48.90033721923828,48.92662068716568,48.323602945386355,48.375178623346095,31280000
48.206077575683594,49.29210282004451,48.118797690918115,49.09423713824361,30358000
47.015907287597656,47.96456751113858,46.966317912306216,47.685872724938996,48872000
47.6566162109375,47.76720200383688,46.42430101204504,47.14336026379813,54912000
46.506614685058594,47.19294341777534,46.09898451156939,47.17757135519111,64134000
46.102962493896484,46.86268228834561,46.09948930751734,46.812597276050326,45754000
45.596153259277344,46.329097795202735,45.39035370820411,46.278513366526404,33896000
46.23090362548828,46.43075183234447,45.55499052104194,45.831207211775904,41882000
46.00428009033203,46.42331741972434,45.61549504962675,45.87088399296742,40298000
46.6548957824707,46.84581886255221,46.10841001006058,46.167919534397264,33266000
47.16021728515625,47.2658467841332,46.71142717202017,46.71142717202017,29030000
47.285682678222656,47.35312605280559,46.868631706403306,47.136418905416306,29224000
47.986392974853516,48.08408485181056,47.45974745807776,47.64917988080973,32042000
48.045406341552734,48.53386950434933,47.84456688766295,48.142106959478454,30492000
48.445098876953125,48.47633863354186,48.10986832923066,48.30079140501328,21592000
48.39799118041992,48.76446151150761,48.14210664466334,48.415845173651554,33210000
48.94298553466797,49.136386766190476,48.20359792415932,48.26905499811704,28266000
49.231597900390625,49.3719365580607,48.94595672882791,49.09472864527853,28242000
49.20283889770508,49.52467613243414,48.82743968411209,49.44136506550022,28368000
49.28466033935547,49.347639265019765,48.80512231873956,49.04464351457972,29266000
49.506324768066406,49.89709600275339,49.10761968742755,49.29755149507166,79690000
48.0543327331543,48.43617514191292,47.79497500253441,48.13714817516883,118672000
47.86985778808594,48.298315816304175,47.61794205286453,48.240296955923,44432000
47.235103607177734,48.07863387958749,46.468936858231274,48.06177114366829,74358000
47.52371597290039,47.69529817946804,46.87805142208544,47.010955652473044,36276000
46.88747787475586,47.665547275688176,46.70051981236371,47.606533375916996,45670000
46.940040588378906,47.333290023203226,46.86069833421592,47.002028261461085,28052000
46.99359893798828,47.06600238669588,46.24379552740567,47.02979877062842,40788000
46.62960433959961,47.11062926480969,46.586957548998946,47.06599995839331,22478000
46.901859283447266,46.988639757636676,46.60481483170732,46.8106105815028,25092000
46.89986801147461,47.05905570229683,46.788290965959746,46.9876435177628,28916000
46.822513580322266,47.234112649723684,46.737715621479595,46.82747365367446,30102000
46.61869812011719,46.801187949752354,46.313220421096304,46.53786519707213,28018000
45.800960540771484,46.43124931832855,45.711202503418164,46.36678349475481,54148000
46.123294830322266,46.28545253059152,45.68342977220273,45.80690949370734,32334000
46.561668395996094,46.666302863552595,46.341488056325936,46.568610985234095,23012000
46.51951217651367,46.766967217259534,46.448103775947395,46.665802163601505,22130000
46.82648468017578,47.105675153657984,46.61671631987403,46.67672148173799,26906000
46.002784729003906,46.80366436155835,46.001793471102964,46.76101757125523,33914000
45.92938995361328,46.1694067852082,45.79401136523501,45.969062970150496,26748000
45.66607666015625,46.0320514223845,45.55350833045246,45.90907109915587,26024000
46.63457489013672,46.711934642028766,45.928905037156,45.9680824338813,35502000
46.742679595947266,46.88400953914702,46.378687363437045,46.46596347452611,22690000
46.46050262451172,46.92763857425652,46.15552057307429,46.798706948541536,25892000
46.14362716674805,46.650931821234515,46.12379065657195,46.57555459593632,23746000
46.026100158691406,46.359344459434325,45.925926346807096,46.212063190822604,20988000
46.403968811035156,46.524970378782186,45.58870835761556,45.620447528143664,23172000
46.794742584228516,46.90532838288006,46.31966895942855,46.40000625624222,22406000
47.3704833984375,47.46767964301148,46.92466703864264,46.92714518345369,33866000
47.20931625366211,47.523719073801274,47.12451829448306,47.481072279714525,20858000
46.6881217956543,47.179558703783755,46.39652928844489,46.9549139384626,29148000
46.71490478515625,46.83788509210258,46.2517300385947,46.80664533223622,27830000
47.10517501831055,47.13542730257057,46.49224088730193,46.825488942567944,22332000
46.68464660644531,47.14533936648933,46.615220722809426,47.09574999009611,19998000
46.77788162231445,47.24353070952721,46.664318271199875,46.97177848336426,26748000
46.94449996948242,47.0159083688702,46.4907497974481,46.957889517295996,25696000
47.132450103759766,47.25196478794652,46.84978646862486,46.887476971137396,21908000
46.621177673339844,47.01294022589759,46.533402158652414,46.91227079077676,28548000
46.38115692138672,46.70151103904058,46.18081310940268,46.619191233531005,39886000
46.10643005371094,46.459015208510344,45.890714164084756,46.36727466389733,29474000
46.45901870727539,46.51257690784219,45.95320092623724,46.287935896352124,24854000
46.98863983154297,47.11063266470182,46.49075591911363,46.50216295273148,40080000
46.9891357421875,47.24948473358056,46.58398741638677,47.0179011408994,27414000
46.77639389038086,47.11063322132889,46.65638735519029,46.75209671931639,21496000
46.33107376098633,46.60233035677024,45.846575641943474,46.58745392106083,37468000
46.48727798461914,46.81705283360065,46.372727164860606,46.45058252599253,33454000
47.6015739440918,47.87580811223857,46.71143184626798,46.75060923698249,46692000
47.845062255859375,47.91299747578231,47.38585633874496,47.42056928387711,28018000
48.28691101074219,48.39055421974736,47.904073563388195,47.904073563388195,40622000
47.976966857910156,48.4862577364052,47.70322835480957,48.38261453989456,30782000
48.2055778503418,48.223431842331415,47.740920047372285,47.981428718020325,21666000
47.94275665283203,48.32063403738987,47.88473400928468,48.18971609694457,21156000
48.85570526123047,48.921166118090966,48.115822027686306,48.24078862704488,35618000
49.274742126464844,49.30549003881309,48.52444312392938,48.598333455929044,31060000
49.20878982543945,49.61294686586422,49.16862117919108,49.342185900547776,25910000
48.98513412475586,49.46467214667661,48.653376761440235,49.35706013252644,23268000
49.87032699584961,49.96554073338551,48.99208374382419,49.046633202132725,36300000
49.87032699584961,50.16241138556229,49.644690944066795,49.78056896083007,30614000
49.98041534423828,50.32208910626672,49.94024669548672,50.04190738984053,26552000
50.053802490234375,50.18521604777467,49.665513148471184,50.067687667759934,21420000
50.1356315612793,50.31217385472003,49.890162785863865,49.959093051266045,20260000
50.221920013427734,50.39895415181244,49.853958990972124,50.138113311441074,25596000
49.68138122558594,49.953137230765876,49.456244609722525,49.825688703861445,34284000
49.8415641784668,50.01909394476749,49.70270860757402,49.93975168768478,32120000
48.873069763183594,49.877270911658044,48.75206818030014,49.84701862422336,32786000
49.01935577392578,49.05754190601021,48.45353286580902,48.920672638766945,28902000
49.1666374206543,49.31391866974858,48.48526868881252,48.90926222716537,30574000
49.16465377807617,49.91297029240875,49.117542541618604,49.51426515906701,47396000
51.25983428955078,52.74506022520769,50.92162995541085,51.12693384492735,103682000
51.233062744140625,51.56531577185104,50.697488327772334,51.03618831577811,46804000
51.22859573364258,51.623332045146604,50.89435642328823,51.226613217782514,30326000
51.70267868041992,51.96352328927829,51.27620319307173,51.39125343255267,43262000
51.72102355957031,51.84748082988711,51.01138882256397,51.57324667705165,26694000
52.06914520263672,52.102371258383826,51.457202372449544,51.71011311584816,27770000
51.706642150878906,52.19808285283064,51.67292046474881,52.02501376157799,18294000
52.18815612792969,52.238740542461635,51.72250710751578,52.05227814262675,26104000
52.48074722290039,52.69894125279004,51.923353811073085,52.07212195189413,24276000
51.956573486328125,52.1132754547323,51.36793660501502,51.97045866243618,35892000
51.779541015625,51.902525097854394,51.634242280193455,51.76565583806449,19442000
51.63325119018555,52.00715972762755,51.53704620485674,51.61341468168787,18814000
51.65507125854492,51.68780168739899,51.04461527708576,51.460678768136674,21012000
51.39571762084961,51.55539717922264,51.11553211261901,51.325796096900035,18106000
51.993770599365234,52.15692332926445,51.474563321821236,51.51175441091312,23768000
51.369930267333984,52.119238094285166,51.26281764986963,52.059732345725266,26712000
51.30893325805664,51.509277080214154,51.21074197113325,51.37538159051283,17526000
52.08452606201172,52.08899050660321,51.53110140348238,51.57573071568679,22206000
52.164852142333984,52.33891247597132,51.933264804111246,52.1271616444925,14538000
52.392974853515625,52.5690215149846,52.16486066383673,52.28734912669069,16492000
53.16112518310547,53.21220523777591,52.306191637903545,52.49463659479752,35430000
52.728702545166016,53.557352626203155,52.29478880861113,53.25931690595889,36424000
51.44382095336914,52.50455405965603,51.060487854508445,52.3761142602095,55866000
51.383811950683594,51.7790476831608,51.08131558808607,51.5707700105157,45092000
50.83336639404297,51.436876033513535,50.42821428668972,51.09817604514459,37762000
50.17877197265625,51.14429506199588,50.04735840756122,50.96874403359691,38778000
50.56209945678711,51.40909902432183,49.7051835273006,50.135128378822586,38998000
51.212730407714844,51.55291728137784,50.349363627875285,50.40936878626148,28710000
51.80037307739258,52.016088976422,51.343649066884396,51.37885764265905,30866000
52.03889846801758,52.3880104210967,51.86433870805091,52.159400621447254,31170000
52.16734313964844,52.36719135963325,51.778062476241935,52.12469634218395,23254000
52.00865173339844,52.68952491547265,51.81525048579467,52.06964815176121,33882000
52.13857650756836,52.34139848224902,51.900046545329204,52.17279382474139,27680000
52.44008255004883,52.91664303619711,52.248168206925044,52.34189504817109,30962000
53.16062545776367,53.3217956733948,52.57000977004066,52.752995226952784,63760000
53.80976486206055,53.87919075347387,53.07979796083422,53.38130306778893,30292000
53.54643249511719,53.80380767775444,53.17401086689754,53.70710706927508,26350000
53.23799133300781,53.61834685390678,52.99202315248138,53.602974788480715,28728000
53.10359573364258,53.434361844055864,53.01185519437691,53.32873612749289,25640000
53.004913330078125,53.146738878655704,52.94441254719107,53.06144529792869,17788000
52.85564422607422,53.00491177138416,52.49809902458321,52.994000367925004,18376000
52.57545852661133,52.975654298889715,52.48520487599397,52.892838865715824,22324000
52.36471176147461,52.80556809957497,52.2372632182235,52.67712829828397,19884000
52.23824691772461,52.46884301517318,52.20353397421298,52.34189390273837,23606000
53.22063446044922,53.357999362017694,52.21941091232708,52.21941091232708,31766000
54.12862777709961,54.355750700510285,53.23154311672444,53.256335915730126,31318000
54.33888244628906,54.751472716786864,54.264500273399186,54.404838927468575,26052000
55.05943298339844,55.22258571487363,54.63841320373191,54.720237383951606,30250000
55.25383377075195,55.49930634827347,55.04506044265567,55.09464983051305,24644000
55.18341064453125,55.463596141591765,54.95579208730221,55.463596141591765,26808000
55.05199432373047,55.182912254345965,54.74652041343671,54.89627981139507,20734000
55.1467170715332,55.28556886064353,54.870500380318546,55.159610992440236,22424000
56.069091796875,56.10132281445176,54.94637108166763,55.05001429043601,38586000
56.07156753540039,56.97311661601301,55.87122371564505,56.54812802368967,36462000
56.48813247680664,56.49904009850727,55.714028061115734,56.35225445885429,27830000
56.332916259765625,56.56202172752031,55.76213321480908,56.5005296762047,27498000
56.706321716308594,56.720206894332954,56.16083095816857,56.43506511586326,30552000
57.730857849121094,57.865744604493074,56.62301354096879,56.72219609151508,29550000
58.32643508911133,58.44247659523314,57.884091874682795,58.051209652613295,39138000
58.08443069458008,58.86597325427586,57.89152509119523,58.763321307092504,37128000
58.62247848510742,58.764307809619446,58.11170071877717,58.55156571456486,29984000
58.89126205444336,58.89126205444336,57.92276899966967,58.88977516753866,42170000
58.83770751953125,59.408986114209235,58.71769720777798,58.913084740245644,31494000
58.38594055175781,58.90961228811915,58.24411121339858,58.40329891610791,37338000
58.62644958496094,58.82977095493848,58.124596903147186,58.70529620480337,36022000
58.595218658447266,58.8858199697339,57.98873138741707,58.31751505277034,73514000
55.501277923583984,56.10131810025755,55.10306844525168,55.90890813522095,117842000
52.68406677246094,55.29250913268484,52.403885060973224,54.579401181234864,83550000
53.77703094482422,53.92332093628484,51.07833510949319,51.275209521008335,76630000
52.337928771972656,53.88117365517062,52.29875138174202,53.803813916102946,51942000
49.97248077392578,52.7604354198397,49.823213214703266,52.55910033343243,66792000
51.88467025756836,52.15493558662901,49.44136332550892,50.87352667351269,98360000
52.295780181884766,52.841766609935185,51.84599874927794,52.40041465388367,56240000
52.27494812011719,52.62604638340829,51.91690726786351,52.069644225040435,31586000
53.19533920288086,53.33270409658668,52.05972837561951,52.28387374049977,41304000
54.12069320678711,54.256571212523454,52.9240821910196,53.728435037863214,37396000
54.32599639892578,54.96124517382604,54.13011323977028,54.22086252426643,39948000
54.7271842956543,55.35697742181171,54.05325370420619,54.190122977680886,33754000
55.23101043701172,56.34431028103051,54.92156773575924,55.000418135407145,41486000
55.04009246826172,55.811714885519635,54.80454007218007,55.49979401074562,28010000
55.942138671875,55.987267393103004,54.96769426169726,55.474503270089066,25292000
56.716243743896484,56.741036543518234,56.00412704241539,56.12909364877986,30912000
55.41747283935547,56.74351486728619,55.38176863743762,56.716240141035705,42964000
54.74354553222656,55.92032007840852,54.69792496509287,55.64013458167167,49292000
53.131370544433594,55.108033526161094,52.927057899393276,55.022244310460025,55338000
53.762657165527344,53.899030812436955,52.07510469721638,52.465376601770885,50162000
54.28929901123047,54.60766685300695,53.17401652362872,53.464617792333975,28648000
54.593780517578125,54.82834543933603,54.27640394048558,54.65329004456819,23382000
55.294979095458984,55.35250609961514,54.04877884968643,54.193086313844546,30748000
56.00611114501953,56.108263680275236,55.40210212118872,55.40210212118872,33862000
57.56621170043945,57.574145546899096,56.249594231403485,56.50795689570287,42662000
57.818634033203125,58.42512124352599,57.48489032731857,57.7749921970881,44306000
56.52829360961914,58.41718483569654,56.26348396423701,58.11121150101052,43140000
56.97361373901367,57.512657541407506,56.64929456873817,56.82038115055427,41870000
57.05890655517578,57.648534772424746,56.31753642186147,57.00733465855208,33382000
56.25605010986328,57.36637261327079,56.10430439491228,57.293972942349725,58656000
54.55262756347656,55.50971364000211,53.99969477458665,55.42987575383927,63656000
54.340877532958984,54.82438065206572,53.67735893275285,54.46980917576911,54598000
54.25161361694336,54.980589276264126,53.91489614445986,54.18070083702967,44898000
52.225852966308594,53.75173939363929,52.05178883452295,53.557842536859184,69312000
50.90675354003906,52.901766014173454,50.82344247471146,52.13758183628975,49880000
52.27246856689453,52.529348153609014,50.11480262154062,52.09939946393313,65984000
49.934295654296875,52.79068877546152,49.4721159433285,52.75894960278236,60816000
49.84701156616211,50.82939354831861,48.79669436686432,49.68485388033702,77698000
51.43191146850586,51.972941540520445,49.79047919799269,50.14604189126443,69338000
50.216461181640625,51.55043709116375,49.304995725569974,50.959817615214966,65068000
50.5164794921875,50.82989103838948,49.45376396334763,50.39101726128376,51322000
51.06346130371094,51.2137201179156,49.41706887438984,49.50236245886498,50724000
51.20875549316406,51.90648752224642,50.78029752612472,51.89061982966776,35836000
50.08355712890625,51.37537799917376,49.9000722713159,50.735664817411,40134000
50.58640670776367,51.80136361150486,50.542269243842824,50.58392477939644,33220000
51.400177001953125,51.633746876732836,50.35432045290916,51.090734279213066,36620000
50.83287048339844,51.36894056626015,50.542272971069025,51.177026197797105,34060000
51.43935775756836,51.804341241532015,50.88196805941184,51.15074654456522,32896000
51.37736129760742,52.21741830032065,51.0852769479233,51.91541758840648,25410000
51.876243591308594,52.14055760390715,51.272234561158584,51.84896886410997,29776000
53.52560806274414,53.80529791473153,52.42123702824209,52.625054032184096,54584000
53.32874298095703,53.656531576402124,53.08723923405093,53.50825905100342,31126000
54.025978088378906,54.42567449731254,53.012851887323954,53.012851887323954,39884000
53.4244499206543,54.28880417094214,53.16558781994128,53.76910123700116,42434000
53.25038528442383,53.954072501464275,52.89680886618381,53.70512676619585,69590000
50.71285629272461,52.788202259057215,50.22786633995534,52.525870774400595,128220000
50.73021697998047,51.378855318134626,50.433664383643524,51.06544376987916,57860000
51.73788833618164,52.16981953466603,50.604256219813294,51.23752250402827,50926000
51.14974594116211,52.15394698774903,50.95833100583306,51.84847307083429,40746000
50.51152801513672,51.492915085401805,50.49764283582104,51.29703568793298,34492000
51.61093521118164,51.65953333511568,50.11628846472264,50.3984564742984,35326000
50.881961822509766,51.77111261726517,50.7386455999112,51.27620250432645,34698000
50.89435958862305,51.11206178747579,49.98140719485577,50.8482433914451,39282000
52.11922836303711,52.162870191717175,50.48523440950403,50.5625941382445,36892000
52.53876876831055,52.81349856487074,52.08303602194404,52.262552084785746,34400000
52.49562454223633,52.82490378360529,52.1509732359064,52.79465149922729,26030000
54.001182556152344,54.25161519042565,52.670184105592654,52.768871028972896,47160000
54.82040786743164,55.01579540037232,54.24565986859183,54.30120058047087,36414000
54.716766357421875,54.995960595802366,54.411292432619845,54.56948509726962,30504000
54.87644958496094,55.44921508455651,54.78718718350271,54.8253695323145,39338000
53.79885482788086,54.50551583478358,53.496850300827376,54.39542566367748,35738000
53.760169982910156,54.27045594367207,53.63818093955972,53.80976314670501,25628000
53.61983108520508,54.10283853372992,53.379814247827525,53.62975123129193,25738000
53.04359817504883,53.24642394515958,52.797633763463644,52.86309084433973,35482000
53.75620651245117,54.21689932279822,53.45817080919839,53.50776019100628,25180000
53.324764251708984,54.14250656190594,53.173514196953484,54.04332781074,22226000
53.8529052734375,53.954070332903406,52.91069191788155,53.06144635744468,23740000
53.82761001586914,53.910425448806265,53.17550232681941,53.899517828852964,20604000
53.759681701660156,54.03193337706982,53.686290770718976,53.88217017414293,22224000
52.96574401855469,53.62380694610435,52.71828893081179,53.35899349214229,36076000
53.431888580322266,53.50726580445433,52.89036283283215,53.234022894047186,28686000
54.54915237426758,55.04505375948819,53.45817084015315,53.65652836749955,79368000
56.28480911254883,56.4415148938306,55.14473000386579,55.187380581436216,63202000
57.179405212402344,57.41843076430365,56.38397757209448,56.4583635254625,44754000
57.07923889160156,57.579109082894355,56.90270039283215,57.25974998898025,32964000
56.877410888671875,57.26223085912738,56.35026972869474,57.1660258665135,34934000
56.25605010986328,56.82385557667041,55.84445101917018,56.759885382484924,36108000
56.17124938964844,56.472258876258145,55.70113204704333,56.096863422878286,27284000
56.577392578125,56.91659200285427,56.1062877309521,56.1826562185618,24796000
56.938899993896484,56.96667034977643,56.5833372860979,56.5833372860979,26092000
56.742523193359375,57.308349889397284,56.7003720290939,57.14172396484692,34302000
57.53001403808594,57.821602769454735,57.05840984235322,57.138251505751114,35422000
57.48835754394531,57.718454229804756,57.21164525280323,57.52058855939883,44438000
58.69390106201172,58.7211757914238,57.07825263296036,57.16205933724765,33038000
58.45140075683594,58.65570961097429,57.604401118221695,58.025916529943856,47282000
58.718196868896484,59.58205930091618,58.61703558465915,58.68001451866374,51686000
57.99268341064453,59.02861971240183,57.697125894430755,58.78959794248259,44966000
57.98525619506836,58.26841547546482,57.50720499767632,58.09435511024316,34220000
56.49705123901367,57.32570123702275,55.535992641005855,57.27660748631316,57682000
56.166786193847656,56.87344343530432,55.987270124992094,56.73806483186919,34688000
55.38920974731445,56.84071407841611,55.377307084911294,56.33439691500152,34538000
55.877174377441406,56.235215221429016,54.8501630802286,55.163570834243025,29726000
55.996681213378906,56.60019454988772,55.88907298645991,56.15140445505855,31562000
56.63739013671875,56.681031969084565,54.876446930042064,55.31036062491598,23216000
55.356483459472656,57.02419943740615,55.264742906533236,56.99990226522795,16448000
56.59672927856445,56.73806299233003,55.69567577703907,55.76907048507362,28594000
57.280582427978516,57.33612314449367,56.39589221238666,56.62053700692371,21820000
57.88557434082031,57.91780914101105,57.387194819139,57.5245597123931,21584000
57.87863540649414,58.19402948902671,57.65151247076187,58.019969123860406,21334000
58.092864990234375,58.53818194817805,57.29495909360109,57.30735360137686,33252000
59.570648193359375,59.60684802511169,58.17418898558907,58.261468868395724,44148000
59.72735595703125,60.02588729269595,59.27459698855449,59.6470186605164,32612000
59.33509826660156,59.94009857353567,59.18087063251283,59.69710416604418,26784000
60.15680694580078,60.43847933719523,58.6155445322406,58.65224377865796,40162000
60.148372650146484,60.57881315843189,59.73429546433919,59.93116609674343,38948000
59.46353530883789,60.325411378483885,59.3955963063549,59.8379394825147,38338000
59.40303421020508,60.04225180149662,59.33906023978065,59.47047758336647,37938000
60.05366134643555,60.256982745158574,59.111943518550284,59.29295026134349,65446000
62.39183044433594,63.227423020220215,61.69707215887038,63.02906172072626,107600000
63.27404022216797,63.38809541844173,61.940559956385655,62.117597865204,51104000
63.74812316894531,63.842345640743225,62.63234507695743,62.83963148817105,54686000
62.130985260009766,64.04268285456948,61.714426156660316,63.927636404358765,48362000
60.99785232543945,62.13098879607649,60.70675921387237,61.742200025261354,43896000
60.858009338378906,61.55177639947601,60.31103168905278,61.080667817479224,39382000
61.14414978027344,61.784354899209696,60.744948993606215,61.44764120126705,36994000
61.54780578613281,61.71046288718155,60.40376172708883,60.425580751599156,34704000
61.40052795410156,61.815100793177606,60.967109863223676,61.74864867459752,21264000
61.37622833251953,61.61376704258052,61.02215627306079,61.57161587717549,22114000
62.277278900146484,62.78508294379242,62.07693507500244,62.087347066897074,42506000
62.549530029296875,63.06476850332,62.09280225778998,62.32091643734452,34344000
62.704742431640625,63.07666844860864,62.488530923546634,62.61895322230275,27326000
62.112144470214844,62.54308441078744,61.84683919504169,62.44291060517788,26602000
61.92022705078125,62.77962496101555,61.840389171065105,62.04717994879449,27500000
62.39133834838867,62.5128317663453,61.468961469423846,62.11164848408736,28080000
61.10595703125,62.08585708292371,60.80940823183751,61.70401470300121,37052000
60.70130157470703,61.675254094846835,60.481616876650435,61.590452358478274,32176000
60.294166564941406,60.844617378706886,59.70652466244601,60.60113114205357,33092000
60.5966682434082,60.79304703382085,59.93960043624194,60.5326980557905,22218000
60.37152862548828,61.13273906052275,60.25350461148751,60.64973160024402,23082000
60.58675765991211,60.82379696538456,60.163751538026986,60.213340923470824,22296000
60.557491302490234,61.252249616869754,60.46773327420355,60.49401674337012,24666000
61.330604553222656,61.36283557012292,60.57038537845587,60.7975083008106,24454000
62.298606872558594,62.37795291545617,61.5254975004561,61.69707972396591,28580000
61.78236770629883,62.31298202386681,61.639051483139156,62.280251594971496,27330000
62.714168548583984,62.83913893962649,62.12652660202709,62.23562551505126,36926000
62.207855224609375,62.95418546815909,61.849318724961755,62.65218094105127,30104000
61.08513641357422,62.11413033569713,60.7851143929751,62.09727138257301,42308000
60.06903076171875,60.89024638459833,59.83347835374634,60.62493731993848,41458000
59.46353530883789,60.24556971398544,58.28527013841559,59.96538422822053,53988000
58.714229583740234,59.45808166722043,57.70358155416032,59.437253899685246,46854000
58.396846771240234,58.940354968562986,57.98425649638422,58.11963507921533,32658000
58.271385192871094,58.846632602500165,58.05070923287639,58.72463977492341,27670000
59.01177215576172,59.058883395055936,57.8196254991691,58.07501442262224,29254000
58.09981155395508,59.04648565950591,57.83003803658529,58.615545695752786,35716000
58.62247848510742,58.90613713413148,57.98177405531871,58.501480709152574,40068000
58.416194915771484,58.91309138715943,58.19502330177372,58.91309138715943,24176000
57.51613235473633,58.60661828158501,57.44819334906225,58.40577882192011,34096000
57.87714385986328,58.58231793606274,57.5954714892381,57.656467902342634,32314000
58.232215881347656,58.33139465004601,57.456128963458156,57.968893110208704,25962000
59.09012222290039,59.21062817046431,58.33040242500614,58.54959151062882,29244000
58.12559127807617,59.338565624059825,58.12261750425086,59.25624581376571,91222000
58.49454116821289,58.773731604603434,57.10304207996326,57.49530023539939,31150000
59.205169677734375,59.352450934388095,58.223283283094446,58.72712229225433,33152000
59.21360397338867,59.867202437262,58.78415467619943,59.19525813307723,37650000
59.87314987182617,60.344254675953586,59.41146580174746,59.50816642084424,36274000
59.85926818847656,59.9272071969865,59.400557865496,59.71099187937632,35612000
59.93116760253906,60.70824572698339,59.66635796192312,60.15283860556352,33164000
59.88703536987305,60.72411867083924,59.49130778630442,59.83893287455786,40180000
60.07993698120117,60.211350537994456,59.61477975331187,60.10324289211977,26246000
58.37105941772461,59.80074080235531,57.71547854209041,59.75759838457997,46576000
57.91284942626953,58.61554159078529,57.24288769111712,58.31800151953087,31852000
57.32223129272461,58.31105645324983,56.30464073584316,57.524557624559634,46190000
56.78914260864258,57.60142938449433,56.739553222854816,57.093625296475594,33690000
54.16036605834961,56.384979648297815,54.128131258402064,56.35423173524925,58980000
54.089942932128906,55.34556779109662,53.35352912030459,53.50973925718462,67696000
55.56773376464844,55.83006526222908,54.30268810088236,55.5231006729808,49370000
54.6701545715332,55.63021818118948,54.460881853987075,55.44177701468576,30074000
56.18959045410156,56.35274318145139,55.131835035843245,55.21762424560735,38378000
55.91734313964844,56.87988484039314,55.243412612041226,56.5327553995562,35652000
54.44550704956055,56.15339147492875,53.87175031932943,56.0368543512586,46152000
54.806026458740234,55.588064644030325,54.40186941514952,54.73313116691298,41286000
55.11299514770508,55.62476424922726,54.54915473377439,55.16952712111262,27116000
55.288543701171875,55.44178008457866,53.50825942535096,54.117224793175346,37686000
52.422725677490234,55.3733411581951,52.32056935760662,55.29300386341311,49286000
54.7271842956543,55.432850277026816,53.33667631790497,53.57222873103137,72956000
53.743316650390625,55.3921873664318,51.68433373279852,51.98683390312429,106438000
51.31239700317383,54.987027595454904,49.9471814882782,54.377562936883656,81290000
52.045345306396484,52.11427556975001,50.28291511551271,50.582437710545854,59768000
54.08201217651367,54.94587456200168,52.97218539969845,52.97218539969845,70916000
53.85389709472656,54.54419095847466,53.449240636057006,54.122675548098016,40132000
53.13534164428711,54.44997677724087,52.945409798528566,54.00366474790069,43438000
52.353790283203125,53.22756894354027,51.27619841548097,53.1869046711628,45358000
53.040122985839844,53.54842264477756,52.248664069488854,52.31858558730312,28660000
54.95777130126953,55.04157799583169,53.58660433801506,53.73041618700617,43388000
54.28285217285156,54.956782731858674,53.7735612372915,54.91116216518148,33694000
53.409576416015625,53.97143054513672,52.77680572036268,53.75670589634518,34860000
52.037906646728516,53.26476998164376,51.59110279461373,53.21666748640021,34002000
51.96897506713867,52.89631200263692,51.59357963221457,52.30817445358595,25750000
52.29677200317383,52.85267858421716,51.628792730384205,52.565550481816324,34666000
53.113521575927734,53.50131532395517,51.63771624229382,52.14205090644146,41584000
52.97565841674805,53.18244920128964,52.312635487457975,52.824903973568865,35366000
50.949893951416016,52.96226470989131,50.72426171676043,52.733651134777475,45684000
51.100154876708984,51.44232802676677,49.69973067309953,49.9516463854331,54458000
51.74383544921875,52.30321135194461,51.546961040367535,51.83706287462621,29698000
51.082801818847656,51.72251504812093,51.00444704055386,51.25140647070109,14178000
52.36421203613281,52.41677519212862,51.56233731257599,51.77210565786005,31558000
52.18270492553711,52.90077288477134,51.84648690239975,52.13609310498648,33048000
54.14202117919922,54.19508375066261,51.720037329094545,52.439592282131,46042000
54.28037643432617,54.55659312524138,53.656530858582514,53.73240371350894,31004000
55.0276985168457,55.0276985168457,53.715049685217814,54.33244830687817,59668000
55.360443115234375,56.28480243165249,55.13083828122515,56.1439681452129,57532000
52.68804168701172,55.25532443842343,52.604234978354384,55.193336757747986,45630000
53.462135314941406,53.528587431634996,51.696727612647116,51.82169421560711,47436000
51.900047302246094,53.80678879072729,51.54250205987958,53.172035604031464,42682000
52.22734832763672,52.545716205093655,51.22662034015049,51.7195442232431,33652000
52.647369384765625,53.081283083389565,52.07460390793039,52.90970087647782,33852000
53.246421813964844,54.13904206804826,53.15914192619585,53.41254832972403,28960000
53.236995697021484,53.97490023035937,52.81300212951065,53.34262520473422,24986000
52.15444564819336,53.14674409029984,52.038404143978894,52.56654035265501,36358000
50.86212921142578,52.683573360961546,50.4148259287533,51.92137162429705,49932000
51.74285125732422,52.55017794403333,51.10164730726494,51.27620708734032,43640000
51.348602294921875,53.34460607430533,50.553673969353085,51.935252952231664,58264000
50.75947570800781,51.94269722042624,49.979919413197926,50.879482241119874,53674000
49.156219482421875,51.45819261563944,48.65734437739883,51.17900219393605,104656000
48.829925537109375,50.19117248549868,48.482296651220004,48.81256717172268,36360000
51.96302795410156,51.99278082622474,49.22565021595134,49.49046364150032,46318000
52.21345901489258,52.23527804094149,49.93726961475843,50.8894031809876,45996000
51.905006408691406,52.775311987505624,51.672923407636674,52.54075084153076,34398000
51.81970977783203,52.713820629058745,51.22859468884806,52.457932318095075,33110000
52.301727294921875,52.6047230648871,50.843776043780714,50.93898977352967,31868000
50.85319519042969,52.8759780134997,50.699466979891106,52.1028687333839,41960000
53.46164321899414,53.557352585145914,51.41803240711344,51.70069606108683,46022000
53.35502243041992,53.69124047708747,52.696463948265446,53.60545126402301,47446000
53.82365036010742,54.21937794351435,52.9796244703007,53.85489011971535,35414000
53.63917541503906,54.13458118632317,53.27815698611534,53.95357823458152,26998000
53.49932098388672,53.54791909889869,52.79762019782789,53.30641541050287,26598000
52.787208557128906,53.22856044132163,52.38850346120422,53.056482618042075,30864000
52.144527435302734,52.48868312031389,51.997741804598526,52.23527672360006,28490000
53.88017654418945,53.96745642029301,52.28982059636427,52.46685849321779,37518000
54.028953552246094,54.6661886897786,53.95457136636317,54.05325450748139,38280000
54.505516052246094,54.58386705102719,53.71901337333294,53.95357830753692,24896000
54.91115951538086,55.44177382173564,54.51344565423578,54.97512970149426,44892000
53.48940658569336,54.49807201599434,53.105577913242634,54.35078698504477,39632000
53.77604293823242,54.19954087399449,52.94094594559311,53.89753635595871,25194000
53.755706787109375,53.954068082652434,53.06243540230298,53.681816457292754,29114000
54.6240348815918,54.71577542869572,54.14251429554499,54.263016457589686,23260000
53.55040740966797,54.22036915695017,53.29005842382145,54.05672457402515,29334000
53.06441879272461,53.7919075035448,52.8640749781177,53.608918268991935,19704000
54.4494743347168,54.52534718103893,53.39072388882378,53.42642809001765,29452000
55.833038330078125,55.92130947092157,54.80950019306475,55.15613401300113,40232000
55.47251892089844,56.25505273717581,55.25581177728074,55.65451311988307,33116000
56.603172302246094,56.648796650028686,55.41747272312424,55.49185868396291,78408000
57.121395111083984,57.16602820626715,55.71948385490271,56.018510837262355,82296000
55.68427276611328,57.22702204444144,55.45962798014585,56.99246089522924,48256000
54.84223175048828,55.14373685655709,54.23128012441886,55.13530738050181,38298000
54.66717529296875,54.80206204094916,54.263513873819036,54.29524926151284,21766000
54.65427780151367,55.21514436928566,54.54914771565006,54.735110719226135,18498000
55.91685104370117,56.178686919455295,55.095139799771296,55.095139799771296,35036000
55.96891784667969,56.67409195109993,55.83849553947913,56.187611297106514,28042000
55.9971809387207,56.340840976368156,55.39664511522368,55.78890327451835,21106000
55.522605895996094,56.49804534986026,55.37829841032092,56.49804534986026,27826000
55.863792419433594,56.0190075389514,55.37433795065164,55.37433795065164,21980000
55.57020950317383,56.08297359732325,55.13183515305827,55.981312910608274,24090000
54.7579231262207,55.49880139566847,54.44897603280645,55.480451774038514,33272000
55.370357513427734,55.40457482595143,54.573942375927736,55.030170687292404,29436000
55.408546447753906,55.80873844416602,55.24886690902951,55.63666061499263,26208000
55.640628814697266,55.860313518973165,54.88140468154048,55.261760191576904,35026000
55.68427276611328,55.82510706806781,54.97364672917715,55.24391208286884,22092000
55.86576843261719,56.23472068766266,55.46210701631137,55.49136425895649,27422000
56.95526885986328,57.02866357187226,56.08645011269494,56.08645011269494,34086000
57.19826126098633,57.798301506845725,56.44597589388642,57.25479323418652,35490000
57.98029327392578,58.34230294891412,57.17842234025884,57.32619922743179,40094000
57.7695426940918,58.25552397570588,57.67581584092383,58.10774707513317,23602000
57.07080841064453,57.70209215281522,56.61755383444335,57.549355197546085,30086000
57.02717208862305,57.19974555782496,56.04677257369768,56.23025744721806,23694000
58.47966766357422,58.511898680700604,57.106514344542475,57.127837740777274,30032000
59.37179183959961,59.791324739143484,58.63042169944413,58.63042169944413,42220000
59.4615592956543,59.86125574939961,59.40453168739161,59.8022456249338,25888000
59.137733459472656,59.74124693301492,59.07326763446757,59.45957452232158,27302000
59.02714157104492,59.593460108295844,58.86398883406654,59.40898775828328,51886000
58.94035339355469,59.25772993751267,58.58975079508178,58.99688535740825,24442000
59.630157470703125,59.677268706394294,58.985484173693706,59.0975568546802,29788000
60.8188362121582,60.99537850846719,59.4878377505703,59.5775957857517,41508000
61.29985809326172,61.31523015861807,60.33036996643317,60.499969664619066,28150000
59.887535095214844,61.175886781357356,59.80571090634118,60.93884747487413,34422000
59.378238677978516,59.97629637539744,59.01226397560031,59.48634632853268,27576000
59.004329681396484,59.88752915106915,58.60364203693624,59.765536323392006,30752000
58.41767883300781,59.10747706719448,57.73432377537689,59.10747706719448,29428000
58.133026123046875,58.37998553960002,57.69465178230228,58.293205073603154,22402000
58.36213684082031,58.713235095709805,57.8409432687041,58.525285785823435,30890000
59.457584381103516,59.518081382666765,58.831756331098426,58.89027081678806,27706000
59.782894134521484,59.79628368337261,59.073755024656165,59.510642496833356,18288000
60.04423522949219,60.52972083098244,59.76008470919259,60.13795828936731,22180000
60.472694396972656,60.527243852136195,59.956460872264365,60.06803792748894,21022000
60.07597351074219,60.51931175400298,60.00555635934501,60.46525792625682,20012000
59.91877746582031,60.19995044983661,59.74124391223257,60.05911614332501,21750000
59.64155960083008,59.862731184859946,59.42782623456685,59.601890367217,19668000
59.828025817871094,59.95150554523385,59.54090149548977,59.760586220474245,15510000
59.983734130859375,60.13994427440462,59.7333052989614,59.94951681497526,16998000
60.635353088378906,60.65122078299202,60.16722204644514,60.282764136523824,24312000
60.823787689208984,60.961152573829864,60.230194474599585,60.70278612642647,23796000
61.0905876159668,61.29241832671857,60.74990134124958,60.99586951444709,22622000
61.49871826171875,61.74468645403449,61.139686120298784,61.34300373376792,30366000
61.56467056274414,61.78633778477125,61.46251424224108,61.739722177019004,24750000
62.174129486083984,62.20289109947269,61.162985872849006,61.32663423190125,19084000
63.00873565673828,63.19916312795564,62.08536748310274,62.31695486172242,31868000
62.486045837402344,63.17783031272006,62.47414695979565,63.00872626390959,23396000
62.847564697265625,63.11832566441089,62.38439375673757,62.994350322114855,31344000
63.347434997558594,63.42132533520761,62.731527063292226,63.147091165017436,27228000
64.27874755859375,64.31693748130958,63.06428607234792,63.500678013680506,72368000
59.45659255981445,59.55676257846437,58.66513363960765,59.04350662741325,133178000
58.18510055541992,59.470973972298495,58.10377200341703,59.38418971821205,74340000
57.847389221191406,58.48561553382337,57.44174152090412,58.149393720291656,45098000
58.98994445800781,59.081684994667306,58.196503075397025,58.38791799502808,41588000
59.1838493347168,59.28154121522016,58.077987538341475,58.1196430747011,31774000
58.45983123779297,59.24880824988982,57.772511133831586,58.80448254772637,36604000
58.05914306640625,58.72811354197233,57.902932921424046,58.38197156478098,25520000
57.9197883605957,58.22228848592108,57.25875177209827,57.65349184858847,29556000
57.90342712402344,58.331885117699095,56.84864546235913,57.9629366500334,31650000
56.3636474609375,57.126344703806176,55.81369609539224,56.79260483461347,45626000
55.781959533691406,56.77425786703427,55.7160030496759,56.64780438425735,40392000
58.06013488769531,58.43206092531707,55.61038084252998,55.66740844227234,59302000
58.73952102661133,59.21856348793235,57.943601375160455,58.11171041101593,35308000
57.959964752197266,58.828287857261444,57.842931988016005,58.30957615771675,25362000
56.76385498046875,57.17743659293496,56.44052703510265,57.17743659293496,30602000
57.248836517333984,57.42537879315505,56.69689882020132,57.250819033139784,20562000
57.31875991821289,57.712009344986775,57.07824744890352,57.090645739951604,18826000
56.79756546020508,57.03113533695104,56.19356022860048,56.83376907485774,25214000
56.46382522583008,57.24486836060925,56.36960275599148,57.12783560846031,18554000
56.51094436645508,57.35050588647435,56.466806899103986,56.60615810752808,20948000
55.53798294067383,56.28480881348524,55.14175593690512,56.170749826952495,36230000
55.61087417602539,55.87816573711446,55.337631284033925,55.54839087669086,18088000
54.87148666381836,55.2136560321265,54.71527652351709,54.828839872947505,31582000
51.511260986328125,52.912676521319256,50.930561642121816,52.90920711845489,96890000
52.29230499267578,52.48818816254106,51.37687068399899,51.79640359736962,60512000
51.80384063720703,52.4073540441348,51.226614483210554,52.317596014695845,46988000
51.95856857299805,52.06965000873795,51.35109007958164,51.881704456905,29020000
52.980613708496094,53.23154195089518,52.126671488166366,52.28189037260562,43828000
53.69422149658203,54.29327049002996,53.32328669748126,53.40858028707478,28510000
53.60892105102539,54.74800885389501,53.53602575753216,54.39988435915306,33508000
53.51271438598633,53.68231028014527,53.04160585199316,53.5548655450642,23670000
54.10334014892578,54.38005247721612,53.684802253375025,53.7909236143121,20814000
53.86976623535156,54.28929914113113,53.630744430671754,54.04035719000536,24582000
54.24615478515625,54.61262510963689,53.95407042265878,54.00861987588463,19770000
54.80900955200195,55.480458228109946,54.588333571524295,55.11944356839526,34526000
54.77280044555664,55.016786098910686,54.35227629556519,54.908182821098876,26714000
55.203739166259766,55.675838985558876,54.89627896145822,55.625254564981795,24018000
55.80725860595703,55.86676435414468,55.031171683637865,55.038114273154925,50774000
55.37730407714844,55.71799034008654,55.20919505940072,55.54095243430775,24236000
53.93324279785156,55.32771569465771,53.78546213142027,55.29697156523066,31644000
53.573219299316406,54.307155041568436,53.24443945323548,54.1028423919935,34698000
53.390228271484375,53.976878905152184,53.35154651318348,53.892080954369916,24078000
53.69620132446289,53.69620132446289,53.24988932159318,53.41998464668975,33672000
54.54915237426758,54.975132239253035,54.317565004800876,54.60072427201799,29196000
55.173988342285156,55.18836914929686,54.5327882241278,54.78867275994016,20630000
55.689231872558594,55.937182567074046,55.28556665878392,55.46656960642054,20154000
56.16926193237305,56.267449439103345,55.41698037071205,55.509712175195695,29794000
55.38177490234375,55.89850408926336,55.132337306230035,55.83205196746353,29888000
55.75369644165039,55.93073435346147,54.903719240110554,55.060920642793654,29472000
56.577884674072266,56.64879744980509,56.06958501516339,56.15190482385969,30710000
56.735084533691406,57.189330386367295,56.50945227772339,56.83823211312122,26004000
56.79756546020508,56.90468185042832,56.46134742073141,56.678054562551374,21878000
57.05394744873047,57.06237692419117,56.53275388901765,56.79756351489089,21164000
57.20024108886719,57.454143110765386,56.86649740090158,56.86649740090158,25352000
56.86699295043945,57.44719661941484,56.86104161971904,57.07427935063654,19538000
56.891788482666016,56.93790846039602,56.17868433807798,56.63193513480286,25450000
56.11371994018555,57.10700958518703,56.09884350416264,56.99493690261568,23184000
56.49357986450195,56.533748511850774,55.79932096005546,56.30811247619203,28914000
56.93195724487305,56.972125891678026,56.17818882306759,56.70384306743946,20648000
56.51936721801758,56.80351773742075,55.9629650578798,56.166782066704464,27192000
56.331424713134766,56.71078898283292,55.724937510612726,56.48068849261149,54762000
61.750640869140625,62.89964139149159,60.896698526387425,60.896698526387425,121216000
61.58301544189453,61.937586892558215,61.0057855147217,61.615745870948935,41382000
60.89668655395508,61.338534076359196,60.763782330236175,60.84709339281561,28616000
60.410701751708984,61.23935171953119,59.91380914837889,60.74146785832368,39960000
60.092342376708984,61.30829058838138,59.855299290763305,60.38244425053876,35426000
59.32567596435547,59.97927059539974,59.01226441458213,59.65693772407873,34910000
57.26421356201172,58.36164587535304,56.66913339378549,58.16774521908615,47840000
58.07402038574219,58.585789466166396,57.60043365387298,57.79829933606973,36014000
58.31354522705078,58.509920251086825,57.070318497931716,57.41546546045314,30686000
59.815128326416016,59.81958898703626,58.21882095613926,58.835224475708635,30116000
58.95771026611328,59.729332633436535,58.75885334363054,59.507665429643886,20418000
58.24361801147461,58.79456449803921,57.956989332399154,58.51636529528973,22064000
59.34600830078125,59.77744389378323,58.16874185281559,58.23618144876817,28434000
57.73531723022461,58.654716503422996,57.577620204599086,58.32147224303826,35430000
57.98674011230469,58.33882964015556,57.67333234515644,57.94260643286453,28506000
58.4771842956543,58.706789142255424,58.169232238556425,58.55553907300545,24916000
59.52998352050781,59.97381736609162,59.03209963385325,59.10301240998297,24450000
58.69141387939453,59.40898625651532,58.667612338630086,59.27757269477436,20206000
59.09061813354492,59.53593889627519,58.909119551268375,59.30088211482607,14152000
59.08763885498047,59.44766221200768,58.462306455222475,59.20070279076517,17352000
57.20619201660156,59.29344073521031,57.02865847577189,58.7727427748867,36254000
58.07897186279297,58.11269354773847,57.26916714544354,57.49728131019381,21166000
58.061126708984375,58.764314514394854,57.75069271231088,58.66513575010437,23460000
58.206424713134766,58.44197711290288,57.53695860411005,57.76606404377272,16810000
59.222530364990234,59.46799913570808,58.778200865886134,58.834732838328584,19636000
59.038551330566406,59.52552763565574,58.80002135977353,59.52552763565574,18064000
57.99814987182617,58.96664298757155,57.70854363220149,58.60810648275048,25908000
58.62893295288086,58.758364003989946,58.09633609536328,58.48908990958668,21312000
60.112667083740234,60.202425107707924,59.145657173778766,59.193759665631966,26394000
59.82157897949219,60.150358819891544,59.66982949021051,59.96142202276999,18972000
59.769500732421875,60.527237915785925,59.169460567900614,59.859258753463266,31854000
59.79083251953125,60.00407027598134,59.31030317816098,59.31427199359215,27922000
60.499969482421875,60.62245794277462,59.62123064685338,59.70107231415297,23522000
61.24233627319336,61.6117803963693,60.626920181517946,60.67204890408515,31644000
61.49325180053711,61.54383621812003,60.851060486274655,61.10049803801917,23676000
61.07670974731445,61.44318012268405,60.75734683042936,61.017695841809555,28218000
60.98991775512695,61.24381977351142,60.66609421799294,61.0767020090676,20806000
61.127281188964844,61.30531035330873,60.324914660454276,61.007770292284484,17440000
61.429786682128906,61.70699462985552,61.11042756889406,61.11092319789339,16554000
60.98793411254883,61.63062110183723,60.677500130138256,61.176375269413754,37692000
61.228450775146484,61.47590584591397,60.68742065329418,60.82577681081877,20798000
60.41714859008789,61.84435184221623,60.035801848501244,61.49176671272495,35804000
61.786338806152344,61.88948638631289,59.96439530930563,60.30210403560612,26798000
61.6053352355957,61.7233630416262,61.08612790525921,61.59789701702102,23166000
60.7950325012207,61.739228430196306,60.261936228243556,61.63211203323862,34122000
60.55649948120117,60.86742909728757,60.17366583073107,60.529720383312835,24470000
59.80570602416992,61.1376994390325,59.78339136996081,60.62344843370685,24504000
58.4132194519043,59.44667782034563,58.15088793600991,59.33460512951932,33030000
58.9839973449707,59.06185271029427,57.68027372624603,58.68199283402586,28368000
60.051673889160156,60.126059852899786,59.06036675741137,59.225006378900304,24282000
59.91728210449219,60.445913908386466,59.72437649993777,59.855294432634274,17040000
59.01871109008789,59.8488480012925,58.98647628974032,59.44716909480171,20086000
59.6271858215332,59.92770347506061,59.41493931712385,59.57412703300156,15948000
59.977783203125,60.28276149090134,59.402043943686515,59.43873940465418,12842000
60.287227630615234,60.933883468749734,60.18457567938561,60.699817951472276,22330000
60.38938522338867,60.791559777175,60.09730084134501,60.19697523733652,13296000
61.602848052978516,61.845343023163764,60.54558829475752,60.574349906817126,27584000
61.640541076660156,62.19545255415238,61.41887007961055,61.58152717988631,22986000
62.12652587890625,62.66953850932055,61.98122713403828,62.05709998659484,20958000
61.71046447753906,62.389846945762145,61.49871362002821,62.22025103490627,31624000
61.704017639160156,62.161732887897436,61.4912755232847,61.92320671511835,18094000
61.55128479003906,61.92469773708948,61.484337039873836,61.71393812303444,22862000
62.36604309082031,62.386375228221,61.50218452433589,61.50218452433589,21282000
62.4394416809082,62.62738721875629,62.10421109911762,62.4394416809082,20224000
62.696815490722656,62.88030037467045,61.945525156371076,62.08685509100352,27104000
63.920692443847656,64.42948773482502,63.09402873253453,63.22742480904613,65428000
62.51630401611328,63.515049360480866,62.26587139899458,63.27701503448946,52654000
62.518287658691406,62.881288593585026,62.01990812718135,62.243062237785296,29204000
62.424068450927734,62.806905915329345,61.96188872789895,62.48357798246875,31904000
63.09105682373047,63.12825169994562,62.46919753838538,62.771202075474406,28812000
63.951934814453125,64.09525103448014,63.28246873248054,63.28246873248054,30632000
64.04267120361328,64.33029484366831,63.940518691426206,64.0307685442303,25148000
64.0213623046875,64.11954980825729,63.58794801450021,63.97574173910318,24626000
64.81133270263672,65.59039331831046,64.15723868532784,64.1835183702277,45140000
64.91349029541016,65.3156686315191,64.54255550304146,64.54255550304146,30392000
64.38188171386719,64.71016967774435,64.26237082066733,64.6655328055786,17234000
64.32881927490234,64.93084578823698,64.1815380183125,64.39626264933645,28852000
64.27774810791016,64.59215093862099,64.077899897034,64.12897616917114,20538000
64.9209213256836,65.2467349264143,64.16665731618855,64.21922425111995,28948000
66.13043212890625,66.13043212890625,65.0568014433281,65.21351099535102,39286000
65.4510498046875,66.14928136486101,65.26855995871942,66.07092657964729,27984000
65.09151458740234,65.78775594457024,65.05085031477029,65.78775594457024,21864000
64.55941772460938,65.12226305261011,63.93210279744531,65.03052251032652,28892000
64.47412109375,65.01861677417807,64.0084644651908,64.429983634344,25546000
64.15327453613281,64.80935107828645,63.93954116731855,64.61594984719095,27776000
64.74686431884766,64.9834117548011,64.2494798442598,64.28171464407943,23590000
65.11186218261719,65.16194720019347,64.66753641859252,64.95862578876051,21910000
65.0687026977539,65.34194936654697,64.93679729689542,65.23185920608975,18808000
64.66999816894531,64.9605956368257,64.62735137879393,64.79447292018561,12802000
63.91474533081055,64.73695217046216,63.4942173937447,64.59412779237636,26538000
64.20632934570312,64.32981283468685,63.32908127116737,63.40891914678887,25270000
65.40641021728516,65.67072799346127,64.61842074496396,64.76967458905614,35506000
65.80413818359375,65.85472261326721,65.17732256641182,65.80612069976046,24408000
66.42052459716797,66.57326153784028,66.01587196519705,66.09124539427988,32968000
66.59906005859375,67.32109691536094,66.25589562423183,66.3942555651881,30842000
66.59410858154297,66.84751500197275,66.15324845233398,66.44781856612988,17606000
66.66154479980469,66.9412308789754,66.50533465375199,66.86238425419971,20480000
66.87181091308594,67.17381167318545,66.36153246208066,66.60997502068224,29114000
66.79146575927734,67.01362860346082,66.53310308380729,66.84254202624732,33170000
67.47731018066406,67.6176450772123,66.97694431367663,67.19464273779465,28128000
67.18917846679688,67.65730947093114,66.98486583558378,67.56209574408568,32948000
67.04139709472656,67.4143143680724,66.96949684654093,67.29381221564596,23330000
67.26603698730469,67.32009458947502,66.88469026605914,67.04139223741208,28922000
67.00718688964844,67.64094882668455,66.9828897183772,67.59631951614024,50090000
66.9779281616211,67.53432652981114,66.84750585981473,67.37960705864413,19936000
66.67046356201172,67.04636218280068,66.65757720914816,66.9570960026882,13468000
67.56505584716797,67.60126323735895,66.72400773591657,66.77558340395038,23662000
67.17678833007812,67.79220062509113,67.0954597754636,67.64094676593687,23212000
66.43639373779297,67.2938090758565,66.34366194444391,67.28438834287245,19994000
66.42052459716797,66.48350351999262,66.06050126795084,66.24199981929917,19514000
67.87303161621094,67.87303161621094,66.77262930429765,66.86784303993142,27278000
67.5179672241211,68.12445823826381,66.81378810886194,66.84751358265558,23408000
69.31758880615234,69.34287723228258,66.99627473144326,67.02751070483214,46768000
69.1836929321289,69.59975639798446,69.00765007438353,69.44900196622598,34330000
69.6761245727539,70.01383328257931,69.06071230813146,69.16931180182212,35314000
70.40758514404297,70.84843766453115,69.93250773983897,70.51370271406968,33200000
70.8623275756836,71.15888019723822,70.39816911178163,70.887623572567,26258000
71.41129302978516,71.48319328541425,70.68429987467893,71.17424616511539,30730000
70.94316864013672,71.54023138512193,70.8033180140317,71.40980906115557,26076000
71.3701171875,71.44847195705131,70.99620868121237,71.06365204779961,21550000
71.91363525390625,71.94041435124791,71.40979626083083,71.68006159560105,26080000
73.36959838867188,73.42067465653932,72.23051437982828,72.52755882003636,52424000
73.50497436523438,73.88334730517278,72.90790422686986,73.34380038673889,48930000
73.5853042602539,74.4139579504841,73.52530667909919,73.87590926772613,28458000
73.62598419189453,74.06287927041319,73.40927702930324,73.7678173234847,26650000
72.70758056640625,74.09758915730573,72.55930047284312,74.02915451930895,29786000
70.99968719482422,71.24019965615449,70.3931962623692,70.99026646132236,34132000
71.93049621582031,72.14373017574707,70.93174708981847,71.49608309873746,29724000
72.23796081542969,72.60691311591184,71.6770979293156,72.32523692514812,21566000
72.11646270751953,72.1660483074748,71.16185099783613,71.3155792213507,27110000
71.05175018310547,72.88112787586384,70.76809153712954,72.79136985685548,43822000
73.52233123779297,73.70581988228172,72.23348411673724,72.4834173068673,71636000
71.67808532714844,72.76559372087249,70.51866911081403,72.12836616478646,95880000
71.70982360839844,72.6287273771318,70.89803624268711,72.58062487826129,36376000
73.19355773925781,73.4707694622342,71.92950709001718,72.00388927199774,37822000
73.3492660522461,73.65374870960305,72.66988358975605,72.76807109346798,28360000
74.81465911865234,74.82557052333453,73.15537648833067,73.25604592514885,38302000
74.88409423828125,75.8669758353758,74.65548439162731,75.04327818320576,34852000
75.30906677246094,75.39187842015023,74.81514795929655,75.17169810906991,31042000
75.04922485351562,75.67207538277923,74.58356816841906,74.88111203769492,22914000
75.31402587890625,75.37948673334321,74.66042372612603,75.1057482210196,23198000
75.3492431640625,75.90068528400265,74.93119712969819,75.09633617170891,25642000
75.61851501464844,75.90961191518042,75.42561318763357,75.73406088600595,22746000
75.22774505615234,75.72761146175247,74.59645752229817,75.32791507548832,25962000
73.56497955322266,74.92821644497522,73.31851954400152,74.6123229813126,42520000
70.41104888916016,71.23028195609393,69.76290996883232,70.56924154888083,49560000
68.74779510498047,71.25358143993788,68.45521513612178,70.96348339912412,51580000
68.9535903930664,70.10408510430565,68.26329659306435,69.17724388929183,49776000
65.20854949951172,67.90873614395468,65.17334092529835,67.39994084412521,62290000
66.41358184814453,66.57226632635177,62.89069714307615,63.19319723297606,80198000
68.74779510498047,68.80481891518373,65.7168464160506,67.0156136346648,55430000
66.33771514892578,69.83233041381229,65.91718724409012,69.31114065170213,56602000
68.51374053955078,68.57225502928063,66.30201692418471,67.39101599549596,47598000
65.19912719726562,67.1267001116849,64.54850635828724,66.72600490557134,54380000
64.25592041015625,64.60354166751632,62.34521040783532,62.976989720868964,64640000
60.29119873046875,62.12305866079698,59.41097297068797,59.75413741242582,69252000
63.23585891723633,63.26958060641454,60.227720041786434,62.20537812329449,54872000
60.04869842529297,62.33133476819371,59.06879829263046,61.901885489595976,54732000
55.121917724609375,58.95027701384307,54.96918076424431,55.67088167650658,94326000
60.2158203125,60.2222672728443,55.15861501655473,58.26791891565671,79400000
53.21022033691406,56.804014722190885,52.91664529324998,54.03391030090798,96520000
55.44475173950195,55.838496815004454,52.02501762640033,54.084991706538645,83194000
54.11226272583008,54.79660524805218,51.424970078900834,52.56257095894629,93044000
55.12786865234375,57.15808978102262,52.34487034827302,53.96497931020589,74064000
52.97268295288086,56.45738229776542,52.669687167629704,56.08148743290861,82878000
52.27444839477539,52.90821024000195,50.02999846959218,52.38552980947213,83672000
56.037349700927734,56.20198931680837,53.87621071144316,54.74652002572422,72468000
54.62948989868164,56.83872770368654,53.70661738665387,55.768078303487016,90324000
57.66936111450195,58.093854072789966,54.153917901971255,55.279116700352446,76562000
55.05794906616211,57.08073204784074,54.74751506360393,55.911395704558494,62794000
56.84566879272461,57.078247414984624,54.474269571410154,56.16777321835151,58736000
57.62126159667969,58.1890670209297,56.37010109392205,56.96568065824295,65228000
54.653297424316406,56.0081012826521,54.226326252834575,55.73932279210917,51970000
55.393672943115234,55.6783190924219,54.208468955289,54.549151445625526,56410000
54.187137603759766,55.4809447712396,53.31336271403317,55.27861844766066,51374000
58.674556732177734,59.049456548881885,55.78890642035224,56.18562904604569,63320000
58.643310546875,60.5386486628773,58.37998779819019,60.35169060850497,61620000
59.85529708862305,60.24705964616023,58.71224421750471,59.66189584651864,40334000
59.83396530151367,60.59864505745454,59.132264469330266,60.40970828618216,54028000
60.0244026184082,60.228219641111785,58.63191212805063,59.58255503814354,38702000
62.7429313659668,63.26461680088407,60.923466061815894,61.49028400054519,63358000
62.34968185424805,63.23288132977035,61.194230736716015,61.81460308752658,42236000
62.35612487792969,63.14609692046677,61.40250825663297,62.837645447215486,57896000
63.42578125,63.9712719596371,62.781108003702656,63.55967294520767,51050000
62.54059982299805,63.3176779307609,62.307029946262375,62.97401789004605,35292000
60.11118698120117,61.98767622078113,59.75611987683301,61.62616593937416,49648000
62.404727935791016,63.469426000735105,61.35292000771885,61.546816874331455,46296000
63.037498474121094,63.87954189042878,62.509861669657276,62.76822436937924,34202000
63.3067741394043,63.36181922472336,61.69013452627562,62.23562530613796,37402000
63.022125244140625,64.17460265209323,62.73450152115081,64.07046002760272,44186000
61.12430953979492,63.71142467884531,61.0147150018543,63.63406872473429,80700000
66.55889129638672,67.45002460634528,65.7927245869815,66.6987343327068,108358000
66.78303527832031,66.94668363522894,65.53336173174351,66.02232428665536,55842000
65.3260726928711,67.0175974915961,64.9462166247324,65.66179886879097,48872000
65.602783203125,65.68064612813664,64.26930683547664,64.87034202825359,30806000
66.89807891845703,67.98856850629761,66.20431948237466,66.32680414700387,39666000
66.72006225585938,67.87353091957088,66.70518581908316,67.34341219746076,31732000
67.90278625488281,68.23603812169104,67.0726492790664,67.50755427769955,30652000
68.64961242675781,69.25956898715928,68.03816519605402,68.52464582755636,33326000
69.60421752929688,70.19632388908829,68.2112352957633,68.27520548318408,32718000
68.19536590576172,70.13681640125114,68.16213984874989,69.833824423372,33918000
66.8638687133789,68.69870991776949,65.8561982347185,68.24396464855478,40368000
67.28687286376953,67.3121612901518,65.62262654118136,66.1294392946917,36660000
68.09024810791016,68.16562156088912,66.40120477088043,66.86041456316379,41544000
68.6912841796875,69.06717532396667,67.15497781616902,67.52095637893991,47094000
68.15668487548828,69.05376572383527,68.12494948842443,68.70614443587316,31586000
69.88044738769531,70.02277237197698,68.80235965652768,68.88864450929839,38262000
69.76094055175781,70.24245742688925,69.14800252337294,69.97120077662271,30894000
70.08277130126953,70.26922616998684,69.22535585205502,69.61959655312397,28544000
70.48593139648438,71.6632053320512,70.38824330390248,71.5069951861751,44590000
70.43187713623047,70.68330099818472,69.15840585469878,70.41799195891424,31684000
70.33073425292969,71.630984971182,69.38058683279533,69.42620740823305,35170000
71.08845520019531,71.24763911516013,70.2186452926417,70.4393174660561,37044000
71.15540313720703,71.48815557585249,70.53106194988158,70.70066543276502,25162000
71.52436065673828,71.55857797653256,70.49784106291007,71.16185531852858,23442000
71.37261962890625,71.85661842806303,70.99424657021551,71.54370623911738,27732000
70.13533782958984,71.47526904447197,69.72423813412438,71.2501248242787,26982000
71.4107894897461,71.72221852046398,69.80406630546283,70.20178017806124,42642000
71.8084945678711,71.85609764370997,70.64014967536586,70.72941584698744,33878000
72.00885009765625,72.78841022144854,71.52683385423786,71.66965824623362,33624000
72.63467407226562,73.0348622998667,72.1219137520516,72.47648141459497,31762000
69.52042388916016,71.98505464439063,69.34735477136469,71.46088343383067,47144000
70.06690979003906,71.13755930153172,68.7220223032862,70.70860183286206,36676000
70.45469665527344,70.66594810504006,68.79144145539158,68.90500481086467,30468000
71.73065948486328,72.26127010805475,70.86382319490215,71.85611795259162,30648000
72.03165435791016,72.51069676200414,71.16829143028149,72.0514946495563,30610000
71.11820220947266,72.05297348457265,70.72742718247635,71.89825402642742,34862000
70.64810180664062,71.63295826897189,70.36840814054392,71.40980414439169,52784000
71.93842315673828,71.95280774652628,70.37782758468947,70.66644253665869,29442000
72.5989761352539,73.15538214854752,71.65775768919568,72.00488718193142,37752000
71.04779815673828,73.18463264160842,70.91390265538281,72.56426402456245,31592000
71.46434783935547,71.52484484122479,70.39518156341698,70.97439400933185,23958000
67.56855010986328,71.26202286929771,67.19464153368672,71.04432444908078,97640000
69.28585815429688,69.32702184746623,67.02851386270075,67.45945384242283,45074000
70.3212890625,70.61635097847407,68.77804426486243,69.27147126590755,40286000
71.50897216796875,71.83032132325184,70.12937578150444,70.37683460756695,42182000
72.89403533935547,73.81592043493603,71.95876447702986,71.99695439492824,57218000
74.36785125732422,74.88111101976311,73.24364363672055,73.79756767696199,44712000
73.88534545898438,75.44247559216144,73.87443405399931,74.19330132589292,42364000
74.56372833251953,74.9391275363047,74.00335737778137,74.42487655792402,31766000
75.31055450439453,75.83026118715777,74.16651424532147,74.87763207288506,41836000
76.3197250366211,76.43527091513984,74.42092109962981,75.04228097916123,35918000
74.99170684814453,78.17191999043621,74.71053006647314,76.86174923666793,42954000
75.4196548461914,75.51585983280482,73.68747324161508,74.0276638809234,38108000
75.2222900390625,76.18681428524529,74.2775985185989,75.53718469026553,31026000
75.12507629394531,75.17417003469086,73.8034951909594,74.45957159317916,26484000
75.2208023071289,75.54710778770762,74.29098718634621,75.22377608107477,34264000
77.5510482788086,77.80742846308635,74.5191078119618,75.12906443419325,30166000
77.15828704833984,78.70203135101997,76.99463868090396,78.60186132798782,27486000
77.60112762451172,77.70675334704666,76.52898757148118,77.14787303751817,24482000
75.21585083007812,77.87388279477673,74.81119054190296,77.65469369706234,33910000
74.79235076904297,75.15039166978701,73.76980375376206,74.34505124105762,29902000
75.84464263916016,76.24781222334954,74.9966555026243,75.0427754818971,27124000
74.56621551513672,75.67504727423581,74.41099662396583,75.62496226274747,30910000
75.55106353759766,76.03803598682765,74.53446428373476,74.63315119222594,22676000
76.28797912597656,76.41294572195511,74.14568165173718,74.28453342504669,36042000
73.78764343261719,74.63414743431856,72.10405616294213,74.2389154953102,91468000
73.5302734375,74.27263483646993,72.982796377369,73.93889871670713,45482000
73.06114196777344,74.04352386940299,72.6014404781927,73.72614732908357,37212000
73.34827423095703,73.88930432200833,72.95799858052132,73.23570970460068,29134000
74.63066864013672,74.6961294926301,72.99171836772238,73.20247794748174,33306000
74.30438232421875,75.38147873345969,73.70433828894927,74.83350979435441,27718000
74.22752380371094,74.73978479263027,73.26893940537893,73.92898865059216,20546000
73.42018127441406,74.9029290830015,73.30364415071575,74.08766106264545,31098000
74.74424743652344,74.96393594922627,73.64136312889204,73.74649701775965,22512000
75.21086883544922,76.21854671384278,74.79233103557158,74.79233103557158,22388000
74.61480712890625,75.36659681987358,74.33561289996881,75.06012408061498,21942000
75.19054412841797,75.56446023024378,74.63315451205264,75.1771583632833,19990000
77.1513442993164,77.23019092166476,75.45982697689634,75.68049915036515,28378000
76.59742736816406,77.79998980713675,76.36881754336467,76.98819489670538,30472000
78.16645050048828,78.36084298271476,76.09407832961335,76.36731743172305,26382000
78.13273620605469,78.94154971294752,77.47516898620518,77.9457743659373,34838000
78.6078109741211,79.77962926395986,78.10645386630996,78.9708081393401,25638000
79.63431549072266,79.78457050093297,78.24727340749759,78.35736355926018,25150000
81.53263854980469,81.96209542076527,79.39283024801047,79.65664865706766,52188000
80.75853729248047,81.72405283891463,80.27701291660559,81.65561820356022,31350000
81.29955291748047,81.39476664406783,80.61422293122781,80.80564164230469,22418000
80.80862426757812,81.55098571536558,80.60034658249602,81.50486573387329,26422000
82.07564544677734,82.2809493495807,80.80862102170718,80.93904333000434,22652000
85.16560363769531,85.5975348157348,82.32904722784718,82.71684094466416,49522000
80.80762481689453,84.30323151911709,79.7265559132381,84.27942619556264,63726000
78.41242218017578,81.07937516659749,76.26814209838817,79.79052798096303,55850000
75.55553436279297,77.13993533300419,75.20344105449351,75.62496025313807,54032000
76.72734832763672,77.29713244236171,75.63338552792708,76.81015997905173,39242000
75.6770248413086,78.0380120006391,75.37700663755594,76.87363960393168,33024000
75.16675567626953,76.30434911532208,74.03907481748664,75.78117674902929,30706000
74.82308959960938,77.21184733619498,74.63861724293893,75.95473545699213,42660000
76.12680053710938,76.91379872037813,75.48114361362637,75.7682678763048,23042000
74.98474884033203,77.08141822427109,74.95995225886935,76.49179380537119,22128000
73.74252319335938,74.31876192273185,72.523601178489,73.68152677302831,40008000
71.9597396850586,74.14716568143275,70.99422431808284,73.80499256825979,63056000
70.92085266113281,71.41278150456299,69.55910621020328,70.99424359270485,56908000
72.39266967773438,72.59847297958909,70.88909790425686,71.92156489906783,33950000
69.89183807373047,72.05843270651947,69.55909323170627,72.00933895714364,37726000
70.55982971191406,71.3101288291566,69.53281825836872,69.55910551414044,34552000
71.36318969726562,71.70436404875389,69.8070508636011,70.66843135233466,30326000
72.33515167236328,73.04577770670436,71.72123004229934,72.99619210723424,30784000
72.70014190673828,72.99668695835517,72.1040628957375,72.59550743432801,31816000
72.67930603027344,73.7008616762661,72.19134227406526,72.44821428907602,40924000
73.78517150878906,74.14073804524459,73.23472061084361,73.57491129707402,32884000
72.18340301513672,73.34530108822473,71.77428589367447,72.38325120895068,31222000
73.53375244140625,73.6264842512072,72.40607158601448,72.53302071478075,21602000
71.956298828125,73.61756424128394,71.65826306858554,73.17026467915288,26096000
72.35894775390625,72.84641961122173,71.07406570647528,72.36737722907078,36108000
73.5634994506836,73.79160984769521,72.67186671262658,72.67186671262658,26076000
74.9034194946289,74.97284538187411,73.74053020813113,74.03112767666134,32966000
77.58822631835938,78.76995701320932,75.83818706732326,76.26962637160483,55344000
77.71121215820312,78.60830053326004,77.29267433018113,78.2041397278234,39072000
77.53120422363281,78.54333914498373,76.66139427283109,78.08463641146828,33174000
77.13597106933594,77.92594312364784,76.42485320690311,76.59196719094011,31210000
77.7424545288086,78.2388477100898,77.24457067731333,77.45135766010404,34194000
75.87042236328125,78.54730285581954,75.52180983862715,78.1505802742587,29734000
76.91826629638672,78.04693823643615,75.40180065658136,75.53123169395428,41670000
78.64945220947266,80.09500878079854,77.71468095433627,77.8490682736484,60322000
79.67448425292969,80.00971101369345,78.2274445172993,78.60036177725868,30512000
80.97970581054688,81.0362377810544,79.93483669697007,80.09055499720758,30548000
78.5651626586914,80.81109596389342,77.7464289699495,80.08807542144447,35826000
79.28868865966797,79.4434081514448,78.20316272181296,78.79526915461666,25902000
74.9207763671875,77.05364551687353,74.80572991828615,76.86520815058896,45174000
77.20589447021484,78.78583097305014,75.20592187839175,75.22922779001276,55406000
80.14311218261719,83.37689063114517,79.42207419697557,82.68857929063469,99878000
80.55026245117188,82.23235921213355,80.050388434645,80.51158068776404,44228000
81.6084976196289,82.27002983001302,79.9447507315101,80.86960946086896,31432000
86.57695007324219,87.77603930665698,84.45201073795255,84.57995112111725,71342000
87.40261840820312,88.85660464736164,86.33791656920567,87.79685909810694,39758000
87.26525115966797,87.70015609543829,86.12219462200115,86.84918769044951,28622000
87.34905242919922,90.09981569190971,87.1571418807164,89.0628918684201,53440000
86.17378234863281,87.24790499621608,85.10263347510187,85.77954163133082,43022000
86.6453857421875,87.42245635168302,86.43859116132685,86.70340081963118,31838000
86.42668914794922,87.52560837715443,86.18617665930869,86.38602486876236,26474000
87.88660430908203,88.12810800428652,86.087478961714,86.68355027660427,29744000
87.97438049316406,88.98155896466369,87.3445837074823,87.48393488198597,25468000
87.3609619140625,88.12861930166262,87.25335367641775,87.66841834553581,21314000
86.31857299804688,87.52659102492422,86.21592105216274,87.11201820971709,20108000
87.20773315429688,87.4517188316341,85.79193672214883,85.9511206538615,20106000
86.10733795166016,87.69322985214653,86.03890330804234,87.3778357366407,27694000
85.66992950439453,86.58387681613029,84.80805728103516,86.29774380365357,22530000
87.4720458984375,87.59998627783115,85.33123893145898,85.66696514111936,27984000
87.48345184326172,87.79339022162621,86.70141738515697,87.66594925071765,19600000
88.61856079101562,89.11397029438973,87.50377401389918,87.50377401389918,14790000
87.00093841552734,88.28730367623308,86.67562420794934,88.05472883709749,32418000
89.03214263916016,90.33933938625974,87.42889272522542,87.6089081843694,37350000
90.50052642822266,90.8858458607049,88.52684072199266,89.03216292105392,29424000
90.34529113769531,91.43577314265566,90.10527053443715,90.28082154312534,24728000
90.44051361083984,90.72515597863432,89.93617518789623,90.26496258516443,20544000
90.10676574707031,90.7147397818171,89.41299871935603,90.03336726128934,22288000
89.82411193847656,90.0542124428041,88.82983471238774,89.68476829721273,19936000
88.16432189941406,90.66912483380474,87.3778230247118,89.77600140990651,31728000
87.65801239013672,88.02200081653986,85.9659955088699,87.40757975682408,28688000
88.0125732421875,88.13704799737961,86.91861796512762,87.27864133152798,18628000
86.89482116699219,88.75643400751298,86.73960226706616,87.81025930441976,33050000
87.33219909667969,87.47699842212751,86.36965738505812,87.27169452904377,21352000
87.13928985595703,87.7304049543823,86.73612785383081,87.7304049543823,24676000
86.3121337890625,87.61140062901919,85.8479753357281,87.4735400975427,34880000
85.60348510742188,86.7014130032397,85.04708672490963,86.59281350662172,85256000
86.0170669555664,86.13806852719698,84.00569107154372,84.75599010453729,33974000
85.30595397949219,85.92037503992229,84.58987222192447,85.75771792450207,20370000
85.70316314697266,86.49065326644407,85.35454302432285,85.48992918586241,22974000
85.99723052978516,86.40634763890155,85.51074990274458,85.74134221937419,9312000
87.97093200683594,88.61758792373027,86.37711006780917,86.53033889469822,27650000
87.16756439208984,88.69047715763739,87.03615082463631,88.62898889546618,19726000
86.10088348388672,87.66346933235681,85.69176632843582,87.52660005705403,21026000
86.91365814208984,87.15466244553635,86.09293444461045,86.15145649430762,21070000
85.59903717041016,87.402127997675,84.65731932173296,87.27865205209945,37324000
86.28932189941406,86.62553994719731,85.14130899599806,85.547452346587,20360000
85.4378662109375,86.4837267272263,84.10984521545748,84.31614040020875,46588000
87.9897689819336,88.16233866820387,85.63026481011545,85.63026481011545,41936000
89.15464782714844,89.23052068427735,87.33914739180136,88.12961892067057,35484000
87.09466552734375,88.4876553992653,86.8888697766191,88.1226681566943,34796000
86.15939331054688,87.67040339276643,85.11552300350571,86.55264274953645,29528000
86.64637756347656,87.09963218216294,85.65804035537805,85.65804035537805,23432000
85.8365707397461,87.65306251889939,85.59605823573504,86.7267129273927,29212000
85.67291259765625,86.6647153768153,84.88393935871447,85.74233848952319,31444000
88.49211120605469,89.45267036457545,85.93127591068698,86.43560673566675,41660000
93.2329330444336,94.20737744445935,90.2297543947526,90.56993747642771,64152000
93.43524932861328,95.81210413081008,93.20019257350067,93.90636166357693,58634000
93.85232543945312,94.43897620300093,93.0559062993356,93.79777597596957,32744000
93.93760681152344,95.3033257370761,92.19600437288214,94.85304490741599,50586000
94.61550903320312,95.00231152937288,93.03755491647793,93.52650995574975,31462000
90.20149230957031,93.25277371377656,89.1273696425718,92.97705264284299,82512000
91.90045166015625,93.62568701190574,90.79954993985909,90.79954993985909,55278000
90.6190414428711,91.61977320852743,89.33962239135802,90.94931198226257,44530000
93.87760162353516,94.9918890070294,91.47346827211754,91.47346827211754,40252000
95.16942596435547,96.6695245972113,94.53714717102395,94.87238152496506,66332000
102.10014343261719,104.4675776467,99.85222011919001,102.43388711910048,97882000
101.83979797363281,102.61686853209841,100.92088672711886,102.18642801251289,48596000
103.58536529541016,103.9379504485251,101.6597824251192,102.13386099437315,29866000
103.37163543701172,104.8831449457621,102.32181757236562,104.13929285394818,28828000
102.91887664794922,104.06539887651223,102.65158507922345,102.88961562155747,21892000
103.46882629394531,104.08374671519705,101.77086200517664,103.30319541840504,25102000
103.58139038085938,103.84173555256167,102.5950434217079,103.69297120693396,20480000
103.89283752441406,104.11450097821873,102.82862745386913,103.13609147784828,18990000
104.66990661621094,106.37779106891139,103.73017139399565,103.73017139399565,31004000
105.06265258789062,105.25208878200296,103.56156275847486,103.84074940988165,20294000
104.42741394042969,105.2297881295189,103.80852842248879,104.38724907315866,22546000
103.58438110351562,105.06068208751414,103.31758892872503,104.52560706749125,37938000
101.87104797363281,103.16386794756684,101.56061772405778,101.83832132331199,29466000
102.16163635253906,102.77556555705189,98.69578224116515,99.87404748325243,34658000
103.33641815185547,103.56007165959284,100.54548993925555,100.66995712296065,22608000
99.97123718261719,103.29625677290161,99.50211491084727,101.95385140255122,41548000
100.26679229736328,101.98310623375514,99.23036023728218,100.66549742752122,40042000
102.63472747802734,102.96053353696968,100.88716997270484,101.5606048992847,26060000
102.37784576416016,103.87844380430377,101.99055145272833,102.39569597381312,25564000
99.74610137939453,102.94862875695728,98.88273085300933,101.75648597138567,33892000
100.86287689208984,102.87920915491242,99.44955486444132,99.91768591072356,49216000
103.99398803710938,104.44674319929116,100.55788705118852,102.21271269276662,53100000
99.55220794677734,104.82066100973701,99.43765332889343,103.34883204318703,36868000
101.1817398071289,102.35008494397798,100.94569176049765,101.64739650665258,33920000
100.97494506835938,102.2251105144304,100.13885303854282,102.2251105144304,27100000
104.16606903076172,104.69817024362116,101.97964153853603,102.06741705146506,27702000
101.65979766845703,103.02898236449592,100.78800509502294,102.96947661164478,33818000
101.87995147705078,101.90722241771358,100.55837778127369,101.41082924945039,26168000
103.34040069580078,104.81768533806229,102.12047992122729,102.45273295151992,31900000
103.25757598876953,104.0896954073164,101.36819296395524,102.57571159931345,26382000
100.23853302001953,102.58960018110442,100.13141662467372,101.56952763068206,31700000
100.51722717285156,101.0170935919781,99.32557619974676,100.65459585242806,46072000
100.70219421386719,101.57745981871109,99.87453168948488,100.55044851754279,33536000
101.22984313964844,102.35950652224362,100.56881023451596,101.16140850104202,28510000
100.79344177246094,102.53256214622269,100.61838259998439,101.74705457606407,25218000
100.78997039794922,101.44356501016514,98.9863728269257,100.62086633670765,35616000
100.40664672851562,101.1336323017579,99.37119832005897,100.75674996559889,27978000
101.45100402832031,101.6206075032876,99.45053959162658,100.27919338600256,26492000
101.48472595214844,102.28808372412591,100.97295690505184,101.80755821783723,27312000
102.28065490722656,103.45792888550099,101.51101496662734,101.87798472633357,42570000
105.6160888671875,105.91214206933007,103.71431119831864,103.7549754771254,39880000
110.03852844238281,110.53592048261828,106.38125583923181,106.47746082606572,48510000
109.55750274658203,110.48682596318324,109.18706739203486,109.63982255502079,35240000
111.03379821777344,111.30505479925695,109.74792488664195,109.74792488664195,24134000
111.59913635253906,112.658382510487,111.23117534122576,112.27207187647824,28664000
112.60284423828125,112.76649260885407,110.94603596033518,111.35168748380296,26146000
111.31102752685547,111.91949348539603,110.47790920494737,111.78213236335719,25024000
111.7974853515625,112.24578362522868,111.23314936962267,111.62689819177633,25682000
111.17662811279297,112.44216945631923,110.88454751475824,112.44216945631923,21002000
113.32585906982422,113.8589591031954,111.63583238423234,112.1704155210859,29174000
113.20189666748047,113.77168844347308,112.61524593773012,113.52373772680629,26282000
113.54951477050781,114.26014079100582,112.57854354901255,112.57854354901255,30290000
113.01642608642578,114.00772947962533,111.93090021599527,113.93284788352207,22288000
112.98369598388672,113.06551638343237,111.32093263815867,112.67127568827584,23204000
111.70277404785156,113.50587220316932,111.09777377545008,112.837393589657,24146000
114.0538558959961,114.36082051609826,112.1357110382655,112.42085284760091,29066000
114.54975128173828,115.27377066190553,113.92441882355446,114.28146844023216,32038000
113.61002349853516,114.97226168999597,113.37099411833077,114.93159741163268,44386000
116.9851303100586,120.57247792112227,116.6965153246631,118.6444129864384,81106000
118.65730285644531,119.22263014493893,117.71955010871437,118.48225123764739,41234000
116.71038818359375,118.1162643027293,116.36623251844566,117.43043490062821,44856000
116.19366455078125,118.10139729687744,115.81777346888248,117.2762166409626,28242000
114.3960189819336,115.29657305551342,111.9090738290094,114.72926326113381,44818000
114.78974914550781,115.79295500609523,114.46790816866861,115.4770691429036,26636000
115.90950775146484,115.90950775146484,113.71216888819075,114.371219210084,25190000
116.63252258300781,117.59060737920674,116.34638956282501,117.22562773950987,28898000
113.64818572998047,115.59459991074594,113.29063676439132,115.45276680715237,30914000
112.57259368896484,113.07940650319262,110.78040678264628,111.23416080961009,34186000
109.11071014404297,111.47765277681279,108.78193027743689,110.3970831268485,46376000
110.53840637207031,111.05414048585153,109.43154957142508,110.39359947423983,33204000
112.98516845703125,113.2995712389846,111.5778017225358,112.00130340485505,31996000
113.50785827636719,113.55050506879931,111.85105006420112,112.25074645700623,21598000
112.19620513916016,114.43818107942103,112.1823199599926,114.17386326279856,22204000
112.64399719238281,112.81706629241613,110.35988157512777,110.50815409240448,23684000
114.4019775390625,114.65240260155116,113.24007940429303,113.61101419771367,32352000
113.76622009277344,114.99407844296304,113.52669887961433,114.92067995406296,40632000
117.08431243896484,117.30795841330092,114.65042587477578,114.7957246296547,31832000
117.17505645751953,118.22289182744397,116.7847807808758,117.62781165530731,22440000
118.03990936279297,118.47034990255696,117.35308107918044,117.3560548531477,21572000
117.16563415527344,118.47332287279623,116.84726630527486,118.47332287279623,35224000
116.87652587890625,117.82964696278735,116.67816833609218,117.74782655726173,21482000
118.08304595947266,118.3076907432192,116.74907000230994,117.74881041841671,23354000
117.5578842163086,118.70093322748687,116.65384943203411,118.47827097273424,21158000
116.41680908203125,116.88494008609811,115.52121134855334,116.3250685412931,18696000
118.69747161865234,118.96823639262553,117.15224415049533,117.49243481948021,24458000
119.13037872314453,119.23997703743203,118.07411399726047,118.49265182934205,24120000
118.93896484375,119.98432577535812,118.757466274763,119.61190790368995,24240000
119.41006469726562,119.65503401508886,118.86258770699116,119.58313377236456,17942000
120.75843048095703,120.801576684723,119.20378241102719,119.35949314078805,25904000
120.51396942138672,121.08524430564806,119.95657214998066,120.9999507112616,21958000
121.44178771972656,121.44227956527116,119.90895486343989,120.61610768688743,22098000
120.42417907714844,121.76905863218607,120.06365634698709,121.44622639880158,21562000
119.78248596191406,120.88686070681318,118.49066511474194,120.57543170506727,26472000
120.74554443359375,121.51815815207105,119.51223788888802,119.70812106140869,25842000
119.12642669677734,120.60619327255783,119.03121296167414,120.37212775019057,46116000
120.81397247314453,120.99993548875224,118.91566055698493,119.51273077628596,27414000
121.32772827148438,121.39666231815684,120.07161525109758,120.75198899495656,22390000
121.12589263916016,122.08645184131146,120.83579457394919,121.09266658134959,19148000
121.49583435058594,122.04677701360374,121.29747683144915,121.69419186972272,21362000
121.5042724609375,121.62775596535607,120.5685097881372,120.99994158468905,34594000
121.53154754638672,121.77850698140655,120.4103137257864,121.67287369057478,28526000
121.27020263671875,122.0125716067318,120.69347211365788,121.66494274006068,23108000
121.08870697021484,121.25483726670456,120.35973131531956,120.99448449461066,24474000
121.44078826904297,121.58211440160566,120.53527041512392,120.72718096682148,18110000
124.2307357788086,124.37603452212761,122.05075521661516,122.14051324667714,25982000
125.15559387207031,125.39164190205774,123.56126516970392,124.61852879829608,26404000
125.43726348876953,126.240621316996,125.1188956447412,126.11962731057842,24060000
124.01897430419922,124.56595191385976,123.00535637400418,123.00932140551045,23790000
124.4896011352539,124.70382636334314,123.53052498165191,124.00014669515204,18632000
125.93464660644531,126.02787781640319,124.58132987577834,125.14368334235166,17668000
126.29764556884766,127.00777214039663,125.63611333534345,125.99712795199184,19240000
127.18580627441406,128.26638333995623,126.86594777508958,126.90909397847128,23742000
125.96391296386719,127.64501842152565,125.49280814322165,127.59444156322091,24218000
125.92919158935547,126.763792905859,125.11938685402984,126.61651165592089,20424000
123.55680084228516,125.17046276091699,122.49259090531656,125.05590815567551,27968000
125.17493438720703,126.00159811872851,123.33117189440424,124.49851812065599,26312000
126.50344848632812,126.55006030841558,124.99044841519027,125.09954731955017,20746000
127.36880493164062,127.42980891937331,126.4538737521911,126.79604695056271,14302000
131.92465209960938,132.30550704776215,128.73650906326645,129.36133455179797,41506000
132.936279296875,133.13661932706722,131.2169841004671,132.23557346986715,30572000
130.8187713623047,133.29729444563313,129.0375036233096,133.1500131960715,54710000
134.97840881347656,137.16335335815197,134.16860398036314,135.1946241311871,95130000
134.66448974609375,135.54074659888502,134.43191491467985,135.03393383670254,31716000
133.6221160888672,134.1953809902093,133.15448447715994,133.92808941978942,25576000
133.7490692138672,134.22711280471987,132.6972613245468,134.00941440487134,21634000
134.51821899414062,134.61937271017896,132.22665752851483,134.02726631580427,20762000
134.01783752441406,134.53754419070725,133.38456751331833,134.24000035779645,19676000
135.1345977783203,135.2323009960872,133.74061681615711,134.56827929751879,17870000
134.6258087158203,135.35380063089553,134.10165272092112,134.9268333121691,20488000
135.7906951904297,136.0594850166339,134.23009186471586,134.82816095664558,17760000
135.68557739257812,136.64316290986423,135.2466997947702,136.21618040832792,19414000
135.16189575195312,136.55387918721985,135.15444996704406,136.05699411421284,15352000
136.0693817138672,136.1745155860973,134.31538491071916,134.86086429616063,16506000
136.59849548339844,136.72645098219778,135.90969991008646,136.12491636761754,15948000
137.17572021484375,137.22829471350076,134.18990032795978,136.39765092887563,22384000
135.541259765625,137.13211535901215,134.96651172789996,136.62083810095478,21716000
134.3386993408203,135.98063113741676,134.21224206544025,135.38107897385382,19258000
134.5677947998047,135.234782779033,133.1495240793781,133.33350458588953,21782000
136.30294799804688,136.42642391817594,134.14130974243275,134.8851617373076,31194000
138.8935546875,139.71971902868404,136.47950099945666,136.83853312618544,28454000
140.10353088378906,140.91531805934204,139.18809294920172,139.4588501005937,19268000
140.91432189941406,141.02392020736,140.21709687243575,140.46404870743459,15848000
140.28106689453125,141.2500479016059,140.19824011481427,140.58802387845228,20610000
142.8235626220703,143.3278934785733,140.3371093469741,140.49133697664018,28780000
143.40525817871094,144.77395084299167,142.98125704674328,143.2163138187646,24434000
143.51138305664062,143.98149662462504,143.09830844171228,143.9572070200469,22448000
144.02511596679688,145.0551009489579,143.69583676431287,143.8113826192152,21936000
142.11245727539062,144.32665531830855,142.0112884210009,144.02564581736442,32342000
142.56124877929688,142.9733397187953,141.23322027346492,141.90765408612546,19850000
143.09779357910156,143.37996157191282,142.44171705325797,142.65545041675884,20124000
142.51312255859375,143.216310341674,141.8277925519912,142.91878162510545,18344000
142.36436462402344,143.12755759724692,142.0038493948319,142.66140907531098,15314000
139.72122192382812,143.5322230716602,139.5843526495749,143.03035897692502,36840000
141.165771484375,141.77820242843924,140.09214075232128,140.7859002496474,22094000
141.3760223388672,142.18782475783476,140.5880403778888,141.82332937621524,19674000
143.24557495117188,143.2663989340108,140.18883824930154,141.60116132377672,27408000
142.4327850341797,143.1171313122396,141.23419535655154,142.77049372933465,26190000
139.6458282470703,142.27409944382737,139.31853152816512,141.8580435231661,53384000
137.5823974609375,137.86060046940307,135.2045585284387,137.0289727850643,46518000
137.893310546875,138.86378985932566,137.14449465996216,138.60392895402697,25332000
139.13357543945312,139.73212885375122,137.41577814102456,138.16211224583924,25056000
140.0584259033203,140.534986416547,139.25060362210317,139.83179860304818,20952000
141.04925537109375,141.16381757298157,139.09143728208156,139.38649927021982,22984000
139.9156036376953,140.77500156753678,138.91933644415815,139.65029458618613,21882000
134.71658325195312,137.95630206318702,134.25043470064762,137.5184232831249,45772000
133.25218200683594,136.02675103167505,132.76769140885952,135.85714754159193,30848000
132.58023071289062,134.43143155227392,132.46121921545426,133.16094144275186,37996000
135.42373657226562,135.78823199119176,132.9739823084811,133.3454089668454,35360000
132.56387329101562,134.84600656635544,129.9757666568725,134.84600656635544,51202000
134.90798950195312,136.09964809191845,132.94224164734214,132.94224164734214,32404000
136.43734741210938,136.62082849904496,133.44706273306846,133.64542025587158,24364000
138.08377075195312,138.8940750879119,137.51447077791175,137.753492623571,25110000
138.6396484375,139.1806633910254,138.07629612988345,138.4328463076523,26526000
137.77528381347656,139.55854921153343,137.72072679461957,138.15019117218512,17954000
135.3304901123047,138.36342140161824,134.64712752694697,138.33663473843401,36332000
136.4542236328125,136.86879650740957,135.39993366753524,136.27619065855683,19654000
139.9939727783203,140.17893699801598,137.68703522654903,138.33071736992292,31894000
140.2091827392578,140.55631979319722,139.60121618297967,140.45366783413928,30274000
141.6076202392578,141.62547801674657,139.91312902751054,139.92007540027947,20396000
142.0628662109375,142.48488486692986,141.43109432493534,142.2121299993637,20164000
140.60687255859375,142.3693139266215,140.2175881873202,142.163011218959,23288000
140.7229461669922,140.99073718424137,139.34830579006115,140.60690087056568,26292000
136.43882751464844,139.4305952313603,134.94071143427604,138.00934325689758,50588000
136.3203125,136.86877322103567,134.31388545894404,136.42246503075222,34412000
138.1665496826172,138.9346913152146,137.17078194335667,138.1219203768164,49236000
145.01889038085938,147.43144527816239,138.2622354047623,138.2622354047623,85782000
144.6534423828125,145.9517179093353,143.44145926717053,145.92841199689116,36206000
146.83245849609375,147.0268510185373,143.46380028291566,143.88878516538037,43320000
142.3207244873047,146.8324466906108,142.05145038269242,146.8324466906108,46924000
144.2403564453125,145.4072108702752,143.15234864828975,143.3943518013393,33482000
145.39630126953125,145.46671841466951,143.40574947129778,144.7045091916116,27494000
147.0521240234375,148.5061103237096,145.10868328164617,145.918488091667,38412000
147.6318359375,149.0952354055238,146.9822063116092,147.94672303683166,38354000
147.80938720703125,149.38040267362112,147.2137999873524,148.59686988968886,23052000
147.69778442382812,148.60627612949312,146.03799485146035,148.00970530712945,19530000
144.6975555419922,146.8562275981602,143.35268347985377,146.2908928159798,29970000
144.5716094970703,146.32612090055292,144.40696987833476,145.28869002419106,16518000
147.45924377441406,147.62984607624279,144.21902587009922,145.41365059304397,22360000
147.23509216308594,148.32359927216987,146.36528227383033,147.67991725355816,23508000
146.66384887695312,147.54307207632556,146.10496093518637,146.93510551026554,18904000
146.8334197998047,147.34171568581732,146.0330433290407,146.81407891963306,19594000
148.61024475097656,149.3461667867612,146.67226728662533,147.0263355590037,35608000
147.70571899414062,149.7290051929881,147.67844804906963,148.7461161421964,33682000
145.10272216796875,148.6013025990791,144.94949337082977,148.10838258410493,30594000
144.5869903564453,145.45779912839131,142.93366287312807,144.95495136652673,27218000
144.92222595214844,145.05066575153023,143.18955232530504,144.28102578011982,18040000
141.01748657226562,143.3725186493825,140.67977786294543,143.16523224151518,30470000
144.3375701904297,145.0982812984178,142.71398029271975,142.81961359423084,32596000
140.7343292236328,144.80319311094968,140.44075042064517,143.81981989380787,42068000
139.895263671875,144.75410739029755,139.75691130496085,142.8195956469263,34020000
141.79408264160156,142.68521600548834,139.06512670151332,140.09214564508795,29194000
140.8374481201172,143.21628513272543,139.15088736463258,142.50318489584922,41230000
141.9815216064453,142.67329857712156,139.00114949695094,141.86795825434288,30618000
146.0623016357422,146.32166315012472,144.0370329543183,144.40301145252772,32240000
146.97178649902344,147.1766061373384,145.20589435210303,146.3866264476649,24270000
146.42828369140625,147.8778055616714,145.9090763713213,146.38117245241173,23270000
146.7882843017578,147.75628168931388,145.501419679147,147.481060069157,24458000
144.63113403320312,146.75705697342113,144.32466128723686,146.5700951293805,27070000
142.72735595703125,143.2956569953205,140.05742162389038,142.78786052539195,38446000
145.24058532714844,145.51828889506476,140.51662819810505,142.2334415962049,36370000
143.26097106933594,146.4664725789084,142.42982768319294,145.96412418925743,33650000
140.56324768066406,142.65545262972856,140.1417284945182,141.33188874138816,50416000
140.44619750976562,140.61233535579893,138.17894105107746,138.85237592178575,27192000
142.29644775390625,142.68969724759867,139.35079187738978,140.88907311794625,28756000
145.2147979736328,145.2991078691126,141.89474965551238,141.89474965551238,26322000
145.7122039794922,147.0283222152052,145.2515035755231,145.29911422761188,26384000
146.694091796875,147.12800557147986,145.9631335339908,146.04892654418316,15976000
145.48455810546875,147.08334356217858,144.8572507717245,147.0208564815043,18200000
145.4528350830078,146.208597395199,144.45360165448406,145.44242309096177,17788000
145.0020751953125,146.09256498744182,144.7977701008214,145.49152966687038,15688000
143.66461181640625,145.49597213944008,143.66461181640625,144.85278953169095,18136000
143.80296325683594,144.65541477911893,142.53494010406916,143.86593461715796,28646000
143.2158203125,145.28421989053714,142.5384203965496,144.20414226489285,28400000
136.64559936523438,143.3149785989558,136.55932210214556,143.23613198595936,54618000
136.6183319091797,138.79286404298605,135.43908316933738,135.8754787528965,37348000
135.89382934570312,137.31359818480337,134.65357655381717,137.01307300645394,29760000
137.53277587890625,137.68155536055949,132.07291243739996,133.97072480010584,44408000
138.59054565429688,139.06662188460535,135.57200624477076,136.87572990846158,28730000
140.27117919921875,141.439032586282,139.54121975602771,139.9929761796852,26108000
137.4510040283203,141.6790605815753,137.27445414017416,140.3797859761397,31436000
138.33714294433594,139.5883072001904,135.87549384235362,135.9553241572003,29662000
134.88319396972656,136.00740156008052,134.32828625328975,135.05874499682633,34872000
134.00889587402344,136.82859294560305,133.90872587033735,135.40435982173292,28648000
132.21473693847656,136.49784887181025,131.8745463034307,135.1331212999803,29908000
129.28298950195312,133.7599798995472,129.02016235439484,131.5066158303364,55652000
129.73178100585938,130.1275124017033,123.47945498392451,124.94533645029941,76622000
125.89447021484375,128.33827648727342,125.46353788467837,127.68468191395709,46960000
128.1736297607422,131.9097485375021,126.09976709115335,130.04417107706672,49130000
127.947509765625,131.56510157140477,127.87559438564548,130.2276601350221,31950000
132.25790405273438,132.26336732239355,127.43179389269864,128.59616648080828,34362000
134.19436645507812,134.3624868099739,131.12573488414426,133.06222894230496,39986000
136.51568603515625,136.66346669345492,133.2670388818161,136.466592286511,68644000
146.78680419921875,150.30422616828662,144.32961959181026,150.0101630752151,123200000
141.9170379638672,148.44806509169965,141.49601822201203,144.5111067615448,71518000
142.11837768554688,143.68741021845733,139.36315001999446,142.26864026795846,57998000
138.0599365234375,143.06754453763955,137.76139385139092,143.06754453763955,54974000
138.25633239746094,138.85240387304552,135.89088796533107,137.8868882442639,54284000
140.43133544921875,141.35620183871598,139.03785374463664,139.80799308806806,40144000
137.48367309570312,140.3246936120616,136.82611353380625,138.55830248421256,39330000
133.18174743652344,138.01578678020195,132.30647428852177,137.46386044180338,39958000
134.41506958007812,135.1827270188193,132.16417235989616,132.16417235989616,34302000
135.4886932373047,136.9763973849014,134.7081419187358,136.4427979327925,26680000
136.60891723632812,136.95405656109108,133.81797410147496,135.52635776433524,25022000
131.45252990722656,135.98952448924578,131.39252475863216,135.1261616337196,38950000
129.33404541015625,132.97099324127743,129.1292409403073,132.37292423632954,45620000
128.7493896484375,131.09697591573786,127.17241181915688,128.77367925061782,44990000
126.54212188720703,130.96853484878528,126.4821167334988,130.56933788926054,32786000
131.603271484375,131.90974417427157,123.92920350156645,123.92920350156645,54456000
133.3572998046875,134.16264009522365,130.67149031409218,132.45723763350745,36406000
133.9499053955078,134.6387009971114,131.5055996259116,131.95935360321266,38864000
132.96255493164062,135.13857036774974,132.12647806196426,133.77285909543676,26496000
133.4683837890625,134.15371378545083,131.9806796935572,133.5244239122076,23520000
132.80191040039062,135.3210829638196,131.93506660358148,134.8950992840664,24604000
130.82522583007812,132.75428947542676,129.26908704703752,131.83786771432526,30430000
125.34255981445312,130.6551505710918,125.25974058288864,130.41018119670454,45112000
126.0625991821289,130.1741178832379,124.64432087127925,125.21510386863837,40428000
132.3263397216797,132.63925946578047,128.83568872512197,130.1741292671744,37026000
131.34396362304688,132.17955633727135,129.83940035172492,130.19000303239358,27102000
128.80592346191406,132.698752456179,128.56888416798853,132.39426221843516,31526000
124.91854858398438,129.34000556632407,124.2480949884942,129.18231231398767,38812000
128.13893127441406,128.79005910986243,124.68993626243409,125.93514541675391,30920000
132.18797302246094,132.240032982956,127.67923236827228,129.66135482928354,35576000
132.74188232421875,132.9814035170428,131.1014338034284,132.05753605900716,28264000
135.0096435546875,135.1271719338952,131.17433810969047,132.33078043484574,44566000
134.98583984375,135.92656630102422,132.99330550843302,135.04732810159504,26832000
138.7214813232422,139.89379910609253,134.98586098558138,134.98586098558138,35496000
137.14202880859375,138.4442694271566,136.70514886604158,137.56553055143635,25154000
140.4114990234375,140.458110844999,136.62132231474047,138.058933800913,26396000
140.51171875,140.87075097271102,138.59208284164646,140.7527231399289,24126000
140.29595947265625,140.83847267217368,138.66542339972597,139.74550107592432,35050000
141.33734130859375,142.61479282683288,140.87417414180615,141.4781907391212,34318000
140.77499389648438,141.55058130392723,140.43926771554987,141.29221863890226,19884000
137.9275360107422,140.9431091731122,137.88488921822,140.88855215145054,37524000
139.00164794921875,139.31951637020538,137.17375319145697,138.356482806623,25942000
141.7995147705078,142.53395362091976,139.1603322944685,139.20794293991247,25942000
139.43853759765625,141.81835862566132,139.23175060773136,141.69786404034355,21418000
135.42869567871094,138.2181411119585,134.40614115921403,137.61264137354576,32468000
134.77459716796875,136.04013849416,133.1272020827794,134.89509176328988,26234000
132.19491577148438,134.5578779659387,131.87554910979466,134.47208496943966,25142000
127.76750183105469,131.009702203024,127.61377361707454,130.7429100506066,36884000
126.66758728027344,130.5212423290769,125.74967490379522,130.5212423290769,32710000
128.8292236328125,129.26561926423614,126.6938724329844,126.95075200878496,27928000
125.69116973876953,129.40993832117093,125.56322179244722,129.40993832117093,31598000
126.62989807128906,127.16149984822547,125.14764969712186,125.95894510688915,20808000
128.9432830810547,129.26461711503015,125.95844660693362,126.64477542409657,26490000
126.99041748046875,130.3218916355038,126.45485065417712,129.81904388797793,31696000
123.79137420654297,129.03205701142468,123.50573299161238,128.19051678314608,36446000
118.65481567382812,124.37404857874347,117.95014478551222,123.97534345046293,56884000
122.06513214111328,122.26696285548644,117.53954013860086,118.1247001432462,46128000
117.67739868164062,121.50575793064277,117.53953815889362,121.29202455748772,73054000
113.35758972167969,116.28092257156352,111.81236253154168,113.53115064455416,91820000
117.55094146728516,118.66870208583143,113.17956960106591,115.46071897101857,48884000
113.17411041259766,116.95337579484945,112.88153042406998,115.77759257193108,42676000
115.6273422241211,115.78850866046761,111.67699010622513,112.47539163673035,35534000
116.3721923828125,117.47111160861961,115.08334509514572,115.47609513987739,24968000
121.2588119506836,121.84744519700216,114.17237622534512,116.07217903698087,49916000
115.55047607421875,120.04681450711568,114.06277194925556,119.21866011890872,45840000
114.79769897460938,116.60774359414943,113.08089313905965,114.24030932144473,39710000
111.58872985839844,114.13369779854568,111.08241645044278,112.32167057637727,40802000
113.457275390625,115.29707287210782,111.97502692676184,114.56065900721823,39900000
112.67127990722656,115.41064030425353,112.30828274140973,112.30828274140973,37534000
111.91899108886719,113.35809330514908,108.92424196384515,110.46451302431396,53836000
115.09920501708984,116.90875017939355,112.67375572924637,113.594142514748,35038000
113.50686645507812,115.21772470104247,112.95592377559407,114.0131798264507,25990000
115.51824951171875,115.94175125327278,113.92839273794735,115.88273735100042,23054000
110.98223114013672,114.45404021864253,110.64104923458649,114.05731760057398,35126000
109.47916412353516,112.08363775970766,109.09830918068056,110.51807817312684,34144000
108.01525115966797,111.26390609492667,104.92926089526213,111.03330620451212,48962000
110.57411193847656,111.2282060203502,107.84962795327247,108.6891932186079,37184000
105.1013412475586,105.58583938493665,101.04932840845038,104.90496623527923,76780000
104.93769073486328,105.62699334651613,103.0051614939558,104.12490462445021,40258000
106.90890502929688,107.75887468895839,104.3624465360755,104.8107448453719,37948000
111.39582061767578,111.39731128813119,108.24386982480868,108.58555116701476,37914000
112.82946014404297,114.78628645360023,111.15975811404779,111.8222815933293,50012000
112.95838928222656,116.1415831356302,112.32165365581524,113.9135002886975,36606000
116.65831756591797,116.93304735382672,112.02065295107872,113.06551449385536,37992000
113.60208129882812,115.36798842891481,112.5879638758018,115.11110884827522,26136000
115.86290740966797,118.36869420913727,115.2117870867129,115.74785337637843,33542000
116.18920135498047,116.72626645111426,114.10889889465038,114.53388373543117,31590000
116.23333740234375,117.59855692060148,115.64420478456094,115.80437996795135,26108000
113.8941650390625,117.32927476403499,113.83515114216875,115.37393150433296,25798000
110.25028228759766,112.3504249488664,109.46130149167207,111.52326180460535,41452000
105.52037811279297,107.89970745137141,105.24912150780392,105.91114561990199,47252000
105.84072875976562,107.03981794977923,104.93273646839161,105.66171211229965,33706000
108.86473846435547,110.5101358678124,106.78691045306238,107.65522972129614,39698000
105.16432189941406,107.75788407901256,104.27616231851945,106.34208771365974,51684000
106.26521301269531,107.80845775947009,104.18490323391687,105.16431141911136,51376000
110.62964630126953,111.56739902352787,107.70977872020165,108.03657603615589,47416000
110.57361602783203,112.41737098859431,109.47767062090766,109.6502478770662,30774000
111.3219223022461,111.81832309519362,109.5947045131696,111.31151031036939,28362000
117.00791931152344,117.11107066416578,112.02659127406567,112.06874621725599,41164000
114.88398742675781,117.60747238809732,114.23534152789627,117.30348914348141,36420000
111.08935546875,116.34789602426181,110.93116279588207,114.8532454023872,35792000
110.78585815429688,112.23289804690751,109.96365128893204,110.63758563635704,24716000
108.0698013305664,109.97902466562923,105.87494437052855,109.09830333262894,43170000
107.84615325927734,108.35444913580423,105.85560141078064,107.0482435979797,35476000
112.33455657958984,112.4476205204141,104.8647923311928,106.22257357959492,39342000
113.63282775878906,114.64198891272858,110.5622056578975,112.37324154606672,37432000
117.8093032836914,118.21247285733529,113.8921848578157,114.13666235926765,40936000
118.37512969970703,118.70390952621402,115.94322591003493,116.28887225514453,38238000
114.728271484375,117.03074427714583,114.38510706026808,117.03074427714583,31196000
113.08585357666016,116.01514205426072,112.75806498456316,115.26236105063236,29960000
110.44070434570312,113.25990236152596,110.28994990879096,110.78535185551783,43722000
109.46277618408203,110.18233098397805,107.48462664149514,109.3070654727546,37004000
110.86122131347656,112.21305491483179,109.99091960031427,111.0824004559861,46770000
108.1362533569336,112.74813768915693,107.48166747224792,111.71666191412223,43164600
112.8770751953125,113.08535287704044,108.66191325988503,109.94133979066089,36530900
112.96633911132812,114.45404329391755,111.55798096785527,112.24231974638516,35600400
113.4027099609375,113.61099517368277,110.19919167864947,113.3432042240695,32676200
107.0155258178711,111.41912519430015,105.62700035615626,110.09011304726145,48901200
106.62870788574219,108.96936280799288,105.42862755501386,107.52133180810117,34690900
104.15911865234375,106.32124889141323,103.2169090921242,105.72616877091382,47991000
112.13321685791016,112.97625525163264,107.12461749425067,108.36437093577844,59858500
113.28370666503906,113.4027181473664,110.5463290686979,111.44887316623573,32816600
115.36650085449219,115.7533033393372,112.13322162287426,112.15306191622032,37223400
113.91846466064453,115.76321838407448,113.4027229923445,114.35486029276694,26034300
114.18624877929688,115.39624935448683,112.78781082558956,113.0655143870716,20236000
117.11207580566406,117.64765022278551,114.53339005300344,114.76150045832908,28499000
117.22117614746094,117.80633617133454,115.93182947198484,116.51699706271334,21602900
116.50707244873047,117.1418256153438,115.04912116805919,115.27723913427396,19159500
116.3384780883789,119.1651147158916,115.9219151378597,117.41953956981935,19138300
115.6739501953125,116.35829650347921,114.76149349565979,116.17977170860331,19086500
118.71878814697266,119.92878873304059,117.43936923676468,117.80633141765588,30930400
117.86585235595703,120.49413153987952,117.58814875618056,120.28585384004718,24293700
120.68255615234375,120.68255615234375,118.48075288719056,119.2741980957184,19096300
121.07927703857422,121.29747484616601,119.62132583953287,120.13705992096004,19494800
120.70238494873047,121.42640424546009,119.65107651347627,120.52386016096523,19041200
118.57001495361328,120.29574952040444,118.40140274502447,119.13534218584766,22847000
119.1849365234375,119.82960983443398,117.74682554009155,118.45100459562921,17987700
116.24919891357422,118.17329866159419,115.8028907047583,118.08403247971835,21809500
113.30354309082031,114.68214829640736,112.91674062691341,114.25567281481072,21456600
112.92665100097656,114.06722556858034,112.50017555628484,112.54976871581908,15870400
112.75806427001953,113.83912570446977,111.94478626575493,112.56961931409134,17734600
115.69378662109375,115.76321250751124,113.17460685174579,113.30353847884851,16956800
109.43551635742188,114.17634005588431,109.28675199221415,113.77961742600252,37245700
108.52306365966797,110.04052077631388,107.9081507488915,109.08839096914106,21191200
108.0469970703125,109.59420698279374,106.91634250859858,109.26691024996742,27513300
107.33290100097656,109.94133965972561,107.24363481356808,109.74298212503663,28627000
108.8404312133789,109.54461025492617,106.47994340226887,107.39240011242691,28360900
106.96591186523438,109.83222085343425,106.38075194708414,109.68344894593474,24160700
105.93445587158203,107.14445651227068,104.91290018646603,106.42044469733727,25068300
108.55281066894531,109.07847249571734,106.02371813346193,106.18240264265648,23167000
107.4915771484375,108.70157768967908,106.28158417405022,107.15436785234293,24238300
109.74297332763672,110.08018262294702,108.12633003878351,108.17592320190764,23197700
109.95125579833984,110.70502802301867,109.02887891863624,110.0801874345021,22966800
103.46485900878906,107.41223714705868,103.23674105474096,106.91633578916247,38172900
104.13928985595703,104.41699341820953,102.8102777889331,103.7128143662537,26395100
102.06642150878906,104.40706896560022,101.51100684033769,103.17723571198333,34188300
101.95734405517578,102.28463327070175,100.1125900032039,101.23332458810593,42797200
102.22510528564453,102.48297610964131,100.71756849189899,100.91592600767855,23036800
100.3109359741211,101.5308567644108,99.69601550554796,101.24323304040989,26517100
98.46617889404297,102.03666739252802,98.45625874751293,100.83658693545453,31487300
99.31912231445312,100.41010377703378,97.98019017551985,98.00994304598551,34298600
97.93060302734375,98.84306732316416,96.67101684353818,98.81330688401681,31625400
97.36527252197266,99.06125428806656,96.99831035340091,97.29584663330873,27072700
96.70075988769531,99.18026655148238,96.07592693248836,98.61493933481309,30072800
99.22987365722656,99.8745394269292,96.31397098941996,96.84954541208984,32466300
96.62141418457031,97.83141465127956,95.17338319605307,97.83141465127956,31047200
94.86593627929688,98.08929527552542,94.77667009540615,96.25446166796625,32941500
97.8314208984375,98.47609418773558,95.72879638211501,95.9668344859771,27982000
100.80683898925781,101.0051965284241,99.557165305316,99.61667862054995,28850800
100.59854888916016,101.09445024273644,97.99011049341637,99.01166607108686,22176900
100.58863830566406,102.08626265455283,99.76544016442644,99.85470635132027,22324000
97.87109375,99.70592728808386,97.49421143647145,99.03150112865876,27502800
97.05781555175781,98.28764881556005,96.21478474646479,98.18847005614693,18225100
96.38339233398438,98.43642374055914,95.52052121037734,96.6313430235072,26507100
96.76026916503906,97.94051680156004,95.9469912522471,96.50240591070916,21876400
98.24798583984375,98.96208508756953,93.60634829648116,94.37004071240933,34574500
95.76847076416016,99.86462094928686,95.58003338781863,99.1703544867437,25410700
99.15052032470703,100.10265003936581,98.01986581562133,98.04961868688342,28419200
99.94396209716797,102.62183412414964,99.15052441894925,102.28461724659432,24060700
98.81330108642578,100.19190624537119,98.10912207167954,99.19019095829994,23811100
99.15052032470703,101.48125523144144,98.57527292412537,99.18027319596912,25323200
100.30101013183594,100.47953493084219,96.9189666638649,97.04789829825931,32458700
101.67961883544922,101.9077368068661,99.16044640435987,100.9655271818657,27176400
103.6235580444336,103.96076735839142,101.87798302852408,102.05650783204726,40611400
94.1518325805664,97.50412305253043,93.91380204631294,95.6395366616455,88114100
91.46405792236328,94.64774408921001,91.04750255104241,93.74519988449306,60710900
95.50069427490234,95.75856512636024,91.37479091899618,91.51364270819928,43697300
93.73528289794922,95.24281979479946,93.20962863501363,94.63781949338367,31675000
89.7283935546875,95.2428142728165,89.62921479576478,94.66756687746879,47161400
86.25708770751953,90.43257644134617,86.16782152387951,90.19454589639709,57038300
82.74610900878906,85.81077606951776,82.65684282083558,85.61241853361773,61288000
85.87028503417969,85.92979077856455,83.02380838038178,84.69995747119829,51124900
87.76463317871094,88.17127598440243,86.13807708965564,86.56455262317961,34078900
88.17127227783203,89.5796304672484,86.87200543719126,88.17127227783203,30429000
86.60421752929688,88.70684212468586,86.56454451049467,87.72495193475426,31769100
93.16996765136719,93.61627593347617,90.85906505838082,91.49381831450972,51620100
95.61971282958984,96.13544696291301,93.1501183771832,93.9138107806014,33090500
94.91551971435547,95.99658864167773,93.73527959271193,94.31051943427285,30179500
97.63306427001953,99.31912590340235,95.91724219824151,97.4545394739204,41640800
98.0396957397461,98.82322078363063,96.83961537638496,97.09748619804606,29105200
97.55371856689453,98.46617527590662,95.99658856050377,96.17511335721086,26052600
96.63135528564453,98.08930673574372,95.58004665005433,97.96036751804307,28342300
94.81633758544922,97.59338820085925,94.5783070537111,96.49248658714596,21647400
96.25447082519531,96.42307549576248,93.27906223791702,95.16348162304233,23438500
97.65290832519531,97.95045220883327,96.29413568796969,96.29413568796969,18868100
96.66109466552734,97.83142220785665,96.60158892219253,97.43469959629758,9701400
95.2626724243164,96.78012966420033,94.82627672301699,96.24455518538441,26237500
94.40970611572266,95.33208297513312,93.33855733056448,94.94528050830175,20061700
100.16216278076172,100.21175594756679,93.64601867914251,94.04274131301841,43647500
100.16216278076172,101.4118364290716,99.42823082654697,100.19191565410281,28687100
99.61666107177734,99.94395019705995,98.08928407532805,98.23805598692219,21480700
98.66455078125,100.54897014150208,98.18848208415297,98.58520473725795,24405100
96.18502807617188,98.96207106432217,95.62961342505861,98.48601001120109,24910700
94.16175079345703,96.08584288669229,93.94355298868143,95.6197019736811,31045400
92.94183349609375,94.79650733675184,92.6839626659769,94.59814224941029,32213300
92.06905364990234,93.48733192437892,91.98970761165849,93.0013431152763,28225400
92.54512023925781,92.79307094834755,90.85905844418969,91.95004005081348,29420000
94.84608459472656,98.71411643899029,94.25100451872916,96.95862907976988,40593700
94.29068756103516,96.07593554575189,92.83273630132557,94.4196191950435,28733600
90.11520385742188,92.8724144565508,89.2721729828965,92.36659290509361,40107000
89.52012634277344,90.5813550775437,88.7861867939752,90.01602776214001,58011800
87.71503448486328,89.81765139665094,87.4869165311304,89.5201151224369,29493000
88.29027557373047,88.44896764240224,86.7232330132954,87.38773902543626,23453800
88.84568786621094,89.48044099017838,87.59601434290138,88.349786515183,24745600
87.04061126708984,87.81421619968995,85.61241288884075,87.43733387958731,27658300
88.49858093261719,88.81595757528672,86.35628291945588,86.39595594564658,23003000
86.67363739013672,88.21093460263191,86.29675508801945,88.07208282991216,20097300
85.31486511230469,87.31831080815121,85.23552664693922,86.2670023652313,19523200
87.7249526977539,88.12167532237186,85.9000392181079,85.9099593646084,23333500
87.50677490234375,87.57620080402297,85.86037842415688,86.267021253175,23986300
88.38946533203125,90.30364497529531,87.79437761826055,88.85560627643153,28131200
87.35798645019531,89.90691916874918,86.55462109181812,89.60937532240884,34854800
85.49340057373047,86.85217316940673,85.19586426604603,86.75299440017858,27194400
86.6240463256836,86.97118333274179,84.16437980636358,86.07855936732152,41381500
87.2984619140625,89.31182755724797,87.13977743211463,87.63567873433844,29003900
87.69519805908203,87.94314874861813,85.12643254757823,85.2752044746708,30467800
90.76979064941406,90.84913669096524,88.28037102229985,88.44897568545483,26862000
90.38297271728516,91.11691212598826,89.01428778515732,90.73010969806401,30258100
91.36487579345703,91.43430168612433,89.39118279204233,90.10528201196577,26329200
90.54167175292969,91.49380146174484,89.3118384915669,91.30535652243567,32602400
90.37307739257812,92.03930646438202,89.89700870055337,91.38471295870488,29116700
92.2872543334961,92.84266148471706,89.88708578674498,89.97635197425116,37000400
97.21649932861328,97.49421044649547,94.24109116727796,94.3204372009586,63191100
98.97200012207031,99.21995081656387,96.70077085248677,97.1470790758333,40005100
96.89912414550781,98.79347100071968,96.40322277819845,97.29584675272618,33078500
94.439453125,95.37175007274746,92.99142210911067,94.786582552293,42330000
96.7206039428711,96.77019710869844,94.59814659536165,95.70896843494373,30114000
98.55543518066406,99.49764470130867,96.5123165113975,96.5123165113975,33879800
96.1453628540039,97.48429507886306,95.60978845068932,96.68093725731849,27226200
98.02977752685547,98.06945054380512,96.02633935545113,96.07593251835176,29870700
99.60674285888672,100.36051500989419,96.78010675117609,97.90084104880061,35531100
106.8568344116211,106.9659333278878,104.74429711518005,104.93274207361436,69883800
103.92108917236328,106.92625024321528,101.73912618609937,102.08625562934304,65309300
102.05650329589844,103.50453438595648,101.0448602652804,101.56060192669277,31999600
106.75765991210938,107.29323436787847,102.27471428631476,102.3738930595634,49010200
98.55543518066406,102.29452796034936,97.23633579827843,101.21346666964877,94743500
94.2311782836914,99.21002459482034,92.8624856911135,99.18027172399981,119455000
93.79478454589844,95.95691481547425,93.47740797269714,94.6675682304884,54980700
93.83446502685547,94.4196250562035,93.07077262109874,93.96339666886732,50076100
93.90388488769531,94.0724895395363,91.50372404324449,93.65593419962755,54726100
96.1453628540039,96.32388765510876,93.37823222030585,93.7154415296958,50169000
94.72708129882812,96.87929141683016,93.96338895576008,94.58822952133472,42462600
93.57658386230469,94.77666422937034,92.44592938203277,94.07248521564689,34284100
91.03758239746094,92.3368416794246,90.96815650224582,92.23766291009657,33629300
90.89871978759766,91.35494812568693,89.86724406227897,90.94830538293209,30884000
90.14493560791016,91.18633134038276,89.024201420095,91.16649105140725,41206400
88.39937591552734,89.15314812025682,87.85388894602733,88.70683991186095,36585100
89.1333236694336,89.42094740013515,88.6076618097586,89.1333236694336,27502300
89.3217544555664,90.48216943962086,88.58782252932733,88.59774267568118,30142000
89.61930084228516,90.28380689652273,88.93495449477956,89.24241850559551,31111200
91.24585723876953,91.52356081097336,88.85560886814189,88.92504232804767,32204400
92.88233184814453,92.96167788657921,91.69216397218837,91.7219244117424,35160100
94.35018920898438,95.1833074213031,93.22945486919875,93.2492875940104,32639300
93.09062194824219,94.88578279800367,92.76332517115746,94.20144393401961,27835500
93.47740173339844,95.17338339263445,93.22945106567059,93.34847011024735,34103300
91.563232421875,94.74691844025844,91.14667706997915,93.27905456209555,28813500
89.88707733154297,92.02937482791765,89.65896694454361,91.41445442058324,35941000
90.36315155029297,91.81118269560834,88.687002437022,89.35150848107031,37335600
93.19969940185547,93.58650184316622,91.6822425064281,91.80125398569051,36050200
95.32215881347656,96.13543673086967,91.88060220810499,92.45584959444147,50622100
99.49764251708984,100.3605135550846,94.71715400007437,95.41141283511351,65492000
100.78700256347656,101.9969956149556,99.27945808045726,99.43815015945079,61028500
100.39027404785156,100.91592828670724,99.05134186896636,99.29929255271749,32960400
104.05994415283203,104.23846895297474,100.39027695383191,100.4200298260466,42110300
102.52264404296875,105.71624226306058,102.48297102840904,103.41526038657393,43427400
104.73436737060547,105.42863382566868,103.60371285731998,104.19879298533533,40797800
104.57568359375,104.62526919076385,102.98879315221856,104.12936781949888,30393300
101.62012481689453,103.90127452690157,101.09447048753476,103.7624227254426,31120900
100.20182800292969,101.61018605507579,98.92240158084621,101.60027347597008,32057900
100.55888366699219,101.64986521604924,99.82495172553267,101.44158753942646,28779600
100.06298065185547,100.33077163663715,98.96207897409658,100.0828209446528,33086200
102.87970733642578,103.03839184898722,100.21175539436457,100.46962623998861,36863400
103.5045394897461,103.67314414754483,101.0944584138917,101.55068678803492,25035400
103.86157989501953,104.71453082187777,103.18715375673288,103.47477744759011,24420100
103.61363220214844,105.23026792467863,102.81027441388282,104.9128913544011,28290500
107.53125,108.27510204632019,103.47478047282404,104.39715731293522,48711500
105.56748962402344,106.7080567599706,104.25831026578564,106.10306402969181,27067400
104.4864273071289,105.85512006422364,103.82192122274951,105.6765952509876,26311800
103.78224182128906,105.87494628290851,103.48469796190201,105.70634162712136,24370300
106.54936981201172,106.6088755556612,104.97239950361016,104.97239950361016,24843600
107.97757720947266,108.04700310514491,105.96421110126722,106.01380426968531,26578000
105.1013412475586,105.2897861961485,103.66322268410477,103.80208203407157,37571200
103.64337921142578,105.66665757008278,103.21690375984336,105.61706440974724,26596400
103.32601165771484,104.11945689106093,102.22510999070306,102.73093151613256,20905700
104.42691802978516,105.37904781258688,103.01855986565269,103.05823288579296,27820800
104.54594421386719,105.13110427538487,103.92110356265056,104.60544996470482,25800100
105.1013412475586,105.75592714410803,103.84174748622819,104.62527258627793,23542800
102.99871063232422,105.8154342829649,102.98879048643646,104.96248334111876,46664100
102.85986328125,105.47822196102051,101.788714484929,104.05994371224027,53347600
106.70804595947266,107.48165840059524,102.69124967380353,103.59378617149903,50089200
106.4601058959961,106.47002604243367,104.22854965938166,106.16256960456029,36139800
106.32125091552734,107.1047759897289,105.9443685976354,105.96420132305943,26681700
104.45665740966797,106.32124371426752,102.85985449785488,106.2617379751714,30997200
104.54594421386719,106.60888843374389,104.09962838201884,104.66495571554243,21795400
103.83183288574219,104.73436945840507,103.117733691147,104.62527054996112,23419500
104.70462036132812,105.01207680519784,103.25658919423994,103.9607682679493,26639300
106.8865737915039,107.07501872614742,104.29797570257264,104.31780842718317,26511400
106.47002410888672,109.2470748463162,106.31133960304034,107.50149988087897,36360100
110.83395385742188,112.01420151452291,107.04526777320253,107.08494078998831,63153400
115.61444091796875,116.95337305517583,113.47215101180822,114.45403357017953,78900000
116.54674530029297,117.06247940985591,115.15821991274791,115.72354718741605,41102300
115.55493927001953,117.50879187706043,115.05903790038903,115.15821666094425,36266800
118.53035736083984,119.76019074124378,115.47560285342378,115.5351086013426,45035600
119.84944915771484,120.67264731450432,117.91543668511788,118.62953592633984,33323600
121.82312774658203,122.2991888062752,119.83952234186759,119.95853382336384,35234200
121.75370025634766,124.93738598095622,121.1487000105305,122.53722528891174,41353400
124.02494812011719,125.39363331471273,121.73387841515391,121.93224352318924,35253000
121.55533599853516,123.60836727655007,121.20820656831121,123.14222636559451,34046300
119.90895080566406,120.91067367529489,118.87747506501967,120.12714861556921,34182600
122.46781921386719,124.29273282527676,120.96027464484123,123.49928751875201,42317000
123.58853149414062,124.23320474395081,121.44623409172902,122.16033322586622,35635900
122.65624237060547,124.62993526057318,120.99993361988649,124.61009496844295,35076700
121.8628158569336,123.04305607346541,121.49584608754014,121.74379679384124,37325800
122.70584106445312,123.40009998321423,121.6148595206051,121.8132170497212,30772700
123.6480484008789,125.11591981661117,122.74551182311099,122.97362222070807,26980100
124.9770736694336,126.38543183753264,122.82485583017811,122.99346805796284,32305500
126.26639556884766,127.2383579485679,124.3323833879781,124.97705663721925,26638300
121.49583435058594,127.98221754198133,121.11895203748432,125.92919376166726,52539000
121.1387939453125,122.21986293706264,120.24616990782498,121.22806013248871,29389200
121.2280502319336,122.74550718830598,120.9106736630639,121.2478829569892,23778300
122.62650299072266,123.03314578873348,120.66273759761951,121.7834720869418,28306400
122.81492614746094,124.1340255114408,122.170252900137,123.955500728595,22278300
122.65624237060547,123.03313225253616,120.45443908912067,122.09091511456377,30592300
124.0645980834961,124.43156781239826,121.39665392353744,122.13058581448757,35246300
122.51738739013672,125.07624019452584,122.26943671297158,124.89771540429278,45535600
122.0909194946289,123.54887077747642,121.1387897432877,121.92231483974503,26097500
119.56182098388672,121.65452532950529,119.11550521954592,121.39665450345422,30306300
122.14051818847656,122.22977680974192,117.8559303300752,119.01633780765464,26952200
121.33714294433594,121.78345871511222,120.06763665447824,120.38501322694266,34913600
117.36994171142578,120.99994365310945,117.30051581692196,119.77011027896118,33969900
117.36002349853516,118.10387557545451,115.14829999374557,116.1202700370029,39535900
119.19485473632812,119.4031324056984,115.89214976448287,116.1301803056411,27091400
118.12371826171875,119.0758480924374,117.33028051954751,118.2625700557701,24090900
118.71878814697266,120.08748080780242,118.708875567441,119.1849366580173,29532200
118.91716003417969,119.20478376097655,117.84601116890617,118.26256653867198,14467900
120.75199127197266,121.60494228794853,118.25265153768966,118.26256411758469,27584800
119.12542724609375,119.31387218735846,117.42944547527459,118.81797081927608,24745200
118.5005874633789,120.05771736735291,118.42124143298246,119.1155002818165,21709500
115.49542236328125,117.34017600620315,115.18796594507899,117.33026342725442,35315200
116.17976379394531,116.74509101139748,114.40443611219281,115.33673304046103,23078800
117.9551010131836,119.34362637246984,117.4393669141167,117.82616938013048,30404400
123.51911163330078,123.80673533006852,119.46263457450904,119.93870320943425,44297900
124.39190673828125,125.74075916657561,122.47772701039696,123.77699383825481,33283100
123.62821960449219,126.05813341949313,123.18190380773267,124.90764611490182,25716200
122.74551391601562,123.65797065567115,121.95206866692536,123.57862461739118,26193600
121.0296859741211,124.1538660880998,120.80157558357863,123.57861868845079,37224000
118.222900390625,123.07281587345547,117.25093780466625,120.42470399718223,37906800
119.03616333007812,119.99821321316037,117.75674443491287,119.6312510365837,72937900
120.5337905883789,121.99174188501857,119.98830359973758,120.6627297925078,29686100
121.20821380615234,122.14051081744289,120.02796610605938,120.36518297759501,52509600
128.21034240722656,129.90631659089652,127.26813284588675,129.00378761340536,61682100
128.33926391601562,132.14779780312753,127.73426366088836,130.59066029279523,44952100
131.49319458007812,132.64368926365583,129.49967674072056,129.70794681826914,36591200
131.63206481933594,132.43542264148525,130.6997677943249,131.64197739889866,28055500
130.47166442871094,131.5428132938943,129.6087856815379,129.70797201734953,23166800
127.32764434814453,129.0236186085389,126.51435881324909,128.3888654416219,26273300
127.39706420898438,128.329361244637,126.37550855512062,126.9210031114822,20089500
127.05985260009766,130.43197594152576,126.86149507419762,128.2202600170075,26147200
130.4518280029297,130.53117404718972,127.96240829082672,128.10126008485418,22746300
130.32289123535156,130.431990156543,128.4781372893849,129.54928620643435,23535200
128.59715270996094,130.9576330468754,127.94255923989908,130.58075827957177,24912900
128.62689208984375,130.96754702179814,128.38885399832523,130.2435353022777,20857800
128.49795532226562,128.86491747828384,127.11935017534717,127.60533894622364,19591100
130.25344848632812,130.29311393491162,127.9028809647762,128.3293488553076,24695600
128.71615600585938,130.3427118640274,128.22025464503122,130.0253428626258,19770700
127.64501953125,129.2120697982791,126.82182894388471,127.64501953125,25216100
128.85501098632812,130.90804993539842,128.23017041335734,128.73599949955613,33446300
126.41519165039062,128.19051967813363,125.34404274535204,127.45658011346536,30504800
127.31771850585938,127.67476811335399,125.5225578886843,126.13747833867052,25248700
128.02188110351562,129.21204119379448,127.26811657753724,127.45654635875187,22054900
131.28492736816406,132.31641072027463,128.80542045173755,129.11287688798097,27819700
128.71615600585938,133.14951538235977,128.50788590918833,132.85197153912117,28500700
128.81536865234375,129.68814493481383,126.20692211861723,128.47814415645706,26762900
129.9360809326172,131.4535380240542,129.07321732909296,130.23362480291482,20543300
133.4669189453125,135.45052467736468,131.1560164514264,131.1560164514264,43075600
134.76617431640625,135.16288939766932,132.97101360306888,133.67518514236738,28315800
135.05380249023438,136.86880365915113,134.67691253592147,134.89511039013297,30053800
134.54794311523438,136.3331908056176,133.74458543798855,136.3331908056176,21543700
134.65707397460938,135.30173975827023,133.47682618982745,134.32977722585983,19403100
133.35780334472656,135.41082715108524,132.57427070368973,134.9050132008134,18684500
134.1512451171875,134.46862928644677,131.86018300504648,132.49493620985484,18844300
135.26205444335938,135.53975798327252,133.74459755250976,133.80410329196144,23558300
135.79762268066406,136.35302976641478,134.6768807966762,135.4207328151726,20763400
134.23057556152344,135.74803250189984,134.08181120803886,135.14303224154853,18405500
135.58935546875,135.7777852717878,133.05032781273377,133.9826247837674,20749500
136.96795654296875,137.5630290724014,135.1232029476824,136.47205520158755,24751000
136.273681640625,137.38451092876176,135.36122499467155,136.84892900879936,38919600
137.0770721435547,138.019281780227,135.49018160432044,135.49018160432044,21861300
136.908447265625,137.2754245802509,135.5000891528616,136.29353439301667,20353700
132.64370727539062,136.9481276445737,132.52468065263594,136.9481276445737,29927500
129.37075805664062,131.14607838789655,129.00379586795694,130.36256084439935,31503900
129.18231201171875,130.94771974828387,128.5376462586181,129.68812598105728,26397300
130.03526306152344,130.0947688069164,127.90289313849301,128.76575671410941,20094600
127.51609802246094,129.29141844193066,126.17715813897233,128.70625840016731,25718700
129.46994018554688,129.8269898246319,127.5161024517244,127.5161024517244,22746500
131.22543334960938,132.20732362438937,128.7260859170761,128.77567908657804,22513100
129.7873077392578,132.9511609153293,129.29140636705122,132.18746856469267,30859800
133.07017517089844,133.31812586216128,130.09476687574428,130.1344474612235,22288000
131.34445190429688,133.15945304283952,130.7592918203912,132.84208398165953,22989400
134.1314239501953,134.45872070934675,131.44363154646038,131.70149484137792,26752300
133.9628143310547,134.37936969993646,132.35608346969923,133.9628143310547,19832600
136.45223999023438,137.02748746801123,132.9114964978089,132.9114964978089,27597600
137.2853240966797,137.80106572376255,134.49836100864687,135.8174603789753,19278100
136.92828369140625,138.57467986983306,136.20427192955205,137.36467931785276,27786600
139.39788818359375,139.95329533664227,137.44403543423456,137.44403543423456,25884300
137.83084106445312,140.06239744116,137.12665439341535,139.89379277540957,24765500
136.2340087890625,138.85236710628996,135.500069400509,138.23745432331978,23420500
137.95974731445312,138.48540148023622,136.85884582628907,137.03736302959354,28501900
138.57469177246094,138.75320901659043,136.05550412475992,137.49363032645,23515800
136.82913208007812,139.56650258267163,136.25388459322733,138.30690868674475,23375000
136.6208038330078,138.51515037123917,136.25384172538935,137.3646557595033,26066000
134.48846435546875,136.73984579212933,133.97272266731449,136.2042789444492,26335700
