setup,model,strategy,assets,attacked_ticker,attack_day,target_signal,target_label,baseline_signal,baseline_label,attacked_signal,attacked_label,success,already_target,valid,min_delta_norm,min_abs_delta_norm,prediction_shift,delta_final_cr,objective,timing_policy
LSTM_rolling_All_BB,LSTM_rolling,BB,"GOOGL,AMZN,AAPL,PEP,JNJ,PFE,MRK,ABBV,PG,KO,WMT,JPM,BAC,GS,V,XOM,CVX,COP,BP,BA,MMM,HON,GE,T,VZ,TMUS,HSY,DUK,SO,EXC,AEP,AMT,PLD,SPG,BHP,RIO,VALE,FCX",GOOGL,30,1,BUY,1,BUY,1.0,BUY,True,True,True,0.0,0.0,0.0,0.0,force_buy,uniform
LSTM_rolling_All_BB,LSTM_rolling,BB,"GOOGL,AMZN,AAPL,PEP,JNJ,PFE,MRK,ABBV,PG,KO,WMT,JPM,BAC,GS,V,XOM,CVX,COP,BP,BA,MMM,HON,GE,T,VZ,TMUS,HSY,DUK,SO,EXC,AEP,AMT,PLD,SPG,BHP,RIO,VALE,FCX",GOOGL,30,-1,SELL,1,BUY,,NA,False,False,True,,,,,force_sell,uniform
LSTM_rolling_All_BB,LSTM_rolling,BB,"GOOGL,AMZN,AAPL,PEP,JNJ,PFE,MRK,ABBV,PG,KO,WMT,JPM,BAC,GS,V,XOM,CVX,COP,BP,BA,MMM,HON,GE,T,VZ,TMUS,HSY,DUK,SO,EXC,AEP,AMT,PLD,SPG,BHP,RIO,VALE,FCX",GOOGL,90,1,BUY,1,BUY,1.0,BUY,True,True,True,0.0,0.0,0.0,0.0,force_buy,uniform
LSTM_rolling_All_BB,LSTM_rolling,BB,"GOOGL,AMZN,AAPL,PEP,JNJ,PFE,MRK,ABBV,PG,KO,WMT,JPM,BAC,GS,V,XOM,CVX,COP,BP,BA,MMM,HON,GE,T,VZ,TMUS,HSY,DUK,SO,EXC,AEP,AMT,PLD,SPG,BHP,RIO,VALE,FCX",GOOGL,90,-1,SELL,1,BUY,,NA,False,False,True,,,,,force_sell,uniform
LSTM_rolling_All_BB,LSTM_rolling,BB,"GOOGL,AMZN,AAPL,PEP,JNJ,PFE,MRK,ABBV,PG,KO,WMT,JPM,BAC,GS,V,XOM,CVX,COP,BP,BA,MMM,HON,GE,T,VZ,TMUS,HSY,DUK,SO,EXC,AEP,AMT,PLD,SPG,BHP,RIO,VALE,FCX",GOOGL,149,1,BUY,1,BUY,1.0,BUY,True,True,True,0.0,0.0,0.0,0.0,force_buy,uniform
LSTM_rolling_All_BB,LSTM_rolling,BB,"GOOGL,AMZN,AAPL,PEP,JNJ,PFE,MRK,ABBV,PG,KO,WMT,JPM,BAC,GS,V,XOM,CVX,COP,BP,BA,MMM,HON,GE,T,VZ,TMUS,HSY,DUK,SO,EXC,AEP,AMT,PLD,SPG,BHP,RIO,VALE,FCX",GOOGL,149,-1,SELL,1,BUY,,NA,False,False,True,,,,,force_sell,uniform
LSTM_rolling_All_BB,LSTM_rolling,BB,"GOOGL,AMZN,AAPL,PEP,JNJ,PFE,MRK,ABBV,PG,KO,WMT,JPM,BAC,GS,V,XOM,CVX,COP,BP,BA,MMM,HON,GE,T,VZ,TMUS,HSY,DUK,SO,EXC,AEP,AMT,PLD,SPG,BHP,RIO,VALE,FCX",GOOGL,209,1,BUY,1,BUY,1.0,BUY,True,True,True,0.0,0.0,0.0,0.0,force_buy,uniform
LSTM_rolling_All_BB,LSTM_rolling,BB,"GOOGL,AMZN,AAPL,PEP,JNJ,PFE,MRK,ABBV,PG,KO,WMT,JPM,BAC,GS,V,XOM,CVX,COP,BP,BA,MMM,HON,GE,T,VZ,TMUS,HSY,DUK,SO,EXC,AEP,AMT,PLD,SPG,BHP,RIO,VALE,FCX",GOOGL,209,-1,SELL,1,BUY,,NA,False,False,True,,,,,force_sell,uniform
LSTM_rolling_All_BB,LSTM_rolling,BB,"GOOGL,AMZN,AAPL,PEP,JNJ,PFE,MRK,ABBV,PG,KO,WMT,JPM,BAC,GS,V,XOM,CVX,COP,BP,BA,MMM,HON,GE,T,VZ,TMUS,HSY,DUK,SO,EXC,AEP,AMT,PLD,SPG,BHP,RIO,VALE,FCX",GOOGL,268,1,BUY,1,BUY,1.0,BUY,True,True,True,0.0,0.0,0.0,0.0,force_buy,uniform
LSTM_rolling_All_BB,LSTM_rolling,BB,"GOOGL,AMZN,AAPL,PEP,JNJ,PFE,MRK,ABBV,PG,KO,WMT,JPM,BAC,GS,V,XOM,CVX,COP,BP,BA,MMM,HON,GE,T,VZ,TMUS,HSY,DUK,SO,EXC,AEP,AMT,PLD,SPG,BHP,RIO,VALE,FCX",GOOGL,268,-1,SELL,1,BUY,,NA,False,False,True,,,,,force_sell,uniform
LSTM_rolling_All_BB,LSTM_rolling,BB,"GOOGL,AMZN,AAPL,PEP,JNJ,PFE,MRK,ABBV,PG,KO,WMT,JPM,BAC,GS,V,XOM,CVX,COP,BP,BA,MMM,HON,GE,T,VZ,TMUS,HSY,DUK,SO,EXC,AEP,AMT,PLD,SPG,BHP,RIO,VALE,FCX",GOOGL,328,1,BUY,0,HOLD,,NA,False,False,True,,,,,force_buy,uniform
LSTM_rolling_All_BB,LSTM_rolling,BB,"GOOGL,AMZN,AAPL,PEP,JNJ,PFE,MRK,ABBV,PG,KO,WMT,JPM,BAC,GS,V,XOM,CVX,COP,BP,BA,MMM,HON,GE,T,VZ,TMUS,HSY,DUK,SO,EXC,AEP,AMT,PLD,SPG,BHP,RIO,VALE,FCX",GOOGL,328,-1,SELL,0,HOLD,,NA,False,False,True,,,,,force_sell,uniform
LSTM_rolling_All_BB,LSTM_rolling,BB,"GOOGL,AMZN,AAPL,PEP,JNJ,PFE,MRK,ABBV,PG,KO,WMT,JPM,BAC,GS,V,XOM,CVX,COP,BP,BA,MMM,HON,GE,T,VZ,TMUS,HSY,DUK,SO,EXC,AEP,AMT,PLD,SPG,BHP,RIO,VALE,FCX",GOOGL,387,1,BUY,0,HOLD,,NA,False,False,True,,,,,force_buy,uniform
LSTM_rolling_All_BB,LSTM_rolling,BB,"GOOGL,AMZN,AAPL,PEP,JNJ,PFE,MRK,ABBV,PG,KO,WMT,JPM,BAC,GS,V,XOM,CVX,COP,BP,BA,MMM,HON,GE,T,VZ,TMUS,HSY,DUK,SO,EXC,AEP,AMT,PLD,SPG,BHP,RIO,VALE,FCX",GOOGL,387,-1,SELL,0,HOLD,,NA,False,False,True,,,,,force_sell,uniform
LSTM_rolling_All_BB,LSTM_rolling,BB,"GOOGL,AMZN,AAPL,PEP,JNJ,PFE,MRK,ABBV,PG,KO,WMT,JPM,BAC,GS,V,XOM,CVX,COP,BP,BA,MMM,HON,GE,T,VZ,TMUS,HSY,DUK,SO,EXC,AEP,AMT,PLD,SPG,BHP,RIO,VALE,FCX",GOOGL,447,1,BUY,0,HOLD,,NA,False,False,True,,,,,force_buy,uniform
LSTM_rolling_All_BB,LSTM_rolling,BB,"GOOGL,AMZN,AAPL,PEP,JNJ,PFE,MRK,ABBV,PG,KO,WMT,JPM,BAC,GS,V,XOM,CVX,COP,BP,BA,MMM,HON,GE,T,VZ,TMUS,HSY,DUK,SO,EXC,AEP,AMT,PLD,SPG,BHP,RIO,VALE,FCX",GOOGL,447,-1,SELL,0,HOLD,,NA,False,False,True,,,,,force_sell,uniform
LSTM_rolling_All_BB,LSTM_rolling,BB,"GOOGL,AMZN,AAPL,PEP,JNJ,PFE,MRK,ABBV,PG,KO,WMT,JPM,BAC,GS,V,XOM,CVX,COP,BP,BA,MMM,HON,GE,T,VZ,TMUS,HSY,DUK,SO,EXC,AEP,AMT,PLD,SPG,BHP,RIO,VALE,FCX",GOOGL,506,1,BUY,0,HOLD,,NA,False,False,True,,,,,force_buy,uniform
LSTM_rolling_All_BB,LSTM_rolling,BB,"GOOGL,AMZN,AAPL,PEP,JNJ,PFE,MRK,ABBV,PG,KO,WMT,JPM,BAC,GS,V,XOM,CVX,COP,BP,BA,MMM,HON,GE,T,VZ,TMUS,HSY,DUK,SO,EXC,AEP,AMT,PLD,SPG,BHP,RIO,VALE,FCX",GOOGL,506,-1,SELL,0,HOLD,,NA,False,False,True,,,,,force_sell,uniform
LSTM_rolling_All_BB,LSTM_rolling,BB,"GOOGL,AMZN,AAPL,PEP,JNJ,PFE,MRK,ABBV,PG,KO,WMT,JPM,BAC,GS,V,XOM,CVX,COP,BP,BA,MMM,HON,GE,T,VZ,TMUS,HSY,DUK,SO,EXC,AEP,AMT,PLD,SPG,BHP,RIO,VALE,FCX",GOOGL,566,1,BUY,0,HOLD,,NA,False,False,True,,,,,force_buy,uniform
LSTM_rolling_All_BB,LSTM_rolling,BB,"GOOGL,AMZN,AAPL,PEP,JNJ,PFE,MRK,ABBV,PG,KO,WMT,JPM,BAC,GS,V,XOM,CVX,COP,BP,BA,MMM,HON,GE,T,VZ,TMUS,HSY,DUK,SO,EXC,AEP,AMT,PLD,SPG,BHP,RIO,VALE,FCX",GOOGL,566,-1,SELL,0,HOLD,,NA,False,False,True,,,,,force_sell,uniform
LSTM_rolling_All_BB,LSTM_rolling,BB,"GOOGL,AMZN,AAPL,PEP,JNJ,PFE,MRK,ABBV,PG,KO,WMT,JPM,BAC,GS,V,XOM,CVX,COP,BP,BA,MMM,HON,GE,T,VZ,TMUS,HSY,DUK,SO,EXC,AEP,AMT,PLD,SPG,BHP,RIO,VALE,FCX",GOOGL,625,1,BUY,1,BUY,1.0,BUY,True,True,True,0.0,0.0,0.0,0.0,force_buy,uniform
LSTM_rolling_All_BB,LSTM_rolling,BB,"GOOGL,AMZN,AAPL,PEP,JNJ,PFE,MRK,ABBV,PG,KO,WMT,JPM,BAC,GS,V,XOM,CVX,COP,BP,BA,MMM,HON,GE,T,VZ,TMUS,HSY,DUK,SO,EXC,AEP,AMT,PLD,SPG,BHP,RIO,VALE,FCX",GOOGL,625,-1,SELL,1,BUY,,NA,False,False,True,,,,,force_sell,uniform
LSTM_rolling_All_BB,LSTM_rolling,BB,"GOOGL,AMZN,AAPL,PEP,JNJ,PFE,MRK,ABBV,PG,KO,WMT,JPM,BAC,GS,V,XOM,CVX,COP,BP,BA,MMM,HON,GE,T,VZ,TMUS,HSY,DUK,SO,EXC,AEP,AMT,PLD,SPG,BHP,RIO,VALE,FCX",GOOGL,685,1,BUY,1,BUY,1.0,BUY,True,True,True,0.0,0.0,0.0,0.0,force_buy,uniform
LSTM_rolling_All_BB,LSTM_rolling,BB,"GOOGL,AMZN,AAPL,PEP,JNJ,PFE,MRK,ABBV,PG,KO,WMT,JPM,BAC,GS,V,XOM,CVX,COP,BP,BA,MMM,HON,GE,T,VZ,TMUS,HSY,DUK,SO,EXC,AEP,AMT,PLD,SPG,BHP,RIO,VALE,FCX",GOOGL,685,-1,SELL,1,BUY,,NA,False,False,True,,,,,force_sell,uniform
LSTM_rolling_All_BB,LSTM_rolling,BB,"GOOGL,AMZN,AAPL,PEP,JNJ,PFE,MRK,ABBV,PG,KO,WMT,JPM,BAC,GS,V,XOM,CVX,COP,BP,BA,MMM,HON,GE,T,VZ,TMUS,HSY,DUK,SO,EXC,AEP,AMT,PLD,SPG,BHP,RIO,VALE,FCX",GOOGL,330,1,BUY,0,HOLD,,NA,False,False,True,,,,,force_buy,high_volatility
LSTM_rolling_All_BB,LSTM_rolling,BB,"GOOGL,AMZN,AAPL,PEP,JNJ,PFE,MRK,ABBV,PG,KO,WMT,JPM,BAC,GS,V,XOM,CVX,COP,BP,BA,MMM,HON,GE,T,VZ,TMUS,HSY,DUK,SO,EXC,AEP,AMT,PLD,SPG,BHP,RIO,VALE,FCX",GOOGL,330,-1,SELL,0,HOLD,,NA,False,False,True,,,,,force_sell,high_volatility
LSTM_rolling_All_BB,LSTM_rolling,BB,"GOOGL,AMZN,AAPL,PEP,JNJ,PFE,MRK,ABBV,PG,KO,WMT,JPM,BAC,GS,V,XOM,CVX,COP,BP,BA,MMM,HON,GE,T,VZ,TMUS,HSY,DUK,SO,EXC,AEP,AMT,PLD,SPG,BHP,RIO,VALE,FCX",GOOGL,331,1,BUY,0,HOLD,,NA,False,False,True,,,,,force_buy,high_volatility
LSTM_rolling_All_BB,LSTM_rolling,BB,"GOOGL,AMZN,AAPL,PEP,JNJ,PFE,MRK,ABBV,PG,KO,WMT,JPM,BAC,GS,V,XOM,CVX,COP,BP,BA,MMM,HON,GE,T,VZ,TMUS,HSY,DUK,SO,EXC,AEP,AMT,PLD,SPG,BHP,RIO,VALE,FCX",GOOGL,331,-1,SELL,0,HOLD,,NA,False,False,True,,,,,force_sell,high_volatility
LSTM_rolling_All_BB,LSTM_rolling,BB,"GOOGL,AMZN,AAPL,PEP,JNJ,PFE,MRK,ABBV,PG,KO,WMT,JPM,BAC,GS,V,XOM,CVX,COP,BP,BA,MMM,HON,GE,T,VZ,TMUS,HSY,DUK,SO,EXC,AEP,AMT,PLD,SPG,BHP,RIO,VALE,FCX",GOOGL,332,1,BUY,0,HOLD,,NA,False,False,True,,,,,force_buy,high_volatility
LSTM_rolling_All_BB,LSTM_rolling,BB,"GOOGL,AMZN,AAPL,PEP,JNJ,PFE,MRK,ABBV,PG,KO,WMT,JPM,BAC,GS,V,XOM,CVX,COP,BP,BA,MMM,HON,GE,T,VZ,TMUS,HSY,DUK,SO,EXC,AEP,AMT,PLD,SPG,BHP,RIO,VALE,FCX",GOOGL,332,-1,SELL,0,HOLD,,NA,False,False,True,,,,,force_sell,high_volatility
LSTM_rolling_All_BB,LSTM_rolling,BB,"GOOGL,AMZN,AAPL,PEP,JNJ,PFE,MRK,ABBV,PG,KO,WMT,JPM,BAC,GS,V,XOM,CVX,COP,BP,BA,MMM,HON,GE,T,VZ,TMUS,HSY,DUK,SO,EXC,AEP,AMT,PLD,SPG,BHP,RIO,VALE,FCX",GOOGL,333,1,BUY,0,HOLD,,NA,False,False,True,,,,,force_buy,high_volatility
LSTM_rolling_All_BB,LSTM_rolling,BB,"GOOGL,AMZN,AAPL,PEP,JNJ,PFE,MRK,ABBV,PG,KO,WMT,JPM,BAC,GS,V,XOM,CVX,COP,BP,BA,MMM,HON,GE,T,VZ,TMUS,HSY,DUK,SO,EXC,AEP,AMT,PLD,SPG,BHP,RIO,VALE,FCX",GOOGL,333,-1,SELL,0,HOLD,,NA,False,False,True,,,,,force_sell,high_volatility
LSTM_rolling_All_BB,LSTM_rolling,BB,"GOOGL,AMZN,AAPL,PEP,JNJ,PFE,MRK,ABBV,PG,KO,WMT,JPM,BAC,GS,V,XOM,CVX,COP,BP,BA,MMM,HON,GE,T,VZ,TMUS,HSY,DUK,SO,EXC,AEP,AMT,PLD,SPG,BHP,RIO,VALE,FCX",GOOGL,334,1,BUY,0,HOLD,,NA,False,False,True,,,,,force_buy,high_volatility
LSTM_rolling_All_BB,LSTM_rolling,BB,"GOOGL,AMZN,AAPL,PEP,JNJ,PFE,MRK,ABBV,PG,KO,WMT,JPM,BAC,GS,V,XOM,CVX,COP,BP,BA,MMM,HON,GE,T,VZ,TMUS,HSY,DUK,SO,EXC,AEP,AMT,PLD,SPG,BHP,RIO,VALE,FCX",GOOGL,334,-1,SELL,0,HOLD,,NA,False,False,True,,,,,force_sell,high_volatility
LSTM_rolling_All_BB,LSTM_rolling,BB,"GOOGL,AMZN,AAPL,PEP,JNJ,PFE,MRK,ABBV,PG,KO,WMT,JPM,BAC,GS,V,XOM,CVX,COP,BP,BA,MMM,HON,GE,T,VZ,TMUS,HSY,DUK,SO,EXC,AEP,AMT,PLD,SPG,BHP,RIO,VALE,FCX",GOOGL,335,1,BUY,1,BUY,1.0,BUY,True,True,True,0.0,0.0,0.0,0.0,force_buy,high_volatility
LSTM_rolling_All_BB,LSTM_rolling,BB,"GOOGL,AMZN,AAPL,PEP,JNJ,PFE,MRK,ABBV,PG,KO,WMT,JPM,BAC,GS,V,XOM,CVX,COP,BP,BA,MMM,HON,GE,T,VZ,TMUS,HSY,DUK,SO,EXC,AEP,AMT,PLD,SPG,BHP,RIO,VALE,FCX",GOOGL,335,-1,SELL,1,BUY,,NA,False,False,True,,,,,force_sell,high_volatility
LSTM_rolling_All_BB,LSTM_rolling,BB,"GOOGL,AMZN,AAPL,PEP,JNJ,PFE,MRK,ABBV,PG,KO,WMT,JPM,BAC,GS,V,XOM,CVX,COP,BP,BA,MMM,HON,GE,T,VZ,TMUS,HSY,DUK,SO,EXC,AEP,AMT,PLD,SPG,BHP,RIO,VALE,FCX",GOOGL,599,1,BUY,1,BUY,1.0,BUY,True,True,True,0.0,0.0,0.0,0.0,force_buy,high_volatility
LSTM_rolling_All_BB,LSTM_rolling,BB,"GOOGL,AMZN,AAPL,PEP,JNJ,PFE,MRK,ABBV,PG,KO,WMT,JPM,BAC,GS,V,XOM,CVX,COP,BP,BA,MMM,HON,GE,T,VZ,TMUS,HSY,DUK,SO,EXC,AEP,AMT,PLD,SPG,BHP,RIO,VALE,FCX",GOOGL,599,-1,SELL,1,BUY,,NA,False,False,True,,,,,force_sell,high_volatility
LSTM_rolling_All_BB,LSTM_rolling,BB,"GOOGL,AMZN,AAPL,PEP,JNJ,PFE,MRK,ABBV,PG,KO,WMT,JPM,BAC,GS,V,XOM,CVX,COP,BP,BA,MMM,HON,GE,T,VZ,TMUS,HSY,DUK,SO,EXC,AEP,AMT,PLD,SPG,BHP,RIO,VALE,FCX",GOOGL,600,1,BUY,1,BUY,1.0,BUY,True,True,True,0.0,0.0,0.0,0.0,force_buy,high_volatility
LSTM_rolling_All_BB,LSTM_rolling,BB,"GOOGL,AMZN,AAPL,PEP,JNJ,PFE,MRK,ABBV,PG,KO,WMT,JPM,BAC,GS,V,XOM,CVX,COP,BP,BA,MMM,HON,GE,T,VZ,TMUS,HSY,DUK,SO,EXC,AEP,AMT,PLD,SPG,BHP,RIO,VALE,FCX",GOOGL,600,-1,SELL,1,BUY,,NA,False,False,True,,,,,force_sell,high_volatility
LSTM_rolling_All_BB,LSTM_rolling,BB,"GOOGL,AMZN,AAPL,PEP,JNJ,PFE,MRK,ABBV,PG,KO,WMT,JPM,BAC,GS,V,XOM,CVX,COP,BP,BA,MMM,HON,GE,T,VZ,TMUS,HSY,DUK,SO,EXC,AEP,AMT,PLD,SPG,BHP,RIO,VALE,FCX",GOOGL,601,1,BUY,1,BUY,1.0,BUY,True,True,True,0.0,0.0,0.0,0.0,force_buy,high_volatility
LSTM_rolling_All_BB,LSTM_rolling,BB,"GOOGL,AMZN,AAPL,PEP,JNJ,PFE,MRK,ABBV,PG,KO,WMT,JPM,BAC,GS,V,XOM,CVX,COP,BP,BA,MMM,HON,GE,T,VZ,TMUS,HSY,DUK,SO,EXC,AEP,AMT,PLD,SPG,BHP,RIO,VALE,FCX",GOOGL,601,-1,SELL,1,BUY,,NA,False,False,True,,,,,force_sell,high_volatility
LSTM_rolling_All_BB,LSTM_rolling,BB,"GOOGL,AMZN,AAPL,PEP,JNJ,PFE,MRK,ABBV,PG,KO,WMT,JPM,BAC,GS,V,XOM,CVX,COP,BP,BA,MMM,HON,GE,T,VZ,TMUS,HSY,DUK,SO,EXC,AEP,AMT,PLD,SPG,BHP,RIO,VALE,FCX",GOOGL,602,1,BUY,1,BUY,1.0,BUY,True,True,True,0.0,0.0,0.0,0.0,force_buy,high_volatility
LSTM_rolling_All_BB,LSTM_rolling,BB,"GOOGL,AMZN,AAPL,PEP,JNJ,PFE,MRK,ABBV,PG,KO,WMT,JPM,BAC,GS,V,XOM,CVX,COP,BP,BA,MMM,HON,GE,T,VZ,TMUS,HSY,DUK,SO,EXC,AEP,AMT,PLD,SPG,BHP,RIO,VALE,FCX",GOOGL,602,-1,SELL,1,BUY,,NA,False,False,True,,,,,force_sell,high_volatility
LSTM_rolling_All_BB,LSTM_rolling,BB,"GOOGL,AMZN,AAPL,PEP,JNJ,PFE,MRK,ABBV,PG,KO,WMT,JPM,BAC,GS,V,XOM,CVX,COP,BP,BA,MMM,HON,GE,T,VZ,TMUS,HSY,DUK,SO,EXC,AEP,AMT,PLD,SPG,BHP,RIO,VALE,FCX",GOOGL,603,1,BUY,1,BUY,1.0,BUY,True,True,True,0.0,0.0,0.0,0.0,force_buy,high_volatility
LSTM_rolling_All_BB,LSTM_rolling,BB,"GOOGL,AMZN,AAPL,PEP,JNJ,PFE,MRK,ABBV,PG,KO,WMT,JPM,BAC,GS,V,XOM,CVX,COP,BP,BA,MMM,HON,GE,T,VZ,TMUS,HSY,DUK,SO,EXC,AEP,AMT,PLD,SPG,BHP,RIO,VALE,FCX",GOOGL,603,-1,SELL,1,BUY,,NA,False,False,True,,,,,force_sell,high_volatility
LSTM_rolling_All_BB,LSTM_rolling,BB,"GOOGL,AMZN,AAPL,PEP,JNJ,PFE,MRK,ABBV,PG,KO,WMT,JPM,BAC,GS,V,XOM,CVX,COP,BP,BA,MMM,HON,GE,T,VZ,TMUS,HSY,DUK,SO,EXC,AEP,AMT,PLD,SPG,BHP,RIO,VALE,FCX",GOOGL,604,1,BUY,1,BUY,1.0,BUY,True,True,True,0.0,0.0,0.0,0.0,force_buy,high_volatility
LSTM_rolling_All_BB,LSTM_rolling,BB,"GOOGL,AMZN,AAPL,PEP,JNJ,PFE,MRK,ABBV,PG,KO,WMT,JPM,BAC,GS,V,XOM,CVX,COP,BP,BA,MMM,HON,GE,T,VZ,TMUS,HSY,DUK,SO,EXC,AEP,AMT,PLD,SPG,BHP,RIO,VALE,FCX",GOOGL,604,-1,SELL,1,BUY,,NA,False,False,True,,,,,force_sell,high_volatility
LSTM_rolling_All_BB,LSTM_rolling,BB,"GOOGL,AMZN,AAPL,PEP,JNJ,PFE,MRK,ABBV,PG,KO,WMT,JPM,BAC,GS,V,XOM,CVX,COP,BP,BA,MMM,HON,GE,T,VZ,TMUS,HSY,DUK,SO,EXC,AEP,AMT,PLD,SPG,BHP,RIO,VALE,FCX",GOOGL,73,1,BUY,1,BUY,1.0,BUY,True,True,True,0.0,0.0,0.0,0.0,force_buy,high_pred_volatility
LSTM_rolling_All_BB,LSTM_rolling,BB,"GOOGL,AMZN,AAPL,PEP,JNJ,PFE,MRK,ABBV,PG,KO,WMT,JPM,BAC,GS,V,XOM,CVX,COP,BP,BA,MMM,HON,GE,T,VZ,TMUS,HSY,DUK,SO,EXC,AEP,AMT,PLD,SPG,BHP,RIO,VALE,FCX",GOOGL,73,-1,SELL,1,BUY,,NA,False,False,True,,,,,force_sell,high_pred_volatility
LSTM_rolling_All_BB,LSTM_rolling,BB,"GOOGL,AMZN,AAPL,PEP,JNJ,PFE,MRK,ABBV,PG,KO,WMT,JPM,BAC,GS,V,XOM,CVX,COP,BP,BA,MMM,HON,GE,T,VZ,TMUS,HSY,DUK,SO,EXC,AEP,AMT,PLD,SPG,BHP,RIO,VALE,FCX",GOOGL,74,1,BUY,1,BUY,1.0,BUY,True,True,True,0.0,0.0,0.0,0.0,force_buy,high_pred_volatility
LSTM_rolling_All_BB,LSTM_rolling,BB,"GOOGL,AMZN,AAPL,PEP,JNJ,PFE,MRK,ABBV,PG,KO,WMT,JPM,BAC,GS,V,XOM,CVX,COP,BP,BA,MMM,HON,GE,T,VZ,TMUS,HSY,DUK,SO,EXC,AEP,AMT,PLD,SPG,BHP,RIO,VALE,FCX",GOOGL,74,-1,SELL,1,BUY,,NA,False,False,True,,,,,force_sell,high_pred_volatility
LSTM_rolling_All_BB,LSTM_rolling,BB,"GOOGL,AMZN,AAPL,PEP,JNJ,PFE,MRK,ABBV,PG,KO,WMT,JPM,BAC,GS,V,XOM,CVX,COP,BP,BA,MMM,HON,GE,T,VZ,TMUS,HSY,DUK,SO,EXC,AEP,AMT,PLD,SPG,BHP,RIO,VALE,FCX",GOOGL,335,1,BUY,1,BUY,1.0,BUY,True,True,True,0.0,0.0,0.0,0.0,force_buy,high_pred_volatility
LSTM_rolling_All_BB,LSTM_rolling,BB,"GOOGL,AMZN,AAPL,PEP,JNJ,PFE,MRK,ABBV,PG,KO,WMT,JPM,BAC,GS,V,XOM,CVX,COP,BP,BA,MMM,HON,GE,T,VZ,TMUS,HSY,DUK,SO,EXC,AEP,AMT,PLD,SPG,BHP,RIO,VALE,FCX",GOOGL,335,-1,SELL,1,BUY,,NA,False,False,True,,,,,force_sell,high_pred_volatility
LSTM_rolling_All_BB,LSTM_rolling,BB,"GOOGL,AMZN,AAPL,PEP,JNJ,PFE,MRK,ABBV,PG,KO,WMT,JPM,BAC,GS,V,XOM,CVX,COP,BP,BA,MMM,HON,GE,T,VZ,TMUS,HSY,DUK,SO,EXC,AEP,AMT,PLD,SPG,BHP,RIO,VALE,FCX",GOOGL,336,1,BUY,0,HOLD,,NA,False,False,True,,,,,force_buy,high_pred_volatility
LSTM_rolling_All_BB,LSTM_rolling,BB,"GOOGL,AMZN,AAPL,PEP,JNJ,PFE,MRK,ABBV,PG,KO,WMT,JPM,BAC,GS,V,XOM,CVX,COP,BP,BA,MMM,HON,GE,T,VZ,TMUS,HSY,DUK,SO,EXC,AEP,AMT,PLD,SPG,BHP,RIO,VALE,FCX",GOOGL,336,-1,SELL,0,HOLD,,NA,False,False,True,,,,,force_sell,high_pred_volatility
LSTM_rolling_All_BB,LSTM_rolling,BB,"GOOGL,AMZN,AAPL,PEP,JNJ,PFE,MRK,ABBV,PG,KO,WMT,JPM,BAC,GS,V,XOM,CVX,COP,BP,BA,MMM,HON,GE,T,VZ,TMUS,HSY,DUK,SO,EXC,AEP,AMT,PLD,SPG,BHP,RIO,VALE,FCX",GOOGL,337,1,BUY,0,HOLD,,NA,False,False,True,,,,,force_buy,high_pred_volatility
LSTM_rolling_All_BB,LSTM_rolling,BB,"GOOGL,AMZN,AAPL,PEP,JNJ,PFE,MRK,ABBV,PG,KO,WMT,JPM,BAC,GS,V,XOM,CVX,COP,BP,BA,MMM,HON,GE,T,VZ,TMUS,HSY,DUK,SO,EXC,AEP,AMT,PLD,SPG,BHP,RIO,VALE,FCX",GOOGL,337,-1,SELL,0,HOLD,,NA,False,False,True,,,,,force_sell,high_pred_volatility
LSTM_rolling_All_BB,LSTM_rolling,BB,"GOOGL,AMZN,AAPL,PEP,JNJ,PFE,MRK,ABBV,PG,KO,WMT,JPM,BAC,GS,V,XOM,CVX,COP,BP,BA,MMM,HON,GE,T,VZ,TMUS,HSY,DUK,SO,EXC,AEP,AMT,PLD,SPG,BHP,RIO,VALE,FCX",GOOGL,338,1,BUY,0,HOLD,,NA,False,False,True,,,,,force_buy,high_pred_volatility
LSTM_rolling_All_BB,LSTM_rolling,BB,"GOOGL,AMZN,AAPL,PEP,JNJ,PFE,MRK,ABBV,PG,KO,WMT,JPM,BAC,GS,V,XOM,CVX,COP,BP,BA,MMM,HON,GE,T,VZ,TMUS,HSY,DUK,SO,EXC,AEP,AMT,PLD,SPG,BHP,RIO,VALE,FCX",GOOGL,338,-1,SELL,0,HOLD,,NA,False,False,True,,,,,force_sell,high_pred_volatility
LSTM_rolling_All_BB,LSTM_rolling,BB,"GOOGL,AMZN,AAPL,PEP,JNJ,PFE,MRK,ABBV,PG,KO,WMT,JPM,BAC,GS,V,XOM,CVX,COP,BP,BA,MMM,HON,GE,T,VZ,TMUS,HSY,DUK,SO,EXC,AEP,AMT,PLD,SPG,BHP,RIO,VALE,FCX",GOOGL,339,1,BUY,0,HOLD,,NA,False,False,True,,,,,force_buy,high_pred_volatility
LSTM_rolling_All_BB,LSTM_rolling,BB,"GOOGL,AMZN,AAPL,PEP,JNJ,PFE,MRK,ABBV,PG,KO,WMT,JPM,BAC,GS,V,XOM,CVX,COP,BP,BA,MMM,HON,GE,T,VZ,TMUS,HSY,DUK,SO,EXC,AEP,AMT,PLD,SPG,BHP,RIO,VALE,FCX",GOOGL,339,-1,SELL,0,HOLD,,NA,False,False,True,,,,,force_sell,high_pred_volatility
LSTM_rolling_All_BB,LSTM_rolling,BB,"GOOGL,AMZN,AAPL,PEP,JNJ,PFE,MRK,ABBV,PG,KO,WMT,JPM,BAC,GS,V,XOM,CVX,COP,BP,BA,MMM,HON,GE,T,VZ,TMUS,HSY,DUK,SO,EXC,AEP,AMT,PLD,SPG,BHP,RIO,VALE,FCX",GOOGL,604,1,BUY,1,BUY,1.0,BUY,True,True,True,0.0,0.0,0.0,0.0,force_buy,high_pred_volatility
LSTM_rolling_All_BB,LSTM_rolling,BB,"GOOGL,AMZN,AAPL,PEP,JNJ,PFE,MRK,ABBV,PG,KO,WMT,JPM,BAC,GS,V,XOM,CVX,COP,BP,BA,MMM,HON,GE,T,VZ,TMUS,HSY,DUK,SO,EXC,AEP,AMT,PLD,SPG,BHP,RIO,VALE,FCX",GOOGL,604,-1,SELL,1,BUY,,NA,False,False,True,,,,,force_sell,high_pred_volatility
LSTM_rolling_All_BB,LSTM_rolling,BB,"GOOGL,AMZN,AAPL,PEP,JNJ,PFE,MRK,ABBV,PG,KO,WMT,JPM,BAC,GS,V,XOM,CVX,COP,BP,BA,MMM,HON,GE,T,VZ,TMUS,HSY,DUK,SO,EXC,AEP,AMT,PLD,SPG,BHP,RIO,VALE,FCX",GOOGL,605,1,BUY,1,BUY,1.0,BUY,True,True,True,0.0,0.0,0.0,0.0,force_buy,high_pred_volatility
LSTM_rolling_All_BB,LSTM_rolling,BB,"GOOGL,AMZN,AAPL,PEP,JNJ,PFE,MRK,ABBV,PG,KO,WMT,JPM,BAC,GS,V,XOM,CVX,COP,BP,BA,MMM,HON,GE,T,VZ,TMUS,HSY,DUK,SO,EXC,AEP,AMT,PLD,SPG,BHP,RIO,VALE,FCX",GOOGL,605,-1,SELL,1,BUY,,NA,False,False,True,,,,,force_sell,high_pred_volatility
LSTM_rolling_All_BB,LSTM_rolling,BB,"GOOGL,AMZN,AAPL,PEP,JNJ,PFE,MRK,ABBV,PG,KO,WMT,JPM,BAC,GS,V,XOM,CVX,COP,BP,BA,MMM,HON,GE,T,VZ,TMUS,HSY,DUK,SO,EXC,AEP,AMT,PLD,SPG,BHP,RIO,VALE,FCX",GOOGL,606,1,BUY,1,BUY,1.0,BUY,True,True,True,0.0,0.0,0.0,0.0,force_buy,high_pred_volatility
LSTM_rolling_All_BB,LSTM_rolling,BB,"GOOGL,AMZN,AAPL,PEP,JNJ,PFE,MRK,ABBV,PG,KO,WMT,JPM,BAC,GS,V,XOM,CVX,COP,BP,BA,MMM,HON,GE,T,VZ,TMUS,HSY,DUK,SO,EXC,AEP,AMT,PLD,SPG,BHP,RIO,VALE,FCX",GOOGL,606,-1,SELL,1,BUY,,NA,False,False,True,,,,,force_sell,high_pred_volatility
LSTM_rolling_All_BB,LSTM_rolling,BB,"GOOGL,AMZN,AAPL,PEP,JNJ,PFE,MRK,ABBV,PG,KO,WMT,JPM,BAC,GS,V,XOM,CVX,COP,BP,BA,MMM,HON,GE,T,VZ,TMUS,HSY,DUK,SO,EXC,AEP,AMT,PLD,SPG,BHP,RIO,VALE,FCX",GOOGL,607,1,BUY,1,BUY,1.0,BUY,True,True,True,0.0,0.0,0.0,0.0,force_buy,high_pred_volatility
LSTM_rolling_All_BB,LSTM_rolling,BB,"GOOGL,AMZN,AAPL,PEP,JNJ,PFE,MRK,ABBV,PG,KO,WMT,JPM,BAC,GS,V,XOM,CVX,COP,BP,BA,MMM,HON,GE,T,VZ,TMUS,HSY,DUK,SO,EXC,AEP,AMT,PLD,SPG,BHP,RIO,VALE,FCX",GOOGL,607,-1,SELL,1,BUY,,NA,False,False,True,,,,,force_sell,high_pred_volatility
LSTM_rolling_All_BB,LSTM_rolling,BB,"GOOGL,AMZN,AAPL,PEP,JNJ,PFE,MRK,ABBV,PG,KO,WMT,JPM,BAC,GS,V,XOM,CVX,COP,BP,BA,MMM,HON,GE,T,VZ,TMUS,HSY,DUK,SO,EXC,AEP,AMT,PLD,SPG,BHP,RIO,VALE,FCX",GOOGL,608,1,BUY,1,BUY,1.0,BUY,True,True,True,0.0,0.0,0.0,0.0,force_buy,high_pred_volatility
LSTM_rolling_All_BB,LSTM_rolling,BB,"GOOGL,AMZN,AAPL,PEP,JNJ,PFE,MRK,ABBV,PG,KO,WMT,JPM,BAC,GS,V,XOM,CVX,COP,BP,BA,MMM,HON,GE,T,VZ,TMUS,HSY,DUK,SO,EXC,AEP,AMT,PLD,SPG,BHP,RIO,VALE,FCX",GOOGL,608,-1,SELL,1,BUY,,NA,False,False,True,,,,,force_sell,high_pred_volatility
LSTM_rolling_All_BB,LSTM_rolling,BB,"GOOGL,AMZN,AAPL,PEP,JNJ,PFE,MRK,ABBV,PG,KO,WMT,JPM,BAC,GS,V,XOM,CVX,COP,BP,BA,MMM,HON,GE,T,VZ,TMUS,HSY,DUK,SO,EXC,AEP,AMT,PLD,SPG,BHP,RIO,VALE,FCX",GOOGL,30,1,BUY,1,BUY,1.0,BUY,True,True,True,0.0,0.0,0.0,0.0,force_buy,strong_trend
LSTM_rolling_All_BB,LSTM_rolling,BB,"GOOGL,AMZN,AAPL,PEP,JNJ,PFE,MRK,ABBV,PG,KO,WMT,JPM,BAC,GS,V,XOM,CVX,COP,BP,BA,MMM,HON,GE,T,VZ,TMUS,HSY,DUK,SO,EXC,AEP,AMT,PLD,SPG,BHP,RIO,VALE,FCX",GOOGL,30,-1,SELL,1,BUY,,NA,False,False,True,,,,,force_sell,strong_trend
LSTM_rolling_All_BB,LSTM_rolling,BB,"GOOGL,AMZN,AAPL,PEP,JNJ,PFE,MRK,ABBV,PG,KO,WMT,JPM,BAC,GS,V,XOM,CVX,COP,BP,BA,MMM,HON,GE,T,VZ,TMUS,HSY,DUK,SO,EXC,AEP,AMT,PLD,SPG,BHP,RIO,VALE,FCX",GOOGL,331,1,BUY,0,HOLD,,NA,False,False,True,,,,,force_buy,strong_trend
LSTM_rolling_All_BB,LSTM_rolling,BB,"GOOGL,AMZN,AAPL,PEP,JNJ,PFE,MRK,ABBV,PG,KO,WMT,JPM,BAC,GS,V,XOM,CVX,COP,BP,BA,MMM,HON,GE,T,VZ,TMUS,HSY,DUK,SO,EXC,AEP,AMT,PLD,SPG,BHP,RIO,VALE,FCX",GOOGL,331,-1,SELL,0,HOLD,,NA,False,False,True,,,,,force_sell,strong_trend
LSTM_rolling_All_BB,LSTM_rolling,BB,"GOOGL,AMZN,AAPL,PEP,JNJ,PFE,MRK,ABBV,PG,KO,WMT,JPM,BAC,GS,V,XOM,CVX,COP,BP,BA,MMM,HON,GE,T,VZ,TMUS,HSY,DUK,SO,EXC,AEP,AMT,PLD,SPG,BHP,RIO,VALE,FCX",GOOGL,483,1,BUY,0,HOLD,,NA,False,False,True,,,,,force_buy,strong_trend
LSTM_rolling_All_BB,LSTM_rolling,BB,"GOOGL,AMZN,AAPL,PEP,JNJ,PFE,MRK,ABBV,PG,KO,WMT,JPM,BAC,GS,V,XOM,CVX,COP,BP,BA,MMM,HON,GE,T,VZ,TMUS,HSY,DUK,SO,EXC,AEP,AMT,PLD,SPG,BHP,RIO,VALE,FCX",GOOGL,483,-1,SELL,0,HOLD,,NA,False,False,True,,,,,force_sell,strong_trend
LSTM_rolling_All_BB,LSTM_rolling,BB,"GOOGL,AMZN,AAPL,PEP,JNJ,PFE,MRK,ABBV,PG,KO,WMT,JPM,BAC,GS,V,XOM,CVX,COP,BP,BA,MMM,HON,GE,T,VZ,TMUS,HSY,DUK,SO,EXC,AEP,AMT,PLD,SPG,BHP,RIO,VALE,FCX",GOOGL,524,1,BUY,0,HOLD,,NA,False,False,True,,,,,force_buy,strong_trend
LSTM_rolling_All_BB,LSTM_rolling,BB,"GOOGL,AMZN,AAPL,PEP,JNJ,PFE,MRK,ABBV,PG,KO,WMT,JPM,BAC,GS,V,XOM,CVX,COP,BP,BA,MMM,HON,GE,T,VZ,TMUS,HSY,DUK,SO,EXC,AEP,AMT,PLD,SPG,BHP,RIO,VALE,FCX",GOOGL,524,-1,SELL,0,HOLD,,NA,False,False,True,,,,,force_sell,strong_trend
LSTM_rolling_All_BB,LSTM_rolling,BB,"GOOGL,AMZN,AAPL,PEP,JNJ,PFE,MRK,ABBV,PG,KO,WMT,JPM,BAC,GS,V,XOM,CVX,COP,BP,BA,MMM,HON,GE,T,VZ,TMUS,HSY,DUK,SO,EXC,AEP,AMT,PLD,SPG,BHP,RIO,VALE,FCX",GOOGL,525,1,BUY,0,HOLD,,NA,False,False,True,,,,,force_buy,strong_trend
LSTM_rolling_All_BB,LSTM_rolling,BB,"GOOGL,AMZN,AAPL,PEP,JNJ,PFE,MRK,ABBV,PG,KO,WMT,JPM,BAC,GS,V,XOM,CVX,COP,BP,BA,MMM,HON,GE,T,VZ,TMUS,HSY,DUK,SO,EXC,AEP,AMT,PLD,SPG,BHP,RIO,VALE,FCX",GOOGL,525,-1,SELL,0,HOLD,,NA,False,False,True,,,,,force_sell,strong_trend
LSTM_rolling_All_BB,LSTM_rolling,BB,"GOOGL,AMZN,AAPL,PEP,JNJ,PFE,MRK,ABBV,PG,KO,WMT,JPM,BAC,GS,V,XOM,CVX,COP,BP,BA,MMM,HON,GE,T,VZ,TMUS,HSY,DUK,SO,EXC,AEP,AMT,PLD,SPG,BHP,RIO,VALE,FCX",GOOGL,527,1,BUY,0,HOLD,,NA,False,False,True,,,,,force_buy,strong_trend
LSTM_rolling_All_BB,LSTM_rolling,BB,"GOOGL,AMZN,AAPL,PEP,JNJ,PFE,MRK,ABBV,PG,KO,WMT,JPM,BAC,GS,V,XOM,CVX,COP,BP,BA,MMM,HON,GE,T,VZ,TMUS,HSY,DUK,SO,EXC,AEP,AMT,PLD,SPG,BHP,RIO,VALE,FCX",GOOGL,527,-1,SELL,0,HOLD,,NA,False,False,True,,,,,force_sell,strong_trend
LSTM_rolling_All_BB,LSTM_rolling,BB,"GOOGL,AMZN,AAPL,PEP,JNJ,PFE,MRK,ABBV,PG,KO,WMT,JPM,BAC,GS,V,XOM,CVX,COP,BP,BA,MMM,HON,GE,T,VZ,TMUS,HSY,DUK,SO,EXC,AEP,AMT,PLD,SPG,BHP,RIO,VALE,FCX",GOOGL,559,1,BUY,0,HOLD,,NA,False,False,True,,,,,force_buy,strong_trend
LSTM_rolling_All_BB,LSTM_rolling,BB,"GOOGL,AMZN,AAPL,PEP,JNJ,PFE,MRK,ABBV,PG,KO,WMT,JPM,BAC,GS,V,XOM,CVX,COP,BP,BA,MMM,HON,GE,T,VZ,TMUS,HSY,DUK,SO,EXC,AEP,AMT,PLD,SPG,BHP,RIO,VALE,FCX",GOOGL,559,-1,SELL,0,HOLD,,NA,False,False,True,,,,,force_sell,strong_trend
LSTM_rolling_All_BB,LSTM_rolling,BB,"GOOGL,AMZN,AAPL,PEP,JNJ,PFE,MRK,ABBV,PG,KO,WMT,JPM,BAC,GS,V,XOM,CVX,COP,BP,BA,MMM,HON,GE,T,VZ,TMUS,HSY,DUK,SO,EXC,AEP,AMT,PLD,SPG,BHP,RIO,VALE,FCX",GOOGL,599,1,BUY,1,BUY,1.0,BUY,True,True,True,0.0,0.0,0.0,0.0,force_buy,strong_trend
LSTM_rolling_All_BB,LSTM_rolling,BB,"GOOGL,AMZN,AAPL,PEP,JNJ,PFE,MRK,ABBV,PG,KO,WMT,JPM,BAC,GS,V,XOM,CVX,COP,BP,BA,MMM,HON,GE,T,VZ,TMUS,HSY,DUK,SO,EXC,AEP,AMT,PLD,SPG,BHP,RIO,VALE,FCX",GOOGL,599,-1,SELL,1,BUY,,NA,False,False,True,,,,,force_sell,strong_trend
LSTM_rolling_All_BB,LSTM_rolling,BB,"GOOGL,AMZN,AAPL,PEP,JNJ,PFE,MRK,ABBV,PG,KO,WMT,JPM,BAC,GS,V,XOM,CVX,COP,BP,BA,MMM,HON,GE,T,VZ,TMUS,HSY,DUK,SO,EXC,AEP,AMT,PLD,SPG,BHP,RIO,VALE,FCX",GOOGL,600,1,BUY,1,BUY,1.0,BUY,True,True,True,0.0,0.0,0.0,0.0,force_buy,strong_trend
LSTM_rolling_All_BB,LSTM_rolling,BB,"GOOGL,AMZN,AAPL,PEP,JNJ,PFE,MRK,ABBV,PG,KO,WMT,JPM,BAC,GS,V,XOM,CVX,COP,BP,BA,MMM,HON,GE,T,VZ,TMUS,HSY,DUK,SO,EXC,AEP,AMT,PLD,SPG,BHP,RIO,VALE,FCX",GOOGL,600,-1,SELL,1,BUY,,NA,False,False,True,,,,,force_sell,strong_trend
LSTM_rolling_All_BB,LSTM_rolling,BB,"GOOGL,AMZN,AAPL,PEP,JNJ,PFE,MRK,ABBV,PG,KO,WMT,JPM,BAC,GS,V,XOM,CVX,COP,BP,BA,MMM,HON,GE,T,VZ,TMUS,HSY,DUK,SO,EXC,AEP,AMT,PLD,SPG,BHP,RIO,VALE,FCX",GOOGL,607,1,BUY,1,BUY,1.0,BUY,True,True,True,0.0,0.0,0.0,0.0,force_buy,strong_trend
LSTM_rolling_All_BB,LSTM_rolling,BB,"GOOGL,AMZN,AAPL,PEP,JNJ,PFE,MRK,ABBV,PG,KO,WMT,JPM,BAC,GS,V,XOM,CVX,COP,BP,BA,MMM,HON,GE,T,VZ,TMUS,HSY,DUK,SO,EXC,AEP,AMT,PLD,SPG,BHP,RIO,VALE,FCX",GOOGL,607,-1,SELL,1,BUY,,NA,False,False,True,,,,,force_sell,strong_trend
LSTM_rolling_All_BB,LSTM_rolling,BB,"GOOGL,AMZN,AAPL,PEP,JNJ,PFE,MRK,ABBV,PG,KO,WMT,JPM,BAC,GS,V,XOM,CVX,COP,BP,BA,MMM,HON,GE,T,VZ,TMUS,HSY,DUK,SO,EXC,AEP,AMT,PLD,SPG,BHP,RIO,VALE,FCX",GOOGL,608,1,BUY,1,BUY,1.0,BUY,True,True,True,0.0,0.0,0.0,0.0,force_buy,strong_trend
LSTM_rolling_All_BB,LSTM_rolling,BB,"GOOGL,AMZN,AAPL,PEP,JNJ,PFE,MRK,ABBV,PG,KO,WMT,JPM,BAC,GS,V,XOM,CVX,COP,BP,BA,MMM,HON,GE,T,VZ,TMUS,HSY,DUK,SO,EXC,AEP,AMT,PLD,SPG,BHP,RIO,VALE,FCX",GOOGL,608,-1,SELL,1,BUY,,NA,False,False,True,,,,,force_sell,strong_trend
LSTM_rolling_All_BB,LSTM_rolling,BB,"GOOGL,AMZN,AAPL,PEP,JNJ,PFE,MRK,ABBV,PG,KO,WMT,JPM,BAC,GS,V,XOM,CVX,COP,BP,BA,MMM,HON,GE,T,VZ,TMUS,HSY,DUK,SO,EXC,AEP,AMT,PLD,SPG,BHP,RIO,VALE,FCX",GOOGL,609,1,BUY,1,BUY,1.0,BUY,True,True,True,0.0,0.0,0.0,0.0,force_buy,strong_trend
LSTM_rolling_All_BB,LSTM_rolling,BB,"GOOGL,AMZN,AAPL,PEP,JNJ,PFE,MRK,ABBV,PG,KO,WMT,JPM,BAC,GS,V,XOM,CVX,COP,BP,BA,MMM,HON,GE,T,VZ,TMUS,HSY,DUK,SO,EXC,AEP,AMT,PLD,SPG,BHP,RIO,VALE,FCX",GOOGL,609,-1,SELL,1,BUY,,NA,False,False,True,,,,,force_sell,strong_trend
LSTM_rolling_All_BB,LSTM_rolling,BB,"GOOGL,AMZN,AAPL,PEP,JNJ,PFE,MRK,ABBV,PG,KO,WMT,JPM,BAC,GS,V,XOM,CVX,COP,BP,BA,MMM,HON,GE,T,VZ,TMUS,HSY,DUK,SO,EXC,AEP,AMT,PLD,SPG,BHP,RIO,VALE,FCX",GOOGL,57,1,BUY,1,BUY,1.0,BUY,True,True,True,0.0,0.0,0.0,0.0,force_buy,weak_trend
LSTM_rolling_All_BB,LSTM_rolling,BB,"GOOGL,AMZN,AAPL,PEP,JNJ,PFE,MRK,ABBV,PG,KO,WMT,JPM,BAC,GS,V,XOM,CVX,COP,BP,BA,MMM,HON,GE,T,VZ,TMUS,HSY,DUK,SO,EXC,AEP,AMT,PLD,SPG,BHP,RIO,VALE,FCX",GOOGL,57,-1,SELL,1,BUY,,NA,False,False,True,,,,,force_sell,weak_trend
LSTM_rolling_All_BB,LSTM_rolling,BB,"GOOGL,AMZN,AAPL,PEP,JNJ,PFE,MRK,ABBV,PG,KO,WMT,JPM,BAC,GS,V,XOM,CVX,COP,BP,BA,MMM,HON,GE,T,VZ,TMUS,HSY,DUK,SO,EXC,AEP,AMT,PLD,SPG,BHP,RIO,VALE,FCX",GOOGL,91,1,BUY,1,BUY,1.0,BUY,True,True,True,0.0,0.0,0.0,0.0,force_buy,weak_trend
LSTM_rolling_All_BB,LSTM_rolling,BB,"GOOGL,AMZN,AAPL,PEP,JNJ,PFE,MRK,ABBV,PG,KO,WMT,JPM,BAC,GS,V,XOM,CVX,COP,BP,BA,MMM,HON,GE,T,VZ,TMUS,HSY,DUK,SO,EXC,AEP,AMT,PLD,SPG,BHP,RIO,VALE,FCX",GOOGL,91,-1,SELL,1,BUY,,NA,False,False,True,,,,,force_sell,weak_trend
LSTM_rolling_All_BB,LSTM_rolling,BB,"GOOGL,AMZN,AAPL,PEP,JNJ,PFE,MRK,ABBV,PG,KO,WMT,JPM,BAC,GS,V,XOM,CVX,COP,BP,BA,MMM,HON,GE,T,VZ,TMUS,HSY,DUK,SO,EXC,AEP,AMT,PLD,SPG,BHP,RIO,VALE,FCX",GOOGL,92,1,BUY,1,BUY,1.0,BUY,True,True,True,0.0,0.0,0.0,0.0,force_buy,weak_trend
LSTM_rolling_All_BB,LSTM_rolling,BB,"GOOGL,AMZN,AAPL,PEP,JNJ,PFE,MRK,ABBV,PG,KO,WMT,JPM,BAC,GS,V,XOM,CVX,COP,BP,BA,MMM,HON,GE,T,VZ,TMUS,HSY,DUK,SO,EXC,AEP,AMT,PLD,SPG,BHP,RIO,VALE,FCX",GOOGL,92,-1,SELL,1,BUY,,NA,False,False,True,,,,,force_sell,weak_trend
LSTM_rolling_All_BB,LSTM_rolling,BB,"GOOGL,AMZN,AAPL,PEP,JNJ,PFE,MRK,ABBV,PG,KO,WMT,JPM,BAC,GS,V,XOM,CVX,COP,BP,BA,MMM,HON,GE,T,VZ,TMUS,HSY,DUK,SO,EXC,AEP,AMT,PLD,SPG,BHP,RIO,VALE,FCX",GOOGL,101,1,BUY,1,BUY,1.0,BUY,True,True,True,0.0,0.0,0.0,0.0,force_buy,weak_trend
LSTM_rolling_All_BB,LSTM_rolling,BB,"GOOGL,AMZN,AAPL,PEP,JNJ,PFE,MRK,ABBV,PG,KO,WMT,JPM,BAC,GS,V,XOM,CVX,COP,BP,BA,MMM,HON,GE,T,VZ,TMUS,HSY,DUK,SO,EXC,AEP,AMT,PLD,SPG,BHP,RIO,VALE,FCX",GOOGL,101,-1,SELL,1,BUY,,NA,False,False,True,,,,,force_sell,weak_trend
LSTM_rolling_All_BB,LSTM_rolling,BB,"GOOGL,AMZN,AAPL,PEP,JNJ,PFE,MRK,ABBV,PG,KO,WMT,JPM,BAC,GS,V,XOM,CVX,COP,BP,BA,MMM,HON,GE,T,VZ,TMUS,HSY,DUK,SO,EXC,AEP,AMT,PLD,SPG,BHP,RIO,VALE,FCX",GOOGL,226,1,BUY,1,BUY,1.0,BUY,True,True,True,0.0,0.0,0.0,0.0,force_buy,weak_trend
LSTM_rolling_All_BB,LSTM_rolling,BB,"GOOGL,AMZN,AAPL,PEP,JNJ,PFE,MRK,ABBV,PG,KO,WMT,JPM,BAC,GS,V,XOM,CVX,COP,BP,BA,MMM,HON,GE,T,VZ,TMUS,HSY,DUK,SO,EXC,AEP,AMT,PLD,SPG,BHP,RIO,VALE,FCX",GOOGL,226,-1,SELL,1,BUY,,NA,False,False,True,,,,,force_sell,weak_trend
LSTM_rolling_All_BB,LSTM_rolling,BB,"GOOGL,AMZN,AAPL,PEP,JNJ,PFE,MRK,ABBV,PG,KO,WMT,JPM,BAC,GS,V,XOM,CVX,COP,BP,BA,MMM,HON,GE,T,VZ,TMUS,HSY,DUK,SO,EXC,AEP,AMT,PLD,SPG,BHP,RIO,VALE,FCX",GOOGL,285,1,BUY,1,BUY,1.0,BUY,True,True,True,0.0,0.0,0.0,0.0,force_buy,weak_trend
LSTM_rolling_All_BB,LSTM_rolling,BB,"GOOGL,AMZN,AAPL,PEP,JNJ,PFE,MRK,ABBV,PG,KO,WMT,JPM,BAC,GS,V,XOM,CVX,COP,BP,BA,MMM,HON,GE,T,VZ,TMUS,HSY,DUK,SO,EXC,AEP,AMT,PLD,SPG,BHP,RIO,VALE,FCX",GOOGL,285,-1,SELL,1,BUY,,NA,False,False,True,,,,,force_sell,weak_trend
LSTM_rolling_All_BB,LSTM_rolling,BB,"GOOGL,AMZN,AAPL,PEP,JNJ,PFE,MRK,ABBV,PG,KO,WMT,JPM,BAC,GS,V,XOM,CVX,COP,BP,BA,MMM,HON,GE,T,VZ,TMUS,HSY,DUK,SO,EXC,AEP,AMT,PLD,SPG,BHP,RIO,VALE,FCX",GOOGL,369,1,BUY,0,HOLD,,NA,False,False,True,,,,,force_buy,weak_trend
LSTM_rolling_All_BB,LSTM_rolling,BB,"GOOGL,AMZN,AAPL,PEP,JNJ,PFE,MRK,ABBV,PG,KO,WMT,JPM,BAC,GS,V,XOM,CVX,COP,BP,BA,MMM,HON,GE,T,VZ,TMUS,HSY,DUK,SO,EXC,AEP,AMT,PLD,SPG,BHP,RIO,VALE,FCX",GOOGL,369,-1,SELL,0,HOLD,,NA,False,False,True,,,,,force_sell,weak_trend
LSTM_rolling_All_BB,LSTM_rolling,BB,"GOOGL,AMZN,AAPL,PEP,JNJ,PFE,MRK,ABBV,PG,KO,WMT,JPM,BAC,GS,V,XOM,CVX,COP,BP,BA,MMM,HON,GE,T,VZ,TMUS,HSY,DUK,SO,EXC,AEP,AMT,PLD,SPG,BHP,RIO,VALE,FCX",GOOGL,453,1,BUY,0,HOLD,,NA,False,False,True,,,,,force_buy,weak_trend
LSTM_rolling_All_BB,LSTM_rolling,BB,"GOOGL,AMZN,AAPL,PEP,JNJ,PFE,MRK,ABBV,PG,KO,WMT,JPM,BAC,GS,V,XOM,CVX,COP,BP,BA,MMM,HON,GE,T,VZ,TMUS,HSY,DUK,SO,EXC,AEP,AMT,PLD,SPG,BHP,RIO,VALE,FCX",GOOGL,453,-1,SELL,0,HOLD,,NA,False,False,True,,,,,force_sell,weak_trend
LSTM_rolling_All_BB,LSTM_rolling,BB,"GOOGL,AMZN,AAPL,PEP,JNJ,PFE,MRK,ABBV,PG,KO,WMT,JPM,BAC,GS,V,XOM,CVX,COP,BP,BA,MMM,HON,GE,T,VZ,TMUS,HSY,DUK,SO,EXC,AEP,AMT,PLD,SPG,BHP,RIO,VALE,FCX",GOOGL,469,1,BUY,0,HOLD,,NA,False,False,True,,,,,force_buy,weak_trend
LSTM_rolling_All_BB,LSTM_rolling,BB,"GOOGL,AMZN,AAPL,PEP,JNJ,PFE,MRK,ABBV,PG,KO,WMT,JPM,BAC,GS,V,XOM,CVX,COP,BP,BA,MMM,HON,GE,T,VZ,TMUS,HSY,DUK,SO,EXC,AEP,AMT,PLD,SPG,BHP,RIO,VALE,FCX",GOOGL,469,-1,SELL,0,HOLD,,NA,False,False,True,,,,,force_sell,weak_trend
LSTM_rolling_All_BB,LSTM_rolling,BB,"GOOGL,AMZN,AAPL,PEP,JNJ,PFE,MRK,ABBV,PG,KO,WMT,JPM,BAC,GS,V,XOM,CVX,COP,BP,BA,MMM,HON,GE,T,VZ,TMUS,HSY,DUK,SO,EXC,AEP,AMT,PLD,SPG,BHP,RIO,VALE,FCX",GOOGL,490,1,BUY,0,HOLD,,NA,False,False,True,,,,,force_buy,weak_trend
LSTM_rolling_All_BB,LSTM_rolling,BB,"GOOGL,AMZN,AAPL,PEP,JNJ,PFE,MRK,ABBV,PG,KO,WMT,JPM,BAC,GS,V,XOM,CVX,COP,BP,BA,MMM,HON,GE,T,VZ,TMUS,HSY,DUK,SO,EXC,AEP,AMT,PLD,SPG,BHP,RIO,VALE,FCX",GOOGL,490,-1,SELL,0,HOLD,,NA,False,False,True,,,,,force_sell,weak_trend
LSTM_rolling_All_BB,LSTM_rolling,BB,"GOOGL,AMZN,AAPL,PEP,JNJ,PFE,MRK,ABBV,PG,KO,WMT,JPM,BAC,GS,V,XOM,CVX,COP,BP,BA,MMM,HON,GE,T,VZ,TMUS,HSY,DUK,SO,EXC,AEP,AMT,PLD,SPG,BHP,RIO,VALE,FCX",GOOGL,578,1,BUY,0,HOLD,,NA,False,False,True,,,,,force_buy,weak_trend
LSTM_rolling_All_BB,LSTM_rolling,BB,"GOOGL,AMZN,AAPL,PEP,JNJ,PFE,MRK,ABBV,PG,KO,WMT,JPM,BAC,GS,V,XOM,CVX,COP,BP,BA,MMM,HON,GE,T,VZ,TMUS,HSY,DUK,SO,EXC,AEP,AMT,PLD,SPG,BHP,RIO,VALE,FCX",GOOGL,578,-1,SELL,0,HOLD,,NA,False,False,True,,,,,force_sell,weak_trend
LSTM_rolling_All_BB,LSTM_rolling,BB,"GOOGL,AMZN,AAPL,PEP,JNJ,PFE,MRK,ABBV,PG,KO,WMT,JPM,BAC,GS,V,XOM,CVX,COP,BP,BA,MMM,HON,GE,T,VZ,TMUS,HSY,DUK,SO,EXC,AEP,AMT,PLD,SPG,BHP,RIO,VALE,FCX",GOOGL,637,1,BUY,0,HOLD,,NA,False,False,True,,,,,force_buy,weak_trend
LSTM_rolling_All_BB,LSTM_rolling,BB,"GOOGL,AMZN,AAPL,PEP,JNJ,PFE,MRK,ABBV,PG,KO,WMT,JPM,BAC,GS,V,XOM,CVX,COP,BP,BA,MMM,HON,GE,T,VZ,TMUS,HSY,DUK,SO,EXC,AEP,AMT,PLD,SPG,BHP,RIO,VALE,FCX",GOOGL,637,-1,SELL,0,HOLD,,NA,False,False,True,,,,,force_sell,weak_trend
LSTM_rolling_All_BB,LSTM_rolling,BB,"GOOGL,AMZN,AAPL,PEP,JNJ,PFE,MRK,ABBV,PG,KO,WMT,JPM,BAC,GS,V,XOM,CVX,COP,BP,BA,MMM,HON,GE,T,VZ,TMUS,HSY,DUK,SO,EXC,AEP,AMT,PLD,SPG,BHP,RIO,VALE,FCX",GOOGL,58,1,BUY,1,BUY,1.0,BUY,True,True,True,0.0,0.0,0.0,0.0,force_buy,near_strategy_boundary
LSTM_rolling_All_BB,LSTM_rolling,BB,"GOOGL,AMZN,AAPL,PEP,JNJ,PFE,MRK,ABBV,PG,KO,WMT,JPM,BAC,GS,V,XOM,CVX,COP,BP,BA,MMM,HON,GE,T,VZ,TMUS,HSY,DUK,SO,EXC,AEP,AMT,PLD,SPG,BHP,RIO,VALE,FCX",GOOGL,58,-1,SELL,1,BUY,,NA,False,False,True,,,,,force_sell,near_strategy_boundary
LSTM_rolling_All_BB,LSTM_rolling,BB,"GOOGL,AMZN,AAPL,PEP,JNJ,PFE,MRK,ABBV,PG,KO,WMT,JPM,BAC,GS,V,XOM,CVX,COP,BP,BA,MMM,HON,GE,T,VZ,TMUS,HSY,DUK,SO,EXC,AEP,AMT,PLD,SPG,BHP,RIO,VALE,FCX",GOOGL,126,1,BUY,1,BUY,1.0,BUY,True,True,True,0.0,0.0,0.0,0.0,force_buy,near_strategy_boundary
LSTM_rolling_All_BB,LSTM_rolling,BB,"GOOGL,AMZN,AAPL,PEP,JNJ,PFE,MRK,ABBV,PG,KO,WMT,JPM,BAC,GS,V,XOM,CVX,COP,BP,BA,MMM,HON,GE,T,VZ,TMUS,HSY,DUK,SO,EXC,AEP,AMT,PLD,SPG,BHP,RIO,VALE,FCX",GOOGL,126,-1,SELL,1,BUY,,NA,False,False,True,,,,,force_sell,near_strategy_boundary
LSTM_rolling_All_BB,LSTM_rolling,BB,"GOOGL,AMZN,AAPL,PEP,JNJ,PFE,MRK,ABBV,PG,KO,WMT,JPM,BAC,GS,V,XOM,CVX,COP,BP,BA,MMM,HON,GE,T,VZ,TMUS,HSY,DUK,SO,EXC,AEP,AMT,PLD,SPG,BHP,RIO,VALE,FCX",GOOGL,210,1,BUY,1,BUY,1.0,BUY,True,True,True,0.0,0.0,0.0,0.0,force_buy,near_strategy_boundary
LSTM_rolling_All_BB,LSTM_rolling,BB,"GOOGL,AMZN,AAPL,PEP,JNJ,PFE,MRK,ABBV,PG,KO,WMT,JPM,BAC,GS,V,XOM,CVX,COP,BP,BA,MMM,HON,GE,T,VZ,TMUS,HSY,DUK,SO,EXC,AEP,AMT,PLD,SPG,BHP,RIO,VALE,FCX",GOOGL,210,-1,SELL,1,BUY,,NA,False,False,True,,,,,force_sell,near_strategy_boundary
LSTM_rolling_All_BB,LSTM_rolling,BB,"GOOGL,AMZN,AAPL,PEP,JNJ,PFE,MRK,ABBV,PG,KO,WMT,JPM,BAC,GS,V,XOM,CVX,COP,BP,BA,MMM,HON,GE,T,VZ,TMUS,HSY,DUK,SO,EXC,AEP,AMT,PLD,SPG,BHP,RIO,VALE,FCX",GOOGL,230,1,BUY,1,BUY,1.0,BUY,True,True,True,0.0,0.0,0.0,0.0,force_buy,near_strategy_boundary
LSTM_rolling_All_BB,LSTM_rolling,BB,"GOOGL,AMZN,AAPL,PEP,JNJ,PFE,MRK,ABBV,PG,KO,WMT,JPM,BAC,GS,V,XOM,CVX,COP,BP,BA,MMM,HON,GE,T,VZ,TMUS,HSY,DUK,SO,EXC,AEP,AMT,PLD,SPG,BHP,RIO,VALE,FCX",GOOGL,230,-1,SELL,1,BUY,,NA,False,False,True,,,,,force_sell,near_strategy_boundary
LSTM_rolling_All_BB,LSTM_rolling,BB,"GOOGL,AMZN,AAPL,PEP,JNJ,PFE,MRK,ABBV,PG,KO,WMT,JPM,BAC,GS,V,XOM,CVX,COP,BP,BA,MMM,HON,GE,T,VZ,TMUS,HSY,DUK,SO,EXC,AEP,AMT,PLD,SPG,BHP,RIO,VALE,FCX",GOOGL,258,1,BUY,0,HOLD,,NA,False,False,True,,,,,force_buy,near_strategy_boundary
LSTM_rolling_All_BB,LSTM_rolling,BB,"GOOGL,AMZN,AAPL,PEP,JNJ,PFE,MRK,ABBV,PG,KO,WMT,JPM,BAC,GS,V,XOM,CVX,COP,BP,BA,MMM,HON,GE,T,VZ,TMUS,HSY,DUK,SO,EXC,AEP,AMT,PLD,SPG,BHP,RIO,VALE,FCX",GOOGL,258,-1,SELL,0,HOLD,,NA,False,False,True,,,,,force_sell,near_strategy_boundary
LSTM_rolling_All_BB,LSTM_rolling,BB,"GOOGL,AMZN,AAPL,PEP,JNJ,PFE,MRK,ABBV,PG,KO,WMT,JPM,BAC,GS,V,XOM,CVX,COP,BP,BA,MMM,HON,GE,T,VZ,TMUS,HSY,DUK,SO,EXC,AEP,AMT,PLD,SPG,BHP,RIO,VALE,FCX",GOOGL,307,1,BUY,1,BUY,1.0,BUY,True,True,True,0.0,0.0,0.0,0.0,force_buy,near_strategy_boundary
LSTM_rolling_All_BB,LSTM_rolling,BB,"GOOGL,AMZN,AAPL,PEP,JNJ,PFE,MRK,ABBV,PG,KO,WMT,JPM,BAC,GS,V,XOM,CVX,COP,BP,BA,MMM,HON,GE,T,VZ,TMUS,HSY,DUK,SO,EXC,AEP,AMT,PLD,SPG,BHP,RIO,VALE,FCX",GOOGL,307,-1,SELL,1,BUY,,NA,False,False,True,,,,,force_sell,near_strategy_boundary
LSTM_rolling_All_BB,LSTM_rolling,BB,"GOOGL,AMZN,AAPL,PEP,JNJ,PFE,MRK,ABBV,PG,KO,WMT,JPM,BAC,GS,V,XOM,CVX,COP,BP,BA,MMM,HON,GE,T,VZ,TMUS,HSY,DUK,SO,EXC,AEP,AMT,PLD,SPG,BHP,RIO,VALE,FCX",GOOGL,325,1,BUY,0,HOLD,,NA,False,False,True,,,,,force_buy,near_strategy_boundary
LSTM_rolling_All_BB,LSTM_rolling,BB,"GOOGL,AMZN,AAPL,PEP,JNJ,PFE,MRK,ABBV,PG,KO,WMT,JPM,BAC,GS,V,XOM,CVX,COP,BP,BA,MMM,HON,GE,T,VZ,TMUS,HSY,DUK,SO,EXC,AEP,AMT,PLD,SPG,BHP,RIO,VALE,FCX",GOOGL,325,-1,SELL,0,HOLD,,NA,False,False,True,,,,,force_sell,near_strategy_boundary
LSTM_rolling_All_BB,LSTM_rolling,BB,"GOOGL,AMZN,AAPL,PEP,JNJ,PFE,MRK,ABBV,PG,KO,WMT,JPM,BAC,GS,V,XOM,CVX,COP,BP,BA,MMM,HON,GE,T,VZ,TMUS,HSY,DUK,SO,EXC,AEP,AMT,PLD,SPG,BHP,RIO,VALE,FCX",GOOGL,393,1,BUY,0,HOLD,,NA,False,False,True,,,,,force_buy,near_strategy_boundary
LSTM_rolling_All_BB,LSTM_rolling,BB,"GOOGL,AMZN,AAPL,PEP,JNJ,PFE,MRK,ABBV,PG,KO,WMT,JPM,BAC,GS,V,XOM,CVX,COP,BP,BA,MMM,HON,GE,T,VZ,TMUS,HSY,DUK,SO,EXC,AEP,AMT,PLD,SPG,BHP,RIO,VALE,FCX",GOOGL,393,-1,SELL,0,HOLD,,NA,False,False,True,,,,,force_sell,near_strategy_boundary
LSTM_rolling_All_BB,LSTM_rolling,BB,"GOOGL,AMZN,AAPL,PEP,JNJ,PFE,MRK,ABBV,PG,KO,WMT,JPM,BAC,GS,V,XOM,CVX,COP,BP,BA,MMM,HON,GE,T,VZ,TMUS,HSY,DUK,SO,EXC,AEP,AMT,PLD,SPG,BHP,RIO,VALE,FCX",GOOGL,420,1,BUY,0,HOLD,,NA,False,False,True,,,,,force_buy,near_strategy_boundary
LSTM_rolling_All_BB,LSTM_rolling,BB,"GOOGL,AMZN,AAPL,PEP,JNJ,PFE,MRK,ABBV,PG,KO,WMT,JPM,BAC,GS,V,XOM,CVX,COP,BP,BA,MMM,HON,GE,T,VZ,TMUS,HSY,DUK,SO,EXC,AEP,AMT,PLD,SPG,BHP,RIO,VALE,FCX",GOOGL,420,-1,SELL,0,HOLD,,NA,False,False,True,,,,,force_sell,near_strategy_boundary
LSTM_rolling_All_BB,LSTM_rolling,BB,"GOOGL,AMZN,AAPL,PEP,JNJ,PFE,MRK,ABBV,PG,KO,WMT,JPM,BAC,GS,V,XOM,CVX,COP,BP,BA,MMM,HON,GE,T,VZ,TMUS,HSY,DUK,SO,EXC,AEP,AMT,PLD,SPG,BHP,RIO,VALE,FCX",GOOGL,498,1,BUY,0,HOLD,,NA,False,False,True,,,,,force_buy,near_strategy_boundary
LSTM_rolling_All_BB,LSTM_rolling,BB,"GOOGL,AMZN,AAPL,PEP,JNJ,PFE,MRK,ABBV,PG,KO,WMT,JPM,BAC,GS,V,XOM,CVX,COP,BP,BA,MMM,HON,GE,T,VZ,TMUS,HSY,DUK,SO,EXC,AEP,AMT,PLD,SPG,BHP,RIO,VALE,FCX",GOOGL,498,-1,SELL,0,HOLD,,NA,False,False,True,,,,,force_sell,near_strategy_boundary
LSTM_rolling_All_BB,LSTM_rolling,BB,"GOOGL,AMZN,AAPL,PEP,JNJ,PFE,MRK,ABBV,PG,KO,WMT,JPM,BAC,GS,V,XOM,CVX,COP,BP,BA,MMM,HON,GE,T,VZ,TMUS,HSY,DUK,SO,EXC,AEP,AMT,PLD,SPG,BHP,RIO,VALE,FCX",GOOGL,600,1,BUY,1,BUY,1.0,BUY,True,True,True,0.0,0.0,0.0,0.0,force_buy,near_strategy_boundary
LSTM_rolling_All_BB,LSTM_rolling,BB,"GOOGL,AMZN,AAPL,PEP,JNJ,PFE,MRK,ABBV,PG,KO,WMT,JPM,BAC,GS,V,XOM,CVX,COP,BP,BA,MMM,HON,GE,T,VZ,TMUS,HSY,DUK,SO,EXC,AEP,AMT,PLD,SPG,BHP,RIO,VALE,FCX",GOOGL,600,-1,SELL,1,BUY,,NA,False,False,True,,,,,force_sell,near_strategy_boundary
LSTM_rolling_All_BB,LSTM_rolling,BB,"GOOGL,AMZN,AAPL,PEP,JNJ,PFE,MRK,ABBV,PG,KO,WMT,JPM,BAC,GS,V,XOM,CVX,COP,BP,BA,MMM,HON,GE,T,VZ,TMUS,HSY,DUK,SO,EXC,AEP,AMT,PLD,SPG,BHP,RIO,VALE,FCX",GOOGL,673,1,BUY,1,BUY,1.0,BUY,True,True,True,0.0,0.0,0.0,0.0,force_buy,near_strategy_boundary
LSTM_rolling_All_BB,LSTM_rolling,BB,"GOOGL,AMZN,AAPL,PEP,JNJ,PFE,MRK,ABBV,PG,KO,WMT,JPM,BAC,GS,V,XOM,CVX,COP,BP,BA,MMM,HON,GE,T,VZ,TMUS,HSY,DUK,SO,EXC,AEP,AMT,PLD,SPG,BHP,RIO,VALE,FCX",GOOGL,673,-1,SELL,1,BUY,,NA,False,False,True,,,,,force_sell,near_strategy_boundary
LSTM_cumulative_All_BB,LSTM_cumulative,BB,"GOOGL,AMZN,AAPL,PEP,JNJ,PFE,MRK,ABBV,PG,KO,WMT,JPM,BAC,GS,V,XOM,CVX,COP,BP,BA,MMM,HON,GE,T,VZ,TMUS,HSY,DUK,SO,EXC,AEP,AMT,PLD,SPG,BHP,RIO,VALE,FCX",GOOGL,30,1,BUY,1,BUY,1.0,BUY,True,True,True,0.0,0.0,0.0,0.0,force_buy,uniform
LSTM_cumulative_All_BB,LSTM_cumulative,BB,"GOOGL,AMZN,AAPL,PEP,JNJ,PFE,MRK,ABBV,PG,KO,WMT,JPM,BAC,GS,V,XOM,CVX,COP,BP,BA,MMM,HON,GE,T,VZ,TMUS,HSY,DUK,SO,EXC,AEP,AMT,PLD,SPG,BHP,RIO,VALE,FCX",GOOGL,30,-1,SELL,1,BUY,,NA,False,False,True,,,,,force_sell,uniform
LSTM_cumulative_All_BB,LSTM_cumulative,BB,"GOOGL,AMZN,AAPL,PEP,JNJ,PFE,MRK,ABBV,PG,KO,WMT,JPM,BAC,GS,V,XOM,CVX,COP,BP,BA,MMM,HON,GE,T,VZ,TMUS,HSY,DUK,SO,EXC,AEP,AMT,PLD,SPG,BHP,RIO,VALE,FCX",GOOGL,90,1,BUY,0,HOLD,,NA,False,False,True,,,,,force_buy,uniform
LSTM_cumulative_All_BB,LSTM_cumulative,BB,"GOOGL,AMZN,AAPL,PEP,JNJ,PFE,MRK,ABBV,PG,KO,WMT,JPM,BAC,GS,V,XOM,CVX,COP,BP,BA,MMM,HON,GE,T,VZ,TMUS,HSY,DUK,SO,EXC,AEP,AMT,PLD,SPG,BHP,RIO,VALE,FCX",GOOGL,90,-1,SELL,0,HOLD,,NA,False,False,True,,,,,force_sell,uniform
LSTM_cumulative_All_BB,LSTM_cumulative,BB,"GOOGL,AMZN,AAPL,PEP,JNJ,PFE,MRK,ABBV,PG,KO,WMT,JPM,BAC,GS,V,XOM,CVX,COP,BP,BA,MMM,HON,GE,T,VZ,TMUS,HSY,DUK,SO,EXC,AEP,AMT,PLD,SPG,BHP,RIO,VALE,FCX",GOOGL,149,1,BUY,0,HOLD,,NA,False,False,True,,,,,force_buy,uniform
LSTM_cumulative_All_BB,LSTM_cumulative,BB,"GOOGL,AMZN,AAPL,PEP,JNJ,PFE,MRK,ABBV,PG,KO,WMT,JPM,BAC,GS,V,XOM,CVX,COP,BP,BA,MMM,HON,GE,T,VZ,TMUS,HSY,DUK,SO,EXC,AEP,AMT,PLD,SPG,BHP,RIO,VALE,FCX",GOOGL,149,-1,SELL,0,HOLD,,NA,False,False,True,,,,,force_sell,uniform
LSTM_cumulative_All_BB,LSTM_cumulative,BB,"GOOGL,AMZN,AAPL,PEP,JNJ,PFE,MRK,ABBV,PG,KO,WMT,JPM,BAC,GS,V,XOM,CVX,COP,BP,BA,MMM,HON,GE,T,VZ,TMUS,HSY,DUK,SO,EXC,AEP,AMT,PLD,SPG,BHP,RIO,VALE,FCX",GOOGL,209,1,BUY,0,HOLD,,NA,False,False,True,,,,,force_buy,uniform
LSTM_cumulative_All_BB,LSTM_cumulative,BB,"GOOGL,AMZN,AAPL,PEP,JNJ,PFE,MRK,ABBV,PG,KO,WMT,JPM,BAC,GS,V,XOM,CVX,COP,BP,BA,MMM,HON,GE,T,VZ,TMUS,HSY,DUK,SO,EXC,AEP,AMT,PLD,SPG,BHP,RIO,VALE,FCX",GOOGL,209,-1,SELL,0,HOLD,,NA,False,False,True,,,,,force_sell,uniform
LSTM_cumulative_All_BB,LSTM_cumulative,BB,"GOOGL,AMZN,AAPL,PEP,JNJ,PFE,MRK,ABBV,PG,KO,WMT,JPM,BAC,GS,V,XOM,CVX,COP,BP,BA,MMM,HON,GE,T,VZ,TMUS,HSY,DUK,SO,EXC,AEP,AMT,PLD,SPG,BHP,RIO,VALE,FCX",GOOGL,268,1,BUY,0,HOLD,,NA,False,False,True,,,,,force_buy,uniform
LSTM_cumulative_All_BB,LSTM_cumulative,BB,"GOOGL,AMZN,AAPL,PEP,JNJ,PFE,MRK,ABBV,PG,KO,WMT,JPM,BAC,GS,V,XOM,CVX,COP,BP,BA,MMM,HON,GE,T,VZ,TMUS,HSY,DUK,SO,EXC,AEP,AMT,PLD,SPG,BHP,RIO,VALE,FCX",GOOGL,268,-1,SELL,0,HOLD,,NA,False,False,True,,,,,force_sell,uniform
LSTM_cumulative_All_BB,LSTM_cumulative,BB,"GOOGL,AMZN,AAPL,PEP,JNJ,PFE,MRK,ABBV,PG,KO,WMT,JPM,BAC,GS,V,XOM,CVX,COP,BP,BA,MMM,HON,GE,T,VZ,TMUS,HSY,DUK,SO,EXC,AEP,AMT,PLD,SPG,BHP,RIO,VALE,FCX",GOOGL,328,1,BUY,0,HOLD,,NA,False,False,True,,,,,force_buy,uniform
LSTM_cumulative_All_BB,LSTM_cumulative,BB,"GOOGL,AMZN,AAPL,PEP,JNJ,PFE,MRK,ABBV,PG,KO,WMT,JPM,BAC,GS,V,XOM,CVX,COP,BP,BA,MMM,HON,GE,T,VZ,TMUS,HSY,DUK,SO,EXC,AEP,AMT,PLD,SPG,BHP,RIO,VALE,FCX",GOOGL,328,-1,SELL,0,HOLD,,NA,False,False,True,,,,,force_sell,uniform
LSTM_cumulative_All_BB,LSTM_cumulative,BB,"GOOGL,AMZN,AAPL,PEP,JNJ,PFE,MRK,ABBV,PG,KO,WMT,JPM,BAC,GS,V,XOM,CVX,COP,BP,BA,MMM,HON,GE,T,VZ,TMUS,HSY,DUK,SO,EXC,AEP,AMT,PLD,SPG,BHP,RIO,VALE,FCX",GOOGL,387,1,BUY,0,HOLD,,NA,False,False,True,,,,,force_buy,uniform
LSTM_cumulative_All_BB,LSTM_cumulative,BB,"GOOGL,AMZN,AAPL,PEP,JNJ,PFE,MRK,ABBV,PG,KO,WMT,JPM,BAC,GS,V,XOM,CVX,COP,BP,BA,MMM,HON,GE,T,VZ,TMUS,HSY,DUK,SO,EXC,AEP,AMT,PLD,SPG,BHP,RIO,VALE,FCX",GOOGL,387,-1,SELL,0,HOLD,,NA,False,False,True,,,,,force_sell,uniform
LSTM_cumulative_All_BB,LSTM_cumulative,BB,"GOOGL,AMZN,AAPL,PEP,JNJ,PFE,MRK,ABBV,PG,KO,WMT,JPM,BAC,GS,V,XOM,CVX,COP,BP,BA,MMM,HON,GE,T,VZ,TMUS,HSY,DUK,SO,EXC,AEP,AMT,PLD,SPG,BHP,RIO,VALE,FCX",GOOGL,447,1,BUY,0,HOLD,,NA,False,False,True,,,,,force_buy,uniform
LSTM_cumulative_All_BB,LSTM_cumulative,BB,"GOOGL,AMZN,AAPL,PEP,JNJ,PFE,MRK,ABBV,PG,KO,WMT,JPM,BAC,GS,V,XOM,CVX,COP,BP,BA,MMM,HON,GE,T,VZ,TMUS,HSY,DUK,SO,EXC,AEP,AMT,PLD,SPG,BHP,RIO,VALE,FCX",GOOGL,447,-1,SELL,0,HOLD,,NA,False,False,True,,,,,force_sell,uniform
LSTM_cumulative_All_BB,LSTM_cumulative,BB,"GOOGL,AMZN,AAPL,PEP,JNJ,PFE,MRK,ABBV,PG,KO,WMT,JPM,BAC,GS,V,XOM,CVX,COP,BP,BA,MMM,HON,GE,T,VZ,TMUS,HSY,DUK,SO,EXC,AEP,AMT,PLD,SPG,BHP,RIO,VALE,FCX",GOOGL,506,1,BUY,0,HOLD,,NA,False,False,True,,,,,force_buy,uniform
LSTM_cumulative_All_BB,LSTM_cumulative,BB,"GOOGL,AMZN,AAPL,PEP,JNJ,PFE,MRK,ABBV,PG,KO,WMT,JPM,BAC,GS,V,XOM,CVX,COP,BP,BA,MMM,HON,GE,T,VZ,TMUS,HSY,DUK,SO,EXC,AEP,AMT,PLD,SPG,BHP,RIO,VALE,FCX",GOOGL,506,-1,SELL,0,HOLD,,NA,False,False,True,,,,,force_sell,uniform
LSTM_cumulative_All_BB,LSTM_cumulative,BB,"GOOGL,AMZN,AAPL,PEP,JNJ,PFE,MRK,ABBV,PG,KO,WMT,JPM,BAC,GS,V,XOM,CVX,COP,BP,BA,MMM,HON,GE,T,VZ,TMUS,HSY,DUK,SO,EXC,AEP,AMT,PLD,SPG,BHP,RIO,VALE,FCX",GOOGL,566,1,BUY,-1,SELL,,NA,False,False,True,,,,,force_buy,uniform
LSTM_cumulative_All_BB,LSTM_cumulative,BB,"GOOGL,AMZN,AAPL,PEP,JNJ,PFE,MRK,ABBV,PG,KO,WMT,JPM,BAC,GS,V,XOM,CVX,COP,BP,BA,MMM,HON,GE,T,VZ,TMUS,HSY,DUK,SO,EXC,AEP,AMT,PLD,SPG,BHP,RIO,VALE,FCX",GOOGL,566,-1,SELL,-1,SELL,-1.0,SELL,True,True,True,0.0,0.0,0.0,0.0,force_sell,uniform
LSTM_cumulative_All_BB,LSTM_cumulative,BB,"GOOGL,AMZN,AAPL,PEP,JNJ,PFE,MRK,ABBV,PG,KO,WMT,JPM,BAC,GS,V,XOM,CVX,COP,BP,BA,MMM,HON,GE,T,VZ,TMUS,HSY,DUK,SO,EXC,AEP,AMT,PLD,SPG,BHP,RIO,VALE,FCX",GOOGL,625,1,BUY,0,HOLD,,NA,False,False,True,,,,,force_buy,uniform
LSTM_cumulative_All_BB,LSTM_cumulative,BB,"GOOGL,AMZN,AAPL,PEP,JNJ,PFE,MRK,ABBV,PG,KO,WMT,JPM,BAC,GS,V,XOM,CVX,COP,BP,BA,MMM,HON,GE,T,VZ,TMUS,HSY,DUK,SO,EXC,AEP,AMT,PLD,SPG,BHP,RIO,VALE,FCX",GOOGL,625,-1,SELL,0,HOLD,,NA,False,False,True,,,,,force_sell,uniform
LSTM_cumulative_All_BB,LSTM_cumulative,BB,"GOOGL,AMZN,AAPL,PEP,JNJ,PFE,MRK,ABBV,PG,KO,WMT,JPM,BAC,GS,V,XOM,CVX,COP,BP,BA,MMM,HON,GE,T,VZ,TMUS,HSY,DUK,SO,EXC,AEP,AMT,PLD,SPG,BHP,RIO,VALE,FCX",GOOGL,685,1,BUY,0,HOLD,,NA,False,False,True,,,,,force_buy,uniform
LSTM_cumulative_All_BB,LSTM_cumulative,BB,"GOOGL,AMZN,AAPL,PEP,JNJ,PFE,MRK,ABBV,PG,KO,WMT,JPM,BAC,GS,V,XOM,CVX,COP,BP,BA,MMM,HON,GE,T,VZ,TMUS,HSY,DUK,SO,EXC,AEP,AMT,PLD,SPG,BHP,RIO,VALE,FCX",GOOGL,685,-1,SELL,0,HOLD,,NA,False,False,True,,,,,force_sell,uniform
LSTM_cumulative_All_BB,LSTM_cumulative,BB,"GOOGL,AMZN,AAPL,PEP,JNJ,PFE,MRK,ABBV,PG,KO,WMT,JPM,BAC,GS,V,XOM,CVX,COP,BP,BA,MMM,HON,GE,T,VZ,TMUS,HSY,DUK,SO,EXC,AEP,AMT,PLD,SPG,BHP,RIO,VALE,FCX",GOOGL,330,1,BUY,0,HOLD,,NA,False,False,True,,,,,force_buy,high_volatility
LSTM_cumulative_All_BB,LSTM_cumulative,BB,"GOOGL,AMZN,AAPL,PEP,JNJ,PFE,MRK,ABBV,PG,KO,WMT,JPM,BAC,GS,V,XOM,CVX,COP,BP,BA,MMM,HON,GE,T,VZ,TMUS,HSY,DUK,SO,EXC,AEP,AMT,PLD,SPG,BHP,RIO,VALE,FCX",GOOGL,330,-1,SELL,0,HOLD,,NA,False,False,True,,,,,force_sell,high_volatility
LSTM_cumulative_All_BB,LSTM_cumulative,BB,"GOOGL,AMZN,AAPL,PEP,JNJ,PFE,MRK,ABBV,PG,KO,WMT,JPM,BAC,GS,V,XOM,CVX,COP,BP,BA,MMM,HON,GE,T,VZ,TMUS,HSY,DUK,SO,EXC,AEP,AMT,PLD,SPG,BHP,RIO,VALE,FCX",GOOGL,331,1,BUY,0,HOLD,,NA,False,False,True,,,,,force_buy,high_volatility
LSTM_cumulative_All_BB,LSTM_cumulative,BB,"GOOGL,AMZN,AAPL,PEP,JNJ,PFE,MRK,ABBV,PG,KO,WMT,JPM,BAC,GS,V,XOM,CVX,COP,BP,BA,MMM,HON,GE,T,VZ,TMUS,HSY,DUK,SO,EXC,AEP,AMT,PLD,SPG,BHP,RIO,VALE,FCX",GOOGL,331,-1,SELL,0,HOLD,,NA,False,False,True,,,,,force_sell,high_volatility
LSTM_cumulative_All_BB,LSTM_cumulative,BB,"GOOGL,AMZN,AAPL,PEP,JNJ,PFE,MRK,ABBV,PG,KO,WMT,JPM,BAC,GS,V,XOM,CVX,COP,BP,BA,MMM,HON,GE,T,VZ,TMUS,HSY,DUK,SO,EXC,AEP,AMT,PLD,SPG,BHP,RIO,VALE,FCX",GOOGL,332,1,BUY,0,HOLD,,NA,False,False,True,,,,,force_buy,high_volatility
LSTM_cumulative_All_BB,LSTM_cumulative,BB,"GOOGL,AMZN,AAPL,PEP,JNJ,PFE,MRK,ABBV,PG,KO,WMT,JPM,BAC,GS,V,XOM,CVX,COP,BP,BA,MMM,HON,GE,T,VZ,TMUS,HSY,DUK,SO,EXC,AEP,AMT,PLD,SPG,BHP,RIO,VALE,FCX",GOOGL,332,-1,SELL,0,HOLD,,NA,False,False,True,,,,,force_sell,high_volatility
LSTM_cumulative_All_BB,LSTM_cumulative,BB,"GOOGL,AMZN,AAPL,PEP,JNJ,PFE,MRK,ABBV,PG,KO,WMT,JPM,BAC,GS,V,XOM,CVX,COP,BP,BA,MMM,HON,GE,T,VZ,TMUS,HSY,DUK,SO,EXC,AEP,AMT,PLD,SPG,BHP,RIO,VALE,FCX",GOOGL,333,1,BUY,0,HOLD,,NA,False,False,True,,,,,force_buy,high_volatility
LSTM_cumulative_All_BB,LSTM_cumulative,BB,"GOOGL,AMZN,AAPL,PEP,JNJ,PFE,MRK,ABBV,PG,KO,WMT,JPM,BAC,GS,V,XOM,CVX,COP,BP,BA,MMM,HON,GE,T,VZ,TMUS,HSY,DUK,SO,EXC,AEP,AMT,PLD,SPG,BHP,RIO,VALE,FCX",GOOGL,333,-1,SELL,0,HOLD,,NA,False,False,True,,,,,force_sell,high_volatility
LSTM_cumulative_All_BB,LSTM_cumulative,BB,"GOOGL,AMZN,AAPL,PEP,JNJ,PFE,MRK,ABBV,PG,KO,WMT,JPM,BAC,GS,V,XOM,CVX,COP,BP,BA,MMM,HON,GE,T,VZ,TMUS,HSY,DUK,SO,EXC,AEP,AMT,PLD,SPG,BHP,RIO,VALE,FCX",GOOGL,334,1,BUY,0,HOLD,,NA,False,False,True,,,,,force_buy,high_volatility
LSTM_cumulative_All_BB,LSTM_cumulative,BB,"GOOGL,AMZN,AAPL,PEP,JNJ,PFE,MRK,ABBV,PG,KO,WMT,JPM,BAC,GS,V,XOM,CVX,COP,BP,BA,MMM,HON,GE,T,VZ,TMUS,HSY,DUK,SO,EXC,AEP,AMT,PLD,SPG,BHP,RIO,VALE,FCX",GOOGL,334,-1,SELL,0,HOLD,,NA,False,False,True,,,,,force_sell,high_volatility
LSTM_cumulative_All_BB,LSTM_cumulative,BB,"GOOGL,AMZN,AAPL,PEP,JNJ,PFE,MRK,ABBV,PG,KO,WMT,JPM,BAC,GS,V,XOM,CVX,COP,BP,BA,MMM,HON,GE,T,VZ,TMUS,HSY,DUK,SO,EXC,AEP,AMT,PLD,SPG,BHP,RIO,VALE,FCX",GOOGL,335,1,BUY,0,HOLD,,NA,False,False,True,,,,,force_buy,high_volatility
LSTM_cumulative_All_BB,LSTM_cumulative,BB,"GOOGL,AMZN,AAPL,PEP,JNJ,PFE,MRK,ABBV,PG,KO,WMT,JPM,BAC,GS,V,XOM,CVX,COP,BP,BA,MMM,HON,GE,T,VZ,TMUS,HSY,DUK,SO,EXC,AEP,AMT,PLD,SPG,BHP,RIO,VALE,FCX",GOOGL,335,-1,SELL,0,HOLD,,NA,False,False,True,,,,,force_sell,high_volatility
LSTM_cumulative_All_BB,LSTM_cumulative,BB,"GOOGL,AMZN,AAPL,PEP,JNJ,PFE,MRK,ABBV,PG,KO,WMT,JPM,BAC,GS,V,XOM,CVX,COP,BP,BA,MMM,HON,GE,T,VZ,TMUS,HSY,DUK,SO,EXC,AEP,AMT,PLD,SPG,BHP,RIO,VALE,FCX",GOOGL,599,1,BUY,-1,SELL,,NA,False,False,True,,,,,force_buy,high_volatility
LSTM_cumulative_All_BB,LSTM_cumulative,BB,"GOOGL,AMZN,AAPL,PEP,JNJ,PFE,MRK,ABBV,PG,KO,WMT,JPM,BAC,GS,V,XOM,CVX,COP,BP,BA,MMM,HON,GE,T,VZ,TMUS,HSY,DUK,SO,EXC,AEP,AMT,PLD,SPG,BHP,RIO,VALE,FCX",GOOGL,599,-1,SELL,-1,SELL,-1.0,SELL,True,True,True,0.0,0.0,0.0,0.0,force_sell,high_volatility
LSTM_cumulative_All_BB,LSTM_cumulative,BB,"GOOGL,AMZN,AAPL,PEP,JNJ,PFE,MRK,ABBV,PG,KO,WMT,JPM,BAC,GS,V,XOM,CVX,COP,BP,BA,MMM,HON,GE,T,VZ,TMUS,HSY,DUK,SO,EXC,AEP,AMT,PLD,SPG,BHP,RIO,VALE,FCX",GOOGL,600,1,BUY,-1,SELL,,NA,False,False,True,,,,,force_buy,high_volatility
LSTM_cumulative_All_BB,LSTM_cumulative,BB,"GOOGL,AMZN,AAPL,PEP,JNJ,PFE,MRK,ABBV,PG,KO,WMT,JPM,BAC,GS,V,XOM,CVX,COP,BP,BA,MMM,HON,GE,T,VZ,TMUS,HSY,DUK,SO,EXC,AEP,AMT,PLD,SPG,BHP,RIO,VALE,FCX",GOOGL,600,-1,SELL,-1,SELL,-1.0,SELL,True,True,True,0.0,0.0,0.0,0.0,force_sell,high_volatility
LSTM_cumulative_All_BB,LSTM_cumulative,BB,"GOOGL,AMZN,AAPL,PEP,JNJ,PFE,MRK,ABBV,PG,KO,WMT,JPM,BAC,GS,V,XOM,CVX,COP,BP,BA,MMM,HON,GE,T,VZ,TMUS,HSY,DUK,SO,EXC,AEP,AMT,PLD,SPG,BHP,RIO,VALE,FCX",GOOGL,601,1,BUY,-1,SELL,,NA,False,False,True,,,,,force_buy,high_volatility
LSTM_cumulative_All_BB,LSTM_cumulative,BB,"GOOGL,AMZN,AAPL,PEP,JNJ,PFE,MRK,ABBV,PG,KO,WMT,JPM,BAC,GS,V,XOM,CVX,COP,BP,BA,MMM,HON,GE,T,VZ,TMUS,HSY,DUK,SO,EXC,AEP,AMT,PLD,SPG,BHP,RIO,VALE,FCX",GOOGL,601,-1,SELL,-1,SELL,-1.0,SELL,True,True,True,0.0,0.0,0.0,0.0,force_sell,high_volatility
LSTM_cumulative_All_BB,LSTM_cumulative,BB,"GOOGL,AMZN,AAPL,PEP,JNJ,PFE,MRK,ABBV,PG,KO,WMT,JPM,BAC,GS,V,XOM,CVX,COP,BP,BA,MMM,HON,GE,T,VZ,TMUS,HSY,DUK,SO,EXC,AEP,AMT,PLD,SPG,BHP,RIO,VALE,FCX",GOOGL,602,1,BUY,0,HOLD,,NA,False,False,True,,,,,force_buy,high_volatility
LSTM_cumulative_All_BB,LSTM_cumulative,BB,"GOOGL,AMZN,AAPL,PEP,JNJ,PFE,MRK,ABBV,PG,KO,WMT,JPM,BAC,GS,V,XOM,CVX,COP,BP,BA,MMM,HON,GE,T,VZ,TMUS,HSY,DUK,SO,EXC,AEP,AMT,PLD,SPG,BHP,RIO,VALE,FCX",GOOGL,602,-1,SELL,0,HOLD,,NA,False,False,True,,,,,force_sell,high_volatility
LSTM_cumulative_All_BB,LSTM_cumulative,BB,"GOOGL,AMZN,AAPL,PEP,JNJ,PFE,MRK,ABBV,PG,KO,WMT,JPM,BAC,GS,V,XOM,CVX,COP,BP,BA,MMM,HON,GE,T,VZ,TMUS,HSY,DUK,SO,EXC,AEP,AMT,PLD,SPG,BHP,RIO,VALE,FCX",GOOGL,603,1,BUY,0,HOLD,,NA,False,False,True,,,,,force_buy,high_volatility
LSTM_cumulative_All_BB,LSTM_cumulative,BB,"GOOGL,AMZN,AAPL,PEP,JNJ,PFE,MRK,ABBV,PG,KO,WMT,JPM,BAC,GS,V,XOM,CVX,COP,BP,BA,MMM,HON,GE,T,VZ,TMUS,HSY,DUK,SO,EXC,AEP,AMT,PLD,SPG,BHP,RIO,VALE,FCX",GOOGL,603,-1,SELL,0,HOLD,,NA,False,False,True,,,,,force_sell,high_volatility
LSTM_cumulative_All_BB,LSTM_cumulative,BB,"GOOGL,AMZN,AAPL,PEP,JNJ,PFE,MRK,ABBV,PG,KO,WMT,JPM,BAC,GS,V,XOM,CVX,COP,BP,BA,MMM,HON,GE,T,VZ,TMUS,HSY,DUK,SO,EXC,AEP,AMT,PLD,SPG,BHP,RIO,VALE,FCX",GOOGL,604,1,BUY,0,HOLD,,NA,False,False,True,,,,,force_buy,high_volatility
LSTM_cumulative_All_BB,LSTM_cumulative,BB,"GOOGL,AMZN,AAPL,PEP,JNJ,PFE,MRK,ABBV,PG,KO,WMT,JPM,BAC,GS,V,XOM,CVX,COP,BP,BA,MMM,HON,GE,T,VZ,TMUS,HSY,DUK,SO,EXC,AEP,AMT,PLD,SPG,BHP,RIO,VALE,FCX",GOOGL,604,-1,SELL,0,HOLD,,NA,False,False,True,,,,,force_sell,high_volatility
LSTM_cumulative_All_BB,LSTM_cumulative,BB,"GOOGL,AMZN,AAPL,PEP,JNJ,PFE,MRK,ABBV,PG,KO,WMT,JPM,BAC,GS,V,XOM,CVX,COP,BP,BA,MMM,HON,GE,T,VZ,TMUS,HSY,DUK,SO,EXC,AEP,AMT,PLD,SPG,BHP,RIO,VALE,FCX",GOOGL,334,1,BUY,0,HOLD,,NA,False,False,True,,,,,force_buy,high_pred_volatility
LSTM_cumulative_All_BB,LSTM_cumulative,BB,"GOOGL,AMZN,AAPL,PEP,JNJ,PFE,MRK,ABBV,PG,KO,WMT,JPM,BAC,GS,V,XOM,CVX,COP,BP,BA,MMM,HON,GE,T,VZ,TMUS,HSY,DUK,SO,EXC,AEP,AMT,PLD,SPG,BHP,RIO,VALE,FCX",GOOGL,334,-1,SELL,0,HOLD,,NA,False,False,True,,,,,force_sell,high_pred_volatility
LSTM_cumulative_All_BB,LSTM_cumulative,BB,"GOOGL,AMZN,AAPL,PEP,JNJ,PFE,MRK,ABBV,PG,KO,WMT,JPM,BAC,GS,V,XOM,CVX,COP,BP,BA,MMM,HON,GE,T,VZ,TMUS,HSY,DUK,SO,EXC,AEP,AMT,PLD,SPG,BHP,RIO,VALE,FCX",GOOGL,335,1,BUY,0,HOLD,,NA,False,False,True,,,,,force_buy,high_pred_volatility
LSTM_cumulative_All_BB,LSTM_cumulative,BB,"GOOGL,AMZN,AAPL,PEP,JNJ,PFE,MRK,ABBV,PG,KO,WMT,JPM,BAC,GS,V,XOM,CVX,COP,BP,BA,MMM,HON,GE,T,VZ,TMUS,HSY,DUK,SO,EXC,AEP,AMT,PLD,SPG,BHP,RIO,VALE,FCX",GOOGL,335,-1,SELL,0,HOLD,,NA,False,False,True,,,,,force_sell,high_pred_volatility
LSTM_cumulative_All_BB,LSTM_cumulative,BB,"GOOGL,AMZN,AAPL,PEP,JNJ,PFE,MRK,ABBV,PG,KO,WMT,JPM,BAC,GS,V,XOM,CVX,COP,BP,BA,MMM,HON,GE,T,VZ,TMUS,HSY,DUK,SO,EXC,AEP,AMT,PLD,SPG,BHP,RIO,VALE,FCX",GOOGL,336,1,BUY,0,HOLD,,NA,False,False,True,,,,,force_buy,high_pred_volatility
LSTM_cumulative_All_BB,LSTM_cumulative,BB,"GOOGL,AMZN,AAPL,PEP,JNJ,PFE,MRK,ABBV,PG,KO,WMT,JPM,BAC,GS,V,XOM,CVX,COP,BP,BA,MMM,HON,GE,T,VZ,TMUS,HSY,DUK,SO,EXC,AEP,AMT,PLD,SPG,BHP,RIO,VALE,FCX",GOOGL,336,-1,SELL,0,HOLD,,NA,False,False,True,,,,,force_sell,high_pred_volatility
LSTM_cumulative_All_BB,LSTM_cumulative,BB,"GOOGL,AMZN,AAPL,PEP,JNJ,PFE,MRK,ABBV,PG,KO,WMT,JPM,BAC,GS,V,XOM,CVX,COP,BP,BA,MMM,HON,GE,T,VZ,TMUS,HSY,DUK,SO,EXC,AEP,AMT,PLD,SPG,BHP,RIO,VALE,FCX",GOOGL,337,1,BUY,0,HOLD,,NA,False,False,True,,,,,force_buy,high_pred_volatility
LSTM_cumulative_All_BB,LSTM_cumulative,BB,"GOOGL,AMZN,AAPL,PEP,JNJ,PFE,MRK,ABBV,PG,KO,WMT,JPM,BAC,GS,V,XOM,CVX,COP,BP,BA,MMM,HON,GE,T,VZ,TMUS,HSY,DUK,SO,EXC,AEP,AMT,PLD,SPG,BHP,RIO,VALE,FCX",GOOGL,337,-1,SELL,0,HOLD,,NA,False,False,True,,,,,force_sell,high_pred_volatility
LSTM_cumulative_All_BB,LSTM_cumulative,BB,"GOOGL,AMZN,AAPL,PEP,JNJ,PFE,MRK,ABBV,PG,KO,WMT,JPM,BAC,GS,V,XOM,CVX,COP,BP,BA,MMM,HON,GE,T,VZ,TMUS,HSY,DUK,SO,EXC,AEP,AMT,PLD,SPG,BHP,RIO,VALE,FCX",GOOGL,338,1,BUY,0,HOLD,,NA,False,False,True,,,,,force_buy,high_pred_volatility
LSTM_cumulative_All_BB,LSTM_cumulative,BB,"GOOGL,AMZN,AAPL,PEP,JNJ,PFE,MRK,ABBV,PG,KO,WMT,JPM,BAC,GS,V,XOM,CVX,COP,BP,BA,MMM,HON,GE,T,VZ,TMUS,HSY,DUK,SO,EXC,AEP,AMT,PLD,SPG,BHP,RIO,VALE,FCX",GOOGL,338,-1,SELL,0,HOLD,,NA,False,False,True,,,,,force_sell,high_pred_volatility
LSTM_cumulative_All_BB,LSTM_cumulative,BB,"GOOGL,AMZN,AAPL,PEP,JNJ,PFE,MRK,ABBV,PG,KO,WMT,JPM,BAC,GS,V,XOM,CVX,COP,BP,BA,MMM,HON,GE,T,VZ,TMUS,HSY,DUK,SO,EXC,AEP,AMT,PLD,SPG,BHP,RIO,VALE,FCX",GOOGL,339,1,BUY,0,HOLD,,NA,False,False,True,,,,,force_buy,high_pred_volatility
LSTM_cumulative_All_BB,LSTM_cumulative,BB,"GOOGL,AMZN,AAPL,PEP,JNJ,PFE,MRK,ABBV,PG,KO,WMT,JPM,BAC,GS,V,XOM,CVX,COP,BP,BA,MMM,HON,GE,T,VZ,TMUS,HSY,DUK,SO,EXC,AEP,AMT,PLD,SPG,BHP,RIO,VALE,FCX",GOOGL,339,-1,SELL,0,HOLD,,NA,False,False,True,,,,,force_sell,high_pred_volatility
LSTM_cumulative_All_BB,LSTM_cumulative,BB,"GOOGL,AMZN,AAPL,PEP,JNJ,PFE,MRK,ABBV,PG,KO,WMT,JPM,BAC,GS,V,XOM,CVX,COP,BP,BA,MMM,HON,GE,T,VZ,TMUS,HSY,DUK,SO,EXC,AEP,AMT,PLD,SPG,BHP,RIO,VALE,FCX",GOOGL,340,1,BUY,0,HOLD,,NA,False,False,True,,,,,force_buy,high_pred_volatility
LSTM_cumulative_All_BB,LSTM_cumulative,BB,"GOOGL,AMZN,AAPL,PEP,JNJ,PFE,MRK,ABBV,PG,KO,WMT,JPM,BAC,GS,V,XOM,CVX,COP,BP,BA,MMM,HON,GE,T,VZ,TMUS,HSY,DUK,SO,EXC,AEP,AMT,PLD,SPG,BHP,RIO,VALE,FCX",GOOGL,340,-1,SELL,0,HOLD,,NA,False,False,True,,,,,force_sell,high_pred_volatility
LSTM_cumulative_All_BB,LSTM_cumulative,BB,"GOOGL,AMZN,AAPL,PEP,JNJ,PFE,MRK,ABBV,PG,KO,WMT,JPM,BAC,GS,V,XOM,CVX,COP,BP,BA,MMM,HON,GE,T,VZ,TMUS,HSY,DUK,SO,EXC,AEP,AMT,PLD,SPG,BHP,RIO,VALE,FCX",GOOGL,605,1,BUY,0,HOLD,,NA,False,False,True,,,,,force_buy,high_pred_volatility
LSTM_cumulative_All_BB,LSTM_cumulative,BB,"GOOGL,AMZN,AAPL,PEP,JNJ,PFE,MRK,ABBV,PG,KO,WMT,JPM,BAC,GS,V,XOM,CVX,COP,BP,BA,MMM,HON,GE,T,VZ,TMUS,HSY,DUK,SO,EXC,AEP,AMT,PLD,SPG,BHP,RIO,VALE,FCX",GOOGL,605,-1,SELL,0,HOLD,,NA,False,False,True,,,,,force_sell,high_pred_volatility
LSTM_cumulative_All_BB,LSTM_cumulative,BB,"GOOGL,AMZN,AAPL,PEP,JNJ,PFE,MRK,ABBV,PG,KO,WMT,JPM,BAC,GS,V,XOM,CVX,COP,BP,BA,MMM,HON,GE,T,VZ,TMUS,HSY,DUK,SO,EXC,AEP,AMT,PLD,SPG,BHP,RIO,VALE,FCX",GOOGL,606,1,BUY,0,HOLD,,NA,False,False,True,,,,,force_buy,high_pred_volatility
LSTM_cumulative_All_BB,LSTM_cumulative,BB,"GOOGL,AMZN,AAPL,PEP,JNJ,PFE,MRK,ABBV,PG,KO,WMT,JPM,BAC,GS,V,XOM,CVX,COP,BP,BA,MMM,HON,GE,T,VZ,TMUS,HSY,DUK,SO,EXC,AEP,AMT,PLD,SPG,BHP,RIO,VALE,FCX",GOOGL,606,-1,SELL,0,HOLD,,NA,False,False,True,,,,,force_sell,high_pred_volatility
LSTM_cumulative_All_BB,LSTM_cumulative,BB,"GOOGL,AMZN,AAPL,PEP,JNJ,PFE,MRK,ABBV,PG,KO,WMT,JPM,BAC,GS,V,XOM,CVX,COP,BP,BA,MMM,HON,GE,T,VZ,TMUS,HSY,DUK,SO,EXC,AEP,AMT,PLD,SPG,BHP,RIO,VALE,FCX",GOOGL,607,1,BUY,0,HOLD,,NA,False,False,True,,,,,force_buy,high_pred_volatility
LSTM_cumulative_All_BB,LSTM_cumulative,BB,"GOOGL,AMZN,AAPL,PEP,JNJ,PFE,MRK,ABBV,PG,KO,WMT,JPM,BAC,GS,V,XOM,CVX,COP,BP,BA,MMM,HON,GE,T,VZ,TMUS,HSY,DUK,SO,EXC,AEP,AMT,PLD,SPG,BHP,RIO,VALE,FCX",GOOGL,607,-1,SELL,0,HOLD,,NA,False,False,True,,,,,force_sell,high_pred_volatility
LSTM_cumulative_All_BB,LSTM_cumulative,BB,"GOOGL,AMZN,AAPL,PEP,JNJ,PFE,MRK,ABBV,PG,KO,WMT,JPM,BAC,GS,V,XOM,CVX,COP,BP,BA,MMM,HON,GE,T,VZ,TMUS,HSY,DUK,SO,EXC,AEP,AMT,PLD,SPG,BHP,RIO,VALE,FCX",GOOGL,608,1,BUY,0,HOLD,,NA,False,False,True,,,,,force_buy,high_pred_volatility
LSTM_cumulative_All_BB,LSTM_cumulative,BB,"GOOGL,AMZN,AAPL,PEP,JNJ,PFE,MRK,ABBV,PG,KO,WMT,JPM,BAC,GS,V,XOM,CVX,COP,BP,BA,MMM,HON,GE,T,VZ,TMUS,HSY,DUK,SO,EXC,AEP,AMT,PLD,SPG,BHP,RIO,VALE,FCX",GOOGL,608,-1,SELL,0,HOLD,,NA,False,False,True,,,,,force_sell,high_pred_volatility
LSTM_cumulative_All_BB,LSTM_cumulative,BB,"GOOGL,AMZN,AAPL,PEP,JNJ,PFE,MRK,ABBV,PG,KO,WMT,JPM,BAC,GS,V,XOM,CVX,COP,BP,BA,MMM,HON,GE,T,VZ,TMUS,HSY,DUK,SO,EXC,AEP,AMT,PLD,SPG,BHP,RIO,VALE,FCX",GOOGL,609,1,BUY,0,HOLD,,NA,False,False,True,,,,,force_buy,high_pred_volatility
LSTM_cumulative_All_BB,LSTM_cumulative,BB,"GOOGL,AMZN,AAPL,PEP,JNJ,PFE,MRK,ABBV,PG,KO,WMT,JPM,BAC,GS,V,XOM,CVX,COP,BP,BA,MMM,HON,GE,T,VZ,TMUS,HSY,DUK,SO,EXC,AEP,AMT,PLD,SPG,BHP,RIO,VALE,FCX",GOOGL,609,-1,SELL,0,HOLD,,NA,False,False,True,,,,,force_sell,high_pred_volatility
LSTM_cumulative_All_BB,LSTM_cumulative,BB,"GOOGL,AMZN,AAPL,PEP,JNJ,PFE,MRK,ABBV,PG,KO,WMT,JPM,BAC,GS,V,XOM,CVX,COP,BP,BA,MMM,HON,GE,T,VZ,TMUS,HSY,DUK,SO,EXC,AEP,AMT,PLD,SPG,BHP,RIO,VALE,FCX",GOOGL,30,1,BUY,1,BUY,1.0,BUY,True,True,True,0.0,0.0,0.0,0.0,force_buy,strong_trend
LSTM_cumulative_All_BB,LSTM_cumulative,BB,"GOOGL,AMZN,AAPL,PEP,JNJ,PFE,MRK,ABBV,PG,KO,WMT,JPM,BAC,GS,V,XOM,CVX,COP,BP,BA,MMM,HON,GE,T,VZ,TMUS,HSY,DUK,SO,EXC,AEP,AMT,PLD,SPG,BHP,RIO,VALE,FCX",GOOGL,30,-1,SELL,1,BUY,,NA,False,False,True,,,,,force_sell,strong_trend
LSTM_cumulative_All_BB,LSTM_cumulative,BB,"GOOGL,AMZN,AAPL,PEP,JNJ,PFE,MRK,ABBV,PG,KO,WMT,JPM,BAC,GS,V,XOM,CVX,COP,BP,BA,MMM,HON,GE,T,VZ,TMUS,HSY,DUK,SO,EXC,AEP,AMT,PLD,SPG,BHP,RIO,VALE,FCX",GOOGL,331,1,BUY,0,HOLD,,NA,False,False,True,,,,,force_buy,strong_trend
LSTM_cumulative_All_BB,LSTM_cumulative,BB,"GOOGL,AMZN,AAPL,PEP,JNJ,PFE,MRK,ABBV,PG,KO,WMT,JPM,BAC,GS,V,XOM,CVX,COP,BP,BA,MMM,HON,GE,T,VZ,TMUS,HSY,DUK,SO,EXC,AEP,AMT,PLD,SPG,BHP,RIO,VALE,FCX",GOOGL,331,-1,SELL,0,HOLD,,NA,False,False,True,,,,,force_sell,strong_trend
LSTM_cumulative_All_BB,LSTM_cumulative,BB,"GOOGL,AMZN,AAPL,PEP,JNJ,PFE,MRK,ABBV,PG,KO,WMT,JPM,BAC,GS,V,XOM,CVX,COP,BP,BA,MMM,HON,GE,T,VZ,TMUS,HSY,DUK,SO,EXC,AEP,AMT,PLD,SPG,BHP,RIO,VALE,FCX",GOOGL,483,1,BUY,0,HOLD,,NA,False,False,True,,,,,force_buy,strong_trend
LSTM_cumulative_All_BB,LSTM_cumulative,BB,"GOOGL,AMZN,AAPL,PEP,JNJ,PFE,MRK,ABBV,PG,KO,WMT,JPM,BAC,GS,V,XOM,CVX,COP,BP,BA,MMM,HON,GE,T,VZ,TMUS,HSY,DUK,SO,EXC,AEP,AMT,PLD,SPG,BHP,RIO,VALE,FCX",GOOGL,483,-1,SELL,0,HOLD,,NA,False,False,True,,,,,force_sell,strong_trend
LSTM_cumulative_All_BB,LSTM_cumulative,BB,"GOOGL,AMZN,AAPL,PEP,JNJ,PFE,MRK,ABBV,PG,KO,WMT,JPM,BAC,GS,V,XOM,CVX,COP,BP,BA,MMM,HON,GE,T,VZ,TMUS,HSY,DUK,SO,EXC,AEP,AMT,PLD,SPG,BHP,RIO,VALE,FCX",GOOGL,524,1,BUY,0,HOLD,,NA,False,False,True,,,,,force_buy,strong_trend
LSTM_cumulative_All_BB,LSTM_cumulative,BB,"GOOGL,AMZN,AAPL,PEP,JNJ,PFE,MRK,ABBV,PG,KO,WMT,JPM,BAC,GS,V,XOM,CVX,COP,BP,BA,MMM,HON,GE,T,VZ,TMUS,HSY,DUK,SO,EXC,AEP,AMT,PLD,SPG,BHP,RIO,VALE,FCX",GOOGL,524,-1,SELL,0,HOLD,,NA,False,False,True,,,,,force_sell,strong_trend
LSTM_cumulative_All_BB,LSTM_cumulative,BB,"GOOGL,AMZN,AAPL,PEP,JNJ,PFE,MRK,ABBV,PG,KO,WMT,JPM,BAC,GS,V,XOM,CVX,COP,BP,BA,MMM,HON,GE,T,VZ,TMUS,HSY,DUK,SO,EXC,AEP,AMT,PLD,SPG,BHP,RIO,VALE,FCX",GOOGL,525,1,BUY,0,HOLD,,NA,False,False,True,,,,,force_buy,strong_trend
LSTM_cumulative_All_BB,LSTM_cumulative,BB,"GOOGL,AMZN,AAPL,PEP,JNJ,PFE,MRK,ABBV,PG,KO,WMT,JPM,BAC,GS,V,XOM,CVX,COP,BP,BA,MMM,HON,GE,T,VZ,TMUS,HSY,DUK,SO,EXC,AEP,AMT,PLD,SPG,BHP,RIO,VALE,FCX",GOOGL,525,-1,SELL,0,HOLD,,NA,False,False,True,,,,,force_sell,strong_trend
LSTM_cumulative_All_BB,LSTM_cumulative,BB,"GOOGL,AMZN,AAPL,PEP,JNJ,PFE,MRK,ABBV,PG,KO,WMT,JPM,BAC,GS,V,XOM,CVX,COP,BP,BA,MMM,HON,GE,T,VZ,TMUS,HSY,DUK,SO,EXC,AEP,AMT,PLD,SPG,BHP,RIO,VALE,FCX",GOOGL,527,1,BUY,0,HOLD,,NA,False,False,True,,,,,force_buy,strong_trend
LSTM_cumulative_All_BB,LSTM_cumulative,BB,"GOOGL,AMZN,AAPL,PEP,JNJ,PFE,MRK,ABBV,PG,KO,WMT,JPM,BAC,GS,V,XOM,CVX,COP,BP,BA,MMM,HON,GE,T,VZ,TMUS,HSY,DUK,SO,EXC,AEP,AMT,PLD,SPG,BHP,RIO,VALE,FCX",GOOGL,527,-1,SELL,0,HOLD,,NA,False,False,True,,,,,force_sell,strong_trend
LSTM_cumulative_All_BB,LSTM_cumulative,BB,"GOOGL,AMZN,AAPL,PEP,JNJ,PFE,MRK,ABBV,PG,KO,WMT,JPM,BAC,GS,V,XOM,CVX,COP,BP,BA,MMM,HON,GE,T,VZ,TMUS,HSY,DUK,SO,EXC,AEP,AMT,PLD,SPG,BHP,RIO,VALE,FCX",GOOGL,559,1,BUY,-1,SELL,,NA,False,False,True,,,,,force_buy,strong_trend
LSTM_cumulative_All_BB,LSTM_cumulative,BB,"GOOGL,AMZN,AAPL,PEP,JNJ,PFE,MRK,ABBV,PG,KO,WMT,JPM,BAC,GS,V,XOM,CVX,COP,BP,BA,MMM,HON,GE,T,VZ,TMUS,HSY,DUK,SO,EXC,AEP,AMT,PLD,SPG,BHP,RIO,VALE,FCX",GOOGL,559,-1,SELL,-1,SELL,-1.0,SELL,True,True,True,0.0,0.0,0.0,0.0,force_sell,strong_trend
LSTM_cumulative_All_BB,LSTM_cumulative,BB,"GOOGL,AMZN,AAPL,PEP,JNJ,PFE,MRK,ABBV,PG,KO,WMT,JPM,BAC,GS,V,XOM,CVX,COP,BP,BA,MMM,HON,GE,T,VZ,TMUS,HSY,DUK,SO,EXC,AEP,AMT,PLD,SPG,BHP,RIO,VALE,FCX",GOOGL,599,1,BUY,-1,SELL,,NA,False,False,True,,,,,force_buy,strong_trend
LSTM_cumulative_All_BB,LSTM_cumulative,BB,"GOOGL,AMZN,AAPL,PEP,JNJ,PFE,MRK,ABBV,PG,KO,WMT,JPM,BAC,GS,V,XOM,CVX,COP,BP,BA,MMM,HON,GE,T,VZ,TMUS,HSY,DUK,SO,EXC,AEP,AMT,PLD,SPG,BHP,RIO,VALE,FCX",GOOGL,599,-1,SELL,-1,SELL,-1.0,SELL,True,True,True,0.0,0.0,0.0,0.0,force_sell,strong_trend
LSTM_cumulative_All_BB,LSTM_cumulative,BB,"GOOGL,AMZN,AAPL,PEP,JNJ,PFE,MRK,ABBV,PG,KO,WMT,JPM,BAC,GS,V,XOM,CVX,COP,BP,BA,MMM,HON,GE,T,VZ,TMUS,HSY,DUK,SO,EXC,AEP,AMT,PLD,SPG,BHP,RIO,VALE,FCX",GOOGL,600,1,BUY,-1,SELL,,NA,False,False,True,,,,,force_buy,strong_trend
LSTM_cumulative_All_BB,LSTM_cumulative,BB,"GOOGL,AMZN,AAPL,PEP,JNJ,PFE,MRK,ABBV,PG,KO,WMT,JPM,BAC,GS,V,XOM,CVX,COP,BP,BA,MMM,HON,GE,T,VZ,TMUS,HSY,DUK,SO,EXC,AEP,AMT,PLD,SPG,BHP,RIO,VALE,FCX",GOOGL,600,-1,SELL,-1,SELL,-1.0,SELL,True,True,True,0.0,0.0,0.0,0.0,force_sell,strong_trend
LSTM_cumulative_All_BB,LSTM_cumulative,BB,"GOOGL,AMZN,AAPL,PEP,JNJ,PFE,MRK,ABBV,PG,KO,WMT,JPM,BAC,GS,V,XOM,CVX,COP,BP,BA,MMM,HON,GE,T,VZ,TMUS,HSY,DUK,SO,EXC,AEP,AMT,PLD,SPG,BHP,RIO,VALE,FCX",GOOGL,607,1,BUY,0,HOLD,,NA,False,False,True,,,,,force_buy,strong_trend
LSTM_cumulative_All_BB,LSTM_cumulative,BB,"GOOGL,AMZN,AAPL,PEP,JNJ,PFE,MRK,ABBV,PG,KO,WMT,JPM,BAC,GS,V,XOM,CVX,COP,BP,BA,MMM,HON,GE,T,VZ,TMUS,HSY,DUK,SO,EXC,AEP,AMT,PLD,SPG,BHP,RIO,VALE,FCX",GOOGL,607,-1,SELL,0,HOLD,,NA,False,False,True,,,,,force_sell,strong_trend
LSTM_cumulative_All_BB,LSTM_cumulative,BB,"GOOGL,AMZN,AAPL,PEP,JNJ,PFE,MRK,ABBV,PG,KO,WMT,JPM,BAC,GS,V,XOM,CVX,COP,BP,BA,MMM,HON,GE,T,VZ,TMUS,HSY,DUK,SO,EXC,AEP,AMT,PLD,SPG,BHP,RIO,VALE,FCX",GOOGL,608,1,BUY,0,HOLD,,NA,False,False,True,,,,,force_buy,strong_trend
LSTM_cumulative_All_BB,LSTM_cumulative,BB,"GOOGL,AMZN,AAPL,PEP,JNJ,PFE,MRK,ABBV,PG,KO,WMT,JPM,BAC,GS,V,XOM,CVX,COP,BP,BA,MMM,HON,GE,T,VZ,TMUS,HSY,DUK,SO,EXC,AEP,AMT,PLD,SPG,BHP,RIO,VALE,FCX",GOOGL,608,-1,SELL,0,HOLD,,NA,False,False,True,,,,,force_sell,strong_trend
LSTM_cumulative_All_BB,LSTM_cumulative,BB,"GOOGL,AMZN,AAPL,PEP,JNJ,PFE,MRK,ABBV,PG,KO,WMT,JPM,BAC,GS,V,XOM,CVX,COP,BP,BA,MMM,HON,GE,T,VZ,TMUS,HSY,DUK,SO,EXC,AEP,AMT,PLD,SPG,BHP,RIO,VALE,FCX",GOOGL,609,1,BUY,0,HOLD,,NA,False,False,True,,,,,force_buy,strong_trend
LSTM_cumulative_All_BB,LSTM_cumulative,BB,"GOOGL,AMZN,AAPL,PEP,JNJ,PFE,MRK,ABBV,PG,KO,WMT,JPM,BAC,GS,V,XOM,CVX,COP,BP,BA,MMM,HON,GE,T,VZ,TMUS,HSY,DUK,SO,EXC,AEP,AMT,PLD,SPG,BHP,RIO,VALE,FCX",GOOGL,609,-1,SELL,0,HOLD,,NA,False,False,True,,,,,force_sell,strong_trend
LSTM_cumulative_All_BB,LSTM_cumulative,BB,"GOOGL,AMZN,AAPL,PEP,JNJ,PFE,MRK,ABBV,PG,KO,WMT,JPM,BAC,GS,V,XOM,CVX,COP,BP,BA,MMM,HON,GE,T,VZ,TMUS,HSY,DUK,SO,EXC,AEP,AMT,PLD,SPG,BHP,RIO,VALE,FCX",GOOGL,57,1,BUY,0,HOLD,,NA,False,False,True,,,,,force_buy,weak_trend
LSTM_cumulative_All_BB,LSTM_cumulative,BB,"GOOGL,AMZN,AAPL,PEP,JNJ,PFE,MRK,ABBV,PG,KO,WMT,JPM,BAC,GS,V,XOM,CVX,COP,BP,BA,MMM,HON,GE,T,VZ,TMUS,HSY,DUK,SO,EXC,AEP,AMT,PLD,SPG,BHP,RIO,VALE,FCX",GOOGL,57,-1,SELL,0,HOLD,,NA,False,False,True,,,,,force_sell,weak_trend
LSTM_cumulative_All_BB,LSTM_cumulative,BB,"GOOGL,AMZN,AAPL,PEP,JNJ,PFE,MRK,ABBV,PG,KO,WMT,JPM,BAC,GS,V,XOM,CVX,COP,BP,BA,MMM,HON,GE,T,VZ,TMUS,HSY,DUK,SO,EXC,AEP,AMT,PLD,SPG,BHP,RIO,VALE,FCX",GOOGL,91,1,BUY,0,HOLD,,NA,False,False,True,,,,,force_buy,weak_trend
LSTM_cumulative_All_BB,LSTM_cumulative,BB,"GOOGL,AMZN,AAPL,PEP,JNJ,PFE,MRK,ABBV,PG,KO,WMT,JPM,BAC,GS,V,XOM,CVX,COP,BP,BA,MMM,HON,GE,T,VZ,TMUS,HSY,DUK,SO,EXC,AEP,AMT,PLD,SPG,BHP,RIO,VALE,FCX",GOOGL,91,-1,SELL,0,HOLD,,NA,False,False,True,,,,,force_sell,weak_trend
LSTM_cumulative_All_BB,LSTM_cumulative,BB,"GOOGL,AMZN,AAPL,PEP,JNJ,PFE,MRK,ABBV,PG,KO,WMT,JPM,BAC,GS,V,XOM,CVX,COP,BP,BA,MMM,HON,GE,T,VZ,TMUS,HSY,DUK,SO,EXC,AEP,AMT,PLD,SPG,BHP,RIO,VALE,FCX",GOOGL,92,1,BUY,0,HOLD,,NA,False,False,True,,,,,force_buy,weak_trend
LSTM_cumulative_All_BB,LSTM_cumulative,BB,"GOOGL,AMZN,AAPL,PEP,JNJ,PFE,MRK,ABBV,PG,KO,WMT,JPM,BAC,GS,V,XOM,CVX,COP,BP,BA,MMM,HON,GE,T,VZ,TMUS,HSY,DUK,SO,EXC,AEP,AMT,PLD,SPG,BHP,RIO,VALE,FCX",GOOGL,92,-1,SELL,0,HOLD,,NA,False,False,True,,,,,force_sell,weak_trend
LSTM_cumulative_All_BB,LSTM_cumulative,BB,"GOOGL,AMZN,AAPL,PEP,JNJ,PFE,MRK,ABBV,PG,KO,WMT,JPM,BAC,GS,V,XOM,CVX,COP,BP,BA,MMM,HON,GE,T,VZ,TMUS,HSY,DUK,SO,EXC,AEP,AMT,PLD,SPG,BHP,RIO,VALE,FCX",GOOGL,101,1,BUY,1,BUY,1.0,BUY,True,True,True,0.0,0.0,0.0,0.0,force_buy,weak_trend
LSTM_cumulative_All_BB,LSTM_cumulative,BB,"GOOGL,AMZN,AAPL,PEP,JNJ,PFE,MRK,ABBV,PG,KO,WMT,JPM,BAC,GS,V,XOM,CVX,COP,BP,BA,MMM,HON,GE,T,VZ,TMUS,HSY,DUK,SO,EXC,AEP,AMT,PLD,SPG,BHP,RIO,VALE,FCX",GOOGL,101,-1,SELL,1,BUY,,NA,False,False,True,,,,,force_sell,weak_trend
LSTM_cumulative_All_BB,LSTM_cumulative,BB,"GOOGL,AMZN,AAPL,PEP,JNJ,PFE,MRK,ABBV,PG,KO,WMT,JPM,BAC,GS,V,XOM,CVX,COP,BP,BA,MMM,HON,GE,T,VZ,TMUS,HSY,DUK,SO,EXC,AEP,AMT,PLD,SPG,BHP,RIO,VALE,FCX",GOOGL,226,1,BUY,0,HOLD,,NA,False,False,True,,,,,force_buy,weak_trend
LSTM_cumulative_All_BB,LSTM_cumulative,BB,"GOOGL,AMZN,AAPL,PEP,JNJ,PFE,MRK,ABBV,PG,KO,WMT,JPM,BAC,GS,V,XOM,CVX,COP,BP,BA,MMM,HON,GE,T,VZ,TMUS,HSY,DUK,SO,EXC,AEP,AMT,PLD,SPG,BHP,RIO,VALE,FCX",GOOGL,226,-1,SELL,0,HOLD,,NA,False,False,True,,,,,force_sell,weak_trend
LSTM_cumulative_All_BB,LSTM_cumulative,BB,"GOOGL,AMZN,AAPL,PEP,JNJ,PFE,MRK,ABBV,PG,KO,WMT,JPM,BAC,GS,V,XOM,CVX,COP,BP,BA,MMM,HON,GE,T,VZ,TMUS,HSY,DUK,SO,EXC,AEP,AMT,PLD,SPG,BHP,RIO,VALE,FCX",GOOGL,285,1,BUY,0,HOLD,,NA,False,False,True,,,,,force_buy,weak_trend
LSTM_cumulative_All_BB,LSTM_cumulative,BB,"GOOGL,AMZN,AAPL,PEP,JNJ,PFE,MRK,ABBV,PG,KO,WMT,JPM,BAC,GS,V,XOM,CVX,COP,BP,BA,MMM,HON,GE,T,VZ,TMUS,HSY,DUK,SO,EXC,AEP,AMT,PLD,SPG,BHP,RIO,VALE,FCX",GOOGL,285,-1,SELL,0,HOLD,,NA,False,False,True,,,,,force_sell,weak_trend
LSTM_cumulative_All_BB,LSTM_cumulative,BB,"GOOGL,AMZN,AAPL,PEP,JNJ,PFE,MRK,ABBV,PG,KO,WMT,JPM,BAC,GS,V,XOM,CVX,COP,BP,BA,MMM,HON,GE,T,VZ,TMUS,HSY,DUK,SO,EXC,AEP,AMT,PLD,SPG,BHP,RIO,VALE,FCX",GOOGL,369,1,BUY,0,HOLD,,NA,False,False,True,,,,,force_buy,weak_trend
LSTM_cumulative_All_BB,LSTM_cumulative,BB,"GOOGL,AMZN,AAPL,PEP,JNJ,PFE,MRK,ABBV,PG,KO,WMT,JPM,BAC,GS,V,XOM,CVX,COP,BP,BA,MMM,HON,GE,T,VZ,TMUS,HSY,DUK,SO,EXC,AEP,AMT,PLD,SPG,BHP,RIO,VALE,FCX",GOOGL,369,-1,SELL,0,HOLD,,NA,False,False,True,,,,,force_sell,weak_trend
LSTM_cumulative_All_BB,LSTM_cumulative,BB,"GOOGL,AMZN,AAPL,PEP,JNJ,PFE,MRK,ABBV,PG,KO,WMT,JPM,BAC,GS,V,XOM,CVX,COP,BP,BA,MMM,HON,GE,T,VZ,TMUS,HSY,DUK,SO,EXC,AEP,AMT,PLD,SPG,BHP,RIO,VALE,FCX",GOOGL,453,1,BUY,0,HOLD,,NA,False,False,True,,,,,force_buy,weak_trend
LSTM_cumulative_All_BB,LSTM_cumulative,BB,"GOOGL,AMZN,AAPL,PEP,JNJ,PFE,MRK,ABBV,PG,KO,WMT,JPM,BAC,GS,V,XOM,CVX,COP,BP,BA,MMM,HON,GE,T,VZ,TMUS,HSY,DUK,SO,EXC,AEP,AMT,PLD,SPG,BHP,RIO,VALE,FCX",GOOGL,453,-1,SELL,0,HOLD,,NA,False,False,True,,,,,force_sell,weak_trend
LSTM_cumulative_All_BB,LSTM_cumulative,BB,"GOOGL,AMZN,AAPL,PEP,JNJ,PFE,MRK,ABBV,PG,KO,WMT,JPM,BAC,GS,V,XOM,CVX,COP,BP,BA,MMM,HON,GE,T,VZ,TMUS,HSY,DUK,SO,EXC,AEP,AMT,PLD,SPG,BHP,RIO,VALE,FCX",GOOGL,469,1,BUY,-1,SELL,,NA,False,False,True,,,,,force_buy,weak_trend
LSTM_cumulative_All_BB,LSTM_cumulative,BB,"GOOGL,AMZN,AAPL,PEP,JNJ,PFE,MRK,ABBV,PG,KO,WMT,JPM,BAC,GS,V,XOM,CVX,COP,BP,BA,MMM,HON,GE,T,VZ,TMUS,HSY,DUK,SO,EXC,AEP,AMT,PLD,SPG,BHP,RIO,VALE,FCX",GOOGL,469,-1,SELL,-1,SELL,-1.0,SELL,True,True,True,0.0,0.0,0.0,0.0,force_sell,weak_trend
LSTM_cumulative_All_BB,LSTM_cumulative,BB,"GOOGL,AMZN,AAPL,PEP,JNJ,PFE,MRK,ABBV,PG,KO,WMT,JPM,BAC,GS,V,XOM,CVX,COP,BP,BA,MMM,HON,GE,T,VZ,TMUS,HSY,DUK,SO,EXC,AEP,AMT,PLD,SPG,BHP,RIO,VALE,FCX",GOOGL,490,1,BUY,-1,SELL,,NA,False,False,True,,,,,force_buy,weak_trend
LSTM_cumulative_All_BB,LSTM_cumulative,BB,"GOOGL,AMZN,AAPL,PEP,JNJ,PFE,MRK,ABBV,PG,KO,WMT,JPM,BAC,GS,V,XOM,CVX,COP,BP,BA,MMM,HON,GE,T,VZ,TMUS,HSY,DUK,SO,EXC,AEP,AMT,PLD,SPG,BHP,RIO,VALE,FCX",GOOGL,490,-1,SELL,-1,SELL,-1.0,SELL,True,True,True,0.0,0.0,0.0,0.0,force_sell,weak_trend
LSTM_cumulative_All_BB,LSTM_cumulative,BB,"GOOGL,AMZN,AAPL,PEP,JNJ,PFE,MRK,ABBV,PG,KO,WMT,JPM,BAC,GS,V,XOM,CVX,COP,BP,BA,MMM,HON,GE,T,VZ,TMUS,HSY,DUK,SO,EXC,AEP,AMT,PLD,SPG,BHP,RIO,VALE,FCX",GOOGL,578,1,BUY,0,HOLD,,NA,False,False,True,,,,,force_buy,weak_trend
LSTM_cumulative_All_BB,LSTM_cumulative,BB,"GOOGL,AMZN,AAPL,PEP,JNJ,PFE,MRK,ABBV,PG,KO,WMT,JPM,BAC,GS,V,XOM,CVX,COP,BP,BA,MMM,HON,GE,T,VZ,TMUS,HSY,DUK,SO,EXC,AEP,AMT,PLD,SPG,BHP,RIO,VALE,FCX",GOOGL,578,-1,SELL,0,HOLD,,NA,False,False,True,,,,,force_sell,weak_trend
LSTM_cumulative_All_BB,LSTM_cumulative,BB,"GOOGL,AMZN,AAPL,PEP,JNJ,PFE,MRK,ABBV,PG,KO,WMT,JPM,BAC,GS,V,XOM,CVX,COP,BP,BA,MMM,HON,GE,T,VZ,TMUS,HSY,DUK,SO,EXC,AEP,AMT,PLD,SPG,BHP,RIO,VALE,FCX",GOOGL,637,1,BUY,0,HOLD,,NA,False,False,True,,,,,force_buy,weak_trend
LSTM_cumulative_All_BB,LSTM_cumulative,BB,"GOOGL,AMZN,AAPL,PEP,JNJ,PFE,MRK,ABBV,PG,KO,WMT,JPM,BAC,GS,V,XOM,CVX,COP,BP,BA,MMM,HON,GE,T,VZ,TMUS,HSY,DUK,SO,EXC,AEP,AMT,PLD,SPG,BHP,RIO,VALE,FCX",GOOGL,637,-1,SELL,0,HOLD,,NA,False,False,True,,,,,force_sell,weak_trend
LSTM_cumulative_All_BB,LSTM_cumulative,BB,"GOOGL,AMZN,AAPL,PEP,JNJ,PFE,MRK,ABBV,PG,KO,WMT,JPM,BAC,GS,V,XOM,CVX,COP,BP,BA,MMM,HON,GE,T,VZ,TMUS,HSY,DUK,SO,EXC,AEP,AMT,PLD,SPG,BHP,RIO,VALE,FCX",GOOGL,126,1,BUY,0,HOLD,,NA,False,False,True,,,,,force_buy,near_strategy_boundary
LSTM_cumulative_All_BB,LSTM_cumulative,BB,"GOOGL,AMZN,AAPL,PEP,JNJ,PFE,MRK,ABBV,PG,KO,WMT,JPM,BAC,GS,V,XOM,CVX,COP,BP,BA,MMM,HON,GE,T,VZ,TMUS,HSY,DUK,SO,EXC,AEP,AMT,PLD,SPG,BHP,RIO,VALE,FCX",GOOGL,126,-1,SELL,0,HOLD,,NA,False,False,True,,,,,force_sell,near_strategy_boundary
LSTM_cumulative_All_BB,LSTM_cumulative,BB,"GOOGL,AMZN,AAPL,PEP,JNJ,PFE,MRK,ABBV,PG,KO,WMT,JPM,BAC,GS,V,XOM,CVX,COP,BP,BA,MMM,HON,GE,T,VZ,TMUS,HSY,DUK,SO,EXC,AEP,AMT,PLD,SPG,BHP,RIO,VALE,FCX",GOOGL,187,1,BUY,0,HOLD,,NA,False,False,True,,,,,force_buy,near_strategy_boundary
LSTM_cumulative_All_BB,LSTM_cumulative,BB,"GOOGL,AMZN,AAPL,PEP,JNJ,PFE,MRK,ABBV,PG,KO,WMT,JPM,BAC,GS,V,XOM,CVX,COP,BP,BA,MMM,HON,GE,T,VZ,TMUS,HSY,DUK,SO,EXC,AEP,AMT,PLD,SPG,BHP,RIO,VALE,FCX",GOOGL,187,-1,SELL,0,HOLD,,NA,False,False,True,,,,,force_sell,near_strategy_boundary
LSTM_cumulative_All_BB,LSTM_cumulative,BB,"GOOGL,AMZN,AAPL,PEP,JNJ,PFE,MRK,ABBV,PG,KO,WMT,JPM,BAC,GS,V,XOM,CVX,COP,BP,BA,MMM,HON,GE,T,VZ,TMUS,HSY,DUK,SO,EXC,AEP,AMT,PLD,SPG,BHP,RIO,VALE,FCX",GOOGL,213,1,BUY,0,HOLD,,NA,False,False,True,,,,,force_buy,near_strategy_boundary
LSTM_cumulative_All_BB,LSTM_cumulative,BB,"GOOGL,AMZN,AAPL,PEP,JNJ,PFE,MRK,ABBV,PG,KO,WMT,JPM,BAC,GS,V,XOM,CVX,COP,BP,BA,MMM,HON,GE,T,VZ,TMUS,HSY,DUK,SO,EXC,AEP,AMT,PLD,SPG,BHP,RIO,VALE,FCX",GOOGL,213,-1,SELL,0,HOLD,,NA,False,False,True,,,,,force_sell,near_strategy_boundary
LSTM_cumulative_All_BB,LSTM_cumulative,BB,"GOOGL,AMZN,AAPL,PEP,JNJ,PFE,MRK,ABBV,PG,KO,WMT,JPM,BAC,GS,V,XOM,CVX,COP,BP,BA,MMM,HON,GE,T,VZ,TMUS,HSY,DUK,SO,EXC,AEP,AMT,PLD,SPG,BHP,RIO,VALE,FCX",GOOGL,214,1,BUY,0,HOLD,,NA,False,False,True,,,,,force_buy,near_strategy_boundary
LSTM_cumulative_All_BB,LSTM_cumulative,BB,"GOOGL,AMZN,AAPL,PEP,JNJ,PFE,MRK,ABBV,PG,KO,WMT,JPM,BAC,GS,V,XOM,CVX,COP,BP,BA,MMM,HON,GE,T,VZ,TMUS,HSY,DUK,SO,EXC,AEP,AMT,PLD,SPG,BHP,RIO,VALE,FCX",GOOGL,214,-1,SELL,0,HOLD,,NA,False,False,True,,,,,force_sell,near_strategy_boundary
LSTM_cumulative_All_BB,LSTM_cumulative,BB,"GOOGL,AMZN,AAPL,PEP,JNJ,PFE,MRK,ABBV,PG,KO,WMT,JPM,BAC,GS,V,XOM,CVX,COP,BP,BA,MMM,HON,GE,T,VZ,TMUS,HSY,DUK,SO,EXC,AEP,AMT,PLD,SPG,BHP,RIO,VALE,FCX",GOOGL,307,1,BUY,0,HOLD,,NA,False,False,True,,,,,force_buy,near_strategy_boundary
LSTM_cumulative_All_BB,LSTM_cumulative,BB,"GOOGL,AMZN,AAPL,PEP,JNJ,PFE,MRK,ABBV,PG,KO,WMT,JPM,BAC,GS,V,XOM,CVX,COP,BP,BA,MMM,HON,GE,T,VZ,TMUS,HSY,DUK,SO,EXC,AEP,AMT,PLD,SPG,BHP,RIO,VALE,FCX",GOOGL,307,-1,SELL,0,HOLD,,NA,False,False,True,,,,,force_sell,near_strategy_boundary
LSTM_cumulative_All_BB,LSTM_cumulative,BB,"GOOGL,AMZN,AAPL,PEP,JNJ,PFE,MRK,ABBV,PG,KO,WMT,JPM,BAC,GS,V,XOM,CVX,COP,BP,BA,MMM,HON,GE,T,VZ,TMUS,HSY,DUK,SO,EXC,AEP,AMT,PLD,SPG,BHP,RIO,VALE,FCX",GOOGL,325,1,BUY,0,HOLD,,NA,False,False,True,,,,,force_buy,near_strategy_boundary
LSTM_cumulative_All_BB,LSTM_cumulative,BB,"GOOGL,AMZN,AAPL,PEP,JNJ,PFE,MRK,ABBV,PG,KO,WMT,JPM,BAC,GS,V,XOM,CVX,COP,BP,BA,MMM,HON,GE,T,VZ,TMUS,HSY,DUK,SO,EXC,AEP,AMT,PLD,SPG,BHP,RIO,VALE,FCX",GOOGL,325,-1,SELL,0,HOLD,,NA,False,False,True,,,,,force_sell,near_strategy_boundary
LSTM_cumulative_All_BB,LSTM_cumulative,BB,"GOOGL,AMZN,AAPL,PEP,JNJ,PFE,MRK,ABBV,PG,KO,WMT,JPM,BAC,GS,V,XOM,CVX,COP,BP,BA,MMM,HON,GE,T,VZ,TMUS,HSY,DUK,SO,EXC,AEP,AMT,PLD,SPG,BHP,RIO,VALE,FCX",GOOGL,393,1,BUY,-1,SELL,,NA,False,False,True,,,,,force_buy,near_strategy_boundary
LSTM_cumulative_All_BB,LSTM_cumulative,BB,"GOOGL,AMZN,AAPL,PEP,JNJ,PFE,MRK,ABBV,PG,KO,WMT,JPM,BAC,GS,V,XOM,CVX,COP,BP,BA,MMM,HON,GE,T,VZ,TMUS,HSY,DUK,SO,EXC,AEP,AMT,PLD,SPG,BHP,RIO,VALE,FCX",GOOGL,393,-1,SELL,-1,SELL,-1.0,SELL,True,True,True,0.0,0.0,0.0,0.0,force_sell,near_strategy_boundary
LSTM_cumulative_All_BB,LSTM_cumulative,BB,"GOOGL,AMZN,AAPL,PEP,JNJ,PFE,MRK,ABBV,PG,KO,WMT,JPM,BAC,GS,V,XOM,CVX,COP,BP,BA,MMM,HON,GE,T,VZ,TMUS,HSY,DUK,SO,EXC,AEP,AMT,PLD,SPG,BHP,RIO,VALE,FCX",GOOGL,493,1,BUY,-1,SELL,,NA,False,False,True,,,,,force_buy,near_strategy_boundary
LSTM_cumulative_All_BB,LSTM_cumulative,BB,"GOOGL,AMZN,AAPL,PEP,JNJ,PFE,MRK,ABBV,PG,KO,WMT,JPM,BAC,GS,V,XOM,CVX,COP,BP,BA,MMM,HON,GE,T,VZ,TMUS,HSY,DUK,SO,EXC,AEP,AMT,PLD,SPG,BHP,RIO,VALE,FCX",GOOGL,493,-1,SELL,-1,SELL,-1.0,SELL,True,True,True,0.0,0.0,0.0,0.0,force_sell,near_strategy_boundary
LSTM_cumulative_All_BB,LSTM_cumulative,BB,"GOOGL,AMZN,AAPL,PEP,JNJ,PFE,MRK,ABBV,PG,KO,WMT,JPM,BAC,GS,V,XOM,CVX,COP,BP,BA,MMM,HON,GE,T,VZ,TMUS,HSY,DUK,SO,EXC,AEP,AMT,PLD,SPG,BHP,RIO,VALE,FCX",GOOGL,498,1,BUY,-1,SELL,,NA,False,False,True,,,,,force_buy,near_strategy_boundary
LSTM_cumulative_All_BB,LSTM_cumulative,BB,"GOOGL,AMZN,AAPL,PEP,JNJ,PFE,MRK,ABBV,PG,KO,WMT,JPM,BAC,GS,V,XOM,CVX,COP,BP,BA,MMM,HON,GE,T,VZ,TMUS,HSY,DUK,SO,EXC,AEP,AMT,PLD,SPG,BHP,RIO,VALE,FCX",GOOGL,498,-1,SELL,-1,SELL,-1.0,SELL,True,True,True,0.0,0.0,0.0,0.0,force_sell,near_strategy_boundary
LSTM_cumulative_All_BB,LSTM_cumulative,BB,"GOOGL,AMZN,AAPL,PEP,JNJ,PFE,MRK,ABBV,PG,KO,WMT,JPM,BAC,GS,V,XOM,CVX,COP,BP,BA,MMM,HON,GE,T,VZ,TMUS,HSY,DUK,SO,EXC,AEP,AMT,PLD,SPG,BHP,RIO,VALE,FCX",GOOGL,520,1,BUY,0,HOLD,,NA,False,False,True,,,,,force_buy,near_strategy_boundary
LSTM_cumulative_All_BB,LSTM_cumulative,BB,"GOOGL,AMZN,AAPL,PEP,JNJ,PFE,MRK,ABBV,PG,KO,WMT,JPM,BAC,GS,V,XOM,CVX,COP,BP,BA,MMM,HON,GE,T,VZ,TMUS,HSY,DUK,SO,EXC,AEP,AMT,PLD,SPG,BHP,RIO,VALE,FCX",GOOGL,520,-1,SELL,0,HOLD,,NA,False,False,True,,,,,force_sell,near_strategy_boundary
LSTM_cumulative_All_BB,LSTM_cumulative,BB,"GOOGL,AMZN,AAPL,PEP,JNJ,PFE,MRK,ABBV,PG,KO,WMT,JPM,BAC,GS,V,XOM,CVX,COP,BP,BA,MMM,HON,GE,T,VZ,TMUS,HSY,DUK,SO,EXC,AEP,AMT,PLD,SPG,BHP,RIO,VALE,FCX",GOOGL,592,1,BUY,0,HOLD,,NA,False,False,True,,,,,force_buy,near_strategy_boundary
LSTM_cumulative_All_BB,LSTM_cumulative,BB,"GOOGL,AMZN,AAPL,PEP,JNJ,PFE,MRK,ABBV,PG,KO,WMT,JPM,BAC,GS,V,XOM,CVX,COP,BP,BA,MMM,HON,GE,T,VZ,TMUS,HSY,DUK,SO,EXC,AEP,AMT,PLD,SPG,BHP,RIO,VALE,FCX",GOOGL,592,-1,SELL,0,HOLD,,NA,False,False,True,,,,,force_sell,near_strategy_boundary
LSTM_cumulative_All_BB,LSTM_cumulative,BB,"GOOGL,AMZN,AAPL,PEP,JNJ,PFE,MRK,ABBV,PG,KO,WMT,JPM,BAC,GS,V,XOM,CVX,COP,BP,BA,MMM,HON,GE,T,VZ,TMUS,HSY,DUK,SO,EXC,AEP,AMT,PLD,SPG,BHP,RIO,VALE,FCX",GOOGL,649,1,BUY,0,HOLD,,NA,False,False,True,,,,,force_buy,near_strategy_boundary
LSTM_cumulative_All_BB,LSTM_cumulative,BB,"GOOGL,AMZN,AAPL,PEP,JNJ,PFE,MRK,ABBV,PG,KO,WMT,JPM,BAC,GS,V,XOM,CVX,COP,BP,BA,MMM,HON,GE,T,VZ,TMUS,HSY,DUK,SO,EXC,AEP,AMT,PLD,SPG,BHP,RIO,VALE,FCX",GOOGL,649,-1,SELL,0,HOLD,,NA,False,False,True,,,,,force_sell,near_strategy_boundary
LSTM3y_All_BB,LSTM3y,BB,"GOOGL,AMZN,AAPL,PEP,JNJ,PFE,MRK,ABBV,PG,KO,WMT,JPM,BAC,GS,V,XOM,CVX,COP,BP,BA,MMM,HON,GE,T,VZ,TMUS,HSY,DUK,SO,EXC,AEP,AMT,PLD,SPG,BHP,RIO,VALE,FCX",GOOGL,30,1,BUY,0,HOLD,,NA,False,False,True,,,,,force_buy,uniform
LSTM3y_All_BB,LSTM3y,BB,"GOOGL,AMZN,AAPL,PEP,JNJ,PFE,MRK,ABBV,PG,KO,WMT,JPM,BAC,GS,V,XOM,CVX,COP,BP,BA,MMM,HON,GE,T,VZ,TMUS,HSY,DUK,SO,EXC,AEP,AMT,PLD,SPG,BHP,RIO,VALE,FCX",GOOGL,30,-1,SELL,0,HOLD,,NA,False,False,True,,,,,force_sell,uniform
LSTM3y_All_BB,LSTM3y,BB,"GOOGL,AMZN,AAPL,PEP,JNJ,PFE,MRK,ABBV,PG,KO,WMT,JPM,BAC,GS,V,XOM,CVX,COP,BP,BA,MMM,HON,GE,T,VZ,TMUS,HSY,DUK,SO,EXC,AEP,AMT,PLD,SPG,BHP,RIO,VALE,FCX",GOOGL,74,1,BUY,0,HOLD,,NA,False,False,True,,,,,force_buy,uniform
LSTM3y_All_BB,LSTM3y,BB,"GOOGL,AMZN,AAPL,PEP,JNJ,PFE,MRK,ABBV,PG,KO,WMT,JPM,BAC,GS,V,XOM,CVX,COP,BP,BA,MMM,HON,GE,T,VZ,TMUS,HSY,DUK,SO,EXC,AEP,AMT,PLD,SPG,BHP,RIO,VALE,FCX",GOOGL,74,-1,SELL,0,HOLD,,NA,False,False,True,,,,,force_sell,uniform
LSTM3y_All_BB,LSTM3y,BB,"GOOGL,AMZN,AAPL,PEP,JNJ,PFE,MRK,ABBV,PG,KO,WMT,JPM,BAC,GS,V,XOM,CVX,COP,BP,BA,MMM,HON,GE,T,VZ,TMUS,HSY,DUK,SO,EXC,AEP,AMT,PLD,SPG,BHP,RIO,VALE,FCX",GOOGL,118,1,BUY,0,HOLD,,NA,False,False,True,,,,,force_buy,uniform
LSTM3y_All_BB,LSTM3y,BB,"GOOGL,AMZN,AAPL,PEP,JNJ,PFE,MRK,ABBV,PG,KO,WMT,JPM,BAC,GS,V,XOM,CVX,COP,BP,BA,MMM,HON,GE,T,VZ,TMUS,HSY,DUK,SO,EXC,AEP,AMT,PLD,SPG,BHP,RIO,VALE,FCX",GOOGL,118,-1,SELL,0,HOLD,,NA,False,False,True,,,,,force_sell,uniform
LSTM3y_All_BB,LSTM3y,BB,"GOOGL,AMZN,AAPL,PEP,JNJ,PFE,MRK,ABBV,PG,KO,WMT,JPM,BAC,GS,V,XOM,CVX,COP,BP,BA,MMM,HON,GE,T,VZ,TMUS,HSY,DUK,SO,EXC,AEP,AMT,PLD,SPG,BHP,RIO,VALE,FCX",GOOGL,162,1,BUY,0,HOLD,,NA,False,False,True,,,,,force_buy,uniform
LSTM3y_All_BB,LSTM3y,BB,"GOOGL,AMZN,AAPL,PEP,JNJ,PFE,MRK,ABBV,PG,KO,WMT,JPM,BAC,GS,V,XOM,CVX,COP,BP,BA,MMM,HON,GE,T,VZ,TMUS,HSY,DUK,SO,EXC,AEP,AMT,PLD,SPG,BHP,RIO,VALE,FCX",GOOGL,162,-1,SELL,0,HOLD,,NA,False,False,True,,,,,force_sell,uniform
LSTM3y_All_BB,LSTM3y,BB,"GOOGL,AMZN,AAPL,PEP,JNJ,PFE,MRK,ABBV,PG,KO,WMT,JPM,BAC,GS,V,XOM,CVX,COP,BP,BA,MMM,HON,GE,T,VZ,TMUS,HSY,DUK,SO,EXC,AEP,AMT,PLD,SPG,BHP,RIO,VALE,FCX",GOOGL,206,1,BUY,0,HOLD,,NA,False,False,True,,,,,force_buy,uniform
LSTM3y_All_BB,LSTM3y,BB,"GOOGL,AMZN,AAPL,PEP,JNJ,PFE,MRK,ABBV,PG,KO,WMT,JPM,BAC,GS,V,XOM,CVX,COP,BP,BA,MMM,HON,GE,T,VZ,TMUS,HSY,DUK,SO,EXC,AEP,AMT,PLD,SPG,BHP,RIO,VALE,FCX",GOOGL,206,-1,SELL,0,HOLD,,NA,False,False,True,,,,,force_sell,uniform
LSTM3y_All_BB,LSTM3y,BB,"GOOGL,AMZN,AAPL,PEP,JNJ,PFE,MRK,ABBV,PG,KO,WMT,JPM,BAC,GS,V,XOM,CVX,COP,BP,BA,MMM,HON,GE,T,VZ,TMUS,HSY,DUK,SO,EXC,AEP,AMT,PLD,SPG,BHP,RIO,VALE,FCX",GOOGL,250,1,BUY,0,HOLD,,NA,False,False,True,,,,,force_buy,uniform
LSTM3y_All_BB,LSTM3y,BB,"GOOGL,AMZN,AAPL,PEP,JNJ,PFE,MRK,ABBV,PG,KO,WMT,JPM,BAC,GS,V,XOM,CVX,COP,BP,BA,MMM,HON,GE,T,VZ,TMUS,HSY,DUK,SO,EXC,AEP,AMT,PLD,SPG,BHP,RIO,VALE,FCX",GOOGL,250,-1,SELL,0,HOLD,,NA,False,False,True,,,,,force_sell,uniform
LSTM3y_All_BB,LSTM3y,BB,"GOOGL,AMZN,AAPL,PEP,JNJ,PFE,MRK,ABBV,PG,KO,WMT,JPM,BAC,GS,V,XOM,CVX,COP,BP,BA,MMM,HON,GE,T,VZ,TMUS,HSY,DUK,SO,EXC,AEP,AMT,PLD,SPG,BHP,RIO,VALE,FCX",GOOGL,293,1,BUY,1,BUY,1.0,BUY,True,True,True,0.0,0.0,0.0,0.0,force_buy,uniform
LSTM3y_All_BB,LSTM3y,BB,"GOOGL,AMZN,AAPL,PEP,JNJ,PFE,MRK,ABBV,PG,KO,WMT,JPM,BAC,GS,V,XOM,CVX,COP,BP,BA,MMM,HON,GE,T,VZ,TMUS,HSY,DUK,SO,EXC,AEP,AMT,PLD,SPG,BHP,RIO,VALE,FCX",GOOGL,293,-1,SELL,1,BUY,,NA,False,False,True,,,,,force_sell,uniform
LSTM3y_All_BB,LSTM3y,BB,"GOOGL,AMZN,AAPL,PEP,JNJ,PFE,MRK,ABBV,PG,KO,WMT,JPM,BAC,GS,V,XOM,CVX,COP,BP,BA,MMM,HON,GE,T,VZ,TMUS,HSY,DUK,SO,EXC,AEP,AMT,PLD,SPG,BHP,RIO,VALE,FCX",GOOGL,337,1,BUY,0,HOLD,,NA,False,False,True,,,,,force_buy,uniform
LSTM3y_All_BB,LSTM3y,BB,"GOOGL,AMZN,AAPL,PEP,JNJ,PFE,MRK,ABBV,PG,KO,WMT,JPM,BAC,GS,V,XOM,CVX,COP,BP,BA,MMM,HON,GE,T,VZ,TMUS,HSY,DUK,SO,EXC,AEP,AMT,PLD,SPG,BHP,RIO,VALE,FCX",GOOGL,337,-1,SELL,0,HOLD,,NA,False,False,True,,,,,force_sell,uniform
LSTM3y_All_BB,LSTM3y,BB,"GOOGL,AMZN,AAPL,PEP,JNJ,PFE,MRK,ABBV,PG,KO,WMT,JPM,BAC,GS,V,XOM,CVX,COP,BP,BA,MMM,HON,GE,T,VZ,TMUS,HSY,DUK,SO,EXC,AEP,AMT,PLD,SPG,BHP,RIO,VALE,FCX",GOOGL,381,1,BUY,0,HOLD,,NA,False,False,True,,,,,force_buy,uniform
LSTM3y_All_BB,LSTM3y,BB,"GOOGL,AMZN,AAPL,PEP,JNJ,PFE,MRK,ABBV,PG,KO,WMT,JPM,BAC,GS,V,XOM,CVX,COP,BP,BA,MMM,HON,GE,T,VZ,TMUS,HSY,DUK,SO,EXC,AEP,AMT,PLD,SPG,BHP,RIO,VALE,FCX",GOOGL,381,-1,SELL,0,HOLD,,NA,False,False,True,,,,,force_sell,uniform
LSTM3y_All_BB,LSTM3y,BB,"GOOGL,AMZN,AAPL,PEP,JNJ,PFE,MRK,ABBV,PG,KO,WMT,JPM,BAC,GS,V,XOM,CVX,COP,BP,BA,MMM,HON,GE,T,VZ,TMUS,HSY,DUK,SO,EXC,AEP,AMT,PLD,SPG,BHP,RIO,VALE,FCX",GOOGL,425,1,BUY,1,BUY,1.0,BUY,True,True,True,0.0,0.0,0.0,0.0,force_buy,uniform
LSTM3y_All_BB,LSTM3y,BB,"GOOGL,AMZN,AAPL,PEP,JNJ,PFE,MRK,ABBV,PG,KO,WMT,JPM,BAC,GS,V,XOM,CVX,COP,BP,BA,MMM,HON,GE,T,VZ,TMUS,HSY,DUK,SO,EXC,AEP,AMT,PLD,SPG,BHP,RIO,VALE,FCX",GOOGL,425,-1,SELL,1,BUY,,NA,False,False,True,,,,,force_sell,uniform
LSTM3y_All_BB,LSTM3y,BB,"GOOGL,AMZN,AAPL,PEP,JNJ,PFE,MRK,ABBV,PG,KO,WMT,JPM,BAC,GS,V,XOM,CVX,COP,BP,BA,MMM,HON,GE,T,VZ,TMUS,HSY,DUK,SO,EXC,AEP,AMT,PLD,SPG,BHP,RIO,VALE,FCX",GOOGL,469,1,BUY,1,BUY,1.0,BUY,True,True,True,0.0,0.0,0.0,0.0,force_buy,uniform
LSTM3y_All_BB,LSTM3y,BB,"GOOGL,AMZN,AAPL,PEP,JNJ,PFE,MRK,ABBV,PG,KO,WMT,JPM,BAC,GS,V,XOM,CVX,COP,BP,BA,MMM,HON,GE,T,VZ,TMUS,HSY,DUK,SO,EXC,AEP,AMT,PLD,SPG,BHP,RIO,VALE,FCX",GOOGL,469,-1,SELL,1,BUY,,NA,False,False,True,,,,,force_sell,uniform
LSTM3y_All_BB,LSTM3y,BB,"GOOGL,AMZN,AAPL,PEP,JNJ,PFE,MRK,ABBV,PG,KO,WMT,JPM,BAC,GS,V,XOM,CVX,COP,BP,BA,MMM,HON,GE,T,VZ,TMUS,HSY,DUK,SO,EXC,AEP,AMT,PLD,SPG,BHP,RIO,VALE,FCX",GOOGL,513,1,BUY,1,BUY,1.0,BUY,True,True,True,0.0,0.0,0.0,0.0,force_buy,uniform
LSTM3y_All_BB,LSTM3y,BB,"GOOGL,AMZN,AAPL,PEP,JNJ,PFE,MRK,ABBV,PG,KO,WMT,JPM,BAC,GS,V,XOM,CVX,COP,BP,BA,MMM,HON,GE,T,VZ,TMUS,HSY,DUK,SO,EXC,AEP,AMT,PLD,SPG,BHP,RIO,VALE,FCX",GOOGL,513,-1,SELL,1,BUY,,NA,False,False,True,,,,,force_sell,uniform
LSTM3y_All_BB,LSTM3y,BB,"GOOGL,AMZN,AAPL,PEP,JNJ,PFE,MRK,ABBV,PG,KO,WMT,JPM,BAC,GS,V,XOM,CVX,COP,BP,BA,MMM,HON,GE,T,VZ,TMUS,HSY,DUK,SO,EXC,AEP,AMT,PLD,SPG,BHP,RIO,VALE,FCX",GOOGL,47,1,BUY,0,HOLD,,NA,False,False,True,,,,,force_buy,high_volatility
LSTM3y_All_BB,LSTM3y,BB,"GOOGL,AMZN,AAPL,PEP,JNJ,PFE,MRK,ABBV,PG,KO,WMT,JPM,BAC,GS,V,XOM,CVX,COP,BP,BA,MMM,HON,GE,T,VZ,TMUS,HSY,DUK,SO,EXC,AEP,AMT,PLD,SPG,BHP,RIO,VALE,FCX",GOOGL,47,-1,SELL,0,HOLD,,NA,False,False,True,,,,,force_sell,high_volatility
LSTM3y_All_BB,LSTM3y,BB,"GOOGL,AMZN,AAPL,PEP,JNJ,PFE,MRK,ABBV,PG,KO,WMT,JPM,BAC,GS,V,XOM,CVX,COP,BP,BA,MMM,HON,GE,T,VZ,TMUS,HSY,DUK,SO,EXC,AEP,AMT,PLD,SPG,BHP,RIO,VALE,FCX",GOOGL,48,1,BUY,0,HOLD,,NA,False,False,True,,,,,force_buy,high_volatility
LSTM3y_All_BB,LSTM3y,BB,"GOOGL,AMZN,AAPL,PEP,JNJ,PFE,MRK,ABBV,PG,KO,WMT,JPM,BAC,GS,V,XOM,CVX,COP,BP,BA,MMM,HON,GE,T,VZ,TMUS,HSY,DUK,SO,EXC,AEP,AMT,PLD,SPG,BHP,RIO,VALE,FCX",GOOGL,48,-1,SELL,0,HOLD,,NA,False,False,True,,,,,force_sell,high_volatility
LSTM3y_All_BB,LSTM3y,BB,"GOOGL,AMZN,AAPL,PEP,JNJ,PFE,MRK,ABBV,PG,KO,WMT,JPM,BAC,GS,V,XOM,CVX,COP,BP,BA,MMM,HON,GE,T,VZ,TMUS,HSY,DUK,SO,EXC,AEP,AMT,PLD,SPG,BHP,RIO,VALE,FCX",GOOGL,49,1,BUY,0,HOLD,,NA,False,False,True,,,,,force_buy,high_volatility
LSTM3y_All_BB,LSTM3y,BB,"GOOGL,AMZN,AAPL,PEP,JNJ,PFE,MRK,ABBV,PG,KO,WMT,JPM,BAC,GS,V,XOM,CVX,COP,BP,BA,MMM,HON,GE,T,VZ,TMUS,HSY,DUK,SO,EXC,AEP,AMT,PLD,SPG,BHP,RIO,VALE,FCX",GOOGL,49,-1,SELL,0,HOLD,,NA,False,False,True,,,,,force_sell,high_volatility
LSTM3y_All_BB,LSTM3y,BB,"GOOGL,AMZN,AAPL,PEP,JNJ,PFE,MRK,ABBV,PG,KO,WMT,JPM,BAC,GS,V,XOM,CVX,COP,BP,BA,MMM,HON,GE,T,VZ,TMUS,HSY,DUK,SO,EXC,AEP,AMT,PLD,SPG,BHP,RIO,VALE,FCX",GOOGL,50,1,BUY,0,HOLD,,NA,False,False,True,,,,,force_buy,high_volatility
LSTM3y_All_BB,LSTM3y,BB,"GOOGL,AMZN,AAPL,PEP,JNJ,PFE,MRK,ABBV,PG,KO,WMT,JPM,BAC,GS,V,XOM,CVX,COP,BP,BA,MMM,HON,GE,T,VZ,TMUS,HSY,DUK,SO,EXC,AEP,AMT,PLD,SPG,BHP,RIO,VALE,FCX",GOOGL,50,-1,SELL,0,HOLD,,NA,False,False,True,,,,,force_sell,high_volatility
LSTM3y_All_BB,LSTM3y,BB,"GOOGL,AMZN,AAPL,PEP,JNJ,PFE,MRK,ABBV,PG,KO,WMT,JPM,BAC,GS,V,XOM,CVX,COP,BP,BA,MMM,HON,GE,T,VZ,TMUS,HSY,DUK,SO,EXC,AEP,AMT,PLD,SPG,BHP,RIO,VALE,FCX",GOOGL,51,1,BUY,0,HOLD,,NA,False,False,True,,,,,force_buy,high_volatility
LSTM3y_All_BB,LSTM3y,BB,"GOOGL,AMZN,AAPL,PEP,JNJ,PFE,MRK,ABBV,PG,KO,WMT,JPM,BAC,GS,V,XOM,CVX,COP,BP,BA,MMM,HON,GE,T,VZ,TMUS,HSY,DUK,SO,EXC,AEP,AMT,PLD,SPG,BHP,RIO,VALE,FCX",GOOGL,51,-1,SELL,0,HOLD,,NA,False,False,True,,,,,force_sell,high_volatility
LSTM3y_All_BB,LSTM3y,BB,"GOOGL,AMZN,AAPL,PEP,JNJ,PFE,MRK,ABBV,PG,KO,WMT,JPM,BAC,GS,V,XOM,CVX,COP,BP,BA,MMM,HON,GE,T,VZ,TMUS,HSY,DUK,SO,EXC,AEP,AMT,PLD,SPG,BHP,RIO,VALE,FCX",GOOGL,52,1,BUY,0,HOLD,,NA,False,False,True,,,,,force_buy,high_volatility
LSTM3y_All_BB,LSTM3y,BB,"GOOGL,AMZN,AAPL,PEP,JNJ,PFE,MRK,ABBV,PG,KO,WMT,JPM,BAC,GS,V,XOM,CVX,COP,BP,BA,MMM,HON,GE,T,VZ,TMUS,HSY,DUK,SO,EXC,AEP,AMT,PLD,SPG,BHP,RIO,VALE,FCX",GOOGL,52,-1,SELL,0,HOLD,,NA,False,False,True,,,,,force_sell,high_volatility
LSTM3y_All_BB,LSTM3y,BB,"GOOGL,AMZN,AAPL,PEP,JNJ,PFE,MRK,ABBV,PG,KO,WMT,JPM,BAC,GS,V,XOM,CVX,COP,BP,BA,MMM,HON,GE,T,VZ,TMUS,HSY,DUK,SO,EXC,AEP,AMT,PLD,SPG,BHP,RIO,VALE,FCX",GOOGL,53,1,BUY,0,HOLD,,NA,False,False,True,,,,,force_buy,high_volatility
LSTM3y_All_BB,LSTM3y,BB,"GOOGL,AMZN,AAPL,PEP,JNJ,PFE,MRK,ABBV,PG,KO,WMT,JPM,BAC,GS,V,XOM,CVX,COP,BP,BA,MMM,HON,GE,T,VZ,TMUS,HSY,DUK,SO,EXC,AEP,AMT,PLD,SPG,BHP,RIO,VALE,FCX",GOOGL,53,-1,SELL,0,HOLD,,NA,False,False,True,,,,,force_sell,high_volatility
LSTM3y_All_BB,LSTM3y,BB,"GOOGL,AMZN,AAPL,PEP,JNJ,PFE,MRK,ABBV,PG,KO,WMT,JPM,BAC,GS,V,XOM,CVX,COP,BP,BA,MMM,HON,GE,T,VZ,TMUS,HSY,DUK,SO,EXC,AEP,AMT,PLD,SPG,BHP,RIO,VALE,FCX",GOOGL,54,1,BUY,0,HOLD,,NA,False,False,True,,,,,force_buy,high_volatility
LSTM3y_All_BB,LSTM3y,BB,"GOOGL,AMZN,AAPL,PEP,JNJ,PFE,MRK,ABBV,PG,KO,WMT,JPM,BAC,GS,V,XOM,CVX,COP,BP,BA,MMM,HON,GE,T,VZ,TMUS,HSY,DUK,SO,EXC,AEP,AMT,PLD,SPG,BHP,RIO,VALE,FCX",GOOGL,54,-1,SELL,0,HOLD,,NA,False,False,True,,,,,force_sell,high_volatility
LSTM3y_All_BB,LSTM3y,BB,"GOOGL,AMZN,AAPL,PEP,JNJ,PFE,MRK,ABBV,PG,KO,WMT,JPM,BAC,GS,V,XOM,CVX,COP,BP,BA,MMM,HON,GE,T,VZ,TMUS,HSY,DUK,SO,EXC,AEP,AMT,PLD,SPG,BHP,RIO,VALE,FCX",GOOGL,276,1,BUY,1,BUY,1.0,BUY,True,True,True,0.0,0.0,0.0,0.0,force_buy,high_volatility
LSTM3y_All_BB,LSTM3y,BB,"GOOGL,AMZN,AAPL,PEP,JNJ,PFE,MRK,ABBV,PG,KO,WMT,JPM,BAC,GS,V,XOM,CVX,COP,BP,BA,MMM,HON,GE,T,VZ,TMUS,HSY,DUK,SO,EXC,AEP,AMT,PLD,SPG,BHP,RIO,VALE,FCX",GOOGL,276,-1,SELL,1,BUY,,NA,False,False,True,,,,,force_sell,high_volatility
LSTM3y_All_BB,LSTM3y,BB,"GOOGL,AMZN,AAPL,PEP,JNJ,PFE,MRK,ABBV,PG,KO,WMT,JPM,BAC,GS,V,XOM,CVX,COP,BP,BA,MMM,HON,GE,T,VZ,TMUS,HSY,DUK,SO,EXC,AEP,AMT,PLD,SPG,BHP,RIO,VALE,FCX",GOOGL,277,1,BUY,1,BUY,1.0,BUY,True,True,True,0.0,0.0,0.0,0.0,force_buy,high_volatility
LSTM3y_All_BB,LSTM3y,BB,"GOOGL,AMZN,AAPL,PEP,JNJ,PFE,MRK,ABBV,PG,KO,WMT,JPM,BAC,GS,V,XOM,CVX,COP,BP,BA,MMM,HON,GE,T,VZ,TMUS,HSY,DUK,SO,EXC,AEP,AMT,PLD,SPG,BHP,RIO,VALE,FCX",GOOGL,277,-1,SELL,1,BUY,,NA,False,False,True,,,,,force_sell,high_volatility
LSTM3y_All_BB,LSTM3y,BB,"GOOGL,AMZN,AAPL,PEP,JNJ,PFE,MRK,ABBV,PG,KO,WMT,JPM,BAC,GS,V,XOM,CVX,COP,BP,BA,MMM,HON,GE,T,VZ,TMUS,HSY,DUK,SO,EXC,AEP,AMT,PLD,SPG,BHP,RIO,VALE,FCX",GOOGL,278,1,BUY,1,BUY,1.0,BUY,True,True,True,0.0,0.0,0.0,0.0,force_buy,high_volatility
LSTM3y_All_BB,LSTM3y,BB,"GOOGL,AMZN,AAPL,PEP,JNJ,PFE,MRK,ABBV,PG,KO,WMT,JPM,BAC,GS,V,XOM,CVX,COP,BP,BA,MMM,HON,GE,T,VZ,TMUS,HSY,DUK,SO,EXC,AEP,AMT,PLD,SPG,BHP,RIO,VALE,FCX",GOOGL,278,-1,SELL,1,BUY,,NA,False,False,True,,,,,force_sell,high_volatility
LSTM3y_All_BB,LSTM3y,BB,"GOOGL,AMZN,AAPL,PEP,JNJ,PFE,MRK,ABBV,PG,KO,WMT,JPM,BAC,GS,V,XOM,CVX,COP,BP,BA,MMM,HON,GE,T,VZ,TMUS,HSY,DUK,SO,EXC,AEP,AMT,PLD,SPG,BHP,RIO,VALE,FCX",GOOGL,279,1,BUY,1,BUY,1.0,BUY,True,True,True,0.0,0.0,0.0,0.0,force_buy,high_volatility
LSTM3y_All_BB,LSTM3y,BB,"GOOGL,AMZN,AAPL,PEP,JNJ,PFE,MRK,ABBV,PG,KO,WMT,JPM,BAC,GS,V,XOM,CVX,COP,BP,BA,MMM,HON,GE,T,VZ,TMUS,HSY,DUK,SO,EXC,AEP,AMT,PLD,SPG,BHP,RIO,VALE,FCX",GOOGL,279,-1,SELL,1,BUY,,NA,False,False,True,,,,,force_sell,high_volatility
LSTM3y_All_BB,LSTM3y,BB,"GOOGL,AMZN,AAPL,PEP,JNJ,PFE,MRK,ABBV,PG,KO,WMT,JPM,BAC,GS,V,XOM,CVX,COP,BP,BA,MMM,HON,GE,T,VZ,TMUS,HSY,DUK,SO,EXC,AEP,AMT,PLD,SPG,BHP,RIO,VALE,FCX",GOOGL,48,1,BUY,0,HOLD,,NA,False,False,True,,,,,force_buy,high_pred_volatility
LSTM3y_All_BB,LSTM3y,BB,"GOOGL,AMZN,AAPL,PEP,JNJ,PFE,MRK,ABBV,PG,KO,WMT,JPM,BAC,GS,V,XOM,CVX,COP,BP,BA,MMM,HON,GE,T,VZ,TMUS,HSY,DUK,SO,EXC,AEP,AMT,PLD,SPG,BHP,RIO,VALE,FCX",GOOGL,48,-1,SELL,0,HOLD,,NA,False,False,True,,,,,force_sell,high_pred_volatility
LSTM3y_All_BB,LSTM3y,BB,"GOOGL,AMZN,AAPL,PEP,JNJ,PFE,MRK,ABBV,PG,KO,WMT,JPM,BAC,GS,V,XOM,CVX,COP,BP,BA,MMM,HON,GE,T,VZ,TMUS,HSY,DUK,SO,EXC,AEP,AMT,PLD,SPG,BHP,RIO,VALE,FCX",GOOGL,49,1,BUY,0,HOLD,,NA,False,False,True,,,,,force_buy,high_pred_volatility
LSTM3y_All_BB,LSTM3y,BB,"GOOGL,AMZN,AAPL,PEP,JNJ,PFE,MRK,ABBV,PG,KO,WMT,JPM,BAC,GS,V,XOM,CVX,COP,BP,BA,MMM,HON,GE,T,VZ,TMUS,HSY,DUK,SO,EXC,AEP,AMT,PLD,SPG,BHP,RIO,VALE,FCX",GOOGL,49,-1,SELL,0,HOLD,,NA,False,False,True,,,,,force_sell,high_pred_volatility
LSTM3y_All_BB,LSTM3y,BB,"GOOGL,AMZN,AAPL,PEP,JNJ,PFE,MRK,ABBV,PG,KO,WMT,JPM,BAC,GS,V,XOM,CVX,COP,BP,BA,MMM,HON,GE,T,VZ,TMUS,HSY,DUK,SO,EXC,AEP,AMT,PLD,SPG,BHP,RIO,VALE,FCX",GOOGL,50,1,BUY,0,HOLD,,NA,False,False,True,,,,,force_buy,high_pred_volatility
LSTM3y_All_BB,LSTM3y,BB,"GOOGL,AMZN,AAPL,PEP,JNJ,PFE,MRK,ABBV,PG,KO,WMT,JPM,BAC,GS,V,XOM,CVX,COP,BP,BA,MMM,HON,GE,T,VZ,TMUS,HSY,DUK,SO,EXC,AEP,AMT,PLD,SPG,BHP,RIO,VALE,FCX",GOOGL,50,-1,SELL,0,HOLD,,NA,False,False,True,,,,,force_sell,high_pred_volatility
LSTM3y_All_BB,LSTM3y,BB,"GOOGL,AMZN,AAPL,PEP,JNJ,PFE,MRK,ABBV,PG,KO,WMT,JPM,BAC,GS,V,XOM,CVX,COP,BP,BA,MMM,HON,GE,T,VZ,TMUS,HSY,DUK,SO,EXC,AEP,AMT,PLD,SPG,BHP,RIO,VALE,FCX",GOOGL,51,1,BUY,0,HOLD,,NA,False,False,True,,,,,force_buy,high_pred_volatility
LSTM3y_All_BB,LSTM3y,BB,"GOOGL,AMZN,AAPL,PEP,JNJ,PFE,MRK,ABBV,PG,KO,WMT,JPM,BAC,GS,V,XOM,CVX,COP,BP,BA,MMM,HON,GE,T,VZ,TMUS,HSY,DUK,SO,EXC,AEP,AMT,PLD,SPG,BHP,RIO,VALE,FCX",GOOGL,51,-1,SELL,0,HOLD,,NA,False,False,True,,,,,force_sell,high_pred_volatility
LSTM3y_All_BB,LSTM3y,BB,"GOOGL,AMZN,AAPL,PEP,JNJ,PFE,MRK,ABBV,PG,KO,WMT,JPM,BAC,GS,V,XOM,CVX,COP,BP,BA,MMM,HON,GE,T,VZ,TMUS,HSY,DUK,SO,EXC,AEP,AMT,PLD,SPG,BHP,RIO,VALE,FCX",GOOGL,52,1,BUY,0,HOLD,,NA,False,False,True,,,,,force_buy,high_pred_volatility
LSTM3y_All_BB,LSTM3y,BB,"GOOGL,AMZN,AAPL,PEP,JNJ,PFE,MRK,ABBV,PG,KO,WMT,JPM,BAC,GS,V,XOM,CVX,COP,BP,BA,MMM,HON,GE,T,VZ,TMUS,HSY,DUK,SO,EXC,AEP,AMT,PLD,SPG,BHP,RIO,VALE,FCX",GOOGL,52,-1,SELL,0,HOLD,,NA,False,False,True,,,,,force_sell,high_pred_volatility
LSTM3y_All_BB,LSTM3y,BB,"GOOGL,AMZN,AAPL,PEP,JNJ,PFE,MRK,ABBV,PG,KO,WMT,JPM,BAC,GS,V,XOM,CVX,COP,BP,BA,MMM,HON,GE,T,VZ,TMUS,HSY,DUK,SO,EXC,AEP,AMT,PLD,SPG,BHP,RIO,VALE,FCX",GOOGL,53,1,BUY,0,HOLD,,NA,False,False,True,,,,,force_buy,high_pred_volatility
LSTM3y_All_BB,LSTM3y,BB,"GOOGL,AMZN,AAPL,PEP,JNJ,PFE,MRK,ABBV,PG,KO,WMT,JPM,BAC,GS,V,XOM,CVX,COP,BP,BA,MMM,HON,GE,T,VZ,TMUS,HSY,DUK,SO,EXC,AEP,AMT,PLD,SPG,BHP,RIO,VALE,FCX",GOOGL,53,-1,SELL,0,HOLD,,NA,False,False,True,,,,,force_sell,high_pred_volatility
LSTM3y_All_BB,LSTM3y,BB,"GOOGL,AMZN,AAPL,PEP,JNJ,PFE,MRK,ABBV,PG,KO,WMT,JPM,BAC,GS,V,XOM,CVX,COP,BP,BA,MMM,HON,GE,T,VZ,TMUS,HSY,DUK,SO,EXC,AEP,AMT,PLD,SPG,BHP,RIO,VALE,FCX",GOOGL,54,1,BUY,0,HOLD,,NA,False,False,True,,,,,force_buy,high_pred_volatility
LSTM3y_All_BB,LSTM3y,BB,"GOOGL,AMZN,AAPL,PEP,JNJ,PFE,MRK,ABBV,PG,KO,WMT,JPM,BAC,GS,V,XOM,CVX,COP,BP,BA,MMM,HON,GE,T,VZ,TMUS,HSY,DUK,SO,EXC,AEP,AMT,PLD,SPG,BHP,RIO,VALE,FCX",GOOGL,54,-1,SELL,0,HOLD,,NA,False,False,True,,,,,force_sell,high_pred_volatility
LSTM3y_All_BB,LSTM3y,BB,"GOOGL,AMZN,AAPL,PEP,JNJ,PFE,MRK,ABBV,PG,KO,WMT,JPM,BAC,GS,V,XOM,CVX,COP,BP,BA,MMM,HON,GE,T,VZ,TMUS,HSY,DUK,SO,EXC,AEP,AMT,PLD,SPG,BHP,RIO,VALE,FCX",GOOGL,55,1,BUY,0,HOLD,,NA,False,False,True,,,,,force_buy,high_pred_volatility
LSTM3y_All_BB,LSTM3y,BB,"GOOGL,AMZN,AAPL,PEP,JNJ,PFE,MRK,ABBV,PG,KO,WMT,JPM,BAC,GS,V,XOM,CVX,COP,BP,BA,MMM,HON,GE,T,VZ,TMUS,HSY,DUK,SO,EXC,AEP,AMT,PLD,SPG,BHP,RIO,VALE,FCX",GOOGL,55,-1,SELL,0,HOLD,,NA,False,False,True,,,,,force_sell,high_pred_volatility
LSTM3y_All_BB,LSTM3y,BB,"GOOGL,AMZN,AAPL,PEP,JNJ,PFE,MRK,ABBV,PG,KO,WMT,JPM,BAC,GS,V,XOM,CVX,COP,BP,BA,MMM,HON,GE,T,VZ,TMUS,HSY,DUK,SO,EXC,AEP,AMT,PLD,SPG,BHP,RIO,VALE,FCX",GOOGL,56,1,BUY,0,HOLD,,NA,False,False,True,,,,,force_buy,high_pred_volatility
LSTM3y_All_BB,LSTM3y,BB,"GOOGL,AMZN,AAPL,PEP,JNJ,PFE,MRK,ABBV,PG,KO,WMT,JPM,BAC,GS,V,XOM,CVX,COP,BP,BA,MMM,HON,GE,T,VZ,TMUS,HSY,DUK,SO,EXC,AEP,AMT,PLD,SPG,BHP,RIO,VALE,FCX",GOOGL,56,-1,SELL,0,HOLD,,NA,False,False,True,,,,,force_sell,high_pred_volatility
LSTM3y_All_BB,LSTM3y,BB,"GOOGL,AMZN,AAPL,PEP,JNJ,PFE,MRK,ABBV,PG,KO,WMT,JPM,BAC,GS,V,XOM,CVX,COP,BP,BA,MMM,HON,GE,T,VZ,TMUS,HSY,DUK,SO,EXC,AEP,AMT,PLD,SPG,BHP,RIO,VALE,FCX",GOOGL,57,1,BUY,0,HOLD,,NA,False,False,True,,,,,force_buy,high_pred_volatility
LSTM3y_All_BB,LSTM3y,BB,"GOOGL,AMZN,AAPL,PEP,JNJ,PFE,MRK,ABBV,PG,KO,WMT,JPM,BAC,GS,V,XOM,CVX,COP,BP,BA,MMM,HON,GE,T,VZ,TMUS,HSY,DUK,SO,EXC,AEP,AMT,PLD,SPG,BHP,RIO,VALE,FCX",GOOGL,57,-1,SELL,0,HOLD,,NA,False,False,True,,,,,force_sell,high_pred_volatility
LSTM3y_All_BB,LSTM3y,BB,"GOOGL,AMZN,AAPL,PEP,JNJ,PFE,MRK,ABBV,PG,KO,WMT,JPM,BAC,GS,V,XOM,CVX,COP,BP,BA,MMM,HON,GE,T,VZ,TMUS,HSY,DUK,SO,EXC,AEP,AMT,PLD,SPG,BHP,RIO,VALE,FCX",GOOGL,58,1,BUY,0,HOLD,,NA,False,False,True,,,,,force_buy,high_pred_volatility
LSTM3y_All_BB,LSTM3y,BB,"GOOGL,AMZN,AAPL,PEP,JNJ,PFE,MRK,ABBV,PG,KO,WMT,JPM,BAC,GS,V,XOM,CVX,COP,BP,BA,MMM,HON,GE,T,VZ,TMUS,HSY,DUK,SO,EXC,AEP,AMT,PLD,SPG,BHP,RIO,VALE,FCX",GOOGL,58,-1,SELL,0,HOLD,,NA,False,False,True,,,,,force_sell,high_pred_volatility
LSTM3y_All_BB,LSTM3y,BB,"GOOGL,AMZN,AAPL,PEP,JNJ,PFE,MRK,ABBV,PG,KO,WMT,JPM,BAC,GS,V,XOM,CVX,COP,BP,BA,MMM,HON,GE,T,VZ,TMUS,HSY,DUK,SO,EXC,AEP,AMT,PLD,SPG,BHP,RIO,VALE,FCX",GOOGL,280,1,BUY,0,HOLD,,NA,False,False,True,,,,,force_buy,high_pred_volatility
LSTM3y_All_BB,LSTM3y,BB,"GOOGL,AMZN,AAPL,PEP,JNJ,PFE,MRK,ABBV,PG,KO,WMT,JPM,BAC,GS,V,XOM,CVX,COP,BP,BA,MMM,HON,GE,T,VZ,TMUS,HSY,DUK,SO,EXC,AEP,AMT,PLD,SPG,BHP,RIO,VALE,FCX",GOOGL,280,-1,SELL,0,HOLD,,NA,False,False,True,,,,,force_sell,high_pred_volatility
LSTM3y_All_BB,LSTM3y,BB,"GOOGL,AMZN,AAPL,PEP,JNJ,PFE,MRK,ABBV,PG,KO,WMT,JPM,BAC,GS,V,XOM,CVX,COP,BP,BA,MMM,HON,GE,T,VZ,TMUS,HSY,DUK,SO,EXC,AEP,AMT,PLD,SPG,BHP,RIO,VALE,FCX",GOOGL,46,1,BUY,0,HOLD,,NA,False,False,True,,,,,force_buy,strong_trend
LSTM3y_All_BB,LSTM3y,BB,"GOOGL,AMZN,AAPL,PEP,JNJ,PFE,MRK,ABBV,PG,KO,WMT,JPM,BAC,GS,V,XOM,CVX,COP,BP,BA,MMM,HON,GE,T,VZ,TMUS,HSY,DUK,SO,EXC,AEP,AMT,PLD,SPG,BHP,RIO,VALE,FCX",GOOGL,46,-1,SELL,0,HOLD,,NA,False,False,True,,,,,force_sell,strong_trend
LSTM3y_All_BB,LSTM3y,BB,"GOOGL,AMZN,AAPL,PEP,JNJ,PFE,MRK,ABBV,PG,KO,WMT,JPM,BAC,GS,V,XOM,CVX,COP,BP,BA,MMM,HON,GE,T,VZ,TMUS,HSY,DUK,SO,EXC,AEP,AMT,PLD,SPG,BHP,RIO,VALE,FCX",GOOGL,48,1,BUY,0,HOLD,,NA,False,False,True,,,,,force_buy,strong_trend
LSTM3y_All_BB,LSTM3y,BB,"GOOGL,AMZN,AAPL,PEP,JNJ,PFE,MRK,ABBV,PG,KO,WMT,JPM,BAC,GS,V,XOM,CVX,COP,BP,BA,MMM,HON,GE,T,VZ,TMUS,HSY,DUK,SO,EXC,AEP,AMT,PLD,SPG,BHP,RIO,VALE,FCX",GOOGL,48,-1,SELL,0,HOLD,,NA,False,False,True,,,,,force_sell,strong_trend
LSTM3y_All_BB,LSTM3y,BB,"GOOGL,AMZN,AAPL,PEP,JNJ,PFE,MRK,ABBV,PG,KO,WMT,JPM,BAC,GS,V,XOM,CVX,COP,BP,BA,MMM,HON,GE,T,VZ,TMUS,HSY,DUK,SO,EXC,AEP,AMT,PLD,SPG,BHP,RIO,VALE,FCX",GOOGL,49,1,BUY,0,HOLD,,NA,False,False,True,,,,,force_buy,strong_trend
LSTM3y_All_BB,LSTM3y,BB,"GOOGL,AMZN,AAPL,PEP,JNJ,PFE,MRK,ABBV,PG,KO,WMT,JPM,BAC,GS,V,XOM,CVX,COP,BP,BA,MMM,HON,GE,T,VZ,TMUS,HSY,DUK,SO,EXC,AEP,AMT,PLD,SPG,BHP,RIO,VALE,FCX",GOOGL,49,-1,SELL,0,HOLD,,NA,False,False,True,,,,,force_sell,strong_trend
LSTM3y_All_BB,LSTM3y,BB,"GOOGL,AMZN,AAPL,PEP,JNJ,PFE,MRK,ABBV,PG,KO,WMT,JPM,BAC,GS,V,XOM,CVX,COP,BP,BA,MMM,HON,GE,T,VZ,TMUS,HSY,DUK,SO,EXC,AEP,AMT,PLD,SPG,BHP,RIO,VALE,FCX",GOOGL,50,1,BUY,0,HOLD,,NA,False,False,True,,,,,force_buy,strong_trend
LSTM3y_All_BB,LSTM3y,BB,"GOOGL,AMZN,AAPL,PEP,JNJ,PFE,MRK,ABBV,PG,KO,WMT,JPM,BAC,GS,V,XOM,CVX,COP,BP,BA,MMM,HON,GE,T,VZ,TMUS,HSY,DUK,SO,EXC,AEP,AMT,PLD,SPG,BHP,RIO,VALE,FCX",GOOGL,50,-1,SELL,0,HOLD,,NA,False,False,True,,,,,force_sell,strong_trend
LSTM3y_All_BB,LSTM3y,BB,"GOOGL,AMZN,AAPL,PEP,JNJ,PFE,MRK,ABBV,PG,KO,WMT,JPM,BAC,GS,V,XOM,CVX,COP,BP,BA,MMM,HON,GE,T,VZ,TMUS,HSY,DUK,SO,EXC,AEP,AMT,PLD,SPG,BHP,RIO,VALE,FCX",GOOGL,51,1,BUY,0,HOLD,,NA,False,False,True,,,,,force_buy,strong_trend
LSTM3y_All_BB,LSTM3y,BB,"GOOGL,AMZN,AAPL,PEP,JNJ,PFE,MRK,ABBV,PG,KO,WMT,JPM,BAC,GS,V,XOM,CVX,COP,BP,BA,MMM,HON,GE,T,VZ,TMUS,HSY,DUK,SO,EXC,AEP,AMT,PLD,SPG,BHP,RIO,VALE,FCX",GOOGL,51,-1,SELL,0,HOLD,,NA,False,False,True,,,,,force_sell,strong_trend
LSTM3y_All_BB,LSTM3y,BB,"GOOGL,AMZN,AAPL,PEP,JNJ,PFE,MRK,ABBV,PG,KO,WMT,JPM,BAC,GS,V,XOM,CVX,COP,BP,BA,MMM,HON,GE,T,VZ,TMUS,HSY,DUK,SO,EXC,AEP,AMT,PLD,SPG,BHP,RIO,VALE,FCX",GOOGL,52,1,BUY,0,HOLD,,NA,False,False,True,,,,,force_buy,strong_trend
LSTM3y_All_BB,LSTM3y,BB,"GOOGL,AMZN,AAPL,PEP,JNJ,PFE,MRK,ABBV,PG,KO,WMT,JPM,BAC,GS,V,XOM,CVX,COP,BP,BA,MMM,HON,GE,T,VZ,TMUS,HSY,DUK,SO,EXC,AEP,AMT,PLD,SPG,BHP,RIO,VALE,FCX",GOOGL,52,-1,SELL,0,HOLD,,NA,False,False,True,,,,,force_sell,strong_trend
LSTM3y_All_BB,LSTM3y,BB,"GOOGL,AMZN,AAPL,PEP,JNJ,PFE,MRK,ABBV,PG,KO,WMT,JPM,BAC,GS,V,XOM,CVX,COP,BP,BA,MMM,HON,GE,T,VZ,TMUS,HSY,DUK,SO,EXC,AEP,AMT,PLD,SPG,BHP,RIO,VALE,FCX",GOOGL,53,1,BUY,0,HOLD,,NA,False,False,True,,,,,force_buy,strong_trend
LSTM3y_All_BB,LSTM3y,BB,"GOOGL,AMZN,AAPL,PEP,JNJ,PFE,MRK,ABBV,PG,KO,WMT,JPM,BAC,GS,V,XOM,CVX,COP,BP,BA,MMM,HON,GE,T,VZ,TMUS,HSY,DUK,SO,EXC,AEP,AMT,PLD,SPG,BHP,RIO,VALE,FCX",GOOGL,53,-1,SELL,0,HOLD,,NA,False,False,True,,,,,force_sell,strong_trend
LSTM3y_All_BB,LSTM3y,BB,"GOOGL,AMZN,AAPL,PEP,JNJ,PFE,MRK,ABBV,PG,KO,WMT,JPM,BAC,GS,V,XOM,CVX,COP,BP,BA,MMM,HON,GE,T,VZ,TMUS,HSY,DUK,SO,EXC,AEP,AMT,PLD,SPG,BHP,RIO,VALE,FCX",GOOGL,55,1,BUY,0,HOLD,,NA,False,False,True,,,,,force_buy,strong_trend
LSTM3y_All_BB,LSTM3y,BB,"GOOGL,AMZN,AAPL,PEP,JNJ,PFE,MRK,ABBV,PG,KO,WMT,JPM,BAC,GS,V,XOM,CVX,COP,BP,BA,MMM,HON,GE,T,VZ,TMUS,HSY,DUK,SO,EXC,AEP,AMT,PLD,SPG,BHP,RIO,VALE,FCX",GOOGL,55,-1,SELL,0,HOLD,,NA,False,False,True,,,,,force_sell,strong_trend
LSTM3y_All_BB,LSTM3y,BB,"GOOGL,AMZN,AAPL,PEP,JNJ,PFE,MRK,ABBV,PG,KO,WMT,JPM,BAC,GS,V,XOM,CVX,COP,BP,BA,MMM,HON,GE,T,VZ,TMUS,HSY,DUK,SO,EXC,AEP,AMT,PLD,SPG,BHP,RIO,VALE,FCX",GOOGL,80,1,BUY,0,HOLD,,NA,False,False,True,,,,,force_buy,strong_trend
LSTM3y_All_BB,LSTM3y,BB,"GOOGL,AMZN,AAPL,PEP,JNJ,PFE,MRK,ABBV,PG,KO,WMT,JPM,BAC,GS,V,XOM,CVX,COP,BP,BA,MMM,HON,GE,T,VZ,TMUS,HSY,DUK,SO,EXC,AEP,AMT,PLD,SPG,BHP,RIO,VALE,FCX",GOOGL,80,-1,SELL,0,HOLD,,NA,False,False,True,,,,,force_sell,strong_trend
LSTM3y_All_BB,LSTM3y,BB,"GOOGL,AMZN,AAPL,PEP,JNJ,PFE,MRK,ABBV,PG,KO,WMT,JPM,BAC,GS,V,XOM,CVX,COP,BP,BA,MMM,HON,GE,T,VZ,TMUS,HSY,DUK,SO,EXC,AEP,AMT,PLD,SPG,BHP,RIO,VALE,FCX",GOOGL,82,1,BUY,0,HOLD,,NA,False,False,True,,,,,force_buy,strong_trend
LSTM3y_All_BB,LSTM3y,BB,"GOOGL,AMZN,AAPL,PEP,JNJ,PFE,MRK,ABBV,PG,KO,WMT,JPM,BAC,GS,V,XOM,CVX,COP,BP,BA,MMM,HON,GE,T,VZ,TMUS,HSY,DUK,SO,EXC,AEP,AMT,PLD,SPG,BHP,RIO,VALE,FCX",GOOGL,82,-1,SELL,0,HOLD,,NA,False,False,True,,,,,force_sell,strong_trend
LSTM3y_All_BB,LSTM3y,BB,"GOOGL,AMZN,AAPL,PEP,JNJ,PFE,MRK,ABBV,PG,KO,WMT,JPM,BAC,GS,V,XOM,CVX,COP,BP,BA,MMM,HON,GE,T,VZ,TMUS,HSY,DUK,SO,EXC,AEP,AMT,PLD,SPG,BHP,RIO,VALE,FCX",GOOGL,279,1,BUY,1,BUY,1.0,BUY,True,True,True,0.0,0.0,0.0,0.0,force_buy,strong_trend
LSTM3y_All_BB,LSTM3y,BB,"GOOGL,AMZN,AAPL,PEP,JNJ,PFE,MRK,ABBV,PG,KO,WMT,JPM,BAC,GS,V,XOM,CVX,COP,BP,BA,MMM,HON,GE,T,VZ,TMUS,HSY,DUK,SO,EXC,AEP,AMT,PLD,SPG,BHP,RIO,VALE,FCX",GOOGL,279,-1,SELL,1,BUY,,NA,False,False,True,,,,,force_sell,strong_trend
LSTM3y_All_BB,LSTM3y,BB,"GOOGL,AMZN,AAPL,PEP,JNJ,PFE,MRK,ABBV,PG,KO,WMT,JPM,BAC,GS,V,XOM,CVX,COP,BP,BA,MMM,HON,GE,T,VZ,TMUS,HSY,DUK,SO,EXC,AEP,AMT,PLD,SPG,BHP,RIO,VALE,FCX",GOOGL,280,1,BUY,0,HOLD,,NA,False,False,True,,,,,force_buy,strong_trend
LSTM3y_All_BB,LSTM3y,BB,"GOOGL,AMZN,AAPL,PEP,JNJ,PFE,MRK,ABBV,PG,KO,WMT,JPM,BAC,GS,V,XOM,CVX,COP,BP,BA,MMM,HON,GE,T,VZ,TMUS,HSY,DUK,SO,EXC,AEP,AMT,PLD,SPG,BHP,RIO,VALE,FCX",GOOGL,280,-1,SELL,0,HOLD,,NA,False,False,True,,,,,force_sell,strong_trend
LSTM3y_All_BB,LSTM3y,BB,"GOOGL,AMZN,AAPL,PEP,JNJ,PFE,MRK,ABBV,PG,KO,WMT,JPM,BAC,GS,V,XOM,CVX,COP,BP,BA,MMM,HON,GE,T,VZ,TMUS,HSY,DUK,SO,EXC,AEP,AMT,PLD,SPG,BHP,RIO,VALE,FCX",GOOGL,32,1,BUY,0,HOLD,,NA,False,False,True,,,,,force_buy,weak_trend
LSTM3y_All_BB,LSTM3y,BB,"GOOGL,AMZN,AAPL,PEP,JNJ,PFE,MRK,ABBV,PG,KO,WMT,JPM,BAC,GS,V,XOM,CVX,COP,BP,BA,MMM,HON,GE,T,VZ,TMUS,HSY,DUK,SO,EXC,AEP,AMT,PLD,SPG,BHP,RIO,VALE,FCX",GOOGL,32,-1,SELL,0,HOLD,,NA,False,False,True,,,,,force_sell,weak_trend
LSTM3y_All_BB,LSTM3y,BB,"GOOGL,AMZN,AAPL,PEP,JNJ,PFE,MRK,ABBV,PG,KO,WMT,JPM,BAC,GS,V,XOM,CVX,COP,BP,BA,MMM,HON,GE,T,VZ,TMUS,HSY,DUK,SO,EXC,AEP,AMT,PLD,SPG,BHP,RIO,VALE,FCX",GOOGL,123,1,BUY,0,HOLD,,NA,False,False,True,,,,,force_buy,weak_trend
LSTM3y_All_BB,LSTM3y,BB,"GOOGL,AMZN,AAPL,PEP,JNJ,PFE,MRK,ABBV,PG,KO,WMT,JPM,BAC,GS,V,XOM,CVX,COP,BP,BA,MMM,HON,GE,T,VZ,TMUS,HSY,DUK,SO,EXC,AEP,AMT,PLD,SPG,BHP,RIO,VALE,FCX",GOOGL,123,-1,SELL,0,HOLD,,NA,False,False,True,,,,,force_sell,weak_trend
LSTM3y_All_BB,LSTM3y,BB,"GOOGL,AMZN,AAPL,PEP,JNJ,PFE,MRK,ABBV,PG,KO,WMT,JPM,BAC,GS,V,XOM,CVX,COP,BP,BA,MMM,HON,GE,T,VZ,TMUS,HSY,DUK,SO,EXC,AEP,AMT,PLD,SPG,BHP,RIO,VALE,FCX",GOOGL,153,1,BUY,0,HOLD,,NA,False,False,True,,,,,force_buy,weak_trend
LSTM3y_All_BB,LSTM3y,BB,"GOOGL,AMZN,AAPL,PEP,JNJ,PFE,MRK,ABBV,PG,KO,WMT,JPM,BAC,GS,V,XOM,CVX,COP,BP,BA,MMM,HON,GE,T,VZ,TMUS,HSY,DUK,SO,EXC,AEP,AMT,PLD,SPG,BHP,RIO,VALE,FCX",GOOGL,153,-1,SELL,0,HOLD,,NA,False,False,True,,,,,force_sell,weak_trend
LSTM3y_All_BB,LSTM3y,BB,"GOOGL,AMZN,AAPL,PEP,JNJ,PFE,MRK,ABBV,PG,KO,WMT,JPM,BAC,GS,V,XOM,CVX,COP,BP,BA,MMM,HON,GE,T,VZ,TMUS,HSY,DUK,SO,EXC,AEP,AMT,PLD,SPG,BHP,RIO,VALE,FCX",GOOGL,156,1,BUY,0,HOLD,,NA,False,False,True,,,,,force_buy,weak_trend
LSTM3y_All_BB,LSTM3y,BB,"GOOGL,AMZN,AAPL,PEP,JNJ,PFE,MRK,ABBV,PG,KO,WMT,JPM,BAC,GS,V,XOM,CVX,COP,BP,BA,MMM,HON,GE,T,VZ,TMUS,HSY,DUK,SO,EXC,AEP,AMT,PLD,SPG,BHP,RIO,VALE,FCX",GOOGL,156,-1,SELL,0,HOLD,,NA,False,False,True,,,,,force_sell,weak_trend
LSTM3y_All_BB,LSTM3y,BB,"GOOGL,AMZN,AAPL,PEP,JNJ,PFE,MRK,ABBV,PG,KO,WMT,JPM,BAC,GS,V,XOM,CVX,COP,BP,BA,MMM,HON,GE,T,VZ,TMUS,HSY,DUK,SO,EXC,AEP,AMT,PLD,SPG,BHP,RIO,VALE,FCX",GOOGL,173,1,BUY,0,HOLD,,NA,False,False,True,,,,,force_buy,weak_trend
LSTM3y_All_BB,LSTM3y,BB,"GOOGL,AMZN,AAPL,PEP,JNJ,PFE,MRK,ABBV,PG,KO,WMT,JPM,BAC,GS,V,XOM,CVX,COP,BP,BA,MMM,HON,GE,T,VZ,TMUS,HSY,DUK,SO,EXC,AEP,AMT,PLD,SPG,BHP,RIO,VALE,FCX",GOOGL,173,-1,SELL,0,HOLD,,NA,False,False,True,,,,,force_sell,weak_trend
LSTM3y_All_BB,LSTM3y,BB,"GOOGL,AMZN,AAPL,PEP,JNJ,PFE,MRK,ABBV,PG,KO,WMT,JPM,BAC,GS,V,XOM,CVX,COP,BP,BA,MMM,HON,GE,T,VZ,TMUS,HSY,DUK,SO,EXC,AEP,AMT,PLD,SPG,BHP,RIO,VALE,FCX",GOOGL,241,1,BUY,1,BUY,1.0,BUY,True,True,True,0.0,0.0,0.0,0.0,force_buy,weak_trend
LSTM3y_All_BB,LSTM3y,BB,"GOOGL,AMZN,AAPL,PEP,JNJ,PFE,MRK,ABBV,PG,KO,WMT,JPM,BAC,GS,V,XOM,CVX,COP,BP,BA,MMM,HON,GE,T,VZ,TMUS,HSY,DUK,SO,EXC,AEP,AMT,PLD,SPG,BHP,RIO,VALE,FCX",GOOGL,241,-1,SELL,1,BUY,,NA,False,False,True,,,,,force_sell,weak_trend
LSTM3y_All_BB,LSTM3y,BB,"GOOGL,AMZN,AAPL,PEP,JNJ,PFE,MRK,ABBV,PG,KO,WMT,JPM,BAC,GS,V,XOM,CVX,COP,BP,BA,MMM,HON,GE,T,VZ,TMUS,HSY,DUK,SO,EXC,AEP,AMT,PLD,SPG,BHP,RIO,VALE,FCX",GOOGL,243,1,BUY,1,BUY,1.0,BUY,True,True,True,0.0,0.0,0.0,0.0,force_buy,weak_trend
LSTM3y_All_BB,LSTM3y,BB,"GOOGL,AMZN,AAPL,PEP,JNJ,PFE,MRK,ABBV,PG,KO,WMT,JPM,BAC,GS,V,XOM,CVX,COP,BP,BA,MMM,HON,GE,T,VZ,TMUS,HSY,DUK,SO,EXC,AEP,AMT,PLD,SPG,BHP,RIO,VALE,FCX",GOOGL,243,-1,SELL,1,BUY,,NA,False,False,True,,,,,force_sell,weak_trend
LSTM3y_All_BB,LSTM3y,BB,"GOOGL,AMZN,AAPL,PEP,JNJ,PFE,MRK,ABBV,PG,KO,WMT,JPM,BAC,GS,V,XOM,CVX,COP,BP,BA,MMM,HON,GE,T,VZ,TMUS,HSY,DUK,SO,EXC,AEP,AMT,PLD,SPG,BHP,RIO,VALE,FCX",GOOGL,308,1,BUY,0,HOLD,,NA,False,False,True,,,,,force_buy,weak_trend
LSTM3y_All_BB,LSTM3y,BB,"GOOGL,AMZN,AAPL,PEP,JNJ,PFE,MRK,ABBV,PG,KO,WMT,JPM,BAC,GS,V,XOM,CVX,COP,BP,BA,MMM,HON,GE,T,VZ,TMUS,HSY,DUK,SO,EXC,AEP,AMT,PLD,SPG,BHP,RIO,VALE,FCX",GOOGL,308,-1,SELL,0,HOLD,,NA,False,False,True,,,,,force_sell,weak_trend
LSTM3y_All_BB,LSTM3y,BB,"GOOGL,AMZN,AAPL,PEP,JNJ,PFE,MRK,ABBV,PG,KO,WMT,JPM,BAC,GS,V,XOM,CVX,COP,BP,BA,MMM,HON,GE,T,VZ,TMUS,HSY,DUK,SO,EXC,AEP,AMT,PLD,SPG,BHP,RIO,VALE,FCX",GOOGL,342,1,BUY,1,BUY,1.0,BUY,True,True,True,0.0,0.0,0.0,0.0,force_buy,weak_trend
LSTM3y_All_BB,LSTM3y,BB,"GOOGL,AMZN,AAPL,PEP,JNJ,PFE,MRK,ABBV,PG,KO,WMT,JPM,BAC,GS,V,XOM,CVX,COP,BP,BA,MMM,HON,GE,T,VZ,TMUS,HSY,DUK,SO,EXC,AEP,AMT,PLD,SPG,BHP,RIO,VALE,FCX",GOOGL,342,-1,SELL,1,BUY,,NA,False,False,True,,,,,force_sell,weak_trend
LSTM3y_All_BB,LSTM3y,BB,"GOOGL,AMZN,AAPL,PEP,JNJ,PFE,MRK,ABBV,PG,KO,WMT,JPM,BAC,GS,V,XOM,CVX,COP,BP,BA,MMM,HON,GE,T,VZ,TMUS,HSY,DUK,SO,EXC,AEP,AMT,PLD,SPG,BHP,RIO,VALE,FCX",GOOGL,343,1,BUY,0,HOLD,,NA,False,False,True,,,,,force_buy,weak_trend
LSTM3y_All_BB,LSTM3y,BB,"GOOGL,AMZN,AAPL,PEP,JNJ,PFE,MRK,ABBV,PG,KO,WMT,JPM,BAC,GS,V,XOM,CVX,COP,BP,BA,MMM,HON,GE,T,VZ,TMUS,HSY,DUK,SO,EXC,AEP,AMT,PLD,SPG,BHP,RIO,VALE,FCX",GOOGL,343,-1,SELL,0,HOLD,,NA,False,False,True,,,,,force_sell,weak_trend
LSTM3y_All_BB,LSTM3y,BB,"GOOGL,AMZN,AAPL,PEP,JNJ,PFE,MRK,ABBV,PG,KO,WMT,JPM,BAC,GS,V,XOM,CVX,COP,BP,BA,MMM,HON,GE,T,VZ,TMUS,HSY,DUK,SO,EXC,AEP,AMT,PLD,SPG,BHP,RIO,VALE,FCX",GOOGL,352,1,BUY,1,BUY,1.0,BUY,True,True,True,0.0,0.0,0.0,0.0,force_buy,weak_trend
LSTM3y_All_BB,LSTM3y,BB,"GOOGL,AMZN,AAPL,PEP,JNJ,PFE,MRK,ABBV,PG,KO,WMT,JPM,BAC,GS,V,XOM,CVX,COP,BP,BA,MMM,HON,GE,T,VZ,TMUS,HSY,DUK,SO,EXC,AEP,AMT,PLD,SPG,BHP,RIO,VALE,FCX",GOOGL,352,-1,SELL,1,BUY,,NA,False,False,True,,,,,force_sell,weak_trend
LSTM3y_All_BB,LSTM3y,BB,"GOOGL,AMZN,AAPL,PEP,JNJ,PFE,MRK,ABBV,PG,KO,WMT,JPM,BAC,GS,V,XOM,CVX,COP,BP,BA,MMM,HON,GE,T,VZ,TMUS,HSY,DUK,SO,EXC,AEP,AMT,PLD,SPG,BHP,RIO,VALE,FCX",GOOGL,477,1,BUY,1,BUY,1.0,BUY,True,True,True,0.0,0.0,0.0,0.0,force_buy,weak_trend
LSTM3y_All_BB,LSTM3y,BB,"GOOGL,AMZN,AAPL,PEP,JNJ,PFE,MRK,ABBV,PG,KO,WMT,JPM,BAC,GS,V,XOM,CVX,COP,BP,BA,MMM,HON,GE,T,VZ,TMUS,HSY,DUK,SO,EXC,AEP,AMT,PLD,SPG,BHP,RIO,VALE,FCX",GOOGL,477,-1,SELL,1,BUY,,NA,False,False,True,,,,,force_sell,weak_trend
LSTM3y_All_BB,LSTM3y,BB,"GOOGL,AMZN,AAPL,PEP,JNJ,PFE,MRK,ABBV,PG,KO,WMT,JPM,BAC,GS,V,XOM,CVX,COP,BP,BA,MMM,HON,GE,T,VZ,TMUS,HSY,DUK,SO,EXC,AEP,AMT,PLD,SPG,BHP,RIO,VALE,FCX",GOOGL,34,1,BUY,0,HOLD,,NA,False,False,True,,,,,force_buy,near_strategy_boundary
LSTM3y_All_BB,LSTM3y,BB,"GOOGL,AMZN,AAPL,PEP,JNJ,PFE,MRK,ABBV,PG,KO,WMT,JPM,BAC,GS,V,XOM,CVX,COP,BP,BA,MMM,HON,GE,T,VZ,TMUS,HSY,DUK,SO,EXC,AEP,AMT,PLD,SPG,BHP,RIO,VALE,FCX",GOOGL,34,-1,SELL,0,HOLD,,NA,False,False,True,,,,,force_sell,near_strategy_boundary
LSTM3y_All_BB,LSTM3y,BB,"GOOGL,AMZN,AAPL,PEP,JNJ,PFE,MRK,ABBV,PG,KO,WMT,JPM,BAC,GS,V,XOM,CVX,COP,BP,BA,MMM,HON,GE,T,VZ,TMUS,HSY,DUK,SO,EXC,AEP,AMT,PLD,SPG,BHP,RIO,VALE,FCX",GOOGL,126,1,BUY,0,HOLD,,NA,False,False,True,,,,,force_buy,near_strategy_boundary
LSTM3y_All_BB,LSTM3y,BB,"GOOGL,AMZN,AAPL,PEP,JNJ,PFE,MRK,ABBV,PG,KO,WMT,JPM,BAC,GS,V,XOM,CVX,COP,BP,BA,MMM,HON,GE,T,VZ,TMUS,HSY,DUK,SO,EXC,AEP,AMT,PLD,SPG,BHP,RIO,VALE,FCX",GOOGL,126,-1,SELL,0,HOLD,,NA,False,False,True,,,,,force_sell,near_strategy_boundary
LSTM3y_All_BB,LSTM3y,BB,"GOOGL,AMZN,AAPL,PEP,JNJ,PFE,MRK,ABBV,PG,KO,WMT,JPM,BAC,GS,V,XOM,CVX,COP,BP,BA,MMM,HON,GE,T,VZ,TMUS,HSY,DUK,SO,EXC,AEP,AMT,PLD,SPG,BHP,RIO,VALE,FCX",GOOGL,159,1,BUY,0,HOLD,,NA,False,False,True,,,,,force_buy,near_strategy_boundary
LSTM3y_All_BB,LSTM3y,BB,"GOOGL,AMZN,AAPL,PEP,JNJ,PFE,MRK,ABBV,PG,KO,WMT,JPM,BAC,GS,V,XOM,CVX,COP,BP,BA,MMM,HON,GE,T,VZ,TMUS,HSY,DUK,SO,EXC,AEP,AMT,PLD,SPG,BHP,RIO,VALE,FCX",GOOGL,159,-1,SELL,0,HOLD,,NA,False,False,True,,,,,force_sell,near_strategy_boundary
LSTM3y_All_BB,LSTM3y,BB,"GOOGL,AMZN,AAPL,PEP,JNJ,PFE,MRK,ABBV,PG,KO,WMT,JPM,BAC,GS,V,XOM,CVX,COP,BP,BA,MMM,HON,GE,T,VZ,TMUS,HSY,DUK,SO,EXC,AEP,AMT,PLD,SPG,BHP,RIO,VALE,FCX",GOOGL,160,1,BUY,0,HOLD,,NA,False,False,True,,,,,force_buy,near_strategy_boundary
LSTM3y_All_BB,LSTM3y,BB,"GOOGL,AMZN,AAPL,PEP,JNJ,PFE,MRK,ABBV,PG,KO,WMT,JPM,BAC,GS,V,XOM,CVX,COP,BP,BA,MMM,HON,GE,T,VZ,TMUS,HSY,DUK,SO,EXC,AEP,AMT,PLD,SPG,BHP,RIO,VALE,FCX",GOOGL,160,-1,SELL,0,HOLD,,NA,False,False,True,,,,,force_sell,near_strategy_boundary
LSTM3y_All_BB,LSTM3y,BB,"GOOGL,AMZN,AAPL,PEP,JNJ,PFE,MRK,ABBV,PG,KO,WMT,JPM,BAC,GS,V,XOM,CVX,COP,BP,BA,MMM,HON,GE,T,VZ,TMUS,HSY,DUK,SO,EXC,AEP,AMT,PLD,SPG,BHP,RIO,VALE,FCX",GOOGL,196,1,BUY,0,HOLD,,NA,False,False,True,,,,,force_buy,near_strategy_boundary
LSTM3y_All_BB,LSTM3y,BB,"GOOGL,AMZN,AAPL,PEP,JNJ,PFE,MRK,ABBV,PG,KO,WMT,JPM,BAC,GS,V,XOM,CVX,COP,BP,BA,MMM,HON,GE,T,VZ,TMUS,HSY,DUK,SO,EXC,AEP,AMT,PLD,SPG,BHP,RIO,VALE,FCX",GOOGL,196,-1,SELL,0,HOLD,,NA,False,False,True,,,,,force_sell,near_strategy_boundary
LSTM3y_All_BB,LSTM3y,BB,"GOOGL,AMZN,AAPL,PEP,JNJ,PFE,MRK,ABBV,PG,KO,WMT,JPM,BAC,GS,V,XOM,CVX,COP,BP,BA,MMM,HON,GE,T,VZ,TMUS,HSY,DUK,SO,EXC,AEP,AMT,PLD,SPG,BHP,RIO,VALE,FCX",GOOGL,204,1,BUY,0,HOLD,,NA,False,False,True,,,,,force_buy,near_strategy_boundary
LSTM3y_All_BB,LSTM3y,BB,"GOOGL,AMZN,AAPL,PEP,JNJ,PFE,MRK,ABBV,PG,KO,WMT,JPM,BAC,GS,V,XOM,CVX,COP,BP,BA,MMM,HON,GE,T,VZ,TMUS,HSY,DUK,SO,EXC,AEP,AMT,PLD,SPG,BHP,RIO,VALE,FCX",GOOGL,204,-1,SELL,0,HOLD,,NA,False,False,True,,,,,force_sell,near_strategy_boundary
LSTM3y_All_BB,LSTM3y,BB,"GOOGL,AMZN,AAPL,PEP,JNJ,PFE,MRK,ABBV,PG,KO,WMT,JPM,BAC,GS,V,XOM,CVX,COP,BP,BA,MMM,HON,GE,T,VZ,TMUS,HSY,DUK,SO,EXC,AEP,AMT,PLD,SPG,BHP,RIO,VALE,FCX",GOOGL,231,1,BUY,1,BUY,1.0,BUY,True,True,True,0.0,0.0,0.0,0.0,force_buy,near_strategy_boundary
LSTM3y_All_BB,LSTM3y,BB,"GOOGL,AMZN,AAPL,PEP,JNJ,PFE,MRK,ABBV,PG,KO,WMT,JPM,BAC,GS,V,XOM,CVX,COP,BP,BA,MMM,HON,GE,T,VZ,TMUS,HSY,DUK,SO,EXC,AEP,AMT,PLD,SPG,BHP,RIO,VALE,FCX",GOOGL,231,-1,SELL,1,BUY,,NA,False,False,True,,,,,force_sell,near_strategy_boundary
LSTM3y_All_BB,LSTM3y,BB,"GOOGL,AMZN,AAPL,PEP,JNJ,PFE,MRK,ABBV,PG,KO,WMT,JPM,BAC,GS,V,XOM,CVX,COP,BP,BA,MMM,HON,GE,T,VZ,TMUS,HSY,DUK,SO,EXC,AEP,AMT,PLD,SPG,BHP,RIO,VALE,FCX",GOOGL,262,1,BUY,0,HOLD,,NA,False,False,True,,,,,force_buy,near_strategy_boundary
LSTM3y_All_BB,LSTM3y,BB,"GOOGL,AMZN,AAPL,PEP,JNJ,PFE,MRK,ABBV,PG,KO,WMT,JPM,BAC,GS,V,XOM,CVX,COP,BP,BA,MMM,HON,GE,T,VZ,TMUS,HSY,DUK,SO,EXC,AEP,AMT,PLD,SPG,BHP,RIO,VALE,FCX",GOOGL,262,-1,SELL,0,HOLD,,NA,False,False,True,,,,,force_sell,near_strategy_boundary
LSTM3y_All_BB,LSTM3y,BB,"GOOGL,AMZN,AAPL,PEP,JNJ,PFE,MRK,ABBV,PG,KO,WMT,JPM,BAC,GS,V,XOM,CVX,COP,BP,BA,MMM,HON,GE,T,VZ,TMUS,HSY,DUK,SO,EXC,AEP,AMT,PLD,SPG,BHP,RIO,VALE,FCX",GOOGL,341,1,BUY,0,HOLD,,NA,False,False,True,,,,,force_buy,near_strategy_boundary
LSTM3y_All_BB,LSTM3y,BB,"GOOGL,AMZN,AAPL,PEP,JNJ,PFE,MRK,ABBV,PG,KO,WMT,JPM,BAC,GS,V,XOM,CVX,COP,BP,BA,MMM,HON,GE,T,VZ,TMUS,HSY,DUK,SO,EXC,AEP,AMT,PLD,SPG,BHP,RIO,VALE,FCX",GOOGL,341,-1,SELL,0,HOLD,,NA,False,False,True,,,,,force_sell,near_strategy_boundary
LSTM3y_All_BB,LSTM3y,BB,"GOOGL,AMZN,AAPL,PEP,JNJ,PFE,MRK,ABBV,PG,KO,WMT,JPM,BAC,GS,V,XOM,CVX,COP,BP,BA,MMM,HON,GE,T,VZ,TMUS,HSY,DUK,SO,EXC,AEP,AMT,PLD,SPG,BHP,RIO,VALE,FCX",GOOGL,384,1,BUY,0,HOLD,,NA,False,False,True,,,,,force_buy,near_strategy_boundary
LSTM3y_All_BB,LSTM3y,BB,"GOOGL,AMZN,AAPL,PEP,JNJ,PFE,MRK,ABBV,PG,KO,WMT,JPM,BAC,GS,V,XOM,CVX,COP,BP,BA,MMM,HON,GE,T,VZ,TMUS,HSY,DUK,SO,EXC,AEP,AMT,PLD,SPG,BHP,RIO,VALE,FCX",GOOGL,384,-1,SELL,0,HOLD,,NA,False,False,True,,,,,force_sell,near_strategy_boundary
LSTM3y_All_BB,LSTM3y,BB,"GOOGL,AMZN,AAPL,PEP,JNJ,PFE,MRK,ABBV,PG,KO,WMT,JPM,BAC,GS,V,XOM,CVX,COP,BP,BA,MMM,HON,GE,T,VZ,TMUS,HSY,DUK,SO,EXC,AEP,AMT,PLD,SPG,BHP,RIO,VALE,FCX",GOOGL,392,1,BUY,1,BUY,1.0,BUY,True,True,True,0.0,0.0,0.0,0.0,force_buy,near_strategy_boundary
LSTM3y_All_BB,LSTM3y,BB,"GOOGL,AMZN,AAPL,PEP,JNJ,PFE,MRK,ABBV,PG,KO,WMT,JPM,BAC,GS,V,XOM,CVX,COP,BP,BA,MMM,HON,GE,T,VZ,TMUS,HSY,DUK,SO,EXC,AEP,AMT,PLD,SPG,BHP,RIO,VALE,FCX",GOOGL,392,-1,SELL,1,BUY,,NA,False,False,True,,,,,force_sell,near_strategy_boundary
LSTM3y_All_BB,LSTM3y,BB,"GOOGL,AMZN,AAPL,PEP,JNJ,PFE,MRK,ABBV,PG,KO,WMT,JPM,BAC,GS,V,XOM,CVX,COP,BP,BA,MMM,HON,GE,T,VZ,TMUS,HSY,DUK,SO,EXC,AEP,AMT,PLD,SPG,BHP,RIO,VALE,FCX",GOOGL,412,1,BUY,1,BUY,1.0,BUY,True,True,True,0.0,0.0,0.0,0.0,force_buy,near_strategy_boundary
LSTM3y_All_BB,LSTM3y,BB,"GOOGL,AMZN,AAPL,PEP,JNJ,PFE,MRK,ABBV,PG,KO,WMT,JPM,BAC,GS,V,XOM,CVX,COP,BP,BA,MMM,HON,GE,T,VZ,TMUS,HSY,DUK,SO,EXC,AEP,AMT,PLD,SPG,BHP,RIO,VALE,FCX",GOOGL,412,-1,SELL,1,BUY,,NA,False,False,True,,,,,force_sell,near_strategy_boundary
LSTM13y_All_BB,LSTM,BB,"GOOGL,AMZN,AAPL,PEP,JNJ,PFE,MRK,ABBV,PG,KO,WMT,JPM,BAC,GS,V,XOM,CVX,COP,BP,BA,MMM,HON,GE,T,VZ,TMUS,HSY,DUK,SO,EXC,AEP,AMT,PLD,SPG,BHP,RIO,VALE,FCX",GOOGL,30,1,BUY,0,HOLD,,NA,False,False,True,,,,,force_buy,uniform
LSTM13y_All_BB,LSTM,BB,"GOOGL,AMZN,AAPL,PEP,JNJ,PFE,MRK,ABBV,PG,KO,WMT,JPM,BAC,GS,V,XOM,CVX,COP,BP,BA,MMM,HON,GE,T,VZ,TMUS,HSY,DUK,SO,EXC,AEP,AMT,PLD,SPG,BHP,RIO,VALE,FCX",GOOGL,30,-1,SELL,0,HOLD,,NA,False,False,True,,,,,force_sell,uniform
LSTM13y_All_BB,LSTM,BB,"GOOGL,AMZN,AAPL,PEP,JNJ,PFE,MRK,ABBV,PG,KO,WMT,JPM,BAC,GS,V,XOM,CVX,COP,BP,BA,MMM,HON,GE,T,VZ,TMUS,HSY,DUK,SO,EXC,AEP,AMT,PLD,SPG,BHP,RIO,VALE,FCX",GOOGL,74,1,BUY,0,HOLD,,NA,False,False,True,,,,,force_buy,uniform
LSTM13y_All_BB,LSTM,BB,"GOOGL,AMZN,AAPL,PEP,JNJ,PFE,MRK,ABBV,PG,KO,WMT,JPM,BAC,GS,V,XOM,CVX,COP,BP,BA,MMM,HON,GE,T,VZ,TMUS,HSY,DUK,SO,EXC,AEP,AMT,PLD,SPG,BHP,RIO,VALE,FCX",GOOGL,74,-1,SELL,0,HOLD,,NA,False,False,True,,,,,force_sell,uniform
LSTM13y_All_BB,LSTM,BB,"GOOGL,AMZN,AAPL,PEP,JNJ,PFE,MRK,ABBV,PG,KO,WMT,JPM,BAC,GS,V,XOM,CVX,COP,BP,BA,MMM,HON,GE,T,VZ,TMUS,HSY,DUK,SO,EXC,AEP,AMT,PLD,SPG,BHP,RIO,VALE,FCX",GOOGL,118,1,BUY,0,HOLD,,NA,False,False,True,,,,,force_buy,uniform
LSTM13y_All_BB,LSTM,BB,"GOOGL,AMZN,AAPL,PEP,JNJ,PFE,MRK,ABBV,PG,KO,WMT,JPM,BAC,GS,V,XOM,CVX,COP,BP,BA,MMM,HON,GE,T,VZ,TMUS,HSY,DUK,SO,EXC,AEP,AMT,PLD,SPG,BHP,RIO,VALE,FCX",GOOGL,118,-1,SELL,0,HOLD,,NA,False,False,True,,,,,force_sell,uniform
LSTM13y_All_BB,LSTM,BB,"GOOGL,AMZN,AAPL,PEP,JNJ,PFE,MRK,ABBV,PG,KO,WMT,JPM,BAC,GS,V,XOM,CVX,COP,BP,BA,MMM,HON,GE,T,VZ,TMUS,HSY,DUK,SO,EXC,AEP,AMT,PLD,SPG,BHP,RIO,VALE,FCX",GOOGL,162,1,BUY,0,HOLD,,NA,False,False,True,,,,,force_buy,uniform
LSTM13y_All_BB,LSTM,BB,"GOOGL,AMZN,AAPL,PEP,JNJ,PFE,MRK,ABBV,PG,KO,WMT,JPM,BAC,GS,V,XOM,CVX,COP,BP,BA,MMM,HON,GE,T,VZ,TMUS,HSY,DUK,SO,EXC,AEP,AMT,PLD,SPG,BHP,RIO,VALE,FCX",GOOGL,162,-1,SELL,0,HOLD,,NA,False,False,True,,,,,force_sell,uniform
LSTM13y_All_BB,LSTM,BB,"GOOGL,AMZN,AAPL,PEP,JNJ,PFE,MRK,ABBV,PG,KO,WMT,JPM,BAC,GS,V,XOM,CVX,COP,BP,BA,MMM,HON,GE,T,VZ,TMUS,HSY,DUK,SO,EXC,AEP,AMT,PLD,SPG,BHP,RIO,VALE,FCX",GOOGL,206,1,BUY,0,HOLD,,NA,False,False,True,,,,,force_buy,uniform
LSTM13y_All_BB,LSTM,BB,"GOOGL,AMZN,AAPL,PEP,JNJ,PFE,MRK,ABBV,PG,KO,WMT,JPM,BAC,GS,V,XOM,CVX,COP,BP,BA,MMM,HON,GE,T,VZ,TMUS,HSY,DUK,SO,EXC,AEP,AMT,PLD,SPG,BHP,RIO,VALE,FCX",GOOGL,206,-1,SELL,0,HOLD,,NA,False,False,True,,,,,force_sell,uniform
LSTM13y_All_BB,LSTM,BB,"GOOGL,AMZN,AAPL,PEP,JNJ,PFE,MRK,ABBV,PG,KO,WMT,JPM,BAC,GS,V,XOM,CVX,COP,BP,BA,MMM,HON,GE,T,VZ,TMUS,HSY,DUK,SO,EXC,AEP,AMT,PLD,SPG,BHP,RIO,VALE,FCX",GOOGL,250,1,BUY,0,HOLD,,NA,False,False,True,,,,,force_buy,uniform
LSTM13y_All_BB,LSTM,BB,"GOOGL,AMZN,AAPL,PEP,JNJ,PFE,MRK,ABBV,PG,KO,WMT,JPM,BAC,GS,V,XOM,CVX,COP,BP,BA,MMM,HON,GE,T,VZ,TMUS,HSY,DUK,SO,EXC,AEP,AMT,PLD,SPG,BHP,RIO,VALE,FCX",GOOGL,250,-1,SELL,0,HOLD,,NA,False,False,True,,,,,force_sell,uniform
LSTM13y_All_BB,LSTM,BB,"GOOGL,AMZN,AAPL,PEP,JNJ,PFE,MRK,ABBV,PG,KO,WMT,JPM,BAC,GS,V,XOM,CVX,COP,BP,BA,MMM,HON,GE,T,VZ,TMUS,HSY,DUK,SO,EXC,AEP,AMT,PLD,SPG,BHP,RIO,VALE,FCX",GOOGL,293,1,BUY,0,HOLD,,NA,False,False,True,,,,,force_buy,uniform
LSTM13y_All_BB,LSTM,BB,"GOOGL,AMZN,AAPL,PEP,JNJ,PFE,MRK,ABBV,PG,KO,WMT,JPM,BAC,GS,V,XOM,CVX,COP,BP,BA,MMM,HON,GE,T,VZ,TMUS,HSY,DUK,SO,EXC,AEP,AMT,PLD,SPG,BHP,RIO,VALE,FCX",GOOGL,293,-1,SELL,0,HOLD,,NA,False,False,True,,,,,force_sell,uniform
LSTM13y_All_BB,LSTM,BB,"GOOGL,AMZN,AAPL,PEP,JNJ,PFE,MRK,ABBV,PG,KO,WMT,JPM,BAC,GS,V,XOM,CVX,COP,BP,BA,MMM,HON,GE,T,VZ,TMUS,HSY,DUK,SO,EXC,AEP,AMT,PLD,SPG,BHP,RIO,VALE,FCX",GOOGL,337,1,BUY,0,HOLD,,NA,False,False,True,,,,,force_buy,uniform
LSTM13y_All_BB,LSTM,BB,"GOOGL,AMZN,AAPL,PEP,JNJ,PFE,MRK,ABBV,PG,KO,WMT,JPM,BAC,GS,V,XOM,CVX,COP,BP,BA,MMM,HON,GE,T,VZ,TMUS,HSY,DUK,SO,EXC,AEP,AMT,PLD,SPG,BHP,RIO,VALE,FCX",GOOGL,337,-1,SELL,0,HOLD,,NA,False,False,True,,,,,force_sell,uniform
LSTM13y_All_BB,LSTM,BB,"GOOGL,AMZN,AAPL,PEP,JNJ,PFE,MRK,ABBV,PG,KO,WMT,JPM,BAC,GS,V,XOM,CVX,COP,BP,BA,MMM,HON,GE,T,VZ,TMUS,HSY,DUK,SO,EXC,AEP,AMT,PLD,SPG,BHP,RIO,VALE,FCX",GOOGL,381,1,BUY,0,HOLD,,NA,False,False,True,,,,,force_buy,uniform
LSTM13y_All_BB,LSTM,BB,"GOOGL,AMZN,AAPL,PEP,JNJ,PFE,MRK,ABBV,PG,KO,WMT,JPM,BAC,GS,V,XOM,CVX,COP,BP,BA,MMM,HON,GE,T,VZ,TMUS,HSY,DUK,SO,EXC,AEP,AMT,PLD,SPG,BHP,RIO,VALE,FCX",GOOGL,381,-1,SELL,0,HOLD,,NA,False,False,True,,,,,force_sell,uniform
LSTM13y_All_BB,LSTM,BB,"GOOGL,AMZN,AAPL,PEP,JNJ,PFE,MRK,ABBV,PG,KO,WMT,JPM,BAC,GS,V,XOM,CVX,COP,BP,BA,MMM,HON,GE,T,VZ,TMUS,HSY,DUK,SO,EXC,AEP,AMT,PLD,SPG,BHP,RIO,VALE,FCX",GOOGL,425,1,BUY,1,BUY,1.0,BUY,True,True,True,0.0,0.0,0.0,0.0,force_buy,uniform
LSTM13y_All_BB,LSTM,BB,"GOOGL,AMZN,AAPL,PEP,JNJ,PFE,MRK,ABBV,PG,KO,WMT,JPM,BAC,GS,V,XOM,CVX,COP,BP,BA,MMM,HON,GE,T,VZ,TMUS,HSY,DUK,SO,EXC,AEP,AMT,PLD,SPG,BHP,RIO,VALE,FCX",GOOGL,425,-1,SELL,1,BUY,,NA,False,False,True,,,,,force_sell,uniform
LSTM13y_All_BB,LSTM,BB,"GOOGL,AMZN,AAPL,PEP,JNJ,PFE,MRK,ABBV,PG,KO,WMT,JPM,BAC,GS,V,XOM,CVX,COP,BP,BA,MMM,HON,GE,T,VZ,TMUS,HSY,DUK,SO,EXC,AEP,AMT,PLD,SPG,BHP,RIO,VALE,FCX",GOOGL,469,1,BUY,1,BUY,1.0,BUY,True,True,True,0.0,0.0,0.0,0.0,force_buy,uniform
LSTM13y_All_BB,LSTM,BB,"GOOGL,AMZN,AAPL,PEP,JNJ,PFE,MRK,ABBV,PG,KO,WMT,JPM,BAC,GS,V,XOM,CVX,COP,BP,BA,MMM,HON,GE,T,VZ,TMUS,HSY,DUK,SO,EXC,AEP,AMT,PLD,SPG,BHP,RIO,VALE,FCX",GOOGL,469,-1,SELL,1,BUY,,NA,False,False,True,,,,,force_sell,uniform
LSTM13y_All_BB,LSTM,BB,"GOOGL,AMZN,AAPL,PEP,JNJ,PFE,MRK,ABBV,PG,KO,WMT,JPM,BAC,GS,V,XOM,CVX,COP,BP,BA,MMM,HON,GE,T,VZ,TMUS,HSY,DUK,SO,EXC,AEP,AMT,PLD,SPG,BHP,RIO,VALE,FCX",GOOGL,513,1,BUY,0,HOLD,,NA,False,False,True,,,,,force_buy,uniform
LSTM13y_All_BB,LSTM,BB,"GOOGL,AMZN,AAPL,PEP,JNJ,PFE,MRK,ABBV,PG,KO,WMT,JPM,BAC,GS,V,XOM,CVX,COP,BP,BA,MMM,HON,GE,T,VZ,TMUS,HSY,DUK,SO,EXC,AEP,AMT,PLD,SPG,BHP,RIO,VALE,FCX",GOOGL,513,-1,SELL,0,HOLD,,NA,False,False,True,,,,,force_sell,uniform
LSTM13y_All_BB,LSTM,BB,"GOOGL,AMZN,AAPL,PEP,JNJ,PFE,MRK,ABBV,PG,KO,WMT,JPM,BAC,GS,V,XOM,CVX,COP,BP,BA,MMM,HON,GE,T,VZ,TMUS,HSY,DUK,SO,EXC,AEP,AMT,PLD,SPG,BHP,RIO,VALE,FCX",GOOGL,47,1,BUY,0,HOLD,,NA,False,False,True,,,,,force_buy,high_volatility
LSTM13y_All_BB,LSTM,BB,"GOOGL,AMZN,AAPL,PEP,JNJ,PFE,MRK,ABBV,PG,KO,WMT,JPM,BAC,GS,V,XOM,CVX,COP,BP,BA,MMM,HON,GE,T,VZ,TMUS,HSY,DUK,SO,EXC,AEP,AMT,PLD,SPG,BHP,RIO,VALE,FCX",GOOGL,47,-1,SELL,0,HOLD,,NA,False,False,True,,,,,force_sell,high_volatility
LSTM13y_All_BB,LSTM,BB,"GOOGL,AMZN,AAPL,PEP,JNJ,PFE,MRK,ABBV,PG,KO,WMT,JPM,BAC,GS,V,XOM,CVX,COP,BP,BA,MMM,HON,GE,T,VZ,TMUS,HSY,DUK,SO,EXC,AEP,AMT,PLD,SPG,BHP,RIO,VALE,FCX",GOOGL,48,1,BUY,0,HOLD,,NA,False,False,True,,,,,force_buy,high_volatility
LSTM13y_All_BB,LSTM,BB,"GOOGL,AMZN,AAPL,PEP,JNJ,PFE,MRK,ABBV,PG,KO,WMT,JPM,BAC,GS,V,XOM,CVX,COP,BP,BA,MMM,HON,GE,T,VZ,TMUS,HSY,DUK,SO,EXC,AEP,AMT,PLD,SPG,BHP,RIO,VALE,FCX",GOOGL,48,-1,SELL,0,HOLD,,NA,False,False,True,,,,,force_sell,high_volatility
LSTM13y_All_BB,LSTM,BB,"GOOGL,AMZN,AAPL,PEP,JNJ,PFE,MRK,ABBV,PG,KO,WMT,JPM,BAC,GS,V,XOM,CVX,COP,BP,BA,MMM,HON,GE,T,VZ,TMUS,HSY,DUK,SO,EXC,AEP,AMT,PLD,SPG,BHP,RIO,VALE,FCX",GOOGL,49,1,BUY,0,HOLD,,NA,False,False,True,,,,,force_buy,high_volatility
LSTM13y_All_BB,LSTM,BB,"GOOGL,AMZN,AAPL,PEP,JNJ,PFE,MRK,ABBV,PG,KO,WMT,JPM,BAC,GS,V,XOM,CVX,COP,BP,BA,MMM,HON,GE,T,VZ,TMUS,HSY,DUK,SO,EXC,AEP,AMT,PLD,SPG,BHP,RIO,VALE,FCX",GOOGL,49,-1,SELL,0,HOLD,,NA,False,False,True,,,,,force_sell,high_volatility
LSTM13y_All_BB,LSTM,BB,"GOOGL,AMZN,AAPL,PEP,JNJ,PFE,MRK,ABBV,PG,KO,WMT,JPM,BAC,GS,V,XOM,CVX,COP,BP,BA,MMM,HON,GE,T,VZ,TMUS,HSY,DUK,SO,EXC,AEP,AMT,PLD,SPG,BHP,RIO,VALE,FCX",GOOGL,50,1,BUY,0,HOLD,,NA,False,False,True,,,,,force_buy,high_volatility
LSTM13y_All_BB,LSTM,BB,"GOOGL,AMZN,AAPL,PEP,JNJ,PFE,MRK,ABBV,PG,KO,WMT,JPM,BAC,GS,V,XOM,CVX,COP,BP,BA,MMM,HON,GE,T,VZ,TMUS,HSY,DUK,SO,EXC,AEP,AMT,PLD,SPG,BHP,RIO,VALE,FCX",GOOGL,50,-1,SELL,0,HOLD,,NA,False,False,True,,,,,force_sell,high_volatility
LSTM13y_All_BB,LSTM,BB,"GOOGL,AMZN,AAPL,PEP,JNJ,PFE,MRK,ABBV,PG,KO,WMT,JPM,BAC,GS,V,XOM,CVX,COP,BP,BA,MMM,HON,GE,T,VZ,TMUS,HSY,DUK,SO,EXC,AEP,AMT,PLD,SPG,BHP,RIO,VALE,FCX",GOOGL,51,1,BUY,0,HOLD,,NA,False,False,True,,,,,force_buy,high_volatility
LSTM13y_All_BB,LSTM,BB,"GOOGL,AMZN,AAPL,PEP,JNJ,PFE,MRK,ABBV,PG,KO,WMT,JPM,BAC,GS,V,XOM,CVX,COP,BP,BA,MMM,HON,GE,T,VZ,TMUS,HSY,DUK,SO,EXC,AEP,AMT,PLD,SPG,BHP,RIO,VALE,FCX",GOOGL,51,-1,SELL,0,HOLD,,NA,False,False,True,,,,,force_sell,high_volatility
LSTM13y_All_BB,LSTM,BB,"GOOGL,AMZN,AAPL,PEP,JNJ,PFE,MRK,ABBV,PG,KO,WMT,JPM,BAC,GS,V,XOM,CVX,COP,BP,BA,MMM,HON,GE,T,VZ,TMUS,HSY,DUK,SO,EXC,AEP,AMT,PLD,SPG,BHP,RIO,VALE,FCX",GOOGL,52,1,BUY,0,HOLD,,NA,False,False,True,,,,,force_buy,high_volatility
LSTM13y_All_BB,LSTM,BB,"GOOGL,AMZN,AAPL,PEP,JNJ,PFE,MRK,ABBV,PG,KO,WMT,JPM,BAC,GS,V,XOM,CVX,COP,BP,BA,MMM,HON,GE,T,VZ,TMUS,HSY,DUK,SO,EXC,AEP,AMT,PLD,SPG,BHP,RIO,VALE,FCX",GOOGL,52,-1,SELL,0,HOLD,,NA,False,False,True,,,,,force_sell,high_volatility
LSTM13y_All_BB,LSTM,BB,"GOOGL,AMZN,AAPL,PEP,JNJ,PFE,MRK,ABBV,PG,KO,WMT,JPM,BAC,GS,V,XOM,CVX,COP,BP,BA,MMM,HON,GE,T,VZ,TMUS,HSY,DUK,SO,EXC,AEP,AMT,PLD,SPG,BHP,RIO,VALE,FCX",GOOGL,53,1,BUY,0,HOLD,,NA,False,False,True,,,,,force_buy,high_volatility
LSTM13y_All_BB,LSTM,BB,"GOOGL,AMZN,AAPL,PEP,JNJ,PFE,MRK,ABBV,PG,KO,WMT,JPM,BAC,GS,V,XOM,CVX,COP,BP,BA,MMM,HON,GE,T,VZ,TMUS,HSY,DUK,SO,EXC,AEP,AMT,PLD,SPG,BHP,RIO,VALE,FCX",GOOGL,53,-1,SELL,0,HOLD,,NA,False,False,True,,,,,force_sell,high_volatility
LSTM13y_All_BB,LSTM,BB,"GOOGL,AMZN,AAPL,PEP,JNJ,PFE,MRK,ABBV,PG,KO,WMT,JPM,BAC,GS,V,XOM,CVX,COP,BP,BA,MMM,HON,GE,T,VZ,TMUS,HSY,DUK,SO,EXC,AEP,AMT,PLD,SPG,BHP,RIO,VALE,FCX",GOOGL,54,1,BUY,0,HOLD,,NA,False,False,True,,,,,force_buy,high_volatility
LSTM13y_All_BB,LSTM,BB,"GOOGL,AMZN,AAPL,PEP,JNJ,PFE,MRK,ABBV,PG,KO,WMT,JPM,BAC,GS,V,XOM,CVX,COP,BP,BA,MMM,HON,GE,T,VZ,TMUS,HSY,DUK,SO,EXC,AEP,AMT,PLD,SPG,BHP,RIO,VALE,FCX",GOOGL,54,-1,SELL,0,HOLD,,NA,False,False,True,,,,,force_sell,high_volatility
LSTM13y_All_BB,LSTM,BB,"GOOGL,AMZN,AAPL,PEP,JNJ,PFE,MRK,ABBV,PG,KO,WMT,JPM,BAC,GS,V,XOM,CVX,COP,BP,BA,MMM,HON,GE,T,VZ,TMUS,HSY,DUK,SO,EXC,AEP,AMT,PLD,SPG,BHP,RIO,VALE,FCX",GOOGL,276,1,BUY,0,HOLD,,NA,False,False,True,,,,,force_buy,high_volatility
LSTM13y_All_BB,LSTM,BB,"GOOGL,AMZN,AAPL,PEP,JNJ,PFE,MRK,ABBV,PG,KO,WMT,JPM,BAC,GS,V,XOM,CVX,COP,BP,BA,MMM,HON,GE,T,VZ,TMUS,HSY,DUK,SO,EXC,AEP,AMT,PLD,SPG,BHP,RIO,VALE,FCX",GOOGL,276,-1,SELL,0,HOLD,,NA,False,False,True,,,,,force_sell,high_volatility
LSTM13y_All_BB,LSTM,BB,"GOOGL,AMZN,AAPL,PEP,JNJ,PFE,MRK,ABBV,PG,KO,WMT,JPM,BAC,GS,V,XOM,CVX,COP,BP,BA,MMM,HON,GE,T,VZ,TMUS,HSY,DUK,SO,EXC,AEP,AMT,PLD,SPG,BHP,RIO,VALE,FCX",GOOGL,277,1,BUY,1,BUY,1.0,BUY,True,True,True,0.0,0.0,0.0,0.0,force_buy,high_volatility
LSTM13y_All_BB,LSTM,BB,"GOOGL,AMZN,AAPL,PEP,JNJ,PFE,MRK,ABBV,PG,KO,WMT,JPM,BAC,GS,V,XOM,CVX,COP,BP,BA,MMM,HON,GE,T,VZ,TMUS,HSY,DUK,SO,EXC,AEP,AMT,PLD,SPG,BHP,RIO,VALE,FCX",GOOGL,277,-1,SELL,1,BUY,,NA,False,False,True,,,,,force_sell,high_volatility
LSTM13y_All_BB,LSTM,BB,"GOOGL,AMZN,AAPL,PEP,JNJ,PFE,MRK,ABBV,PG,KO,WMT,JPM,BAC,GS,V,XOM,CVX,COP,BP,BA,MMM,HON,GE,T,VZ,TMUS,HSY,DUK,SO,EXC,AEP,AMT,PLD,SPG,BHP,RIO,VALE,FCX",GOOGL,278,1,BUY,0,HOLD,,NA,False,False,True,,,,,force_buy,high_volatility
LSTM13y_All_BB,LSTM,BB,"GOOGL,AMZN,AAPL,PEP,JNJ,PFE,MRK,ABBV,PG,KO,WMT,JPM,BAC,GS,V,XOM,CVX,COP,BP,BA,MMM,HON,GE,T,VZ,TMUS,HSY,DUK,SO,EXC,AEP,AMT,PLD,SPG,BHP,RIO,VALE,FCX",GOOGL,278,-1,SELL,0,HOLD,,NA,False,False,True,,,,,force_sell,high_volatility
LSTM13y_All_BB,LSTM,BB,"GOOGL,AMZN,AAPL,PEP,JNJ,PFE,MRK,ABBV,PG,KO,WMT,JPM,BAC,GS,V,XOM,CVX,COP,BP,BA,MMM,HON,GE,T,VZ,TMUS,HSY,DUK,SO,EXC,AEP,AMT,PLD,SPG,BHP,RIO,VALE,FCX",GOOGL,279,1,BUY,1,BUY,1.0,BUY,True,True,True,0.0,0.0,0.0,0.0,force_buy,high_volatility
LSTM13y_All_BB,LSTM,BB,"GOOGL,AMZN,AAPL,PEP,JNJ,PFE,MRK,ABBV,PG,KO,WMT,JPM,BAC,GS,V,XOM,CVX,COP,BP,BA,MMM,HON,GE,T,VZ,TMUS,HSY,DUK,SO,EXC,AEP,AMT,PLD,SPG,BHP,RIO,VALE,FCX",GOOGL,279,-1,SELL,1,BUY,,NA,False,False,True,,,,,force_sell,high_volatility
LSTM13y_All_BB,LSTM,BB,"GOOGL,AMZN,AAPL,PEP,JNJ,PFE,MRK,ABBV,PG,KO,WMT,JPM,BAC,GS,V,XOM,CVX,COP,BP,BA,MMM,HON,GE,T,VZ,TMUS,HSY,DUK,SO,EXC,AEP,AMT,PLD,SPG,BHP,RIO,VALE,FCX",GOOGL,49,1,BUY,0,HOLD,,NA,False,False,True,,,,,force_buy,high_pred_volatility
LSTM13y_All_BB,LSTM,BB,"GOOGL,AMZN,AAPL,PEP,JNJ,PFE,MRK,ABBV,PG,KO,WMT,JPM,BAC,GS,V,XOM,CVX,COP,BP,BA,MMM,HON,GE,T,VZ,TMUS,HSY,DUK,SO,EXC,AEP,AMT,PLD,SPG,BHP,RIO,VALE,FCX",GOOGL,49,-1,SELL,0,HOLD,,NA,False,False,True,,,,,force_sell,high_pred_volatility
LSTM13y_All_BB,LSTM,BB,"GOOGL,AMZN,AAPL,PEP,JNJ,PFE,MRK,ABBV,PG,KO,WMT,JPM,BAC,GS,V,XOM,CVX,COP,BP,BA,MMM,HON,GE,T,VZ,TMUS,HSY,DUK,SO,EXC,AEP,AMT,PLD,SPG,BHP,RIO,VALE,FCX",GOOGL,50,1,BUY,0,HOLD,,NA,False,False,True,,,,,force_buy,high_pred_volatility
LSTM13y_All_BB,LSTM,BB,"GOOGL,AMZN,AAPL,PEP,JNJ,PFE,MRK,ABBV,PG,KO,WMT,JPM,BAC,GS,V,XOM,CVX,COP,BP,BA,MMM,HON,GE,T,VZ,TMUS,HSY,DUK,SO,EXC,AEP,AMT,PLD,SPG,BHP,RIO,VALE,FCX",GOOGL,50,-1,SELL,0,HOLD,,NA,False,False,True,,,,,force_sell,high_pred_volatility
LSTM13y_All_BB,LSTM,BB,"GOOGL,AMZN,AAPL,PEP,JNJ,PFE,MRK,ABBV,PG,KO,WMT,JPM,BAC,GS,V,XOM,CVX,COP,BP,BA,MMM,HON,GE,T,VZ,TMUS,HSY,DUK,SO,EXC,AEP,AMT,PLD,SPG,BHP,RIO,VALE,FCX",GOOGL,51,1,BUY,0,HOLD,,NA,False,False,True,,,,,force_buy,high_pred_volatility
LSTM13y_All_BB,LSTM,BB,"GOOGL,AMZN,AAPL,PEP,JNJ,PFE,MRK,ABBV,PG,KO,WMT,JPM,BAC,GS,V,XOM,CVX,COP,BP,BA,MMM,HON,GE,T,VZ,TMUS,HSY,DUK,SO,EXC,AEP,AMT,PLD,SPG,BHP,RIO,VALE,FCX",GOOGL,51,-1,SELL,0,HOLD,,NA,False,False,True,,,,,force_sell,high_pred_volatility
LSTM13y_All_BB,LSTM,BB,"GOOGL,AMZN,AAPL,PEP,JNJ,PFE,MRK,ABBV,PG,KO,WMT,JPM,BAC,GS,V,XOM,CVX,COP,BP,BA,MMM,HON,GE,T,VZ,TMUS,HSY,DUK,SO,EXC,AEP,AMT,PLD,SPG,BHP,RIO,VALE,FCX",GOOGL,52,1,BUY,0,HOLD,,NA,False,False,True,,,,,force_buy,high_pred_volatility
LSTM13y_All_BB,LSTM,BB,"GOOGL,AMZN,AAPL,PEP,JNJ,PFE,MRK,ABBV,PG,KO,WMT,JPM,BAC,GS,V,XOM,CVX,COP,BP,BA,MMM,HON,GE,T,VZ,TMUS,HSY,DUK,SO,EXC,AEP,AMT,PLD,SPG,BHP,RIO,VALE,FCX",GOOGL,52,-1,SELL,0,HOLD,,NA,False,False,True,,,,,force_sell,high_pred_volatility
LSTM13y_All_BB,LSTM,BB,"GOOGL,AMZN,AAPL,PEP,JNJ,PFE,MRK,ABBV,PG,KO,WMT,JPM,BAC,GS,V,XOM,CVX,COP,BP,BA,MMM,HON,GE,T,VZ,TMUS,HSY,DUK,SO,EXC,AEP,AMT,PLD,SPG,BHP,RIO,VALE,FCX",GOOGL,53,1,BUY,0,HOLD,,NA,False,False,True,,,,,force_buy,high_pred_volatility
LSTM13y_All_BB,LSTM,BB,"GOOGL,AMZN,AAPL,PEP,JNJ,PFE,MRK,ABBV,PG,KO,WMT,JPM,BAC,GS,V,XOM,CVX,COP,BP,BA,MMM,HON,GE,T,VZ,TMUS,HSY,DUK,SO,EXC,AEP,AMT,PLD,SPG,BHP,RIO,VALE,FCX",GOOGL,53,-1,SELL,0,HOLD,,NA,False,False,True,,,,,force_sell,high_pred_volatility
LSTM13y_All_BB,LSTM,BB,"GOOGL,AMZN,AAPL,PEP,JNJ,PFE,MRK,ABBV,PG,KO,WMT,JPM,BAC,GS,V,XOM,CVX,COP,BP,BA,MMM,HON,GE,T,VZ,TMUS,HSY,DUK,SO,EXC,AEP,AMT,PLD,SPG,BHP,RIO,VALE,FCX",GOOGL,54,1,BUY,0,HOLD,,NA,False,False,True,,,,,force_buy,high_pred_volatility
LSTM13y_All_BB,LSTM,BB,"GOOGL,AMZN,AAPL,PEP,JNJ,PFE,MRK,ABBV,PG,KO,WMT,JPM,BAC,GS,V,XOM,CVX,COP,BP,BA,MMM,HON,GE,T,VZ,TMUS,HSY,DUK,SO,EXC,AEP,AMT,PLD,SPG,BHP,RIO,VALE,FCX",GOOGL,54,-1,SELL,0,HOLD,,NA,False,False,True,,,,,force_sell,high_pred_volatility
LSTM13y_All_BB,LSTM,BB,"GOOGL,AMZN,AAPL,PEP,JNJ,PFE,MRK,ABBV,PG,KO,WMT,JPM,BAC,GS,V,XOM,CVX,COP,BP,BA,MMM,HON,GE,T,VZ,TMUS,HSY,DUK,SO,EXC,AEP,AMT,PLD,SPG,BHP,RIO,VALE,FCX",GOOGL,55,1,BUY,0,HOLD,,NA,False,False,True,,,,,force_buy,high_pred_volatility
LSTM13y_All_BB,LSTM,BB,"GOOGL,AMZN,AAPL,PEP,JNJ,PFE,MRK,ABBV,PG,KO,WMT,JPM,BAC,GS,V,XOM,CVX,COP,BP,BA,MMM,HON,GE,T,VZ,TMUS,HSY,DUK,SO,EXC,AEP,AMT,PLD,SPG,BHP,RIO,VALE,FCX",GOOGL,55,-1,SELL,0,HOLD,,NA,False,False,True,,,,,force_sell,high_pred_volatility
LSTM13y_All_BB,LSTM,BB,"GOOGL,AMZN,AAPL,PEP,JNJ,PFE,MRK,ABBV,PG,KO,WMT,JPM,BAC,GS,V,XOM,CVX,COP,BP,BA,MMM,HON,GE,T,VZ,TMUS,HSY,DUK,SO,EXC,AEP,AMT,PLD,SPG,BHP,RIO,VALE,FCX",GOOGL,56,1,BUY,0,HOLD,,NA,False,False,True,,,,,force_buy,high_pred_volatility
LSTM13y_All_BB,LSTM,BB,"GOOGL,AMZN,AAPL,PEP,JNJ,PFE,MRK,ABBV,PG,KO,WMT,JPM,BAC,GS,V,XOM,CVX,COP,BP,BA,MMM,HON,GE,T,VZ,TMUS,HSY,DUK,SO,EXC,AEP,AMT,PLD,SPG,BHP,RIO,VALE,FCX",GOOGL,56,-1,SELL,0,HOLD,,NA,False,False,True,,,,,force_sell,high_pred_volatility
LSTM13y_All_BB,LSTM,BB,"GOOGL,AMZN,AAPL,PEP,JNJ,PFE,MRK,ABBV,PG,KO,WMT,JPM,BAC,GS,V,XOM,CVX,COP,BP,BA,MMM,HON,GE,T,VZ,TMUS,HSY,DUK,SO,EXC,AEP,AMT,PLD,SPG,BHP,RIO,VALE,FCX",GOOGL,277,1,BUY,1,BUY,1.0,BUY,True,True,True,0.0,0.0,0.0,0.0,force_buy,high_pred_volatility
LSTM13y_All_BB,LSTM,BB,"GOOGL,AMZN,AAPL,PEP,JNJ,PFE,MRK,ABBV,PG,KO,WMT,JPM,BAC,GS,V,XOM,CVX,COP,BP,BA,MMM,HON,GE,T,VZ,TMUS,HSY,DUK,SO,EXC,AEP,AMT,PLD,SPG,BHP,RIO,VALE,FCX",GOOGL,277,-1,SELL,1,BUY,,NA,False,False,True,,,,,force_sell,high_pred_volatility
LSTM13y_All_BB,LSTM,BB,"GOOGL,AMZN,AAPL,PEP,JNJ,PFE,MRK,ABBV,PG,KO,WMT,JPM,BAC,GS,V,XOM,CVX,COP,BP,BA,MMM,HON,GE,T,VZ,TMUS,HSY,DUK,SO,EXC,AEP,AMT,PLD,SPG,BHP,RIO,VALE,FCX",GOOGL,278,1,BUY,0,HOLD,,NA,False,False,True,,,,,force_buy,high_pred_volatility
LSTM13y_All_BB,LSTM,BB,"GOOGL,AMZN,AAPL,PEP,JNJ,PFE,MRK,ABBV,PG,KO,WMT,JPM,BAC,GS,V,XOM,CVX,COP,BP,BA,MMM,HON,GE,T,VZ,TMUS,HSY,DUK,SO,EXC,AEP,AMT,PLD,SPG,BHP,RIO,VALE,FCX",GOOGL,278,-1,SELL,0,HOLD,,NA,False,False,True,,,,,force_sell,high_pred_volatility
LSTM13y_All_BB,LSTM,BB,"GOOGL,AMZN,AAPL,PEP,JNJ,PFE,MRK,ABBV,PG,KO,WMT,JPM,BAC,GS,V,XOM,CVX,COP,BP,BA,MMM,HON,GE,T,VZ,TMUS,HSY,DUK,SO,EXC,AEP,AMT,PLD,SPG,BHP,RIO,VALE,FCX",GOOGL,279,1,BUY,1,BUY,1.0,BUY,True,True,True,0.0,0.0,0.0,0.0,force_buy,high_pred_volatility
LSTM13y_All_BB,LSTM,BB,"GOOGL,AMZN,AAPL,PEP,JNJ,PFE,MRK,ABBV,PG,KO,WMT,JPM,BAC,GS,V,XOM,CVX,COP,BP,BA,MMM,HON,GE,T,VZ,TMUS,HSY,DUK,SO,EXC,AEP,AMT,PLD,SPG,BHP,RIO,VALE,FCX",GOOGL,279,-1,SELL,1,BUY,,NA,False,False,True,,,,,force_sell,high_pred_volatility
LSTM13y_All_BB,LSTM,BB,"GOOGL,AMZN,AAPL,PEP,JNJ,PFE,MRK,ABBV,PG,KO,WMT,JPM,BAC,GS,V,XOM,CVX,COP,BP,BA,MMM,HON,GE,T,VZ,TMUS,HSY,DUK,SO,EXC,AEP,AMT,PLD,SPG,BHP,RIO,VALE,FCX",GOOGL,280,1,BUY,0,HOLD,,NA,False,False,True,,,,,force_buy,high_pred_volatility
LSTM13y_All_BB,LSTM,BB,"GOOGL,AMZN,AAPL,PEP,JNJ,PFE,MRK,ABBV,PG,KO,WMT,JPM,BAC,GS,V,XOM,CVX,COP,BP,BA,MMM,HON,GE,T,VZ,TMUS,HSY,DUK,SO,EXC,AEP,AMT,PLD,SPG,BHP,RIO,VALE,FCX",GOOGL,280,-1,SELL,0,HOLD,,NA,False,False,True,,,,,force_sell,high_pred_volatility
LSTM13y_All_BB,LSTM,BB,"GOOGL,AMZN,AAPL,PEP,JNJ,PFE,MRK,ABBV,PG,KO,WMT,JPM,BAC,GS,V,XOM,CVX,COP,BP,BA,MMM,HON,GE,T,VZ,TMUS,HSY,DUK,SO,EXC,AEP,AMT,PLD,SPG,BHP,RIO,VALE,FCX",GOOGL,46,1,BUY,0,HOLD,,NA,False,False,True,,,,,force_buy,strong_trend
LSTM13y_All_BB,LSTM,BB,"GOOGL,AMZN,AAPL,PEP,JNJ,PFE,MRK,ABBV,PG,KO,WMT,JPM,BAC,GS,V,XOM,CVX,COP,BP,BA,MMM,HON,GE,T,VZ,TMUS,HSY,DUK,SO,EXC,AEP,AMT,PLD,SPG,BHP,RIO,VALE,FCX",GOOGL,46,-1,SELL,0,HOLD,,NA,False,False,True,,,,,force_sell,strong_trend
LSTM13y_All_BB,LSTM,BB,"GOOGL,AMZN,AAPL,PEP,JNJ,PFE,MRK,ABBV,PG,KO,WMT,JPM,BAC,GS,V,XOM,CVX,COP,BP,BA,MMM,HON,GE,T,VZ,TMUS,HSY,DUK,SO,EXC,AEP,AMT,PLD,SPG,BHP,RIO,VALE,FCX",GOOGL,48,1,BUY,0,HOLD,,NA,False,False,True,,,,,force_buy,strong_trend
LSTM13y_All_BB,LSTM,BB,"GOOGL,AMZN,AAPL,PEP,JNJ,PFE,MRK,ABBV,PG,KO,WMT,JPM,BAC,GS,V,XOM,CVX,COP,BP,BA,MMM,HON,GE,T,VZ,TMUS,HSY,DUK,SO,EXC,AEP,AMT,PLD,SPG,BHP,RIO,VALE,FCX",GOOGL,48,-1,SELL,0,HOLD,,NA,False,False,True,,,,,force_sell,strong_trend
LSTM13y_All_BB,LSTM,BB,"GOOGL,AMZN,AAPL,PEP,JNJ,PFE,MRK,ABBV,PG,KO,WMT,JPM,BAC,GS,V,XOM,CVX,COP,BP,BA,MMM,HON,GE,T,VZ,TMUS,HSY,DUK,SO,EXC,AEP,AMT,PLD,SPG,BHP,RIO,VALE,FCX",GOOGL,49,1,BUY,0,HOLD,,NA,False,False,True,,,,,force_buy,strong_trend
LSTM13y_All_BB,LSTM,BB,"GOOGL,AMZN,AAPL,PEP,JNJ,PFE,MRK,ABBV,PG,KO,WMT,JPM,BAC,GS,V,XOM,CVX,COP,BP,BA,MMM,HON,GE,T,VZ,TMUS,HSY,DUK,SO,EXC,AEP,AMT,PLD,SPG,BHP,RIO,VALE,FCX",GOOGL,49,-1,SELL,0,HOLD,,NA,False,False,True,,,,,force_sell,strong_trend
LSTM13y_All_BB,LSTM,BB,"GOOGL,AMZN,AAPL,PEP,JNJ,PFE,MRK,ABBV,PG,KO,WMT,JPM,BAC,GS,V,XOM,CVX,COP,BP,BA,MMM,HON,GE,T,VZ,TMUS,HSY,DUK,SO,EXC,AEP,AMT,PLD,SPG,BHP,RIO,VALE,FCX",GOOGL,50,1,BUY,0,HOLD,,NA,False,False,True,,,,,force_buy,strong_trend
LSTM13y_All_BB,LSTM,BB,"GOOGL,AMZN,AAPL,PEP,JNJ,PFE,MRK,ABBV,PG,KO,WMT,JPM,BAC,GS,V,XOM,CVX,COP,BP,BA,MMM,HON,GE,T,VZ,TMUS,HSY,DUK,SO,EXC,AEP,AMT,PLD,SPG,BHP,RIO,VALE,FCX",GOOGL,50,-1,SELL,0,HOLD,,NA,False,False,True,,,,,force_sell,strong_trend
LSTM13y_All_BB,LSTM,BB,"GOOGL,AMZN,AAPL,PEP,JNJ,PFE,MRK,ABBV,PG,KO,WMT,JPM,BAC,GS,V,XOM,CVX,COP,BP,BA,MMM,HON,GE,T,VZ,TMUS,HSY,DUK,SO,EXC,AEP,AMT,PLD,SPG,BHP,RIO,VALE,FCX",GOOGL,51,1,BUY,0,HOLD,,NA,False,False,True,,,,,force_buy,strong_trend
LSTM13y_All_BB,LSTM,BB,"GOOGL,AMZN,AAPL,PEP,JNJ,PFE,MRK,ABBV,PG,KO,WMT,JPM,BAC,GS,V,XOM,CVX,COP,BP,BA,MMM,HON,GE,T,VZ,TMUS,HSY,DUK,SO,EXC,AEP,AMT,PLD,SPG,BHP,RIO,VALE,FCX",GOOGL,51,-1,SELL,0,HOLD,,NA,False,False,True,,,,,force_sell,strong_trend
LSTM13y_All_BB,LSTM,BB,"GOOGL,AMZN,AAPL,PEP,JNJ,PFE,MRK,ABBV,PG,KO,WMT,JPM,BAC,GS,V,XOM,CVX,COP,BP,BA,MMM,HON,GE,T,VZ,TMUS,HSY,DUK,SO,EXC,AEP,AMT,PLD,SPG,BHP,RIO,VALE,FCX",GOOGL,52,1,BUY,0,HOLD,,NA,False,False,True,,,,,force_buy,strong_trend
LSTM13y_All_BB,LSTM,BB,"GOOGL,AMZN,AAPL,PEP,JNJ,PFE,MRK,ABBV,PG,KO,WMT,JPM,BAC,GS,V,XOM,CVX,COP,BP,BA,MMM,HON,GE,T,VZ,TMUS,HSY,DUK,SO,EXC,AEP,AMT,PLD,SPG,BHP,RIO,VALE,FCX",GOOGL,52,-1,SELL,0,HOLD,,NA,False,False,True,,,,,force_sell,strong_trend
LSTM13y_All_BB,LSTM,BB,"GOOGL,AMZN,AAPL,PEP,JNJ,PFE,MRK,ABBV,PG,KO,WMT,JPM,BAC,GS,V,XOM,CVX,COP,BP,BA,MMM,HON,GE,T,VZ,TMUS,HSY,DUK,SO,EXC,AEP,AMT,PLD,SPG,BHP,RIO,VALE,FCX",GOOGL,53,1,BUY,0,HOLD,,NA,False,False,True,,,,,force_buy,strong_trend
LSTM13y_All_BB,LSTM,BB,"GOOGL,AMZN,AAPL,PEP,JNJ,PFE,MRK,ABBV,PG,KO,WMT,JPM,BAC,GS,V,XOM,CVX,COP,BP,BA,MMM,HON,GE,T,VZ,TMUS,HSY,DUK,SO,EXC,AEP,AMT,PLD,SPG,BHP,RIO,VALE,FCX",GOOGL,53,-1,SELL,0,HOLD,,NA,False,False,True,,,,,force_sell,strong_trend
LSTM13y_All_BB,LSTM,BB,"GOOGL,AMZN,AAPL,PEP,JNJ,PFE,MRK,ABBV,PG,KO,WMT,JPM,BAC,GS,V,XOM,CVX,COP,BP,BA,MMM,HON,GE,T,VZ,TMUS,HSY,DUK,SO,EXC,AEP,AMT,PLD,SPG,BHP,RIO,VALE,FCX",GOOGL,55,1,BUY,0,HOLD,,NA,False,False,True,,,,,force_buy,strong_trend
LSTM13y_All_BB,LSTM,BB,"GOOGL,AMZN,AAPL,PEP,JNJ,PFE,MRK,ABBV,PG,KO,WMT,JPM,BAC,GS,V,XOM,CVX,COP,BP,BA,MMM,HON,GE,T,VZ,TMUS,HSY,DUK,SO,EXC,AEP,AMT,PLD,SPG,BHP,RIO,VALE,FCX",GOOGL,55,-1,SELL,0,HOLD,,NA,False,False,True,,,,,force_sell,strong_trend
LSTM13y_All_BB,LSTM,BB,"GOOGL,AMZN,AAPL,PEP,JNJ,PFE,MRK,ABBV,PG,KO,WMT,JPM,BAC,GS,V,XOM,CVX,COP,BP,BA,MMM,HON,GE,T,VZ,TMUS,HSY,DUK,SO,EXC,AEP,AMT,PLD,SPG,BHP,RIO,VALE,FCX",GOOGL,80,1,BUY,0,HOLD,,NA,False,False,True,,,,,force_buy,strong_trend
LSTM13y_All_BB,LSTM,BB,"GOOGL,AMZN,AAPL,PEP,JNJ,PFE,MRK,ABBV,PG,KO,WMT,JPM,BAC,GS,V,XOM,CVX,COP,BP,BA,MMM,HON,GE,T,VZ,TMUS,HSY,DUK,SO,EXC,AEP,AMT,PLD,SPG,BHP,RIO,VALE,FCX",GOOGL,80,-1,SELL,0,HOLD,,NA,False,False,True,,,,,force_sell,strong_trend
LSTM13y_All_BB,LSTM,BB,"GOOGL,AMZN,AAPL,PEP,JNJ,PFE,MRK,ABBV,PG,KO,WMT,JPM,BAC,GS,V,XOM,CVX,COP,BP,BA,MMM,HON,GE,T,VZ,TMUS,HSY,DUK,SO,EXC,AEP,AMT,PLD,SPG,BHP,RIO,VALE,FCX",GOOGL,82,1,BUY,0,HOLD,,NA,False,False,True,,,,,force_buy,strong_trend
LSTM13y_All_BB,LSTM,BB,"GOOGL,AMZN,AAPL,PEP,JNJ,PFE,MRK,ABBV,PG,KO,WMT,JPM,BAC,GS,V,XOM,CVX,COP,BP,BA,MMM,HON,GE,T,VZ,TMUS,HSY,DUK,SO,EXC,AEP,AMT,PLD,SPG,BHP,RIO,VALE,FCX",GOOGL,82,-1,SELL,0,HOLD,,NA,False,False,True,,,,,force_sell,strong_trend
LSTM13y_All_BB,LSTM,BB,"GOOGL,AMZN,AAPL,PEP,JNJ,PFE,MRK,ABBV,PG,KO,WMT,JPM,BAC,GS,V,XOM,CVX,COP,BP,BA,MMM,HON,GE,T,VZ,TMUS,HSY,DUK,SO,EXC,AEP,AMT,PLD,SPG,BHP,RIO,VALE,FCX",GOOGL,279,1,BUY,1,BUY,1.0,BUY,True,True,True,0.0,0.0,0.0,0.0,force_buy,strong_trend
LSTM13y_All_BB,LSTM,BB,"GOOGL,AMZN,AAPL,PEP,JNJ,PFE,MRK,ABBV,PG,KO,WMT,JPM,BAC,GS,V,XOM,CVX,COP,BP,BA,MMM,HON,GE,T,VZ,TMUS,HSY,DUK,SO,EXC,AEP,AMT,PLD,SPG,BHP,RIO,VALE,FCX",GOOGL,279,-1,SELL,1,BUY,,NA,False,False,True,,,,,force_sell,strong_trend
LSTM13y_All_BB,LSTM,BB,"GOOGL,AMZN,AAPL,PEP,JNJ,PFE,MRK,ABBV,PG,KO,WMT,JPM,BAC,GS,V,XOM,CVX,COP,BP,BA,MMM,HON,GE,T,VZ,TMUS,HSY,DUK,SO,EXC,AEP,AMT,PLD,SPG,BHP,RIO,VALE,FCX",GOOGL,280,1,BUY,0,HOLD,,NA,False,False,True,,,,,force_buy,strong_trend
LSTM13y_All_BB,LSTM,BB,"GOOGL,AMZN,AAPL,PEP,JNJ,PFE,MRK,ABBV,PG,KO,WMT,JPM,BAC,GS,V,XOM,CVX,COP,BP,BA,MMM,HON,GE,T,VZ,TMUS,HSY,DUK,SO,EXC,AEP,AMT,PLD,SPG,BHP,RIO,VALE,FCX",GOOGL,280,-1,SELL,0,HOLD,,NA,False,False,True,,,,,force_sell,strong_trend
LSTM13y_All_BB,LSTM,BB,"GOOGL,AMZN,AAPL,PEP,JNJ,PFE,MRK,ABBV,PG,KO,WMT,JPM,BAC,GS,V,XOM,CVX,COP,BP,BA,MMM,HON,GE,T,VZ,TMUS,HSY,DUK,SO,EXC,AEP,AMT,PLD,SPG,BHP,RIO,VALE,FCX",GOOGL,32,1,BUY,0,HOLD,,NA,False,False,True,,,,,force_buy,weak_trend
LSTM13y_All_BB,LSTM,BB,"GOOGL,AMZN,AAPL,PEP,JNJ,PFE,MRK,ABBV,PG,KO,WMT,JPM,BAC,GS,V,XOM,CVX,COP,BP,BA,MMM,HON,GE,T,VZ,TMUS,HSY,DUK,SO,EXC,AEP,AMT,PLD,SPG,BHP,RIO,VALE,FCX",GOOGL,32,-1,SELL,0,HOLD,,NA,False,False,True,,,,,force_sell,weak_trend
LSTM13y_All_BB,LSTM,BB,"GOOGL,AMZN,AAPL,PEP,JNJ,PFE,MRK,ABBV,PG,KO,WMT,JPM,BAC,GS,V,XOM,CVX,COP,BP,BA,MMM,HON,GE,T,VZ,TMUS,HSY,DUK,SO,EXC,AEP,AMT,PLD,SPG,BHP,RIO,VALE,FCX",GOOGL,123,1,BUY,0,HOLD,,NA,False,False,True,,,,,force_buy,weak_trend
LSTM13y_All_BB,LSTM,BB,"GOOGL,AMZN,AAPL,PEP,JNJ,PFE,MRK,ABBV,PG,KO,WMT,JPM,BAC,GS,V,XOM,CVX,COP,BP,BA,MMM,HON,GE,T,VZ,TMUS,HSY,DUK,SO,EXC,AEP,AMT,PLD,SPG,BHP,RIO,VALE,FCX",GOOGL,123,-1,SELL,0,HOLD,,NA,False,False,True,,,,,force_sell,weak_trend
LSTM13y_All_BB,LSTM,BB,"GOOGL,AMZN,AAPL,PEP,JNJ,PFE,MRK,ABBV,PG,KO,WMT,JPM,BAC,GS,V,XOM,CVX,COP,BP,BA,MMM,HON,GE,T,VZ,TMUS,HSY,DUK,SO,EXC,AEP,AMT,PLD,SPG,BHP,RIO,VALE,FCX",GOOGL,153,1,BUY,0,HOLD,,NA,False,False,True,,,,,force_buy,weak_trend
LSTM13y_All_BB,LSTM,BB,"GOOGL,AMZN,AAPL,PEP,JNJ,PFE,MRK,ABBV,PG,KO,WMT,JPM,BAC,GS,V,XOM,CVX,COP,BP,BA,MMM,HON,GE,T,VZ,TMUS,HSY,DUK,SO,EXC,AEP,AMT,PLD,SPG,BHP,RIO,VALE,FCX",GOOGL,153,-1,SELL,0,HOLD,,NA,False,False,True,,,,,force_sell,weak_trend
LSTM13y_All_BB,LSTM,BB,"GOOGL,AMZN,AAPL,PEP,JNJ,PFE,MRK,ABBV,PG,KO,WMT,JPM,BAC,GS,V,XOM,CVX,COP,BP,BA,MMM,HON,GE,T,VZ,TMUS,HSY,DUK,SO,EXC,AEP,AMT,PLD,SPG,BHP,RIO,VALE,FCX",GOOGL,156,1,BUY,0,HOLD,,NA,False,False,True,,,,,force_buy,weak_trend
LSTM13y_All_BB,LSTM,BB,"GOOGL,AMZN,AAPL,PEP,JNJ,PFE,MRK,ABBV,PG,KO,WMT,JPM,BAC,GS,V,XOM,CVX,COP,BP,BA,MMM,HON,GE,T,VZ,TMUS,HSY,DUK,SO,EXC,AEP,AMT,PLD,SPG,BHP,RIO,VALE,FCX",GOOGL,156,-1,SELL,0,HOLD,,NA,False,False,True,,,,,force_sell,weak_trend
LSTM13y_All_BB,LSTM,BB,"GOOGL,AMZN,AAPL,PEP,JNJ,PFE,MRK,ABBV,PG,KO,WMT,JPM,BAC,GS,V,XOM,CVX,COP,BP,BA,MMM,HON,GE,T,VZ,TMUS,HSY,DUK,SO,EXC,AEP,AMT,PLD,SPG,BHP,RIO,VALE,FCX",GOOGL,173,1,BUY,0,HOLD,,NA,False,False,True,,,,,force_buy,weak_trend
LSTM13y_All_BB,LSTM,BB,"GOOGL,AMZN,AAPL,PEP,JNJ,PFE,MRK,ABBV,PG,KO,WMT,JPM,BAC,GS,V,XOM,CVX,COP,BP,BA,MMM,HON,GE,T,VZ,TMUS,HSY,DUK,SO,EXC,AEP,AMT,PLD,SPG,BHP,RIO,VALE,FCX",GOOGL,173,-1,SELL,0,HOLD,,NA,False,False,True,,,,,force_sell,weak_trend
LSTM13y_All_BB,LSTM,BB,"GOOGL,AMZN,AAPL,PEP,JNJ,PFE,MRK,ABBV,PG,KO,WMT,JPM,BAC,GS,V,XOM,CVX,COP,BP,BA,MMM,HON,GE,T,VZ,TMUS,HSY,DUK,SO,EXC,AEP,AMT,PLD,SPG,BHP,RIO,VALE,FCX",GOOGL,241,1,BUY,0,HOLD,,NA,False,False,True,,,,,force_buy,weak_trend
LSTM13y_All_BB,LSTM,BB,"GOOGL,AMZN,AAPL,PEP,JNJ,PFE,MRK,ABBV,PG,KO,WMT,JPM,BAC,GS,V,XOM,CVX,COP,BP,BA,MMM,HON,GE,T,VZ,TMUS,HSY,DUK,SO,EXC,AEP,AMT,PLD,SPG,BHP,RIO,VALE,FCX",GOOGL,241,-1,SELL,0,HOLD,,NA,False,False,True,,,,,force_sell,weak_trend
LSTM13y_All_BB,LSTM,BB,"GOOGL,AMZN,AAPL,PEP,JNJ,PFE,MRK,ABBV,PG,KO,WMT,JPM,BAC,GS,V,XOM,CVX,COP,BP,BA,MMM,HON,GE,T,VZ,TMUS,HSY,DUK,SO,EXC,AEP,AMT,PLD,SPG,BHP,RIO,VALE,FCX",GOOGL,243,1,BUY,0,HOLD,,NA,False,False,True,,,,,force_buy,weak_trend
LSTM13y_All_BB,LSTM,BB,"GOOGL,AMZN,AAPL,PEP,JNJ,PFE,MRK,ABBV,PG,KO,WMT,JPM,BAC,GS,V,XOM,CVX,COP,BP,BA,MMM,HON,GE,T,VZ,TMUS,HSY,DUK,SO,EXC,AEP,AMT,PLD,SPG,BHP,RIO,VALE,FCX",GOOGL,243,-1,SELL,0,HOLD,,NA,False,False,True,,,,,force_sell,weak_trend
LSTM13y_All_BB,LSTM,BB,"GOOGL,AMZN,AAPL,PEP,JNJ,PFE,MRK,ABBV,PG,KO,WMT,JPM,BAC,GS,V,XOM,CVX,COP,BP,BA,MMM,HON,GE,T,VZ,TMUS,HSY,DUK,SO,EXC,AEP,AMT,PLD,SPG,BHP,RIO,VALE,FCX",GOOGL,308,1,BUY,0,HOLD,,NA,False,False,True,,,,,force_buy,weak_trend
LSTM13y_All_BB,LSTM,BB,"GOOGL,AMZN,AAPL,PEP,JNJ,PFE,MRK,ABBV,PG,KO,WMT,JPM,BAC,GS,V,XOM,CVX,COP,BP,BA,MMM,HON,GE,T,VZ,TMUS,HSY,DUK,SO,EXC,AEP,AMT,PLD,SPG,BHP,RIO,VALE,FCX",GOOGL,308,-1,SELL,0,HOLD,,NA,False,False,True,,,,,force_sell,weak_trend
LSTM13y_All_BB,LSTM,BB,"GOOGL,AMZN,AAPL,PEP,JNJ,PFE,MRK,ABBV,PG,KO,WMT,JPM,BAC,GS,V,XOM,CVX,COP,BP,BA,MMM,HON,GE,T,VZ,TMUS,HSY,DUK,SO,EXC,AEP,AMT,PLD,SPG,BHP,RIO,VALE,FCX",GOOGL,342,1,BUY,0,HOLD,,NA,False,False,True,,,,,force_buy,weak_trend
LSTM13y_All_BB,LSTM,BB,"GOOGL,AMZN,AAPL,PEP,JNJ,PFE,MRK,ABBV,PG,KO,WMT,JPM,BAC,GS,V,XOM,CVX,COP,BP,BA,MMM,HON,GE,T,VZ,TMUS,HSY,DUK,SO,EXC,AEP,AMT,PLD,SPG,BHP,RIO,VALE,FCX",GOOGL,342,-1,SELL,0,HOLD,,NA,False,False,True,,,,,force_sell,weak_trend
LSTM13y_All_BB,LSTM,BB,"GOOGL,AMZN,AAPL,PEP,JNJ,PFE,MRK,ABBV,PG,KO,WMT,JPM,BAC,GS,V,XOM,CVX,COP,BP,BA,MMM,HON,GE,T,VZ,TMUS,HSY,DUK,SO,EXC,AEP,AMT,PLD,SPG,BHP,RIO,VALE,FCX",GOOGL,343,1,BUY,0,HOLD,,NA,False,False,True,,,,,force_buy,weak_trend
LSTM13y_All_BB,LSTM,BB,"GOOGL,AMZN,AAPL,PEP,JNJ,PFE,MRK,ABBV,PG,KO,WMT,JPM,BAC,GS,V,XOM,CVX,COP,BP,BA,MMM,HON,GE,T,VZ,TMUS,HSY,DUK,SO,EXC,AEP,AMT,PLD,SPG,BHP,RIO,VALE,FCX",GOOGL,343,-1,SELL,0,HOLD,,NA,False,False,True,,,,,force_sell,weak_trend
LSTM13y_All_BB,LSTM,BB,"GOOGL,AMZN,AAPL,PEP,JNJ,PFE,MRK,ABBV,PG,KO,WMT,JPM,BAC,GS,V,XOM,CVX,COP,BP,BA,MMM,HON,GE,T,VZ,TMUS,HSY,DUK,SO,EXC,AEP,AMT,PLD,SPG,BHP,RIO,VALE,FCX",GOOGL,352,1,BUY,0,HOLD,,NA,False,False,True,,,,,force_buy,weak_trend
LSTM13y_All_BB,LSTM,BB,"GOOGL,AMZN,AAPL,PEP,JNJ,PFE,MRK,ABBV,PG,KO,WMT,JPM,BAC,GS,V,XOM,CVX,COP,BP,BA,MMM,HON,GE,T,VZ,TMUS,HSY,DUK,SO,EXC,AEP,AMT,PLD,SPG,BHP,RIO,VALE,FCX",GOOGL,352,-1,SELL,0,HOLD,,NA,False,False,True,,,,,force_sell,weak_trend
LSTM13y_All_BB,LSTM,BB,"GOOGL,AMZN,AAPL,PEP,JNJ,PFE,MRK,ABBV,PG,KO,WMT,JPM,BAC,GS,V,XOM,CVX,COP,BP,BA,MMM,HON,GE,T,VZ,TMUS,HSY,DUK,SO,EXC,AEP,AMT,PLD,SPG,BHP,RIO,VALE,FCX",GOOGL,477,1,BUY,1,BUY,1.0,BUY,True,True,True,0.0,0.0,0.0,0.0,force_buy,weak_trend
LSTM13y_All_BB,LSTM,BB,"GOOGL,AMZN,AAPL,PEP,JNJ,PFE,MRK,ABBV,PG,KO,WMT,JPM,BAC,GS,V,XOM,CVX,COP,BP,BA,MMM,HON,GE,T,VZ,TMUS,HSY,DUK,SO,EXC,AEP,AMT,PLD,SPG,BHP,RIO,VALE,FCX",GOOGL,477,-1,SELL,1,BUY,,NA,False,False,True,,,,,force_sell,weak_trend
LSTM13y_All_BB,LSTM,BB,"GOOGL,AMZN,AAPL,PEP,JNJ,PFE,MRK,ABBV,PG,KO,WMT,JPM,BAC,GS,V,XOM,CVX,COP,BP,BA,MMM,HON,GE,T,VZ,TMUS,HSY,DUK,SO,EXC,AEP,AMT,PLD,SPG,BHP,RIO,VALE,FCX",GOOGL,34,1,BUY,0,HOLD,,NA,False,False,True,,,,,force_buy,near_strategy_boundary
LSTM13y_All_BB,LSTM,BB,"GOOGL,AMZN,AAPL,PEP,JNJ,PFE,MRK,ABBV,PG,KO,WMT,JPM,BAC,GS,V,XOM,CVX,COP,BP,BA,MMM,HON,GE,T,VZ,TMUS,HSY,DUK,SO,EXC,AEP,AMT,PLD,SPG,BHP,RIO,VALE,FCX",GOOGL,34,-1,SELL,0,HOLD,,NA,False,False,True,,,,,force_sell,near_strategy_boundary
LSTM13y_All_BB,LSTM,BB,"GOOGL,AMZN,AAPL,PEP,JNJ,PFE,MRK,ABBV,PG,KO,WMT,JPM,BAC,GS,V,XOM,CVX,COP,BP,BA,MMM,HON,GE,T,VZ,TMUS,HSY,DUK,SO,EXC,AEP,AMT,PLD,SPG,BHP,RIO,VALE,FCX",GOOGL,49,1,BUY,0,HOLD,,NA,False,False,True,,,,,force_buy,near_strategy_boundary
LSTM13y_All_BB,LSTM,BB,"GOOGL,AMZN,AAPL,PEP,JNJ,PFE,MRK,ABBV,PG,KO,WMT,JPM,BAC,GS,V,XOM,CVX,COP,BP,BA,MMM,HON,GE,T,VZ,TMUS,HSY,DUK,SO,EXC,AEP,AMT,PLD,SPG,BHP,RIO,VALE,FCX",GOOGL,49,-1,SELL,0,HOLD,,NA,False,False,True,,,,,force_sell,near_strategy_boundary
LSTM13y_All_BB,LSTM,BB,"GOOGL,AMZN,AAPL,PEP,JNJ,PFE,MRK,ABBV,PG,KO,WMT,JPM,BAC,GS,V,XOM,CVX,COP,BP,BA,MMM,HON,GE,T,VZ,TMUS,HSY,DUK,SO,EXC,AEP,AMT,PLD,SPG,BHP,RIO,VALE,FCX",GOOGL,126,1,BUY,0,HOLD,,NA,False,False,True,,,,,force_buy,near_strategy_boundary
LSTM13y_All_BB,LSTM,BB,"GOOGL,AMZN,AAPL,PEP,JNJ,PFE,MRK,ABBV,PG,KO,WMT,JPM,BAC,GS,V,XOM,CVX,COP,BP,BA,MMM,HON,GE,T,VZ,TMUS,HSY,DUK,SO,EXC,AEP,AMT,PLD,SPG,BHP,RIO,VALE,FCX",GOOGL,126,-1,SELL,0,HOLD,,NA,False,False,True,,,,,force_sell,near_strategy_boundary
LSTM13y_All_BB,LSTM,BB,"GOOGL,AMZN,AAPL,PEP,JNJ,PFE,MRK,ABBV,PG,KO,WMT,JPM,BAC,GS,V,XOM,CVX,COP,BP,BA,MMM,HON,GE,T,VZ,TMUS,HSY,DUK,SO,EXC,AEP,AMT,PLD,SPG,BHP,RIO,VALE,FCX",GOOGL,145,1,BUY,0,HOLD,,NA,False,False,True,,,,,force_buy,near_strategy_boundary
LSTM13y_All_BB,LSTM,BB,"GOOGL,AMZN,AAPL,PEP,JNJ,PFE,MRK,ABBV,PG,KO,WMT,JPM,BAC,GS,V,XOM,CVX,COP,BP,BA,MMM,HON,GE,T,VZ,TMUS,HSY,DUK,SO,EXC,AEP,AMT,PLD,SPG,BHP,RIO,VALE,FCX",GOOGL,145,-1,SELL,0,HOLD,,NA,False,False,True,,,,,force_sell,near_strategy_boundary
LSTM13y_All_BB,LSTM,BB,"GOOGL,AMZN,AAPL,PEP,JNJ,PFE,MRK,ABBV,PG,KO,WMT,JPM,BAC,GS,V,XOM,CVX,COP,BP,BA,MMM,HON,GE,T,VZ,TMUS,HSY,DUK,SO,EXC,AEP,AMT,PLD,SPG,BHP,RIO,VALE,FCX",GOOGL,159,1,BUY,0,HOLD,,NA,False,False,True,,,,,force_buy,near_strategy_boundary
LSTM13y_All_BB,LSTM,BB,"GOOGL,AMZN,AAPL,PEP,JNJ,PFE,MRK,ABBV,PG,KO,WMT,JPM,BAC,GS,V,XOM,CVX,COP,BP,BA,MMM,HON,GE,T,VZ,TMUS,HSY,DUK,SO,EXC,AEP,AMT,PLD,SPG,BHP,RIO,VALE,FCX",GOOGL,159,-1,SELL,0,HOLD,,NA,False,False,True,,,,,force_sell,near_strategy_boundary
LSTM13y_All_BB,LSTM,BB,"GOOGL,AMZN,AAPL,PEP,JNJ,PFE,MRK,ABBV,PG,KO,WMT,JPM,BAC,GS,V,XOM,CVX,COP,BP,BA,MMM,HON,GE,T,VZ,TMUS,HSY,DUK,SO,EXC,AEP,AMT,PLD,SPG,BHP,RIO,VALE,FCX",GOOGL,204,1,BUY,0,HOLD,,NA,False,False,True,,,,,force_buy,near_strategy_boundary
LSTM13y_All_BB,LSTM,BB,"GOOGL,AMZN,AAPL,PEP,JNJ,PFE,MRK,ABBV,PG,KO,WMT,JPM,BAC,GS,V,XOM,CVX,COP,BP,BA,MMM,HON,GE,T,VZ,TMUS,HSY,DUK,SO,EXC,AEP,AMT,PLD,SPG,BHP,RIO,VALE,FCX",GOOGL,204,-1,SELL,0,HOLD,,NA,False,False,True,,,,,force_sell,near_strategy_boundary
LSTM13y_All_BB,LSTM,BB,"GOOGL,AMZN,AAPL,PEP,JNJ,PFE,MRK,ABBV,PG,KO,WMT,JPM,BAC,GS,V,XOM,CVX,COP,BP,BA,MMM,HON,GE,T,VZ,TMUS,HSY,DUK,SO,EXC,AEP,AMT,PLD,SPG,BHP,RIO,VALE,FCX",GOOGL,232,1,BUY,0,HOLD,,NA,False,False,True,,,,,force_buy,near_strategy_boundary
LSTM13y_All_BB,LSTM,BB,"GOOGL,AMZN,AAPL,PEP,JNJ,PFE,MRK,ABBV,PG,KO,WMT,JPM,BAC,GS,V,XOM,CVX,COP,BP,BA,MMM,HON,GE,T,VZ,TMUS,HSY,DUK,SO,EXC,AEP,AMT,PLD,SPG,BHP,RIO,VALE,FCX",GOOGL,232,-1,SELL,0,HOLD,,NA,False,False,True,,,,,force_sell,near_strategy_boundary
LSTM13y_All_BB,LSTM,BB,"GOOGL,AMZN,AAPL,PEP,JNJ,PFE,MRK,ABBV,PG,KO,WMT,JPM,BAC,GS,V,XOM,CVX,COP,BP,BA,MMM,HON,GE,T,VZ,TMUS,HSY,DUK,SO,EXC,AEP,AMT,PLD,SPG,BHP,RIO,VALE,FCX",GOOGL,256,1,BUY,0,HOLD,,NA,False,False,True,,,,,force_buy,near_strategy_boundary
LSTM13y_All_BB,LSTM,BB,"GOOGL,AMZN,AAPL,PEP,JNJ,PFE,MRK,ABBV,PG,KO,WMT,JPM,BAC,GS,V,XOM,CVX,COP,BP,BA,MMM,HON,GE,T,VZ,TMUS,HSY,DUK,SO,EXC,AEP,AMT,PLD,SPG,BHP,RIO,VALE,FCX",GOOGL,256,-1,SELL,0,HOLD,,NA,False,False,True,,,,,force_sell,near_strategy_boundary
LSTM13y_All_BB,LSTM,BB,"GOOGL,AMZN,AAPL,PEP,JNJ,PFE,MRK,ABBV,PG,KO,WMT,JPM,BAC,GS,V,XOM,CVX,COP,BP,BA,MMM,HON,GE,T,VZ,TMUS,HSY,DUK,SO,EXC,AEP,AMT,PLD,SPG,BHP,RIO,VALE,FCX",GOOGL,412,1,BUY,1,BUY,1.0,BUY,True,True,True,0.0,0.0,0.0,0.0,force_buy,near_strategy_boundary
LSTM13y_All_BB,LSTM,BB,"GOOGL,AMZN,AAPL,PEP,JNJ,PFE,MRK,ABBV,PG,KO,WMT,JPM,BAC,GS,V,XOM,CVX,COP,BP,BA,MMM,HON,GE,T,VZ,TMUS,HSY,DUK,SO,EXC,AEP,AMT,PLD,SPG,BHP,RIO,VALE,FCX",GOOGL,412,-1,SELL,1,BUY,,NA,False,False,True,,,,,force_sell,near_strategy_boundary
LSTM13y_All_BB,LSTM,BB,"GOOGL,AMZN,AAPL,PEP,JNJ,PFE,MRK,ABBV,PG,KO,WMT,JPM,BAC,GS,V,XOM,CVX,COP,BP,BA,MMM,HON,GE,T,VZ,TMUS,HSY,DUK,SO,EXC,AEP,AMT,PLD,SPG,BHP,RIO,VALE,FCX",GOOGL,414,1,BUY,1,BUY,1.0,BUY,True,True,True,0.0,0.0,0.0,0.0,force_buy,near_strategy_boundary
LSTM13y_All_BB,LSTM,BB,"GOOGL,AMZN,AAPL,PEP,JNJ,PFE,MRK,ABBV,PG,KO,WMT,JPM,BAC,GS,V,XOM,CVX,COP,BP,BA,MMM,HON,GE,T,VZ,TMUS,HSY,DUK,SO,EXC,AEP,AMT,PLD,SPG,BHP,RIO,VALE,FCX",GOOGL,414,-1,SELL,1,BUY,,NA,False,False,True,,,,,force_sell,near_strategy_boundary
LSTM13y_All_BB,LSTM,BB,"GOOGL,AMZN,AAPL,PEP,JNJ,PFE,MRK,ABBV,PG,KO,WMT,JPM,BAC,GS,V,XOM,CVX,COP,BP,BA,MMM,HON,GE,T,VZ,TMUS,HSY,DUK,SO,EXC,AEP,AMT,PLD,SPG,BHP,RIO,VALE,FCX",GOOGL,439,1,BUY,0,HOLD,,NA,False,False,True,,,,,force_buy,near_strategy_boundary
LSTM13y_All_BB,LSTM,BB,"GOOGL,AMZN,AAPL,PEP,JNJ,PFE,MRK,ABBV,PG,KO,WMT,JPM,BAC,GS,V,XOM,CVX,COP,BP,BA,MMM,HON,GE,T,VZ,TMUS,HSY,DUK,SO,EXC,AEP,AMT,PLD,SPG,BHP,RIO,VALE,FCX",GOOGL,439,-1,SELL,0,HOLD,,NA,False,False,True,,,,,force_sell,near_strategy_boundary
LSTM13y_All_BB,LSTM,BB,"GOOGL,AMZN,AAPL,PEP,JNJ,PFE,MRK,ABBV,PG,KO,WMT,JPM,BAC,GS,V,XOM,CVX,COP,BP,BA,MMM,HON,GE,T,VZ,TMUS,HSY,DUK,SO,EXC,AEP,AMT,PLD,SPG,BHP,RIO,VALE,FCX",GOOGL,458,1,BUY,1,BUY,1.0,BUY,True,True,True,0.0,0.0,0.0,0.0,force_buy,near_strategy_boundary
LSTM13y_All_BB,LSTM,BB,"GOOGL,AMZN,AAPL,PEP,JNJ,PFE,MRK,ABBV,PG,KO,WMT,JPM,BAC,GS,V,XOM,CVX,COP,BP,BA,MMM,HON,GE,T,VZ,TMUS,HSY,DUK,SO,EXC,AEP,AMT,PLD,SPG,BHP,RIO,VALE,FCX",GOOGL,458,-1,SELL,1,BUY,,NA,False,False,True,,,,,force_sell,near_strategy_boundary
